id,batchID,batchIDLastChangedAt,gameID,gameIDLastChangedAt,playerID,playerIDLastChangedAt,roundID,roundIDLastChangedAt
01JGQ06RC8EB1R70FVTC0V0A59,01JGPZ7DS26HBF8BHY8DZZHA96,2025-01-03T21:12:41.096045979Z,01JGPZ7DST3QHP58DW1G013V4K,2025-01-03T21:12:41.096045979Z,01JGPZX7DGN1X2T8FHQDTEA9ZN,2025-01-03T21:12:41.096045979Z,01JGQ04X85NJHFV34CN37KHAS9,2025-01-03T21:12:41.096045979Z
01JGQ0B3SSX95F3DHS16TD2FMJ,01JGQ02DY4Q8SKCPFS9SM3QK03,2025-01-03T21:15:03.865418846Z,01JGQ02DYKMTB890CVSBZ0JJ03,2025-01-03T21:15:03.865418846Z,01JGPZW8Z1TJ5HFSP3CC8MPYZH,2025-01-03T21:15:03.865418846Z,01JGQ0B3CEA9EPCX857GJFM3MZ,2025-01-03T21:15:03.865418846Z
01JGQ0FDJPM8XPBGVHY44ZD2F1,01JGQ02DY4Q8SKCPFS9SM3QK03,2025-01-03T21:17:24.950920037Z,01JGQ02DYKMTB890CVSBZ0JJ03,2025-01-03T21:17:24.950920037Z,01JGPZW8Z1TJ5HFSP3CC8MPYZH,2025-01-03T21:17:24.950920037Z,01JGQ0B3DE2D00V1FXNVWKDBR7,2025-01-03T21:17:24.950920037Z
01JGQ0TRXK0ESRK2K9H1NECRXY,01JGQ09HBX8MC4DGNHX3FZ8EDY,2025-01-03T21:23:37.011424194Z,01JGQ09HCAQGMY5WGVV276K2K7,2025-01-03T21:23:37.011424194Z,01JGQ0F4ER5V0NKZCQBD51KAXF,2025-01-03T21:23:37.011424194Z,01JGQ0Q558KT28R6KVPSTKTBKD,2025-01-03T21:23:37.011424194Z
01JGQ0XGQCKYZ915YZAMX2QFFZ,01JGQ09HBX8MC4DGNHX3FZ8EDY,2025-01-03T21:25:06.924821093Z,01JGQ09HCAQGMY5WGVV276K2K7,2025-01-03T21:25:06.924821093Z,01JGQ0F4ER5V0NKZCQBD51KAXF,2025-01-03T21:25:06.924821093Z,01JGQ0Q55HHN8FSWP53GMPVKD9,2025-01-03T21:25:06.924821093Z
01JGQ2340JY6WBXN5W8CETV28Y,01JGQ1F3BN8EC002R2C6SDZHA8,2025-01-03T21:45:39.09078175Z,01JGQ1F3C4DVPQMKEVJM2J69Y3,2025-01-03T21:45:39.09078175Z,01JGQ1JNN4QJ8XEMDXHPYNSQFZ,2025-01-03T21:45:39.09078175Z,01JGQ1YW2RRRHHV3MAGH6SHQH9,2025-01-03T21:45:39.09078175Z
01JGQ0S08EK6Z9ATPHNVN9QPCJ,01JGQ09HBX8MC4DGNHX3FZ8EDY,2025-01-03T21:22:38.990801427Z,01JGQ09HCAQGMY5WGVV276K2K7,2025-01-03T21:22:38.990801427Z,01JGQ0F4ER5V0NKZCQBD51KAXF,2025-01-03T21:22:38.990801427Z,01JGQ0Q55N5G6QG7RWVFFRV5X2,2025-01-03T21:22:38.990801427Z
01JGQ0ZH2FQFXS3GPDC3G1HJPT,01JGQ0C849F94EV3HQD9RE40JS,2025-01-03T21:26:12.815440322Z,01JGQ0C84J0QJJZJ4NFSFVRA5T,2025-01-03T21:26:12.815440322Z,01JGQ0EAQCPREAHEEHRAKRV7WB,2025-01-03T21:26:12.815440322Z,01JGQ0X95KJJ17QR7XPETRDYWE,2025-01-03T21:26:12.815440322Z
01JGQ1YWCRDDA30X99GP1CNGY3,01JGQ1F3BN8EC002R2C6SDZHA8,2025-01-03T21:43:20.216213587Z,01JGQ1F3C4DVPQMKEVJM2J69Y3,2025-01-03T21:43:20.216213587Z,01JGQ1GG06K6M53PBNF0BQG7HW,2025-01-03T21:43:20.216213587Z,01JGQ1YW22CC7CH4RRQPN6FTE9,2025-01-03T21:43:20.216213587Z
01JGQ0Q5EPTTM4VQRZH8DKV2NS,01JGQ09HBX8MC4DGNHX3FZ8EDY,2025-01-03T21:21:38.774471405Z,01JGQ09HCAQGMY5WGVV276K2K7,2025-01-03T21:21:38.774471405Z,01JGPZXD6JBA8GN43DTG1XJEMW,2025-01-03T21:21:38.774471405Z,01JGQ0Q5553HHE1ZB41E7093YF,2025-01-03T21:21:38.774471405Z
01JGQ0YD6F4CKA5R067YBPNRTW,01JGQ09HBX8MC4DGNHX3FZ8EDY,2025-01-03T21:25:36.079069509Z,01JGQ09HCAQGMY5WGVV276K2K7,2025-01-03T21:25:36.079069509Z,01JGPZE8KQCCXZMCJ3YT3TTZKX,2025-01-03T21:25:36.079069509Z,01JGQ0Q55KFW14FH0FMB3XJWYH,2025-01-03T21:25:36.079069509Z
01JGQ0YWE8XQCR0KVEG2GX2E1M,01JGQ0C849F94EV3HQD9RE40JS,2025-01-03T21:25:51.688426751Z,01JGQ0C84J0QJJZJ4NFSFVRA5T,2025-01-03T21:25:51.688426751Z,01JGQ0EAQCPREAHEEHRAKRV7WB,2025-01-03T21:25:51.688426751Z,01JGQ0X95Q15GZQNNAAAVFJ3JS,2025-01-03T21:25:51.688426751Z
01JGQ12A2SC200XKVXTD7KS9AS,01JGQ0C849F94EV3HQD9RE40JS,2025-01-03T21:27:43.96110685Z,01JGQ0C84J0QJJZJ4NFSFVRA5T,2025-01-03T21:27:43.96110685Z,01JGQ0F2Q1BGAXWC42W1W362R7,2025-01-03T21:27:43.96110685Z,01JGQ0X95VF9EE55RX4M9J24AZ,2025-01-03T21:27:43.96110685Z
01JGQ0GPKZ6RGGS6AVKT8S2RNV,01JGQ02DY4Q8SKCPFS9SM3QK03,2025-01-03T21:18:06.975095727Z,01JGQ02DYKMTB890CVSBZ0JJ03,2025-01-03T21:18:06.975095727Z,01JGPZW8Z1TJ5HFSP3CC8MPYZH,2025-01-03T21:18:06.975095727Z,01JGQ0B3DA57XQNGXEYCK06HKN,2025-01-03T21:18:06.975095727Z
01JGQ0TRXCTJEZK3JHHA486HQA,01JGQ09HBX8MC4DGNHX3FZ8EDY,2025-01-03T21:23:37.004528977Z,01JGQ09HCAQGMY5WGVV276K2K7,2025-01-03T21:23:37.004528977Z,01JGQ0EBMFN660NY6ZXA41ZS43,2025-01-03T21:23:37.004528977Z,01JGQ0Q558KT28R6KVPSTKTBKD,2025-01-03T21:23:37.004528977Z
01JGQ1704643VV2ZQQ4NT0QNME,01JGQ0C7ETEFBZD4VJK84VZHCX,2025-01-03T21:30:17.606605972Z,01JGQ0C7F7RS6KD043DRQ14HW4,2025-01-03T21:30:17.606605972Z,01JGQ0E65PV4KS9CA6CGT3DF26,2025-01-03T21:30:17.606605972Z,01JGQ12QTZ8RA7AHB8SET5390F,2025-01-03T21:30:17.606605972Z
01JGQ1889JGVDG8QSN35TEWW4V,01JGQ0C7ETEFBZD4VJK84VZHCX,2025-01-03T21:30:58.73898134Z,01JGQ0C7F7RS6KD043DRQ14HW4,2025-01-03T21:30:58.73898134Z,01JGQ0E65PV4KS9CA6CGT3DF26,2025-01-03T21:30:58.73898134Z,01JGQ12QVBVKFV22PP9BKJKTA3,2025-01-03T21:30:58.73898134Z
01JGQ1YWCZ9WY3FWMWS1VE8PZK,01JGQ1F3BN8EC002R2C6SDZHA8,2025-01-03T21:43:20.223557656Z,01JGQ1F3C4DVPQMKEVJM2J69Y3,2025-01-03T21:43:20.223557656Z,01JGQ1JNN4QJ8XEMDXHPYNSQFZ,2025-01-03T21:43:20.223557656Z,01JGQ1YW22CC7CH4RRQPN6FTE9,2025-01-03T21:43:20.223557656Z
01JGQ09GMH5KBMBVEDE6RCG861,01JGPZ7DS26HBF8BHY8DZZHA96,2025-01-03T21:14:11.473143069Z,01JGPZ7DST3QHP58DW1G013V4K,2025-01-03T21:14:11.473143069Z,01JGPZX7DGN1X2T8FHQDTEA9ZN,2025-01-03T21:14:11.473143069Z,01JGQ04X8S6DPYE9QCR43KZX51,2025-01-03T21:14:11.473143069Z
01JGQ0B3T976VS3PYBC77TE6ZB,01JGQ02DY4Q8SKCPFS9SM3QK03,2025-01-03T21:15:03.881394967Z,01JGQ02DYKMTB890CVSBZ0JJ03,2025-01-03T21:15:03.881394967Z,01JGPZY6M1PKJ57S5YVKHXAYHS,2025-01-03T21:15:03.881394967Z,01JGQ0B3CEA9EPCX857GJFM3MZ,2025-01-03T21:15:03.881394967Z
01JGQ0C8TTA01QAYF2701F32B7,01JGPZ7DS26HBF8BHY8DZZHA96,2025-01-03T21:15:41.786768103Z,01JGPZ7DST3QHP58DW1G013V4K,2025-01-03T21:15:41.786768103Z,01JGPZX7DGN1X2T8FHQDTEA9ZN,2025-01-03T21:15:41.786768103Z,01JGQ04X8PF0AECJ9K9V6BH359,2025-01-03T21:15:41.786768103Z
01JGQ11VSDR0JKZ7KVW52Q0BEE,01JGQ0C849F94EV3HQD9RE40JS,2025-01-03T21:27:29.32526531Z,01JGQ0C84J0QJJZJ4NFSFVRA5T,2025-01-03T21:27:29.32526531Z,01JGQ0K1WF2HT2V04RZKFR203P,2025-01-03T21:27:29.32526531Z,01JGQ0X95GD32YNB7VFN5C9K62,2025-01-03T21:27:29.32526531Z
01JGQ14JVFBD17QKFWS122MYX1,01JGQ0C7ETEFBZD4VJK84VZHCX,2025-01-03T21:28:58.479484691Z,01JGQ0C7F7RS6KD043DRQ14HW4,2025-01-03T21:28:58.479484691Z,01JGQ0GCQT83E3WEE7375T4F10,2025-01-03T21:28:58.479484691Z,01JGQ12QTXV8QTKCC0RWM6JNYQ,2025-01-03T21:28:58.479484691Z
01JGQ188A4VYEJ4S08TAJMEPA7,01JGQ0C7ETEFBZD4VJK84VZHCX,2025-01-03T21:30:58.756319873Z,01JGQ0C7F7RS6KD043DRQ14HW4,2025-01-03T21:30:58.756319873Z,01JGQ0GCQT83E3WEE7375T4F10,2025-01-03T21:30:58.756319873Z,01JGQ12QVBVKFV22PP9BKJKTA3,2025-01-03T21:30:58.756319873Z
01JGQ2341542QWWJGK60PW6SJC,01JGQ1F3BN8EC002R2C6SDZHA8,2025-01-03T21:45:39.109870227Z,01JGQ1F3C4DVPQMKEVJM2J69Y3,2025-01-03T21:45:39.109870227Z,01JGQ1QB1H3AAC0DG4MA5F3MQB,2025-01-03T21:45:39.109870227Z,01JGQ1YW2RRRHHV3MAGH6SHQH9,2025-01-03T21:45:39.109870227Z
01JGQ09GMCZ5NK8E77Y1XJTCDY,01JGPZ7DS26HBF8BHY8DZZHA96,2025-01-03T21:14:11.468816463Z,01JGPZ7DST3QHP58DW1G013V4K,2025-01-03T21:14:11.468816463Z,01JGPZWDB906WGPE716Q82VST1,2025-01-03T21:14:11.468816463Z,01JGQ04X8S6DPYE9QCR43KZX51,2025-01-03T21:14:11.468816463Z
01JGQ0C8TP4MNK3YXMDCJ8EF8S,01JGPZ7DS26HBF8BHY8DZZHA96,2025-01-03T21:15:41.782279044Z,01JGPZ7DST3QHP58DW1G013V4K,2025-01-03T21:15:41.782279044Z,01JGPZWDB906WGPE716Q82VST1,2025-01-03T21:15:41.782279044Z,01JGQ04X8PF0AECJ9K9V6BH359,2025-01-03T21:15:41.782279044Z
01JGQ0Q5EGGDZ6AC8K14VE7BBM,01JGQ09HBX8MC4DGNHX3FZ8EDY,2025-01-03T21:21:38.768096635Z,01JGQ09HCAQGMY5WGVV276K2K7,2025-01-03T21:21:38.768096635Z,01JGPZE8KQCCXZMCJ3YT3TTZKX,2025-01-03T21:21:38.768096635Z,01JGQ0Q5553HHE1ZB41E7093YF,2025-01-03T21:21:38.768096635Z
01JGQ0YD733BCMBG8ZE62TGKAT,01JGQ09HBX8MC4DGNHX3FZ8EDY,2025-01-03T21:25:36.099115269Z,01JGQ09HCAQGMY5WGVV276K2K7,2025-01-03T21:25:36.099115269Z,01JGQ0F4ER5V0NKZCQBD51KAXF,2025-01-03T21:25:36.099115269Z,01JGQ0Q55KFW14FH0FMB3XJWYH,2025-01-03T21:25:36.099115269Z
01JGQ109VGGZP9A7MK3H7KT28R,01JGQ0C849F94EV3HQD9RE40JS,2025-01-03T21:26:38.192866097Z,01JGQ0C84J0QJJZJ4NFSFVRA5T,2025-01-03T21:26:38.192866097Z,01JGQ0EAQCPREAHEEHRAKRV7WB,2025-01-03T21:26:38.192866097Z,01JGQ0X95MR639AGYNAC5F7X2T,2025-01-03T21:26:38.192866097Z
01JGQ11D1WVPYQ3KWN5YAFQ2V7,01JGQ0C849F94EV3HQD9RE40JS,2025-01-03T21:27:14.23677697Z,01JGQ0C84J0QJJZJ4NFSFVRA5T,2025-01-03T21:27:14.23677697Z,01JGQ0K1WF2HT2V04RZKFR203P,2025-01-03T21:27:14.23677697Z,01JGQ0X95F207YNDH053RGNWSG,2025-01-03T21:27:14.23677697Z
01JGQ23Q9NH7FC6AZAYBETBV5R,01JGQ1F3BN8EC002R2C6SDZHA8,2025-01-03T21:45:58.837208394Z,01JGQ1F3C4DVPQMKEVJM2J69Y3,2025-01-03T21:45:58.837208394Z,01JGQ1GG06K6M53PBNF0BQG7HW,2025-01-03T21:45:58.837208394Z,01JGQ1YW2PX0WFBKTVSN5KC68A,2025-01-03T21:45:58.837208394Z
01JGQ0C8TZF4JM9DZEZDMJDPYZ,01JGPZ7DS26HBF8BHY8DZZHA96,2025-01-03T21:15:41.791647856Z,01JGPZ7DST3QHP58DW1G013V4K,2025-01-03T21:15:41.791647856Z,01JGQ020PJTA07HKQR510T275H,2025-01-03T21:15:41.791647856Z,01JGQ04X8PF0AECJ9K9V6BH359,2025-01-03T21:15:41.791647856Z
01JGQ0GPM850MAF5X12RB4QKE9,01JGQ02DY4Q8SKCPFS9SM3QK03,2025-01-03T21:18:06.98492582Z,01JGQ02DYKMTB890CVSBZ0JJ03,2025-01-03T21:18:06.98492582Z,01JGPZY6M1PKJ57S5YVKHXAYHS,2025-01-03T21:18:06.98492582Z,01JGQ0B3DA57XQNGXEYCK06HKN,2025-01-03T21:18:06.98492582Z
01JGQ0VPASD5HBAJA2TJ49B88N,01JGQ09HBX8MC4DGNHX3FZ8EDY,2025-01-03T21:24:07.129346587Z,01JGQ09HCAQGMY5WGVV276K2K7,2025-01-03T21:24:07.129346587Z,01JGPZE8KQCCXZMCJ3YT3TTZKX,2025-01-03T21:24:07.129346587Z,01JGQ0Q55AGX05ETJQR7BS8Q6P,2025-01-03T21:24:07.129346587Z
01JGQ11D1BFHGS1G69F95VFS2S,01JGQ0C849F94EV3HQD9RE40JS,2025-01-03T21:27:14.219488827Z,01JGQ0C84J0QJJZJ4NFSFVRA5T,2025-01-03T21:27:14.219488827Z,01JGQ0EAQCPREAHEEHRAKRV7WB,2025-01-03T21:27:14.219488827Z,01JGQ0X95F207YNDH053RGNWSG,2025-01-03T21:27:14.219488827Z
01JGQ1704MY67KP69Y0BFSTFHJ,01JGQ0C7ETEFBZD4VJK84VZHCX,2025-01-03T21:30:17.620148397Z,01JGQ0C7F7RS6KD043DRQ14HW4,2025-01-03T21:30:17.620148397Z,01JGQ0GCQT83E3WEE7375T4F10,2025-01-03T21:30:17.620148397Z,01JGQ12QTZ8RA7AHB8SET5390F,2025-01-03T21:30:17.620148397Z
01JGQ18W229KW70WWF7K128MRV,01JGQ0C7ETEFBZD4VJK84VZHCX,2025-01-03T21:31:18.978688469Z,01JGQ0C7F7RS6KD043DRQ14HW4,2025-01-03T21:31:18.978688469Z,01JGQ0E65PV4KS9CA6CGT3DF26,2025-01-03T21:31:18.978688469Z,01JGQ12QV8WHNC9HBMFDZWYAYB,2025-01-03T21:31:18.978688469Z
01JGQ218F0A03ZFJG212SMHRFM,01JGQ1F3BN8EC002R2C6SDZHA8,2025-01-03T21:44:38.112744997Z,01JGQ1F3C4DVPQMKEVJM2J69Y3,2025-01-03T21:44:38.112744997Z,01JGQ1GG06K6M53PBNF0BQG7HW,2025-01-03T21:44:38.112744997Z,01JGQ1YW2FD50RSKQS1VYX0VRJ,2025-01-03T21:44:38.112744997Z
01JGQ218FN6Q7KT21CYFY35D92,01JGQ1F3BN8EC002R2C6SDZHA8,2025-01-03T21:44:38.133203154Z,01JGQ1F3C4DVPQMKEVJM2J69Y3,2025-01-03T21:44:38.133203154Z,01JGQ1QB1H3AAC0DG4MA5F3MQB,2025-01-03T21:44:38.133203154Z,01JGQ1YW2FD50RSKQS1VYX0VRJ,2025-01-03T21:44:38.133203154Z
01JGQ07NSYFHX4AM598QDJW7G4,01JGPZ7DS26HBF8BHY8DZZHA96,2025-01-03T21:13:11.230446259Z,01JGPZ7DST3QHP58DW1G013V4K,2025-01-03T21:13:11.230446259Z,01JGQ020PJTA07HKQR510T275H,2025-01-03T21:13:11.230446259Z,01JGQ04X8V95ZN0FVACG6SJFXA,2025-01-03T21:13:11.230446259Z
01JGQ168QM28MZBMX11X225Z60,01JGQ0C7ETEFBZD4VJK84VZHCX,2025-01-03T21:29:53.652568899Z,01JGQ0C7F7RS6KD043DRQ14HW4,2025-01-03T21:29:53.652568899Z,01JGQ0M80VEDX4T85AQX5ZGNPX,2025-01-03T21:29:53.652568899Z,01JGQ12QV1D8X86VEKZ43VMG0A,2025-01-03T21:29:53.652568899Z
01JGQ08K77BM1TAPCE1EHA5PD5,01JGPZ7DS26HBF8BHY8DZZHA96,2025-01-03T21:13:41.351416149Z,01JGPZ7DST3QHP58DW1G013V4K,2025-01-03T21:13:41.351416149Z,01JGPZX7DGN1X2T8FHQDTEA9ZN,2025-01-03T21:13:41.351416149Z,01JGQ04X8TF2PZZPTQWT25BXJJ,2025-01-03T21:13:41.351416149Z
01JGQ0DW12TP4WXW8BSTNJHYZJ,01JGQ02DY4Q8SKCPFS9SM3QK03,2025-01-03T21:16:34.210853651Z,01JGQ02DYKMTB890CVSBZ0JJ03,2025-01-03T21:16:34.210853651Z,01JGPZW8Z1TJ5HFSP3CC8MPYZH,2025-01-03T21:16:34.210853651Z,01JGQ0B3CYD51ZK7HACCZV92VH,2025-01-03T21:16:34.210853651Z
01JGQ0G5CE3M9B8188MD123S1F,01JGQ02DY4Q8SKCPFS9SM3QK03,2025-01-03T21:17:49.326528493Z,01JGQ02DYKMTB890CVSBZ0JJ03,2025-01-03T21:17:49.326528493Z,01JGPZG59944099EVHQFGGF0SA,2025-01-03T21:17:49.326528493Z,01JGQ0B3DCA8VZZ0K83XCQFPE2,2025-01-03T21:17:49.326528493Z
01JGQ0GPKR1WJPBK4XNHSBWVGE,01JGQ02DY4Q8SKCPFS9SM3QK03,2025-01-03T21:18:06.968768374Z,01JGQ02DYKMTB890CVSBZ0JJ03,2025-01-03T21:18:06.968768374Z,01JGPZG59944099EVHQFGGF0SA,2025-01-03T21:18:06.968768374Z,01JGQ0B3DA57XQNGXEYCK06HKN,2025-01-03T21:18:06.968768374Z
01JGQ12A2K9B6WST9674XC4374,01JGQ0C849F94EV3HQD9RE40JS,2025-01-03T21:27:43.955560661Z,01JGQ0C84J0QJJZJ4NFSFVRA5T,2025-01-03T21:27:43.955560661Z,01JGQ0EAQCPREAHEEHRAKRV7WB,2025-01-03T21:27:43.955560661Z,01JGQ0X95VF9EE55RX4M9J24AZ,2025-01-03T21:27:43.955560661Z
01JGQ12R458RQYXSTYT830NN7Q,01JGQ0C7ETEFBZD4VJK84VZHCX,2025-01-03T21:27:58.341075452Z,01JGQ0C7F7RS6KD043DRQ14HW4,2025-01-03T21:27:58.341075452Z,01JGQ0EMQMV9V3BJED4YANPYGG,2025-01-03T21:27:58.341075452Z,01JGQ12QTTNNB6JWK8HT92H4YQ,2025-01-03T21:27:58.341075452Z
01JGQ07NSR31CE187GTYVS26MH,01JGPZ7DS26HBF8BHY8DZZHA96,2025-01-03T21:13:11.224250359Z,01JGPZ7DST3QHP58DW1G013V4K,2025-01-03T21:13:11.224250359Z,01JGPZX7DGN1X2T8FHQDTEA9ZN,2025-01-03T21:13:11.224250359Z,01JGQ04X8V95ZN0FVACG6SJFXA,2025-01-03T21:13:11.224250359Z
01JGQ08K6W01VZPRY6EAF9H2PV,01JGPZ7DS26HBF8BHY8DZZHA96,2025-01-03T21:13:41.340447122Z,01JGPZ7DST3QHP58DW1G013V4K,2025-01-03T21:13:41.340447122Z,01JGPZRZ4ZQDHG4XA5BZMF8KRX,2025-01-03T21:13:41.340447122Z,01JGQ04X8TF2PZZPTQWT25BXJJ,2025-01-03T21:13:41.340447122Z
01JGQ0S07ZAQGFTVMYCSG5F8DF,01JGQ09HBX8MC4DGNHX3FZ8EDY,2025-01-03T21:22:38.975089558Z,01JGQ09HCAQGMY5WGVV276K2K7,2025-01-03T21:22:38.975089558Z,01JGPZE8KQCCXZMCJ3YT3TTZKX,2025-01-03T21:22:38.975089558Z,01JGQ0Q55N5G6QG7RWVFFRV5X2,2025-01-03T21:22:38.975089558Z
01JGQ0S085PDYKRT9KCGND19CK,01JGQ09HBX8MC4DGNHX3FZ8EDY,2025-01-03T21:22:38.981359673Z,01JGQ09HCAQGMY5WGVV276K2K7,2025-01-03T21:22:38.981359673Z,01JGPZXD6JBA8GN43DTG1XJEMW,2025-01-03T21:22:38.981359673Z,01JGQ0Q55N5G6QG7RWVFFRV5X2,2025-01-03T21:22:38.981359673Z
01JGQ0X9GC5Z7CHDFGX27XPC8T,01JGQ0C849F94EV3HQD9RE40JS,2025-01-03T21:24:59.533038112Z,01JGQ0C84J0QJJZJ4NFSFVRA5T,2025-01-03T21:24:59.533038112Z,01JGQ0EAQCPREAHEEHRAKRV7WB,2025-01-03T21:24:59.533038112Z,01JGQ0X95CC0HHA9EHCRKJBGJP,2025-01-03T21:24:59.533038112Z
01JGQ0YD6P7FQ1MDVYVN447NMR,01JGQ09HBX8MC4DGNHX3FZ8EDY,2025-01-03T21:25:36.086256785Z,01JGQ09HCAQGMY5WGVV276K2K7,2025-01-03T21:25:36.086256785Z,01JGPZXD6JBA8GN43DTG1XJEMW,2025-01-03T21:25:36.086256785Z,01JGQ0Q55KFW14FH0FMB3XJWYH,2025-01-03T21:25:36.086256785Z
01JGQ0YWEVCKC0X9FG4K3YGYXT,01JGQ0C849F94EV3HQD9RE40JS,2025-01-03T21:25:51.707994489Z,01JGQ0C84J0QJJZJ4NFSFVRA5T,2025-01-03T21:25:51.707994489Z,01JGQ0K1WF2HT2V04RZKFR203P,2025-01-03T21:25:51.707994489Z,01JGQ0X95Q15GZQNNAAAVFJ3JS,2025-01-03T21:25:51.707994489Z
01JGQ11VS78PEPN1D1HQTGSRXG,01JGQ0C849F94EV3HQD9RE40JS,2025-01-03T21:27:29.319496773Z,01JGQ0C84J0QJJZJ4NFSFVRA5T,2025-01-03T21:27:29.319496773Z,01JGQ0JBDKZKSRNR14D9DNV3KC,2025-01-03T21:27:29.319496773Z,01JGQ0X95GD32YNB7VFN5C9K62,2025-01-03T21:27:29.319496773Z
01JGQ0AE1FJE3EMTDAJM8EF64H,01JGPZ7DS26HBF8BHY8DZZHA96,2025-01-03T21:14:41.583481764Z,01JGPZ7DST3QHP58DW1G013V4K,2025-01-03T21:14:41.583481764Z,01JGPZX7DGN1X2T8FHQDTEA9ZN,2025-01-03T21:14:41.583481764Z,01JGQ04X8Q27NF8JQ1AC0AAWA0,2025-01-03T21:14:41.583481764Z
01JGQ0XGQ3A1J3WFDSVQ0K3J0X,01JGQ09HBX8MC4DGNHX3FZ8EDY,2025-01-03T21:25:06.915090712Z,01JGQ09HCAQGMY5WGVV276K2K7,2025-01-03T21:25:06.915090712Z,01JGQ0EBMFN660NY6ZXA41ZS43,2025-01-03T21:25:06.915090712Z,01JGQ0Q55HHN8FSWP53GMPVKD9,2025-01-03T21:25:06.915090712Z
01JGQ12R49QDEC0JJHKBT3BF4E,01JGQ0C7ETEFBZD4VJK84VZHCX,2025-01-03T21:27:58.345842992Z,01JGQ0C7F7RS6KD043DRQ14HW4,2025-01-03T21:27:58.345842992Z,01JGQ0GCQT83E3WEE7375T4F10,2025-01-03T21:27:58.345842992Z,01JGQ12QTTNNB6JWK8HT92H4YQ,2025-01-03T21:27:58.345842992Z
01JGQ15F1HYZYXW1S7VA1VTX9E,01JGQ0C7ETEFBZD4VJK84VZHCX,2025-01-03T21:29:27.345871642Z,01JGQ0C7F7RS6KD043DRQ14HW4,2025-01-03T21:29:27.345871642Z,01JGQ0E65PV4KS9CA6CGT3DF26,2025-01-03T21:29:27.345871642Z,01JGQ12QV5A9S2WYN1811BZ688,2025-01-03T21:29:27.345871642Z
01JGQ168QFGCSM4AWT6PYCVQ1F,01JGQ0C7ETEFBZD4VJK84VZHCX,2025-01-03T21:29:53.647071913Z,01JGQ0C7F7RS6KD043DRQ14HW4,2025-01-03T21:29:53.647071913Z,01JGQ0GCQT83E3WEE7375T4F10,2025-01-03T21:29:53.647071913Z,01JGQ12QV1D8X86VEKZ43VMG0A,2025-01-03T21:29:53.647071913Z
01JGQ0AE1502N1X5Q3HMC8GGG2,01JGPZ7DS26HBF8BHY8DZZHA96,2025-01-03T21:14:41.573576583Z,01JGPZ7DST3QHP58DW1G013V4K,2025-01-03T21:14:41.573576583Z,01JGPZRZ4ZQDHG4XA5BZMF8KRX,2025-01-03T21:14:41.573576583Z,01JGQ04X8Q27NF8JQ1AC0AAWA0,2025-01-03T21:14:41.573576583Z
01JGQ0WK80293FN76GP039VMA9,01JGQ09HBX8MC4DGNHX3FZ8EDY,2025-01-03T21:24:36.737003204Z,01JGQ09HCAQGMY5WGVV276K2K7,2025-01-03T21:24:36.737003204Z,01JGQ0EBMFN660NY6ZXA41ZS43,2025-01-03T21:24:36.737003204Z,01JGQ0Q55PY3BXK33RJJNZ4836,2025-01-03T21:24:36.737003204Z
01JGQ10SKQWHDG74JW1FT2W64F,01JGQ0C849F94EV3HQD9RE40JS,2025-01-03T21:26:54.327218863Z,01JGQ0C84J0QJJZJ4NFSFVRA5T,2025-01-03T21:26:54.327218863Z,01JGQ0JBDKZKSRNR14D9DNV3KC,2025-01-03T21:26:54.327218863Z,01JGQ0X95SJXCYCE3EXZW0M8V4,2025-01-03T21:26:54.327218863Z
01JGQ15F25FVDM2JS4MXA5FKJZ,01JGQ0C7ETEFBZD4VJK84VZHCX,2025-01-03T21:29:27.365514054Z,01JGQ0C7F7RS6KD043DRQ14HW4,2025-01-03T21:29:27.365514054Z,01JGQ0M80VEDX4T85AQX5ZGNPX,2025-01-03T21:29:27.365514054Z,01JGQ12QV5A9S2WYN1811BZ688,2025-01-03T21:29:27.365514054Z
01JGQ20D0GDG9R3VXKMMTQJT1S,01JGQ1F3BN8EC002R2C6SDZHA8,2025-01-03T21:44:10.000288743Z,01JGQ1F3C4DVPQMKEVJM2J69Y3,2025-01-03T21:44:10.000288743Z,01JGQ1GG06K6M53PBNF0BQG7HW,2025-01-03T21:44:10.000288743Z,01JGQ1YW28GN3SDRNZPTBG5GM8,2025-01-03T21:44:10.000288743Z
01JGQ21Z9EHH0X9M9HG83HCV5P,01JGQ1F3BN8EC002R2C6SDZHA8,2025-01-03T21:45:01.486605616Z,01JGQ1F3C4DVPQMKEVJM2J69Y3,2025-01-03T21:45:01.486605616Z,01JGQ1GG06K6M53PBNF0BQG7HW,2025-01-03T21:45:01.486605616Z,01JGQ1YW2C4GBQPHZ1CKXTGP4X,2025-01-03T21:45:01.486605616Z
01JGQ22GP6HDMEZWH26Y9FNN8B,01JGQ1F3BN8EC002R2C6SDZHA8,2025-01-03T21:45:19.302858138Z,01JGQ1F3C4DVPQMKEVJM2J69Y3,2025-01-03T21:45:19.302858138Z,01JGQ1JNN4QJ8XEMDXHPYNSQFZ,2025-01-03T21:45:19.302858138Z,01JGQ1YW2JTVM6T0N8XH897AS9,2025-01-03T21:45:19.302858138Z
01JGQ24H50VGWXZ3BTBPBN7E71,01JGQ1F3BN8EC002R2C6SDZHA8,2025-01-03T21:46:25.312111566Z,01JGQ1F3C4DVPQMKEVJM2J69Y3,2025-01-03T21:46:25.312111566Z,01JGQ1GG06K6M53PBNF0BQG7HW,2025-01-03T21:46:25.312111566Z,01JGQ1YW2VK6Q1TK3GBKANVMN7,2025-01-03T21:46:25.312111566Z
01JGQ24H5THE9ETECX1YRWMGFV,01JGQ1F3BN8EC002R2C6SDZHA8,2025-01-03T21:46:25.338992175Z,01JGQ1F3C4DVPQMKEVJM2J69Y3,2025-01-03T21:46:25.338992175Z,01JGQ1QB1H3AAC0DG4MA5F3MQB,2025-01-03T21:46:25.338992175Z,01JGQ1YW2VK6Q1TK3GBKANVMN7,2025-01-03T21:46:25.338992175Z
01JGQ06RBWQ3NP3WDGDC4YYTG3,01JGPZ7DS26HBF8BHY8DZZHA96,2025-01-03T21:12:41.08443328Z,01JGPZ7DST3QHP58DW1G013V4K,2025-01-03T21:12:41.08443328Z,01JGPZRZ4ZQDHG4XA5BZMF8KRX,2025-01-03T21:12:41.08443328Z,01JGQ04X85NJHFV34CN37KHAS9,2025-01-03T21:12:41.08443328Z
01JGQ09GMN647GWMXMDRS7N77C,01JGPZ7DS26HBF8BHY8DZZHA96,2025-01-03T21:14:11.477870304Z,01JGPZ7DST3QHP58DW1G013V4K,2025-01-03T21:14:11.477870304Z,01JGQ020PJTA07HKQR510T275H,2025-01-03T21:14:11.477870304Z,01JGQ04X8S6DPYE9QCR43KZX51,2025-01-03T21:14:11.477870304Z
01JGQ0C8TH9V6RMQM6QECRD2CJ,01JGPZ7DS26HBF8BHY8DZZHA96,2025-01-03T21:15:41.77775656Z,01JGPZ7DST3QHP58DW1G013V4K,2025-01-03T21:15:41.77775656Z,01JGPZRZ4ZQDHG4XA5BZMF8KRX,2025-01-03T21:15:41.77775656Z,01JGQ04X8PF0AECJ9K9V6BH359,2025-01-03T21:15:41.77775656Z
01JGQ0EPRHK0K9KYJGW0T2CDV2,01JGQ02DY4Q8SKCPFS9SM3QK03,2025-01-03T21:17:01.585310268Z,01JGQ02DYKMTB890CVSBZ0JJ03,2025-01-03T21:17:01.585310268Z,01JGPZW8Z1TJ5HFSP3CC8MPYZH,2025-01-03T21:17:01.585310268Z,01JGQ0B3DQ46XNAV02WJCDGY4V,2025-01-03T21:17:01.585310268Z
01JGQ0H98Z1TMY5E6A161T0049,01JGQ02DY4Q8SKCPFS9SM3QK03,2025-01-03T21:18:26.079505731Z,01JGQ02DYKMTB890CVSBZ0JJ03,2025-01-03T21:18:26.079505731Z,01JGPZX69WP5QCN6YAEC2ZA52A,2025-01-03T21:18:26.079505731Z,01JGQ0B3D9MT63TKFK87V1C9CG,2025-01-03T21:18:26.079505731Z
01JGQ0VPBCPX4KSZ44E2WDH813,01JGQ09HBX8MC4DGNHX3FZ8EDY,2025-01-03T21:24:07.148533038Z,01JGQ09HCAQGMY5WGVV276K2K7,2025-01-03T21:24:07.148533038Z,01JGQ0F4ER5V0NKZCQBD51KAXF,2025-01-03T21:24:07.148533038Z,01JGQ0Q55AGX05ETJQR7BS8Q6P,2025-01-03T21:24:07.148533038Z
01JGQ109VWDVD01QRZ76J8KZTB,01JGQ0C849F94EV3HQD9RE40JS,2025-01-03T21:26:38.204848005Z,01JGQ0C84J0QJJZJ4NFSFVRA5T,2025-01-03T21:26:38.204848005Z,01JGQ0JBDKZKSRNR14D9DNV3KC,2025-01-03T21:26:38.204848005Z,01JGQ0X95MR639AGYNAC5F7X2T,2025-01-03T21:26:38.204848005Z
01JGQ18W2R47W3XJT1Q4S73KMS,01JGQ0C7ETEFBZD4VJK84VZHCX,2025-01-03T21:31:19.000113457Z,01JGQ0C7F7RS6KD043DRQ14HW4,2025-01-03T21:31:19.000113457Z,01JGQ0M80VEDX4T85AQX5ZGNPX,2025-01-03T21:31:19.000113457Z,01JGQ12QV8WHNC9HBMFDZWYAYB,2025-01-03T21:31:19.000113457Z
01JGQ20D0ZQDNB468W05BVXBS2,01JGQ1F3BN8EC002R2C6SDZHA8,2025-01-03T21:44:10.015896441Z,01JGQ1F3C4DVPQMKEVJM2J69Y3,2025-01-03T21:44:10.015896441Z,01JGQ1M29XYJNKSW8ZAQGM2K7K,2025-01-03T21:44:10.015896441Z,01JGQ1YW28GN3SDRNZPTBG5GM8,2025-01-03T21:44:10.015896441Z
01JGQ0G5CY5PF01GG4Y8FVHNE7,01JGQ02DY4Q8SKCPFS9SM3QK03,2025-01-03T21:17:49.342139918Z,01JGQ02DYKMTB890CVSBZ0JJ03,2025-01-03T21:17:49.342139918Z,01JGPZY6M1PKJ57S5YVKHXAYHS,2025-01-03T21:17:49.342139918Z,01JGQ0B3DCA8VZZ0K83XCQFPE2,2025-01-03T21:17:49.342139918Z
01JGQ0H994Z2FD9Z1RCVHD8HY8,01JGQ02DY4Q8SKCPFS9SM3QK03,2025-01-03T21:18:26.084654209Z,01JGQ02DYKMTB890CVSBZ0JJ03,2025-01-03T21:18:26.084654209Z,01JGPZY6M1PKJ57S5YVKHXAYHS,2025-01-03T21:18:26.084654209Z,01JGQ0B3D9MT63TKFK87V1C9CG,2025-01-03T21:18:26.084654209Z
01JGQ0VPAZVXQ1829GZ3NW837T,01JGQ09HBX8MC4DGNHX3FZ8EDY,2025-01-03T21:24:07.135542403Z,01JGQ09HCAQGMY5WGVV276K2K7,2025-01-03T21:24:07.135542403Z,01JGPZXD6JBA8GN43DTG1XJEMW,2025-01-03T21:24:07.135542403Z,01JGQ0Q55AGX05ETJQR7BS8Q6P,2025-01-03T21:24:07.135542403Z
01JGQ22GNY9MDTCEGJ9TQW9SC6,01JGQ1F3BN8EC002R2C6SDZHA8,2025-01-03T21:45:19.294943191Z,01JGQ1F3C4DVPQMKEVJM2J69Y3,2025-01-03T21:45:19.294943191Z,01JGQ1GG06K6M53PBNF0BQG7HW,2025-01-03T21:45:19.294943191Z,01JGQ1YW2JTVM6T0N8XH897AS9,2025-01-03T21:45:19.294943191Z
01JGQ0DW0XEHXBHCSA0QXEV2TR,01JGQ02DY4Q8SKCPFS9SM3QK03,2025-01-03T21:16:34.205570881Z,01JGQ02DYKMTB890CVSBZ0JJ03,2025-01-03T21:16:34.205570881Z,01JGPZG59944099EVHQFGGF0SA,2025-01-03T21:16:34.205570881Z,01JGQ0B3CYD51ZK7HACCZV92VH,2025-01-03T21:16:34.205570881Z
01JGQ0WK7VS7ZGYM4X84J7R9KT,01JGQ09HBX8MC4DGNHX3FZ8EDY,2025-01-03T21:24:36.731205836Z,01JGQ09HCAQGMY5WGVV276K2K7,2025-01-03T21:24:36.731205836Z,01JGPZXD6JBA8GN43DTG1XJEMW,2025-01-03T21:24:36.731205836Z,01JGQ0Q55PY3BXK33RJJNZ4836,2025-01-03T21:24:36.731205836Z
01JGQ0AE1A9ACZRVCH9WND4SJ6,01JGPZ7DS26HBF8BHY8DZZHA96,2025-01-03T21:14:41.578718996Z,01JGPZ7DST3QHP58DW1G013V4K,2025-01-03T21:14:41.578718996Z,01JGPZWDB906WGPE716Q82VST1,2025-01-03T21:14:41.578718996Z,01JGQ04X8Q27NF8JQ1AC0AAWA0,2025-01-03T21:14:41.578718996Z
01JGQ0TRX53EB61A4DN228AMEY,01JGQ09HBX8MC4DGNHX3FZ8EDY,2025-01-03T21:23:36.997987887Z,01JGQ09HCAQGMY5WGVV276K2K7,2025-01-03T21:23:36.997987887Z,01JGPZXD6JBA8GN43DTG1XJEMW,2025-01-03T21:23:36.997987887Z,01JGQ0Q558KT28R6KVPSTKTBKD,2025-01-03T21:23:36.997987887Z
01JGQ0XGPAC5B0CZ94JBZGD0X0,01JGQ09HBX8MC4DGNHX3FZ8EDY,2025-01-03T21:25:06.890617582Z,01JGQ09HCAQGMY5WGVV276K2K7,2025-01-03T21:25:06.890617582Z,01JGPZE8KQCCXZMCJ3YT3TTZKX,2025-01-03T21:25:06.890617582Z,01JGQ0Q55HHN8FSWP53GMPVKD9,2025-01-03T21:25:06.890617582Z
01JGQ0ZH2WDZ07BRAZTH4PM484,01JGQ0C849F94EV3HQD9RE40JS,2025-01-03T21:26:12.828691521Z,01JGQ0C84J0QJJZJ4NFSFVRA5T,2025-01-03T21:26:12.828691521Z,01JGQ0JBDKZKSRNR14D9DNV3KC,2025-01-03T21:26:12.828691521Z,01JGQ0X95KJJ17QR7XPETRDYWE,2025-01-03T21:26:12.828691521Z
01JGQ11VS0FQM01YXFP91BSNDW,01JGQ0C849F94EV3HQD9RE40JS,2025-01-03T21:27:29.312317168Z,01JGQ0C84J0QJJZJ4NFSFVRA5T,2025-01-03T21:27:29.312317168Z,01JGQ0F2Q1BGAXWC42W1W362R7,2025-01-03T21:27:29.312317168Z,01JGQ0X95GD32YNB7VFN5C9K62,2025-01-03T21:27:29.312317168Z
01JGQ12R3Y1PF4E817CD1P17MZ,01JGQ0C7ETEFBZD4VJK84VZHCX,2025-01-03T21:27:58.334694684Z,01JGQ0C7F7RS6KD043DRQ14HW4,2025-01-03T21:27:58.334694684Z,01JGQ0E65PV4KS9CA6CGT3DF26,2025-01-03T21:27:58.334694684Z,01JGQ12QTTNNB6JWK8HT92H4YQ,2025-01-03T21:27:58.334694684Z
01JGQ08K7CCBZCA7XD0VMR5P38,01JGPZ7DS26HBF8BHY8DZZHA96,2025-01-03T21:13:41.356380807Z,01JGPZ7DST3QHP58DW1G013V4K,2025-01-03T21:13:41.356380807Z,01JGQ020PJTA07HKQR510T275H,2025-01-03T21:13:41.356380807Z,01JGQ04X8TF2PZZPTQWT25BXJJ,2025-01-03T21:13:41.356380807Z
01JGQ0CYKYZEKNVYWAREKMBTQ5,01JGQ02DY4Q8SKCPFS9SM3QK03,2025-01-03T21:16:04.094581859Z,01JGQ02DYKMTB890CVSBZ0JJ03,2025-01-03T21:16:04.094581859Z,01JGPZW8Z1TJ5HFSP3CC8MPYZH,2025-01-03T21:16:04.094581859Z,01JGQ0B3D51QBKQ8KP3G9X0D7H,2025-01-03T21:16:04.094581859Z
01JGQ0EPS174AT686P6S57ES3B,01JGQ02DY4Q8SKCPFS9SM3QK03,2025-01-03T21:17:01.601896765Z,01JGQ02DYKMTB890CVSBZ0JJ03,2025-01-03T21:17:01.601896765Z,01JGPZY6M1PKJ57S5YVKHXAYHS,2025-01-03T21:17:01.601896765Z,01JGQ0B3DQ46XNAV02WJCDGY4V,2025-01-03T21:17:01.601896765Z
01JGQ0H98NAVAYM1RWYEAFNCYK,01JGQ02DY4Q8SKCPFS9SM3QK03,2025-01-03T21:18:26.069176684Z,01JGQ02DYKMTB890CVSBZ0JJ03,2025-01-03T21:18:26.069176684Z,01JGPZG59944099EVHQFGGF0SA,2025-01-03T21:18:26.069176684Z,01JGQ0B3D9MT63TKFK87V1C9CG,2025-01-03T21:18:26.069176684Z
01JGQ0H98TVM4S9NY5FY144NFR,01JGQ02DY4Q8SKCPFS9SM3QK03,2025-01-03T21:18:26.07492672Z,01JGQ02DYKMTB890CVSBZ0JJ03,2025-01-03T21:18:26.07492672Z,01JGPZW8Z1TJ5HFSP3CC8MPYZH,2025-01-03T21:18:26.07492672Z,01JGQ0B3D9MT63TKFK87V1C9CG,2025-01-03T21:18:26.07492672Z
01JGQ0WK8881D8623DDCQX6ZDV,01JGQ09HBX8MC4DGNHX3FZ8EDY,2025-01-03T21:24:36.74475163Z,01JGQ09HCAQGMY5WGVV276K2K7,2025-01-03T21:24:36.74475163Z,01JGQ0F4ER5V0NKZCQBD51KAXF,2025-01-03T21:24:36.74475163Z,01JGQ0Q55PY3BXK33RJJNZ4836,2025-01-03T21:24:36.74475163Z
01JGQ0B3SHDJRBVJNCHDGJS1RA,01JGQ02DY4Q8SKCPFS9SM3QK03,2025-01-03T21:15:03.857497883Z,01JGQ02DYKMTB890CVSBZ0JJ03,2025-01-03T21:15:03.857497883Z,01JGPZG59944099EVHQFGGF0SA,2025-01-03T21:15:03.857497883Z,01JGQ0B3CEA9EPCX857GJFM3MZ,2025-01-03T21:15:03.857497883Z
01JGQ0XGPKGXG8WDVA9BJ57D0Q,01JGQ09HBX8MC4DGNHX3FZ8EDY,2025-01-03T21:25:06.899722039Z,01JGQ09HCAQGMY5WGVV276K2K7,2025-01-03T21:25:06.899722039Z,01JGPZXD6JBA8GN43DTG1XJEMW,2025-01-03T21:25:06.899722039Z,01JGQ0Q55HHN8FSWP53GMPVKD9,2025-01-03T21:25:06.899722039Z
01JGQ14JV89CG4ZTE9SCR08JF8,01JGQ0C7ETEFBZD4VJK84VZHCX,2025-01-03T21:28:58.472625545Z,01JGQ0C7F7RS6KD043DRQ14HW4,2025-01-03T21:28:58.472625545Z,01JGQ0EMQMV9V3BJED4YANPYGG,2025-01-03T21:28:58.472625545Z,01JGQ12QTXV8QTKCC0RWM6JNYQ,2025-01-03T21:28:58.472625545Z
01JGQ18W2HKBA1R2181GP37D9K,01JGQ0C7ETEFBZD4VJK84VZHCX,2025-01-03T21:31:18.993523482Z,01JGQ0C7F7RS6KD043DRQ14HW4,2025-01-03T21:31:18.993523482Z,01JGQ0GCQT83E3WEE7375T4F10,2025-01-03T21:31:18.993523482Z,01JGQ12QV8WHNC9HBMFDZWYAYB,2025-01-03T21:31:18.993523482Z
01JGQ04XJY7XS48NXT99C72B7S,01JGPZ7DS26HBF8BHY8DZZHA96,2025-01-03T21:11:40.894216329Z,01JGPZ7DST3QHP58DW1G013V4K,2025-01-03T21:11:40.894216329Z,01JGPZX7DGN1X2T8FHQDTEA9ZN,2025-01-03T21:11:40.894216329Z,01JGQ04X81JXY0KDRB232S2JFW,2025-01-03T21:11:40.894216329Z
01JGQ06RCD2C16F7W2Q942AD9H,01JGPZ7DS26HBF8BHY8DZZHA96,2025-01-03T21:12:41.101681939Z,01JGPZ7DST3QHP58DW1G013V4K,2025-01-03T21:12:41.101681939Z,01JGQ020PJTA07HKQR510T275H,2025-01-03T21:12:41.101681939Z,01JGQ04X85NJHFV34CN37KHAS9,2025-01-03T21:12:41.101681939Z
01JGQ08K720NH72D7PX8QKB5GG,01JGPZ7DS26HBF8BHY8DZZHA96,2025-01-03T21:13:41.346211787Z,01JGPZ7DST3QHP58DW1G013V4K,2025-01-03T21:13:41.346211787Z,01JGPZWDB906WGPE716Q82VST1,2025-01-03T21:13:41.346211787Z,01JGQ04X8TF2PZZPTQWT25BXJJ,2025-01-03T21:13:41.346211787Z
01JGQ0AE1M363BQAC092AMGKXY,01JGPZ7DS26HBF8BHY8DZZHA96,2025-01-03T21:14:41.588517435Z,01JGPZ7DST3QHP58DW1G013V4K,2025-01-03T21:14:41.588517435Z,01JGQ020PJTA07HKQR510T275H,2025-01-03T21:14:41.588517435Z,01JGQ04X8Q27NF8JQ1AC0AAWA0,2025-01-03T21:14:41.588517435Z
01JGQ0BBE5EA8N5NYYKKJN4BGT,01JGPZ7DS26HBF8BHY8DZZHA96,2025-01-03T21:15:11.685482334Z,01JGPZ7DST3QHP58DW1G013V4K,2025-01-03T21:15:11.685482334Z,01JGPZX7DGN1X2T8FHQDTEA9ZN,2025-01-03T21:15:11.685482334Z,01JGQ04X8RCSCJMGQRWQTNW713,2025-01-03T21:15:11.685482334Z
01JGQ0CYM8ZNT0FRK86M3MC17S,01JGQ02DY4Q8SKCPFS9SM3QK03,2025-01-03T21:16:04.104400025Z,01JGQ02DYKMTB890CVSBZ0JJ03,2025-01-03T21:16:04.104400025Z,01JGPZY6M1PKJ57S5YVKHXAYHS,2025-01-03T21:16:04.104400025Z,01JGQ0B3D51QBKQ8KP3G9X0D7H,2025-01-03T21:16:04.104400025Z
01JGQ0EPR8SGQPS17YHRK7WAND,01JGQ02DY4Q8SKCPFS9SM3QK03,2025-01-03T21:17:01.576924679Z,01JGQ02DYKMTB890CVSBZ0JJ03,2025-01-03T21:17:01.576924679Z,01JGPZG59944099EVHQFGGF0SA,2025-01-03T21:17:01.576924679Z,01JGQ0B3DQ46XNAV02WJCDGY4V,2025-01-03T21:17:01.576924679Z
01JGQ11D1Q0AGKTRR2FWSF77DZ,01JGQ0C849F94EV3HQD9RE40JS,2025-01-03T21:27:14.231415763Z,01JGQ0C84J0QJJZJ4NFSFVRA5T,2025-01-03T21:27:14.231415763Z,01JGQ0JBDKZKSRNR14D9DNV3KC,2025-01-03T21:27:14.231415763Z,01JGQ0X95F207YNDH053RGNWSG,2025-01-03T21:27:14.231415763Z
01JGQ12R4E3M1YXRCB2JQXS5DT,01JGQ0C7ETEFBZD4VJK84VZHCX,2025-01-03T21:27:58.3504719Z,01JGQ0C7F7RS6KD043DRQ14HW4,2025-01-03T21:27:58.3504719Z,01JGQ0M80VEDX4T85AQX5ZGNPX,2025-01-03T21:27:58.3504719Z,01JGQ12QTTNNB6JWK8HT92H4YQ,2025-01-03T21:27:58.3504719Z
01JGQ218FCXXQ0GTMTPGPZE9F6,01JGQ1F3BN8EC002R2C6SDZHA8,2025-01-03T21:44:38.124726383Z,01JGQ1F3C4DVPQMKEVJM2J69Y3,2025-01-03T21:44:38.124726383Z,01JGQ1M29XYJNKSW8ZAQGM2K7K,2025-01-03T21:44:38.124726383Z,01JGQ1YW2FD50RSKQS1VYX0VRJ,2025-01-03T21:44:38.124726383Z
01JGQ2340A3GMD718STEGTW14N,01JGQ1F3BN8EC002R2C6SDZHA8,2025-01-03T21:45:39.082668217Z,01JGQ1F3C4DVPQMKEVJM2J69Y3,2025-01-03T21:45:39.082668217Z,01JGQ1GG06K6M53PBNF0BQG7HW,2025-01-03T21:45:39.082668217Z,01JGQ1YW2RRRHHV3MAGH6SHQH9,2025-01-03T21:45:39.082668217Z
01JGQ23QABM2QPA6NH631K1252,01JGQ1F3BN8EC002R2C6SDZHA8,2025-01-03T21:45:58.859645682Z,01JGQ1F3C4DVPQMKEVJM2J69Y3,2025-01-03T21:45:58.859645682Z,01JGQ1QB1H3AAC0DG4MA5F3MQB,2025-01-03T21:45:58.859645682Z,01JGQ1YW2PX0WFBKTVSN5KC68A,2025-01-03T21:45:58.859645682Z
01JGQ11VRS0XTM0V7RWRV8VTGW,01JGQ0C849F94EV3HQD9RE40JS,2025-01-03T21:27:29.30598755Z,01JGQ0C84J0QJJZJ4NFSFVRA5T,2025-01-03T21:27:29.30598755Z,01JGQ0EAQCPREAHEEHRAKRV7WB,2025-01-03T21:27:29.30598755Z,01JGQ0X95GD32YNB7VFN5C9K62,2025-01-03T21:27:29.30598755Z
01JGQ218F692R67FFFTTPEPKBQ,01JGQ1F3BN8EC002R2C6SDZHA8,2025-01-03T21:44:38.11821921Z,01JGQ1F3C4DVPQMKEVJM2J69Y3,2025-01-03T21:44:38.11821921Z,01JGQ1JNN4QJ8XEMDXHPYNSQFZ,2025-01-03T21:44:38.11821921Z,01JGQ1YW2FD50RSKQS1VYX0VRJ,2025-01-03T21:44:38.11821921Z
01JGQ24H5HNM7TXVEVV85T7AVT,01JGQ1F3BN8EC002R2C6SDZHA8,2025-01-03T21:46:25.329220943Z,01JGQ1F3C4DVPQMKEVJM2J69Y3,2025-01-03T21:46:25.329220943Z,01JGQ1M29XYJNKSW8ZAQGM2K7K,2025-01-03T21:46:25.329220943Z,01JGQ1YW2VK6Q1TK3GBKANVMN7,2025-01-03T21:46:25.329220943Z
01JGQ04XJRBWXQBSBQYSHEJSHQ,01JGPZ7DS26HBF8BHY8DZZHA96,2025-01-03T21:11:40.888508722Z,01JGPZ7DST3QHP58DW1G013V4K,2025-01-03T21:11:40.888508722Z,01JGPZWDB906WGPE716Q82VST1,2025-01-03T21:11:40.888508722Z,01JGQ04X81JXY0KDRB232S2JFW,2025-01-03T21:11:40.888508722Z
01JGQ09GM7MK4PZ8P6RWYVJXC5,01JGPZ7DS26HBF8BHY8DZZHA96,2025-01-03T21:14:11.463899275Z,01JGPZ7DST3QHP58DW1G013V4K,2025-01-03T21:14:11.463899275Z,01JGPZRZ4ZQDHG4XA5BZMF8KRX,2025-01-03T21:14:11.463899275Z,01JGQ04X8S6DPYE9QCR43KZX51,2025-01-03T21:14:11.463899275Z
01JGQ0EPRSZSJN7W38B2YVWCZP,01JGQ02DY4Q8SKCPFS9SM3QK03,2025-01-03T21:17:01.593564401Z,01JGQ02DYKMTB890CVSBZ0JJ03,2025-01-03T21:17:01.593564401Z,01JGPZX69WP5QCN6YAEC2ZA52A,2025-01-03T21:17:01.593564401Z,01JGQ0B3DQ46XNAV02WJCDGY4V,2025-01-03T21:17:01.593564401Z
01JGQ0X9GP7BCBVBFXBKQ81Z54,01JGQ0C849F94EV3HQD9RE40JS,2025-01-03T21:24:59.542177858Z,01JGQ0C84J0QJJZJ4NFSFVRA5T,2025-01-03T21:24:59.542177858Z,01JGQ0F2Q1BGAXWC42W1W362R7,2025-01-03T21:24:59.542177858Z,01JGQ0X95CC0HHA9EHCRKJBGJP,2025-01-03T21:24:59.542177858Z
01JGQ20D0SCFSPZKP9EEJ54HFD,01JGQ1F3BN8EC002R2C6SDZHA8,2025-01-03T21:44:10.009040188Z,01JGQ1F3C4DVPQMKEVJM2J69Y3,2025-01-03T21:44:10.009040188Z,01JGQ1JNN4QJ8XEMDXHPYNSQFZ,2025-01-03T21:44:10.009040188Z,01JGQ1YW28GN3SDRNZPTBG5GM8,2025-01-03T21:44:10.009040188Z
01JGQ20D1638FH7MGZWYYJZ67B,01JGQ1F3BN8EC002R2C6SDZHA8,2025-01-03T21:44:10.022432947Z,01JGQ1F3C4DVPQMKEVJM2J69Y3,2025-01-03T21:44:10.022432947Z,01JGQ1QB1H3AAC0DG4MA5F3MQB,2025-01-03T21:44:10.022432947Z,01JGQ1YW28GN3SDRNZPTBG5GM8,2025-01-03T21:44:10.022432947Z
01JGQ0ZH2PBWNWF0MG2XVMQ8TD,01JGQ0C849F94EV3HQD9RE40JS,2025-01-03T21:26:12.822062176Z,01JGQ0C84J0QJJZJ4NFSFVRA5T,2025-01-03T21:26:12.822062176Z,01JGQ0F2Q1BGAXWC42W1W362R7,2025-01-03T21:26:12.822062176Z,01JGQ0X95KJJ17QR7XPETRDYWE,2025-01-03T21:26:12.822062176Z
01JGQ109W2PNMP44DPZQCVG9PN,01JGQ0C849F94EV3HQD9RE40JS,2025-01-03T21:26:38.210543863Z,01JGQ0C84J0QJJZJ4NFSFVRA5T,2025-01-03T21:26:38.210543863Z,01JGQ0K1WF2HT2V04RZKFR203P,2025-01-03T21:26:38.210543863Z,01JGQ0X95MR639AGYNAC5F7X2T,2025-01-03T21:26:38.210543863Z
01JGQ10SKX2NJ878KRAX7E0JSX,01JGQ0C849F94EV3HQD9RE40JS,2025-01-03T21:26:54.333155832Z,01JGQ0C84J0QJJZJ4NFSFVRA5T,2025-01-03T21:26:54.333155832Z,01JGQ0K1WF2HT2V04RZKFR203P,2025-01-03T21:26:54.333155832Z,01JGQ0X95SJXCYCE3EXZW0M8V4,2025-01-03T21:26:54.333155832Z
01JGQ0BBDVR0CXG1PT34ZE4AAQ,01JGPZ7DS26HBF8BHY8DZZHA96,2025-01-03T21:15:11.675422274Z,01JGPZ7DST3QHP58DW1G013V4K,2025-01-03T21:15:11.675422274Z,01JGPZRZ4ZQDHG4XA5BZMF8KRX,2025-01-03T21:15:11.675422274Z,01JGQ04X8RCSCJMGQRWQTNW713,2025-01-03T21:15:11.675422274Z
01JGQ0G5CK3YP8V0X6RWJ9WDG9,01JGQ02DY4Q8SKCPFS9SM3QK03,2025-01-03T21:17:49.331653954Z,01JGQ02DYKMTB890CVSBZ0JJ03,2025-01-03T21:17:49.331653954Z,01JGPZW8Z1TJ5HFSP3CC8MPYZH,2025-01-03T21:17:49.331653954Z,01JGQ0B3DCA8VZZ0K83XCQFPE2,2025-01-03T21:17:49.331653954Z
01JGQ109VP8ZZPW03T882JQK5S,01JGQ0C849F94EV3HQD9RE40JS,2025-01-03T21:26:38.198493547Z,01JGQ0C84J0QJJZJ4NFSFVRA5T,2025-01-03T21:26:38.198493547Z,01JGQ0F2Q1BGAXWC42W1W362R7,2025-01-03T21:26:38.198493547Z,01JGQ0X95MR639AGYNAC5F7X2T,2025-01-03T21:26:38.198493547Z
01JGQ1704DMD3TKZ4FDA02XATS,01JGQ0C7ETEFBZD4VJK84VZHCX,2025-01-03T21:30:17.613149232Z,01JGQ0C7F7RS6KD043DRQ14HW4,2025-01-03T21:30:17.613149232Z,01JGQ0EMQMV9V3BJED4YANPYGG,2025-01-03T21:30:17.613149232Z,01JGQ12QTZ8RA7AHB8SET5390F,2025-01-03T21:30:17.613149232Z
01JGQ1YWD8WA3VE9NN9ES86E5B,01JGQ1F3BN8EC002R2C6SDZHA8,2025-01-03T21:43:20.232294335Z,01JGQ1F3C4DVPQMKEVJM2J69Y3,2025-01-03T21:43:20.232294335Z,01JGQ1M29XYJNKSW8ZAQGM2K7K,2025-01-03T21:43:20.232294335Z,01JGQ1YW22CC7CH4RRQPN6FTE9,2025-01-03T21:43:20.232294335Z
01JGQ21ZA93P52KD4941CXYF8N,01JGQ1F3BN8EC002R2C6SDZHA8,2025-01-03T21:45:01.513163983Z,01JGQ1F3C4DVPQMKEVJM2J69Y3,2025-01-03T21:45:01.513163983Z,01JGQ1QB1H3AAC0DG4MA5F3MQB,2025-01-03T21:45:01.513163983Z,01JGQ1YW2C4GBQPHZ1CKXTGP4X,2025-01-03T21:45:01.513163983Z
01JGQ0GPM3P355YSQHMPBTD8X8,01JGQ02DY4Q8SKCPFS9SM3QK03,2025-01-03T21:18:06.979697319Z,01JGQ02DYKMTB890CVSBZ0JJ03,2025-01-03T21:18:06.979697319Z,01JGPZX69WP5QCN6YAEC2ZA52A,2025-01-03T21:18:06.979697319Z,01JGQ0B3DA57XQNGXEYCK06HKN,2025-01-03T21:18:06.979697319Z
01JGQ11D1HK1NVTAXGJAJE3NH8,01JGQ0C849F94EV3HQD9RE40JS,2025-01-03T21:27:14.22563744Z,01JGQ0C84J0QJJZJ4NFSFVRA5T,2025-01-03T21:27:14.22563744Z,01JGQ0F2Q1BGAXWC42W1W362R7,2025-01-03T21:27:14.22563744Z,01JGQ0X95F207YNDH053RGNWSG,2025-01-03T21:27:14.22563744Z
01JGQ12A2YPNV22SC8G2MG85BV,01JGQ0C849F94EV3HQD9RE40JS,2025-01-03T21:27:43.966185447Z,01JGQ0C84J0QJJZJ4NFSFVRA5T,2025-01-03T21:27:43.966185447Z,01JGQ0JBDKZKSRNR14D9DNV3KC,2025-01-03T21:27:43.966185447Z,01JGQ0X95VF9EE55RX4M9J24AZ,2025-01-03T21:27:43.966185447Z
01JGQ1704SHFPF615SG7Z5N30D,01JGQ0C7ETEFBZD4VJK84VZHCX,2025-01-03T21:30:17.625557566Z,01JGQ0C7F7RS6KD043DRQ14HW4,2025-01-03T21:30:17.625557566Z,01JGQ0M80VEDX4T85AQX5ZGNPX,2025-01-03T21:30:17.625557566Z,01JGQ12QTZ8RA7AHB8SET5390F,2025-01-03T21:30:17.625557566Z
01JGQ04XK285JM4S6JC173Z4M7,01JGPZ7DS26HBF8BHY8DZZHA96,2025-01-03T21:11:40.898595619Z,01JGPZ7DST3QHP58DW1G013V4K,2025-01-03T21:11:40.898595619Z,01JGQ020PJTA07HKQR510T275H,2025-01-03T21:11:40.898595619Z,01JGQ04X81JXY0KDRB232S2JFW,2025-01-03T21:11:40.898595619Z
01JGQ06RC2AQ7VAS8JBPDTH465,01JGPZ7DS26HBF8BHY8DZZHA96,2025-01-03T21:12:41.090109417Z,01JGPZ7DST3QHP58DW1G013V4K,2025-01-03T21:12:41.090109417Z,01JGPZWDB906WGPE716Q82VST1,2025-01-03T21:12:41.090109417Z,01JGQ04X85NJHFV34CN37KHAS9,2025-01-03T21:12:41.090109417Z
01JGQ0Q5EWEQ7W4CVC8JTKFFH5,01JGQ09HBX8MC4DGNHX3FZ8EDY,2025-01-03T21:21:38.780625261Z,01JGQ09HCAQGMY5WGVV276K2K7,2025-01-03T21:21:38.780625261Z,01JGQ0EBMFN660NY6ZXA41ZS43,2025-01-03T21:21:38.780625261Z,01JGQ0Q5553HHE1ZB41E7093YF,2025-01-03T21:21:38.780625261Z
01JGQ0YWENGQBT8N20G25VS1QN,01JGQ0C849F94EV3HQD9RE40JS,2025-01-03T21:25:51.701208317Z,01JGQ0C84J0QJJZJ4NFSFVRA5T,2025-01-03T21:25:51.701208317Z,01JGQ0JBDKZKSRNR14D9DNV3KC,2025-01-03T21:25:51.701208317Z,01JGQ0X95Q15GZQNNAAAVFJ3JS,2025-01-03T21:25:51.701208317Z
01JGQ14JV12W53H9BHYFFB177G,01JGQ0C7ETEFBZD4VJK84VZHCX,2025-01-03T21:28:58.465850217Z,01JGQ0C7F7RS6KD043DRQ14HW4,2025-01-03T21:28:58.465850217Z,01JGQ0E65PV4KS9CA6CGT3DF26,2025-01-03T21:28:58.465850217Z,01JGQ12QTXV8QTKCC0RWM6JNYQ,2025-01-03T21:28:58.465850217Z
01JGQ1YWDF4QR7S00KZPATH88Z,01JGQ1F3BN8EC002R2C6SDZHA8,2025-01-03T21:43:20.239662797Z,01JGQ1F3C4DVPQMKEVJM2J69Y3,2025-01-03T21:43:20.239662797Z,01JGQ1QB1H3AAC0DG4MA5F3MQB,2025-01-03T21:43:20.239662797Z,01JGQ1YW22CC7CH4RRQPN6FTE9,2025-01-03T21:43:20.239662797Z
01JGQ0BBE9B9KWEFGQDK0E3BA4,01JGPZ7DS26HBF8BHY8DZZHA96,2025-01-03T21:15:11.689826304Z,01JGPZ7DST3QHP58DW1G013V4K,2025-01-03T21:15:11.689826304Z,01JGQ020PJTA07HKQR510T275H,2025-01-03T21:15:11.689826304Z,01JGQ04X8RCSCJMGQRWQTNW713,2025-01-03T21:15:11.689826304Z
01JGQ0CYKT4TJTZGJVTGYDW0P6,01JGQ02DY4Q8SKCPFS9SM3QK03,2025-01-03T21:16:04.090075501Z,01JGQ02DYKMTB890CVSBZ0JJ03,2025-01-03T21:16:04.090075501Z,01JGPZG59944099EVHQFGGF0SA,2025-01-03T21:16:04.090075501Z,01JGQ0B3D51QBKQ8KP3G9X0D7H,2025-01-03T21:16:04.090075501Z
01JGQ0CYM3NXGFCQXMYHKBX7RQ,01JGQ02DY4Q8SKCPFS9SM3QK03,2025-01-03T21:16:04.099389201Z,01JGQ02DYKMTB890CVSBZ0JJ03,2025-01-03T21:16:04.099389201Z,01JGPZX69WP5QCN6YAEC2ZA52A,2025-01-03T21:16:04.099389201Z,01JGQ0B3D51QBKQ8KP3G9X0D7H,2025-01-03T21:16:04.099389201Z
01JGQ0G5CSPYP95NQNZHRPA5VZ,01JGQ02DY4Q8SKCPFS9SM3QK03,2025-01-03T21:17:49.33708942Z,01JGQ02DYKMTB890CVSBZ0JJ03,2025-01-03T21:17:49.33708942Z,01JGPZX69WP5QCN6YAEC2ZA52A,2025-01-03T21:17:49.33708942Z,01JGQ0B3DCA8VZZ0K83XCQFPE2,2025-01-03T21:17:49.33708942Z
01JGQ0WK7KRM9JZ85ZVW3A1J9S,01JGQ09HBX8MC4DGNHX3FZ8EDY,2025-01-03T21:24:36.723049269Z,01JGQ09HCAQGMY5WGVV276K2K7,2025-01-03T21:24:36.723049269Z,01JGPZE8KQCCXZMCJ3YT3TTZKX,2025-01-03T21:24:36.723049269Z,01JGQ0Q55PY3BXK33RJJNZ4836,2025-01-03T21:24:36.723049269Z
01JGQ10SKBEQF683GJJAJP7EFK,01JGQ0C849F94EV3HQD9RE40JS,2025-01-03T21:26:54.315792486Z,01JGQ0C84J0QJJZJ4NFSFVRA5T,2025-01-03T21:26:54.315792486Z,01JGQ0EAQCPREAHEEHRAKRV7WB,2025-01-03T21:26:54.315792486Z,01JGQ0X95SJXCYCE3EXZW0M8V4,2025-01-03T21:26:54.315792486Z
01JGQ15F1RC5RV21J3ZQWHRPM8,01JGQ0C7ETEFBZD4VJK84VZHCX,2025-01-03T21:29:27.352220566Z,01JGQ0C7F7RS6KD043DRQ14HW4,2025-01-03T21:29:27.352220566Z,01JGQ0EMQMV9V3BJED4YANPYGG,2025-01-03T21:29:27.352220566Z,01JGQ12QV5A9S2WYN1811BZ688,2025-01-03T21:29:27.352220566Z
01JGQ188AD5K8FBK0WFAK6HG8N,01JGQ0C7ETEFBZD4VJK84VZHCX,2025-01-03T21:30:58.765667494Z,01JGQ0C7F7RS6KD043DRQ14HW4,2025-01-03T21:30:58.765667494Z,01JGQ0M80VEDX4T85AQX5ZGNPX,2025-01-03T21:30:58.765667494Z,01JGQ12QVBVKFV22PP9BKJKTA3,2025-01-03T21:30:58.765667494Z
01JGQ21Z9RH15AQX7CCMP25F3P,01JGQ1F3BN8EC002R2C6SDZHA8,2025-01-03T21:45:01.496345293Z,01JGQ1F3C4DVPQMKEVJM2J69Y3,2025-01-03T21:45:01.496345293Z,01JGQ1JNN4QJ8XEMDXHPYNSQFZ,2025-01-03T21:45:01.496345293Z,01JGQ1YW2C4GBQPHZ1CKXTGP4X,2025-01-03T21:45:01.496345293Z
01JGQ24H5A1DT23VMSHPXRZDSQ,01JGQ1F3BN8EC002R2C6SDZHA8,2025-01-03T21:46:25.322197456Z,01JGQ1F3C4DVPQMKEVJM2J69Y3,2025-01-03T21:46:25.322197456Z,01JGQ1JNN4QJ8XEMDXHPYNSQFZ,2025-01-03T21:46:25.322197456Z,01JGQ1YW2VK6Q1TK3GBKANVMN7,2025-01-03T21:46:25.322197456Z
01JGQ0FDJX1PJR3PS0FMM6S1RF,01JGQ02DY4Q8SKCPFS9SM3QK03,2025-01-03T21:17:24.957125102Z,01JGQ02DYKMTB890CVSBZ0JJ03,2025-01-03T21:17:24.957125102Z,01JGPZX69WP5QCN6YAEC2ZA52A,2025-01-03T21:17:24.957125102Z,01JGQ0B3DE2D00V1FXNVWKDBR7,2025-01-03T21:17:24.957125102Z
01JGQ0X9GWM17J3S20XPWC7JYY,01JGQ0C849F94EV3HQD9RE40JS,2025-01-03T21:24:59.548645856Z,01JGQ0C84J0QJJZJ4NFSFVRA5T,2025-01-03T21:24:59.548645856Z,01JGQ0JBDKZKSRNR14D9DNV3KC,2025-01-03T21:24:59.548645856Z,01JGQ0X95CC0HHA9EHCRKJBGJP,2025-01-03T21:24:59.548645856Z
01JGQ14JVMNMZ62VXNYE3GBGJA,01JGQ0C7ETEFBZD4VJK84VZHCX,2025-01-03T21:28:58.484589275Z,01JGQ0C7F7RS6KD043DRQ14HW4,2025-01-03T21:28:58.484589275Z,01JGQ0M80VEDX4T85AQX5ZGNPX,2025-01-03T21:28:58.484589275Z,01JGQ12QTXV8QTKCC0RWM6JNYQ,2025-01-03T21:28:58.484589275Z
01JGQ17KMKR3KPM2T5B67WZSEG,01JGQ0C7ETEFBZD4VJK84VZHCX,2025-01-03T21:30:37.587772534Z,01JGQ0C7F7RS6KD043DRQ14HW4,2025-01-03T21:30:37.587772534Z,01JGQ0E65PV4KS9CA6CGT3DF26,2025-01-03T21:30:37.587772534Z,01JGQ12QV480N3PCN9781QKJEE,2025-01-03T21:30:37.587772534Z
01JGQ17KN06EJKESCJE6XT7XKN,01JGQ0C7ETEFBZD4VJK84VZHCX,2025-01-03T21:30:37.600393721Z,01JGQ0C7F7RS6KD043DRQ14HW4,2025-01-03T21:30:37.600393721Z,01JGQ0GCQT83E3WEE7375T4F10,2025-01-03T21:30:37.600393721Z,01JGQ12QV480N3PCN9781QKJEE,2025-01-03T21:30:37.600393721Z
01JGQ17KN8Y3JWPPQE4XK2D6RF,01JGQ0C7ETEFBZD4VJK84VZHCX,2025-01-03T21:30:37.608618033Z,01JGQ0C7F7RS6KD043DRQ14HW4,2025-01-03T21:30:37.608618033Z,01JGQ0M80VEDX4T85AQX5ZGNPX,2025-01-03T21:30:37.608618033Z,01JGQ12QV480N3PCN9781QKJEE,2025-01-03T21:30:37.608618033Z
01JGQ23QA382R2CBFG0DYRPPEE,01JGQ1F3BN8EC002R2C6SDZHA8,2025-01-03T21:45:58.851781253Z,01JGQ1F3C4DVPQMKEVJM2J69Y3,2025-01-03T21:45:58.851781253Z,01JGQ1M29XYJNKSW8ZAQGM2K7K,2025-01-03T21:45:58.851781253Z,01JGQ1YW2PX0WFBKTVSN5KC68A,2025-01-03T21:45:58.851781253Z
01JGQ0FDK298CD1VHFWA06E7TN,01JGQ02DY4Q8SKCPFS9SM3QK03,2025-01-03T21:17:24.962493087Z,01JGQ02DYKMTB890CVSBZ0JJ03,2025-01-03T21:17:24.962493087Z,01JGPZY6M1PKJ57S5YVKHXAYHS,2025-01-03T21:17:24.962493087Z,01JGQ0B3DE2D00V1FXNVWKDBR7,2025-01-03T21:17:24.962493087Z
01JGQ0SVG6G5H0G9K8KAJ0WK1D,01JGQ09HBX8MC4DGNHX3FZ8EDY,2025-01-03T21:23:06.886052763Z,01JGQ09HCAQGMY5WGVV276K2K7,2025-01-03T21:23:06.886052763Z,01JGPZE8KQCCXZMCJ3YT3TTZKX,2025-01-03T21:23:06.886052763Z,01JGQ0Q55FWGCK7C0F6EEQQT1X,2025-01-03T21:23:06.886052763Z
01JGQ0X9H374949AG5ZMN7R65W,01JGQ0C849F94EV3HQD9RE40JS,2025-01-03T21:24:59.555857885Z,01JGQ0C84J0QJJZJ4NFSFVRA5T,2025-01-03T21:24:59.555857885Z,01JGQ0K1WF2HT2V04RZKFR203P,2025-01-03T21:24:59.555857885Z,01JGQ0X95CC0HHA9EHCRKJBGJP,2025-01-03T21:24:59.555857885Z
01JGQ0YD6W64XZY29QVXK1KEKV,01JGQ09HBX8MC4DGNHX3FZ8EDY,2025-01-03T21:25:36.092327637Z,01JGQ09HCAQGMY5WGVV276K2K7,2025-01-03T21:25:36.092327637Z,01JGQ0EBMFN660NY6ZXA41ZS43,2025-01-03T21:25:36.092327637Z,01JGQ0Q55KFW14FH0FMB3XJWYH,2025-01-03T21:25:36.092327637Z
01JGQ12A34B825R16Y0QRZME26,01JGQ0C849F94EV3HQD9RE40JS,2025-01-03T21:27:43.972152013Z,01JGQ0C84J0QJJZJ4NFSFVRA5T,2025-01-03T21:27:43.972152013Z,01JGQ0K1WF2HT2V04RZKFR203P,2025-01-03T21:27:43.972152013Z,01JGQ0X95VF9EE55RX4M9J24AZ,2025-01-03T21:27:43.972152013Z
01JGQ168Q4QPFZB1BBT1DQ8HT8,01JGQ0C7ETEFBZD4VJK84VZHCX,2025-01-03T21:29:53.636140803Z,01JGQ0C7F7RS6KD043DRQ14HW4,2025-01-03T21:29:53.636140803Z,01JGQ0E65PV4KS9CA6CGT3DF26,2025-01-03T21:29:53.636140803Z,01JGQ12QV1D8X86VEKZ43VMG0A,2025-01-03T21:29:53.636140803Z
01JGQ21Z9ZM91N695THVJ5DXAE,01JGQ1F3BN8EC002R2C6SDZHA8,2025-01-03T21:45:01.503861433Z,01JGQ1F3C4DVPQMKEVJM2J69Y3,2025-01-03T21:45:01.503861433Z,01JGQ1M29XYJNKSW8ZAQGM2K7K,2025-01-03T21:45:01.503861433Z,01JGQ1YW2C4GBQPHZ1CKXTGP4X,2025-01-03T21:45:01.503861433Z
01JGQ22GPFB97JT9V7PS423JJN,01JGQ1F3BN8EC002R2C6SDZHA8,2025-01-03T21:45:19.31163967Z,01JGQ1F3C4DVPQMKEVJM2J69Y3,2025-01-03T21:45:19.31163967Z,01JGQ1M29XYJNKSW8ZAQGM2K7K,2025-01-03T21:45:19.31163967Z,01JGQ1YW2JTVM6T0N8XH897AS9,2025-01-03T21:45:19.31163967Z
01JGQ23Q9WVPE9662C8ZHT60GE,01JGQ1F3BN8EC002R2C6SDZHA8,2025-01-03T21:45:58.844840495Z,01JGQ1F3C4DVPQMKEVJM2J69Y3,2025-01-03T21:45:58.844840495Z,01JGQ1JNN4QJ8XEMDXHPYNSQFZ,2025-01-03T21:45:58.844840495Z,01JGQ1YW2PX0WFBKTVSN5KC68A,2025-01-03T21:45:58.844840495Z
01JGQ0B3T1D7GAD9SCJ4CFTR7Z,01JGQ02DY4Q8SKCPFS9SM3QK03,2025-01-03T21:15:03.873259771Z,01JGQ02DYKMTB890CVSBZ0JJ03,2025-01-03T21:15:03.873259771Z,01JGPZX69WP5QCN6YAEC2ZA52A,2025-01-03T21:15:03.873259771Z,01JGQ0B3CEA9EPCX857GJFM3MZ,2025-01-03T21:15:03.873259771Z
01JGQ0BBE0SMADKSW58RCPYVA7,01JGPZ7DS26HBF8BHY8DZZHA96,2025-01-03T21:15:11.680163665Z,01JGPZ7DST3QHP58DW1G013V4K,2025-01-03T21:15:11.680163665Z,01JGPZWDB906WGPE716Q82VST1,2025-01-03T21:15:11.680163665Z,01JGQ04X8RCSCJMGQRWQTNW713,2025-01-03T21:15:11.680163665Z
01JGQ0SVGBG45AY1K83TK54XMA,01JGQ09HBX8MC4DGNHX3FZ8EDY,2025-01-03T21:23:06.891666786Z,01JGQ09HCAQGMY5WGVV276K2K7,2025-01-03T21:23:06.891666786Z,01JGPZXD6JBA8GN43DTG1XJEMW,2025-01-03T21:23:06.891666786Z,01JGQ0Q55FWGCK7C0F6EEQQT1X,2025-01-03T21:23:06.891666786Z
01JGQ0TRWZQ0MQGD0GMA39ZX9D,01JGQ09HBX8MC4DGNHX3FZ8EDY,2025-01-03T21:23:36.991788744Z,01JGQ09HCAQGMY5WGVV276K2K7,2025-01-03T21:23:36.991788744Z,01JGPZE8KQCCXZMCJ3YT3TTZKX,2025-01-03T21:23:36.991788744Z,01JGQ0Q558KT28R6KVPSTKTBKD,2025-01-03T21:23:36.991788744Z
01JGQ0YWEEH22F188WTVR8VBAG,01JGQ0C849F94EV3HQD9RE40JS,2025-01-03T21:25:51.695039348Z,01JGQ0C84J0QJJZJ4NFSFVRA5T,2025-01-03T21:25:51.695039348Z,01JGQ0F2Q1BGAXWC42W1W362R7,2025-01-03T21:25:51.695039348Z,01JGQ0X95Q15GZQNNAAAVFJ3JS,2025-01-03T21:25:51.695039348Z
01JGQ15F1XNYRR2D9SGJXFVCY8,01JGQ0C7ETEFBZD4VJK84VZHCX,2025-01-03T21:29:27.357878148Z,01JGQ0C7F7RS6KD043DRQ14HW4,2025-01-03T21:29:27.357878148Z,01JGQ0GCQT83E3WEE7375T4F10,2025-01-03T21:29:27.357878148Z,01JGQ12QV5A9S2WYN1811BZ688,2025-01-03T21:29:27.357878148Z
01JGQ1889V7J2FTG4S7G303WPN,01JGQ0C7ETEFBZD4VJK84VZHCX,2025-01-03T21:30:58.747935611Z,01JGQ0C7F7RS6KD043DRQ14HW4,2025-01-03T21:30:58.747935611Z,01JGQ0EMQMV9V3BJED4YANPYGG,2025-01-03T21:30:58.747935611Z,01JGQ12QVBVKFV22PP9BKJKTA3,2025-01-03T21:30:58.747935611Z
01JGQ2340V0ABS1RMCFTRGW8QD,01JGQ1F3BN8EC002R2C6SDZHA8,2025-01-03T21:45:39.099495288Z,01JGQ1F3C4DVPQMKEVJM2J69Y3,2025-01-03T21:45:39.099495288Z,01JGQ1M29XYJNKSW8ZAQGM2K7K,2025-01-03T21:45:39.099495288Z,01JGQ1YW2RRRHHV3MAGH6SHQH9,2025-01-03T21:45:39.099495288Z
01JGQ04XJKN5TYC1V1T8QBBZ73,01JGPZ7DS26HBF8BHY8DZZHA96,2025-01-03T21:11:40.883063313Z,01JGPZ7DST3QHP58DW1G013V4K,2025-01-03T21:11:40.883063313Z,01JGPZRZ4ZQDHG4XA5BZMF8KRX,2025-01-03T21:11:40.883063313Z,01JGQ04X81JXY0KDRB232S2JFW,2025-01-03T21:11:40.883063313Z
01JGQ07NSJDMJVP5WFEF0GQTJ9,01JGPZ7DS26HBF8BHY8DZZHA96,2025-01-03T21:13:11.218215318Z,01JGPZ7DST3QHP58DW1G013V4K,2025-01-03T21:13:11.218215318Z,01JGPZWDB906WGPE716Q82VST1,2025-01-03T21:13:11.218215318Z,01JGQ04X8V95ZN0FVACG6SJFXA,2025-01-03T21:13:11.218215318Z
01JGQ0DW1C2MADT5FH0SDVK99G,01JGQ02DY4Q8SKCPFS9SM3QK03,2025-01-03T21:16:34.220685546Z,01JGQ02DYKMTB890CVSBZ0JJ03,2025-01-03T21:16:34.220685546Z,01JGPZY6M1PKJ57S5YVKHXAYHS,2025-01-03T21:16:34.220685546Z,01JGQ0B3CYD51ZK7HACCZV92VH,2025-01-03T21:16:34.220685546Z
01JGQ0S089EB6GPG5C4F29QH80,01JGQ09HBX8MC4DGNHX3FZ8EDY,2025-01-03T21:22:38.985745008Z,01JGQ09HCAQGMY5WGVV276K2K7,2025-01-03T21:22:38.985745008Z,01JGQ0EBMFN660NY6ZXA41ZS43,2025-01-03T21:22:38.985745008Z,01JGQ0Q55N5G6QG7RWVFFRV5X2,2025-01-03T21:22:38.985745008Z
01JGQ0VPB64XDYN8NXQ5558J16,01JGQ09HBX8MC4DGNHX3FZ8EDY,2025-01-03T21:24:07.142126762Z,01JGQ09HCAQGMY5WGVV276K2K7,2025-01-03T21:24:07.142126762Z,01JGQ0EBMFN660NY6ZXA41ZS43,2025-01-03T21:24:07.142126762Z,01JGQ0Q55AGX05ETJQR7BS8Q6P,2025-01-03T21:24:07.142126762Z
01JGQ10SKHQS0JSDVB20JX5DQD,01JGQ0C849F94EV3HQD9RE40JS,2025-01-03T21:26:54.321539877Z,01JGQ0C84J0QJJZJ4NFSFVRA5T,2025-01-03T21:26:54.321539877Z,01JGQ0F2Q1BGAXWC42W1W362R7,2025-01-03T21:26:54.321539877Z,01JGQ0X95SJXCYCE3EXZW0M8V4,2025-01-03T21:26:54.321539877Z
01JGQ0FDJHMZ2E5MTYPRWY9HEQ,01JGQ02DY4Q8SKCPFS9SM3QK03,2025-01-03T21:17:24.945360157Z,01JGQ02DYKMTB890CVSBZ0JJ03,2025-01-03T21:17:24.945360157Z,01JGPZG59944099EVHQFGGF0SA,2025-01-03T21:17:24.945360157Z,01JGQ0B3DE2D00V1FXNVWKDBR7,2025-01-03T21:17:24.945360157Z
01JGQ0Q5F3M5WHK6QQEGND68Q7,01JGQ09HBX8MC4DGNHX3FZ8EDY,2025-01-03T21:21:38.787052512Z,01JGQ09HCAQGMY5WGVV276K2K7,2025-01-03T21:21:38.787052512Z,01JGQ0F4ER5V0NKZCQBD51KAXF,2025-01-03T21:21:38.787052512Z,01JGQ0Q5553HHE1ZB41E7093YF,2025-01-03T21:21:38.787052512Z
01JGQ0SVGGSVHNTFZS6QE03PKT,01JGQ09HBX8MC4DGNHX3FZ8EDY,2025-01-03T21:23:06.896393967Z,01JGQ09HCAQGMY5WGVV276K2K7,2025-01-03T21:23:06.896393967Z,01JGQ0EBMFN660NY6ZXA41ZS43,2025-01-03T21:23:06.896393967Z,01JGQ0Q55FWGCK7C0F6EEQQT1X,2025-01-03T21:23:06.896393967Z
01JGQ18W2BV9J72K13036FEHH0,01JGQ0C7ETEFBZD4VJK84VZHCX,2025-01-03T21:31:18.987406121Z,01JGQ0C7F7RS6KD043DRQ14HW4,2025-01-03T21:31:18.987406121Z,01JGQ0EMQMV9V3BJED4YANPYGG,2025-01-03T21:31:18.987406121Z,01JGQ12QV8WHNC9HBMFDZWYAYB,2025-01-03T21:31:18.987406121Z
01JGQ22GPR3Q285Y9PENEGV2ME,01JGQ1F3BN8EC002R2C6SDZHA8,2025-01-03T21:45:19.32186915Z,01JGQ1F3C4DVPQMKEVJM2J69Y3,2025-01-03T21:45:19.32186915Z,01JGQ1QB1H3AAC0DG4MA5F3MQB,2025-01-03T21:45:19.32186915Z,01JGQ1YW2JTVM6T0N8XH897AS9,2025-01-03T21:45:19.32186915Z
01JGQ07NSB2VQK080X1VDABZT2,01JGPZ7DS26HBF8BHY8DZZHA96,2025-01-03T21:13:11.211630551Z,01JGPZ7DST3QHP58DW1G013V4K,2025-01-03T21:13:11.211630551Z,01JGPZRZ4ZQDHG4XA5BZMF8KRX,2025-01-03T21:13:11.211630551Z,01JGQ04X8V95ZN0FVACG6SJFXA,2025-01-03T21:13:11.211630551Z
01JGQ0DW17BZYV0KQDME69J4MB,01JGQ02DY4Q8SKCPFS9SM3QK03,2025-01-03T21:16:34.216016138Z,01JGQ02DYKMTB890CVSBZ0JJ03,2025-01-03T21:16:34.216016138Z,01JGPZX69WP5QCN6YAEC2ZA52A,2025-01-03T21:16:34.216016138Z,01JGQ0B3CYD51ZK7HACCZV92VH,2025-01-03T21:16:34.216016138Z
01JGQ0SVGN59K0ZD9W3680A6HR,01JGQ09HBX8MC4DGNHX3FZ8EDY,2025-01-03T21:23:06.901590384Z,01JGQ09HCAQGMY5WGVV276K2K7,2025-01-03T21:23:06.901590384Z,01JGQ0F4ER5V0NKZCQBD51KAXF,2025-01-03T21:23:06.901590384Z,01JGQ0Q55FWGCK7C0F6EEQQT1X,2025-01-03T21:23:06.901590384Z
01JGQ0ZH32MY41MMEJQH0SXFRY,01JGQ0C849F94EV3HQD9RE40JS,2025-01-03T21:26:12.83428633Z,01JGQ0C84J0QJJZJ4NFSFVRA5T,2025-01-03T21:26:12.83428633Z,01JGQ0K1WF2HT2V04RZKFR203P,2025-01-03T21:26:12.83428633Z,01JGQ0X95KJJ17QR7XPETRDYWE,2025-01-03T21:26:12.83428633Z
01JGQ168Q9H6Z7GA8EYHPATKJ0,01JGQ0C7ETEFBZD4VJK84VZHCX,2025-01-03T21:29:53.641413393Z,01JGQ0C7F7RS6KD043DRQ14HW4,2025-01-03T21:29:53.641413393Z,01JGQ0EMQMV9V3BJED4YANPYGG,2025-01-03T21:29:53.641413393Z,01JGQ12QV1D8X86VEKZ43VMG0A,2025-01-03T21:29:53.641413393Z
01JGQ17KMTABW932AYZEV0VF4P,01JGQ0C7ETEFBZD4VJK84VZHCX,2025-01-03T21:30:37.594494313Z,01JGQ0C7F7RS6KD043DRQ14HW4,2025-01-03T21:30:37.594494313Z,01JGQ0EMQMV9V3BJED4YANPYGG,2025-01-03T21:30:37.594494313Z,01JGQ12QV480N3PCN9781QKJEE,2025-01-03T21:30:37.594494313Z
