id,batchID,batchIDLastChangedAt,confidence,confidenceLastChangedAt,gameID,gameIDLastChangedAt,guess,guessLastChangedAt,playerID,playerIDLastChangedAt,roundID,roundIDLastChangedAt,stageID,stageIDLastChangedAt,submit,submitLastChangedAt
01JGQ0TRZ7N2NR1C8VDDRS3RN3,01JGQ09HBX8MC4DGNHX3FZ8EDY,2025-01-03T21:23:37.06384558Z,63,2025-01-03T21:23:50.818180252Z,01JGQ09HCAQGMY5WGVV276K2K7,2025-01-03T21:23:37.06384558Z,55,2025-01-03T21:23:51.131691366Z,01JGQ0F4ER5V0NKZCQBD51KAXF,2025-01-03T21:23:37.06384558Z,01JGQ0Q558KT28R6KVPSTKTBKD,2025-01-03T21:23:37.06384558Z,01JGQ0Q57AY9403Q6CFFX54D6J,2025-01-03T21:23:37.06384558Z,true,2025-01-03T21:23:50.823446385Z
01JGQ168RYEXSWZKJS9PV8C565,01JGQ0C7ETEFBZD4VJK84VZHCX,2025-01-03T21:29:53.694028579Z,69,2025-01-03T21:30:14.308092601Z,01JGQ0C7F7RS6KD043DRQ14HW4,2025-01-03T21:29:53.694028579Z,80,2025-01-03T21:30:14.310681874Z,01JGQ0M80VEDX4T85AQX5ZGNPX,2025-01-03T21:29:53.694028579Z,01JGQ12QV1D8X86VEKZ43VMG0A,2025-01-03T21:29:53.694028579Z,01JGQ12QXMXWYW56RC0R24BMNG,2025-01-03T21:29:53.694028579Z,true,2025-01-03T21:30:14.305472402Z
01JGQ1ZSV9FRQQMCQQJMWR8HEG,01JGQ1F3BN8EC002R2C6SDZHA8,2025-01-03T21:43:50.378000999Z,18,2025-01-03T21:44:08.800455883Z,01JGQ1F3C4DVPQMKEVJM2J69Y3,2025-01-03T21:43:50.378000999Z,0,2025-01-03T21:44:08.797292454Z,01JGQ1QB1H3AAC0DG4MA5F3MQB,2025-01-03T21:43:50.378000999Z,01JGQ1YW22CC7CH4RRQPN6FTE9,2025-01-03T21:43:50.378000999Z,01JGQ1YW4HC15YKMT7QADF8CC8,2025-01-03T21:43:50.378000999Z,true,2025-01-03T21:44:09.041462324Z
01JGQ0ZH46VF5FA5KS4J2424YM,01JGQ0C849F94EV3HQD9RE40JS,2025-01-03T21:26:12.870354036Z,100,2025-01-03T21:26:26.736895576Z,01JGQ0C84J0QJJZJ4NFSFVRA5T,2025-01-03T21:26:12.870354036Z,0,2025-01-03T21:26:26.739800031Z,01JGQ0F2Q1BGAXWC42W1W362R7,2025-01-03T21:26:12.870354036Z,01JGQ0X95KJJ17QR7XPETRDYWE,2025-01-03T21:26:12.870354036Z,01JGQ0X98MTVJ8R684EXTNPNQQ,2025-01-03T21:26:12.870354036Z,true,2025-01-03T21:26:26.762703932Z
01JGQ10SN5AZS8089YRDCGZR4Z,01JGQ0C849F94EV3HQD9RE40JS,2025-01-03T21:26:54.373077897Z,28,2025-01-03T21:27:14.141120699Z,01JGQ0C84J0QJJZJ4NFSFVRA5T,2025-01-03T21:26:54.373077897Z,100,2025-01-03T21:27:14.091703813Z,01JGQ0K1WF2HT2V04RZKFR203P,2025-01-03T21:26:54.373077897Z,01JGQ0X95SJXCYCE3EXZW0M8V4,2025-01-03T21:26:54.373077897Z,01JGQ0X99538S4K2BRVB885ANE,2025-01-03T21:26:54.373077897Z,true,2025-01-03T21:27:14.144943741Z
01JGQ21ZC1F51AX68CPTD3JRA1,01JGQ1F3BN8EC002R2C6SDZHA8,2025-01-03T21:45:01.569591752Z,20,2025-01-03T21:45:15.942685132Z,01JGQ1F3C4DVPQMKEVJM2J69Y3,2025-01-03T21:45:01.569591752Z,64,2025-01-03T21:45:15.93943446Z,01JGQ1M29XYJNKSW8ZAQGM2K7K,2025-01-03T21:45:01.569591752Z,01JGQ1YW2C4GBQPHZ1CKXTGP4X,2025-01-03T21:45:01.569591752Z,01JGQ1YW6G9Q2NGJXNVT72HXVY,2025-01-03T21:45:01.569591752Z,true,2025-01-03T21:45:15.945288917Z
01JGQ24H7F8MA0MJH52GQG78MC,01JGQ1F3BN8EC002R2C6SDZHA8,2025-01-03T21:46:25.391964013Z,7,2025-01-03T21:46:36.102285004Z,01JGQ1F3C4DVPQMKEVJM2J69Y3,2025-01-03T21:46:25.391964013Z,56,2025-01-03T21:46:36.099432566Z,01JGQ1M29XYJNKSW8ZAQGM2K7K,2025-01-03T21:46:25.391964013Z,01JGQ1YW2VK6Q1TK3GBKANVMN7,2025-01-03T21:46:25.391964013Z,01JGQ1YW6NGY630N3FVJVG0PYH,2025-01-03T21:46:25.391964013Z,true,2025-01-03T21:46:36.111238338Z
01JGQ06RDGJ750SBBEG54CGQKM,01JGPZ7DS26HBF8BHY8DZZHA96,2025-01-03T21:12:41.136679999Z,96,2025-01-03T21:13:09.399680022Z,01JGPZ7DST3QHP58DW1G013V4K,2025-01-03T21:12:41.136679999Z,1,2025-01-03T21:13:09.396979458Z,01JGPZX7DGN1X2T8FHQDTEA9ZN,2025-01-03T21:12:41.136679999Z,01JGQ04X85NJHFV34CN37KHAS9,2025-01-03T21:12:41.136679999Z,01JGQ04XAKE2S8304HJYW5X8N7,2025-01-03T21:12:41.136679999Z,true,2025-01-03T21:13:09.551252743Z
01JGQ07NV1AB46JVR2GPXR0QPP,01JGPZ7DS26HBF8BHY8DZZHA96,2025-01-03T21:13:11.265487325Z,,,01JGPZ7DST3QHP58DW1G013V4K,2025-01-03T21:13:11.265487325Z,,,01JGPZRZ4ZQDHG4XA5BZMF8KRX,2025-01-03T21:13:11.265487325Z,01JGQ04X8V95ZN0FVACG6SJFXA,2025-01-03T21:13:11.265487325Z,01JGQ04XBBMPPFW0GJQFMWTYWN,2025-01-03T21:13:11.265487325Z,,
01JGQ08K8FXGK1V4E9A7YKMPNJ,01JGPZ7DS26HBF8BHY8DZZHA96,2025-01-03T21:13:41.39178406Z,93,2025-01-03T21:14:03.734151772Z,01JGPZ7DST3QHP58DW1G013V4K,2025-01-03T21:13:41.39178406Z,89,2025-01-03T21:14:03.735392247Z,01JGPZWDB906WGPE716Q82VST1,2025-01-03T21:13:41.39178406Z,01JGQ04X8TF2PZZPTQWT25BXJJ,2025-01-03T21:13:41.39178406Z,01JGQ04XB8B05S9EWR8HSZ3AD4,2025-01-03T21:13:41.39178406Z,true,2025-01-03T21:14:03.740796582Z
01JGQ0XGT7M8MTT66EZ9CM4PFT,01JGQ09HBX8MC4DGNHX3FZ8EDY,2025-01-03T21:25:07.015292322Z,54,2025-01-03T21:25:16.787844797Z,01JGQ09HCAQGMY5WGVV276K2K7,2025-01-03T21:25:07.015292322Z,55,2025-01-03T21:25:16.783530574Z,01JGQ0F4ER5V0NKZCQBD51KAXF,2025-01-03T21:25:07.015292322Z,01JGQ0Q55HHN8FSWP53GMPVKD9,2025-01-03T21:25:07.015292322Z,01JGQ0Q56W6666E93G00VJZX88,2025-01-03T21:25:07.015292322Z,true,2025-01-03T21:25:17.085014206Z
01JGQ12A4PW7T6DQ627XM77A01,01JGQ0C849F94EV3HQD9RE40JS,2025-01-03T21:27:44.022266297Z,30,2025-01-03T21:28:00.23070036Z,01JGQ0C84J0QJJZJ4NFSFVRA5T,2025-01-03T21:27:44.022266297Z,76,2025-01-03T21:27:59.73203256Z,01JGQ0K1WF2HT2V04RZKFR203P,2025-01-03T21:27:44.022266297Z,01JGQ0X95VF9EE55RX4M9J24AZ,2025-01-03T21:27:44.022266297Z,01JGQ0X9945DMYSXXY3DAK5T2G,2025-01-03T21:27:44.022266297Z,true,2025-01-03T21:27:59.729494746Z
01JGQ14JWEFVZN32DHCPK70S8E,01JGQ0C7ETEFBZD4VJK84VZHCX,2025-01-03T21:28:58.510028035Z,100,2025-01-03T21:29:18.098418673Z,01JGQ0C7F7RS6KD043DRQ14HW4,2025-01-03T21:28:58.510028035Z,0,2025-01-03T21:29:18.096311482Z,01JGQ0E65PV4KS9CA6CGT3DF26,2025-01-03T21:28:58.510028035Z,01JGQ12QTXV8QTKCC0RWM6JNYQ,2025-01-03T21:28:58.510028035Z,01JGQ12QXBTRH7TRCEA4AT3SVG,2025-01-03T21:28:58.510028035Z,true,2025-01-03T21:29:18.103966152Z
01JGQ2342D0XZKMKSGWT65QEAB,01JGQ1F3BN8EC002R2C6SDZHA8,2025-01-03T21:45:39.149746458Z,32,2025-01-03T21:45:58.39107361Z,01JGQ1F3C4DVPQMKEVJM2J69Y3,2025-01-03T21:45:39.149746458Z,62,2025-01-03T21:45:58.380484805Z,01JGQ1GG06K6M53PBNF0BQG7HW,2025-01-03T21:45:39.149746458Z,01JGQ1YW2RRRHHV3MAGH6SHQH9,2025-01-03T21:45:39.149746458Z,01JGQ1YW49Z2W0W6HKHNBSD7NF,2025-01-03T21:45:39.149746458Z,true,2025-01-03T21:45:58.385869926Z
01JGQ0TRYGB3HWENRW0JZF3EC1,01JGQ09HBX8MC4DGNHX3FZ8EDY,2025-01-03T21:23:37.040675502Z,100,2025-01-03T21:24:00.629867066Z,01JGQ09HCAQGMY5WGVV276K2K7,2025-01-03T21:23:37.040675502Z,0,2025-01-03T21:24:00.619884343Z,01JGPZE8KQCCXZMCJ3YT3TTZKX,2025-01-03T21:23:37.040675502Z,01JGQ0Q558KT28R6KVPSTKTBKD,2025-01-03T21:23:37.040675502Z,01JGQ0Q57AY9403Q6CFFX54D6J,2025-01-03T21:23:37.040675502Z,true,2025-01-03T21:24:00.600378926Z
01JGQ1705RD28TYSSM8666BPTY,01JGQ0C7ETEFBZD4VJK84VZHCX,2025-01-03T21:30:17.656461039Z,93,2025-01-03T21:30:36.320640624Z,01JGQ0C7F7RS6KD043DRQ14HW4,2025-01-03T21:30:17.656461039Z,66,2025-01-03T21:30:36.325738837Z,01JGQ0EMQMV9V3BJED4YANPYGG,2025-01-03T21:30:17.656461039Z,01JGQ12QTZ8RA7AHB8SET5390F,2025-01-03T21:30:17.656461039Z,01JGQ12QXZ86SWSQJ0696SVNFS,2025-01-03T21:30:17.656461039Z,true,2025-01-03T21:30:36.332401949Z
01JGQ0XGSX4QXTJS1MS6TC9CYX,01JGQ09HBX8MC4DGNHX3FZ8EDY,2025-01-03T21:25:07.00552027Z,69,2025-01-03T21:25:16.298678544Z,01JGQ09HCAQGMY5WGVV276K2K7,2025-01-03T21:25:07.00552027Z,20,2025-01-03T21:25:16.286420522Z,01JGQ0EBMFN660NY6ZXA41ZS43,2025-01-03T21:25:07.00552027Z,01JGQ0Q55HHN8FSWP53GMPVKD9,2025-01-03T21:25:07.00552027Z,01JGQ0Q56W6666E93G00VJZX88,2025-01-03T21:25:07.00552027Z,true,2025-01-03T21:25:16.294139216Z
01JGQ218GY40YFEYWXPMCT20S6,01JGQ1F3BN8EC002R2C6SDZHA8,2025-01-03T21:44:38.174884078Z,18,2025-01-03T21:44:55.829798872Z,01JGQ1F3C4DVPQMKEVJM2J69Y3,2025-01-03T21:44:38.174884078Z,49,2025-01-03T21:44:55.846548927Z,01JGQ1M29XYJNKSW8ZAQGM2K7K,2025-01-03T21:44:38.174884078Z,01JGQ1YW2FD50RSKQS1VYX0VRJ,2025-01-03T21:44:38.174884078Z,01JGQ1YW56Z07XKKMR02N4WPYK,2025-01-03T21:44:38.174884078Z,true,2025-01-03T21:44:55.835996035Z
01JGQ0C1894A30TGYQFRK8QH14,01JGQ02DY4Q8SKCPFS9SM3QK03,2025-01-03T21:15:34.025643117Z,,,01JGQ02DYKMTB890CVSBZ0JJ03,2025-01-03T21:15:34.025643117Z,,,01JGPZW8Z1TJ5HFSP3CC8MPYZH,2025-01-03T21:15:34.025643117Z,01JGQ0B3CEA9EPCX857GJFM3MZ,2025-01-03T21:15:34.025643117Z,01JGQ0B3GMZRFSGFBT6TFAKN20,2025-01-03T21:15:34.025643117Z,,
01JGQ0G5DTKWPNFMZ3KM1FZF41,01JGQ02DY4Q8SKCPFS9SM3QK03,2025-01-03T21:17:49.370591523Z,19,2025-01-03T21:18:05.015822197Z,01JGQ02DYKMTB890CVSBZ0JJ03,2025-01-03T21:17:49.370591523Z,0,2025-01-03T21:18:05.008533818Z,01JGPZW8Z1TJ5HFSP3CC8MPYZH,2025-01-03T21:17:49.370591523Z,01JGQ0B3DCA8VZZ0K83XCQFPE2,2025-01-03T21:17:49.370591523Z,01JGQ0B3J1GPSSXYFF912G8EJ1,2025-01-03T21:17:49.370591523Z,true,2025-01-03T21:18:05.009800016Z
01JGQ0G5E48XC4T97PBG69BAG5,01JGQ02DY4Q8SKCPFS9SM3QK03,2025-01-03T21:17:49.381000347Z,69,2025-01-03T21:18:03.655183619Z,01JGQ02DYKMTB890CVSBZ0JJ03,2025-01-03T21:17:49.381000347Z,40,2025-01-03T21:18:03.653267964Z,01JGPZY6M1PKJ57S5YVKHXAYHS,2025-01-03T21:17:49.381000347Z,01JGQ0B3DCA8VZZ0K83XCQFPE2,2025-01-03T21:17:49.381000347Z,01JGQ0B3J1GPSSXYFF912G8EJ1,2025-01-03T21:17:49.381000347Z,true,2025-01-03T21:18:03.661609504Z
01JGQ0Q5GTAN9DNCR6N42G4ZQM,01JGQ09HBX8MC4DGNHX3FZ8EDY,2025-01-03T21:21:38.842126717Z,,,01JGQ09HCAQGMY5WGVV276K2K7,2025-01-03T21:21:38.842126717Z,,,01JGQ0EBMFN660NY6ZXA41ZS43,2025-01-03T21:21:38.842126717Z,01JGQ0Q5553HHE1ZB41E7093YF,2025-01-03T21:21:38.842126717Z,01JGQ0Q58221NYNK9C3EEVK412,2025-01-03T21:21:38.842126717Z,,
01JGQ18W3Y898Y5SP0TW2SSRDP,01JGQ0C7ETEFBZD4VJK84VZHCX,2025-01-03T21:31:19.038911158Z,62,2025-01-03T21:31:46.185573472Z,01JGQ0C7F7RS6KD043DRQ14HW4,2025-01-03T21:31:19.038911158Z,80,2025-01-03T21:31:46.189174697Z,01JGQ0GCQT83E3WEE7375T4F10,2025-01-03T21:31:19.038911158Z,01JGQ12QV8WHNC9HBMFDZWYAYB,2025-01-03T21:31:19.038911158Z,01JGQ12QX8HH1CJ4G0G1G7TCC2,2025-01-03T21:31:19.038911158Z,true,2025-01-03T21:31:46.199783321Z
01JGQ24H6YTSREAJ6QC2AM1Z77,01JGQ1F3BN8EC002R2C6SDZHA8,2025-01-03T21:46:25.374286029Z,82,2025-01-03T21:46:35.000062938Z,01JGQ1F3C4DVPQMKEVJM2J69Y3,2025-01-03T21:46:25.374286029Z,65,2025-01-03T21:46:35.006586029Z,01JGQ1GG06K6M53PBNF0BQG7HW,2025-01-03T21:46:25.374286029Z,01JGQ1YW2VK6Q1TK3GBKANVMN7,2025-01-03T21:46:25.374286029Z,01JGQ1YW6NGY630N3FVJVG0PYH,2025-01-03T21:46:25.374286029Z,true,2025-01-03T21:46:35.002547666Z
01JGQ0DW2963P1947F2MEEBNNT,01JGQ02DY4Q8SKCPFS9SM3QK03,2025-01-03T21:16:34.249091242Z,92,2025-01-03T21:17:01.479180181Z,01JGQ02DYKMTB890CVSBZ0JJ03,2025-01-03T21:16:34.249091242Z,99,2025-01-03T21:17:01.482705749Z,01JGPZW8Z1TJ5HFSP3CC8MPYZH,2025-01-03T21:16:34.249091242Z,01JGQ0B3CYD51ZK7HACCZV92VH,2025-01-03T21:16:34.249091242Z,01JGQ0B3GJCDCZK41TSS6G9WR4,2025-01-03T21:16:34.249091242Z,true,2025-01-03T21:17:01.486679161Z
01JGQ0Q5GNNPET5WZZH43TRCT6,01JGQ09HBX8MC4DGNHX3FZ8EDY,2025-01-03T21:21:38.837096432Z,,,01JGQ09HCAQGMY5WGVV276K2K7,2025-01-03T21:21:38.837096432Z,,,01JGPZXD6JBA8GN43DTG1XJEMW,2025-01-03T21:21:38.837096432Z,01JGQ0Q5553HHE1ZB41E7093YF,2025-01-03T21:21:38.837096432Z,01JGQ0Q58221NYNK9C3EEVK412,2025-01-03T21:21:38.837096432Z,,
01JGQ0S09C9C7VGARW2QGX67CW,01JGQ09HBX8MC4DGNHX3FZ8EDY,2025-01-03T21:22:39.0208666Z,93,2025-01-03T21:23:06.760376754Z,01JGQ09HCAQGMY5WGVV276K2K7,2025-01-03T21:22:39.0208666Z,0,2025-01-03T21:23:06.751851379Z,01JGPZE8KQCCXZMCJ3YT3TTZKX,2025-01-03T21:22:39.0208666Z,01JGQ0Q55N5G6QG7RWVFFRV5X2,2025-01-03T21:22:39.0208666Z,01JGQ0Q58RBKM9ZNF8467APXMY,2025-01-03T21:22:39.0208666Z,true,2025-01-03T21:23:06.837803553Z
01JGQ11D3HMPRFDX8DAJ0AAMJZ,01JGQ0C849F94EV3HQD9RE40JS,2025-01-03T21:27:14.290940309Z,83,2025-01-03T21:27:29.253377418Z,01JGQ0C84J0QJJZJ4NFSFVRA5T,2025-01-03T21:27:14.290940309Z,100,2025-01-03T21:27:29.240181605Z,01JGQ0K1WF2HT2V04RZKFR203P,2025-01-03T21:27:14.290940309Z,01JGQ0X95F207YNDH053RGNWSG,2025-01-03T21:27:14.290940309Z,01JGQ0X97BBMTHA4X42XZ8DW9V,2025-01-03T21:27:14.290940309Z,true,2025-01-03T21:27:29.237786569Z
01JGQ12R5E4FNT4TMZT57766KH,01JGQ0C7ETEFBZD4VJK84VZHCX,2025-01-03T21:27:58.382369679Z,,,01JGQ0C7F7RS6KD043DRQ14HW4,2025-01-03T21:27:58.382369679Z,,,01JGQ0EMQMV9V3BJED4YANPYGG,2025-01-03T21:27:58.382369679Z,01JGQ12QTTNNB6JWK8HT92H4YQ,2025-01-03T21:27:58.382369679Z,01JGQ12QX37CR0F4N8DQ5HFTNC,2025-01-03T21:27:58.382369679Z,,
01JGQ1705YBXPVN0V663MF76Y2,01JGQ0C7ETEFBZD4VJK84VZHCX,2025-01-03T21:30:17.662056078Z,77,2025-01-03T21:30:37.514411868Z,01JGQ0C7F7RS6KD043DRQ14HW4,2025-01-03T21:30:17.662056078Z,87,2025-01-03T21:30:37.502364019Z,01JGQ0GCQT83E3WEE7375T4F10,2025-01-03T21:30:17.662056078Z,01JGQ12QTZ8RA7AHB8SET5390F,2025-01-03T21:30:17.662056078Z,01JGQ12QXZ86SWSQJ0696SVNFS,2025-01-03T21:30:17.662056078Z,true,2025-01-03T21:30:37.522011924Z
01JGQ17KPKMW2WV8EE1K22WYZ7,01JGQ0C7ETEFBZD4VJK84VZHCX,2025-01-03T21:30:37.651739579Z,61,2025-01-03T21:30:58.671884848Z,01JGQ0C7F7RS6KD043DRQ14HW4,2025-01-03T21:30:37.651739579Z,88,2025-01-03T21:30:58.674526042Z,01JGQ0GCQT83E3WEE7375T4F10,2025-01-03T21:30:37.651739579Z,01JGQ12QV480N3PCN9781QKJEE,2025-01-03T21:30:37.651739579Z,01JGQ12QY49X6M6BGAKRW3ZE4D,2025-01-03T21:30:37.651739579Z,true,2025-01-03T21:30:58.685308514Z
01JGQ08K899303A9XAJ4WY0S2Q,01JGPZ7DS26HBF8BHY8DZZHA96,2025-01-03T21:13:41.38515032Z,,,01JGPZ7DST3QHP58DW1G013V4K,2025-01-03T21:13:41.38515032Z,,,01JGPZRZ4ZQDHG4XA5BZMF8KRX,2025-01-03T21:13:41.38515032Z,01JGQ04X8TF2PZZPTQWT25BXJJ,2025-01-03T21:13:41.38515032Z,01JGQ04XB8B05S9EWR8HSZ3AD4,2025-01-03T21:13:41.38515032Z,,
01JGQ0FDMS0W1VMQWJBRCZHAKX,01JGQ02DY4Q8SKCPFS9SM3QK03,2025-01-03T21:17:25.018004492Z,77,2025-01-03T21:17:41.058099957Z,01JGQ02DYKMTB890CVSBZ0JJ03,2025-01-03T21:17:25.018004492Z,58,2025-01-03T21:17:41.056108246Z,01JGPZY6M1PKJ57S5YVKHXAYHS,2025-01-03T21:17:25.018004492Z,01JGQ0B3DE2D00V1FXNVWKDBR7,2025-01-03T21:17:25.018004492Z,01JGQ0B3G2Y3TWZC24VPM0VN0Q,2025-01-03T21:17:25.018004492Z,true,2025-01-03T21:17:41.06038786Z
01JGQ0R2W3BKZ5A5XCXTVTQWFN,01JGQ09HBX8MC4DGNHX3FZ8EDY,2025-01-03T21:22:08.900041693Z,100,2025-01-03T21:22:25.119139632Z,01JGQ09HCAQGMY5WGVV276K2K7,2025-01-03T21:22:08.900041693Z,100,2025-01-03T21:22:25.113659617Z,01JGPZXD6JBA8GN43DTG1XJEMW,2025-01-03T21:22:08.900041693Z,01JGQ0Q5553HHE1ZB41E7093YF,2025-01-03T21:22:08.900041693Z,01JGQ0Q583RW5GF409P7Q3ZMDP,2025-01-03T21:22:08.900041693Z,true,2025-01-03T21:22:25.294466077Z
01JGQ12A42KT3ZC1A8WDJ4VBC7,01JGQ0C849F94EV3HQD9RE40JS,2025-01-03T21:27:44.002799527Z,36,2025-01-03T21:27:53.499147931Z,01JGQ0C84J0QJJZJ4NFSFVRA5T,2025-01-03T21:27:44.002799527Z,42,2025-01-03T21:27:53.494826772Z,01JGQ0EAQCPREAHEEHRAKRV7WB,2025-01-03T21:27:44.002799527Z,01JGQ0X95VF9EE55RX4M9J24AZ,2025-01-03T21:27:44.002799527Z,01JGQ0X9945DMYSXXY3DAK5T2G,2025-01-03T21:27:44.002799527Z,true,2025-01-03T21:27:53.507654228Z
01JGQ1YWF2HHMQMEX0EDXKJ9YH,01JGQ1F3BN8EC002R2C6SDZHA8,2025-01-03T21:43:20.290985827Z,,,01JGQ1F3C4DVPQMKEVJM2J69Y3,2025-01-03T21:43:20.290985827Z,,,01JGQ1JNN4QJ8XEMDXHPYNSQFZ,2025-01-03T21:43:20.290985827Z,01JGQ1YW22CC7CH4RRQPN6FTE9,2025-01-03T21:43:20.290985827Z,01JGQ1YW4EEC3FYS7FMFXA3XCS,2025-01-03T21:43:20.290985827Z,,
01JGQ04XMWZXJFAQ77TB97SBXR,01JGPZ7DS26HBF8BHY8DZZHA96,2025-01-03T21:11:40.956965346Z,,,01JGPZ7DST3QHP58DW1G013V4K,2025-01-03T21:11:40.956965346Z,,,01JGQ020PJTA07HKQR510T275H,2025-01-03T21:11:40.956965346Z,01JGQ04X81JXY0KDRB232S2JFW,2025-01-03T21:11:40.956965346Z,01JGQ04XAXZ9E52TGRQF1YS263,2025-01-03T21:11:40.956965346Z,,
01JGQ05TZX9787T8GWPAC580Y6,01JGPZ7DS26HBF8BHY8DZZHA96,2025-01-03T21:12:11.005869421Z,,,01JGPZ7DST3QHP58DW1G013V4K,2025-01-03T21:12:11.005869421Z,,,01JGPZRZ4ZQDHG4XA5BZMF8KRX,2025-01-03T21:12:11.005869421Z,01JGQ04X81JXY0KDRB232S2JFW,2025-01-03T21:12:11.005869421Z,01JGQ04XAYYSE45CWKSHXWMVX5,2025-01-03T21:12:11.005869421Z,,
01JGQ08K8TRCR2DM7G3HT8NPHF,01JGPZ7DS26HBF8BHY8DZZHA96,2025-01-03T21:13:41.402697791Z,80,2025-01-03T21:13:51.528939869Z,01JGPZ7DST3QHP58DW1G013V4K,2025-01-03T21:13:41.402697791Z,11,2025-01-03T21:13:51.533865569Z,01JGQ020PJTA07HKQR510T275H,2025-01-03T21:13:41.402697791Z,01JGQ04X8TF2PZZPTQWT25BXJJ,2025-01-03T21:13:41.402697791Z,01JGQ04XB8B05S9EWR8HSZ3AD4,2025-01-03T21:13:41.402697791Z,true,2025-01-03T21:13:51.530642701Z
01JGQ12A498FKJY6MREHB3SKV2,01JGQ0C849F94EV3HQD9RE40JS,2025-01-03T21:27:44.009933743Z,100,2025-01-03T21:27:52.773606232Z,01JGQ0C84J0QJJZJ4NFSFVRA5T,2025-01-03T21:27:44.009933743Z,9,2025-01-03T21:27:52.730533941Z,01JGQ0F2Q1BGAXWC42W1W362R7,2025-01-03T21:27:44.009933743Z,01JGQ0X95VF9EE55RX4M9J24AZ,2025-01-03T21:27:44.009933743Z,01JGQ0X9945DMYSXXY3DAK5T2G,2025-01-03T21:27:44.009933743Z,true,2025-01-03T21:27:52.778219335Z
01JGQ168RR72XWB6H234RJPKGC,01JGQ0C7ETEFBZD4VJK84VZHCX,2025-01-03T21:29:53.68824214Z,80,2025-01-03T21:30:16.365146041Z,01JGQ0C7F7RS6KD043DRQ14HW4,2025-01-03T21:29:53.68824214Z,88,2025-01-03T21:30:16.368032458Z,01JGQ0GCQT83E3WEE7375T4F10,2025-01-03T21:29:53.68824214Z,01JGQ12QV1D8X86VEKZ43VMG0A,2025-01-03T21:29:53.68824214Z,01JGQ12QXMXWYW56RC0R24BMNG,2025-01-03T21:29:53.68824214Z,true,2025-01-03T21:30:16.37427079Z
01JGQ18W3J2GRPZA4640B0WE51,01JGQ0C7ETEFBZD4VJK84VZHCX,2025-01-03T21:31:19.026919221Z,100,2025-01-03T21:31:26.653827434Z,01JGQ0C7F7RS6KD043DRQ14HW4,2025-01-03T21:31:19.026919221Z,0,2025-01-03T21:31:26.651729045Z,01JGQ0E65PV4KS9CA6CGT3DF26,2025-01-03T21:31:19.026919221Z,01JGQ12QV8WHNC9HBMFDZWYAYB,2025-01-03T21:31:19.026919221Z,01JGQ12QX8HH1CJ4G0G1G7TCC2,2025-01-03T21:31:19.026919221Z,true,2025-01-03T21:31:26.65830542Z
01JGQ05V0BFBWX23RZC4MXJT60,01JGPZ7DS26HBF8BHY8DZZHA96,2025-01-03T21:12:11.019652896Z,96,2025-01-03T21:12:33.617225965Z,01JGPZ7DST3QHP58DW1G013V4K,2025-01-03T21:12:11.019652896Z,0,2025-01-03T21:12:33.613121979Z,01JGPZX7DGN1X2T8FHQDTEA9ZN,2025-01-03T21:12:11.019652896Z,01JGQ04X81JXY0KDRB232S2JFW,2025-01-03T21:12:11.019652896Z,01JGQ04XAYYSE45CWKSHXWMVX5,2025-01-03T21:12:11.019652896Z,true,2025-01-03T21:12:33.765118879Z
01JGQ09GNTRZ790ZCWSJ6S3ZW2,01JGPZ7DS26HBF8BHY8DZZHA96,2025-01-03T21:14:11.514884954Z,94,2025-01-03T21:14:41.733399888Z,01JGPZ7DST3QHP58DW1G013V4K,2025-01-03T21:14:11.514884954Z,5,2025-01-03T21:14:41.728861559Z,01JGPZX7DGN1X2T8FHQDTEA9ZN,2025-01-03T21:14:11.514884954Z,01JGQ04X8S6DPYE9QCR43KZX51,2025-01-03T21:14:11.514884954Z,01JGQ04XB27S87H2HA7CNE955V,2025-01-03T21:14:11.514884954Z,true,2025-01-03T21:14:41.88495971Z
01JGQ0YD7VG62V25N3F3ZT8TJJ,01JGQ09HBX8MC4DGNHX3FZ8EDY,2025-01-03T21:25:36.123421889Z,,,01JGQ09HCAQGMY5WGVV276K2K7,2025-01-03T21:25:36.123421889Z,,,01JGPZE8KQCCXZMCJ3YT3TTZKX,2025-01-03T21:25:36.123421889Z,01JGQ0Q55KFW14FH0FMB3XJWYH,2025-01-03T21:25:36.123421889Z,01JGQ0Q58EMNBQDFFK2H8F3183,2025-01-03T21:25:36.123421889Z,,
01JGQ0R2WAC0WKM728P99V2K7D,01JGQ09HBX8MC4DGNHX3FZ8EDY,2025-01-03T21:22:08.90612076Z,63,2025-01-03T21:22:35.457150373Z,01JGQ09HCAQGMY5WGVV276K2K7,2025-01-03T21:22:08.90612076Z,0,2025-01-03T21:22:35.449819413Z,01JGQ0EBMFN660NY6ZXA41ZS43,2025-01-03T21:22:08.90612076Z,01JGQ0Q5553HHE1ZB41E7093YF,2025-01-03T21:22:08.90612076Z,01JGQ0Q583RW5GF409P7Q3ZMDP,2025-01-03T21:22:08.90612076Z,true,2025-01-03T21:22:35.550223091Z
01JGQ0X9JJTEB059E83MSQAVFM,01JGQ0C849F94EV3HQD9RE40JS,2025-01-03T21:24:59.60227746Z,,,01JGQ0C84J0QJJZJ4NFSFVRA5T,2025-01-03T21:24:59.60227746Z,,,01JGQ0K1WF2HT2V04RZKFR203P,2025-01-03T21:24:59.60227746Z,01JGQ0X95CC0HHA9EHCRKJBGJP,2025-01-03T21:24:59.60227746Z,01JGQ0X9BM7R9B0K1P3TJ10NCW,2025-01-03T21:24:59.60227746Z,,
01JGQ2342ZDSG1NTEFSRH8JV5H,01JGQ1F3BN8EC002R2C6SDZHA8,2025-01-03T21:45:39.167043958Z,7,2025-01-03T21:45:52.908988071Z,01JGQ1F3C4DVPQMKEVJM2J69Y3,2025-01-03T21:45:39.167043958Z,42,2025-01-03T21:45:52.904577058Z,01JGQ1M29XYJNKSW8ZAQGM2K7K,2025-01-03T21:45:39.167043958Z,01JGQ1YW2RRRHHV3MAGH6SHQH9,2025-01-03T21:45:39.167043958Z,01JGQ1YW49Z2W0W6HKHNBSD7NF,2025-01-03T21:45:39.167043958Z,true,2025-01-03T21:45:52.916853546Z
01JGQ0C18F5855H858T3E3S9NK,01JGQ02DY4Q8SKCPFS9SM3QK03,2025-01-03T21:15:34.031138053Z,100,2025-01-03T21:16:03.890538857Z,01JGQ02DYKMTB890CVSBZ0JJ03,2025-01-03T21:15:34.031138053Z,100,2025-01-03T21:16:03.887587858Z,01JGPZX69WP5QCN6YAEC2ZA52A,2025-01-03T21:15:34.031138053Z,01JGQ0B3CEA9EPCX857GJFM3MZ,2025-01-03T21:15:34.031138053Z,01JGQ0B3GMZRFSGFBT6TFAKN20,2025-01-03T21:15:34.031138053Z,true,2025-01-03T21:16:03.892641561Z
01JGQ0C8W08RZFBKTM28D6DDS9,01JGPZ7DS26HBF8BHY8DZZHA96,2025-01-03T21:15:41.824963324Z,94,2025-01-03T21:16:10.955643462Z,01JGPZ7DST3QHP58DW1G013V4K,2025-01-03T21:15:41.824963324Z,0,2025-01-03T21:16:10.953713819Z,01JGPZX7DGN1X2T8FHQDTEA9ZN,2025-01-03T21:15:41.824963324Z,01JGQ04X8PF0AECJ9K9V6BH359,2025-01-03T21:15:41.824963324Z,01JGQ04XFT6R1V0PCP4Y6WGE87,2025-01-03T21:15:41.824963324Z,true,2025-01-03T21:16:11.102926478Z
01JGQ0WK94Q6HJB1HK7AWJT625,01JGQ09HBX8MC4DGNHX3FZ8EDY,2025-01-03T21:24:36.772991631Z,89,2025-01-03T21:25:07.890446995Z,01JGQ09HCAQGMY5WGVV276K2K7,2025-01-03T21:24:36.772991631Z,,,01JGPZE8KQCCXZMCJ3YT3TTZKX,2025-01-03T21:24:36.772991631Z,01JGQ0Q55PY3BXK33RJJNZ4836,2025-01-03T21:24:36.772991631Z,01JGQ0Q58JCJQT45XYBWQ69M1H,2025-01-03T21:24:36.772991631Z,true,2025-01-03T21:25:07.480886865Z
01JGQ11D342Z1EWF1MR7X50424,01JGQ0C849F94EV3HQD9RE40JS,2025-01-03T21:27:14.276789387Z,90,2025-01-03T21:27:24.11606283Z,01JGQ0C84J0QJJZJ4NFSFVRA5T,2025-01-03T21:27:14.276789387Z,10,2025-01-03T21:27:24.080958731Z,01JGQ0F2Q1BGAXWC42W1W362R7,2025-01-03T21:27:14.276789387Z,01JGQ0X95F207YNDH053RGNWSG,2025-01-03T21:27:14.276789387Z,01JGQ0X97BBMTHA4X42XZ8DW9V,2025-01-03T21:27:14.276789387Z,true,2025-01-03T21:27:24.12383262Z
01JGQ13NGZ3X0BDC8B352DBV21,01JGQ0C7ETEFBZD4VJK84VZHCX,2025-01-03T21:28:28.447959919Z,27,2025-01-03T21:28:49.838492759Z,01JGQ0C7F7RS6KD043DRQ14HW4,2025-01-03T21:28:28.447959919Z,66,2025-01-03T21:28:49.840854383Z,01JGQ0EMQMV9V3BJED4YANPYGG,2025-01-03T21:28:28.447959919Z,01JGQ12QTTNNB6JWK8HT92H4YQ,2025-01-03T21:28:28.447959919Z,01JGQ12QX5S5C793AGJKAZ8ABM,2025-01-03T21:28:28.447959919Z,true,2025-01-03T21:28:49.911576159Z
01JGQ18W440VQQYKN5J18Q1TXP,01JGQ0C7ETEFBZD4VJK84VZHCX,2025-01-03T21:31:19.045006697Z,82,2025-01-03T21:31:32.123318024Z,01JGQ0C7F7RS6KD043DRQ14HW4,2025-01-03T21:31:19.045006697Z,67,2025-01-03T21:31:32.131536148Z,01JGQ0M80VEDX4T85AQX5ZGNPX,2025-01-03T21:31:19.045006697Z,01JGQ12QV8WHNC9HBMFDZWYAYB,2025-01-03T21:31:19.045006697Z,01JGQ12QX8HH1CJ4G0G1G7TCC2,2025-01-03T21:31:19.045006697Z,true,2025-01-03T21:31:32.125565227Z
01JGQ04XMEFF6P7MPA99BE1PKQ,01JGPZ7DS26HBF8BHY8DZZHA96,2025-01-03T21:11:40.942580161Z,,,01JGPZ7DST3QHP58DW1G013V4K,2025-01-03T21:11:40.942580161Z,,,01JGPZRZ4ZQDHG4XA5BZMF8KRX,2025-01-03T21:11:40.942580161Z,01JGQ04X81JXY0KDRB232S2JFW,2025-01-03T21:11:40.942580161Z,01JGQ04XAXZ9E52TGRQF1YS263,2025-01-03T21:11:40.942580161Z,,
01JGQ0AE2K2YF5D6F53CFGDCBC,01JGPZ7DS26HBF8BHY8DZZHA96,2025-01-03T21:14:41.619183592Z,99,2025-01-03T21:15:00.678011698Z,01JGPZ7DST3QHP58DW1G013V4K,2025-01-03T21:14:41.619183592Z,0,2025-01-03T21:15:00.675133455Z,01JGPZX7DGN1X2T8FHQDTEA9ZN,2025-01-03T21:14:41.619183592Z,01JGQ04X8Q27NF8JQ1AC0AAWA0,2025-01-03T21:14:41.619183592Z,01JGQ04XB56VCV3370FH4NATN2,2025-01-03T21:14:41.619183592Z,true,2025-01-03T21:15:00.827526002Z
01JGQ0B3WPCWQVTK7E69DRBHWG,01JGQ02DY4Q8SKCPFS9SM3QK03,2025-01-03T21:15:03.958976426Z,,,01JGQ02DYKMTB890CVSBZ0JJ03,2025-01-03T21:15:03.958976426Z,,,01JGPZW8Z1TJ5HFSP3CC8MPYZH,2025-01-03T21:15:03.958976426Z,01JGQ0B3CEA9EPCX857GJFM3MZ,2025-01-03T21:15:03.958976426Z,01JGQ0B3GK34SXTWE8KH8P31QG,2025-01-03T21:15:03.958976426Z,,
01JGQ0C1838ZZV2WWS1BW6FSYB,01JGQ02DY4Q8SKCPFS9SM3QK03,2025-01-03T21:15:34.019957463Z,100,2025-01-03T21:16:04.514253565Z,01JGQ02DYKMTB890CVSBZ0JJ03,2025-01-03T21:15:34.019957463Z,100,2025-01-03T21:16:04.499674964Z,01JGPZG59944099EVHQFGGF0SA,2025-01-03T21:15:34.019957463Z,01JGQ0B3CEA9EPCX857GJFM3MZ,2025-01-03T21:15:34.019957463Z,01JGQ0B3GMZRFSGFBT6TFAKN20,2025-01-03T21:15:34.019957463Z,true,2025-01-03T21:16:05.057443636Z
01JGQ1YWFAYGSR6NER1ZVFVBZ0,01JGQ1F3BN8EC002R2C6SDZHA8,2025-01-03T21:43:20.299009867Z,,,01JGQ1F3C4DVPQMKEVJM2J69Y3,2025-01-03T21:43:20.299009867Z,,,01JGQ1M29XYJNKSW8ZAQGM2K7K,2025-01-03T21:43:20.299009867Z,01JGQ1YW22CC7CH4RRQPN6FTE9,2025-01-03T21:43:20.299009867Z,01JGQ1YW4EEC3FYS7FMFXA3XCS,2025-01-03T21:43:20.299009867Z,,
01JGQ0X9JC8P7B0X4MQXGA9STM,01JGQ0C849F94EV3HQD9RE40JS,2025-01-03T21:24:59.596505711Z,,,01JGQ0C84J0QJJZJ4NFSFVRA5T,2025-01-03T21:24:59.596505711Z,,,01JGQ0JBDKZKSRNR14D9DNV3KC,2025-01-03T21:24:59.596505711Z,01JGQ0X95CC0HHA9EHCRKJBGJP,2025-01-03T21:24:59.596505711Z,01JGQ0X9BM7R9B0K1P3TJ10NCW,2025-01-03T21:24:59.596505711Z,,
01JGQ17063D18E0S0MR80KSPW6,01JGQ0C7ETEFBZD4VJK84VZHCX,2025-01-03T21:30:17.667187943Z,93,2025-01-03T21:30:35.513354573Z,01JGQ0C7F7RS6KD043DRQ14HW4,2025-01-03T21:30:17.667187943Z,66,2025-01-03T21:30:35.518591981Z,01JGQ0M80VEDX4T85AQX5ZGNPX,2025-01-03T21:30:17.667187943Z,01JGQ12QTZ8RA7AHB8SET5390F,2025-01-03T21:30:17.667187943Z,01JGQ12QXZ86SWSQJ0696SVNFS,2025-01-03T21:30:17.667187943Z,true,2025-01-03T21:30:35.525462193Z
01JGQ218GHVMN1RWF5SCGAQ92T,01JGQ1F3BN8EC002R2C6SDZHA8,2025-01-03T21:44:38.161412874Z,60,2025-01-03T21:45:01.413290579Z,01JGQ1F3C4DVPQMKEVJM2J69Y3,2025-01-03T21:44:38.161412874Z,55,2025-01-03T21:45:01.424637177Z,01JGQ1GG06K6M53PBNF0BQG7HW,2025-01-03T21:44:38.161412874Z,01JGQ1YW2FD50RSKQS1VYX0VRJ,2025-01-03T21:44:38.161412874Z,01JGQ1YW56Z07XKKMR02N4WPYK,2025-01-03T21:44:38.161412874Z,true,2025-01-03T21:45:01.418903157Z
01JGQ0TRZ0397E6BNTTT5649BZ,01JGQ09HBX8MC4DGNHX3FZ8EDY,2025-01-03T21:23:37.05627087Z,81,2025-01-03T21:23:54.221761057Z,01JGQ09HCAQGMY5WGVV276K2K7,2025-01-03T21:23:37.05627087Z,20,2025-01-03T21:23:54.209574533Z,01JGQ0EBMFN660NY6ZXA41ZS43,2025-01-03T21:23:37.05627087Z,01JGQ0Q558KT28R6KVPSTKTBKD,2025-01-03T21:23:37.05627087Z,01JGQ0Q57AY9403Q6CFFX54D6J,2025-01-03T21:23:37.05627087Z,true,2025-01-03T21:23:54.218236253Z
01JGQ1705JWN3ENQD8J269JFJ8,01JGQ0C7ETEFBZD4VJK84VZHCX,2025-01-03T21:30:17.650606003Z,100,2025-01-03T21:30:29.958282911Z,01JGQ0C7F7RS6KD043DRQ14HW4,2025-01-03T21:30:17.650606003Z,0,2025-01-03T21:30:29.96099618Z,01JGQ0E65PV4KS9CA6CGT3DF26,2025-01-03T21:30:17.650606003Z,01JGQ12QTZ8RA7AHB8SET5390F,2025-01-03T21:30:17.650606003Z,01JGQ12QXZ86SWSQJ0696SVNFS,2025-01-03T21:30:17.650606003Z,true,2025-01-03T21:30:29.967395482Z
01JGQ0G5DNK06BZG9GP5YXBQ2D,01JGQ02DY4Q8SKCPFS9SM3QK03,2025-01-03T21:17:49.365118022Z,100,2025-01-03T21:18:06.917860434Z,01JGQ02DYKMTB890CVSBZ0JJ03,2025-01-03T21:17:49.365118022Z,0,2025-01-03T21:18:06.919920028Z,01JGPZG59944099EVHQFGGF0SA,2025-01-03T21:17:49.365118022Z,01JGQ0B3DCA8VZZ0K83XCQFPE2,2025-01-03T21:17:49.365118022Z,01JGQ0B3J1GPSSXYFF912G8EJ1,2025-01-03T21:17:49.365118022Z,true,2025-01-03T21:18:06.922959674Z
01JGQ0Y6Y959VMWJWT43PAP34E,01JGQ0C849F94EV3HQD9RE40JS,2025-01-03T21:25:29.673473698Z,55,2025-01-03T21:25:44.429820819Z,01JGQ0C84J0QJJZJ4NFSFVRA5T,2025-01-03T21:25:29.673473698Z,100,2025-01-03T21:25:44.427912578Z,01JGQ0JBDKZKSRNR14D9DNV3KC,2025-01-03T21:25:29.673473698Z,01JGQ0X95CC0HHA9EHCRKJBGJP,2025-01-03T21:25:29.673473698Z,01JGQ0X9BPY7BBJYXDCP793RJ2,2025-01-03T21:25:29.673473698Z,true,2025-01-03T21:25:44.592548965Z
01JGQ0H99WZN88PJTTTTBPWKWJ,01JGQ02DY4Q8SKCPFS9SM3QK03,2025-01-03T21:18:26.108388357Z,100,2025-01-03T21:18:45.32288181Z,01JGQ02DYKMTB890CVSBZ0JJ03,2025-01-03T21:18:26.108388357Z,0,2025-01-03T21:18:45.32148811Z,01JGPZG59944099EVHQFGGF0SA,2025-01-03T21:18:26.108388357Z,01JGQ0B3D9MT63TKFK87V1C9CG,2025-01-03T21:18:26.108388357Z,01JGQ0B3HR0S6M9721TMQZWP6W,2025-01-03T21:18:26.108388357Z,true,2025-01-03T21:18:45.3246918Z
01JGQ0XGSM20N4C9HZK5AAA8DK,01JGQ09HBX8MC4DGNHX3FZ8EDY,2025-01-03T21:25:06.996334606Z,54,2025-01-03T21:25:35.577907677Z,01JGQ09HCAQGMY5WGVV276K2K7,2025-01-03T21:25:06.996334606Z,46,2025-01-03T21:25:35.584526592Z,01JGPZXD6JBA8GN43DTG1XJEMW,2025-01-03T21:25:06.996334606Z,01JGQ0Q55HHN8FSWP53GMPVKD9,2025-01-03T21:25:06.996334606Z,01JGQ0Q56W6666E93G00VJZX88,2025-01-03T21:25:06.996334606Z,true,2025-01-03T21:25:35.582390882Z
01JGQ14JWMJ29DVBR5SS2JECA1,01JGQ0C7ETEFBZD4VJK84VZHCX,2025-01-03T21:28:58.51700628Z,100,2025-01-03T21:29:24.39547604Z,01JGQ0C7F7RS6KD043DRQ14HW4,2025-01-03T21:28:58.51700628Z,66,2025-01-03T21:29:24.398826028Z,01JGQ0EMQMV9V3BJED4YANPYGG,2025-01-03T21:28:58.51700628Z,01JGQ12QTXV8QTKCC0RWM6JNYQ,2025-01-03T21:28:58.51700628Z,01JGQ12QXBTRH7TRCEA4AT3SVG,2025-01-03T21:28:58.51700628Z,true,2025-01-03T21:29:24.476228121Z
01JGQ1ZSV0YV7VBR0YX15YHK41,01JGQ1F3BN8EC002R2C6SDZHA8,2025-01-03T21:43:50.368742561Z,12,2025-01-03T21:44:01.399717984Z,01JGQ1F3C4DVPQMKEVJM2J69Y3,2025-01-03T21:43:50.368742561Z,55,2025-01-03T21:44:01.395296935Z,01JGQ1M29XYJNKSW8ZAQGM2K7K,2025-01-03T21:43:50.368742561Z,01JGQ1YW22CC7CH4RRQPN6FTE9,2025-01-03T21:43:50.368742561Z,01JGQ1YW4HC15YKMT7QADF8CC8,2025-01-03T21:43:50.368742561Z,true,2025-01-03T21:44:01.406291422Z
01JGQ20D2FA1DHSK6T89KWZGR3,01JGQ1F3BN8EC002R2C6SDZHA8,2025-01-03T21:44:10.063804872Z,80,2025-01-03T21:44:38.054988454Z,01JGQ1F3C4DVPQMKEVJM2J69Y3,2025-01-03T21:44:10.063804872Z,74,2025-01-03T21:44:38.052671711Z,01JGQ1JNN4QJ8XEMDXHPYNSQFZ,2025-01-03T21:44:10.063804872Z,01JGQ1YW28GN3SDRNZPTBG5GM8,2025-01-03T21:44:10.063804872Z,01JGQ1YW4ZNJMVX49T4XVA0C3T,2025-01-03T21:44:10.063804872Z,true,2025-01-03T21:44:38.064724877Z
01JGQ0EPV0SRX33BPDTDSSFRQM,01JGQ02DY4Q8SKCPFS9SM3QK03,2025-01-03T21:17:01.6650294Z,88,2025-01-03T21:17:19.149710816Z,01JGQ02DYKMTB890CVSBZ0JJ03,2025-01-03T21:17:01.6650294Z,81,2025-01-03T21:17:19.147936255Z,01JGPZX69WP5QCN6YAEC2ZA52A,2025-01-03T21:17:01.6650294Z,01JGQ0B3DQ46XNAV02WJCDGY4V,2025-01-03T21:17:01.6650294Z,01JGQ0B3J5YQSMAN90KHFBB5C1,2025-01-03T21:17:01.6650294Z,true,2025-01-03T21:17:19.156597814Z
01JGQ20D2ZC1B2J90SPXVSR83E,01JGQ1F3BN8EC002R2C6SDZHA8,2025-01-03T21:44:10.079882668Z,25,2025-01-03T21:44:32.037898151Z,01JGQ1F3C4DVPQMKEVJM2J69Y3,2025-01-03T21:44:10.079882668Z,51,2025-01-03T21:44:32.033831646Z,01JGQ1QB1H3AAC0DG4MA5F3MQB,2025-01-03T21:44:10.079882668Z,01JGQ1YW28GN3SDRNZPTBG5GM8,2025-01-03T21:44:10.079882668Z,01JGQ1YW4ZNJMVX49T4XVA0C3T,2025-01-03T21:44:10.079882668Z,true,2025-01-03T21:44:32.043522893Z
01JGQ21ZBEQMFBZWRA1E67TDS1,01JGQ1F3BN8EC002R2C6SDZHA8,2025-01-03T21:45:01.550524238Z,63,2025-01-03T21:45:19.223510163Z,01JGQ1F3C4DVPQMKEVJM2J69Y3,2025-01-03T21:45:01.550524238Z,49,2025-01-03T21:45:19.233316944Z,01JGQ1GG06K6M53PBNF0BQG7HW,2025-01-03T21:45:01.550524238Z,01JGQ1YW2C4GBQPHZ1CKXTGP4X,2025-01-03T21:45:01.550524238Z,01JGQ1YW6G9Q2NGJXNVT72HXVY,2025-01-03T21:45:01.550524238Z,true,2025-01-03T21:45:19.227118454Z
01JGQ0AE2E2D64C03PZJ19SBS5,01JGPZ7DS26HBF8BHY8DZZHA96,2025-01-03T21:14:41.61403481Z,100,2025-01-03T21:14:52.079835852Z,01JGPZ7DST3QHP58DW1G013V4K,2025-01-03T21:14:41.61403481Z,88,2025-01-03T21:14:52.081324722Z,01JGPZWDB906WGPE716Q82VST1,2025-01-03T21:14:41.61403481Z,01JGQ04X8Q27NF8JQ1AC0AAWA0,2025-01-03T21:14:41.61403481Z,01JGQ04XB56VCV3370FH4NATN2,2025-01-03T21:14:41.61403481Z,true,2025-01-03T21:14:52.085987391Z
01JGQ0EPTRBDG0S9VKT6ZV0PS6,01JGQ02DY4Q8SKCPFS9SM3QK03,2025-01-03T21:17:01.656852375Z,35,2025-01-03T21:17:19.330590207Z,01JGQ02DYKMTB890CVSBZ0JJ03,2025-01-03T21:17:01.656852375Z,27,2025-01-03T21:17:19.337937132Z,01JGPZW8Z1TJ5HFSP3CC8MPYZH,2025-01-03T21:17:01.656852375Z,01JGQ0B3DQ46XNAV02WJCDGY4V,2025-01-03T21:17:01.656852375Z,01JGQ0B3J5YQSMAN90KHFBB5C1,2025-01-03T21:17:01.656852375Z,true,2025-01-03T21:17:19.361373434Z
01JGQ17KPCJPNZQ9F3GM9TB1NS,01JGQ0C7ETEFBZD4VJK84VZHCX,2025-01-03T21:30:37.644829481Z,73,2025-01-03T21:30:52.143606264Z,01JGQ0C7F7RS6KD043DRQ14HW4,2025-01-03T21:30:37.644829481Z,66,2025-01-03T21:30:52.146910753Z,01JGQ0EMQMV9V3BJED4YANPYGG,2025-01-03T21:30:37.644829481Z,01JGQ12QV480N3PCN9781QKJEE,2025-01-03T21:30:37.644829481Z,01JGQ12QY49X6M6BGAKRW3ZE4D,2025-01-03T21:30:37.644829481Z,true,2025-01-03T21:30:52.1612964Z
01JGQ0C18N40NC3VCY9HT51M01,01JGQ02DY4Q8SKCPFS9SM3QK03,2025-01-03T21:15:34.037136477Z,,,01JGQ02DYKMTB890CVSBZ0JJ03,2025-01-03T21:15:34.037136477Z,,,01JGPZY6M1PKJ57S5YVKHXAYHS,2025-01-03T21:15:34.037136477Z,01JGQ0B3CEA9EPCX857GJFM3MZ,2025-01-03T21:15:34.037136477Z,01JGQ0B3GMZRFSGFBT6TFAKN20,2025-01-03T21:15:34.037136477Z,,
01JGQ0S09Y94CTSF671W06T0Y4,01JGQ09HBX8MC4DGNHX3FZ8EDY,2025-01-03T21:22:39.038283991Z,84,2025-01-03T21:22:48.22231569Z,01JGQ09HCAQGMY5WGVV276K2K7,2025-01-03T21:22:39.038283991Z,85,2025-01-03T21:22:47.616062918Z,01JGQ0F4ER5V0NKZCQBD51KAXF,2025-01-03T21:22:39.038283991Z,01JGQ0Q55N5G6QG7RWVFFRV5X2,2025-01-03T21:22:39.038283991Z,01JGQ0Q58RBKM9ZNF8467APXMY,2025-01-03T21:22:39.038283991Z,true,2025-01-03T21:22:47.677867711Z
01JGQ0WK9TZBM8KX92YWSDYKTQ,01JGQ09HBX8MC4DGNHX3FZ8EDY,2025-01-03T21:24:36.794447367Z,66,2025-01-03T21:24:48.573746727Z,01JGQ09HCAQGMY5WGVV276K2K7,2025-01-03T21:24:36.794447367Z,60,2025-01-03T21:24:48.568613073Z,01JGQ0F4ER5V0NKZCQBD51KAXF,2025-01-03T21:24:36.794447367Z,01JGQ0Q55PY3BXK33RJJNZ4836,2025-01-03T21:24:36.794447367Z,01JGQ0Q58JCJQT45XYBWQ69M1H,2025-01-03T21:24:36.794447367Z,true,2025-01-03T21:24:48.576361432Z
01JGQ0Y6XS1P0FJ065XGF61FQZ,01JGQ0C849F94EV3HQD9RE40JS,2025-01-03T21:25:29.657207745Z,78,2025-01-03T21:25:49.097624991Z,01JGQ0C84J0QJJZJ4NFSFVRA5T,2025-01-03T21:25:29.657207745Z,0,2025-01-03T21:25:49.095481288Z,01JGQ0EAQCPREAHEEHRAKRV7WB,2025-01-03T21:25:29.657207745Z,01JGQ0X95CC0HHA9EHCRKJBGJP,2025-01-03T21:25:29.657207745Z,01JGQ0X9BPY7BBJYXDCP793RJ2,2025-01-03T21:25:29.657207745Z,true,2025-01-03T21:25:49.183255703Z
01JGQ23QBQN2XXJX28HZPYGV72,01JGQ1F3BN8EC002R2C6SDZHA8,2025-01-03T21:45:58.90352704Z,66,2025-01-03T21:46:25.237248255Z,01JGQ1F3C4DVPQMKEVJM2J69Y3,2025-01-03T21:45:58.90352704Z,66,2025-01-03T21:46:25.232423405Z,01JGQ1JNN4QJ8XEMDXHPYNSQFZ,2025-01-03T21:45:58.90352704Z,01JGQ1YW2PX0WFBKTVSN5KC68A,2025-01-03T21:45:58.90352704Z,01JGQ1YW8XQ8CVSTJWQK1TTE0B,2025-01-03T21:45:58.90352704Z,true,2025-01-03T21:46:25.253433243Z
01JGQ0X9J7H4MYV51CXM2EJ6EK,01JGQ0C849F94EV3HQD9RE40JS,2025-01-03T21:24:59.591045186Z,,,01JGQ0C84J0QJJZJ4NFSFVRA5T,2025-01-03T21:24:59.591045186Z,,,01JGQ0F2Q1BGAXWC42W1W362R7,2025-01-03T21:24:59.591045186Z,01JGQ0X95CC0HHA9EHCRKJBGJP,2025-01-03T21:24:59.591045186Z,01JGQ0X9BM7R9B0K1P3TJ10NCW,2025-01-03T21:24:59.591045186Z,,
01JGQ0EPV9ZA5Y6GF5Y4TPNH7W,01JGQ02DY4Q8SKCPFS9SM3QK03,2025-01-03T21:17:01.673278934Z,62,2025-01-03T21:17:24.889745394Z,01JGQ02DYKMTB890CVSBZ0JJ03,2025-01-03T21:17:01.673278934Z,45,2025-01-03T21:17:24.887926606Z,01JGPZY6M1PKJ57S5YVKHXAYHS,2025-01-03T21:17:01.673278934Z,01JGQ0B3DQ46XNAV02WJCDGY4V,2025-01-03T21:17:01.673278934Z,01JGQ0B3J5YQSMAN90KHFBB5C1,2025-01-03T21:17:01.673278934Z,true,2025-01-03T21:17:24.895681168Z
01JGQ0H9ABJMBJEK409JRHM8QC,01JGQ02DY4Q8SKCPFS9SM3QK03,2025-01-03T21:18:26.123108869Z,57,2025-01-03T21:18:37.7145348Z,01JGQ02DYKMTB890CVSBZ0JJ03,2025-01-03T21:18:26.123108869Z,41,2025-01-03T21:18:37.716594124Z,01JGPZY6M1PKJ57S5YVKHXAYHS,2025-01-03T21:18:26.123108869Z,01JGQ0B3D9MT63TKFK87V1C9CG,2025-01-03T21:18:26.123108869Z,01JGQ0B3HR0S6M9721TMQZWP6W,2025-01-03T21:18:26.123108869Z,true,2025-01-03T21:18:37.729148732Z
01JGQ22GR8K7W7PDXVB3BMSPFS,01JGQ1F3BN8EC002R2C6SDZHA8,2025-01-03T21:45:19.368662875Z,31,2025-01-03T21:45:37.302018232Z,01JGQ1F3C4DVPQMKEVJM2J69Y3,2025-01-03T21:45:19.368662875Z,52,2025-01-03T21:45:37.299122732Z,01JGQ1M29XYJNKSW8ZAQGM2K7K,2025-01-03T21:45:19.368662875Z,01JGQ1YW2JTVM6T0N8XH897AS9,2025-01-03T21:45:19.368662875Z,01JGQ1YW6BANJA8RD2EECRK4WH,2025-01-03T21:45:19.368662875Z,true,2025-01-03T21:45:37.525206146Z
01JGQ0B3WX9F72DZFMQQ1ZSW7V,01JGQ02DY4Q8SKCPFS9SM3QK03,2025-01-03T21:15:03.965687619Z,,,01JGQ02DYKMTB890CVSBZ0JJ03,2025-01-03T21:15:03.965687619Z,,,01JGPZX69WP5QCN6YAEC2ZA52A,2025-01-03T21:15:03.965687619Z,01JGQ0B3CEA9EPCX857GJFM3MZ,2025-01-03T21:15:03.965687619Z,01JGQ0B3GK34SXTWE8KH8P31QG,2025-01-03T21:15:03.965687619Z,,
01JGQ0DW2JQT10J0J62YJ6407J,01JGQ02DY4Q8SKCPFS9SM3QK03,2025-01-03T21:16:34.258923376Z,88,2025-01-03T21:16:58.9650635Z,01JGQ02DYKMTB890CVSBZ0JJ03,2025-01-03T21:16:34.258923376Z,84,2025-01-03T21:16:58.96366087Z,01JGPZY6M1PKJ57S5YVKHXAYHS,2025-01-03T21:16:34.258923376Z,01JGQ0B3CYD51ZK7HACCZV92VH,2025-01-03T21:16:34.258923376Z,01JGQ0B3GJCDCZK41TSS6G9WR4,2025-01-03T21:16:34.258923376Z,true,2025-01-03T21:16:59.127490167Z
01JGQ0GPN9Y3DT9BBJ2WWX8PE5,01JGQ02DY4Q8SKCPFS9SM3QK03,2025-01-03T21:18:07.017243437Z,100,2025-01-03T21:18:26.020047012Z,01JGQ02DYKMTB890CVSBZ0JJ03,2025-01-03T21:18:07.017243437Z,0,2025-01-03T21:18:26.018072862Z,01JGPZX69WP5QCN6YAEC2ZA52A,2025-01-03T21:18:07.017243437Z,01JGQ0B3DA57XQNGXEYCK06HKN,2025-01-03T21:18:07.017243437Z,01JGQ0B3H600QVK9BYAHVWMRY0,2025-01-03T21:18:07.017243437Z,true,2025-01-03T21:18:26.029620974Z
01JGQ168RJ23VH2SW25MHFBC28,01JGQ0C7ETEFBZD4VJK84VZHCX,2025-01-03T21:29:53.682629457Z,100,2025-01-03T21:30:17.490444686Z,01JGQ0C7F7RS6KD043DRQ14HW4,2025-01-03T21:29:53.682629457Z,66,2025-01-03T21:30:17.487294533Z,01JGQ0EMQMV9V3BJED4YANPYGG,2025-01-03T21:29:53.682629457Z,01JGQ12QV1D8X86VEKZ43VMG0A,2025-01-03T21:29:53.682629457Z,01JGQ12QXMXWYW56RC0R24BMNG,2025-01-03T21:29:53.682629457Z,true,2025-01-03T21:30:17.554453474Z
01JGQ22GQTH4HAJHZPJEJB5QGM,01JGQ1F3BN8EC002R2C6SDZHA8,2025-01-03T21:45:19.354980473Z,61,2025-01-03T21:45:39.003938976Z,01JGQ1F3C4DVPQMKEVJM2J69Y3,2025-01-03T21:45:19.354980473Z,53,2025-01-03T21:45:39.015514115Z,01JGQ1GG06K6M53PBNF0BQG7HW,2025-01-03T21:45:19.354980473Z,01JGQ1YW2JTVM6T0N8XH897AS9,2025-01-03T21:45:19.354980473Z,01JGQ1YW6BANJA8RD2EECRK4WH,2025-01-03T21:45:19.354980473Z,true,2025-01-03T21:45:39.019507329Z
01JGQ0R2WGHZCSXDZDK12G0FEJ,01JGQ09HBX8MC4DGNHX3FZ8EDY,2025-01-03T21:22:08.912892175Z,,,01JGQ09HCAQGMY5WGVV276K2K7,2025-01-03T21:22:08.912892175Z,,,01JGQ0F4ER5V0NKZCQBD51KAXF,2025-01-03T21:22:08.912892175Z,01JGQ0Q5553HHE1ZB41E7093YF,2025-01-03T21:22:08.912892175Z,01JGQ0Q583RW5GF409P7Q3ZMDP,2025-01-03T21:22:08.912892175Z,,
01JGQ218H6WHDK3SSPTDMPMT1T,01JGQ1F3BN8EC002R2C6SDZHA8,2025-01-03T21:44:38.182899828Z,55,2025-01-03T21:44:59.976637666Z,01JGQ1F3C4DVPQMKEVJM2J69Y3,2025-01-03T21:44:38.182899828Z,53,2025-01-03T21:44:59.972596195Z,01JGQ1QB1H3AAC0DG4MA5F3MQB,2025-01-03T21:44:38.182899828Z,01JGQ1YW2FD50RSKQS1VYX0VRJ,2025-01-03T21:44:38.182899828Z,01JGQ1YW56Z07XKKMR02N4WPYK,2025-01-03T21:44:38.182899828Z,true,2025-01-03T21:44:59.985495879Z
01JGQ09GP0DDJVN23WCMBE3R2W,01JGPZ7DS26HBF8BHY8DZZHA96,2025-01-03T21:14:11.5203738Z,,,01JGPZ7DST3QHP58DW1G013V4K,2025-01-03T21:14:11.5203738Z,,,01JGQ020PJTA07HKQR510T275H,2025-01-03T21:14:11.5203738Z,01JGQ04X8S6DPYE9QCR43KZX51,2025-01-03T21:14:11.5203738Z,01JGQ04XB27S87H2HA7CNE955V,2025-01-03T21:14:11.5203738Z,,
01JGQ0SVHK5TNE513JJZBAKK1T,01JGQ09HBX8MC4DGNHX3FZ8EDY,2025-01-03T21:23:06.931395939Z,64,2025-01-03T21:23:22.642872326Z,01JGQ09HCAQGMY5WGVV276K2K7,2025-01-03T21:23:06.931395939Z,40,2025-01-03T21:23:22.656620965Z,01JGQ0EBMFN660NY6ZXA41ZS43,2025-01-03T21:23:06.931395939Z,01JGQ0Q55FWGCK7C0F6EEQQT1X,2025-01-03T21:23:06.931395939Z,01JGQ0Q57WVGTVBG8VDVGZKCHX,2025-01-03T21:23:06.931395939Z,true,2025-01-03T21:23:22.654615946Z
01JGQ0XGS8DJW9KNNFXBYXZ92M,01JGQ09HBX8MC4DGNHX3FZ8EDY,2025-01-03T21:25:06.98469067Z,79,2025-01-03T21:25:36.146158127Z,01JGQ09HCAQGMY5WGVV276K2K7,2025-01-03T21:25:06.98469067Z,0,2025-01-03T21:25:35.900843397Z,01JGPZE8KQCCXZMCJ3YT3TTZKX,2025-01-03T21:25:06.98469067Z,01JGQ0Q55HHN8FSWP53GMPVKD9,2025-01-03T21:25:06.98469067Z,01JGQ0Q56W6666E93G00VJZX88,2025-01-03T21:25:06.98469067Z,true,2025-01-03T21:25:36.027469942Z
01JGQ0B3VZ00YVSECB8NHAGH2Y,01JGQ02DY4Q8SKCPFS9SM3QK03,2025-01-03T21:15:03.935999886Z,,,01JGQ02DYKMTB890CVSBZ0JJ03,2025-01-03T21:15:03.935999886Z,,,01JGPZG59944099EVHQFGGF0SA,2025-01-03T21:15:03.935999886Z,01JGQ0B3CEA9EPCX857GJFM3MZ,2025-01-03T21:15:03.935999886Z,01JGQ0B3GK34SXTWE8KH8P31QG,2025-01-03T21:15:03.935999886Z,,
01JGQ0S09JZ73ZHG4697AD1ZQ5,01JGQ09HBX8MC4DGNHX3FZ8EDY,2025-01-03T21:22:39.02654332Z,100,2025-01-03T21:22:58.968139979Z,01JGQ09HCAQGMY5WGVV276K2K7,2025-01-03T21:22:39.02654332Z,100,2025-01-03T21:22:58.970923616Z,01JGPZXD6JBA8GN43DTG1XJEMW,2025-01-03T21:22:39.02654332Z,01JGQ0Q55N5G6QG7RWVFFRV5X2,2025-01-03T21:22:39.02654332Z,01JGQ0Q58RBKM9ZNF8467APXMY,2025-01-03T21:22:39.02654332Z,true,2025-01-03T21:22:58.972428356Z
01JGQ17KP6KZXJQ6G30JE0TT62,01JGQ0C7ETEFBZD4VJK84VZHCX,2025-01-03T21:30:37.63838729Z,100,2025-01-03T21:30:43.056800536Z,01JGQ0C7F7RS6KD043DRQ14HW4,2025-01-03T21:30:37.63838729Z,0,2025-01-03T21:30:43.051937817Z,01JGQ0E65PV4KS9CA6CGT3DF26,2025-01-03T21:30:37.63838729Z,01JGQ12QV480N3PCN9781QKJEE,2025-01-03T21:30:37.63838729Z,01JGQ12QY49X6M6BGAKRW3ZE4D,2025-01-03T21:30:37.63838729Z,true,2025-01-03T21:30:43.063543329Z
01JGQ06RD6HMEM3EWFTQ4C58D4,01JGPZ7DS26HBF8BHY8DZZHA96,2025-01-03T21:12:41.126902376Z,,,01JGPZ7DST3QHP58DW1G013V4K,2025-01-03T21:12:41.126902376Z,,,01JGPZRZ4ZQDHG4XA5BZMF8KRX,2025-01-03T21:12:41.126902376Z,01JGQ04X85NJHFV34CN37KHAS9,2025-01-03T21:12:41.126902376Z,01JGQ04XAKE2S8304HJYW5X8N7,2025-01-03T21:12:41.126902376Z,,
01JGQ0BBFGVJZFMPDFXZ6PDGRD,01JGPZ7DS26HBF8BHY8DZZHA96,2025-01-03T21:15:11.728585787Z,79,2025-01-03T21:15:17.131322092Z,01JGPZ7DST3QHP58DW1G013V4K,2025-01-03T21:15:11.728585787Z,13,2025-01-03T21:15:17.133570882Z,01JGQ020PJTA07HKQR510T275H,2025-01-03T21:15:11.728585787Z,01JGQ04X8RCSCJMGQRWQTNW713,2025-01-03T21:15:11.728585787Z,01JGQ04XATFBPVQBXX123ZVVMD,2025-01-03T21:15:11.728585787Z,true,2025-01-03T21:15:17.136684798Z
01JGQ0C8VPY8NE7B7936Q973RV,01JGPZ7DS26HBF8BHY8DZZHA96,2025-01-03T21:15:41.814465191Z,82,2025-01-03T21:16:04.702707614Z,01JGPZ7DST3QHP58DW1G013V4K,2025-01-03T21:15:41.814465191Z,0,2025-01-03T21:16:04.691918854Z,01JGPZRZ4ZQDHG4XA5BZMF8KRX,2025-01-03T21:15:41.814465191Z,01JGQ04X8PF0AECJ9K9V6BH359,2025-01-03T21:15:41.814465191Z,01JGQ04XFT6R1V0PCP4Y6WGE87,2025-01-03T21:15:41.814465191Z,true,2025-01-03T21:16:04.720280468Z
01JGQ11VTYG3B2VDVM232XFTGW,01JGQ0C849F94EV3HQD9RE40JS,2025-01-03T21:27:29.37487849Z,20,2025-01-03T21:27:44.051211529Z,01JGQ0C84J0QJJZJ4NFSFVRA5T,2025-01-03T21:27:29.37487849Z,61,2025-01-03T21:27:43.750056195Z,01JGQ0K1WF2HT2V04RZKFR203P,2025-01-03T21:27:29.37487849Z,01JGQ0X95GD32YNB7VFN5C9K62,2025-01-03T21:27:29.37487849Z,01JGQ0X9BJGFDWTR467B2THXHV,2025-01-03T21:27:29.37487849Z,true,2025-01-03T21:27:43.770053906Z
01JGQ24H7RDJP482J0QZ6T0YQF,01JGQ1F3BN8EC002R2C6SDZHA8,2025-01-03T21:46:25.400879764Z,22,2025-01-03T21:46:37.088399752Z,01JGQ1F3C4DVPQMKEVJM2J69Y3,2025-01-03T21:46:25.400879764Z,25,2025-01-03T21:46:37.085502787Z,01JGQ1QB1H3AAC0DG4MA5F3MQB,2025-01-03T21:46:25.400879764Z,01JGQ1YW2VK6Q1TK3GBKANVMN7,2025-01-03T21:46:25.400879764Z,01JGQ1YW6NGY630N3FVJVG0PYH,2025-01-03T21:46:25.400879764Z,true,2025-01-03T21:46:37.106128768Z
01JGQ07NVH498Z0J7PWDYQ0B4Q,01JGPZ7DS26HBF8BHY8DZZHA96,2025-01-03T21:13:11.281467217Z,73,2025-01-03T21:13:25.232283526Z,01JGPZ7DST3QHP58DW1G013V4K,2025-01-03T21:13:11.281467217Z,13,2025-01-03T21:13:25.233933925Z,01JGQ020PJTA07HKQR510T275H,2025-01-03T21:13:11.281467217Z,01JGQ04X8V95ZN0FVACG6SJFXA,2025-01-03T21:13:11.281467217Z,01JGQ04XBBMPPFW0GJQFMWTYWN,2025-01-03T21:13:11.281467217Z,true,2025-01-03T21:13:25.241775532Z
01JGQ0GPN474W8NDWY10CP425G,01JGQ02DY4Q8SKCPFS9SM3QK03,2025-01-03T21:18:07.012082208Z,72,2025-01-03T21:18:24.399823704Z,01JGQ02DYKMTB890CVSBZ0JJ03,2025-01-03T21:18:07.012082208Z,0,2025-01-03T21:18:24.393927567Z,01JGPZW8Z1TJ5HFSP3CC8MPYZH,2025-01-03T21:18:07.012082208Z,01JGQ0B3DA57XQNGXEYCK06HKN,2025-01-03T21:18:07.012082208Z,01JGQ0B3H600QVK9BYAHVWMRY0,2025-01-03T21:18:07.012082208Z,true,2025-01-03T21:18:24.401785675Z
01JGQ15F375Q9PQAWGKGCCHZXJ,01JGQ0C7ETEFBZD4VJK84VZHCX,2025-01-03T21:29:27.399892214Z,28,2025-01-03T21:29:53.587849672Z,01JGQ0C7F7RS6KD043DRQ14HW4,2025-01-03T21:29:27.399892214Z,17,2025-01-03T21:29:53.584601037Z,01JGQ0E65PV4KS9CA6CGT3DF26,2025-01-03T21:29:27.399892214Z,01JGQ12QV5A9S2WYN1811BZ688,2025-01-03T21:29:27.399892214Z,01JGQ12QXV8XDM8QJFVCDD4610,2025-01-03T21:29:27.399892214Z,true,2025-01-03T21:29:53.594222583Z
01JGQ07NVB84AR74ZQD9DJ8R47,01JGPZ7DS26HBF8BHY8DZZHA96,2025-01-03T21:13:11.276001733Z,,,01JGPZ7DST3QHP58DW1G013V4K,2025-01-03T21:13:11.276001733Z,,,01JGPZX7DGN1X2T8FHQDTEA9ZN,2025-01-03T21:13:11.276001733Z,01JGQ04X8V95ZN0FVACG6SJFXA,2025-01-03T21:13:11.276001733Z,01JGQ04XBBMPPFW0GJQFMWTYWN,2025-01-03T21:13:11.276001733Z,,
01JGQ0DW23G3SHVP857DA4RKXE,01JGQ02DY4Q8SKCPFS9SM3QK03,2025-01-03T21:16:34.243665184Z,100,2025-01-03T21:17:00.856729665Z,01JGQ02DYKMTB890CVSBZ0JJ03,2025-01-03T21:16:34.243665184Z,0,2025-01-03T21:17:00.85484839Z,01JGPZG59944099EVHQFGGF0SA,2025-01-03T21:16:34.243665184Z,01JGQ0B3CYD51ZK7HACCZV92VH,2025-01-03T21:16:34.243665184Z,01JGQ0B3GJCDCZK41TSS6G9WR4,2025-01-03T21:16:34.243665184Z,true,2025-01-03T21:17:00.862657809Z
01JGQ13NHBS8A0SN739QVV2GE0,01JGQ0C7ETEFBZD4VJK84VZHCX,2025-01-03T21:28:28.459926725Z,100,2025-01-03T21:28:41.3631988Z,01JGQ0C7F7RS6KD043DRQ14HW4,2025-01-03T21:28:28.459926725Z,0,2025-01-03T21:28:41.365415394Z,01JGQ0M80VEDX4T85AQX5ZGNPX,2025-01-03T21:28:28.459926725Z,01JGQ12QTTNNB6JWK8HT92H4YQ,2025-01-03T21:28:28.459926725Z,01JGQ12QX5S5C793AGJKAZ8ABM,2025-01-03T21:28:28.459926725Z,true,2025-01-03T21:28:41.563661764Z
01JGQ0EPTG6TWH13BAP09Q3QXH,01JGQ02DY4Q8SKCPFS9SM3QK03,2025-01-03T21:17:01.648776289Z,100,2025-01-03T21:17:17.004763157Z,01JGQ02DYKMTB890CVSBZ0JJ03,2025-01-03T21:17:01.648776289Z,0,2025-01-03T21:17:17.017611114Z,01JGPZG59944099EVHQFGGF0SA,2025-01-03T21:17:01.648776289Z,01JGQ0B3DQ46XNAV02WJCDGY4V,2025-01-03T21:17:01.648776289Z,01JGQ0B3J5YQSMAN90KHFBB5C1,2025-01-03T21:17:01.648776289Z,true,2025-01-03T21:17:16.738080641Z
01JGQ0Y6YHPNJXAYPK5BAJFDM9,01JGQ0C849F94EV3HQD9RE40JS,2025-01-03T21:25:29.68162498Z,81,2025-01-03T21:25:51.67506187Z,01JGQ0C84J0QJJZJ4NFSFVRA5T,2025-01-03T21:25:29.68162498Z,0,2025-01-03T21:25:51.644943049Z,01JGQ0K1WF2HT2V04RZKFR203P,2025-01-03T21:25:29.68162498Z,01JGQ0X95CC0HHA9EHCRKJBGJP,2025-01-03T21:25:29.68162498Z,01JGQ0X9BPY7BBJYXDCP793RJ2,2025-01-03T21:25:29.68162498Z,true,2025-01-03T21:25:51.643298772Z
01JGQ11D2X1C14XA2BB7F5VC0M,01JGQ0C849F94EV3HQD9RE40JS,2025-01-03T21:27:14.269587195Z,48,2025-01-03T21:27:26.458299498Z,01JGQ0C84J0QJJZJ4NFSFVRA5T,2025-01-03T21:27:14.269587195Z,20,2025-01-03T21:27:26.448578125Z,01JGQ0EAQCPREAHEEHRAKRV7WB,2025-01-03T21:27:14.269587195Z,01JGQ0X95F207YNDH053RGNWSG,2025-01-03T21:27:14.269587195Z,01JGQ0X97BBMTHA4X42XZ8DW9V,2025-01-03T21:27:14.269587195Z,true,2025-01-03T21:27:26.465348409Z
01JGQ21ZBQ0E8YTG2TE5QTVDZJ,01JGQ1F3BN8EC002R2C6SDZHA8,2025-01-03T21:45:01.559289264Z,78,2025-01-03T21:45:12.874304152Z,01JGQ1F3C4DVPQMKEVJM2J69Y3,2025-01-03T21:45:01.559289264Z,78,2025-01-03T21:45:12.871854939Z,01JGQ1JNN4QJ8XEMDXHPYNSQFZ,2025-01-03T21:45:01.559289264Z,01JGQ1YW2C4GBQPHZ1CKXTGP4X,2025-01-03T21:45:01.559289264Z,01JGQ1YW6G9Q2NGJXNVT72HXVY,2025-01-03T21:45:01.559289264Z,true,2025-01-03T21:45:12.885681373Z
01JGQ04XMKW3VZQQM548QF67EJ,01JGPZ7DS26HBF8BHY8DZZHA96,2025-01-03T21:11:40.947812902Z,,,01JGPZ7DST3QHP58DW1G013V4K,2025-01-03T21:11:40.947812902Z,,,01JGPZWDB906WGPE716Q82VST1,2025-01-03T21:11:40.947812902Z,01JGQ04X81JXY0KDRB232S2JFW,2025-01-03T21:11:40.947812902Z,01JGQ04XAXZ9E52TGRQF1YS263,2025-01-03T21:11:40.947812902Z,,
01JGQ05V05R9TF03C8FNDGBB36,01JGPZ7DS26HBF8BHY8DZZHA96,2025-01-03T21:12:11.013764575Z,94,2025-01-03T21:12:36.331563336Z,01JGPZ7DST3QHP58DW1G013V4K,2025-01-03T21:12:11.013764575Z,92,2025-01-03T21:12:36.332328234Z,01JGPZWDB906WGPE716Q82VST1,2025-01-03T21:12:11.013764575Z,01JGQ04X81JXY0KDRB232S2JFW,2025-01-03T21:12:11.013764575Z,01JGQ04XAYYSE45CWKSHXWMVX5,2025-01-03T21:12:11.013764575Z,true,2025-01-03T21:12:36.502559334Z
01JGQ0YD8FCC47ZTYN1XQ22ZN2,01JGQ09HBX8MC4DGNHX3FZ8EDY,2025-01-03T21:25:36.143142609Z,77,2025-01-03T21:25:44.579839661Z,01JGQ09HCAQGMY5WGVV276K2K7,2025-01-03T21:25:36.143142609Z,55,2025-01-03T21:25:44.575733949Z,01JGQ0F4ER5V0NKZCQBD51KAXF,2025-01-03T21:25:36.143142609Z,01JGQ0Q55KFW14FH0FMB3XJWYH,2025-01-03T21:25:36.143142609Z,01JGQ0Q58EMNBQDFFK2H8F3183,2025-01-03T21:25:36.143142609Z,true,2025-01-03T21:25:44.581774034Z
01JGQ0YWGB5CJQVTHRVP1K6EN5,01JGQ0C849F94EV3HQD9RE40JS,2025-01-03T21:25:51.755338218Z,88,2025-01-03T21:26:12.782201886Z,01JGQ0C84J0QJJZJ4NFSFVRA5T,2025-01-03T21:25:51.755338218Z,100,2025-01-03T21:26:12.770731375Z,01JGQ0K1WF2HT2V04RZKFR203P,2025-01-03T21:25:51.755338218Z,01JGQ0X95Q15GZQNNAAAVFJ3JS,2025-01-03T21:25:51.755338218Z,01JGQ0X98VN2EY2JBPCVADTQR7,2025-01-03T21:25:51.755338218Z,true,2025-01-03T21:26:12.768028958Z
01JGQ0ZH3YRAXZEDGJR479J0F7,01JGQ0C849F94EV3HQD9RE40JS,2025-01-03T21:26:12.862741822Z,11,2025-01-03T21:26:28.883897485Z,01JGQ0C84J0QJJZJ4NFSFVRA5T,2025-01-03T21:26:12.862741822Z,21,2025-01-03T21:26:28.886068454Z,01JGQ0EAQCPREAHEEHRAKRV7WB,2025-01-03T21:26:12.862741822Z,01JGQ0X95KJJ17QR7XPETRDYWE,2025-01-03T21:26:12.862741822Z,01JGQ0X98MTVJ8R684EXTNPNQQ,2025-01-03T21:26:12.862741822Z,true,2025-01-03T21:26:28.892719913Z
01JGQ22GRF20GJR5RMTD8FTE3E,01JGQ1F3BN8EC002R2C6SDZHA8,2025-01-03T21:45:19.375981889Z,16,2025-01-03T21:45:28.537367344Z,01JGQ1F3C4DVPQMKEVJM2J69Y3,2025-01-03T21:45:19.375981889Z,29,2025-01-03T21:45:28.532886108Z,01JGQ1QB1H3AAC0DG4MA5F3MQB,2025-01-03T21:45:19.375981889Z,01JGQ1YW2JTVM6T0N8XH897AS9,2025-01-03T21:45:19.375981889Z,01JGQ1YW6BANJA8RD2EECRK4WH,2025-01-03T21:45:19.375981889Z,true,2025-01-03T21:45:28.546405225Z
01JGQ0AE29Z5J97JW3HHAC5G1S,01JGPZ7DS26HBF8BHY8DZZHA96,2025-01-03T21:14:41.609598283Z,,,01JGPZ7DST3QHP58DW1G013V4K,2025-01-03T21:14:41.609598283Z,,,01JGPZRZ4ZQDHG4XA5BZMF8KRX,2025-01-03T21:14:41.609598283Z,01JGQ04X8Q27NF8JQ1AC0AAWA0,2025-01-03T21:14:41.609598283Z,01JGQ04XB56VCV3370FH4NATN2,2025-01-03T21:14:41.609598283Z,,
01JGQ0B3X35DBXQ480A8K35P1Z,01JGQ02DY4Q8SKCPFS9SM3QK03,2025-01-03T21:15:03.971432841Z,,,01JGQ02DYKMTB890CVSBZ0JJ03,2025-01-03T21:15:03.971432841Z,,,01JGPZY6M1PKJ57S5YVKHXAYHS,2025-01-03T21:15:03.971432841Z,01JGQ0B3CEA9EPCX857GJFM3MZ,2025-01-03T21:15:03.971432841Z,01JGQ0B3GK34SXTWE8KH8P31QG,2025-01-03T21:15:03.971432841Z,,
01JGQ1YWFJCSK9J5BCCPT16N9K,01JGQ1F3BN8EC002R2C6SDZHA8,2025-01-03T21:43:20.306234903Z,,,01JGQ1F3C4DVPQMKEVJM2J69Y3,2025-01-03T21:43:20.306234903Z,,,01JGQ1QB1H3AAC0DG4MA5F3MQB,2025-01-03T21:43:20.306234903Z,01JGQ1YW22CC7CH4RRQPN6FTE9,2025-01-03T21:43:20.306234903Z,01JGQ1YW4EEC3FYS7FMFXA3XCS,2025-01-03T21:43:20.306234903Z,,
01JGQ08K8MQ44K6BZCT21JVGT9,01JGPZ7DS26HBF8BHY8DZZHA96,2025-01-03T21:13:41.396776915Z,69,2025-01-03T21:14:02.085895912Z,01JGPZ7DST3QHP58DW1G013V4K,2025-01-03T21:13:41.396776915Z,20,2025-01-03T21:14:02.082709626Z,01JGPZX7DGN1X2T8FHQDTEA9ZN,2025-01-03T21:13:41.396776915Z,01JGQ04X8TF2PZZPTQWT25BXJJ,2025-01-03T21:13:41.396776915Z,01JGQ04XB8B05S9EWR8HSZ3AD4,2025-01-03T21:13:41.396776915Z,true,2025-01-03T21:14:02.239006236Z
01JGQ0C8VW4G8CMJD5GT5Z6EQD,01JGPZ7DS26HBF8BHY8DZZHA96,2025-01-03T21:15:41.820184942Z,100,2025-01-03T21:15:53.396308017Z,01JGPZ7DST3QHP58DW1G013V4K,2025-01-03T21:15:41.820184942Z,88,2025-01-03T21:15:53.394718041Z,01JGPZWDB906WGPE716Q82VST1,2025-01-03T21:15:41.820184942Z,01JGQ04X8PF0AECJ9K9V6BH359,2025-01-03T21:15:41.820184942Z,01JGQ04XFT6R1V0PCP4Y6WGE87,2025-01-03T21:15:41.820184942Z,true,2025-01-03T21:15:53.401965505Z
01JGQ0S09RSVH5ZGBYNPA3TW31,01JGQ09HBX8MC4DGNHX3FZ8EDY,2025-01-03T21:22:39.03293837Z,77,2025-01-03T21:23:03.247197736Z,01JGQ09HCAQGMY5WGVV276K2K7,2025-01-03T21:22:39.03293837Z,0,2025-01-03T21:23:03.249149885Z,01JGQ0EBMFN660NY6ZXA41ZS43,2025-01-03T21:22:39.03293837Z,01JGQ0Q55N5G6QG7RWVFFRV5X2,2025-01-03T21:22:39.03293837Z,01JGQ0Q58RBKM9ZNF8467APXMY,2025-01-03T21:22:39.03293837Z,true,2025-01-03T21:23:03.245949471Z
01JGQ0SVHARY9DX4868628J853,01JGQ09HBX8MC4DGNHX3FZ8EDY,2025-01-03T21:23:06.922187453Z,,,01JGQ09HCAQGMY5WGVV276K2K7,2025-01-03T21:23:06.922187453Z,,,01JGPZE8KQCCXZMCJ3YT3TTZKX,2025-01-03T21:23:06.922187453Z,01JGQ0Q55FWGCK7C0F6EEQQT1X,2025-01-03T21:23:06.922187453Z,01JGQ0Q57WVGTVBG8VDVGZKCHX,2025-01-03T21:23:06.922187453Z,,
01JGQ05V0JCYATEVRXAD9DG748,01JGPZ7DS26HBF8BHY8DZZHA96,2025-01-03T21:12:11.026451701Z,96,2025-01-03T21:12:34.272058534Z,01JGPZ7DST3QHP58DW1G013V4K,2025-01-03T21:12:11.026451701Z,13,2025-01-03T21:12:34.266588308Z,01JGQ020PJTA07HKQR510T275H,2025-01-03T21:12:11.026451701Z,01JGQ04X81JXY0KDRB232S2JFW,2025-01-03T21:12:11.026451701Z,01JGQ04XAYYSE45CWKSHXWMVX5,2025-01-03T21:12:11.026451701Z,true,2025-01-03T21:12:34.271482749Z
01JGQ0SVHQ5W8EQY983M7AFQ6B,01JGQ09HBX8MC4DGNHX3FZ8EDY,2025-01-03T21:23:06.935349948Z,51,2025-01-03T21:23:24.411465379Z,01JGQ09HCAQGMY5WGVV276K2K7,2025-01-03T21:23:06.935349948Z,54,2025-01-03T21:23:24.409529794Z,01JGQ0F4ER5V0NKZCQBD51KAXF,2025-01-03T21:23:06.935349948Z,01JGQ0Q55FWGCK7C0F6EEQQT1X,2025-01-03T21:23:06.935349948Z,01JGQ0Q57WVGTVBG8VDVGZKCHX,2025-01-03T21:23:06.935349948Z,true,2025-01-03T21:23:24.705465851Z
01JGQ0VPCRPHVWEBJ1X2XMZKA6,01JGQ09HBX8MC4DGNHX3FZ8EDY,2025-01-03T21:24:07.192651931Z,81,2025-01-03T21:24:23.436875733Z,01JGQ09HCAQGMY5WGVV276K2K7,2025-01-03T21:24:07.192651931Z,15,2025-01-03T21:24:23.442849863Z,01JGQ0EBMFN660NY6ZXA41ZS43,2025-01-03T21:24:07.192651931Z,01JGQ0Q55AGX05ETJQR7BS8Q6P,2025-01-03T21:24:07.192651931Z,01JGQ0Q57VTGWHY0EBPZK067R8,2025-01-03T21:24:07.192651931Z,true,2025-01-03T21:24:23.434386121Z
01JGQ109X38YZV2M4R1MQMBX05,01JGQ0C849F94EV3HQD9RE40JS,2025-01-03T21:26:38.243167826Z,100,2025-01-03T21:26:48.902310595Z,01JGQ0C84J0QJJZJ4NFSFVRA5T,2025-01-03T21:26:38.243167826Z,0,2025-01-03T21:26:48.891205682Z,01JGQ0F2Q1BGAXWC42W1W362R7,2025-01-03T21:26:38.243167826Z,01JGQ0X95MR639AGYNAC5F7X2T,2025-01-03T21:26:38.243167826Z,01JGQ0X97MTXDGSPWK2EP0P5MT,2025-01-03T21:26:38.243167826Z,true,2025-01-03T21:26:48.923108465Z
01JGQ23QBG6MHHMKYHG0K29ZQN,01JGQ1F3BN8EC002R2C6SDZHA8,2025-01-03T21:45:58.896980743Z,72,2025-01-03T21:46:18.469830798Z,01JGQ1F3C4DVPQMKEVJM2J69Y3,2025-01-03T21:45:58.896980743Z,65,2025-01-03T21:46:18.454419138Z,01JGQ1GG06K6M53PBNF0BQG7HW,2025-01-03T21:45:58.896980743Z,01JGQ1YW2PX0WFBKTVSN5KC68A,2025-01-03T21:45:58.896980743Z,01JGQ1YW8XQ8CVSTJWQK1TTE0B,2025-01-03T21:45:58.896980743Z,true,2025-01-03T21:46:18.460281286Z
01JGQ23QC024VCYGRGF1QG6781,01JGQ1F3BN8EC002R2C6SDZHA8,2025-01-03T21:45:58.912313183Z,10,2025-01-03T21:46:15.052063559Z,01JGQ1F3C4DVPQMKEVJM2J69Y3,2025-01-03T21:45:58.912313183Z,61,2025-01-03T21:46:15.057348946Z,01JGQ1M29XYJNKSW8ZAQGM2K7K,2025-01-03T21:45:58.912313183Z,01JGQ1YW2PX0WFBKTVSN5KC68A,2025-01-03T21:45:58.912313183Z,01JGQ1YW8XQ8CVSTJWQK1TTE0B,2025-01-03T21:45:58.912313183Z,true,2025-01-03T21:46:15.099683126Z
01JGQ0GPNDTNZB181S8Q3Z1G0J,01JGQ02DY4Q8SKCPFS9SM3QK03,2025-01-03T21:18:07.02135524Z,73,2025-01-03T21:18:18.680459375Z,01JGQ02DYKMTB890CVSBZ0JJ03,2025-01-03T21:18:07.02135524Z,72,2025-01-03T21:18:18.678922441Z,01JGPZY6M1PKJ57S5YVKHXAYHS,2025-01-03T21:18:07.02135524Z,01JGQ0B3DA57XQNGXEYCK06HKN,2025-01-03T21:18:07.02135524Z,01JGQ0B3H600QVK9BYAHVWMRY0,2025-01-03T21:18:07.02135524Z,true,2025-01-03T21:18:18.682663126Z
01JGQ0H9A69SM9HAJR5FMQD10E,01JGQ02DY4Q8SKCPFS9SM3QK03,2025-01-03T21:18:26.118756648Z,100,2025-01-03T21:18:32.647662264Z,01JGQ02DYKMTB890CVSBZ0JJ03,2025-01-03T21:18:26.118756648Z,0,2025-01-03T21:18:32.651801443Z,01JGPZX69WP5QCN6YAEC2ZA52A,2025-01-03T21:18:26.118756648Z,01JGQ0B3D9MT63TKFK87V1C9CG,2025-01-03T21:18:26.118756648Z,01JGQ0B3HR0S6M9721TMQZWP6W,2025-01-03T21:18:26.118756648Z,true,2025-01-03T21:18:32.656497856Z
01JGQ10SMY61AD8HZWXPEZJ1WC,01JGQ0C849F94EV3HQD9RE40JS,2025-01-03T21:26:54.366206044Z,20,2025-01-03T21:27:02.374531887Z,01JGQ0C84J0QJJZJ4NFSFVRA5T,2025-01-03T21:26:54.366206044Z,47,2025-01-03T21:27:02.37257257Z,01JGQ0JBDKZKSRNR14D9DNV3KC,2025-01-03T21:26:54.366206044Z,01JGQ0X95SJXCYCE3EXZW0M8V4,2025-01-03T21:26:54.366206044Z,01JGQ0X99538S4K2BRVB885ANE,2025-01-03T21:26:54.366206044Z,true,2025-01-03T21:27:02.381941053Z
01JGQ12A4F5S8QKNN90S0Z2EM1,01JGQ0C849F94EV3HQD9RE40JS,2025-01-03T21:27:44.015862468Z,22,2025-01-03T21:27:52.928915364Z,01JGQ0C84J0QJJZJ4NFSFVRA5T,2025-01-03T21:27:44.015862468Z,53,2025-01-03T21:27:52.92633587Z,01JGQ0JBDKZKSRNR14D9DNV3KC,2025-01-03T21:27:44.015862468Z,01JGQ0X95VF9EE55RX4M9J24AZ,2025-01-03T21:27:44.015862468Z,01JGQ0X9945DMYSXXY3DAK5T2G,2025-01-03T21:27:44.015862468Z,true,2025-01-03T21:27:52.938218998Z
01JGQ1ZSTTQVECFCJSSDQHFNSN,01JGQ1F3BN8EC002R2C6SDZHA8,2025-01-03T21:43:50.362445311Z,63,2025-01-03T21:44:09.081221328Z,01JGQ1F3C4DVPQMKEVJM2J69Y3,2025-01-03T21:43:50.362445311Z,82,2025-01-03T21:44:09.077923992Z,01JGQ1JNN4QJ8XEMDXHPYNSQFZ,2025-01-03T21:43:50.362445311Z,01JGQ1YW22CC7CH4RRQPN6FTE9,2025-01-03T21:43:50.362445311Z,01JGQ1YW4HC15YKMT7QADF8CC8,2025-01-03T21:43:50.362445311Z,true,2025-01-03T21:44:09.234564266Z
01JGQ20D26GERX4Q4HF7WRPEAQ,01JGQ1F3BN8EC002R2C6SDZHA8,2025-01-03T21:44:10.05498442Z,40,2025-01-03T21:44:36.929563271Z,01JGQ1F3C4DVPQMKEVJM2J69Y3,2025-01-03T21:44:10.05498442Z,47,2025-01-03T21:44:36.925487726Z,01JGQ1GG06K6M53PBNF0BQG7HW,2025-01-03T21:44:10.05498442Z,01JGQ1YW28GN3SDRNZPTBG5GM8,2025-01-03T21:44:10.05498442Z,01JGQ1YW4ZNJMVX49T4XVA0C3T,2025-01-03T21:44:10.05498442Z,true,2025-01-03T21:44:36.932069798Z
01JGQ20D2R3C6PFZHMH221M0VS,01JGQ1F3BN8EC002R2C6SDZHA8,2025-01-03T21:44:10.07215634Z,94,2025-01-03T21:44:27.209583649Z,01JGQ1F3C4DVPQMKEVJM2J69Y3,2025-01-03T21:44:10.07215634Z,9,2025-01-03T21:44:27.207031681Z,01JGQ1M29XYJNKSW8ZAQGM2K7K,2025-01-03T21:44:10.07215634Z,01JGQ1YW28GN3SDRNZPTBG5GM8,2025-01-03T21:44:10.07215634Z,01JGQ1YW4ZNJMVX49T4XVA0C3T,2025-01-03T21:44:10.07215634Z,true,2025-01-03T21:44:27.215632499Z
01JGQ0VPCZV1MB90RAVW52DM95,01JGQ09HBX8MC4DGNHX3FZ8EDY,2025-01-03T21:24:07.199562986Z,83,2025-01-03T21:24:30.75176003Z,01JGQ09HCAQGMY5WGVV276K2K7,2025-01-03T21:24:07.199562986Z,60,2025-01-03T21:24:30.753408847Z,01JGQ0F4ER5V0NKZCQBD51KAXF,2025-01-03T21:24:07.199562986Z,01JGQ0Q55AGX05ETJQR7BS8Q6P,2025-01-03T21:24:07.199562986Z,01JGQ0Q57VTGWHY0EBPZK067R8,2025-01-03T21:24:07.199562986Z,true,2025-01-03T21:24:30.75664332Z
01JGQ0YWFR891SDAF59D250MBF,01JGQ0C849F94EV3HQD9RE40JS,2025-01-03T21:25:51.736463726Z,0,2025-01-03T21:26:06.698856852Z,01JGQ0C84J0QJJZJ4NFSFVRA5T,2025-01-03T21:25:51.736463726Z,52,2025-01-03T21:26:06.694412823Z,01JGQ0EAQCPREAHEEHRAKRV7WB,2025-01-03T21:25:51.736463726Z,01JGQ0X95Q15GZQNNAAAVFJ3JS,2025-01-03T21:25:51.736463726Z,01JGQ0X98VN2EY2JBPCVADTQR7,2025-01-03T21:25:51.736463726Z,true,2025-01-03T21:26:06.704245987Z
01JGQ15F3N5Q2CY2BT588VJA0V,01JGQ0C7ETEFBZD4VJK84VZHCX,2025-01-03T21:29:27.413810273Z,69,2025-01-03T21:29:51.046290575Z,01JGQ0C7F7RS6KD043DRQ14HW4,2025-01-03T21:29:27.413810273Z,80,2025-01-03T21:29:51.040440311Z,01JGQ0GCQT83E3WEE7375T4F10,2025-01-03T21:29:27.413810273Z,01JGQ12QV5A9S2WYN1811BZ688,2025-01-03T21:29:27.413810273Z,01JGQ12QXV8XDM8QJFVCDD4610,2025-01-03T21:29:27.413810273Z,true,2025-01-03T21:29:51.050514775Z
01JGQ06RDBVS409MEVFJJJ0CC9,01JGPZ7DS26HBF8BHY8DZZHA96,2025-01-03T21:12:41.13190301Z,92,2025-01-03T21:13:00.711841396Z,01JGPZ7DST3QHP58DW1G013V4K,2025-01-03T21:12:41.13190301Z,90,2025-01-03T21:13:00.708128882Z,01JGPZWDB906WGPE716Q82VST1,2025-01-03T21:12:41.13190301Z,01JGQ04X85NJHFV34CN37KHAS9,2025-01-03T21:12:41.13190301Z,01JGQ04XAKE2S8304HJYW5X8N7,2025-01-03T21:12:41.13190301Z,true,2025-01-03T21:13:00.714903964Z
01JGQ0CYN3QTX5FQZ7RDRDW9GG,01JGQ02DY4Q8SKCPFS9SM3QK03,2025-01-03T21:16:04.131167792Z,,,01JGQ02DYKMTB890CVSBZ0JJ03,2025-01-03T21:16:04.131167792Z,,,01JGPZG59944099EVHQFGGF0SA,2025-01-03T21:16:04.131167792Z,01JGQ0B3D51QBKQ8KP3G9X0D7H,2025-01-03T21:16:04.131167792Z,01JGQ0B3H5PWS4JF14GBWBKZ69,2025-01-03T21:16:04.131167792Z,,
01JGQ109XEMBJZABKPN1301J2V,01JGQ0C849F94EV3HQD9RE40JS,2025-01-03T21:26:38.254913677Z,79,2025-01-03T21:26:54.317884313Z,01JGQ0C84J0QJJZJ4NFSFVRA5T,2025-01-03T21:26:38.254913677Z,100,2025-01-03T21:26:54.274199956Z,01JGQ0K1WF2HT2V04RZKFR203P,2025-01-03T21:26:38.254913677Z,01JGQ0X95MR639AGYNAC5F7X2T,2025-01-03T21:26:38.254913677Z,01JGQ0X97MTXDGSPWK2EP0P5MT,2025-01-03T21:26:38.254913677Z,true,2025-01-03T21:26:54.272408421Z
01JGQ11VTRGSK9B9CGHD2E5BQM,01JGQ0C849F94EV3HQD9RE40JS,2025-01-03T21:27:29.368357689Z,23,2025-01-03T21:27:39.349016291Z,01JGQ0C84J0QJJZJ4NFSFVRA5T,2025-01-03T21:27:29.368357689Z,50,2025-01-03T21:27:39.346437912Z,01JGQ0JBDKZKSRNR14D9DNV3KC,2025-01-03T21:27:29.368357689Z,01JGQ0X95GD32YNB7VFN5C9K62,2025-01-03T21:27:29.368357689Z,01JGQ0X9BJGFDWTR467B2THXHV,2025-01-03T21:27:29.368357689Z,true,2025-01-03T21:27:39.355292444Z
01JGQ13NGT0N0DD2GV52N0GTM3,01JGQ0C7ETEFBZD4VJK84VZHCX,2025-01-03T21:28:28.442445794Z,100,2025-01-03T21:28:35.959439564Z,01JGQ0C7F7RS6KD043DRQ14HW4,2025-01-03T21:28:28.442445794Z,0,2025-01-03T21:28:35.957369402Z,01JGQ0E65PV4KS9CA6CGT3DF26,2025-01-03T21:28:28.442445794Z,01JGQ12QTTNNB6JWK8HT92H4YQ,2025-01-03T21:28:28.442445794Z,01JGQ12QX5S5C793AGJKAZ8ABM,2025-01-03T21:28:28.442445794Z,true,2025-01-03T21:28:36.067095057Z
01JGQ07NV6DMGE54JV3DTJY7EA,01JGPZ7DS26HBF8BHY8DZZHA96,2025-01-03T21:13:11.270552587Z,92,2025-01-03T21:13:26.06050351Z,01JGPZ7DST3QHP58DW1G013V4K,2025-01-03T21:13:11.270552587Z,88,2025-01-03T21:13:26.061351311Z,01JGPZWDB906WGPE716Q82VST1,2025-01-03T21:13:11.270552587Z,01JGQ04X8V95ZN0FVACG6SJFXA,2025-01-03T21:13:11.270552587Z,01JGQ04XBBMPPFW0GJQFMWTYWN,2025-01-03T21:13:11.270552587Z,true,2025-01-03T21:13:26.06897031Z
01JGQ0Y6Y27HPCTDMA0DMYGX65,01JGQ0C849F94EV3HQD9RE40JS,2025-01-03T21:25:29.666074182Z,82,2025-01-03T21:25:42.122737712Z,01JGQ0C84J0QJJZJ4NFSFVRA5T,2025-01-03T21:25:29.666074182Z,0,2025-01-03T21:25:42.115810665Z,01JGQ0F2Q1BGAXWC42W1W362R7,2025-01-03T21:25:29.666074182Z,01JGQ0X95CC0HHA9EHCRKJBGJP,2025-01-03T21:25:29.666074182Z,01JGQ0X9BPY7BBJYXDCP793RJ2,2025-01-03T21:25:29.666074182Z,true,2025-01-03T21:25:42.130695683Z
01JGQ0YWFX4DB9J5TKRMGEXZM4,01JGQ0C849F94EV3HQD9RE40JS,2025-01-03T21:25:51.741923796Z,100,2025-01-03T21:26:06.736374644Z,01JGQ0C84J0QJJZJ4NFSFVRA5T,2025-01-03T21:25:51.741923796Z,0,2025-01-03T21:26:06.711446058Z,01JGQ0F2Q1BGAXWC42W1W362R7,2025-01-03T21:25:51.741923796Z,01JGQ0X95Q15GZQNNAAAVFJ3JS,2025-01-03T21:25:51.741923796Z,01JGQ0X98VN2EY2JBPCVADTQR7,2025-01-03T21:25:51.741923796Z,true,2025-01-03T21:26:06.739257676Z
01JGQ12R5TB03S3MMY45QX7MBT,01JGQ0C7ETEFBZD4VJK84VZHCX,2025-01-03T21:27:58.394997025Z,,,01JGQ0C7F7RS6KD043DRQ14HW4,2025-01-03T21:27:58.394997025Z,,,01JGQ0M80VEDX4T85AQX5ZGNPX,2025-01-03T21:27:58.394997025Z,01JGQ12QTTNNB6JWK8HT92H4YQ,2025-01-03T21:27:58.394997025Z,01JGQ12QX37CR0F4N8DQ5HFTNC,2025-01-03T21:27:58.394997025Z,,
01JGQ09GNFB0GJ137QQA9V98AG,01JGPZ7DS26HBF8BHY8DZZHA96,2025-01-03T21:14:11.503527566Z,,,01JGPZ7DST3QHP58DW1G013V4K,2025-01-03T21:14:11.503527566Z,,,01JGPZRZ4ZQDHG4XA5BZMF8KRX,2025-01-03T21:14:11.503527566Z,01JGQ04X8S6DPYE9QCR43KZX51,2025-01-03T21:14:11.503527566Z,01JGQ04XB27S87H2HA7CNE955V,2025-01-03T21:14:11.503527566Z,,
01JGQ0FDM90CRB7HDW3814STC5,01JGQ02DY4Q8SKCPFS9SM3QK03,2025-01-03T21:17:25.001241686Z,13,2025-01-03T21:17:49.267394121Z,01JGQ02DYKMTB890CVSBZ0JJ03,2025-01-03T21:17:25.001241686Z,45,2025-01-03T21:17:49.265780504Z,01JGPZW8Z1TJ5HFSP3CC8MPYZH,2025-01-03T21:17:25.001241686Z,01JGQ0B3DE2D00V1FXNVWKDBR7,2025-01-03T21:17:25.001241686Z,01JGQ0B3G2Y3TWZC24VPM0VN0Q,2025-01-03T21:17:25.001241686Z,true,2025-01-03T21:17:49.269946094Z
01JGQ11VTJMS9NZPXC1DY326Y0,01JGQ0C849F94EV3HQD9RE40JS,2025-01-03T21:27:29.362497059Z,100,2025-01-03T21:27:40.477285029Z,01JGQ0C84J0QJJZJ4NFSFVRA5T,2025-01-03T21:27:29.362497059Z,13,2025-01-03T21:27:40.474957655Z,01JGQ0F2Q1BGAXWC42W1W362R7,2025-01-03T21:27:29.362497059Z,01JGQ0X95GD32YNB7VFN5C9K62,2025-01-03T21:27:29.362497059Z,01JGQ0X9BJGFDWTR467B2THXHV,2025-01-03T21:27:29.362497059Z,true,2025-01-03T21:27:40.517418999Z
01JGQ168RBG50XNWTCDDZYANZC,01JGQ0C7ETEFBZD4VJK84VZHCX,2025-01-03T21:29:53.675121227Z,79,2025-01-03T21:30:16.911717859Z,01JGQ0C7F7RS6KD043DRQ14HW4,2025-01-03T21:29:53.675121227Z,0,2025-01-03T21:30:16.909461027Z,01JGQ0E65PV4KS9CA6CGT3DF26,2025-01-03T21:29:53.675121227Z,01JGQ12QV1D8X86VEKZ43VMG0A,2025-01-03T21:29:53.675121227Z,01JGQ12QXMXWYW56RC0R24BMNG,2025-01-03T21:29:53.675121227Z,true,2025-01-03T21:30:09.956164824Z
01JGQ0C8W5J3E3NHW5WVN9SYWJ,01JGPZ7DS26HBF8BHY8DZZHA96,2025-01-03T21:15:41.829208034Z,78,2025-01-03T21:15:48.161086913Z,01JGPZ7DST3QHP58DW1G013V4K,2025-01-03T21:15:41.829208034Z,18,2025-01-03T21:15:48.157454127Z,01JGQ020PJTA07HKQR510T275H,2025-01-03T21:15:41.829208034Z,01JGQ04X8PF0AECJ9K9V6BH359,2025-01-03T21:15:41.829208034Z,01JGQ04XFT6R1V0PCP4Y6WGE87,2025-01-03T21:15:41.829208034Z,true,2025-01-03T21:15:48.163574806Z
01JGQ0Q5GESEFT659WDN4KDR1J,01JGQ09HBX8MC4DGNHX3FZ8EDY,2025-01-03T21:21:38.831031285Z,,,01JGQ09HCAQGMY5WGVV276K2K7,2025-01-03T21:21:38.831031285Z,,,01JGPZE8KQCCXZMCJ3YT3TTZKX,2025-01-03T21:21:38.831031285Z,01JGQ0Q5553HHE1ZB41E7093YF,2025-01-03T21:21:38.831031285Z,01JGQ0Q58221NYNK9C3EEVK412,2025-01-03T21:21:38.831031285Z,,
01JGQ188C1JV5GNE1TKHWAZDXR,01JGQ0C7ETEFBZD4VJK84VZHCX,2025-01-03T21:30:58.817051558Z,75,2025-01-03T21:31:08.879180085Z,01JGQ0C7F7RS6KD043DRQ14HW4,2025-01-03T21:30:58.817051558Z,88,2025-01-03T21:31:08.876955493Z,01JGQ0GCQT83E3WEE7375T4F10,2025-01-03T21:30:58.817051558Z,01JGQ12QVBVKFV22PP9BKJKTA3,2025-01-03T21:30:58.817051558Z,01JGQ12R1KXDFGX26FPTZJ0S5K,2025-01-03T21:30:58.817051558Z,true,2025-01-03T21:31:08.888068098Z
01JGQ22GR1AFZXJA0XXK3HE1AG,01JGQ1F3BN8EC002R2C6SDZHA8,2025-01-03T21:45:19.361421437Z,62,2025-01-03T21:45:33.399093503Z,01JGQ1F3C4DVPQMKEVJM2J69Y3,2025-01-03T21:45:19.361421437Z,76,2025-01-03T21:45:33.394942902Z,01JGQ1JNN4QJ8XEMDXHPYNSQFZ,2025-01-03T21:45:19.361421437Z,01JGQ1YW2JTVM6T0N8XH897AS9,2025-01-03T21:45:19.361421437Z,01JGQ1YW6BANJA8RD2EECRK4WH,2025-01-03T21:45:19.361421437Z,true,2025-01-03T21:45:33.411278829Z
01JGQ0BBF04DNC2NWRYYWH4VZ7,01JGPZ7DS26HBF8BHY8DZZHA96,2025-01-03T21:15:11.712054039Z,,,01JGPZ7DST3QHP58DW1G013V4K,2025-01-03T21:15:11.712054039Z,,,01JGPZRZ4ZQDHG4XA5BZMF8KRX,2025-01-03T21:15:11.712054039Z,01JGQ04X8RCSCJMGQRWQTNW713,2025-01-03T21:15:11.712054039Z,01JGQ04XATFBPVQBXX123ZVVMD,2025-01-03T21:15:11.712054039Z,,
01JGQ0TRYR7AK1AYE9DVXXFHET,01JGQ09HBX8MC4DGNHX3FZ8EDY,2025-01-03T21:23:37.048472271Z,,,01JGQ09HCAQGMY5WGVV276K2K7,2025-01-03T21:23:37.048472271Z,,,01JGPZXD6JBA8GN43DTG1XJEMW,2025-01-03T21:23:37.048472271Z,01JGQ0Q558KT28R6KVPSTKTBKD,2025-01-03T21:23:37.048472271Z,01JGQ0Q57AY9403Q6CFFX54D6J,2025-01-03T21:23:37.048472271Z,,
01JGQ0YWG4BMJV7W0QAKB0VZZS,01JGQ0C849F94EV3HQD9RE40JS,2025-01-03T21:25:51.748355942Z,34,2025-01-03T21:26:01.478911441Z,01JGQ0C84J0QJJZJ4NFSFVRA5T,2025-01-03T21:25:51.748355942Z,50,2025-01-03T21:26:01.474426504Z,01JGQ0JBDKZKSRNR14D9DNV3KC,2025-01-03T21:25:51.748355942Z,01JGQ0X95Q15GZQNNAAAVFJ3JS,2025-01-03T21:25:51.748355942Z,01JGQ0X98VN2EY2JBPCVADTQR7,2025-01-03T21:25:51.748355942Z,true,2025-01-03T21:26:01.47642176Z
01JGQ0ZH4DGWGJ1PZ8GAFR067X,01JGQ0C849F94EV3HQD9RE40JS,2025-01-03T21:26:12.877906365Z,30,2025-01-03T21:26:25.130085053Z,01JGQ0C84J0QJJZJ4NFSFVRA5T,2025-01-03T21:26:12.877906365Z,65,2025-01-03T21:26:25.127747134Z,01JGQ0JBDKZKSRNR14D9DNV3KC,2025-01-03T21:26:12.877906365Z,01JGQ0X95KJJ17QR7XPETRDYWE,2025-01-03T21:26:12.877906365Z,01JGQ0X98MTVJ8R684EXTNPNQQ,2025-01-03T21:26:12.877906365Z,true,2025-01-03T21:26:25.137323957Z
01JGQ15F3W55ST38MGTVHDZ6QY,01JGQ0C7ETEFBZD4VJK84VZHCX,2025-01-03T21:29:27.420544974Z,100,2025-01-03T21:29:39.629547621Z,01JGQ0C7F7RS6KD043DRQ14HW4,2025-01-03T21:29:27.420544974Z,0,2025-01-03T21:29:39.627333377Z,01JGQ0M80VEDX4T85AQX5ZGNPX,2025-01-03T21:29:27.420544974Z,01JGQ12QV5A9S2WYN1811BZ688,2025-01-03T21:29:27.420544974Z,01JGQ12QXV8XDM8QJFVCDD4610,2025-01-03T21:29:27.420544974Z,true,2025-01-03T21:29:39.637239611Z
01JGQ188C96F2STKJMVRP5YBHW,01JGQ0C7ETEFBZD4VJK84VZHCX,2025-01-03T21:30:58.825119155Z,95,2025-01-03T21:31:13.605248193Z,01JGQ0C7F7RS6KD043DRQ14HW4,2025-01-03T21:30:58.825119155Z,88,2025-01-03T21:31:13.599982127Z,01JGQ0M80VEDX4T85AQX5ZGNPX,2025-01-03T21:30:58.825119155Z,01JGQ12QVBVKFV22PP9BKJKTA3,2025-01-03T21:30:58.825119155Z,01JGQ12R1KXDFGX26FPTZJ0S5K,2025-01-03T21:30:58.825119155Z,true,2025-01-03T21:31:13.594960711Z
01JGQ0BBFAP78THX7W660NK8GE,01JGPZ7DS26HBF8BHY8DZZHA96,2025-01-03T21:15:11.72288801Z,70,2025-01-03T21:15:23.497251528Z,01JGPZ7DST3QHP58DW1G013V4K,2025-01-03T21:15:11.72288801Z,0,2025-01-03T21:15:23.494176547Z,01JGPZX7DGN1X2T8FHQDTEA9ZN,2025-01-03T21:15:11.72288801Z,01JGQ04X8RCSCJMGQRWQTNW713,2025-01-03T21:15:11.72288801Z,01JGQ04XATFBPVQBXX123ZVVMD,2025-01-03T21:15:11.72288801Z,true,2025-01-03T21:15:23.651031672Z
01JGQ188BPWD2JPWZ6PQ5FF0BQ,01JGQ0C7ETEFBZD4VJK84VZHCX,2025-01-03T21:30:58.80685452Z,70,2025-01-03T21:31:18.918023357Z,01JGQ0C7F7RS6KD043DRQ14HW4,2025-01-03T21:30:58.80685452Z,67,2025-01-03T21:31:18.922621155Z,01JGQ0EMQMV9V3BJED4YANPYGG,2025-01-03T21:30:58.80685452Z,01JGQ12QVBVKFV22PP9BKJKTA3,2025-01-03T21:30:58.80685452Z,01JGQ12R1KXDFGX26FPTZJ0S5K,2025-01-03T21:30:58.80685452Z,true,2025-01-03T21:31:18.927861698Z
01JGQ09GNN5TCF11BWSVYCMKPV,01JGPZ7DS26HBF8BHY8DZZHA96,2025-01-03T21:14:11.509814762Z,100,2025-01-03T21:14:27.695563649Z,01JGPZ7DST3QHP58DW1G013V4K,2025-01-03T21:14:11.509814762Z,88,2025-01-03T21:14:27.69033902Z,01JGPZWDB906WGPE716Q82VST1,2025-01-03T21:14:11.509814762Z,01JGQ04X8S6DPYE9QCR43KZX51,2025-01-03T21:14:11.509814762Z,01JGQ04XB27S87H2HA7CNE955V,2025-01-03T21:14:11.509814762Z,true,2025-01-03T21:14:27.702578335Z
01JGQ0SVHE2400CQ2P3X5YGFDS,01JGQ09HBX8MC4DGNHX3FZ8EDY,2025-01-03T21:23:06.926077192Z,100,2025-01-03T21:23:31.388017194Z,01JGQ09HCAQGMY5WGVV276K2K7,2025-01-03T21:23:06.926077192Z,0,2025-01-03T21:23:31.389695996Z,01JGPZXD6JBA8GN43DTG1XJEMW,2025-01-03T21:23:06.926077192Z,01JGQ0Q55FWGCK7C0F6EEQQT1X,2025-01-03T21:23:06.926077192Z,01JGQ0Q57WVGTVBG8VDVGZKCHX,2025-01-03T21:23:06.926077192Z,true,2025-01-03T21:23:31.39246041Z
01JGQ0VPCBPXNYEW46TFJ764X0,01JGQ09HBX8MC4DGNHX3FZ8EDY,2025-01-03T21:24:07.17925564Z,93,2025-01-03T21:24:36.585546456Z,01JGQ09HCAQGMY5WGVV276K2K7,2025-01-03T21:24:07.17925564Z,10,2025-01-03T21:24:36.580555961Z,01JGPZE8KQCCXZMCJ3YT3TTZKX,2025-01-03T21:24:07.17925564Z,01JGQ0Q55AGX05ETJQR7BS8Q6P,2025-01-03T21:24:07.17925564Z,01JGQ0Q57VTGWHY0EBPZK067R8,2025-01-03T21:24:07.17925564Z,true,2025-01-03T21:24:36.675833072Z
01JGQ0X9J0R3K2JG3H0YA24B13,01JGQ0C849F94EV3HQD9RE40JS,2025-01-03T21:24:59.584751741Z,,,01JGQ0C84J0QJJZJ4NFSFVRA5T,2025-01-03T21:24:59.584751741Z,,,01JGQ0EAQCPREAHEEHRAKRV7WB,2025-01-03T21:24:59.584751741Z,01JGQ0X95CC0HHA9EHCRKJBGJP,2025-01-03T21:24:59.584751741Z,01JGQ0X9BM7R9B0K1P3TJ10NCW,2025-01-03T21:24:59.584751741Z,,
01JGQ109WW0KD7XK7MCF495CZC,01JGQ0C849F94EV3HQD9RE40JS,2025-01-03T21:26:38.236545756Z,24,2025-01-03T21:26:52.145361625Z,01JGQ0C84J0QJJZJ4NFSFVRA5T,2025-01-03T21:26:38.236545756Z,34,2025-01-03T21:26:52.14076111Z,01JGQ0EAQCPREAHEEHRAKRV7WB,2025-01-03T21:26:38.236545756Z,01JGQ0X95MR639AGYNAC5F7X2T,2025-01-03T21:26:38.236545756Z,01JGQ0X97MTXDGSPWK2EP0P5MT,2025-01-03T21:26:38.236545756Z,true,2025-01-03T21:26:52.151656521Z
01JGQ13NH5CNMJ2PK84RX714C0,01JGQ0C7ETEFBZD4VJK84VZHCX,2025-01-03T21:28:28.454014972Z,88,2025-01-03T21:28:58.262281013Z,01JGQ0C7F7RS6KD043DRQ14HW4,2025-01-03T21:28:28.454014972Z,82,2025-01-03T21:28:58.25981558Z,01JGQ0GCQT83E3WEE7375T4F10,2025-01-03T21:28:28.454014972Z,01JGQ12QTTNNB6JWK8HT92H4YQ,2025-01-03T21:28:28.454014972Z,01JGQ12QX5S5C793AGJKAZ8ABM,2025-01-03T21:28:28.454014972Z,true,2025-01-03T21:28:58.423923132Z
01JGQ109X8MEC7H8YB7K94XMEC,01JGQ0C849F94EV3HQD9RE40JS,2025-01-03T21:26:38.248899092Z,27,2025-01-03T21:26:48.228919121Z,01JGQ0C84J0QJJZJ4NFSFVRA5T,2025-01-03T21:26:38.248899092Z,50,2025-01-03T21:26:48.226608444Z,01JGQ0JBDKZKSRNR14D9DNV3KC,2025-01-03T21:26:38.248899092Z,01JGQ0X95MR639AGYNAC5F7X2T,2025-01-03T21:26:38.248899092Z,01JGQ0X97MTXDGSPWK2EP0P5MT,2025-01-03T21:26:38.248899092Z,true,2025-01-03T21:26:48.237061494Z
01JGQ14JWTFWVGYD98ZTX1Z6A9,01JGQ0C7ETEFBZD4VJK84VZHCX,2025-01-03T21:28:58.522326792Z,77,2025-01-03T21:29:27.29655337Z,01JGQ0C7F7RS6KD043DRQ14HW4,2025-01-03T21:28:58.522326792Z,80,2025-01-03T21:29:27.29152761Z,01JGQ0GCQT83E3WEE7375T4F10,2025-01-03T21:28:58.522326792Z,01JGQ12QTXV8QTKCC0RWM6JNYQ,2025-01-03T21:28:58.522326792Z,01JGQ12QXBTRH7TRCEA4AT3SVG,2025-01-03T21:28:58.522326792Z,true,2025-01-03T21:29:27.300722054Z
01JGQ234383E8YHW1SQMFW55BR,01JGQ1F3BN8EC002R2C6SDZHA8,2025-01-03T21:45:39.176598471Z,21,2025-01-03T21:45:55.221852598Z,01JGQ1F3C4DVPQMKEVJM2J69Y3,2025-01-03T21:45:39.176598471Z,76,2025-01-03T21:45:55.219398188Z,01JGQ1QB1H3AAC0DG4MA5F3MQB,2025-01-03T21:45:39.176598471Z,01JGQ1YW2RRRHHV3MAGH6SHQH9,2025-01-03T21:45:39.176598471Z,01JGQ1YW49Z2W0W6HKHNBSD7NF,2025-01-03T21:45:39.176598471Z,true,2025-01-03T21:45:55.238370256Z
01JGQ0H9A1ZMPECY5C4GN661MS,01JGQ02DY4Q8SKCPFS9SM3QK03,2025-01-03T21:18:26.113066851Z,13,2025-01-03T21:18:48.26723767Z,01JGQ02DYKMTB890CVSBZ0JJ03,2025-01-03T21:18:26.113066851Z,40,2025-01-03T21:18:48.257187048Z,01JGPZW8Z1TJ5HFSP3CC8MPYZH,2025-01-03T21:18:26.113066851Z,01JGQ0B3D9MT63TKFK87V1C9CG,2025-01-03T21:18:26.113066851Z,01JGQ0B3HR0S6M9721TMQZWP6W,2025-01-03T21:18:26.113066851Z,true,2025-01-03T21:18:48.263936193Z
01JGQ11D3AAF956VJHTCZGBAKZ,01JGQ0C849F94EV3HQD9RE40JS,2025-01-03T21:27:14.282597076Z,26,2025-01-03T21:27:22.084055056Z,01JGQ0C84J0QJJZJ4NFSFVRA5T,2025-01-03T21:27:14.282597076Z,56,2025-01-03T21:27:22.081977795Z,01JGQ0JBDKZKSRNR14D9DNV3KC,2025-01-03T21:27:14.282597076Z,01JGQ0X95F207YNDH053RGNWSG,2025-01-03T21:27:14.282597076Z,01JGQ0X97BBMTHA4X42XZ8DW9V,2025-01-03T21:27:14.282597076Z,true,2025-01-03T21:27:22.090587944Z
01JGQ0CYN87CGPGVCB4F7TKK9V,01JGQ02DY4Q8SKCPFS9SM3QK03,2025-01-03T21:16:04.136677053Z,81,2025-01-03T21:16:26.767833731Z,01JGQ02DYKMTB890CVSBZ0JJ03,2025-01-03T21:16:04.136677053Z,99,2025-01-03T21:16:26.737815132Z,01JGPZW8Z1TJ5HFSP3CC8MPYZH,2025-01-03T21:16:04.136677053Z,01JGQ0B3D51QBKQ8KP3G9X0D7H,2025-01-03T21:16:04.136677053Z,01JGQ0B3H5PWS4JF14GBWBKZ69,2025-01-03T21:16:04.136677053Z,true,2025-01-03T21:16:26.814441002Z
01JGQ0CYNEYPVWBTSVGF653Y08,01JGQ02DY4Q8SKCPFS9SM3QK03,2025-01-03T21:16:04.14206032Z,100,2025-01-03T21:16:15.38339217Z,01JGQ02DYKMTB890CVSBZ0JJ03,2025-01-03T21:16:04.14206032Z,100,2025-01-03T21:16:15.380674144Z,01JGPZX69WP5QCN6YAEC2ZA52A,2025-01-03T21:16:04.14206032Z,01JGQ0B3D51QBKQ8KP3G9X0D7H,2025-01-03T21:16:04.14206032Z,01JGQ0B3H5PWS4JF14GBWBKZ69,2025-01-03T21:16:04.14206032Z,true,2025-01-03T21:16:15.389325212Z
01JGQ0CYNMHRENWX11A83J4B0X,01JGQ02DY4Q8SKCPFS9SM3QK03,2025-01-03T21:16:04.148349058Z,,,01JGQ02DYKMTB890CVSBZ0JJ03,2025-01-03T21:16:04.148349058Z,,,01JGPZY6M1PKJ57S5YVKHXAYHS,2025-01-03T21:16:04.148349058Z,01JGQ0B3D51QBKQ8KP3G9X0D7H,2025-01-03T21:16:04.148349058Z,01JGQ0B3H5PWS4JF14GBWBKZ69,2025-01-03T21:16:04.148349058Z,,
01JGQ0DW2DVXXZ94TB4XQWYWSH,01JGQ02DY4Q8SKCPFS9SM3QK03,2025-01-03T21:16:34.253862577Z,100,2025-01-03T21:17:00.474154973Z,01JGQ02DYKMTB890CVSBZ0JJ03,2025-01-03T21:16:34.253862577Z,0,2025-01-03T21:17:00.472813722Z,01JGPZX69WP5QCN6YAEC2ZA52A,2025-01-03T21:16:34.253862577Z,01JGQ0B3CYD51ZK7HACCZV92VH,2025-01-03T21:16:34.253862577Z,01JGQ0B3GJCDCZK41TSS6G9WR4,2025-01-03T21:16:34.253862577Z,true,2025-01-03T21:17:00.479380748Z
01JGQ0FDM0WYVDWJ4ATR0N33PS,01JGQ02DY4Q8SKCPFS9SM3QK03,2025-01-03T21:17:24.992143729Z,100,2025-01-03T21:17:34.733947312Z,01JGQ02DYKMTB890CVSBZ0JJ03,2025-01-03T21:17:24.992143729Z,0,2025-01-03T21:17:34.727924443Z,01JGPZG59944099EVHQFGGF0SA,2025-01-03T21:17:24.992143729Z,01JGQ0B3DE2D00V1FXNVWKDBR7,2025-01-03T21:17:24.992143729Z,01JGQ0B3G2Y3TWZC24VPM0VN0Q,2025-01-03T21:17:24.992143729Z,true,2025-01-03T21:17:34.743901848Z
01JGQ0GPMZ8PZCYSBCAEA11HK9,01JGQ02DY4Q8SKCPFS9SM3QK03,2025-01-03T21:18:07.007260219Z,100,2025-01-03T21:18:14.559649096Z,01JGQ02DYKMTB890CVSBZ0JJ03,2025-01-03T21:18:07.007260219Z,0,2025-01-03T21:18:14.561407211Z,01JGPZG59944099EVHQFGGF0SA,2025-01-03T21:18:07.007260219Z,01JGQ0B3DA57XQNGXEYCK06HKN,2025-01-03T21:18:07.007260219Z,01JGQ0B3H600QVK9BYAHVWMRY0,2025-01-03T21:18:07.007260219Z,true,2025-01-03T21:18:14.566642555Z
01JGQ0YD88PHNCA0VG2G02KGDT,01JGQ09HBX8MC4DGNHX3FZ8EDY,2025-01-03T21:25:36.136546862Z,72,2025-01-03T21:25:43.81089007Z,01JGQ09HCAQGMY5WGVV276K2K7,2025-01-03T21:25:36.136546862Z,24,2025-01-03T21:25:43.807151564Z,01JGQ0EBMFN660NY6ZXA41ZS43,2025-01-03T21:25:36.136546862Z,01JGQ0Q55KFW14FH0FMB3XJWYH,2025-01-03T21:25:36.136546862Z,01JGQ0Q58EMNBQDFFK2H8F3183,2025-01-03T21:25:36.136546862Z,true,2025-01-03T21:25:43.809275289Z
01JGQ10SMJRG05J8B5EY35V1GR,01JGQ0C849F94EV3HQD9RE40JS,2025-01-03T21:26:54.354470714Z,26,2025-01-03T21:27:08.750623188Z,01JGQ0C84J0QJJZJ4NFSFVRA5T,2025-01-03T21:26:54.354470714Z,31,2025-01-03T21:27:08.745877834Z,01JGQ0EAQCPREAHEEHRAKRV7WB,2025-01-03T21:26:54.354470714Z,01JGQ0X95SJXCYCE3EXZW0M8V4,2025-01-03T21:26:54.354470714Z,01JGQ0X99538S4K2BRVB885ANE,2025-01-03T21:26:54.354470714Z,true,2025-01-03T21:27:08.757005694Z
01JGQ12R58MHH8VBH1XFREYK8J,01JGQ0C7ETEFBZD4VJK84VZHCX,2025-01-03T21:27:58.376098765Z,,,01JGQ0C7F7RS6KD043DRQ14HW4,2025-01-03T21:27:58.376098765Z,,,01JGQ0E65PV4KS9CA6CGT3DF26,2025-01-03T21:27:58.376098765Z,01JGQ12QTTNNB6JWK8HT92H4YQ,2025-01-03T21:27:58.376098765Z,01JGQ12QX37CR0F4N8DQ5HFTNC,2025-01-03T21:27:58.376098765Z,,
01JGQ14JWZ8YFFH450N7QDCT7Z,01JGQ0C7ETEFBZD4VJK84VZHCX,2025-01-03T21:28:58.527354944Z,77,2025-01-03T21:29:22.774530803Z,01JGQ0C7F7RS6KD043DRQ14HW4,2025-01-03T21:28:58.527354944Z,67,2025-01-03T21:29:22.770155945Z,01JGQ0M80VEDX4T85AQX5ZGNPX,2025-01-03T21:28:58.527354944Z,01JGQ12QTXV8QTKCC0RWM6JNYQ,2025-01-03T21:28:58.527354944Z,01JGQ12QXBTRH7TRCEA4AT3SVG,2025-01-03T21:28:58.527354944Z,true,2025-01-03T21:29:22.778358413Z
01JGQ0AE2QFWA67FH333EVCZ45,01JGPZ7DS26HBF8BHY8DZZHA96,2025-01-03T21:14:41.623535309Z,96,2025-01-03T21:15:02.321915745Z,01JGPZ7DST3QHP58DW1G013V4K,2025-01-03T21:14:41.623535309Z,19,2025-01-03T21:15:02.305442182Z,01JGQ020PJTA07HKQR510T275H,2025-01-03T21:14:41.623535309Z,01JGQ04X8Q27NF8JQ1AC0AAWA0,2025-01-03T21:14:41.623535309Z,01JGQ04XB56VCV3370FH4NATN2,2025-01-03T21:14:41.623535309Z,true,2025-01-03T21:15:02.325956785Z
01JGQ12R5MT0CZ20WBETFY0RTP,01JGQ0C7ETEFBZD4VJK84VZHCX,2025-01-03T21:27:58.388586843Z,,,01JGQ0C7F7RS6KD043DRQ14HW4,2025-01-03T21:27:58.388586843Z,,,01JGQ0GCQT83E3WEE7375T4F10,2025-01-03T21:27:58.388586843Z,01JGQ12QTTNNB6JWK8HT92H4YQ,2025-01-03T21:27:58.388586843Z,01JGQ12QX37CR0F4N8DQ5HFTNC,2025-01-03T21:27:58.388586843Z,,
01JGQ17KPV0KW85G7GBC2APD90,01JGQ0C7ETEFBZD4VJK84VZHCX,2025-01-03T21:30:37.659538595Z,99,2025-01-03T21:30:48.836200104Z,01JGQ0C7F7RS6KD043DRQ14HW4,2025-01-03T21:30:37.659538595Z,0,2025-01-03T21:30:48.842876931Z,01JGQ0M80VEDX4T85AQX5ZGNPX,2025-01-03T21:30:37.659538595Z,01JGQ12QV480N3PCN9781QKJEE,2025-01-03T21:30:37.659538595Z,01JGQ12QY49X6M6BGAKRW3ZE4D,2025-01-03T21:30:37.659538595Z,true,2025-01-03T21:30:48.833590843Z
01JGQ0R2VXNX3P1QNGZKPBYQAX,01JGQ09HBX8MC4DGNHX3FZ8EDY,2025-01-03T21:22:08.893298812Z,85,2025-01-03T21:22:37.175022583Z,01JGQ09HCAQGMY5WGVV276K2K7,2025-01-03T21:22:08.893298812Z,0,2025-01-03T21:22:37.150398891Z,01JGPZE8KQCCXZMCJ3YT3TTZKX,2025-01-03T21:22:08.893298812Z,01JGQ0Q5553HHE1ZB41E7093YF,2025-01-03T21:22:08.893298812Z,01JGQ0Q583RW5GF409P7Q3ZMDP,2025-01-03T21:22:08.893298812Z,true,2025-01-03T21:22:37.190089694Z
01JGQ1ZSTKEJ3Y12X6WFGPC71B,01JGQ1F3BN8EC002R2C6SDZHA8,2025-01-03T21:43:50.355433153Z,30,2025-01-03T21:44:09.889731797Z,01JGQ1F3C4DVPQMKEVJM2J69Y3,2025-01-03T21:43:50.355433153Z,31,2025-01-03T21:44:09.884415009Z,01JGQ1GG06K6M53PBNF0BQG7HW,2025-01-03T21:43:50.355433153Z,01JGQ1YW22CC7CH4RRQPN6FTE9,2025-01-03T21:43:50.355433153Z,01JGQ1YW4HC15YKMT7QADF8CC8,2025-01-03T21:43:50.355433153Z,true,2025-01-03T21:44:09.942979005Z
01JGQ0G5DZCNQC5XBJ2HBYXMYH,01JGQ02DY4Q8SKCPFS9SM3QK03,2025-01-03T21:17:49.375468657Z,24,2025-01-03T21:18:05.751547954Z,01JGQ02DYKMTB890CVSBZ0JJ03,2025-01-03T21:17:49.375468657Z,56,2025-01-03T21:18:05.754467561Z,01JGPZX69WP5QCN6YAEC2ZA52A,2025-01-03T21:17:49.375468657Z,01JGQ0B3DCA8VZZ0K83XCQFPE2,2025-01-03T21:17:49.375468657Z,01JGQ0B3J1GPSSXYFF912G8EJ1,2025-01-03T21:17:49.375468657Z,true,2025-01-03T21:18:05.757176836Z
01JGQ0YD82R3V67BMQ3KBXDGTG,01JGQ09HBX8MC4DGNHX3FZ8EDY,2025-01-03T21:25:36.131204108Z,55,2025-01-03T21:25:55.90409601Z,01JGQ09HCAQGMY5WGVV276K2K7,2025-01-03T21:25:36.131204108Z,47,2025-01-03T21:25:55.895402792Z,01JGPZXD6JBA8GN43DTG1XJEMW,2025-01-03T21:25:36.131204108Z,01JGQ0Q55KFW14FH0FMB3XJWYH,2025-01-03T21:25:36.131204108Z,01JGQ0Q58EMNBQDFFK2H8F3183,2025-01-03T21:25:36.131204108Z,true,2025-01-03T21:25:55.910052972Z
01JGQ18W3SESBHYPKAW2P7CM81,01JGQ0C7ETEFBZD4VJK84VZHCX,2025-01-03T21:31:19.033317168Z,67,2025-01-03T21:31:32.054838382Z,01JGQ0C7F7RS6KD043DRQ14HW4,2025-01-03T21:31:19.033317168Z,67,2025-01-03T21:31:32.059862408Z,01JGQ0EMQMV9V3BJED4YANPYGG,2025-01-03T21:31:19.033317168Z,01JGQ12QV8WHNC9HBMFDZWYAYB,2025-01-03T21:31:19.033317168Z,01JGQ12QX8HH1CJ4G0G1G7TCC2,2025-01-03T21:31:19.033317168Z,true,2025-01-03T21:31:32.069106551Z
01JGQ218GRT700TKHXNEM4VFGC,01JGQ1F3BN8EC002R2C6SDZHA8,2025-01-03T21:44:38.168468693Z,76,2025-01-03T21:44:49.576872294Z,01JGQ1F3C4DVPQMKEVJM2J69Y3,2025-01-03T21:44:38.168468693Z,82,2025-01-03T21:44:49.572679964Z,01JGQ1JNN4QJ8XEMDXHPYNSQFZ,2025-01-03T21:44:38.168468693Z,01JGQ1YW2FD50RSKQS1VYX0VRJ,2025-01-03T21:44:38.168468693Z,01JGQ1YW56Z07XKKMR02N4WPYK,2025-01-03T21:44:38.168468693Z,true,2025-01-03T21:44:49.58634222Z
01JGQ06RDPR1CVH4RBETK6XFCK,01JGPZ7DS26HBF8BHY8DZZHA96,2025-01-03T21:12:41.142371473Z,78,2025-01-03T21:12:57.18177049Z,01JGPZ7DST3QHP58DW1G013V4K,2025-01-03T21:12:41.142371473Z,15,2025-01-03T21:12:57.180735994Z,01JGQ020PJTA07HKQR510T275H,2025-01-03T21:12:41.142371473Z,01JGQ04X85NJHFV34CN37KHAS9,2025-01-03T21:12:41.142371473Z,01JGQ04XAKE2S8304HJYW5X8N7,2025-01-03T21:12:41.142371473Z,true,2025-01-03T21:12:57.17975997Z
01JGQ0BBF4509VRQTQW6030SYW,01JGPZ7DS26HBF8BHY8DZZHA96,2025-01-03T21:15:11.716981624Z,100,2025-01-03T21:15:28.52865626Z,01JGPZ7DST3QHP58DW1G013V4K,2025-01-03T21:15:11.716981624Z,88,2025-01-03T21:15:28.527469739Z,01JGPZWDB906WGPE716Q82VST1,2025-01-03T21:15:11.716981624Z,01JGQ04X8RCSCJMGQRWQTNW713,2025-01-03T21:15:11.716981624Z,01JGQ04XATFBPVQBXX123ZVVMD,2025-01-03T21:15:11.716981624Z,true,2025-01-03T21:15:28.540551975Z
01JGQ0WK9KSF86ER0D8PYE5JY6,01JGQ09HBX8MC4DGNHX3FZ8EDY,2025-01-03T21:24:36.787248195Z,60,2025-01-03T21:25:01.086431069Z,01JGQ09HCAQGMY5WGVV276K2K7,2025-01-03T21:24:36.787248195Z,30,2025-01-03T21:25:01.074634812Z,01JGQ0EBMFN660NY6ZXA41ZS43,2025-01-03T21:24:36.787248195Z,01JGQ0Q55PY3BXK33RJJNZ4836,2025-01-03T21:24:36.787248195Z,01JGQ0Q58JCJQT45XYBWQ69M1H,2025-01-03T21:24:36.787248195Z,true,2025-01-03T21:25:01.082282895Z
01JGQ188BCZE255X06CV4C4513,01JGQ0C7ETEFBZD4VJK84VZHCX,2025-01-03T21:30:58.796333906Z,100,2025-01-03T21:31:06.391910447Z,01JGQ0C7F7RS6KD043DRQ14HW4,2025-01-03T21:30:58.796333906Z,0,2025-01-03T21:31:06.394593647Z,01JGQ0E65PV4KS9CA6CGT3DF26,2025-01-03T21:30:58.796333906Z,01JGQ12QVBVKFV22PP9BKJKTA3,2025-01-03T21:30:58.796333906Z,01JGQ12R1KXDFGX26FPTZJ0S5K,2025-01-03T21:30:58.796333906Z,true,2025-01-03T21:31:06.400291329Z
01JGQ04XMRGHHFWARTSZRFPJ8J,01JGPZ7DS26HBF8BHY8DZZHA96,2025-01-03T21:11:40.952924453Z,,,01JGPZ7DST3QHP58DW1G013V4K,2025-01-03T21:11:40.952924453Z,,,01JGPZX7DGN1X2T8FHQDTEA9ZN,2025-01-03T21:11:40.952924453Z,01JGQ04X81JXY0KDRB232S2JFW,2025-01-03T21:11:40.952924453Z,01JGQ04XAXZ9E52TGRQF1YS263,2025-01-03T21:11:40.952924453Z,,
01JGQ0WK9C84E3YN7N5RREQP2S,01JGQ09HBX8MC4DGNHX3FZ8EDY,2025-01-03T21:24:36.780517533Z,79,2025-01-03T21:25:04.616568892Z,01JGQ09HCAQGMY5WGVV276K2K7,2025-01-03T21:24:36.780517533Z,30,2025-01-03T21:25:04.606060814Z,01JGPZXD6JBA8GN43DTG1XJEMW,2025-01-03T21:24:36.780517533Z,01JGQ0Q55PY3BXK33RJJNZ4836,2025-01-03T21:24:36.780517533Z,01JGQ0Q58JCJQT45XYBWQ69M1H,2025-01-03T21:24:36.780517533Z,true,2025-01-03T21:25:04.615113902Z
01JGQ21ZC9SAVZ6H88EN7WSWWT,01JGQ1F3BN8EC002R2C6SDZHA8,2025-01-03T21:45:01.577703003Z,55,2025-01-03T21:45:16.30534407Z,01JGQ1F3C4DVPQMKEVJM2J69Y3,2025-01-03T21:45:01.577703003Z,44,2025-01-03T21:45:16.301520069Z,01JGQ1QB1H3AAC0DG4MA5F3MQB,2025-01-03T21:45:01.577703003Z,01JGQ1YW2C4GBQPHZ1CKXTGP4X,2025-01-03T21:45:01.577703003Z,01JGQ1YW6G9Q2NGJXNVT72HXVY,2025-01-03T21:45:01.577703003Z,true,2025-01-03T21:45:16.341127725Z
01JGQ10SMRB9KDC71Y6B0HVKGA,01JGQ0C849F94EV3HQD9RE40JS,2025-01-03T21:26:54.360118657Z,100,2025-01-03T21:27:03.126894313Z,01JGQ0C84J0QJJZJ4NFSFVRA5T,2025-01-03T21:26:54.360118657Z,0,2025-01-03T21:27:03.119004045Z,01JGQ0F2Q1BGAXWC42W1W362R7,2025-01-03T21:26:54.360118657Z,01JGQ0X95SJXCYCE3EXZW0M8V4,2025-01-03T21:26:54.360118657Z,01JGQ0X99538S4K2BRVB885ANE,2025-01-03T21:26:54.360118657Z,true,2025-01-03T21:27:03.167057295Z
01JGQ11VTAG7A6N3B53SA7HCZZ,01JGQ0C849F94EV3HQD9RE40JS,2025-01-03T21:27:29.354951748Z,42,2025-01-03T21:27:43.90412503Z,01JGQ0C84J0QJJZJ4NFSFVRA5T,2025-01-03T21:27:29.354951748Z,40,2025-01-03T21:27:43.898770241Z,01JGQ0EAQCPREAHEEHRAKRV7WB,2025-01-03T21:27:29.354951748Z,01JGQ0X95GD32YNB7VFN5C9K62,2025-01-03T21:27:29.354951748Z,01JGQ0X9BJGFDWTR467B2THXHV,2025-01-03T21:27:29.354951748Z,true,2025-01-03T21:27:43.910054264Z
01JGQ23QC66T15CSRNJA92PQXN,01JGQ1F3BN8EC002R2C6SDZHA8,2025-01-03T21:45:58.918288112Z,15,2025-01-03T21:46:15.091011854Z,01JGQ1F3C4DVPQMKEVJM2J69Y3,2025-01-03T21:45:58.918288112Z,42,2025-01-03T21:46:15.054862997Z,01JGQ1QB1H3AAC0DG4MA5F3MQB,2025-01-03T21:45:58.918288112Z,01JGQ1YW2PX0WFBKTVSN5KC68A,2025-01-03T21:45:58.918288112Z,01JGQ1YW8XQ8CVSTJWQK1TTE0B,2025-01-03T21:45:58.918288112Z,true,2025-01-03T21:46:15.106699093Z
01JGQ0FDMK00JR7QQZ9SF0F3NV,01JGQ02DY4Q8SKCPFS9SM3QK03,2025-01-03T21:17:25.011879419Z,100,2025-01-03T21:17:38.728679313Z,01JGQ02DYKMTB890CVSBZ0JJ03,2025-01-03T21:17:25.011879419Z,0,2025-01-03T21:17:38.722713788Z,01JGPZX69WP5QCN6YAEC2ZA52A,2025-01-03T21:17:25.011879419Z,01JGQ0B3DE2D00V1FXNVWKDBR7,2025-01-03T21:17:25.011879419Z,01JGQ0B3G2Y3TWZC24VPM0VN0Q,2025-01-03T21:17:25.011879419Z,true,2025-01-03T21:17:38.920695261Z
01JGQ0VPCJEVF51NNV5WNQ0356,01JGQ09HBX8MC4DGNHX3FZ8EDY,2025-01-03T21:24:07.186731322Z,55,2025-01-03T21:24:28.224606489Z,01JGQ09HCAQGMY5WGVV276K2K7,2025-01-03T21:24:07.186731322Z,35,2025-01-03T21:24:28.21773329Z,01JGPZXD6JBA8GN43DTG1XJEMW,2025-01-03T21:24:07.186731322Z,01JGQ0Q55AGX05ETJQR7BS8Q6P,2025-01-03T21:24:07.186731322Z,01JGQ0Q57VTGWHY0EBPZK067R8,2025-01-03T21:24:07.186731322Z,true,2025-01-03T21:24:28.230466895Z
01JGQ15F3E3A18YMCD0ZVT9XR4,01JGQ0C7ETEFBZD4VJK84VZHCX,2025-01-03T21:29:27.406115505Z,100,2025-01-03T21:29:46.782957355Z,01JGQ0C7F7RS6KD043DRQ14HW4,2025-01-03T21:29:27.406115505Z,66,2025-01-03T21:29:46.785240266Z,01JGQ0EMQMV9V3BJED4YANPYGG,2025-01-03T21:29:27.406115505Z,01JGQ12QV5A9S2WYN1811BZ688,2025-01-03T21:29:27.406115505Z,01JGQ12QXV8XDM8QJFVCDD4610,2025-01-03T21:29:27.406115505Z,true,2025-01-03T21:29:46.857753915Z
01JGQ1YWEVG4MHGR3T2MW2J1HC,01JGQ1F3BN8EC002R2C6SDZHA8,2025-01-03T21:43:20.2832393Z,,,01JGQ1F3C4DVPQMKEVJM2J69Y3,2025-01-03T21:43:20.2832393Z,,,01JGQ1GG06K6M53PBNF0BQG7HW,2025-01-03T21:43:20.2832393Z,01JGQ1YW22CC7CH4RRQPN6FTE9,2025-01-03T21:43:20.2832393Z,01JGQ1YW4EEC3FYS7FMFXA3XCS,2025-01-03T21:43:20.2832393Z,,
01JGQ0Q5H09PC175P7PRYA8XRS,01JGQ09HBX8MC4DGNHX3FZ8EDY,2025-01-03T21:21:38.848099105Z,,,01JGQ09HCAQGMY5WGVV276K2K7,2025-01-03T21:21:38.848099105Z,,,01JGQ0F4ER5V0NKZCQBD51KAXF,2025-01-03T21:21:38.848099105Z,01JGQ0Q5553HHE1ZB41E7093YF,2025-01-03T21:21:38.848099105Z,01JGQ0Q58221NYNK9C3EEVK412,2025-01-03T21:21:38.848099105Z,,
01JGQ0ZH4M3FQBXPM0YYCYA6BZ,01JGQ0C849F94EV3HQD9RE40JS,2025-01-03T21:26:12.884638671Z,79,2025-01-03T21:26:38.390356211Z,01JGQ0C84J0QJJZJ4NFSFVRA5T,2025-01-03T21:26:12.884638671Z,100,2025-01-03T21:26:38.131727846Z,01JGQ0K1WF2HT2V04RZKFR203P,2025-01-03T21:26:12.884638671Z,01JGQ0X95KJJ17QR7XPETRDYWE,2025-01-03T21:26:12.884638671Z,01JGQ0X98MTVJ8R684EXTNPNQQ,2025-01-03T21:26:12.884638671Z,true,2025-01-03T21:26:38.146747926Z
01JGQ2342QMVCNTZ7GW8ZP077Z,01JGQ1F3BN8EC002R2C6SDZHA8,2025-01-03T21:45:39.159122822Z,66,2025-01-03T21:45:58.766048166Z,01JGQ1F3C4DVPQMKEVJM2J69Y3,2025-01-03T21:45:39.159122822Z,67,2025-01-03T21:45:58.763628708Z,01JGQ1JNN4QJ8XEMDXHPYNSQFZ,2025-01-03T21:45:39.159122822Z,01JGQ1YW2RRRHHV3MAGH6SHQH9,2025-01-03T21:45:39.159122822Z,01JGQ1YW49Z2W0W6HKHNBSD7NF,2025-01-03T21:45:39.159122822Z,true,2025-01-03T21:45:58.784394367Z
01JGQ24H78ECPSBGR5WNMGE7KE,01JGQ1F3BN8EC002R2C6SDZHA8,2025-01-03T21:46:25.384317283Z,64,2025-01-03T21:46:34.794315685Z,01JGQ1F3C4DVPQMKEVJM2J69Y3,2025-01-03T21:46:25.384317283Z,74,2025-01-03T21:46:34.789801512Z,01JGQ1JNN4QJ8XEMDXHPYNSQFZ,2025-01-03T21:46:25.384317283Z,01JGQ1YW2VK6Q1TK3GBKANVMN7,2025-01-03T21:46:25.384317283Z,01JGQ1YW6NGY630N3FVJVG0PYH,2025-01-03T21:46:25.384317283Z,true,2025-01-03T21:46:34.813292644Z
