id,batchID,batchIDLastChangedAt,gameID,gameIDLastChangedAt,playerID,playerIDLastChangedAt,roundID,roundIDLastChangedAt
01JHBVP1CW92M7NNKQH5J79DAT,01JHBTX7KZ3V2CYHFHVDQCA98R,2025-01-11T23:37:42.044995208Z,01JHBTX7M67CWWXJ3R6C6PWE6C,2025-01-11T23:37:42.044995208Z,01JHBV7PKAYSCJ2RARSAECXZ23,2025-01-11T23:37:42.044995208Z,01JHBVP13BPPBCDBHNDEKNDCTE,2025-01-11T23:37:42.044995208Z
01JHBW1YH6MWWDD96HMZ53NZG2,01JHBVHJMEWP46BJZKBJCA4163,2025-01-11T23:44:12.326970288Z,01JHBVHJMP58QZD0ERCD1BKSQB,2025-01-11T23:44:12.326970288Z,01JHBVGSSBP2QT2XAYC73FZKFD,2025-01-11T23:44:12.326970288Z,01JHBVY8RWYWNZV3GFXCZ4CC4R,2025-01-11T23:44:12.326970288Z
01JHBW91MF9D1859EV0END1Q1K,01JHBTX68J5FF51HAWKFSSABTQ,2025-01-11T23:48:04.879661212Z,01JHBTX68WPA51BA437QAW9DT1,2025-01-11T23:48:04.879661212Z,01JHBVGTAY4E6NHG0JGGREX54Z,2025-01-11T23:48:04.879661212Z,01JHBW5KYGPRAN5PXPRSDR1Y3H,2025-01-11T23:48:04.879661212Z
01JHBWA1QWKVH8S2SCBFQ0W75S,01JHBTX6QNK0Z23VT6DS018F8W,2025-01-11T23:48:37.756238327Z,01JHBTX6QXPG22MD32ZM1QNA6D,2025-01-11T23:48:37.756238327Z,01JHBVWZT9EY7AMTGMSFY65MRR,2025-01-11T23:48:37.756238327Z,01JHBW2WQAN5FYWTY29ZCCMHE8,2025-01-11T23:48:37.756238327Z
01JHBWDT8Z4DEJBYDA5EJAWTGJ,01JHBTX5PWBQZ4S7HPNH7QRZQ7,2025-01-11T23:50:41.18341012Z,01JHBTX5Q5D8FY3D9BY2GQ5SB5,2025-01-11T23:50:41.18341012Z,01JHBVW84AY9MZ5PAHMQCV1Q86,2025-01-11T23:50:41.18341012Z,01JHBW8B2EED7S23Z7GZWSWV15,2025-01-11T23:50:41.18341012Z
01JHBWDT90WQ49MQZMS3VVFPMK,01JHBTX5PWBQZ4S7HPNH7QRZQ7,2025-01-11T23:50:41.184272206Z,01JHBTX5Q5D8FY3D9BY2GQ5SB5,2025-01-11T23:50:41.184272206Z,01JHBVXDEZFT3Z7DYANP3ECXE8,2025-01-11T23:50:41.184272206Z,01JHBW8B2EED7S23Z7GZWSWV15,2025-01-11T23:50:41.184272206Z
01JHBVTJ4THJAWCZPB7NN8J47S,01JHBTX7KZ3V2CYHFHVDQCA98R,2025-01-11T23:40:10.266906612Z,01JHBTX7M67CWWXJ3R6C6PWE6C,2025-01-11T23:40:10.266906612Z,01JHBV7PKAYSCJ2RARSAECXZ23,2025-01-11T23:40:10.266906612Z,01JHBVP13J7SABWDECH1R4CVDS,2025-01-11T23:40:10.266906612Z
01JHBW2WZYPZJW6ASZWR54629K,01JHBTX6QNK0Z23VT6DS018F8W,2025-01-11T23:44:43.51810581Z,01JHBTX6QXPG22MD32ZM1QNA6D,2025-01-11T23:44:43.51810581Z,01JHBVWZT9EY7AMTGMSFY65MRR,2025-01-11T23:44:43.51810581Z,01JHBW2WQFB1DQX8CXQMJTMY99,2025-01-11T23:44:43.51810581Z
01JHBW5EV313QY8VPJFSN96Q4E,01JHBTX76D5ZPRW7AVRQQ804ZP,2025-01-11T23:46:07.331825032Z,01JHBTX76M42JMPHWQCP7QAPDJ,2025-01-11T23:46:07.331825032Z,01JHBVTTHXFEY6PMJGHTDW36T6,2025-01-11T23:46:07.331825032Z,01JHBW0C1FX1YSBEA4W5YQJPJE,2025-01-11T23:46:07.331825032Z
01JHBW94C3GCCKX7D9XNX5JB1E,01JHBTX6QNK0Z23VT6DS018F8W,2025-01-11T23:48:07.683272992Z,01JHBTX6QXPG22MD32ZM1QNA6D,2025-01-11T23:48:07.683272992Z,01JHBVWSN3EWTQV954SMVGQ0GR,2025-01-11T23:48:07.683272992Z,01JHBW2WQGNXDNC3WAFATE9JD2,2025-01-11T23:48:07.683272992Z
01JHBVHXHJP6VSZCDP8DG494XT,01JHBTX80G01Q71DZNE0VH0MF0,2025-01-11T23:35:27.026408753Z,01JHBTX80PZTQS6EYYX3ASQ623,2025-01-11T23:35:27.026408753Z,01JHBV74WF0NHT0V8TJC1RK527,2025-01-11T23:35:27.026408753Z,01JHBVHX8QKJ5T2NNC008Y20RW,2025-01-11T23:35:27.026408753Z
01JHBVWCW9RDS524103WD143JQ,01JHBTX7KZ3V2CYHFHVDQCA98R,2025-01-11T23:41:10.40969722Z,01JHBTX7M67CWWXJ3R6C6PWE6C,2025-01-11T23:41:10.40969722Z,01JHBV7PKAYSCJ2RARSAECXZ23,2025-01-11T23:41:10.40969722Z,01JHBVP13K15TJMMTSMJ7FEW4N,2025-01-11T23:41:10.40969722Z
01JHBW3YWGWSBSFJCC1CJG4K3Z,01JHBTX76D5ZPRW7AVRQQ804ZP,2025-01-11T23:45:18.224954261Z,01JHBTX76M42JMPHWQCP7QAPDJ,2025-01-11T23:45:18.224954261Z,01JHBVQP95FRVV2CEM56XM06HV,2025-01-11T23:45:18.224954261Z,01JHBW0C1HHF65961N351V03KR,2025-01-11T23:45:18.224954261Z
01JHBWASSD654R3CTX2RY85GJ8,01JHBTX68J5FF51HAWKFSSABTQ,2025-01-11T23:49:02.381562427Z,01JHBTX68WPA51BA437QAW9DT1,2025-01-11T23:49:02.381562427Z,01JHBVNZJNASKF0KSA8WR26WYZ,2025-01-11T23:49:02.381562427Z,01JHBW5KYH0H23VH70S457N6WH,2025-01-11T23:49:02.381562427Z
01JHBW03SM4JY30HRZ0EYDZQDS,01JHBVHJMEWP46BJZKBJCA4163,2025-01-11T23:43:12.180940293Z,01JHBVHJMP58QZD0ERCD1BKSQB,2025-01-11T23:43:12.180940293Z,01JHBVGSSBP2QT2XAYC73FZKFD,2025-01-11T23:43:12.180940293Z,01JHBVY8RPRF1QA6ED263E7D3Y,2025-01-11T23:43:12.180940293Z
01JHBW5EV12ZHXNE8RRFHH7CDS,01JHBTX76D5ZPRW7AVRQQ804ZP,2025-01-11T23:46:07.329988275Z,01JHBTX76M42JMPHWQCP7QAPDJ,2025-01-11T23:46:07.329988275Z,01JHBVQP95FRVV2CEM56XM06HV,2025-01-11T23:46:07.329988275Z,01JHBW0C1FX1YSBEA4W5YQJPJE,2025-01-11T23:46:07.329988275Z
01JHBW6GNZ3BG7Q839V7XFMCF9,01JHBTX6QNK0Z23VT6DS018F8W,2025-01-11T23:46:41.983654067Z,01JHBTX6QXPG22MD32ZM1QNA6D,2025-01-11T23:46:41.983654067Z,01JHBVBGRE1824ED703M7PZVYC,2025-01-11T23:46:41.983654067Z,01JHBW2WQEWSVNRY0ETBHFTEBV,2025-01-11T23:46:41.983654067Z
01JHBW7EYMVH1AS65V3H7JEBNF,01JHBTX68J5FF51HAWKFSSABTQ,2025-01-11T23:47:12.980839677Z,01JHBTX68WPA51BA437QAW9DT1,2025-01-11T23:47:12.980839677Z,01JHBVVGWZN1WTF2V7E5AP7FJT,2025-01-11T23:47:12.980839677Z,01JHBW5KYFFF0VA70RZX2THNPN,2025-01-11T23:47:12.980839677Z
01JHBVKR8S9T4M0KBHQJR6JV26,01JHBTX80G01Q71DZNE0VH0MF0,2025-01-11T23:36:27.161050156Z,01JHBTX80PZTQS6EYYX3ASQ623,2025-01-11T23:36:27.161050156Z,01JHBV74WF0NHT0V8TJC1RK527,2025-01-11T23:36:27.161050156Z,01JHBVHX8V1XN4WSDCHB9SZWVM,2025-01-11T23:36:27.161050156Z
01JHBWBSHK628FT518TFCMSFR6,01JHBTX5PWBQZ4S7HPNH7QRZQ7,2025-01-11T23:49:34.899675096Z,01JHBTX5Q5D8FY3D9BY2GQ5SB5,2025-01-11T23:49:34.899675096Z,01JHBVXDEZFT3Z7DYANP3ECXE8,2025-01-11T23:49:34.899675096Z,01JHBW8B2CPVNKVMB7G40RTHXV,2025-01-11T23:49:34.899675096Z
01JHBVNJZW46KGBGSMGN0NQP14,01JHBTX80G01Q71DZNE0VH0MF0,2025-01-11T23:37:27.292253486Z,01JHBTX80PZTQS6EYYX3ASQ623,2025-01-11T23:37:27.292253486Z,01JHBV74WF0NHT0V8TJC1RK527,2025-01-11T23:37:27.292253486Z,01JHBVHX8ZCB79N9P6NWTF98NK,2025-01-11T23:37:27.292253486Z
01JHBW03SNQK90SJ75HR0P1YFG,01JHBVHJMEWP46BJZKBJCA4163,2025-01-11T23:43:12.181850841Z,01JHBVHJMP58QZD0ERCD1BKSQB,2025-01-11T23:43:12.181850841Z,01JHBVPDW0W89PBNW3EQJVWGZC,2025-01-11T23:43:12.181850841Z,01JHBVY8RPRF1QA6ED263E7D3Y,2025-01-11T23:43:12.181850841Z
01JHBW7E29CP35PV9856ENV0SZ,01JHBTX6QNK0Z23VT6DS018F8W,2025-01-11T23:47:12.073218423Z,01JHBTX6QXPG22MD32ZM1QNA6D,2025-01-11T23:47:12.073218423Z,01JHBVWZT9EY7AMTGMSFY65MRR,2025-01-11T23:47:12.073218423Z,01JHBW2WQDJTXYV4PM2HF5Q09S,2025-01-11T23:47:12.073218423Z
01JHBWDA8WMD0EDQFBJPJJEDN4,01JHBTX5PWBQZ4S7HPNH7QRZQ7,2025-01-11T23:50:24.796645026Z,01JHBTX5Q5D8FY3D9BY2GQ5SB5,2025-01-11T23:50:24.796645026Z,01JHBVXDEZFT3Z7DYANP3ECXE8,2025-01-11T23:50:24.796645026Z,01JHBW8B2GRTEHKVXSG4PK3QEG,2025-01-11T23:50:24.796645026Z
01JHBVR254DW98EBH4QXE0GHG6,01JHBTX80G01Q71DZNE0VH0MF0,2025-01-11T23:38:48.356814602Z,01JHBTX80PZTQS6EYYX3ASQ623,2025-01-11T23:38:48.356814602Z,01JHBV79EMH0A7280T53VSN32R,2025-01-11T23:38:48.356814602Z,01JHBVHX8XE33YC20K2YJQ5H6F,2025-01-11T23:38:48.356814602Z
01JHBW3YWH50CEYTKQP3Z42TR3,01JHBTX76D5ZPRW7AVRQQ804ZP,2025-01-11T23:45:18.22594625Z,01JHBTX76M42JMPHWQCP7QAPDJ,2025-01-11T23:45:18.22594625Z,01JHBVWGATAMJH5D4D6CXEPVM2,2025-01-11T23:45:18.22594625Z,01JHBW0C1HHF65961N351V03KR,2025-01-11T23:45:18.22594625Z
01JHBWDA8Y4TE9DYQ43VYPF63P,01JHBTX5PWBQZ4S7HPNH7QRZQ7,2025-01-11T23:50:24.798181667Z,01JHBTX5Q5D8FY3D9BY2GQ5SB5,2025-01-11T23:50:24.798181667Z,01JHBVW84AY9MZ5PAHMQCV1Q86,2025-01-11T23:50:24.798181667Z,01JHBW8B2GRTEHKVXSG4PK3QEG,2025-01-11T23:50:24.798181667Z
01JHBWBTR9JT6C84F343ATZY0Q,01JHBTX68J5FF51HAWKFSSABTQ,2025-01-11T23:49:36.13729328Z,01JHBTX68WPA51BA437QAW9DT1,2025-01-11T23:49:36.13729328Z,01JHBVVGWZN1WTF2V7E5AP7FJT,2025-01-11T23:49:36.13729328Z,01JHBW5KYKSBCJE7T6C4S7JAR2,2025-01-11T23:49:36.13729328Z
01JHBVNJZXWWE1W93RDE2XG99V,01JHBTX80G01Q71DZNE0VH0MF0,2025-01-11T23:37:27.293071896Z,01JHBTX80PZTQS6EYYX3ASQ623,2025-01-11T23:37:27.293071896Z,01JHBV79EMH0A7280T53VSN32R,2025-01-11T23:37:27.293071896Z,01JHBVHX8ZCB79N9P6NWTF98NK,2025-01-11T23:37:27.293071896Z
01JHBVP1CXM5EJ8W6WV7CMN4DH,01JHBTX7KZ3V2CYHFHVDQCA98R,2025-01-11T23:37:42.045959509Z,01JHBTX7M67CWWXJ3R6C6PWE6C,2025-01-11T23:37:42.045959509Z,01JHBV8AA2MGH8NGNVHBQQJPVP,2025-01-11T23:37:42.045959509Z,01JHBVP13BPPBCDBHNDEKNDCTE,2025-01-11T23:37:42.045959509Z
01JHBW1152XKAYTT6DF4N62VW8,01JHBVHJMEWP46BJZKBJCA4163,2025-01-11T23:43:42.242863206Z,01JHBVHJMP58QZD0ERCD1BKSQB,2025-01-11T23:43:42.242863206Z,01JHBV8W40W6F73YGTMEHZ2AGH,2025-01-11T23:43:42.242863206Z,01JHBVY8RQAP5X20BS2WRZCNQF,2025-01-11T23:43:42.242863206Z
01JHBW3YWKW3YBH4MG3E6RFHKY,01JHBTX76D5ZPRW7AVRQQ804ZP,2025-01-11T23:45:18.22752454Z,01JHBTX76M42JMPHWQCP7QAPDJ,2025-01-11T23:45:18.22752454Z,01JHBVTTHXFEY6PMJGHTDW36T6,2025-01-11T23:45:18.22752454Z,01JHBW0C1HHF65961N351V03KR,2025-01-11T23:45:18.22752454Z
01JHBW7E28HYGAG8P272Q4EV7Q,01JHBTX6QNK0Z23VT6DS018F8W,2025-01-11T23:47:12.072571527Z,01JHBTX6QXPG22MD32ZM1QNA6D,2025-01-11T23:47:12.072571527Z,01JHBVBGRE1824ED703M7PZVYC,2025-01-11T23:47:12.072571527Z,01JHBW2WQDJTXYV4PM2HF5Q09S,2025-01-11T23:47:12.072571527Z
01JHBWB3F7VAXRWCNBFEMYBCF3,01JHBTX5PWBQZ4S7HPNH7QRZQ7,2025-01-11T23:49:12.295890921Z,01JHBTX5Q5D8FY3D9BY2GQ5SB5,2025-01-11T23:49:12.295890921Z,01JHBVQ4VKBXXX63RJNCWSVM7S,2025-01-11T23:49:12.295890921Z,01JHBW8B2ADYJS11HSKD6KD396,2025-01-11T23:49:12.295890921Z
01JHBWBJ90S16MH5BRVEZTVMZW,01JHBTX519Y2QKDJBCY0DMHWC3,2025-01-11T23:49:27.456085928Z,01JHBTX51J08G9P66RHDPSXZME,2025-01-11T23:49:27.456085928Z,01JHBW4702NP1R1BJ02GGJ1W44,2025-01-11T23:49:27.456085928Z,01JHBWBHXYCKWACYWG8XA5MDNN,2025-01-11T23:49:27.456085928Z
01JHBWBTRASFF92K5C71E49JGD,01JHBTX68J5FF51HAWKFSSABTQ,2025-01-11T23:49:36.138152417Z,01JHBTX68WPA51BA437QAW9DT1,2025-01-11T23:49:36.138152417Z,01JHBVGTAY4E6NHG0JGGREX54Z,2025-01-11T23:49:36.138152417Z,01JHBW5KYKSBCJE7T6C4S7JAR2,2025-01-11T23:49:36.138152417Z
01JHBW94BZMRB8KTW5671N4B2Q,01JHBTX6QNK0Z23VT6DS018F8W,2025-01-11T23:48:07.679546063Z,01JHBTX6QXPG22MD32ZM1QNA6D,2025-01-11T23:48:07.679546063Z,01JHBVBGRE1824ED703M7PZVYC,2025-01-11T23:48:07.679546063Z,01JHBW2WQGNXDNC3WAFATE9JD2,2025-01-11T23:48:07.679546063Z
01JHBWA63DDDPKVMFX9Q91A64J,01JHBTX5PWBQZ4S7HPNH7QRZQ7,2025-01-11T23:48:42.221978571Z,01JHBTX5Q5D8FY3D9BY2GQ5SB5,2025-01-11T23:48:42.221978571Z,01JHBVQ4VKBXXX63RJNCWSVM7S,2025-01-11T23:48:42.221978571Z,01JHBW8B280MX0HCTY4P1ZRFHV,2025-01-11T23:48:42.221978571Z
01JHBWB3FACH4X8BV93NX8RV7H,01JHBTX5PWBQZ4S7HPNH7QRZQ7,2025-01-11T23:49:12.298288944Z,01JHBTX5Q5D8FY3D9BY2GQ5SB5,2025-01-11T23:49:12.298288944Z,01JHBVXDEZFT3Z7DYANP3ECXE8,2025-01-11T23:49:12.298288944Z,01JHBW8B2ADYJS11HSKD6KD396,2025-01-11T23:49:12.298288944Z
01JHBWBAS2SQ8EXCHKC027Z74X,01JHBTX68J5FF51HAWKFSSABTQ,2025-01-11T23:49:19.778747436Z,01JHBTX68WPA51BA437QAW9DT1,2025-01-11T23:49:19.778747436Z,01JHBVY0J3Y06J2DM2EX7J57D2,2025-01-11T23:49:19.778747436Z,01JHBW5KYJYFY28XYSV9CCCB72,2025-01-11T23:49:19.778747436Z
01JHBVQTAXX53ADV1XAQ5NHFA6,01JHBTX7KZ3V2CYHFHVDQCA98R,2025-01-11T23:38:40.34943555Z,01JHBTX7M67CWWXJ3R6C6PWE6C,2025-01-11T23:38:40.34943555Z,01JHBV7PKAYSCJ2RARSAECXZ23,2025-01-11T23:38:40.34943555Z,01JHBVP13BPPBCDBHNDVTQ7YPM,2025-01-11T23:38:40.34943555Z
01JHBVXA7ZQ0W35WA5TDF086HA,01JHBTX7KZ3V2CYHFHVDQCA98R,2025-01-11T23:41:40.479631168Z,01JHBTX7M67CWWXJ3R6C6PWE6C,2025-01-11T23:41:40.479631168Z,01JHBV4GD4QG737WHZHN543W18,2025-01-11T23:41:40.479631168Z,01JHBVP13NGA6DNEWMZBBP2636,2025-01-11T23:41:40.479631168Z
01JHBW5Z9BWXS5BJP35JWXHNR3,01JHBTX76D5ZPRW7AVRQQ804ZP,2025-01-11T23:46:24.172018156Z,01JHBTX76M42JMPHWQCP7QAPDJ,2025-01-11T23:46:24.172018156Z,01JHBVSAY4JGZEAQ3VWNHAP49Q,2025-01-11T23:46:24.172018156Z,01JHBW0C1DP399VVVRQYMX8DD1,2025-01-11T23:46:24.172018156Z
01JHBW7EYJ73D1X9ER2E7DQCRB,01JHBTX68J5FF51HAWKFSSABTQ,2025-01-11T23:47:12.978437908Z,01JHBTX68WPA51BA437QAW9DT1,2025-01-11T23:47:12.978437908Z,01JHBVGTAY4E6NHG0JGGREX54Z,2025-01-11T23:47:12.978437908Z,01JHBW5KYFFF0VA70RZX2THNPN,2025-01-11T23:47:12.978437908Z
01JHBWASSF5HB3PEAMEECZRZ1B,01JHBTX68J5FF51HAWKFSSABTQ,2025-01-11T23:49:02.38352763Z,01JHBTX68WPA51BA437QAW9DT1,2025-01-11T23:49:02.38352763Z,01JHBVY0J3Y06J2DM2EX7J57D2,2025-01-11T23:49:02.38352763Z,01JHBW5KYH0H23VH70S457N6WH,2025-01-11T23:49:02.38352763Z
01JHBWCPXG2VMMCKCN0H2NDA5R,01JHBTX5PWBQZ4S7HPNH7QRZQ7,2025-01-11T23:50:04.976122856Z,01JHBTX5Q5D8FY3D9BY2GQ5SB5,2025-01-11T23:50:04.976122856Z,01JHBVXDEZFT3Z7DYANP3ECXE8,2025-01-11T23:50:04.976122856Z,01JHBW8B24KCR8Z68QRRT3MQ3N,2025-01-11T23:50:04.976122856Z
01JHBW31G90N3N1H5D1PWJDJWS,01JHBTX76D5ZPRW7AVRQQ804ZP,2025-01-11T23:44:48.137284761Z,01JHBTX76M42JMPHWQCP7QAPDJ,2025-01-11T23:44:48.137284761Z,01JHBVSAY4JGZEAQ3VWNHAP49Q,2025-01-11T23:44:48.137284761Z,01JHBW0C1PN0Z5JZ880TJXR6KM,2025-01-11T23:44:48.137284761Z
01JHBWCPXHHZZ09R69TZ9Z64V0,01JHBTX5PWBQZ4S7HPNH7QRZQ7,2025-01-11T23:50:04.977123103Z,01JHBTX5Q5D8FY3D9BY2GQ5SB5,2025-01-11T23:50:04.977123103Z,01JHBVQ4VKBXXX63RJNCWSVM7S,2025-01-11T23:50:04.977123103Z,01JHBW8B24KCR8Z68QRRT3MQ3N,2025-01-11T23:50:04.977123103Z
01JHBVPGBNGNT5HZJZ003J8GJT,01JHBTX80G01Q71DZNE0VH0MF0,2025-01-11T23:37:57.366013219Z,01JHBTX80PZTQS6EYYX3ASQ623,2025-01-11T23:37:57.366013219Z,01JHBV7795M37XZAWB060PMP9A,2025-01-11T23:37:57.366013219Z,01JHBVHX8XE33YC20K3DGD98Z7,2025-01-11T23:37:57.366013219Z
01JHBW2WZXCQFEF02ZWKHHMTQ9,01JHBTX6QNK0Z23VT6DS018F8W,2025-01-11T23:44:43.517573883Z,01JHBTX6QXPG22MD32ZM1QNA6D,2025-01-11T23:44:43.517573883Z,01JHBVR7WVZDGZ1TJPQ2PX84X8,2025-01-11T23:44:43.517573883Z,01JHBW2WQFB1DQX8CXQMJTMY99,2025-01-11T23:44:43.517573883Z
01JHBW5M5DFW0P5XDRDKJ4QMXW,01JHBTX68J5FF51HAWKFSSABTQ,2025-01-11T23:46:12.781809101Z,01JHBTX68WPA51BA437QAW9DT1,2025-01-11T23:46:12.781809101Z,01JHBVY0J3Y06J2DM2EX7J57D2,2025-01-11T23:46:12.781809101Z,01JHBW5KYDX6A223CD278HEH17,2025-01-11T23:46:12.781809101Z
01JHBW8705KFN4AHG2XP35M4T6,01JHBTX6QNK0Z23VT6DS018F8W,2025-01-11T23:47:37.605596466Z,01JHBTX6QXPG22MD32ZM1QNA6D,2025-01-11T23:47:37.605596466Z,01JHBVR7WVZDGZ1TJPQ2PX84X8,2025-01-11T23:47:37.605596466Z,01JHBW2WQBX2EAS63FJTC1DPRP,2025-01-11T23:47:37.605596466Z
01JHBWBJ8ZS0VQRA99W5EKQ01K,01JHBTX519Y2QKDJBCY0DMHWC3,2025-01-11T23:49:27.455305995Z,01JHBTX51J08G9P66RHDPSXZME,2025-01-11T23:49:27.455305995Z,01JHBVDE4M3E6DEWQNXC75N0X0,2025-01-11T23:49:27.455305995Z,01JHBWBHXYCKWACYWG8XA5MDNN,2025-01-11T23:49:27.455305995Z
01JHBWDCZ9NJ88XWSXS5TRA99H,01JHBTX519Y2QKDJBCY0DMHWC3,2025-01-11T23:50:27.561963659Z,01JHBTX51J08G9P66RHDPSXZME,2025-01-11T23:50:27.561963659Z,01JHBW4702NP1R1BJ02GGJ1W44,2025-01-11T23:50:27.561963659Z,01JHBWBHY04GE3R8EXWQC462XG,2025-01-11T23:50:27.561963659Z
01JHBVKR8R5S09ZFHSZVHJAG97,01JHBTX80G01Q71DZNE0VH0MF0,2025-01-11T23:36:27.160068476Z,01JHBTX80PZTQS6EYYX3ASQ623,2025-01-11T23:36:27.160068476Z,01JHBV3ZDWYPWCTFPM025ZRYZQ,2025-01-11T23:36:27.160068476Z,01JHBVHX8V1XN4WSDCHB9SZWVM,2025-01-11T23:36:27.160068476Z
01JHBW03SPXVED0Y10B4Y2YRX5,01JHBVHJMEWP46BJZKBJCA4163,2025-01-11T23:43:12.18273014Z,01JHBVHJMP58QZD0ERCD1BKSQB,2025-01-11T23:43:12.18273014Z,01JHBVQ37TFRHRSBT7694EKGCH,2025-01-11T23:43:12.18273014Z,01JHBVY8RPRF1QA6ED263E7D3Y,2025-01-11T23:43:12.18273014Z
01JHBW31G6ZWAJ51XFTVDEKMC0,01JHBTX76D5ZPRW7AVRQQ804ZP,2025-01-11T23:44:48.134465722Z,01JHBTX76M42JMPHWQCP7QAPDJ,2025-01-11T23:44:48.134465722Z,01JHBVQP95FRVV2CEM56XM06HV,2025-01-11T23:44:48.134465722Z,01JHBW0C1PN0Z5JZ880TJXR6KM,2025-01-11T23:44:48.134465722Z
01JHBW6GP0NY8P69005KMC1S95,01JHBTX6QNK0Z23VT6DS018F8W,2025-01-11T23:46:41.984525729Z,01JHBTX6QXPG22MD32ZM1QNA6D,2025-01-11T23:46:41.984525729Z,01JHBVWSN3EWTQV954SMVGQ0GR,2025-01-11T23:46:41.984525729Z,01JHBW2WQEWSVNRY0ETBHFTEBV,2025-01-11T23:46:41.984525729Z
01JHBWA1QXTEPYTF8G52RRX771,01JHBTX6QNK0Z23VT6DS018F8W,2025-01-11T23:48:37.757496225Z,01JHBTX6QXPG22MD32ZM1QNA6D,2025-01-11T23:48:37.757496225Z,01JHBVBGRE1824ED703M7PZVYC,2025-01-11T23:48:37.757496225Z,01JHBW2WQAN5FYWTY29ZCCMHE8,2025-01-11T23:48:37.757496225Z
01JHBWB3FBDJEGM1GJRZA0CZYS,01JHBTX5PWBQZ4S7HPNH7QRZQ7,2025-01-11T23:49:12.29942614Z,01JHBTX5Q5D8FY3D9BY2GQ5SB5,2025-01-11T23:49:12.29942614Z,01JHBVW84AY9MZ5PAHMQCV1Q86,2025-01-11T23:49:12.29942614Z,01JHBW8B2ADYJS11HSKD6KD396,2025-01-11T23:49:12.29942614Z
01JHBWBSHR5MBRXW8G6AC9C1J3,01JHBTX5PWBQZ4S7HPNH7QRZQ7,2025-01-11T23:49:34.904085857Z,01JHBTX5Q5D8FY3D9BY2GQ5SB5,2025-01-11T23:49:34.904085857Z,01JHBVXMDSQEMMWV20B470QTYE,2025-01-11T23:49:34.904085857Z,01JHBW8B2CPVNKVMB7G40RTHXV,2025-01-11T23:49:34.904085857Z
01JHBWEABDPRXJJXSBXSGZG5CV,01JHBTX519Y2QKDJBCY0DMHWC3,2025-01-11T23:50:57.645191808Z,01JHBTX51J08G9P66RHDPSXZME,2025-01-11T23:50:57.645191808Z,01JHBW4702NP1R1BJ02GGJ1W44,2025-01-11T23:50:57.645191808Z,01JHBWBHY7MNXGRXCGQ0W18RRF,2025-01-11T23:50:57.645191808Z
01JHBWEFE4D4NTFFCT8YNM13J2,01JHBTX5PWBQZ4S7HPNH7QRZQ7,2025-01-11T23:51:02.852574958Z,01JHBTX5Q5D8FY3D9BY2GQ5SB5,2025-01-11T23:51:02.852574958Z,01JHBVW84AY9MZ5PAHMQCV1Q86,2025-01-11T23:51:02.852574958Z,01JHBW8B2DRT7RANN81P48MZGT,2025-01-11T23:51:02.852574958Z
01JHBVRQPC6CB2SH16JWSKVFX7,01JHBTX7KZ3V2CYHFHVDQCA98R,2025-01-11T23:39:10.412811839Z,01JHBTX7M67CWWXJ3R6C6PWE6C,2025-01-11T23:39:10.412811839Z,01JHBV7PKAYSCJ2RARSAECXZ23,2025-01-11T23:39:10.412811839Z,01JHBVP13CPXGJHTSGS3M7H5X3,2025-01-11T23:39:10.412811839Z
01JHBVY92E8276NS8XTF74Y0FV,01JHBVHJMEWP46BJZKBJCA4163,2025-01-11T23:42:12.046649888Z,01JHBVHJMP58QZD0ERCD1BKSQB,2025-01-11T23:42:12.046649888Z,01JHBV8W40W6F73YGTMEHZ2AGH,2025-01-11T23:42:12.046649888Z,01JHBVY8RNSQB7N77SATSYG93B,2025-01-11T23:42:12.046649888Z
01JHBW4MB345TJZZNPF3B2P091,01JHBTX76D5ZPRW7AVRQQ804ZP,2025-01-11T23:45:40.195749618Z,01JHBTX76M42JMPHWQCP7QAPDJ,2025-01-11T23:45:40.195749618Z,01JHBVQP95FRVV2CEM56XM06HV,2025-01-11T23:45:40.195749618Z,01JHBW0C1HHF65961N2PQ9F3B1,2025-01-11T23:45:40.195749618Z
01JHBWBARZ9MQT2GRSATSYYDE7,01JHBTX68J5FF51HAWKFSSABTQ,2025-01-11T23:49:19.775810482Z,01JHBTX68WPA51BA437QAW9DT1,2025-01-11T23:49:19.775810482Z,01JHBVNZJNASKF0KSA8WR26WYZ,2025-01-11T23:49:19.775810482Z,01JHBW5KYJYFY28XYSV9CCCB72,2025-01-11T23:49:19.775810482Z
01JHBVQDQG08JE6ZA3R6B13KHK,01JHBTX80G01Q71DZNE0VH0MF0,2025-01-11T23:38:27.440643077Z,01JHBTX80PZTQS6EYYX3ASQ623,2025-01-11T23:38:27.440643077Z,01JHBV7795M37XZAWB060PMP9A,2025-01-11T23:38:27.440643077Z,01JHBVHX8Y9SWGSQRM8798WNWH,2025-01-11T23:38:27.440643077Z
01JHBW94C4R3TKGY0CSMXMGQAY,01JHBTX6QNK0Z23VT6DS018F8W,2025-01-11T23:48:07.684795858Z,01JHBTX6QXPG22MD32ZM1QNA6D,2025-01-11T23:48:07.684795858Z,01JHBVR7WVZDGZ1TJPQ2PX84X8,2025-01-11T23:48:07.684795858Z,01JHBW2WQGNXDNC3WAFATE9JD2,2025-01-11T23:48:07.684795858Z
01JHBW7E2AQ77MM9TCJGGW6PG2,01JHBTX6QNK0Z23VT6DS018F8W,2025-01-11T23:47:12.074361151Z,01JHBTX6QXPG22MD32ZM1QNA6D,2025-01-11T23:47:12.074361151Z,01JHBVWSN3EWTQV954SMVGQ0GR,2025-01-11T23:47:12.074361151Z,01JHBW2WQDJTXYV4PM2HF5Q09S,2025-01-11T23:47:12.074361151Z
01JHBVY92GBTP51TP009DFF5GZ,01JHBVHJMEWP46BJZKBJCA4163,2025-01-11T23:42:12.048107204Z,01JHBVHJMP58QZD0ERCD1BKSQB,2025-01-11T23:42:12.048107204Z,01JHBVPDW0W89PBNW3EQJVWGZC,2025-01-11T23:42:12.048107204Z,01JHBVY8RNSQB7N77SATSYG93B,2025-01-11T23:42:12.048107204Z
01JHBW7EYNFFT5DEP83D7MQTDH,01JHBTX68J5FF51HAWKFSSABTQ,2025-01-11T23:47:12.981905277Z,01JHBTX68WPA51BA437QAW9DT1,2025-01-11T23:47:12.981905277Z,01JHBVNZJNASKF0KSA8WR26WYZ,2025-01-11T23:47:12.981905277Z,01JHBW5KYFFF0VA70RZX2THNPN,2025-01-11T23:47:12.981905277Z
01JHBVVFGGEQ4VKW8AMFSA6N2A,01JHBTX7KZ3V2CYHFHVDQCA98R,2025-01-11T23:40:40.336474089Z,01JHBTX7M67CWWXJ3R6C6PWE6C,2025-01-11T23:40:40.336474089Z,01JHBV4GD4QG737WHZHN543W18,2025-01-11T23:40:40.336474089Z,01JHBVP13J7SABWDECGMM4K735,2025-01-11T23:40:40.336474089Z
01JHBW2WZZYEFVT9XF5BTYB1VF,01JHBTX6QNK0Z23VT6DS018F8W,2025-01-11T23:44:43.519062264Z,01JHBTX6QXPG22MD32ZM1QNA6D,2025-01-11T23:44:43.519062264Z,01JHBVWSN3EWTQV954SMVGQ0GR,2025-01-11T23:44:43.519062264Z,01JHBW2WQFB1DQX8CXQMJTMY99,2025-01-11T23:44:43.519062264Z
01JHBW31G8K56F3M87B0YK979S,01JHBTX76D5ZPRW7AVRQQ804ZP,2025-01-11T23:44:48.136493341Z,01JHBTX76M42JMPHWQCP7QAPDJ,2025-01-11T23:44:48.136493341Z,01JHBVWGATAMJH5D4D6CXEPVM2,2025-01-11T23:44:48.136493341Z,01JHBW0C1PN0Z5JZ880TJXR6KM,2025-01-11T23:44:48.136493341Z
01JHBVPGBPN2CRSRG0748WST54,01JHBTX80G01Q71DZNE0VH0MF0,2025-01-11T23:37:57.366490149Z,01JHBTX80PZTQS6EYYX3ASQ623,2025-01-11T23:37:57.366490149Z,01JHBV3ZDWYPWCTFPM025ZRYZQ,2025-01-11T23:37:57.366490149Z,01JHBVHX8XE33YC20K3DGD98Z7,2025-01-11T23:37:57.366490149Z
01JHBVR253RFCBC62EAN424V1A,01JHBTX80G01Q71DZNE0VH0MF0,2025-01-11T23:38:48.355218823Z,01JHBTX80PZTQS6EYYX3ASQ623,2025-01-11T23:38:48.355218823Z,01JHBV74WF0NHT0V8TJC1RK527,2025-01-11T23:38:48.355218823Z,01JHBVHX8XE33YC20K2YJQ5H6F,2025-01-11T23:38:48.355218823Z
01JHBW2TRQY14D2KQ0DXQCD5RK,01JHBVHJMEWP46BJZKBJCA4163,2025-01-11T23:44:41.239739639Z,01JHBVHJMP58QZD0ERCD1BKSQB,2025-01-11T23:44:41.239739639Z,01JHBVGSSBP2QT2XAYC73FZKFD,2025-01-11T23:44:41.239739639Z,01JHBVY8RX1DR559HEPMHXQWKD,2025-01-11T23:44:41.239739639Z
01JHBW2TRS76433JA12MGX09D1,01JHBVHJMEWP46BJZKBJCA4163,2025-01-11T23:44:41.241840616Z,01JHBVHJMP58QZD0ERCD1BKSQB,2025-01-11T23:44:41.241840616Z,01JHBVQ37TFRHRSBT7694EKGCH,2025-01-11T23:44:41.241840616Z,01JHBVY8RX1DR559HEPMHXQWKD,2025-01-11T23:44:41.241840616Z
01JHBWCPXJP64SW1GS73T7AD9W,01JHBTX5PWBQZ4S7HPNH7QRZQ7,2025-01-11T23:50:04.978960203Z,01JHBTX5Q5D8FY3D9BY2GQ5SB5,2025-01-11T23:50:04.978960203Z,01JHBVW84AY9MZ5PAHMQCV1Q86,2025-01-11T23:50:04.978960203Z,01JHBW8B24KCR8Z68QRRT3MQ3N,2025-01-11T23:50:04.978960203Z
01JHBVQDQFJC8CKQAEP772D7EJ,01JHBTX80G01Q71DZNE0VH0MF0,2025-01-11T23:38:27.43976746Z,01JHBTX80PZTQS6EYYX3ASQ623,2025-01-11T23:38:27.43976746Z,01JHBV3ZDWYPWCTFPM025ZRYZQ,2025-01-11T23:38:27.43976746Z,01JHBVHX8Y9SWGSQRM8798WNWH,2025-01-11T23:38:27.43976746Z
01JHBVY92FYWZP4CATV725W4ZQ,01JHBVHJMEWP46BJZKBJCA4163,2025-01-11T23:42:12.047395231Z,01JHBVHJMP58QZD0ERCD1BKSQB,2025-01-11T23:42:12.047395231Z,01JHBVGSSBP2QT2XAYC73FZKFD,2025-01-11T23:42:12.047395231Z,01JHBVY8RNSQB7N77SATSYG93B,2025-01-11T23:42:12.047395231Z
01JHBW5Z9DZY82M516YQRFE4FA,01JHBTX76D5ZPRW7AVRQQ804ZP,2025-01-11T23:46:24.173372107Z,01JHBTX76M42JMPHWQCP7QAPDJ,2025-01-11T23:46:24.173372107Z,01JHBVQP95FRVV2CEM56XM06HV,2025-01-11T23:46:24.173372107Z,01JHBW0C1DP399VVVRQYMX8DD1,2025-01-11T23:46:24.173372107Z
01JHBW7EYKMD97M2E27KMT3J29,01JHBTX68J5FF51HAWKFSSABTQ,2025-01-11T23:47:12.97979183Z,01JHBTX68WPA51BA437QAW9DT1,2025-01-11T23:47:12.97979183Z,01JHBVY0J3Y06J2DM2EX7J57D2,2025-01-11T23:47:12.97979183Z,01JHBW5KYFFF0VA70RZX2THNPN,2025-01-11T23:47:12.97979183Z
01JHBWB3F84YW9EYE6NRV0Z8ME,01JHBTX5PWBQZ4S7HPNH7QRZQ7,2025-01-11T23:49:12.296907126Z,01JHBTX5Q5D8FY3D9BY2GQ5SB5,2025-01-11T23:49:12.296907126Z,01JHBVXMDSQEMMWV20B470QTYE,2025-01-11T23:49:12.296907126Z,01JHBW8B2ADYJS11HSKD6KD396,2025-01-11T23:49:12.296907126Z
01JHBVPGBNGNT5HZJYZRV2BPKH,01JHBTX80G01Q71DZNE0VH0MF0,2025-01-11T23:37:57.365328135Z,01JHBTX80PZTQS6EYYX3ASQ623,2025-01-11T23:37:57.365328135Z,01JHBV74WF0NHT0V8TJC1RK527,2025-01-11T23:37:57.365328135Z,01JHBVHX8XE33YC20K3DGD98Z7,2025-01-11T23:37:57.365328135Z
01JHBW5M5GHZT6Q70NHSZXRQ3A,01JHBTX68J5FF51HAWKFSSABTQ,2025-01-11T23:46:12.784589409Z,01JHBTX68WPA51BA437QAW9DT1,2025-01-11T23:46:12.784589409Z,01JHBVNZJNASKF0KSA8WR26WYZ,2025-01-11T23:46:12.784589409Z,01JHBW5KYDX6A223CD278HEH17,2025-01-11T23:46:12.784589409Z
01JHBWDCZBTGAXBT2615E19F25,01JHBTX519Y2QKDJBCY0DMHWC3,2025-01-11T23:50:27.563782595Z,01JHBTX51J08G9P66RHDPSXZME,2025-01-11T23:50:27.563782595Z,01JHBVWRCAWXVXKEJ3V1A2XTJP,2025-01-11T23:50:27.563782595Z,01JHBWBHY04GE3R8EXWQC462XG,2025-01-11T23:50:27.563782595Z
01JHBWEFE0VFNQ0F9482KFDWKQ,01JHBTX5PWBQZ4S7HPNH7QRZQ7,2025-01-11T23:51:02.848324982Z,01JHBTX5Q5D8FY3D9BY2GQ5SB5,2025-01-11T23:51:02.848324982Z,01JHBVQ4VKBXXX63RJNCWSVM7S,2025-01-11T23:51:02.848324982Z,01JHBW8B2DRT7RANN81P48MZGT,2025-01-11T23:51:02.848324982Z
01JHBVHXHKNN4TQM33TKR3TFC7,01JHBTX80G01Q71DZNE0VH0MF0,2025-01-11T23:35:27.027029332Z,01JHBTX80PZTQS6EYYX3ASQ623,2025-01-11T23:35:27.027029332Z,01JHBV7795M37XZAWB060PMP9A,2025-01-11T23:35:27.027029332Z,01JHBVHX8QKJ5T2NNC008Y20RW,2025-01-11T23:35:27.027029332Z
01JHBW91MD5QE1ANDMA6EEEKHG,01JHBTX68J5FF51HAWKFSSABTQ,2025-01-11T23:48:04.877967624Z,01JHBTX68WPA51BA437QAW9DT1,2025-01-11T23:48:04.877967624Z,01JHBVNZJNASKF0KSA8WR26WYZ,2025-01-11T23:48:04.877967624Z,01JHBW5KYGPRAN5PXPRSDR1Y3H,2025-01-11T23:48:04.877967624Z
01JHBW271KCTHB78ADE78VP3SA,01JHBTX76D5ZPRW7AVRQQ804ZP,2025-01-11T23:44:21.043051649Z,01JHBTX76M42JMPHWQCP7QAPDJ,2025-01-11T23:44:21.043051649Z,01JHBVTTHXFEY6PMJGHTDW36T6,2025-01-11T23:44:21.043051649Z,01JHBW0C1C7Y7DT58H8M5XK15G,2025-01-11T23:44:21.043051649Z
01JHBW2TRPB9NDPTY5ZADK7GMR,01JHBVHJMEWP46BJZKBJCA4163,2025-01-11T23:44:41.23900957Z,01JHBVHJMP58QZD0ERCD1BKSQB,2025-01-11T23:44:41.23900957Z,01JHBVPDW0W89PBNW3EQJVWGZC,2025-01-11T23:44:41.23900957Z,01JHBVY8RX1DR559HEPMHXQWKD,2025-01-11T23:44:41.23900957Z
01JHBW56GKWF141J2Z22C3T95M,01JHBVHJMEWP46BJZKBJCA4163,2025-01-11T23:45:58.803731495Z,01JHBVHJMP58QZD0ERCD1BKSQB,2025-01-11T23:45:58.803731495Z,01JHBVPDW0W89PBNW3EQJVWGZC,2025-01-11T23:45:58.803731495Z,01JHBVY8RYVMPSEC98TB1WA962,2025-01-11T23:45:58.803731495Z
01JHBVMNMB4MM7WN8M1TTEQ09W,01JHBTX80G01Q71DZNE0VH0MF0,2025-01-11T23:36:57.227937953Z,01JHBTX80PZTQS6EYYX3ASQ623,2025-01-11T23:36:57.227937953Z,01JHBV3ZDWYPWCTFPM025ZRYZQ,2025-01-11T23:36:57.227937953Z,01JHBVHX8V1XN4WSDCJ0B4MM84,2025-01-11T23:36:57.227937953Z
01JHBVNJZV5EEQ51RRV7CMVVEK,01JHBTX80G01Q71DZNE0VH0MF0,2025-01-11T23:37:27.29186478Z,01JHBTX80PZTQS6EYYX3ASQ623,2025-01-11T23:37:27.29186478Z,01JHBV7795M37XZAWB060PMP9A,2025-01-11T23:37:27.29186478Z,01JHBVHX8ZCB79N9P6NWTF98NK,2025-01-11T23:37:27.29186478Z
01JHBW271KCTHB78ADEEA5NF42,01JHBTX76D5ZPRW7AVRQQ804ZP,2025-01-11T23:44:21.043859345Z,01JHBTX76M42JMPHWQCP7QAPDJ,2025-01-11T23:44:21.043859345Z,01JHBVSAY4JGZEAQ3VWNHAP49Q,2025-01-11T23:44:21.043859345Z,01JHBW0C1C7Y7DT58H8M5XK15G,2025-01-11T23:44:21.043859345Z
01JHBW8701HE1BS4YG43A7765Y,01JHBTX6QNK0Z23VT6DS018F8W,2025-01-11T23:47:37.601097687Z,01JHBTX6QXPG22MD32ZM1QNA6D,2025-01-11T23:47:37.601097687Z,01JHBVBGRE1824ED703M7PZVYC,2025-01-11T23:47:37.601097687Z,01JHBW2WQBX2EAS63FJTC1DPRP,2025-01-11T23:47:37.601097687Z
01JHBWA1QS3NE3WS1A8TAKNDB5,01JHBTX6QNK0Z23VT6DS018F8W,2025-01-11T23:48:37.753713401Z,01JHBTX6QXPG22MD32ZM1QNA6D,2025-01-11T23:48:37.753713401Z,01JHBVWSN3EWTQV954SMVGQ0GR,2025-01-11T23:48:37.753713401Z,01JHBW2WQAN5FYWTY29ZCCMHE8,2025-01-11T23:48:37.753713401Z
01JHBW0CAR70WH50ZTMFYJ7D8R,01JHBTX76D5ZPRW7AVRQQ804ZP,2025-01-11T23:43:20.920582538Z,01JHBTX76M42JMPHWQCP7QAPDJ,2025-01-11T23:43:20.920582538Z,01JHBVTTHXFEY6PMJGHTDW36T6,2025-01-11T23:43:20.920582538Z,01JHBW0C1AFKFFTN8J6X759RVZ,2025-01-11T23:43:20.920582538Z
01JHBW271G48284A9H1C23DDVS,01JHBTX76D5ZPRW7AVRQQ804ZP,2025-01-11T23:44:21.040966845Z,01JHBTX76M42JMPHWQCP7QAPDJ,2025-01-11T23:44:21.040966845Z,01JHBVQP95FRVV2CEM56XM06HV,2025-01-11T23:44:21.040966845Z,01JHBW0C1C7Y7DT58H8M5XK15G,2025-01-11T23:44:21.040966845Z
01JHBVH8XQK2S34QPAGPPVA838,01JHBTX8B7QDMS5WD4N1DXZNPP,2025-01-11T23:35:05.911442551Z,01JHBTX8BGBPGQNMKRSDJXR8SS,2025-01-11T23:35:05.911442551Z,01JHBV1GAD3DWPP7HPJ1NPK2DB,2025-01-11T23:35:05.911442551Z,01JHBVH8M8NGKEN11G6G0X3AG6,2025-01-11T23:35:05.911442551Z
01JHBVKR8R5S09ZFHT0J28V9AV,01JHBTX80G01Q71DZNE0VH0MF0,2025-01-11T23:36:27.160671973Z,01JHBTX80PZTQS6EYYX3ASQ623,2025-01-11T23:36:27.160671973Z,01JHBV7795M37XZAWB060PMP9A,2025-01-11T23:36:27.160671973Z,01JHBVHX8V1XN4WSDCHB9SZWVM,2025-01-11T23:36:27.160671973Z
01JHBVVFGHBRP5YMKBQ0NDCHSD,01JHBTX7KZ3V2CYHFHVDQCA98R,2025-01-11T23:40:40.337981444Z,01JHBTX7M67CWWXJ3R6C6PWE6C,2025-01-11T23:40:40.337981444Z,01JHBV8AA2MGH8NGNVHBQQJPVP,2025-01-11T23:40:40.337981444Z,01JHBVP13J7SABWDECGMM4K735,2025-01-11T23:40:40.337981444Z
01JHBW3R4DGFYQB35GV10Q11EX,01JHBVHJMEWP46BJZKBJCA4163,2025-01-11T23:45:11.309942049Z,01JHBVHJMP58QZD0ERCD1BKSQB,2025-01-11T23:45:11.309942049Z,01JHBV8W40W6F73YGTMEHZ2AGH,2025-01-11T23:45:11.309942049Z,01JHBVY8RZRNB5SQ9FREPKAE8T,2025-01-11T23:45:11.309942049Z
01JHBW8BCHTRTJZ3N42KQRWTTG,01JHBTX5PWBQZ4S7HPNH7QRZQ7,2025-01-11T23:47:42.097085004Z,01JHBTX5Q5D8FY3D9BY2GQ5SB5,2025-01-11T23:47:42.097085004Z,01JHBVQ4VKBXXX63RJNCWSVM7S,2025-01-11T23:47:42.097085004Z,01JHBW8B226TFEJV0J9SJT6VAH,2025-01-11T23:47:42.097085004Z
01JHBVP1CYRK28E5JGAE8X9RYM,01JHBTX7KZ3V2CYHFHVDQCA98R,2025-01-11T23:37:42.046543125Z,01JHBTX7M67CWWXJ3R6C6PWE6C,2025-01-11T23:37:42.046543125Z,01JHBV4GD4QG737WHZHN543W18,2025-01-11T23:37:42.046543125Z,01JHBVP13BPPBCDBHNDEKNDCTE,2025-01-11T23:37:42.046543125Z
01JHBVRZGNY7SDJ05TAHKR27G2,01JHBTX80G01Q71DZNE0VH0MF0,2025-01-11T23:39:18.421565082Z,01JHBTX80PZTQS6EYYX3ASQ623,2025-01-11T23:39:18.421565082Z,01JHBV74WF0NHT0V8TJC1RK527,2025-01-11T23:39:18.421565082Z,01JHBVHX8WMHQN7JHQJ1KXPFJY,2025-01-11T23:39:18.421565082Z
01JHBW31G7Y610S552KE6TR62S,01JHBTX76D5ZPRW7AVRQQ804ZP,2025-01-11T23:44:48.135397058Z,01JHBTX76M42JMPHWQCP7QAPDJ,2025-01-11T23:44:48.135397058Z,01JHBVTTHXFEY6PMJGHTDW36T6,2025-01-11T23:44:48.135397058Z,01JHBW0C1PN0Z5JZ880TJXR6KM,2025-01-11T23:44:48.135397058Z
01JHBW4NYE7PJH5154PESMDG14,01JHBTX6QNK0Z23VT6DS018F8W,2025-01-11T23:45:41.838812039Z,01JHBTX6QXPG22MD32ZM1QNA6D,2025-01-11T23:45:41.838812039Z,01JHBVWSN3EWTQV954SMVGQ0GR,2025-01-11T23:45:41.838812039Z,01JHBW2WQ7BNKNKJ3GGPFKP8SR,2025-01-11T23:45:41.838812039Z
01JHBW5M5FNGCRGTWE5N7GHR5M,01JHBTX68J5FF51HAWKFSSABTQ,2025-01-11T23:46:12.783432952Z,01JHBTX68WPA51BA437QAW9DT1,2025-01-11T23:46:12.783432952Z,01JHBVVGWZN1WTF2V7E5AP7FJT,2025-01-11T23:46:12.783432952Z,01JHBW5KYDX6A223CD278HEH17,2025-01-11T23:46:12.783432952Z
01JHBW9Z0B3QGNMCHRSTJ0XRAR,01JHBTX68J5FF51HAWKFSSABTQ,2025-01-11T23:48:34.955299291Z,01JHBTX68WPA51BA437QAW9DT1,2025-01-11T23:48:34.955299291Z,01JHBVGTAY4E6NHG0JGGREX54Z,2025-01-11T23:48:34.955299291Z,01JHBW5KYFFF0VA70S0JYYVYHC,2025-01-11T23:48:34.955299291Z
01JHBWASSCMHEF0E14A12F0T51,01JHBTX68J5FF51HAWKFSSABTQ,2025-01-11T23:49:02.380736668Z,01JHBTX68WPA51BA437QAW9DT1,2025-01-11T23:49:02.380736668Z,01JHBVGTAY4E6NHG0JGGREX54Z,2025-01-11T23:49:02.380736668Z,01JHBW5KYH0H23VH70S457N6WH,2025-01-11T23:49:02.380736668Z
01JHBVMNMF00XYH7X3MJGRPJBF,01JHBTX80G01Q71DZNE0VH0MF0,2025-01-11T23:36:57.23197414Z,01JHBTX80PZTQS6EYYX3ASQ623,2025-01-11T23:36:57.23197414Z,01JHBV79EMH0A7280T53VSN32R,2025-01-11T23:36:57.23197414Z,01JHBVHX8V1XN4WSDCJ0B4MM84,2025-01-11T23:36:57.23197414Z
01JHBVPGBQ7HZ71PG2GM15F4AF,01JHBTX80G01Q71DZNE0VH0MF0,2025-01-11T23:37:57.367503902Z,01JHBTX80PZTQS6EYYX3ASQ623,2025-01-11T23:37:57.367503902Z,01JHBV79EMH0A7280T53VSN32R,2025-01-11T23:37:57.367503902Z,01JHBVHX8XE33YC20K3DGD98Z7,2025-01-11T23:37:57.367503902Z
01JHBVWCWA9CQBE27GVQ0KEJYB,01JHBTX7KZ3V2CYHFHVDQCA98R,2025-01-11T23:41:10.410610321Z,01JHBTX7M67CWWXJ3R6C6PWE6C,2025-01-11T23:41:10.410610321Z,01JHBV9ATVHQZ42FZAWP543BKA,2025-01-11T23:41:10.410610321Z,01JHBVP13K15TJMMTSMJ7FEW4N,2025-01-11T23:41:10.410610321Z
01JHBVXA80159R5KRP9VN0T166,01JHBTX7KZ3V2CYHFHVDQCA98R,2025-01-11T23:41:40.480199822Z,01JHBTX7M67CWWXJ3R6C6PWE6C,2025-01-11T23:41:40.480199822Z,01JHBV8AA2MGH8NGNVHBQQJPVP,2025-01-11T23:41:40.480199822Z,01JHBVP13NGA6DNEWMZBBP2636,2025-01-11T23:41:40.480199822Z
01JHBW271JDAF09BMQF6F487GX,01JHBTX76D5ZPRW7AVRQQ804ZP,2025-01-11T23:44:21.042141297Z,01JHBTX76M42JMPHWQCP7QAPDJ,2025-01-11T23:44:21.042141297Z,01JHBVWGATAMJH5D4D6CXEPVM2,2025-01-11T23:44:21.042141297Z,01JHBW0C1C7Y7DT58H8M5XK15G,2025-01-11T23:44:21.042141297Z
01JHBW5EV2YY29JX768Q6KP4TE,01JHBTX76D5ZPRW7AVRQQ804ZP,2025-01-11T23:46:07.330957817Z,01JHBTX76M42JMPHWQCP7QAPDJ,2025-01-11T23:46:07.330957817Z,01JHBVSAY4JGZEAQ3VWNHAP49Q,2025-01-11T23:46:07.330957817Z,01JHBW0C1FX1YSBEA4W5YQJPJE,2025-01-11T23:46:07.330957817Z
01JHBW91METKJ5Y3HYDPYX2QT4,01JHBTX68J5FF51HAWKFSSABTQ,2025-01-11T23:48:04.878859277Z,01JHBTX68WPA51BA437QAW9DT1,2025-01-11T23:48:04.878859277Z,01JHBVVGWZN1WTF2V7E5AP7FJT,2025-01-11T23:48:04.878859277Z,01JHBW5KYGPRAN5PXPRSDR1Y3H,2025-01-11T23:48:04.878859277Z
01JHBWBTR6KJ9FC2QEBKW1B32X,01JHBTX68J5FF51HAWKFSSABTQ,2025-01-11T23:49:36.134827821Z,01JHBTX68WPA51BA437QAW9DT1,2025-01-11T23:49:36.134827821Z,01JHBVNZJNASKF0KSA8WR26WYZ,2025-01-11T23:49:36.134827821Z,01JHBW5KYKSBCJE7T6C4S7JAR2,2025-01-11T23:49:36.134827821Z
01JHBVQTAVKBEAQE9NW9TVQGFT,01JHBTX7KZ3V2CYHFHVDQCA98R,2025-01-11T23:38:40.347626191Z,01JHBTX7M67CWWXJ3R6C6PWE6C,2025-01-11T23:38:40.347626191Z,01JHBV4GD4QG737WHZHN543W18,2025-01-11T23:38:40.347626191Z,01JHBVP13BPPBCDBHNDVTQ7YPM,2025-01-11T23:38:40.347626191Z
01JHBW2WZVEBW1QV0J5AQJ3DHY,01JHBTX6QNK0Z23VT6DS018F8W,2025-01-11T23:44:43.515643609Z,01JHBTX6QXPG22MD32ZM1QNA6D,2025-01-11T23:44:43.515643609Z,01JHBVBGRE1824ED703M7PZVYC,2025-01-11T23:44:43.515643609Z,01JHBW2WQFB1DQX8CXQMJTMY99,2025-01-11T23:44:43.515643609Z
01JHBWDCZAPV2EFF45ADJS7CPB,01JHBTX519Y2QKDJBCY0DMHWC3,2025-01-11T23:50:27.562933797Z,01JHBTX51J08G9P66RHDPSXZME,2025-01-11T23:50:27.562933797Z,01JHBVQSD0S1ZNA9Q2TD7TNYAB,2025-01-11T23:50:27.562933797Z,01JHBWBHY04GE3R8EXWQC462XG,2025-01-11T23:50:27.562933797Z
01JHBW5073C6C3MRTH1GNT0P0C,01JHBTX76D5ZPRW7AVRQQ804ZP,2025-01-11T23:45:52.355571122Z,01JHBTX76M42JMPHWQCP7QAPDJ,2025-01-11T23:45:52.355571122Z,01JHBVWGATAMJH5D4D6CXEPVM2,2025-01-11T23:45:52.355571122Z,01JHBW0C1GZCY6SFZMZJ5T9NY9,2025-01-11T23:45:52.355571122Z
01JHBWA63FJY8PP2NTE3P24KFY,01JHBTX5PWBQZ4S7HPNH7QRZQ7,2025-01-11T23:48:42.223925821Z,01JHBTX5Q5D8FY3D9BY2GQ5SB5,2025-01-11T23:48:42.223925821Z,01JHBVXMDSQEMMWV20B470QTYE,2025-01-11T23:48:42.223925821Z,01JHBW8B280MX0HCTY4P1ZRFHV,2025-01-11T23:48:42.223925821Z
01JHBWDT91MEEJSSJR06MPZFPS,01JHBTX5PWBQZ4S7HPNH7QRZQ7,2025-01-11T23:50:41.185498665Z,01JHBTX5Q5D8FY3D9BY2GQ5SB5,2025-01-11T23:50:41.185498665Z,01JHBVXMDSQEMMWV20B470QTYE,2025-01-11T23:50:41.185498665Z,01JHBW8B2EED7S23Z7GZWSWV15,2025-01-11T23:50:41.185498665Z
01JHBWBJ90S16MH5BRVTMQ34W5,01JHBTX519Y2QKDJBCY0DMHWC3,2025-01-11T23:49:27.45699473Z,01JHBTX51J08G9P66RHDPSXZME,2025-01-11T23:49:27.45699473Z,01JHBVWRCAWXVXKEJ3V1A2XTJP,2025-01-11T23:49:27.45699473Z,01JHBWBHXYCKWACYWG8XA5MDNN,2025-01-11T23:49:27.45699473Z
01JHBVHXHGE239AJ2YHQ74EEV3,01JHBTX80G01Q71DZNE0VH0MF0,2025-01-11T23:35:27.024788488Z,01JHBTX80PZTQS6EYYX3ASQ623,2025-01-11T23:35:27.024788488Z,01JHBV3ZDWYPWCTFPM025ZRYZQ,2025-01-11T23:35:27.024788488Z,01JHBVHX8QKJ5T2NNC008Y20RW,2025-01-11T23:35:27.024788488Z
01JHBVRZGM9CGQBP2KJ0943PCD,01JHBTX80G01Q71DZNE0VH0MF0,2025-01-11T23:39:18.420406866Z,01JHBTX80PZTQS6EYYX3ASQ623,2025-01-11T23:39:18.420406866Z,01JHBV3ZDWYPWCTFPM025ZRYZQ,2025-01-11T23:39:18.420406866Z,01JHBVHX8WMHQN7JHQJ1KXPFJY,2025-01-11T23:39:18.420406866Z
01JHBW03SM4JY30HRZ05EDT7YH,01JHBVHJMEWP46BJZKBJCA4163,2025-01-11T23:43:12.180209796Z,01JHBVHJMP58QZD0ERCD1BKSQB,2025-01-11T23:43:12.180209796Z,01JHBV8W40W6F73YGTMEHZ2AGH,2025-01-11T23:43:12.180209796Z,01JHBVY8RPRF1QA6ED263E7D3Y,2025-01-11T23:43:12.180209796Z
01JHBW0CAQDSQ9XZ43ENTJ6HAZ,01JHBTX76D5ZPRW7AVRQQ804ZP,2025-01-11T23:43:20.919641452Z,01JHBTX76M42JMPHWQCP7QAPDJ,2025-01-11T23:43:20.919641452Z,01JHBVQP95FRVV2CEM56XM06HV,2025-01-11T23:43:20.919641452Z,01JHBW0C1AFKFFTN8J6X759RVZ,2025-01-11T23:43:20.919641452Z
01JHBW5EV584J40BEQG8MXZHW5,01JHBTX76D5ZPRW7AVRQQ804ZP,2025-01-11T23:46:07.333130119Z,01JHBTX76M42JMPHWQCP7QAPDJ,2025-01-11T23:46:07.333130119Z,01JHBVWGATAMJH5D4D6CXEPVM2,2025-01-11T23:46:07.333130119Z,01JHBW0C1FX1YSBEA4W5YQJPJE,2025-01-11T23:46:07.333130119Z
01JHBW8704FE6WPZ6DBC9VZ2Y9,01JHBTX6QNK0Z23VT6DS018F8W,2025-01-11T23:47:37.604647489Z,01JHBTX6QXPG22MD32ZM1QNA6D,2025-01-11T23:47:37.604647489Z,01JHBVWZT9EY7AMTGMSFY65MRR,2025-01-11T23:47:37.604647489Z,01JHBW2WQBX2EAS63FJTC1DPRP,2025-01-11T23:47:37.604647489Z
01JHBWASSE89SWC43J9BJSFS0B,01JHBTX68J5FF51HAWKFSSABTQ,2025-01-11T23:49:02.382503463Z,01JHBTX68WPA51BA437QAW9DT1,2025-01-11T23:49:02.382503463Z,01JHBVVGWZN1WTF2V7E5AP7FJT,2025-01-11T23:49:02.382503463Z,01JHBW5KYH0H23VH70S457N6WH,2025-01-11T23:49:02.382503463Z
01JHBWA1QT6VM3H2JCC8QKPM0M,01JHBTX6QNK0Z23VT6DS018F8W,2025-01-11T23:48:37.754845263Z,01JHBTX6QXPG22MD32ZM1QNA6D,2025-01-11T23:48:37.754845263Z,01JHBVR7WVZDGZ1TJPQ2PX84X8,2025-01-11T23:48:37.754845263Z,01JHBW2WQAN5FYWTY29ZCCMHE8,2025-01-11T23:48:37.754845263Z
01JHBW0CAS6HJWSEDKY83CYJD0,01JHBTX76D5ZPRW7AVRQQ804ZP,2025-01-11T23:43:20.921552782Z,01JHBTX76M42JMPHWQCP7QAPDJ,2025-01-11T23:43:20.921552782Z,01JHBVWGATAMJH5D4D6CXEPVM2,2025-01-11T23:43:20.921552782Z,01JHBW0C1AFKFFTN8J6X759RVZ,2025-01-11T23:43:20.921552782Z
01JHBW4NYDNEFKGK9NPVBZQXHW,01JHBTX6QNK0Z23VT6DS018F8W,2025-01-11T23:45:41.837308671Z,01JHBTX6QXPG22MD32ZM1QNA6D,2025-01-11T23:45:41.837308671Z,01JHBVR7WVZDGZ1TJPQ2PX84X8,2025-01-11T23:45:41.837308671Z,01JHBW2WQ7BNKNKJ3GGPFKP8SR,2025-01-11T23:45:41.837308671Z
01JHBW5072ADJQ7TPJ7R4MCMZV,01JHBTX76D5ZPRW7AVRQQ804ZP,2025-01-11T23:45:52.35458804Z,01JHBTX76M42JMPHWQCP7QAPDJ,2025-01-11T23:45:52.35458804Z,01JHBVQP95FRVV2CEM56XM06HV,2025-01-11T23:45:52.35458804Z,01JHBW0C1GZCY6SFZMZJ5T9NY9,2025-01-11T23:45:52.35458804Z
01JHBW50750NYSKJ7190XTFA34,01JHBTX76D5ZPRW7AVRQQ804ZP,2025-01-11T23:45:52.357157027Z,01JHBTX76M42JMPHWQCP7QAPDJ,2025-01-11T23:45:52.357157027Z,01JHBVTTHXFEY6PMJGHTDW36T6,2025-01-11T23:45:52.357157027Z,01JHBW0C1GZCY6SFZMZJ5T9NY9,2025-01-11T23:45:52.357157027Z
01JHBW5Z9ABDY8DKPTFKXNXAWK,01JHBTX76D5ZPRW7AVRQQ804ZP,2025-01-11T23:46:24.170794266Z,01JHBTX76M42JMPHWQCP7QAPDJ,2025-01-11T23:46:24.170794266Z,01JHBVTTHXFEY6PMJGHTDW36T6,2025-01-11T23:46:24.170794266Z,01JHBW0C1DP399VVVRQYMX8DD1,2025-01-11T23:46:24.170794266Z
01JHBW848G910MH7H4GSWEDFHQ,01JHBTX68J5FF51HAWKFSSABTQ,2025-01-11T23:47:34.800146464Z,01JHBTX68WPA51BA437QAW9DT1,2025-01-11T23:47:34.800146464Z,01JHBVVGWZN1WTF2V7E5AP7FJT,2025-01-11T23:47:34.800146464Z,01JHBW5KYBMRYDT4FAK99PB9P2,2025-01-11T23:47:34.800146464Z
01JHBW848J8Y6GHMFMBB6FBRHW,01JHBTX68J5FF51HAWKFSSABTQ,2025-01-11T23:47:34.802228858Z,01JHBTX68WPA51BA437QAW9DT1,2025-01-11T23:47:34.802228858Z,01JHBVNZJNASKF0KSA8WR26WYZ,2025-01-11T23:47:34.802228858Z,01JHBW5KYBMRYDT4FAK99PB9P2,2025-01-11T23:47:34.802228858Z
01JHBWBSHN6VMZE2A611353ENG,01JHBTX5PWBQZ4S7HPNH7QRZQ7,2025-01-11T23:49:34.90170128Z,01JHBTX5Q5D8FY3D9BY2GQ5SB5,2025-01-11T23:49:34.90170128Z,01JHBVQ4VKBXXX63RJNCWSVM7S,2025-01-11T23:49:34.90170128Z,01JHBW8B2CPVNKVMB7G40RTHXV,2025-01-11T23:49:34.90170128Z
01JHBWDCZCP3XQ2JTRKSHE2P3A,01JHBTX519Y2QKDJBCY0DMHWC3,2025-01-11T23:50:27.564593603Z,01JHBTX51J08G9P66RHDPSXZME,2025-01-11T23:50:27.564593603Z,01JHBVDE4M3E6DEWQNXC75N0X0,2025-01-11T23:50:27.564593603Z,01JHBWBHY04GE3R8EXWQC462XG,2025-01-11T23:50:27.564593603Z
01JHBVQDQG08JE6ZA3QX5T9F2V,01JHBTX80G01Q71DZNE0VH0MF0,2025-01-11T23:38:27.440198874Z,01JHBTX80PZTQS6EYYX3ASQ623,2025-01-11T23:38:27.440198874Z,01JHBV74WF0NHT0V8TJC1RK527,2025-01-11T23:38:27.440198874Z,01JHBVHX8Y9SWGSQRM8798WNWH,2025-01-11T23:38:27.440198874Z
01JHBWEAB98WGCAJ5Q2M43FF4Z,01JHBTX519Y2QKDJBCY0DMHWC3,2025-01-11T23:50:57.64142982Z,01JHBTX51J08G9P66RHDPSXZME,2025-01-11T23:50:57.64142982Z,01JHBVWRCAWXVXKEJ3V1A2XTJP,2025-01-11T23:50:57.64142982Z,01JHBWBHY7MNXGRXCGQ0W18RRF,2025-01-11T23:50:57.64142982Z
01JHBWBARY1SXKKSFB6V0DK4QF,01JHBTX68J5FF51HAWKFSSABTQ,2025-01-11T23:49:19.774805058Z,01JHBTX68WPA51BA437QAW9DT1,2025-01-11T23:49:19.774805058Z,01JHBVGTAY4E6NHG0JGGREX54Z,2025-01-11T23:49:19.774805058Z,01JHBW5KYJYFY28XYSV9CCCB72,2025-01-11T23:49:19.774805058Z
01JHBVHXHHPQ1FKX8250W5XMC9,01JHBTX80G01Q71DZNE0VH0MF0,2025-01-11T23:35:27.025798015Z,01JHBTX80PZTQS6EYYX3ASQ623,2025-01-11T23:35:27.025798015Z,01JHBV79EMH0A7280T53VSN32R,2025-01-11T23:35:27.025798015Z,01JHBVHX8QKJ5T2NNC008Y20RW,2025-01-11T23:35:27.025798015Z
01JHBVSN2F0M9RRNDA07RB7JJ3,01JHBTX7KZ3V2CYHFHVDQCA98R,2025-01-11T23:39:40.495149648Z,01JHBTX7M67CWWXJ3R6C6PWE6C,2025-01-11T23:39:40.495149648Z,01JHBV4GD4QG737WHZHN543W18,2025-01-11T23:39:40.495149648Z,01JHBVP13HPXB8CBM91BYF4896,2025-01-11T23:39:40.495149648Z
01JHBW1YH9B9Q1Y2FATA63DE4T,01JHBVHJMEWP46BJZKBJCA4163,2025-01-11T23:44:12.329323222Z,01JHBVHJMP58QZD0ERCD1BKSQB,2025-01-11T23:44:12.329323222Z,01JHBVQ37TFRHRSBT7694EKGCH,2025-01-11T23:44:12.329323222Z,01JHBVY8RWYWNZV3GFXCZ4CC4R,2025-01-11T23:44:12.329323222Z
01JHBW4NYBERNFYDZK51RMNE0A,01JHBTX6QNK0Z23VT6DS018F8W,2025-01-11T23:45:41.83587886Z,01JHBTX6QXPG22MD32ZM1QNA6D,2025-01-11T23:45:41.83587886Z,01JHBVBGRE1824ED703M7PZVYC,2025-01-11T23:45:41.83587886Z,01JHBW2WQ7BNKNKJ3GGPFKP8SR,2025-01-11T23:45:41.83587886Z
01JHBW5KA01WK0PHAWMV4HF65W,01JHBTX6QNK0Z23VT6DS018F8W,2025-01-11T23:46:11.904994909Z,01JHBTX6QXPG22MD32ZM1QNA6D,2025-01-11T23:46:11.904994909Z,01JHBVWSN3EWTQV954SMVGQ0GR,2025-01-11T23:46:11.904994909Z,01JHBW2WQCB3TNHKRD10C1EM4X,2025-01-11T23:46:11.904994909Z
01JHBW5KA2XP884Q6E8V7V2TDQ,01JHBTX6QNK0Z23VT6DS018F8W,2025-01-11T23:46:11.906901041Z,01JHBTX6QXPG22MD32ZM1QNA6D,2025-01-11T23:46:11.906901041Z,01JHBVR7WVZDGZ1TJPQ2PX84X8,2025-01-11T23:46:11.906901041Z,01JHBW2WQCB3TNHKRD10C1EM4X,2025-01-11T23:46:11.906901041Z
01JHBW848ET11H6QWZHTZPQXA2,01JHBTX68J5FF51HAWKFSSABTQ,2025-01-11T23:47:34.799006587Z,01JHBTX68WPA51BA437QAW9DT1,2025-01-11T23:47:34.799006587Z,01JHBVGTAY4E6NHG0JGGREX54Z,2025-01-11T23:47:34.799006587Z,01JHBW5KYBMRYDT4FAK99PB9P2,2025-01-11T23:47:34.799006587Z
01JHBVMNMC9P3BY91QW2N6WKE1,01JHBTX80G01Q71DZNE0VH0MF0,2025-01-11T23:36:57.228377078Z,01JHBTX80PZTQS6EYYX3ASQ623,2025-01-11T23:36:57.228377078Z,01JHBV74WF0NHT0V8TJC1RK527,2025-01-11T23:36:57.228377078Z,01JHBVHX8V1XN4WSDCJ0B4MM84,2025-01-11T23:36:57.228377078Z
01JHBVTJ4V8TH18JCJ4D92ZMVH,01JHBTX7KZ3V2CYHFHVDQCA98R,2025-01-11T23:40:10.26761628Z,01JHBTX7M67CWWXJ3R6C6PWE6C,2025-01-11T23:40:10.26761628Z,01JHBV8AA2MGH8NGNVHBQQJPVP,2025-01-11T23:40:10.26761628Z,01JHBVP13J7SABWDECH1R4CVDS,2025-01-11T23:40:10.26761628Z
01JHBW7E2CKZQEZAXA0N1JGAWX,01JHBTX6QNK0Z23VT6DS018F8W,2025-01-11T23:47:12.076139636Z,01JHBTX6QXPG22MD32ZM1QNA6D,2025-01-11T23:47:12.076139636Z,01JHBVR7WVZDGZ1TJPQ2PX84X8,2025-01-11T23:47:12.076139636Z,01JHBW2WQDJTXYV4PM2HF5Q09S,2025-01-11T23:47:12.076139636Z
01JHBW8BCKFAJFD13QHK6SDJFF,01JHBTX5PWBQZ4S7HPNH7QRZQ7,2025-01-11T23:47:42.099642745Z,01JHBTX5Q5D8FY3D9BY2GQ5SB5,2025-01-11T23:47:42.099642745Z,01JHBVXDEZFT3Z7DYANP3ECXE8,2025-01-11T23:47:42.099642745Z,01JHBW8B226TFEJV0J9SJT6VAH,2025-01-11T23:47:42.099642745Z
01JHBWDA8V50FAGZ5HEKWDXW74,01JHBTX5PWBQZ4S7HPNH7QRZQ7,2025-01-11T23:50:24.795095689Z,01JHBTX5Q5D8FY3D9BY2GQ5SB5,2025-01-11T23:50:24.795095689Z,01JHBVQ4VKBXXX63RJNCWSVM7S,2025-01-11T23:50:24.795095689Z,01JHBW8B2GRTEHKVXSG4PK3QEG,2025-01-11T23:50:24.795095689Z
01JHBWEAB7BF42865BRNXBDY6H,01JHBTX519Y2QKDJBCY0DMHWC3,2025-01-11T23:50:57.639256207Z,01JHBTX51J08G9P66RHDPSXZME,2025-01-11T23:50:57.639256207Z,01JHBVDE4M3E6DEWQNXC75N0X0,2025-01-11T23:50:57.639256207Z,01JHBWBHY7MNXGRXCGQ0W18RRF,2025-01-11T23:50:57.639256207Z
01JHBWEFE51W71S9MZEC3S1KHY,01JHBTX5PWBQZ4S7HPNH7QRZQ7,2025-01-11T23:51:02.853651039Z,01JHBTX5Q5D8FY3D9BY2GQ5SB5,2025-01-11T23:51:02.853651039Z,01JHBVXMDSQEMMWV20B470QTYE,2025-01-11T23:51:02.853651039Z,01JHBW8B2DRT7RANN81P48MZGT,2025-01-11T23:51:02.853651039Z
01JHBW3R4A1F3JCH97C8K0Q11Z,01JHBVHJMEWP46BJZKBJCA4163,2025-01-11T23:45:11.306681049Z,01JHBVHJMP58QZD0ERCD1BKSQB,2025-01-11T23:45:11.306681049Z,01JHBVPDW0W89PBNW3EQJVWGZC,2025-01-11T23:45:11.306681049Z,01JHBVY8RZRNB5SQ9FREPKAE8T,2025-01-11T23:45:11.306681049Z
01JHBW3R4CYGHPF8CTET393MRM,01JHBVHJMEWP46BJZKBJCA4163,2025-01-11T23:45:11.308901718Z,01JHBVHJMP58QZD0ERCD1BKSQB,2025-01-11T23:45:11.308901718Z,01JHBVQ37TFRHRSBT7694EKGCH,2025-01-11T23:45:11.308901718Z,01JHBVY8RZRNB5SQ9FREPKAE8T,2025-01-11T23:45:11.308901718Z
01JHBW91MH8E4QGJNHD8GANZGX,01JHBTX68J5FF51HAWKFSSABTQ,2025-01-11T23:48:04.881505079Z,01JHBTX68WPA51BA437QAW9DT1,2025-01-11T23:48:04.881505079Z,01JHBVY0J3Y06J2DM2EX7J57D2,2025-01-11T23:48:04.881505079Z,01JHBW5KYGPRAN5PXPRSDR1Y3H,2025-01-11T23:48:04.881505079Z
01JHBVQTAWFPS2MFZBTCDN5X36,01JHBTX7KZ3V2CYHFHVDQCA98R,2025-01-11T23:38:40.348734255Z,01JHBTX7M67CWWXJ3R6C6PWE6C,2025-01-11T23:38:40.348734255Z,01JHBV9ATVHQZ42FZAWP543BKA,2025-01-11T23:38:40.348734255Z,01JHBVP13BPPBCDBHNDVTQ7YPM,2025-01-11T23:38:40.348734255Z
01JHBW9Z095VXYBKEVNWVGBJW0,01JHBTX68J5FF51HAWKFSSABTQ,2025-01-11T23:48:34.953901803Z,01JHBTX68WPA51BA437QAW9DT1,2025-01-11T23:48:34.953901803Z,01JHBVNZJNASKF0KSA8WR26WYZ,2025-01-11T23:48:34.953901803Z,01JHBW5KYFFF0VA70S0JYYVYHC,2025-01-11T23:48:34.953901803Z
01JHBVRQPEB2B7NZZ9CP6304BK,01JHBTX7KZ3V2CYHFHVDQCA98R,2025-01-11T23:39:10.414828459Z,01JHBTX7M67CWWXJ3R6C6PWE6C,2025-01-11T23:39:10.414828459Z,01JHBV9ATVHQZ42FZAWP543BKA,2025-01-11T23:39:10.414828459Z,01JHBVP13CPXGJHTSGS3M7H5X3,2025-01-11T23:39:10.414828459Z
01JHBW4NG2NSGZCY6ZNF8S48CS,01JHBVHJMEWP46BJZKBJCA4163,2025-01-11T23:45:41.37860755Z,01JHBVHJMP58QZD0ERCD1BKSQB,2025-01-11T23:45:41.37860755Z,01JHBV8W40W6F73YGTMEHZ2AGH,2025-01-11T23:45:41.37860755Z,01JHBVY8RX1DR559HEQ720W0TP,2025-01-11T23:45:41.37860755Z
01JHBW9Z0858F9E7GAJGFZ2RYV,01JHBTX68J5FF51HAWKFSSABTQ,2025-01-11T23:48:34.95275828Z,01JHBTX68WPA51BA437QAW9DT1,2025-01-11T23:48:34.95275828Z,01JHBVVGWZN1WTF2V7E5AP7FJT,2025-01-11T23:48:34.95275828Z,01JHBW5KYFFF0VA70S0JYYVYHC,2025-01-11T23:48:34.95275828Z
01JHBVRQPDP6SGTVJJXKQR99NV,01JHBTX7KZ3V2CYHFHVDQCA98R,2025-01-11T23:39:10.413781087Z,01JHBTX7M67CWWXJ3R6C6PWE6C,2025-01-11T23:39:10.413781087Z,01JHBV4GD4QG737WHZHN543W18,2025-01-11T23:39:10.413781087Z,01JHBVP13CPXGJHTSGS3M7H5X3,2025-01-11T23:39:10.413781087Z
01JHBVTJ4THJAWCZPB7CMG8796,01JHBTX7KZ3V2CYHFHVDQCA98R,2025-01-11T23:40:10.266510272Z,01JHBTX7M67CWWXJ3R6C6PWE6C,2025-01-11T23:40:10.266510272Z,01JHBV4GD4QG737WHZHN543W18,2025-01-11T23:40:10.266510272Z,01JHBVP13J7SABWDECH1R4CVDS,2025-01-11T23:40:10.266510272Z
01JHBW5M5C0ANMKAPKGKVSMGGJ,01JHBTX68J5FF51HAWKFSSABTQ,2025-01-11T23:46:12.780500703Z,01JHBTX68WPA51BA437QAW9DT1,2025-01-11T23:46:12.780500703Z,01JHBVGTAY4E6NHG0JGGREX54Z,2025-01-11T23:46:12.780500703Z,01JHBW5KYDX6A223CD278HEH17,2025-01-11T23:46:12.780500703Z
01JHBW56GJP9WT5NKBAM02X3HH,01JHBVHJMEWP46BJZKBJCA4163,2025-01-11T23:45:58.802755027Z,01JHBVHJMP58QZD0ERCD1BKSQB,2025-01-11T23:45:58.802755027Z,01JHBVGSSBP2QT2XAYC73FZKFD,2025-01-11T23:45:58.802755027Z,01JHBVY8RYVMPSEC98TB1WA962,2025-01-11T23:45:58.802755027Z
01JHBVRZGPDYP7EY8471ZS7GPP,01JHBTX80G01Q71DZNE0VH0MF0,2025-01-11T23:39:18.422109312Z,01JHBTX80PZTQS6EYYX3ASQ623,2025-01-11T23:39:18.422109312Z,01JHBV79EMH0A7280T53VSN32R,2025-01-11T23:39:18.422109312Z,01JHBVHX8WMHQN7JHQJ1KXPFJY,2025-01-11T23:39:18.422109312Z
01JHBW1155XE1HC1D8WHA5NTZ1,01JHBVHJMEWP46BJZKBJCA4163,2025-01-11T23:43:42.245631645Z,01JHBVHJMP58QZD0ERCD1BKSQB,2025-01-11T23:43:42.245631645Z,01JHBVPDW0W89PBNW3EQJVWGZC,2025-01-11T23:43:42.245631645Z,01JHBVY8RQAP5X20BS2WRZCNQF,2025-01-11T23:43:42.245631645Z
01JHBW6GP1KC8KD2WFWYBVM35N,01JHBTX6QNK0Z23VT6DS018F8W,2025-01-11T23:46:41.985408686Z,01JHBTX6QXPG22MD32ZM1QNA6D,2025-01-11T23:46:41.985408686Z,01JHBVR7WVZDGZ1TJPQ2PX84X8,2025-01-11T23:46:41.985408686Z,01JHBW2WQEWSVNRY0ETBHFTEBV,2025-01-11T23:46:41.985408686Z
01JHBW94C161DZJFNP1NG8KZFQ,01JHBTX6QNK0Z23VT6DS018F8W,2025-01-11T23:48:07.681249755Z,01JHBTX6QXPG22MD32ZM1QNA6D,2025-01-11T23:48:07.681249755Z,01JHBVWZT9EY7AMTGMSFY65MRR,2025-01-11T23:48:07.681249755Z,01JHBW2WQGNXDNC3WAFATE9JD2,2025-01-11T23:48:07.681249755Z
01JHBVH8XNQY4R5A94QEXFH3A0,01JHBTX8B7QDMS5WD4N1DXZNPP,2025-01-11T23:35:05.909732416Z,01JHBTX8BGBPGQNMKRSDJXR8SS,2025-01-11T23:35:05.909732416Z,01JHBV2T6YCRAS929GVKVDYDEN,2025-01-11T23:35:05.909732416Z,01JHBVH8M8NGKEN11G6G0X3AG6,2025-01-11T23:35:05.909732416Z
01JHBVR253RFCBC62EAV7F1GMT,01JHBTX80G01Q71DZNE0VH0MF0,2025-01-11T23:38:48.355789902Z,01JHBTX80PZTQS6EYYX3ASQ623,2025-01-11T23:38:48.355789902Z,01JHBV3ZDWYPWCTFPM025ZRYZQ,2025-01-11T23:38:48.355789902Z,01JHBVHX8XE33YC20K2YJQ5H6F,2025-01-11T23:38:48.355789902Z
01JHBVSN2K9J6FY1VEXFFN7ABD,01JHBTX7KZ3V2CYHFHVDQCA98R,2025-01-11T23:39:40.499973663Z,01JHBTX7M67CWWXJ3R6C6PWE6C,2025-01-11T23:39:40.499973663Z,01JHBV9ATVHQZ42FZAWP543BKA,2025-01-11T23:39:40.499973663Z,01JHBVP13HPXB8CBM91BYF4896,2025-01-11T23:39:40.499973663Z
01JHBW3YWMJ0XRMBDN3A4Q611P,01JHBTX76D5ZPRW7AVRQQ804ZP,2025-01-11T23:45:18.228130639Z,01JHBTX76M42JMPHWQCP7QAPDJ,2025-01-11T23:45:18.228130639Z,01JHBVSAY4JGZEAQ3VWNHAP49Q,2025-01-11T23:45:18.228130639Z,01JHBW0C1HHF65961N351V03KR,2025-01-11T23:45:18.228130639Z
01JHBW56GJP9WT5NKBA7YXDREN,01JHBVHJMEWP46BJZKBJCA4163,2025-01-11T23:45:58.802120457Z,01JHBVHJMP58QZD0ERCD1BKSQB,2025-01-11T23:45:58.802120457Z,01JHBV8W40W6F73YGTMEHZ2AGH,2025-01-11T23:45:58.802120457Z,01JHBVY8RYVMPSEC98TB1WA962,2025-01-11T23:45:58.802120457Z
01JHBWEFE1MAWFFENH2WZE4WBF,01JHBTX5PWBQZ4S7HPNH7QRZQ7,2025-01-11T23:51:02.849712268Z,01JHBTX5Q5D8FY3D9BY2GQ5SB5,2025-01-11T23:51:02.849712268Z,01JHBVXDEZFT3Z7DYANP3ECXE8,2025-01-11T23:51:02.849712268Z,01JHBW8B2DRT7RANN81P48MZGT,2025-01-11T23:51:02.849712268Z
01JHBVWCWA9CQBE27GV7XVP494,01JHBTX7KZ3V2CYHFHVDQCA98R,2025-01-11T23:41:10.410157767Z,01JHBTX7M67CWWXJ3R6C6PWE6C,2025-01-11T23:41:10.410157767Z,01JHBV8AA2MGH8NGNVHBQQJPVP,2025-01-11T23:41:10.410157767Z,01JHBVP13K15TJMMTSMJ7FEW4N,2025-01-11T23:41:10.410157767Z
01JHBW1YH737QD89P8DTS1HTVE,01JHBVHJMEWP46BJZKBJCA4163,2025-01-11T23:44:12.32794537Z,01JHBVHJMP58QZD0ERCD1BKSQB,2025-01-11T23:44:12.32794537Z,01JHBV8W40W6F73YGTMEHZ2AGH,2025-01-11T23:44:12.32794537Z,01JHBVY8RWYWNZV3GFXCZ4CC4R,2025-01-11T23:44:12.32794537Z
01JHBWEAB8Y56GFW1318E0Q38H,01JHBTX519Y2QKDJBCY0DMHWC3,2025-01-11T23:50:57.640427753Z,01JHBTX51J08G9P66RHDPSXZME,2025-01-11T23:50:57.640427753Z,01JHBVQSD0S1ZNA9Q2TD7TNYAB,2025-01-11T23:50:57.640427753Z,01JHBWBHY7MNXGRXCGQ0W18RRF,2025-01-11T23:50:57.640427753Z
01JHBW8BCHTRTJZ3N42TZT2404,01JHBTX5PWBQZ4S7HPNH7QRZQ7,2025-01-11T23:47:42.09778091Z,01JHBTX5Q5D8FY3D9BY2GQ5SB5,2025-01-11T23:47:42.09778091Z,01JHBVW84AY9MZ5PAHMQCV1Q86,2025-01-11T23:47:42.09778091Z,01JHBW8B226TFEJV0J9SJT6VAH,2025-01-11T23:47:42.09778091Z
01JHBW8BCN31E1F8MMPX9DE4KW,01JHBTX5PWBQZ4S7HPNH7QRZQ7,2025-01-11T23:47:42.101488817Z,01JHBTX5Q5D8FY3D9BY2GQ5SB5,2025-01-11T23:47:42.101488817Z,01JHBVXMDSQEMMWV20B470QTYE,2025-01-11T23:47:42.101488817Z,01JHBW8B226TFEJV0J9SJT6VAH,2025-01-11T23:47:42.101488817Z
01JHBWBAS1C9DY1TTRJYD51A1Z,01JHBTX68J5FF51HAWKFSSABTQ,2025-01-11T23:49:19.777254716Z,01JHBTX68WPA51BA437QAW9DT1,2025-01-11T23:49:19.777254716Z,01JHBVVGWZN1WTF2V7E5AP7FJT,2025-01-11T23:49:19.777254716Z,01JHBW5KYJYFY28XYSV9CCCB72,2025-01-11T23:49:19.777254716Z
01JHBVVFGHBRP5YMKBPKHQ833A,01JHBTX7KZ3V2CYHFHVDQCA98R,2025-01-11T23:40:40.337371682Z,01JHBTX7M67CWWXJ3R6C6PWE6C,2025-01-11T23:40:40.337371682Z,01JHBV7PKAYSCJ2RARSAECXZ23,2025-01-11T23:40:40.337371682Z,01JHBVP13J7SABWDECGMM4K735,2025-01-11T23:40:40.337371682Z
01JHBW1159R9YRR0RB433ANJ1F,01JHBVHJMEWP46BJZKBJCA4163,2025-01-11T23:43:42.249097358Z,01JHBVHJMP58QZD0ERCD1BKSQB,2025-01-11T23:43:42.249097358Z,01JHBVQ37TFRHRSBT7694EKGCH,2025-01-11T23:43:42.249097358Z,01JHBVY8RQAP5X20BS2WRZCNQF,2025-01-11T23:43:42.249097358Z
01JHBW4NG40P4D91JHZB7N5DKV,01JHBVHJMEWP46BJZKBJCA4163,2025-01-11T23:45:41.380805244Z,01JHBVHJMP58QZD0ERCD1BKSQB,2025-01-11T23:45:41.380805244Z,01JHBVPDW0W89PBNW3EQJVWGZC,2025-01-11T23:45:41.380805244Z,01JHBVY8RX1DR559HEQ720W0TP,2025-01-11T23:45:41.380805244Z
01JHBWA63HWZKXARZ8V5S3CB0C,01JHBTX5PWBQZ4S7HPNH7QRZQ7,2025-01-11T23:48:42.225950901Z,01JHBTX5Q5D8FY3D9BY2GQ5SB5,2025-01-11T23:48:42.225950901Z,01JHBVXDEZFT3Z7DYANP3ECXE8,2025-01-11T23:48:42.225950901Z,01JHBW8B280MX0HCTY4P1ZRFHV,2025-01-11T23:48:42.225950901Z
01JHBVP1CXM5EJ8W6WTS39VPYT,01JHBTX7KZ3V2CYHFHVDQCA98R,2025-01-11T23:37:42.045464783Z,01JHBTX7M67CWWXJ3R6C6PWE6C,2025-01-11T23:37:42.045464783Z,01JHBV9ATVHQZ42FZAWP543BKA,2025-01-11T23:37:42.045464783Z,01JHBVP13BPPBCDBHNDEKNDCTE,2025-01-11T23:37:42.045464783Z
01JHBVRZGM9CGQBP2KJDVFPR2C,01JHBTX80G01Q71DZNE0VH0MF0,2025-01-11T23:39:18.420730036Z,01JHBTX80PZTQS6EYYX3ASQ623,2025-01-11T23:39:18.420730036Z,01JHBV7795M37XZAWB060PMP9A,2025-01-11T23:39:18.420730036Z,01JHBVHX8WMHQN7JHQJ1KXPFJY,2025-01-11T23:39:18.420730036Z
01JHBW1154H224BJP6J48KTKVF,01JHBVHJMEWP46BJZKBJCA4163,2025-01-11T23:43:42.244303132Z,01JHBVHJMP58QZD0ERCD1BKSQB,2025-01-11T23:43:42.244303132Z,01JHBVGSSBP2QT2XAYC73FZKFD,2025-01-11T23:43:42.244303132Z,01JHBVY8RQAP5X20BS2WRZCNQF,2025-01-11T23:43:42.244303132Z
01JHBW4NG3SND2S5K5REYQ29AR,01JHBVHJMEWP46BJZKBJCA4163,2025-01-11T23:45:41.379722614Z,01JHBVHJMP58QZD0ERCD1BKSQB,2025-01-11T23:45:41.379722614Z,01JHBVQ37TFRHRSBT7694EKGCH,2025-01-11T23:45:41.379722614Z,01JHBVY8RX1DR559HEQ720W0TP,2025-01-11T23:45:41.379722614Z
01JHBW5KA01WK0PHAWMCFJJHJP,01JHBTX6QNK0Z23VT6DS018F8W,2025-01-11T23:46:11.904291287Z,01JHBTX6QXPG22MD32ZM1QNA6D,2025-01-11T23:46:11.904291287Z,01JHBVBGRE1824ED703M7PZVYC,2025-01-11T23:46:11.904291287Z,01JHBW2WQCB3TNHKRD10C1EM4X,2025-01-11T23:46:11.904291287Z
01JHBWBSHMJX9SXY6TPJTT9G4R,01JHBTX5PWBQZ4S7HPNH7QRZQ7,2025-01-11T23:49:34.900833768Z,01JHBTX5Q5D8FY3D9BY2GQ5SB5,2025-01-11T23:49:34.900833768Z,01JHBVW84AY9MZ5PAHMQCV1Q86,2025-01-11T23:49:34.900833768Z,01JHBW8B2CPVNKVMB7G40RTHXV,2025-01-11T23:49:34.900833768Z
01JHBW0CATCCNFFM3GGZ2JMQD5,01JHBTX76D5ZPRW7AVRQQ804ZP,2025-01-11T23:43:20.922607419Z,01JHBTX76M42JMPHWQCP7QAPDJ,2025-01-11T23:43:20.922607419Z,01JHBVSAY4JGZEAQ3VWNHAP49Q,2025-01-11T23:43:20.922607419Z,01JHBW0C1AFKFFTN8J6X759RVZ,2025-01-11T23:43:20.922607419Z
01JHBW4MB478GX24AQ1BQ9TDEB,01JHBTX76D5ZPRW7AVRQQ804ZP,2025-01-11T23:45:40.196871736Z,01JHBTX76M42JMPHWQCP7QAPDJ,2025-01-11T23:45:40.196871736Z,01JHBVWGATAMJH5D4D6CXEPVM2,2025-01-11T23:45:40.196871736Z,01JHBW0C1HHF65961N2PQ9F3B1,2025-01-11T23:45:40.196871736Z
01JHBW848HPKFJ5TKT85W77TVG,01JHBTX68J5FF51HAWKFSSABTQ,2025-01-11T23:47:34.801277228Z,01JHBTX68WPA51BA437QAW9DT1,2025-01-11T23:47:34.801277228Z,01JHBVY0J3Y06J2DM2EX7J57D2,2025-01-11T23:47:34.801277228Z,01JHBW5KYBMRYDT4FAK99PB9P2,2025-01-11T23:47:34.801277228Z
01JHBVH8XP5VT8KGN1GGPJ8QH5,01JHBTX8B7QDMS5WD4N1DXZNPP,2025-01-11T23:35:05.910372615Z,01JHBTX8BGBPGQNMKRSDJXR8SS,2025-01-11T23:35:05.910372615Z,01JHBV3Z38WX5Y42D0KNWNP2NB,2025-01-11T23:35:05.910372615Z,01JHBVH8M8NGKEN11G6G0X3AG6,2025-01-11T23:35:05.910372615Z
01JHBVSN2F0M9RRNDA0F1A84BV,01JHBTX7KZ3V2CYHFHVDQCA98R,2025-01-11T23:39:40.495878596Z,01JHBTX7M67CWWXJ3R6C6PWE6C,2025-01-11T23:39:40.495878596Z,01JHBV7PKAYSCJ2RARSAECXZ23,2025-01-11T23:39:40.495878596Z,01JHBVP13HPXB8CBM91BYF4896,2025-01-11T23:39:40.495878596Z
01JHBVVFGMCTVKDG4168016WDM,01JHBTX7KZ3V2CYHFHVDQCA98R,2025-01-11T23:40:40.340470579Z,01JHBTX7M67CWWXJ3R6C6PWE6C,2025-01-11T23:40:40.340470579Z,01JHBV9ATVHQZ42FZAWP543BKA,2025-01-11T23:40:40.340470579Z,01JHBVP13J7SABWDECGMM4K735,2025-01-11T23:40:40.340470579Z
01JHBW5KA1ZMK1K273G0R7P778,01JHBTX6QNK0Z23VT6DS018F8W,2025-01-11T23:46:11.905923136Z,01JHBTX6QXPG22MD32ZM1QNA6D,2025-01-11T23:46:11.905923136Z,01JHBVWZT9EY7AMTGMSFY65MRR,2025-01-11T23:46:11.905923136Z,01JHBW2WQCB3TNHKRD10C1EM4X,2025-01-11T23:46:11.905923136Z
01JHBVY92GBTP51TP00F9WDRMZ,01JHBVHJMEWP46BJZKBJCA4163,2025-01-11T23:42:12.048774577Z,01JHBVHJMP58QZD0ERCD1BKSQB,2025-01-11T23:42:12.048774577Z,01JHBVQ37TFRHRSBT7694EKGCH,2025-01-11T23:42:12.048774577Z,01JHBVY8RNSQB7N77SATSYG93B,2025-01-11T23:42:12.048774577Z
01JHBW5Z9EWWCKJ6B47CRS09EP,01JHBTX76D5ZPRW7AVRQQ804ZP,2025-01-11T23:46:24.174361372Z,01JHBTX76M42JMPHWQCP7QAPDJ,2025-01-11T23:46:24.174361372Z,01JHBVWGATAMJH5D4D6CXEPVM2,2025-01-11T23:46:24.174361372Z,01JHBW0C1DP399VVVRQYMX8DD1,2025-01-11T23:46:24.174361372Z
01JHBW3R4BFJ20FWGX1SSN2GK6,01JHBVHJMEWP46BJZKBJCA4163,2025-01-11T23:45:11.307551551Z,01JHBVHJMP58QZD0ERCD1BKSQB,2025-01-11T23:45:11.307551551Z,01JHBVGSSBP2QT2XAYC73FZKFD,2025-01-11T23:45:11.307551551Z,01JHBVY8RZRNB5SQ9FREPKAE8T,2025-01-11T23:45:11.307551551Z
01JHBW4MB2MZEAYNA6S28FVY4E,01JHBTX76D5ZPRW7AVRQQ804ZP,2025-01-11T23:45:40.194571151Z,01JHBTX76M42JMPHWQCP7QAPDJ,2025-01-11T23:45:40.194571151Z,01JHBVTTHXFEY6PMJGHTDW36T6,2025-01-11T23:45:40.194571151Z,01JHBW0C1HHF65961N2PQ9F3B1,2025-01-11T23:45:40.194571151Z
01JHBVXA80159R5KRPA3HN1BPK,01JHBTX7KZ3V2CYHFHVDQCA98R,2025-01-11T23:41:40.480961771Z,01JHBTX7M67CWWXJ3R6C6PWE6C,2025-01-11T23:41:40.480961771Z,01JHBV7PKAYSCJ2RARSAECXZ23,2025-01-11T23:41:40.480961771Z,01JHBVP13NGA6DNEWMZBBP2636,2025-01-11T23:41:40.480961771Z
01JHBW1YH8C36BBR2VVZ68QC07,01JHBVHJMEWP46BJZKBJCA4163,2025-01-11T23:44:12.328465473Z,01JHBVHJMP58QZD0ERCD1BKSQB,2025-01-11T23:44:12.328465473Z,01JHBVPDW0W89PBNW3EQJVWGZC,2025-01-11T23:44:12.328465473Z,01JHBVY8RWYWNZV3GFXCZ4CC4R,2025-01-11T23:44:12.328465473Z
01JHBW4NG65AX8J6RZPF5F9S16,01JHBVHJMEWP46BJZKBJCA4163,2025-01-11T23:45:41.382097225Z,01JHBVHJMP58QZD0ERCD1BKSQB,2025-01-11T23:45:41.382097225Z,01JHBVGSSBP2QT2XAYC73FZKFD,2025-01-11T23:45:41.382097225Z,01JHBVY8RX1DR559HEQ720W0TP,2025-01-11T23:45:41.382097225Z
01JHBW56GM2GNV10RCPADJX5HJ,01JHBVHJMEWP46BJZKBJCA4163,2025-01-11T23:45:58.804802147Z,01JHBVHJMP58QZD0ERCD1BKSQB,2025-01-11T23:45:58.804802147Z,01JHBVQ37TFRHRSBT7694EKGCH,2025-01-11T23:45:58.804802147Z,01JHBVY8RYVMPSEC98TB1WA962,2025-01-11T23:45:58.804802147Z
01JHBVH8XNQY4R5A94Q47BJT7G,01JHBTX8B7QDMS5WD4N1DXZNPP,2025-01-11T23:35:05.909217928Z,01JHBTX8BGBPGQNMKRSDJXR8SS,2025-01-11T23:35:05.909217928Z,01JHBV3TYRZ10KJE0ZG382PDP9,2025-01-11T23:35:05.909217928Z,01JHBVH8M8NGKEN11G6G0X3AG6,2025-01-11T23:35:05.909217928Z
01JHBVMNMC9P3BY91QW9MNTKTS,01JHBTX80G01Q71DZNE0VH0MF0,2025-01-11T23:36:57.228736426Z,01JHBTX80PZTQS6EYYX3ASQ623,2025-01-11T23:36:57.228736426Z,01JHBV7795M37XZAWB060PMP9A,2025-01-11T23:36:57.228736426Z,01JHBVHX8V1XN4WSDCJ0B4MM84,2025-01-11T23:36:57.228736426Z
01JHBVQDQHY5AV6MDT0DPFRBYA,01JHBTX80G01Q71DZNE0VH0MF0,2025-01-11T23:38:27.44114661Z,01JHBTX80PZTQS6EYYX3ASQ623,2025-01-11T23:38:27.44114661Z,01JHBV79EMH0A7280T53VSN32R,2025-01-11T23:38:27.44114661Z,01JHBVHX8Y9SWGSQRM8798WNWH,2025-01-11T23:38:27.44114661Z
01JHBVRQPC6CB2SH16JJGSY3N2,01JHBTX7KZ3V2CYHFHVDQCA98R,2025-01-11T23:39:10.412147816Z,01JHBTX7M67CWWXJ3R6C6PWE6C,2025-01-11T23:39:10.412147816Z,01JHBV8AA2MGH8NGNVHBQQJPVP,2025-01-11T23:39:10.412147816Z,01JHBVP13CPXGJHTSGS3M7H5X3,2025-01-11T23:39:10.412147816Z
01JHBW50762F13KZEWN3DNTDZR,01JHBTX76D5ZPRW7AVRQQ804ZP,2025-01-11T23:45:52.358149798Z,01JHBTX76M42JMPHWQCP7QAPDJ,2025-01-11T23:45:52.358149798Z,01JHBVSAY4JGZEAQ3VWNHAP49Q,2025-01-11T23:45:52.358149798Z,01JHBW0C1GZCY6SFZMZJ5T9NY9,2025-01-11T23:45:52.358149798Z
01JHBW9Z0858F9E7GAJ6HKF90R,01JHBTX68J5FF51HAWKFSSABTQ,2025-01-11T23:48:34.952022543Z,01JHBTX68WPA51BA437QAW9DT1,2025-01-11T23:48:34.952022543Z,01JHBVY0J3Y06J2DM2EX7J57D2,2025-01-11T23:48:34.952022543Z,01JHBW5KYFFF0VA70S0JYYVYHC,2025-01-11T23:48:34.952022543Z
01JHBVSN2HBG68FVJGQHYANZRT,01JHBTX7KZ3V2CYHFHVDQCA98R,2025-01-11T23:39:40.497372237Z,01JHBTX7M67CWWXJ3R6C6PWE6C,2025-01-11T23:39:40.497372237Z,01JHBV8AA2MGH8NGNVHBQQJPVP,2025-01-11T23:39:40.497372237Z,01JHBVP13HPXB8CBM91BYF4896,2025-01-11T23:39:40.497372237Z
01JHBW2TRRAHHKMKSFY7GV2WD5,01JHBVHJMEWP46BJZKBJCA4163,2025-01-11T23:44:41.240556781Z,01JHBVHJMP58QZD0ERCD1BKSQB,2025-01-11T23:44:41.240556781Z,01JHBV8W40W6F73YGTMEHZ2AGH,2025-01-11T23:44:41.240556781Z,01JHBVY8RX1DR559HEPMHXQWKD,2025-01-11T23:44:41.240556781Z
01JHBWA63KHBY96FJJZ7D8QYSA,01JHBTX5PWBQZ4S7HPNH7QRZQ7,2025-01-11T23:48:42.227473619Z,01JHBTX5Q5D8FY3D9BY2GQ5SB5,2025-01-11T23:48:42.227473619Z,01JHBVW84AY9MZ5PAHMQCV1Q86,2025-01-11T23:48:42.227473619Z,01JHBW8B280MX0HCTY4P1ZRFHV,2025-01-11T23:48:42.227473619Z
01JHBW4NYGFDY866Q58HMD1B63,01JHBTX6QNK0Z23VT6DS018F8W,2025-01-11T23:45:41.84005266Z,01JHBTX6QXPG22MD32ZM1QNA6D,2025-01-11T23:45:41.84005266Z,01JHBVWZT9EY7AMTGMSFY65MRR,2025-01-11T23:45:41.84005266Z,01JHBW2WQ7BNKNKJ3GGPFKP8SR,2025-01-11T23:45:41.84005266Z
01JHBW8701HE1BS4YG4DMC3YW2,01JHBTX6QNK0Z23VT6DS018F8W,2025-01-11T23:47:37.601934157Z,01JHBTX6QXPG22MD32ZM1QNA6D,2025-01-11T23:47:37.601934157Z,01JHBVWSN3EWTQV954SMVGQ0GR,2025-01-11T23:47:37.601934157Z,01JHBW2WQBX2EAS63FJTC1DPRP,2025-01-11T23:47:37.601934157Z
01JHBVKR8R5S09ZFHT060X8RHV,01JHBTX80G01Q71DZNE0VH0MF0,2025-01-11T23:36:27.160413345Z,01JHBTX80PZTQS6EYYX3ASQ623,2025-01-11T23:36:27.160413345Z,01JHBV79EMH0A7280T53VSN32R,2025-01-11T23:36:27.160413345Z,01JHBVHX8V1XN4WSDCHB9SZWVM,2025-01-11T23:36:27.160413345Z
01JHBVNJZV5EEQ51RRTVTPPS1H,01JHBTX80G01Q71DZNE0VH0MF0,2025-01-11T23:37:27.291553446Z,01JHBTX80PZTQS6EYYX3ASQ623,2025-01-11T23:37:27.291553446Z,01JHBV3ZDWYPWCTFPM025ZRYZQ,2025-01-11T23:37:27.291553446Z,01JHBVHX8ZCB79N9P6NWTF98NK,2025-01-11T23:37:27.291553446Z
01JHBVXA81X36E7HNKKCCZFB1D,01JHBTX7KZ3V2CYHFHVDQCA98R,2025-01-11T23:41:40.481646311Z,01JHBTX7M67CWWXJ3R6C6PWE6C,2025-01-11T23:41:40.481646311Z,01JHBV9ATVHQZ42FZAWP543BKA,2025-01-11T23:41:40.481646311Z,01JHBVP13NGA6DNEWMZBBP2636,2025-01-11T23:41:40.481646311Z
01JHBW4MB345TJZZNPET4FYXEE,01JHBTX76D5ZPRW7AVRQQ804ZP,2025-01-11T23:45:40.195264055Z,01JHBTX76M42JMPHWQCP7QAPDJ,2025-01-11T23:45:40.195264055Z,01JHBVSAY4JGZEAQ3VWNHAP49Q,2025-01-11T23:45:40.195264055Z,01JHBW0C1HHF65961N2PQ9F3B1,2025-01-11T23:45:40.195264055Z
01JHBWBJ9145C29J86PW850NWT,01JHBTX519Y2QKDJBCY0DMHWC3,2025-01-11T23:49:27.457899651Z,01JHBTX51J08G9P66RHDPSXZME,2025-01-11T23:49:27.457899651Z,01JHBVQSD0S1ZNA9Q2TD7TNYAB,2025-01-11T23:49:27.457899651Z,01JHBWBHXYCKWACYWG8XA5MDNN,2025-01-11T23:49:27.457899651Z
01JHBWCPXMGNX0VEWJ0KB1Z0TA,01JHBTX5PWBQZ4S7HPNH7QRZQ7,2025-01-11T23:50:04.980623594Z,01JHBTX5Q5D8FY3D9BY2GQ5SB5,2025-01-11T23:50:04.980623594Z,01JHBVXMDSQEMMWV20B470QTYE,2025-01-11T23:50:04.980623594Z,01JHBW8B24KCR8Z68QRRT3MQ3N,2025-01-11T23:50:04.980623594Z
01JHBVTJ4WD8HG4ZN6M0PWAHJ9,01JHBTX7KZ3V2CYHFHVDQCA98R,2025-01-11T23:40:10.26852765Z,01JHBTX7M67CWWXJ3R6C6PWE6C,2025-01-11T23:40:10.26852765Z,01JHBV9ATVHQZ42FZAWP543BKA,2025-01-11T23:40:10.26852765Z,01JHBVP13J7SABWDECH1R4CVDS,2025-01-11T23:40:10.26852765Z
01JHBW6GP3ZXZW16RVSCQ3APR0,01JHBTX6QNK0Z23VT6DS018F8W,2025-01-11T23:46:41.987484628Z,01JHBTX6QXPG22MD32ZM1QNA6D,2025-01-11T23:46:41.987484628Z,01JHBVWZT9EY7AMTGMSFY65MRR,2025-01-11T23:46:41.987484628Z,01JHBW2WQEWSVNRY0ETBHFTEBV,2025-01-11T23:46:41.987484628Z
01JHBWBTR71N8KQP58YZM7HGW3,01JHBTX68J5FF51HAWKFSSABTQ,2025-01-11T23:49:36.135726848Z,01JHBTX68WPA51BA437QAW9DT1,2025-01-11T23:49:36.135726848Z,01JHBVY0J3Y06J2DM2EX7J57D2,2025-01-11T23:49:36.135726848Z,01JHBW5KYKSBCJE7T6C4S7JAR2,2025-01-11T23:49:36.135726848Z
01JHBWDT8X7B6W5B74HSATXF68,01JHBTX5PWBQZ4S7HPNH7QRZQ7,2025-01-11T23:50:41.181908606Z,01JHBTX5Q5D8FY3D9BY2GQ5SB5,2025-01-11T23:50:41.181908606Z,01JHBVQ4VKBXXX63RJNCWSVM7S,2025-01-11T23:50:41.181908606Z,01JHBW8B2EED7S23Z7GZWSWV15,2025-01-11T23:50:41.181908606Z
01JHBVQTAVKBEAQE9NWNRZANRS,01JHBTX7KZ3V2CYHFHVDQCA98R,2025-01-11T23:38:40.348008142Z,01JHBTX7M67CWWXJ3R6C6PWE6C,2025-01-11T23:38:40.348008142Z,01JHBV8AA2MGH8NGNVHBQQJPVP,2025-01-11T23:38:40.348008142Z,01JHBVP13BPPBCDBHNDVTQ7YPM,2025-01-11T23:38:40.348008142Z
01JHBVR254DW98EBH4QFYG2TBF,01JHBTX80G01Q71DZNE0VH0MF0,2025-01-11T23:38:48.356319053Z,01JHBTX80PZTQS6EYYX3ASQ623,2025-01-11T23:38:48.356319053Z,01JHBV7795M37XZAWB060PMP9A,2025-01-11T23:38:48.356319053Z,01JHBVHX8XE33YC20K2YJQ5H6F,2025-01-11T23:38:48.356319053Z
01JHBVWCW9RDS524103MVHEN7J,01JHBTX7KZ3V2CYHFHVDQCA98R,2025-01-11T23:41:10.409054844Z,01JHBTX7M67CWWXJ3R6C6PWE6C,2025-01-11T23:41:10.409054844Z,01JHBV4GD4QG737WHZHN543W18,2025-01-11T23:41:10.409054844Z,01JHBVP13K15TJMMTSMJ7FEW4N,2025-01-11T23:41:10.409054844Z
01JHBWDA8ZGKHHQMFSDWN9S88R,01JHBTX5PWBQZ4S7HPNH7QRZQ7,2025-01-11T23:50:24.799455347Z,01JHBTX5Q5D8FY3D9BY2GQ5SB5,2025-01-11T23:50:24.799455347Z,01JHBVXMDSQEMMWV20B470QTYE,2025-01-11T23:50:24.799455347Z,01JHBW8B2GRTEHKVXSG4PK3QEG,2025-01-11T23:50:24.799455347Z
