id,batchID,batchIDLastChangedAt,gameID,gameIDLastChangedAt,playerID,playerIDLastChangedAt
01JHBWBHXA22VS7M9J4BDW1WXQ,01JHBTX519Y2QKDJBCY0DMHWC3,2025-01-11T23:49:27.082547808Z,01JHBTX51J08G9P66RHDPSXZME,2025-01-11T23:49:27.082547808Z,01JHBVWRCAWXVXKEJ3V1A2XTJP,2025-01-11T23:49:27.082547808Z
01JHBWTMCN14YH8D8FDGQ3TE6Z,01JHBTX3D9K8CA8PG05W35CTHN,2025-01-11T23:57:41.141876157Z,01JHBTX3DSER50TZM4QGGD8W7H,2025-01-11T23:57:41.141876157Z,01JHBVXYRCPX9HG0V0WMVRRNXY,2025-01-11T23:57:41.141876157Z
01JHBVH8K98Z83Z81BMHW9FR7K,01JHBTX8B7QDMS5WD4N1DXZNPP,2025-01-11T23:35:05.577992829Z,01JHBTX8BGBPGQNMKRSDJXR8SS,2025-01-11T23:35:05.577992829Z,01JHBV1GAD3DWPP7HPJ1NPK2DB,2025-01-11T23:35:05.577992829Z
01JHBVHX842RCJT5AX1FEY86E3,01JHBTX80G01Q71DZNE0VH0MF0,2025-01-11T23:35:26.724462194Z,01JHBTX80PZTQS6EYYX3ASQ623,2025-01-11T23:35:26.724462194Z,01JHBV79EMH0A7280T53VSN32R,2025-01-11T23:35:26.724462194Z
01JHBVP12M4WCX418FGD2WVXYM,01JHBTX7KZ3V2CYHFHVDQCA98R,2025-01-11T23:37:41.716267116Z,01JHBTX7M67CWWXJ3R6C6PWE6C,2025-01-11T23:37:41.716267116Z,01JHBV4GD4QG737WHZHN543W18,2025-01-11T23:37:41.716267116Z
01JHBW5KX96NVD3M6QSGY7Z9FZ,01JHBTX68J5FF51HAWKFSSABTQ,2025-01-11T23:46:12.521493679Z,01JHBTX68WPA51BA437QAW9DT1,2025-01-11T23:46:12.521493679Z,01JHBVVGWZN1WTF2V7E5AP7FJT,2025-01-11T23:46:12.521493679Z
01JHBWBHX9EWZTM9YZM9TFEJ5B,01JHBTX519Y2QKDJBCY0DMHWC3,2025-01-11T23:49:27.081439311Z,01JHBTX51J08G9P66RHDPSXZME,2025-01-11T23:49:27.081439311Z,01JHBVQSD0S1ZNA9Q2TD7TNYAB,2025-01-11T23:49:27.081439311Z
01JHBWBHXBTY97350P0VZEM0QS,01JHBTX519Y2QKDJBCY0DMHWC3,2025-01-11T23:49:27.083470532Z,01JHBTX51J08G9P66RHDPSXZME,2025-01-11T23:49:27.083470532Z,01JHBW4702NP1R1BJ02GGJ1W44,2025-01-11T23:49:27.083470532Z
01JHBWTMCQAYHG211PMWQ5K4X2,01JHBTX3D9K8CA8PG05W35CTHN,2025-01-11T23:57:41.143730867Z,01JHBTX3DSER50TZM4QGGD8W7H,2025-01-11T23:57:41.143730867Z,01JHBWG822M1NVWDABMH1QTVFW,2025-01-11T23:57:41.143730867Z
01JHBVY8QY9BT3CBWV44YRTY13,01JHBVHJMEWP46BJZKBJCA4163,2025-01-11T23:42:11.710731351Z,01JHBVHJMP58QZD0ERCD1BKSQB,2025-01-11T23:42:11.710731351Z,01JHBVGSSBP2QT2XAYC73FZKFD,2025-01-11T23:42:11.710731351Z
01JHBW2WPN7CK90CKTZGKZ8J82,01JHBTX6QNK0Z23VT6DS018F8W,2025-01-11T23:44:43.221110913Z,01JHBTX6QXPG22MD32ZM1QNA6D,2025-01-11T23:44:43.221110913Z,01JHBVBGRE1824ED703M7PZVYC,2025-01-11T23:44:43.221110913Z
01JHBW2WPPZYEM023PF3P64FHV,01JHBTX6QNK0Z23VT6DS018F8W,2025-01-11T23:44:43.222442373Z,01JHBTX6QXPG22MD32ZM1QNA6D,2025-01-11T23:44:43.222442373Z,01JHBVWSN3EWTQV954SMVGQ0GR,2025-01-11T23:44:43.222442373Z
01JHBVH8KAJXA1CQSXHB1HTHRF,01JHBTX8B7QDMS5WD4N1DXZNPP,2025-01-11T23:35:05.578406576Z,01JHBTX8BGBPGQNMKRSDJXR8SS,2025-01-11T23:35:05.578406576Z,01JHBV2T6YCRAS929GVKVDYDEN,2025-01-11T23:35:05.578406576Z
01JHBVY8QZ3MGXTVV430MNJQ2K,01JHBVHJMEWP46BJZKBJCA4163,2025-01-11T23:42:11.711799437Z,01JHBVHJMP58QZD0ERCD1BKSQB,2025-01-11T23:42:11.711799437Z,01JHBVQ37TFRHRSBT7694EKGCH,2025-01-11T23:42:11.711799437Z
01JHBW0C0N63MCQADWYCP125Q2,01JHBTX76D5ZPRW7AVRQQ804ZP,2025-01-11T23:43:20.597166889Z,01JHBTX76M42JMPHWQCP7QAPDJ,2025-01-11T23:43:20.597166889Z,01JHBVSAY4JGZEAQ3VWNHAP49Q,2025-01-11T23:43:20.597166889Z
01JHBW0C0N63MCQADWYKNWX8WR,01JHBTX76D5ZPRW7AVRQQ804ZP,2025-01-11T23:43:20.597731052Z,01JHBTX76M42JMPHWQCP7QAPDJ,2025-01-11T23:43:20.597731052Z,01JHBVTTHXFEY6PMJGHTDW36T6,2025-01-11T23:43:20.597731052Z
01JHBW2WPQ1SN8WNN4Z40GZZ68,01JHBTX6QNK0Z23VT6DS018F8W,2025-01-11T23:44:43.223051543Z,01JHBTX6QXPG22MD32ZM1QNA6D,2025-01-11T23:44:43.223051543Z,01JHBVWZT9EY7AMTGMSFY65MRR,2025-01-11T23:44:43.223051543Z
01JHBW5KXA2A3NYZS2J1X7TFCB,01JHBTX68J5FF51HAWKFSSABTQ,2025-01-11T23:46:12.522670254Z,01JHBTX68WPA51BA437QAW9DT1,2025-01-11T23:46:12.522670254Z,01JHBVY0J3Y06J2DM2EX7J57D2,2025-01-11T23:46:12.522670254Z
01JHBW8B0W3JJAQEXR9ZXK8P1K,01JHBTX5PWBQZ4S7HPNH7QRZQ7,2025-01-11T23:47:41.724670272Z,01JHBTX5Q5D8FY3D9BY2GQ5SB5,2025-01-11T23:47:41.724670272Z,01JHBVW84AY9MZ5PAHMQCV1Q86,2025-01-11T23:47:41.724670272Z
01JHBWBHX8QJZ0FY3DR9BSHZ70,01JHBTX519Y2QKDJBCY0DMHWC3,2025-01-11T23:49:27.080106377Z,01JHBTX51J08G9P66RHDPSXZME,2025-01-11T23:49:27.080106377Z,01JHBVDE4M3E6DEWQNXC75N0X0,2025-01-11T23:49:27.080106377Z
01JHBVH8KAJXA1CQSXHJ0XRQE0,01JHBTX8B7QDMS5WD4N1DXZNPP,2025-01-11T23:35:05.578814836Z,01JHBTX8BGBPGQNMKRSDJXR8SS,2025-01-11T23:35:05.578814836Z,01JHBV3TYRZ10KJE0ZG382PDP9,2025-01-11T23:35:05.578814836Z
01JHBVH8KBMNYE2P3QMNFV1HDQ,01JHBTX8B7QDMS5WD4N1DXZNPP,2025-01-11T23:35:05.579170518Z,01JHBTX8BGBPGQNMKRSDJXR8SS,2025-01-11T23:35:05.579170518Z,01JHBV3Z38WX5Y42D0KNWNP2NB,2025-01-11T23:35:05.579170518Z
01JHBVP12NPGX4VPYNKQKMVB4Q,01JHBTX7KZ3V2CYHFHVDQCA98R,2025-01-11T23:37:41.71723592Z,01JHBTX7M67CWWXJ3R6C6PWE6C,2025-01-11T23:37:41.71723592Z,01JHBV9ATVHQZ42FZAWP543BKA,2025-01-11T23:37:41.71723592Z
01JHBWTMCPND8QSBZSNCKDCNH1,01JHBTX3D9K8CA8PG05W35CTHN,2025-01-11T23:57:41.142405729Z,01JHBTX3DSER50TZM4QGGD8W7H,2025-01-11T23:57:41.142405729Z,01JHBWCPJSBH30EJMZGQJ4Z3C9,2025-01-11T23:57:41.142405729Z
01JHBVHX83JAQ1ERRS7ZMD2W4T,01JHBTX80G01Q71DZNE0VH0MF0,2025-01-11T23:35:26.723849309Z,01JHBTX80PZTQS6EYYX3ASQ623,2025-01-11T23:35:26.723849309Z,01JHBV3ZDWYPWCTFPM025ZRYZQ,2025-01-11T23:35:26.723849309Z
01JHBVY8QY9BT3CBWV3XRWMJX8,01JHBVHJMEWP46BJZKBJCA4163,2025-01-11T23:42:11.71004546Z,01JHBVHJMP58QZD0ERCD1BKSQB,2025-01-11T23:42:11.71004546Z,01JHBV8W40W6F73YGTMEHZ2AGH,2025-01-11T23:42:11.71004546Z
01JHBVY8QZ3MGXTVV42W8X19FF,01JHBVHJMEWP46BJZKBJCA4163,2025-01-11T23:42:11.711241202Z,01JHBVHJMP58QZD0ERCD1BKSQB,2025-01-11T23:42:11.711241202Z,01JHBVPDW0W89PBNW3EQJVWGZC,2025-01-11T23:42:11.711241202Z
01JHBW8B0XXFHMBAE4E1DRGN9B,01JHBTX5PWBQZ4S7HPNH7QRZQ7,2025-01-11T23:47:41.725870209Z,01JHBTX5Q5D8FY3D9BY2GQ5SB5,2025-01-11T23:47:41.725870209Z,01JHBVXDEZFT3Z7DYANP3ECXE8,2025-01-11T23:47:41.725870209Z
01JHBW8B0YMXNS97XN35NFJ815,01JHBTX5PWBQZ4S7HPNH7QRZQ7,2025-01-11T23:47:41.726875071Z,01JHBTX5Q5D8FY3D9BY2GQ5SB5,2025-01-11T23:47:41.726875071Z,01JHBVXMDSQEMMWV20B470QTYE,2025-01-11T23:47:41.726875071Z
01JHBVHX842RCJT5AX1AD9K1RJ,01JHBTX80G01Q71DZNE0VH0MF0,2025-01-11T23:35:26.724286056Z,01JHBTX80PZTQS6EYYX3ASQ623,2025-01-11T23:35:26.724286056Z,01JHBV7795M37XZAWB060PMP9A,2025-01-11T23:35:26.724286056Z
01JHBW2WPN7CK90CKTZPGBFBBJ,01JHBTX6QNK0Z23VT6DS018F8W,2025-01-11T23:44:43.22176325Z,01JHBTX6QXPG22MD32ZM1QNA6D,2025-01-11T23:44:43.22176325Z,01JHBVR7WVZDGZ1TJPQ2PX84X8,2025-01-11T23:44:43.22176325Z
01JHBW5KX61A11SGMJBMDVMS2W,01JHBTX68J5FF51HAWKFSSABTQ,2025-01-11T23:46:12.518241821Z,01JHBTX68WPA51BA437QAW9DT1,2025-01-11T23:46:12.518241821Z,01JHBVGTAY4E6NHG0JGGREX54Z,2025-01-11T23:46:12.518241821Z
01JHBW0C0M4CWR2DAFN7DDX5A4,01JHBTX76D5ZPRW7AVRQQ804ZP,2025-01-11T23:43:20.596685509Z,01JHBTX76M42JMPHWQCP7QAPDJ,2025-01-11T23:43:20.596685509Z,01JHBVQP95FRVV2CEM56XM06HV,2025-01-11T23:43:20.596685509Z
01JHBW0C0P68S5BS8T165WSKAP,01JHBTX76D5ZPRW7AVRQQ804ZP,2025-01-11T23:43:20.598403921Z,01JHBTX76M42JMPHWQCP7QAPDJ,2025-01-11T23:43:20.598403921Z,01JHBVWGATAMJH5D4D6CXEPVM2,2025-01-11T23:43:20.598403921Z
01JHBW5KX7PPAYBXK539C1Q8KC,01JHBTX68J5FF51HAWKFSSABTQ,2025-01-11T23:46:12.519978201Z,01JHBTX68WPA51BA437QAW9DT1,2025-01-11T23:46:12.519978201Z,01JHBVNZJNASKF0KSA8WR26WYZ,2025-01-11T23:46:12.519978201Z
01JHBW8B0VMRXAHZ2W7XANKYFG,01JHBTX5PWBQZ4S7HPNH7QRZQ7,2025-01-11T23:47:41.723576692Z,01JHBTX5Q5D8FY3D9BY2GQ5SB5,2025-01-11T23:47:41.723576692Z,01JHBVQ4VKBXXX63RJNCWSVM7S,2025-01-11T23:47:41.723576692Z
01JHBWTMCQAYHG211PMM5GQ8AB,01JHBTX3D9K8CA8PG05W35CTHN,2025-01-11T23:57:41.143063458Z,01JHBTX3DSER50TZM4QGGD8W7H,2025-01-11T23:57:41.143063458Z,01JHBW5G333TSEMWDY0283968A,2025-01-11T23:57:41.143063458Z
01JHBVHX842RCJT5AX0ZEB4SEE,01JHBTX80G01Q71DZNE0VH0MF0,2025-01-11T23:35:26.724108325Z,01JHBTX80PZTQS6EYYX3ASQ623,2025-01-11T23:35:26.724108325Z,01JHBV74WF0NHT0V8TJC1RK527,2025-01-11T23:35:26.724108325Z
01JHBVP12M4WCX418FGPPFKP75,01JHBTX7KZ3V2CYHFHVDQCA98R,2025-01-11T23:37:41.716666903Z,01JHBTX7M67CWWXJ3R6C6PWE6C,2025-01-11T23:37:41.716666903Z,01JHBV7PKAYSCJ2RARSAECXZ23,2025-01-11T23:37:41.716666903Z
01JHBVP12M4WCX418FGYMYJQA9,01JHBTX7KZ3V2CYHFHVDQCA98R,2025-01-11T23:37:41.716959445Z,01JHBTX7M67CWWXJ3R6C6PWE6C,2025-01-11T23:37:41.716959445Z,01JHBV8AA2MGH8NGNVHBQQJPVP,2025-01-11T23:37:41.716959445Z
