id,batchID,batchIDLastChangedAt,gameID,gameIDLastChangedAt,playerID,playerIDLastChangedAt
01JHY4SF9JHXTCNMP9BBEBJC2T,01JHY4FXZBBQ75H1XYVF2PRN4B,2025-01-19T02:03:11.538348674Z,01JHY4FXZPVRWCKZSPT5KXT3DT,2025-01-19T02:03:11.538348674Z,01JHY4K9FER6XRB7W1TQWF6D7M,2025-01-19T02:03:11.538348674Z
01JHY540MQG6P79MXXK105SP7J,01JHY4G1QP39QP8KZ7PC4B76DW,2025-01-19T02:08:56.983495044Z,01JHY4G1QZJ42P1A2GWDKH8S88,2025-01-19T02:08:56.983495044Z,01JHY4HQRNMDZDA2D6SQ11KXPV,2025-01-19T02:08:56.983495044Z
01JHY540MQG6P79MXXKBP8FRPM,01JHY4G1QP39QP8KZ7PC4B76DW,2025-01-19T02:08:56.983742905Z,01JHY4G1QZJ42P1A2GWDKH8S88,2025-01-19T02:08:56.983742905Z,01JHY4K2XYGQC63F02D7X533RD,2025-01-19T02:08:56.983742905Z
01JHY540MQG6P79MXXKR5A5K2G,01JHY4G1QP39QP8KZ7PC4B76DW,2025-01-19T02:08:56.983931527Z,01JHY4G1QZJ42P1A2GWDKH8S88,2025-01-19T02:08:56.983931527Z,01JHY4KR3S2N38PK53BK4EHF98,2025-01-19T02:08:56.983931527Z
01JHY540MRTJY0STAXJ8BW93QW,01JHY4G1QP39QP8KZ7PC4B76DW,2025-01-19T02:08:56.984107072Z,01JHY4G1QZJ42P1A2GWDKH8S88,2025-01-19T02:08:56.984107072Z,01JHY4N2N8JGTQFEVFEF9AX95X,2025-01-19T02:08:56.984107072Z
01JHY4SF9JHXTCNMP9AE4HXZJG,01JHY4FXZBBQ75H1XYVF2PRN4B,2025-01-19T02:03:11.538073329Z,01JHY4FXZPVRWCKZSPT5KXT3DT,2025-01-19T02:03:11.538073329Z,01JHY4H5Z8XRW6HZ3NW4P8X68S,2025-01-19T02:03:11.538073329Z
01JHY4SF9JHXTCNMP9AR9ZQPG7,01JHY4FXZBBQ75H1XYVF2PRN4B,2025-01-19T02:03:11.538193334Z,01JHY4FXZPVRWCKZSPT5KXT3DT,2025-01-19T02:03:11.538193334Z,01JHY4HJ852FWGPSNG837FEZHA,2025-01-19T02:03:11.538193334Z
01JHY4SF9JHXTCNMP9B3RF22A5,01JHY4FXZBBQ75H1XYVF2PRN4B,2025-01-19T02:03:11.53826875Z,01JHY4FXZPVRWCKZSPT5KXT3DT,2025-01-19T02:03:11.53826875Z,01JHY4JBQNN0PWA1HKEQEC44MD,2025-01-19T02:03:11.53826875Z
