id,batchID,batchIDLastChangedAt,gameID,gameIDLastChangedAt,playerID,playerIDLastChangedAt,roundID,roundIDLastChangedAt
01JHY4SFJACFCN6ZK6YTJXQF35,01JHY4FXZBBQ75H1XYVF2PRN4B,2025-01-19T02:03:11.818224351Z,01JHY4FXZPVRWCKZSPT5KXT3DT,2025-01-19T02:03:11.818224351Z,01JHY4K9FER6XRB7W1TQWF6D7M,2025-01-19T02:03:11.818224351Z,01JHY4SFA8VS1Q3NH517WF6D3C,2025-01-19T02:03:11.818224351Z
01JHY4V4JRGAG06T96S7CZ7WB5,01JHY4FXZBBQ75H1XYVF2PRN4B,2025-01-19T02:04:06.104837522Z,01JHY4FXZPVRWCKZSPT5KXT3DT,2025-01-19T02:04:06.104837522Z,01JHY4HJ852FWGPSNG837FEZHA,2025-01-19T02:04:06.104837522Z,01JHY4SFA9X51PKGG960YQZJYY,2025-01-19T02:04:06.104837522Z
01JHY4V4JSPBCBF3K5GS9N4Q12,01JHY4FXZBBQ75H1XYVF2PRN4B,2025-01-19T02:04:06.105030724Z,01JHY4FXZPVRWCKZSPT5KXT3DT,2025-01-19T02:04:06.105030724Z,01JHY4K9FER6XRB7W1TQWF6D7M,2025-01-19T02:04:06.105030724Z,01JHY4SFA9X51PKGG960YQZJYY,2025-01-19T02:04:06.105030724Z
01JHY4VYP5PM66FKV2WXC0Z1DZ,01JHY4FXZBBQ75H1XYVF2PRN4B,2025-01-19T02:04:32.837129909Z,01JHY4FXZPVRWCKZSPT5KXT3DT,2025-01-19T02:04:32.837129909Z,01JHY4HJ852FWGPSNG837FEZHA,2025-01-19T02:04:32.837129909Z,01JHY4SFAAT3Y26Z26YEQ0TQ1W,2025-01-19T02:04:32.837129909Z
01JHY58JEB3PHFHEM0BW0C9Y9K,01JHY4G1QP39QP8KZ7PC4B76DW,2025-01-19T02:11:26.283613067Z,01JHY4G1QZJ42P1A2GWDKH8S88,2025-01-19T02:11:26.283613067Z,01JHY4N2N8JGTQFEVFEF9AX95X,2025-01-19T02:11:26.283613067Z,01JHY540NC7ZB55A0EH9WDCP3V,2025-01-19T02:11:26.283613067Z
01JHY4V4JSPBCBF3K5H2MQVF4J,01JHY4FXZBBQ75H1XYVF2PRN4B,2025-01-19T02:04:06.105365209Z,01JHY4FXZPVRWCKZSPT5KXT3DT,2025-01-19T02:04:06.105365209Z,01JHY4H5Z8XRW6HZ3NW4P8X68S,2025-01-19T02:04:06.105365209Z,01JHY4SFA9X51PKGG960YQZJYY,2025-01-19T02:04:06.105365209Z
01JHY55TCH4QYD93MMG5CX7GK4,01JHY4G1QP39QP8KZ7PC4B76DW,2025-01-19T02:09:56.113200725Z,01JHY4G1QZJ42P1A2GWDKH8S88,2025-01-19T02:09:56.113200725Z,01JHY4N2N8JGTQFEVFEF9AX95X,2025-01-19T02:09:56.113200725Z,01JHY540NBCRB05E78PYV2VD9M,2025-01-19T02:09:56.113200725Z
01JHY57N32FG36Z53Z9E5J6E7M,01JHY4G1QP39QP8KZ7PC4B76DW,2025-01-19T02:10:56.226879384Z,01JHY4G1QZJ42P1A2GWDKH8S88,2025-01-19T02:10:56.226879384Z,01JHY4HQRNMDZDA2D6SQ11KXPV,2025-01-19T02:10:56.226879384Z,01JHY540NC7ZB55A0EJK1NA78V,2025-01-19T02:10:56.226879384Z
01JHY5AJADGRDRBDY2XW8Q6P68,01JHY4G1QP39QP8KZ7PC4B76DW,2025-01-19T02:12:31.693893639Z,01JHY4G1QZJ42P1A2GWDKH8S88,2025-01-19T02:12:31.693893639Z,01JHY4N2N8JGTQFEVFEF9AX95X,2025-01-19T02:12:31.693893639Z,01JHY540NDKAH66YDYSYF4Y4Q4,2025-01-19T02:12:31.693893639Z
01JHY4WW1DZWX5A932VVQTXEFW,01JHY4FXZBBQ75H1XYVF2PRN4B,2025-01-19T02:05:02.89397366Z,01JHY4FXZPVRWCKZSPT5KXT3DT,2025-01-19T02:05:02.89397366Z,01JHY4HJ852FWGPSNG837FEZHA,2025-01-19T02:05:02.89397366Z,01JHY4SFAAT3Y26Z2708H1G48C,2025-01-19T02:05:02.89397366Z
01JHY4ZM39GXN58DQN2Z7ZK8TP,01JHY4FXZBBQ75H1XYVF2PRN4B,2025-01-19T02:06:33.065520592Z,01JHY4FXZPVRWCKZSPT5KXT3DT,2025-01-19T02:06:33.065520592Z,01JHY4K9FER6XRB7W1TQWF6D7M,2025-01-19T02:06:33.065520592Z,01JHY4SFAAT3Y26Z26ZKAVWT2F,2025-01-19T02:06:33.065520592Z
01JHY50HEM1QNET54RWVYD2PEP,01JHY4FXZBBQ75H1XYVF2PRN4B,2025-01-19T02:07:03.124326013Z,01JHY4FXZPVRWCKZSPT5KXT3DT,2025-01-19T02:07:03.124326013Z,01JHY4HJ852FWGPSNG837FEZHA,2025-01-19T02:07:03.124326013Z,01JHY4SFABZBJMH8F1KCJXBXTK,2025-01-19T02:07:03.124326013Z
01JHY55TCG0DP1E6GA36B481PR,01JHY4G1QP39QP8KZ7PC4B76DW,2025-01-19T02:09:56.11248324Z,01JHY4G1QZJ42P1A2GWDKH8S88,2025-01-19T02:09:56.11248324Z,01JHY4K2XYGQC63F02D7X533RD,2025-01-19T02:09:56.11248324Z,01JHY540NBCRB05E78PYV2VD9M,2025-01-19T02:09:56.11248324Z
01JHY57N33R6WW1MTXJ96R0Q1K,01JHY4G1QP39QP8KZ7PC4B76DW,2025-01-19T02:10:56.22736602Z,01JHY4G1QZJ42P1A2GWDKH8S88,2025-01-19T02:10:56.22736602Z,01JHY4K2XYGQC63F02D7X533RD,2025-01-19T02:10:56.22736602Z,01JHY540NC7ZB55A0EJK1NA78V,2025-01-19T02:10:56.22736602Z
01JHY540WNW8B176FYA6P0B5HZ,01JHY4G1QP39QP8KZ7PC4B76DW,2025-01-19T02:08:57.237245774Z,01JHY4G1QZJ42P1A2GWDKH8S88,2025-01-19T02:08:57.237245774Z,01JHY4KR3S2N38PK53BK4EHF98,2025-01-19T02:08:57.237245774Z,01JHY540NBCRB05E78NQRM3RRB,2025-01-19T02:08:57.237245774Z
01JHY540WNW8B176FYAMVBA4MS,01JHY4G1QP39QP8KZ7PC4B76DW,2025-01-19T02:08:57.237484967Z,01JHY4G1QZJ42P1A2GWDKH8S88,2025-01-19T02:08:57.237484967Z,01JHY4K2XYGQC63F02D7X533RD,2025-01-19T02:08:57.237484967Z,01JHY540NBCRB05E78NQRM3RRB,2025-01-19T02:08:57.237484967Z
01JHY56QQQC0HQT9TPR77ENVJS,01JHY4G1QP39QP8KZ7PC4B76DW,2025-01-19T02:10:26.167042535Z,01JHY4G1QZJ42P1A2GWDKH8S88,2025-01-19T02:10:26.167042535Z,01JHY4HQRNMDZDA2D6SQ11KXPV,2025-01-19T02:10:26.167042535Z,01JHY540NBCRB05E78P8XW0NWH,2025-01-19T02:10:26.167042535Z
01JHY5AJADGRDRBDY2XG7JYZ20,01JHY4G1QP39QP8KZ7PC4B76DW,2025-01-19T02:12:31.693632194Z,01JHY4G1QZJ42P1A2GWDKH8S88,2025-01-19T02:12:31.693632194Z,01JHY4K2XYGQC63F02D7X533RD,2025-01-19T02:12:31.693632194Z,01JHY540NDKAH66YDYSYF4Y4Q4,2025-01-19T02:12:31.693632194Z
01JHY4SFJ900M5JHYDHKXEN3XM,01JHY4FXZBBQ75H1XYVF2PRN4B,2025-01-19T02:03:11.817362862Z,01JHY4FXZPVRWCKZSPT5KXT3DT,2025-01-19T02:03:11.817362862Z,01JHY4H5Z8XRW6HZ3NW4P8X68S,2025-01-19T02:03:11.817362862Z,01JHY4SFA8VS1Q3NH517WF6D3C,2025-01-19T02:03:11.817362862Z
01JHY4V4JRGAG06T96RYR1ZWF7,01JHY4FXZBBQ75H1XYVF2PRN4B,2025-01-19T02:04:06.104595174Z,01JHY4FXZPVRWCKZSPT5KXT3DT,2025-01-19T02:04:06.104595174Z,01JHY4JBQNN0PWA1HKEQEC44MD,2025-01-19T02:04:06.104595174Z,01JHY4SFA9X51PKGG960YQZJYY,2025-01-19T02:04:06.104595174Z
01JHY4VYP5PM66FKV2X4Q3WNV9,01JHY4FXZBBQ75H1XYVF2PRN4B,2025-01-19T02:04:32.837308049Z,01JHY4FXZPVRWCKZSPT5KXT3DT,2025-01-19T02:04:32.837308049Z,01JHY4K9FER6XRB7W1TQWF6D7M,2025-01-19T02:04:32.837308049Z,01JHY4SFAAT3Y26Z26YEQ0TQ1W,2025-01-19T02:04:32.837308049Z
01JHY57N33R6WW1MTXJNYVZNPS,01JHY4G1QP39QP8KZ7PC4B76DW,2025-01-19T02:10:56.227752573Z,01JHY4G1QZJ42P1A2GWDKH8S88,2025-01-19T02:10:56.227752573Z,01JHY4N2N8JGTQFEVFEF9AX95X,2025-01-19T02:10:56.227752573Z,01JHY540NC7ZB55A0EJK1NA78V,2025-01-19T02:10:56.227752573Z
01JHY598A3DHTFHN0VWXY3XAWK,01JHY4G1QP39QP8KZ7PC4B76DW,2025-01-19T02:11:48.675985185Z,01JHY4G1QZJ42P1A2GWDKH8S88,2025-01-19T02:11:48.675985185Z,01JHY4K2XYGQC63F02D7X533RD,2025-01-19T02:11:48.675985185Z,01JHY540NC7ZB55A0EHXPDH3CS,2025-01-19T02:11:48.675985185Z
01JHY4XSCH3G0T2PG0BCTW6MD5,01JHY4FXZBBQ75H1XYVF2PRN4B,2025-01-19T02:05:32.945814746Z,01JHY4FXZPVRWCKZSPT5KXT3DT,2025-01-19T02:05:32.945814746Z,01JHY4K9FER6XRB7W1TQWF6D7M,2025-01-19T02:05:32.945814746Z,01JHY4SFAAT3Y26Z26YXR2S15X,2025-01-19T02:05:32.945814746Z
01JHY4ZM35BH4683NF9AB8A9H7,01JHY4FXZBBQ75H1XYVF2PRN4B,2025-01-19T02:06:33.061773834Z,01JHY4FXZPVRWCKZSPT5KXT3DT,2025-01-19T02:06:33.061773834Z,01JHY4H5Z8XRW6HZ3NW4P8X68S,2025-01-19T02:06:33.061773834Z,01JHY4SFAAT3Y26Z26ZKAVWT2F,2025-01-19T02:06:33.061773834Z
01JHY55TCG0DP1E6GA2W989313,01JHY4G1QP39QP8KZ7PC4B76DW,2025-01-19T02:09:56.112085578Z,01JHY4G1QZJ42P1A2GWDKH8S88,2025-01-19T02:09:56.112085578Z,01JHY4KR3S2N38PK53BK4EHF98,2025-01-19T02:09:56.112085578Z,01JHY540NBCRB05E78PYV2VD9M,2025-01-19T02:09:56.112085578Z
01JHY598A4F1AVR00YMZ2H8FKH,01JHY4G1QP39QP8KZ7PC4B76DW,2025-01-19T02:11:48.676795663Z,01JHY4G1QZJ42P1A2GWDKH8S88,2025-01-19T02:11:48.676795663Z,01JHY4N2N8JGTQFEVFEF9AX95X,2025-01-19T02:11:48.676795663Z,01JHY540NC7ZB55A0EHXPDH3CS,2025-01-19T02:11:48.676795663Z
01JHY4VYP4JA42ZQ3HDQSRR65E,01JHY4FXZBBQ75H1XYVF2PRN4B,2025-01-19T02:04:32.836947743Z,01JHY4FXZPVRWCKZSPT5KXT3DT,2025-01-19T02:04:32.836947743Z,01JHY4H5Z8XRW6HZ3NW4P8X68S,2025-01-19T02:04:32.836947743Z,01JHY4SFAAT3Y26Z26YEQ0TQ1W,2025-01-19T02:04:32.836947743Z
01JHY598A4F1AVR00YMBX60FZK,01JHY4G1QP39QP8KZ7PC4B76DW,2025-01-19T02:11:48.676264609Z,01JHY4G1QZJ42P1A2GWDKH8S88,2025-01-19T02:11:48.676264609Z,01JHY4HQRNMDZDA2D6SQ11KXPV,2025-01-19T02:11:48.676264609Z,01JHY540NC7ZB55A0EHXPDH3CS,2025-01-19T02:11:48.676264609Z
01JHY598A4F1AVR00YMPHDM7FR,01JHY4G1QP39QP8KZ7PC4B76DW,2025-01-19T02:11:48.676547765Z,01JHY4G1QZJ42P1A2GWDKH8S88,2025-01-19T02:11:48.676547765Z,01JHY4KR3S2N38PK53BK4EHF98,2025-01-19T02:11:48.676547765Z,01JHY540NC7ZB55A0EHXPDH3CS,2025-01-19T02:11:48.676547765Z
01JHY57N33R6WW1MTXHYH5RZ83,01JHY4G1QP39QP8KZ7PC4B76DW,2025-01-19T02:10:56.227141792Z,01JHY4G1QZJ42P1A2GWDKH8S88,2025-01-19T02:10:56.227141792Z,01JHY4KR3S2N38PK53BK4EHF98,2025-01-19T02:10:56.227141792Z,01JHY540NC7ZB55A0EJK1NA78V,2025-01-19T02:10:56.227141792Z
01JHY5A241SFQ6RTXDNVK9HJ7W,01JHY4G1QP39QP8KZ7PC4B76DW,2025-01-19T02:12:15.10593537Z,01JHY4G1QZJ42P1A2GWDKH8S88,2025-01-19T02:12:15.10593537Z,01JHY4HQRNMDZDA2D6SQ11KXPV,2025-01-19T02:12:15.10593537Z,01JHY540NDKAH66YDYSC2642Y3,2025-01-19T02:12:15.10593537Z
01JHY4WW1DZWX5A932VJS305GJ,01JHY4FXZBBQ75H1XYVF2PRN4B,2025-01-19T02:05:02.893734762Z,01JHY4FXZPVRWCKZSPT5KXT3DT,2025-01-19T02:05:02.893734762Z,01JHY4JBQNN0PWA1HKEQEC44MD,2025-01-19T02:05:02.893734762Z,01JHY4SFAAT3Y26Z2708H1G48C,2025-01-19T02:05:02.893734762Z
01JHY4WW1EQB2WHTQT23CHMERW,01JHY4FXZBBQ75H1XYVF2PRN4B,2025-01-19T02:05:02.894174153Z,01JHY4FXZPVRWCKZSPT5KXT3DT,2025-01-19T02:05:02.894174153Z,01JHY4K9FER6XRB7W1TQWF6D7M,2025-01-19T02:05:02.894174153Z,01JHY4SFAAT3Y26Z2708H1G48C,2025-01-19T02:05:02.894174153Z
01JHY4YPQR40YTC2XM07G26TJB,01JHY4FXZBBQ75H1XYVF2PRN4B,2025-01-19T02:06:03.000314044Z,01JHY4FXZPVRWCKZSPT5KXT3DT,2025-01-19T02:06:03.000314044Z,01JHY4H5Z8XRW6HZ3NW4P8X68S,2025-01-19T02:06:03.000314044Z,01JHY4SFABZBJMH8F1KZNFTBBP,2025-01-19T02:06:03.000314044Z
01JHY50HEM1QNET54RX23P75DZ,01JHY4FXZBBQ75H1XYVF2PRN4B,2025-01-19T02:07:03.124599929Z,01JHY4FXZPVRWCKZSPT5KXT3DT,2025-01-19T02:07:03.124599929Z,01JHY4H5Z8XRW6HZ3NW4P8X68S,2025-01-19T02:07:03.124599929Z,01JHY4SFABZBJMH8F1KCJXBXTK,2025-01-19T02:07:03.124599929Z
01JHY540WMSM6WVD6H0Q98RV5A,01JHY4G1QP39QP8KZ7PC4B76DW,2025-01-19T02:08:57.236625164Z,01JHY4G1QZJ42P1A2GWDKH8S88,2025-01-19T02:08:57.236625164Z,01JHY4N2N8JGTQFEVFEF9AX95X,2025-01-19T02:08:57.236625164Z,01JHY540NBCRB05E78NQRM3RRB,2025-01-19T02:08:57.236625164Z
01JHY55TCG0DP1E6GA3EXS51H7,01JHY4G1QP39QP8KZ7PC4B76DW,2025-01-19T02:09:56.112849976Z,01JHY4G1QZJ42P1A2GWDKH8S88,2025-01-19T02:09:56.112849976Z,01JHY4HQRNMDZDA2D6SQ11KXPV,2025-01-19T02:09:56.112849976Z,01JHY540NBCRB05E78PYV2VD9M,2025-01-19T02:09:56.112849976Z
01JHY5AJAEBH6963DSYCQH1B4N,01JHY4G1QP39QP8KZ7PC4B76DW,2025-01-19T02:12:31.694539765Z,01JHY4G1QZJ42P1A2GWDKH8S88,2025-01-19T02:12:31.694539765Z,01JHY4KR3S2N38PK53BK4EHF98,2025-01-19T02:12:31.694539765Z,01JHY540NDKAH66YDYSYF4Y4Q4,2025-01-19T02:12:31.694539765Z
01JHY4XSCG1Z2F7MYHP1F8KNHK,01JHY4FXZBBQ75H1XYVF2PRN4B,2025-01-19T02:05:32.945006084Z,01JHY4FXZPVRWCKZSPT5KXT3DT,2025-01-19T02:05:32.945006084Z,01JHY4JBQNN0PWA1HKEQEC44MD,2025-01-19T02:05:32.945006084Z,01JHY4SFAAT3Y26Z26YXR2S15X,2025-01-19T02:05:32.945006084Z
01JHY4ZM36RHGYF7X49T9ZKDDB,01JHY4FXZBBQ75H1XYVF2PRN4B,2025-01-19T02:06:33.062679262Z,01JHY4FXZPVRWCKZSPT5KXT3DT,2025-01-19T02:06:33.062679262Z,01JHY4JBQNN0PWA1HKEQEC44MD,2025-01-19T02:06:33.062679262Z,01JHY4SFAAT3Y26Z26ZKAVWT2F,2025-01-19T02:06:33.062679262Z
01JHY58JEAKZYPMW1QCV4AT8PW,01JHY4G1QP39QP8KZ7PC4B76DW,2025-01-19T02:11:26.28299347Z,01JHY4G1QZJ42P1A2GWDKH8S88,2025-01-19T02:11:26.28299347Z,01JHY4K2XYGQC63F02D7X533RD,2025-01-19T02:11:26.28299347Z,01JHY540NC7ZB55A0EH9WDCP3V,2025-01-19T02:11:26.28299347Z
01JHY4SFJ900M5JHYDJ1V28EWN,01JHY4FXZBBQ75H1XYVF2PRN4B,2025-01-19T02:03:11.817693543Z,01JHY4FXZPVRWCKZSPT5KXT3DT,2025-01-19T02:03:11.817693543Z,01JHY4JBQNN0PWA1HKEQEC44MD,2025-01-19T02:03:11.817693543Z,01JHY4SFA8VS1Q3NH517WF6D3C,2025-01-19T02:03:11.817693543Z
01JHY4XSCH3G0T2PG0B6BMW1EE,01JHY4FXZBBQ75H1XYVF2PRN4B,2025-01-19T02:05:32.945553994Z,01JHY4FXZPVRWCKZSPT5KXT3DT,2025-01-19T02:05:32.945553994Z,01JHY4H5Z8XRW6HZ3NW4P8X68S,2025-01-19T02:05:32.945553994Z,01JHY4SFAAT3Y26Z26YXR2S15X,2025-01-19T02:05:32.945553994Z
01JHY4YPQR40YTC2XM0KNYJ7QA,01JHY4FXZBBQ75H1XYVF2PRN4B,2025-01-19T02:06:03.000897564Z,01JHY4FXZPVRWCKZSPT5KXT3DT,2025-01-19T02:06:03.000897564Z,01JHY4JBQNN0PWA1HKEQEC44MD,2025-01-19T02:06:03.000897564Z,01JHY4SFABZBJMH8F1KZNFTBBP,2025-01-19T02:06:03.000897564Z
01JHY50HEM1QNET54RXDB279MG,01JHY4FXZBBQ75H1XYVF2PRN4B,2025-01-19T02:07:03.124871239Z,01JHY4FXZPVRWCKZSPT5KXT3DT,2025-01-19T02:07:03.124871239Z,01JHY4JBQNN0PWA1HKEQEC44MD,2025-01-19T02:07:03.124871239Z,01JHY4SFABZBJMH8F1KCJXBXTK,2025-01-19T02:07:03.124871239Z
01JHY58JEB3PHFHEM0BMM8H3W7,01JHY4G1QP39QP8KZ7PC4B76DW,2025-01-19T02:11:26.283171267Z,01JHY4G1QZJ42P1A2GWDKH8S88,2025-01-19T02:11:26.283171267Z,01JHY4HQRNMDZDA2D6SQ11KXPV,2025-01-19T02:11:26.283171267Z,01JHY540NC7ZB55A0EH9WDCP3V,2025-01-19T02:11:26.283171267Z
01JHY4YPQS43MY6T0XESB5KPTB,01JHY4FXZBBQ75H1XYVF2PRN4B,2025-01-19T02:06:03.001336721Z,01JHY4FXZPVRWCKZSPT5KXT3DT,2025-01-19T02:06:03.001336721Z,01JHY4HJ852FWGPSNG837FEZHA,2025-01-19T02:06:03.001336721Z,01JHY4SFABZBJMH8F1KZNFTBBP,2025-01-19T02:06:03.001336721Z
01JHY5A241SFQ6RTXDN76JQJND,01JHY4G1QP39QP8KZ7PC4B76DW,2025-01-19T02:12:15.105241672Z,01JHY4G1QZJ42P1A2GWDKH8S88,2025-01-19T02:12:15.105241672Z,01JHY4KR3S2N38PK53BK4EHF98,2025-01-19T02:12:15.105241672Z,01JHY540NDKAH66YDYSC2642Y3,2025-01-19T02:12:15.105241672Z
01JHY5A242ZGFVC4TN81DWRYAT,01JHY4G1QP39QP8KZ7PC4B76DW,2025-01-19T02:12:15.106282156Z,01JHY4G1QZJ42P1A2GWDKH8S88,2025-01-19T02:12:15.106282156Z,01JHY4K2XYGQC63F02D7X533RD,2025-01-19T02:12:15.106282156Z,01JHY540NDKAH66YDYSC2642Y3,2025-01-19T02:12:15.106282156Z
01JHY5AJAEBH6963DSY0SDX4WM,01JHY4G1QP39QP8KZ7PC4B76DW,2025-01-19T02:12:31.694264465Z,01JHY4G1QZJ42P1A2GWDKH8S88,2025-01-19T02:12:31.694264465Z,01JHY4HQRNMDZDA2D6SQ11KXPV,2025-01-19T02:12:31.694264465Z,01JHY540NDKAH66YDYSYF4Y4Q4,2025-01-19T02:12:31.694264465Z
01JHY4WW1DZWX5A932V7QJXCDH,01JHY4FXZBBQ75H1XYVF2PRN4B,2025-01-19T02:05:02.893528272Z,01JHY4FXZPVRWCKZSPT5KXT3DT,2025-01-19T02:05:02.893528272Z,01JHY4H5Z8XRW6HZ3NW4P8X68S,2025-01-19T02:05:02.893528272Z,01JHY4SFAAT3Y26Z2708H1G48C,2025-01-19T02:05:02.893528272Z
01JHY50HENGDE5DF458AAFKB8K,01JHY4FXZBBQ75H1XYVF2PRN4B,2025-01-19T02:07:03.125061192Z,01JHY4FXZPVRWCKZSPT5KXT3DT,2025-01-19T02:07:03.125061192Z,01JHY4K9FER6XRB7W1TQWF6D7M,2025-01-19T02:07:03.125061192Z,01JHY4SFABZBJMH8F1KCJXBXTK,2025-01-19T02:07:03.125061192Z
01JHY540WMSM6WVD6H121FQPKC,01JHY4G1QP39QP8KZ7PC4B76DW,2025-01-19T02:08:57.236930089Z,01JHY4G1QZJ42P1A2GWDKH8S88,2025-01-19T02:08:57.236930089Z,01JHY4HQRNMDZDA2D6SQ11KXPV,2025-01-19T02:08:57.236930089Z,01JHY540NBCRB05E78NQRM3RRB,2025-01-19T02:08:57.236930089Z
01JHY5A241SFQ6RTXDNH8MPKSB,01JHY4G1QP39QP8KZ7PC4B76DW,2025-01-19T02:12:15.105509585Z,01JHY4G1QZJ42P1A2GWDKH8S88,2025-01-19T02:12:15.105509585Z,01JHY4N2N8JGTQFEVFEF9AX95X,2025-01-19T02:12:15.105509585Z,01JHY540NDKAH66YDYSC2642Y3,2025-01-19T02:12:15.105509585Z
01JHY4SFJ900M5JHYDJ7R54J50,01JHY4FXZBBQ75H1XYVF2PRN4B,2025-01-19T02:03:11.817916465Z,01JHY4FXZPVRWCKZSPT5KXT3DT,2025-01-19T02:03:11.817916465Z,01JHY4HJ852FWGPSNG837FEZHA,2025-01-19T02:03:11.817916465Z,01JHY4SFA8VS1Q3NH517WF6D3C,2025-01-19T02:03:11.817916465Z
01JHY56QQQC0HQT9TPRW4BEKXE,01JHY4G1QP39QP8KZ7PC4B76DW,2025-01-19T02:10:26.167852334Z,01JHY4G1QZJ42P1A2GWDKH8S88,2025-01-19T02:10:26.167852334Z,01JHY4N2N8JGTQFEVFEF9AX95X,2025-01-19T02:10:26.167852334Z,01JHY540NBCRB05E78P8XW0NWH,2025-01-19T02:10:26.167852334Z
01JHY58JEAKZYPMW1QCBM92K9Y,01JHY4G1QP39QP8KZ7PC4B76DW,2025-01-19T02:11:26.282745197Z,01JHY4G1QZJ42P1A2GWDKH8S88,2025-01-19T02:11:26.282745197Z,01JHY4KR3S2N38PK53BK4EHF98,2025-01-19T02:11:26.282745197Z,01JHY540NC7ZB55A0EH9WDCP3V,2025-01-19T02:11:26.282745197Z
01JHY4VYP5PM66FKV2XE700H38,01JHY4FXZBBQ75H1XYVF2PRN4B,2025-01-19T02:04:32.837545717Z,01JHY4FXZPVRWCKZSPT5KXT3DT,2025-01-19T02:04:32.837545717Z,01JHY4JBQNN0PWA1HKEQEC44MD,2025-01-19T02:04:32.837545717Z,01JHY4SFAAT3Y26Z26YEQ0TQ1W,2025-01-19T02:04:32.837545717Z
01JHY4XSCH3G0T2PG0B0CADSRB,01JHY4FXZBBQ75H1XYVF2PRN4B,2025-01-19T02:05:32.945344026Z,01JHY4FXZPVRWCKZSPT5KXT3DT,2025-01-19T02:05:32.945344026Z,01JHY4HJ852FWGPSNG837FEZHA,2025-01-19T02:05:32.945344026Z,01JHY4SFAAT3Y26Z26YXR2S15X,2025-01-19T02:05:32.945344026Z
01JHY4ZM36RHGYF7X49DNB0T45,01JHY4FXZBBQ75H1XYVF2PRN4B,2025-01-19T02:06:33.062329278Z,01JHY4FXZPVRWCKZSPT5KXT3DT,2025-01-19T02:06:33.062329278Z,01JHY4HJ852FWGPSNG837FEZHA,2025-01-19T02:06:33.062329278Z,01JHY4SFAAT3Y26Z26ZKAVWT2F,2025-01-19T02:06:33.062329278Z
01JHY56QQP0K32X4DDFZE67H1A,01JHY4G1QP39QP8KZ7PC4B76DW,2025-01-19T02:10:26.166795048Z,01JHY4G1QZJ42P1A2GWDKH8S88,2025-01-19T02:10:26.166795048Z,01JHY4KR3S2N38PK53BK4EHF98,2025-01-19T02:10:26.166795048Z,01JHY540NBCRB05E78P8XW0NWH,2025-01-19T02:10:26.166795048Z
01JHY4YPQS43MY6T0XEG61DR8F,01JHY4FXZBBQ75H1XYVF2PRN4B,2025-01-19T02:06:03.001116131Z,01JHY4FXZPVRWCKZSPT5KXT3DT,2025-01-19T02:06:03.001116131Z,01JHY4K9FER6XRB7W1TQWF6D7M,2025-01-19T02:06:03.001116131Z,01JHY4SFABZBJMH8F1KZNFTBBP,2025-01-19T02:06:03.001116131Z
01JHY56QQQC0HQT9TPRJTBYHWY,01JHY4G1QP39QP8KZ7PC4B76DW,2025-01-19T02:10:26.167479761Z,01JHY4G1QZJ42P1A2GWDKH8S88,2025-01-19T02:10:26.167479761Z,01JHY4K2XYGQC63F02D7X533RD,2025-01-19T02:10:26.167479761Z,01JHY540NBCRB05E78P8XW0NWH,2025-01-19T02:10:26.167479761Z
