﻿id,status,statusLastChangedAt,lobbyConfig,lobbyConfigLastChangedAt,initialized,initializedLastChangedAt,endedReason,endedReasonLastChangedAt,config,configLastChangedAt
01HW6F4STBT3DTMXVQT70G0M5T,ended,2024-04-23T23:06:01.72737578Z,"{""name"":""Default shared ignore"",""kind"":""shared"",""duration"":300000000000,""strategy"":""ignore""}",2024-04-23T21:52:43.851674867Z,true,2024-04-23T21:52:43.877099505Z,all games finished,2024-04-23T23:06:01.72737578Z,"{""kind"":""complete"",""config"":{""treatments"":[{""treatment"":{""name"":""rerun-unidirectional- 0.3"",""factors"":{""condition"":""unidirectional"",""opinion"":""slider"",""playerCount"":4,""trueP"":0.3}},""count"":1}]}}",2024-04-23T21:52:43.851674867Z
01HW6F4X5GCQE97J0Y0JRET2S5,ended,2024-04-23T23:05:14.788029183Z,"{""name"":""Default shared ignore"",""kind"":""shared"",""duration"":300000000000,""strategy"":""ignore""}",2024-04-23T21:52:47.280723246Z,true,2024-04-23T21:52:47.290971724Z,all games finished,2024-04-23T23:05:14.788029183Z,"{""kind"":""complete"",""config"":{""treatments"":[{""treatment"":{""name"":""rerun-unidirectional- 0.3"",""factors"":{""condition"":""unidirectional"",""opinion"":""slider"",""playerCount"":4,""trueP"":0.3}},""count"":1}]}}",2024-04-23T21:52:47.280723246Z
01HW6F4XSTRTM739VYF2CS10CG,ended,2024-04-23T23:00:35.162787746Z,"{""name"":""Default shared ignore"",""kind"":""shared"",""duration"":300000000000,""strategy"":""ignore""}",2024-04-23T21:52:47.930912288Z,true,2024-04-23T21:52:47.93948365Z,all games finished,2024-04-23T23:00:35.162787746Z,"{""kind"":""complete"",""config"":{""treatments"":[{""treatment"":{""name"":""rerun-unidirectional- 0.3"",""factors"":{""condition"":""unidirectional"",""opinion"":""slider"",""playerCount"":4,""trueP"":0.3}},""count"":1}]}}",2024-04-23T21:52:47.930912288Z
01HW6F4YEE2DKHWTJ4T4PA6WP0,ended,2024-04-23T22:58:41.844374381Z,"{""name"":""Default shared ignore"",""kind"":""shared"",""duration"":300000000000,""strategy"":""ignore""}",2024-04-23T21:52:48.590232849Z,true,2024-04-23T21:52:48.598558739Z,all games finished,2024-04-23T22:58:41.844374381Z,"{""kind"":""complete"",""config"":{""treatments"":[{""treatment"":{""name"":""rerun-unidirectional- 0.3"",""factors"":{""condition"":""unidirectional"",""opinion"":""slider"",""playerCount"":4,""trueP"":0.3}},""count"":1}]}}",2024-04-23T21:52:48.590232849Z
01HW6F4Z30CDH2BWNDBWTG2QW2,ended,2024-04-23T22:58:51.631255077Z,"{""name"":""Default shared ignore"",""kind"":""shared"",""duration"":300000000000,""strategy"":""ignore""}",2024-04-23T21:52:49.2482843Z,true,2024-04-23T21:52:49.259034324Z,all games finished,2024-04-23T22:58:51.631255077Z,"{""kind"":""complete"",""config"":{""treatments"":[{""treatment"":{""name"":""rerun-unidirectional- 0.3"",""factors"":{""condition"":""unidirectional"",""opinion"":""slider"",""playerCount"":4,""trueP"":0.3}},""count"":1}]}}",2024-04-23T21:52:49.2482843Z
01HW6F4ZPKH4RC9BZVA5AYAA5P,ended,2024-04-23T22:56:33.363751452Z,"{""name"":""Default shared ignore"",""kind"":""shared"",""duration"":300000000000,""strategy"":""ignore""}",2024-04-23T21:52:49.87593666Z,true,2024-04-23T21:52:49.882949043Z,all games finished,2024-04-23T22:56:33.363751452Z,"{""kind"":""complete"",""config"":{""treatments"":[{""treatment"":{""name"":""rerun-unidirectional- 0.3"",""factors"":{""condition"":""unidirectional"",""opinion"":""slider"",""playerCount"":4,""trueP"":0.3}},""count"":1}]}}",2024-04-23T21:52:49.87593666Z
01HW6F50CMBM3JDT02CG8RFVR4,ended,2024-04-23T22:53:22.843038502Z,"{""name"":""Default shared ignore"",""kind"":""shared"",""duration"":300000000000,""strategy"":""ignore""}",2024-04-23T21:52:50.580520072Z,true,2024-04-23T21:52:50.589058396Z,all games finished,2024-04-23T22:53:22.843038502Z,"{""kind"":""complete"",""config"":{""treatments"":[{""treatment"":{""name"":""rerun-unidirectional- 0.3"",""factors"":{""condition"":""unidirectional"",""opinion"":""slider"",""playerCount"":4,""trueP"":0.3}},""count"":1}]}}",2024-04-23T21:52:50.580520072Z
01HW6F510ZP6N6TJC0FSXPT74W,ended,2024-04-23T22:55:24.982541299Z,"{""name"":""Default shared ignore"",""kind"":""shared"",""duration"":300000000000,""strategy"":""ignore""}",2024-04-23T21:52:51.231437109Z,true,2024-04-23T21:52:51.239589213Z,all games finished,2024-04-23T22:55:24.982541299Z,"{""kind"":""complete"",""config"":{""treatments"":[{""treatment"":{""name"":""rerun-unidirectional- 0.3"",""factors"":{""condition"":""unidirectional"",""opinion"":""slider"",""playerCount"":4,""trueP"":0.3}},""count"":1}]}}",2024-04-23T21:52:51.231437109Z
01HW6F51P4JYQR6N4R4Z44WMBR,ended,2024-04-23T22:53:51.375097153Z,"{""name"":""Default shared ignore"",""kind"":""shared"",""duration"":300000000000,""strategy"":""ignore""}",2024-04-23T21:52:51.908736521Z,true,2024-04-23T21:52:51.915526132Z,all games finished,2024-04-23T22:53:51.375097153Z,"{""kind"":""complete"",""config"":{""treatments"":[{""treatment"":{""name"":""rerun-unidirectional- 0.3"",""factors"":{""condition"":""unidirectional"",""opinion"":""slider"",""playerCount"":4,""trueP"":0.3}},""count"":1}]}}",2024-04-23T21:52:51.908736521Z
01HW6F52D67HBD6SFWZZD9KD2K,ended,2024-04-23T22:51:33.345327098Z,"{""name"":""Default shared ignore"",""kind"":""shared"",""duration"":300000000000,""strategy"":""ignore""}",2024-04-23T21:52:52.646661679Z,true,2024-04-23T21:52:52.655197939Z,all games finished,2024-04-23T22:51:33.345327098Z,"{""kind"":""complete"",""config"":{""treatments"":[{""treatment"":{""name"":""rerun-unidirectional- 0.3"",""factors"":{""condition"":""unidirectional"",""opinion"":""slider"",""playerCount"":4,""trueP"":0.3}},""count"":1}]}}",2024-04-23T21:52:52.646661679Z
01HW6F533EY65ZQS66RTSVWNM1,ended,2024-04-23T22:50:23.939753476Z,"{""name"":""Default shared ignore"",""kind"":""shared"",""duration"":300000000000,""strategy"":""ignore""}",2024-04-23T21:52:53.3583623Z,true,2024-04-23T21:52:53.367342038Z,all games finished,2024-04-23T22:50:23.939753476Z,"{""kind"":""complete"",""config"":{""treatments"":[{""treatment"":{""name"":""rerun-unidirectional- 0.3"",""factors"":{""condition"":""unidirectional"",""opinion"":""slider"",""playerCount"":4,""trueP"":0.3}},""count"":1}]}}",2024-04-23T21:52:53.3583623Z
01HW6F53QPE7XMX65NBKNBX5XA,ended,2024-04-23T22:48:55.94911516Z,"{""name"":""Default shared ignore"",""kind"":""shared"",""duration"":300000000000,""strategy"":""ignore""}",2024-04-23T21:52:54.006643749Z,true,2024-04-23T21:52:54.012732395Z,all games finished,2024-04-23T22:48:55.94911516Z,"{""kind"":""complete"",""config"":{""treatments"":[{""treatment"":{""name"":""rerun-unidirectional- 0.3"",""factors"":{""condition"":""unidirectional"",""opinion"":""slider"",""playerCount"":4,""trueP"":0.3}},""count"":1}]}}",2024-04-23T21:52:54.006643749Z
01HW6F54CQ3NJ67A0DFSGE6EGN,ended,2024-04-23T22:41:44.235007693Z,"{""name"":""Default shared ignore"",""kind"":""shared"",""duration"":300000000000,""strategy"":""ignore""}",2024-04-23T21:52:54.679343442Z,true,2024-04-23T21:52:54.687241618Z,all games finished,2024-04-23T22:41:44.235007693Z,"{""kind"":""complete"",""config"":{""treatments"":[{""treatment"":{""name"":""rerun-unidirectional- 0.3"",""factors"":{""condition"":""unidirectional"",""opinion"":""slider"",""playerCount"":4,""trueP"":0.3}},""count"":1}]}}",2024-04-23T21:52:54.679343442Z
01HW6F551QHR2QKMR5EN925PPA,ended,2024-04-23T22:40:30.229619732Z,"{""name"":""Default shared ignore"",""kind"":""shared"",""duration"":300000000000,""strategy"":""ignore""}",2024-04-23T21:52:55.351856668Z,true,2024-04-23T21:52:55.358263177Z,all games finished,2024-04-23T22:40:30.229619732Z,"{""kind"":""complete"",""config"":{""treatments"":[{""treatment"":{""name"":""rerun-unidirectional- 0.3"",""factors"":{""condition"":""unidirectional"",""opinion"":""slider"",""playerCount"":4,""trueP"":0.3}},""count"":1}]}}",2024-04-23T21:52:55.351856668Z
01HW6F55Q2MQN1DSFYE0PS68FA,ended,2024-04-23T22:36:06.37055823Z,"{""name"":""Default shared ignore"",""kind"":""shared"",""duration"":300000000000,""strategy"":""ignore""}",2024-04-23T21:52:56.03456459Z,true,2024-04-23T21:52:56.041148108Z,all games finished,2024-04-23T22:36:06.37055823Z,"{""kind"":""complete"",""config"":{""treatments"":[{""treatment"":{""name"":""rerun-unidirectional- 0.3"",""factors"":{""condition"":""unidirectional"",""opinion"":""slider"",""playerCount"":4,""trueP"":0.3}},""count"":1}]}}",2024-04-23T21:52:56.03456459Z
01HW6F56BN3Y1B0JKW2NZTG27P,ended,2024-04-23T22:34:54.534717626Z,"{""name"":""Default shared ignore"",""kind"":""shared"",""duration"":300000000000,""strategy"":""ignore""}",2024-04-23T21:52:56.693818331Z,true,2024-04-23T21:52:56.699698456Z,all games finished,2024-04-23T22:34:54.534717626Z,"{""kind"":""complete"",""config"":{""treatments"":[{""treatment"":{""name"":""rerun-unidirectional- 0.3"",""factors"":{""condition"":""unidirectional"",""opinion"":""slider"",""playerCount"":4,""trueP"":0.3}},""count"":1}]}}",2024-04-23T21:52:56.693818331Z
01HW6F572YWGSABS4SQNYM6TX4,ended,2024-04-23T22:30:39.143622841Z,"{""name"":""Default shared ignore"",""kind"":""shared"",""duration"":300000000000,""strategy"":""ignore""}",2024-04-23T21:52:57.438226226Z,true,2024-04-23T21:52:57.448273039Z,all games finished,2024-04-23T22:30:39.143622841Z,"{""kind"":""complete"",""config"":{""treatments"":[{""treatment"":{""name"":""rerun-unidirectional- 0.3"",""factors"":{""condition"":""unidirectional"",""opinion"":""slider"",""playerCount"":4,""trueP"":0.3}},""count"":1}]}}",2024-04-23T21:52:57.438226226Z
01HW6F57QPE2T6T5TAW0D0X5C9,ended,2024-04-23T22:29:02.76797288Z,"{""name"":""Default shared ignore"",""kind"":""shared"",""duration"":300000000000,""strategy"":""ignore""}",2024-04-23T21:52:58.102419771Z,true,2024-04-23T21:52:58.109660986Z,all games finished,2024-04-23T22:29:02.76797288Z,"{""kind"":""complete"",""config"":{""treatments"":[{""treatment"":{""name"":""rerun-unidirectional- 0.3"",""factors"":{""condition"":""unidirectional"",""opinion"":""slider"",""playerCount"":4,""trueP"":0.3}},""count"":1}]}}",2024-04-23T21:52:58.102419771Z
01HW6F58JPAG9RYXCWV7GRKYQB,ended,2024-04-23T22:27:46.982981902Z,"{""name"":""Default shared ignore"",""kind"":""shared"",""duration"":300000000000,""strategy"":""ignore""}",2024-04-23T21:52:58.966660831Z,true,2024-04-23T21:52:58.973111792Z,all games finished,2024-04-23T22:27:46.982981902Z,"{""kind"":""complete"",""config"":{""treatments"":[{""treatment"":{""name"":""rerun-unidirectional- 0.3"",""factors"":{""condition"":""unidirectional"",""opinion"":""slider"",""playerCount"":4,""trueP"":0.3}},""count"":1}]}}",2024-04-23T21:52:58.966660831Z
01HW6F599KGC5NRFXCDVVZX845,ended,2024-04-23T22:20:54.641300281Z,"{""name"":""Default shared ignore"",""kind"":""shared"",""duration"":300000000000,""strategy"":""ignore""}",2024-04-23T21:52:59.699698126Z,true,2024-04-23T21:52:59.706694559Z,all games finished,2024-04-23T22:20:54.641300281Z,"{""kind"":""complete"",""config"":{""treatments"":[{""treatment"":{""name"":""rerun-unidirectional- 0.3"",""factors"":{""condition"":""unidirectional"",""opinion"":""slider"",""playerCount"":4,""trueP"":0.3}},""count"":1}]}}",2024-04-23T21:52:59.699698126Z
01HW6F59ZF307EV6Q8E1CWQJTW,ended,2024-04-23T22:15:36.73474617Z,"{""name"":""Default shared ignore"",""kind"":""shared"",""duration"":300000000000,""strategy"":""ignore""}",2024-04-23T21:53:00.399744711Z,true,2024-04-23T21:53:00.408856484Z,all games finished,2024-04-23T22:15:36.73474617Z,"{""kind"":""complete"",""config"":{""treatments"":[{""treatment"":{""name"":""rerun-unidirectional- 0.3"",""factors"":{""condition"":""unidirectional"",""opinion"":""slider"",""playerCount"":4,""trueP"":0.3}},""count"":1}]}}",2024-04-23T21:53:00.399744711Z
01HW6H9Z2QKVGPEQ6K2E1TXS4Z,ended,2024-04-23T22:44:36.089224573Z,"{""name"":""Default shared ignore"",""kind"":""shared"",""duration"":300000000000,""strategy"":""ignore""}",2024-04-23T22:30:30.232049463Z,true,2024-04-23T22:30:30.281155866Z,all games finished,2024-04-23T22:44:36.089224573Z,"{""kind"":""complete"",""config"":{""treatments"":[{""treatment"":{""name"":""rerun-unidirectional- 0.3"",""factors"":{""condition"":""unidirectional"",""opinion"":""slider"",""playerCount"":4,""trueP"":0.3}},""count"":1}]}}",2024-04-23T22:30:30.232049463Z
01HW6HBPR4RQRR7YTQ8EMAPG5W,ended,2024-04-23T22:44:27.38969398Z,"{""name"":""Default shared ignore"",""kind"":""shared"",""duration"":300000000000,""strategy"":""ignore""}",2024-04-23T22:31:27.236372107Z,true,2024-04-23T22:31:27.258775221Z,all games finished,2024-04-23T22:44:27.38969398Z,"{""kind"":""complete"",""config"":{""treatments"":[{""treatment"":{""name"":""rerun-unidirectional- 0.3"",""factors"":{""condition"":""unidirectional"",""opinion"":""slider"",""playerCount"":4,""trueP"":0.3}},""count"":1}]}}",2024-04-23T22:31:27.236372107Z
01HW6HQNTFJC9E7VZNKAHHTJKJ,ended,2024-04-23T22:50:43.141204543Z,"{""name"":""Default shared ignore"",""kind"":""shared"",""duration"":300000000000,""strategy"":""ignore""}",2024-04-23T22:37:59.503649871Z,true,2024-04-23T22:37:59.523045751Z,all games finished,2024-04-23T22:50:43.141204543Z,"{""kind"":""complete"",""config"":{""treatments"":[{""treatment"":{""name"":""rerun-unidirectional- 0.3"",""factors"":{""condition"":""unidirectional"",""opinion"":""slider"",""playerCount"":4,""trueP"":0.3}},""count"":1}]}}",2024-04-23T22:37:59.503649871Z
01HW6J8B421FRYZFC9GVJHA0Q1,ended,2024-04-23T23:01:43.00046875Z,"{""name"":""Default shared ignore"",""kind"":""shared"",""duration"":300000000000,""strategy"":""ignore""}",2024-04-23T22:47:05.603035263Z,true,2024-04-23T22:47:05.71186113Z,all games finished,2024-04-23T23:01:43.00046875Z,"{""kind"":""complete"",""config"":{""treatments"":[{""treatment"":{""name"":""rerun-unidirectional- 0.3"",""factors"":{""condition"":""unidirectional"",""opinion"":""slider"",""playerCount"":4,""trueP"":0.3}},""count"":1}]}}",2024-04-23T22:47:05.603035263Z
01HW6J8CY7K3PFP2G1T65172RG,ended,2024-04-23T23:01:40.086269821Z,"{""name"":""Default shared ignore"",""kind"":""shared"",""duration"":300000000000,""strategy"":""ignore""}",2024-04-23T22:47:07.463785728Z,true,2024-04-23T22:47:07.516575024Z,all games finished,2024-04-23T23:01:40.086269821Z,"{""kind"":""complete"",""config"":{""treatments"":[{""treatment"":{""name"":""rerun-unidirectional- 0.3"",""factors"":{""condition"":""unidirectional"",""opinion"":""slider"",""playerCount"":4,""trueP"":0.3}},""count"":1}]}}",2024-04-23T22:47:07.463785728Z
01HW6JJETTNF7SD7X1R6ESQP8E,ended,2024-04-23T23:09:58.192388593Z,"{""name"":""Default shared ignore"",""kind"":""shared"",""duration"":300000000000,""strategy"":""ignore""}",2024-04-23T22:52:37.082203762Z,true,2024-04-23T22:52:37.295042034Z,all games finished,2024-04-23T23:09:58.192388593Z,"{""kind"":""complete"",""config"":{""treatments"":[{""treatment"":{""name"":""rerun-unidirectional- 0.7"",""factors"":{""condition"":""unidirectional"",""opinion"":""slider"",""playerCount"":4,""trueP"":0.7}},""count"":1}]}}",2024-04-23T22:52:37.082203762Z
01HW6JM3JBQAWEH9ETG2QDYWMB,created,2024-04-23T22:53:31.083236038Z,"{""name"":""Default shared ignore"",""kind"":""shared"",""duration"":300000000000,""strategy"":""ignore""}",2024-04-23T22:53:31.083236038Z,true,2024-04-23T22:53:31.168978098Z,,,"{""kind"":""complete"",""config"":{""treatments"":[{""treatment"":{""name"":""rerun-unidirectional- 0.7"",""factors"":{""condition"":""unidirectional"",""opinion"":""slider"",""playerCount"":4,""trueP"":0.7}},""count"":1}]}}",2024-04-23T22:53:31.083236038Z
01HW6JM58NSQ8QSXD185YDTXQZ,created,2024-04-23T22:53:32.821262943Z,"{""name"":""Default shared ignore"",""kind"":""shared"",""duration"":300000000000,""strategy"":""ignore""}",2024-04-23T22:53:32.821262943Z,true,2024-04-23T22:53:32.87154762Z,,,"{""kind"":""complete"",""config"":{""treatments"":[{""treatment"":{""name"":""rerun-unidirectional- 0.7"",""factors"":{""condition"":""unidirectional"",""opinion"":""slider"",""playerCount"":4,""trueP"":0.7}},""count"":1}]}}",2024-04-23T22:53:32.821262943Z
01HW6JM624HHB903YG81Y1TKKZ,created,2024-04-23T22:53:33.63696413Z,"{""name"":""Default shared ignore"",""kind"":""shared"",""duration"":300000000000,""strategy"":""ignore""}",2024-04-23T22:53:33.63696413Z,true,2024-04-23T22:53:33.772011343Z,,,"{""kind"":""complete"",""config"":{""treatments"":[{""treatment"":{""name"":""rerun-unidirectional- 0.7"",""factors"":{""condition"":""unidirectional"",""opinion"":""slider"",""playerCount"":4,""trueP"":0.7}},""count"":1}]}}",2024-04-23T22:53:33.63696413Z
01HW6JM6XPJ7DX8NG17JH89K0N,created,2024-04-23T22:53:34.518345802Z,"{""name"":""Default shared ignore"",""kind"":""shared"",""duration"":300000000000,""strategy"":""ignore""}",2024-04-23T22:53:34.518345802Z,true,2024-04-23T22:53:34.630979146Z,,,"{""kind"":""complete"",""config"":{""treatments"":[{""treatment"":{""name"":""rerun-unidirectional- 0.7"",""factors"":{""condition"":""unidirectional"",""opinion"":""slider"",""playerCount"":4,""trueP"":0.7}},""count"":1}]}}",2024-04-23T22:53:34.518345802Z
01HW6JM7P8J1MJQ8S51JAYQX4X,created,2024-04-23T22:53:35.304893109Z,"{""name"":""Default shared ignore"",""kind"":""shared"",""duration"":300000000000,""strategy"":""ignore""}",2024-04-23T22:53:35.304893109Z,true,2024-04-23T22:53:35.412886604Z,,,"{""kind"":""complete"",""config"":{""treatments"":[{""treatment"":{""name"":""rerun-unidirectional- 0.7"",""factors"":{""condition"":""unidirectional"",""opinion"":""slider"",""playerCount"":4,""trueP"":0.7}},""count"":1}]}}",2024-04-23T22:53:35.304893109Z
01HW6JM8ETM3QD1GHBFJBKWPRM,created,2024-04-23T22:53:36.090071973Z,"{""name"":""Default shared ignore"",""kind"":""shared"",""duration"":300000000000,""strategy"":""ignore""}",2024-04-23T22:53:36.090071973Z,true,2024-04-23T22:53:36.21957631Z,,,"{""kind"":""complete"",""config"":{""treatments"":[{""treatment"":{""name"":""rerun-unidirectional- 0.7"",""factors"":{""condition"":""unidirectional"",""opinion"":""slider"",""playerCount"":4,""trueP"":0.7}},""count"":1}]}}",2024-04-23T22:53:36.090071973Z
01HW6JM96BKBG471ARHFNYC0XC,created,2024-04-23T22:53:36.843738215Z,"{""name"":""Default shared ignore"",""kind"":""shared"",""duration"":300000000000,""strategy"":""ignore""}",2024-04-23T22:53:36.843738215Z,true,2024-04-23T22:53:36.947178992Z,,,"{""kind"":""complete"",""config"":{""treatments"":[{""treatment"":{""name"":""rerun-unidirectional- 0.7"",""factors"":{""condition"":""unidirectional"",""opinion"":""slider"",""playerCount"":4,""trueP"":0.7}},""count"":1}]}}",2024-04-23T22:53:36.843738215Z
01HW6JM9XFPBG4E1R3KGD1DR49,created,2024-04-23T22:53:37.583979104Z,"{""name"":""Default shared ignore"",""kind"":""shared"",""duration"":300000000000,""strategy"":""ignore""}",2024-04-23T22:53:37.583979104Z,true,2024-04-23T22:53:37.830359367Z,,,"{""kind"":""complete"",""config"":{""treatments"":[{""treatment"":{""name"":""rerun-unidirectional- 0.7"",""factors"":{""condition"":""unidirectional"",""opinion"":""slider"",""playerCount"":4,""trueP"":0.7}},""count"":1}]}}",2024-04-23T22:53:37.583979104Z
01HW6JMAP7DHTN2TVD9XV0VFW8,running,2024-04-23T23:25:24.247617848Z,"{""name"":""Default shared ignore"",""kind"":""shared"",""duration"":300000000000,""strategy"":""ignore""}",2024-04-23T22:53:38.375319633Z,true,2024-04-23T22:53:38.603848988Z,,,"{""kind"":""complete"",""config"":{""treatments"":[{""treatment"":{""name"":""rerun-unidirectional- 0.7"",""factors"":{""condition"":""unidirectional"",""opinion"":""slider"",""playerCount"":4,""trueP"":0.7}},""count"":1}]}}",2024-04-23T22:53:38.375319633Z
01HW6JMBGM8RVA3666S0JT0GES,running,2024-04-23T23:24:10.718465567Z,"{""name"":""Default shared ignore"",""kind"":""shared"",""duration"":300000000000,""strategy"":""ignore""}",2024-04-23T22:53:39.220552961Z,true,2024-04-23T22:53:39.726885891Z,,,"{""kind"":""complete"",""config"":{""treatments"":[{""treatment"":{""name"":""rerun-unidirectional- 0.7"",""factors"":{""condition"":""unidirectional"",""opinion"":""slider"",""playerCount"":4,""trueP"":0.7}},""count"":1}]}}",2024-04-23T22:53:39.220552961Z
01HW6JMCGN6JK405EBJS2RCW2B,running,2024-04-23T23:22:51.727660236Z,"{""name"":""Default shared ignore"",""kind"":""shared"",""duration"":300000000000,""strategy"":""ignore""}",2024-04-23T22:53:40.245346872Z,true,2024-04-23T22:53:40.489137675Z,,,"{""kind"":""complete"",""config"":{""treatments"":[{""treatment"":{""name"":""rerun-unidirectional- 0.7"",""factors"":{""condition"":""unidirectional"",""opinion"":""slider"",""playerCount"":4,""trueP"":0.7}},""count"":1}]}}",2024-04-23T22:53:40.245346872Z
01HW6JMD20581RQ3TGG9ZSXG7G,running,2024-04-23T23:21:44.375052773Z,"{""name"":""Default shared ignore"",""kind"":""shared"",""duration"":300000000000,""strategy"":""ignore""}",2024-04-23T22:53:40.800721282Z,true,2024-04-23T22:53:41.393618244Z,,,"{""kind"":""complete"",""config"":{""treatments"":[{""treatment"":{""name"":""rerun-unidirectional- 0.7"",""factors"":{""condition"":""unidirectional"",""opinion"":""slider"",""playerCount"":4,""trueP"":0.7}},""count"":1}]}}",2024-04-23T22:53:40.800721282Z
01HW6JMEBATVN73XCA8RGXZX6H,running,2024-04-23T23:18:51.483190183Z,"{""name"":""Default shared ignore"",""kind"":""shared"",""duration"":300000000000,""strategy"":""ignore""}",2024-04-23T22:53:42.122906825Z,true,2024-04-23T22:53:43.104125747Z,,,"{""kind"":""complete"",""config"":{""treatments"":[{""treatment"":{""name"":""rerun-unidirectional- 0.7"",""factors"":{""condition"":""unidirectional"",""opinion"":""slider"",""playerCount"":4,""trueP"":0.7}},""count"":1}]}}",2024-04-23T22:53:42.122906825Z
01HW6JMFNFYWE1S13PR7ZJS6JV,running,2024-04-23T23:14:14.078614689Z,"{""name"":""Default shared ignore"",""kind"":""shared"",""duration"":300000000000,""strategy"":""ignore""}",2024-04-23T22:53:43.47194725Z,true,2024-04-23T22:53:44.188054669Z,,,"{""kind"":""complete"",""config"":{""treatments"":[{""treatment"":{""name"":""rerun-unidirectional- 0.7"",""factors"":{""condition"":""unidirectional"",""opinion"":""slider"",""playerCount"":4,""trueP"":0.7}},""count"":1}]}}",2024-04-23T22:53:43.47194725Z
01HW6JMFWP7CJ9D07B37DP17VK,running,2024-04-23T23:13:08.726613598Z,"{""name"":""Default shared ignore"",""kind"":""shared"",""duration"":300000000000,""strategy"":""ignore""}",2024-04-23T22:53:43.702538286Z,true,2024-04-23T22:53:44.844996733Z,,,"{""kind"":""complete"",""config"":{""treatments"":[{""treatment"":{""name"":""rerun-unidirectional- 0.7"",""factors"":{""condition"":""unidirectional"",""opinion"":""slider"",""playerCount"":4,""trueP"":0.7}},""count"":1}]}}",2024-04-23T22:53:43.702538286Z
01HW6JMGKTG6X3MY958TE9F7CE,running,2024-04-23T23:08:54.633471529Z,"{""name"":""Default shared ignore"",""kind"":""shared"",""duration"":300000000000,""strategy"":""ignore""}",2024-04-23T22:53:44.442780676Z,true,2024-04-23T22:53:45.201053545Z,,,"{""kind"":""complete"",""config"":{""treatments"":[{""treatment"":{""name"":""rerun-unidirectional- 0.7"",""factors"":{""condition"":""unidirectional"",""opinion"":""slider"",""playerCount"":4,""trueP"":0.7}},""count"":1}]}}",2024-04-23T22:53:44.442780676Z
01HW6JMHHFJS67T32XGYY52TPG,running,2024-04-23T23:06:31.474470845Z,"{""name"":""Default shared ignore"",""kind"":""shared"",""duration"":300000000000,""strategy"":""ignore""}",2024-04-23T22:53:45.391094575Z,true,2024-04-23T22:53:46.246361345Z,,,"{""kind"":""complete"",""config"":{""treatments"":[{""treatment"":{""name"":""rerun-unidirectional- 0.7"",""factors"":{""condition"":""unidirectional"",""opinion"":""slider"",""playerCount"":4,""trueP"":0.7}},""count"":1}]}}",2024-04-23T22:53:45.391094575Z
01HW6JMJGJK3NF01HT3C878NG9,ended,2024-04-23T23:19:55.495675479Z,"{""name"":""Default shared ignore"",""kind"":""shared"",""duration"":300000000000,""strategy"":""ignore""}",2024-04-23T22:53:46.386818329Z,true,2024-04-23T22:53:47.177678161Z,all games finished,2024-04-23T23:19:55.495675479Z,"{""kind"":""complete"",""config"":{""treatments"":[{""treatment"":{""name"":""rerun-unidirectional- 0.7"",""factors"":{""condition"":""unidirectional"",""opinion"":""slider"",""playerCount"":4,""trueP"":0.7}},""count"":1}]}}",2024-04-23T22:53:46.386818329Z
01HW6JMJXB711V8KAYJQPKDJC7,ended,2024-04-23T23:19:19.798973913Z,"{""name"":""Default shared ignore"",""kind"":""shared"",""duration"":300000000000,""strategy"":""ignore""}",2024-04-23T22:53:46.795727638Z,true,2024-04-23T22:53:47.701419702Z,all games finished,2024-04-23T23:19:19.798973913Z,"{""kind"":""complete"",""config"":{""treatments"":[{""treatment"":{""name"":""rerun-unidirectional- 0.7"",""factors"":{""condition"":""unidirectional"",""opinion"":""slider"",""playerCount"":4,""trueP"":0.7}},""count"":1}]}}",2024-04-23T22:53:46.795727638Z
01HW6JMKJPFM1JM5FAYXJRRQW0,ended,2024-04-23T23:11:08.857482066Z,"{""name"":""Default shared ignore"",""kind"":""shared"",""duration"":300000000000,""strategy"":""ignore""}",2024-04-23T22:53:47.479005569Z,true,2024-04-23T22:53:48.165678333Z,all games finished,2024-04-23T23:11:08.857482066Z,"{""kind"":""complete"",""config"":{""treatments"":[{""treatment"":{""name"":""rerun-unidirectional- 0.7"",""factors"":{""condition"":""unidirectional"",""opinion"":""slider"",""playerCount"":4,""trueP"":0.7}},""count"":1}]}}",2024-04-23T22:53:47.479005569Z
01HW6JMN7K1DPPMKY8CP68QQBM,terminated,2024-04-23T22:54:16.563542907Z,"{""name"":""Default shared ignore"",""kind"":""shared"",""duration"":300000000000,""strategy"":""ignore""}",2024-04-23T22:53:49.171410365Z,true,2024-04-23T22:53:49.664264681Z,,,"{""kind"":""complete"",""config"":{""treatments"":[{""treatment"":{""name"":""rerun-unidirectional- 0.3"",""factors"":{""condition"":""unidirectional"",""opinion"":""slider"",""playerCount"":4,""trueP"":0.3}},""count"":1}]}}",2024-04-23T22:53:49.171410365Z
01HW6JXS7G44K8589R0NHBRBVM,terminated,2024-04-23T22:59:37.581173648Z,"{""name"":""Default shared ignore"",""kind"":""shared"",""duration"":300000000000,""strategy"":""ignore""}",2024-04-23T22:58:48.17674923Z,true,2024-04-23T22:58:49.736166503Z,,,"{""kind"":""complete"",""config"":{""treatments"":[{""treatment"":{""name"":""rerun-unidirectional- 0.3"",""factors"":{""condition"":""unidirectional"",""opinion"":""slider"",""playerCount"":4,""trueP"":0.3}},""count"":1}]}}",2024-04-23T22:58:48.17674923Z
01HW6K6SKRK3PTR4PF06KZRZRD,terminated,2024-04-23T23:06:42.622883676Z,"{""name"":""Default shared ignore"",""kind"":""shared"",""duration"":300000000000,""strategy"":""ignore""}",2024-04-23T23:03:43.480590025Z,true,2024-04-23T23:03:43.674207188Z,,,"{""kind"":""complete"",""config"":{""treatments"":[{""treatment"":{""name"":""rerun-unidirectional- 0.3"",""factors"":{""condition"":""unidirectional"",""opinion"":""slider"",""playerCount"":4,""trueP"":0.3}},""count"":1}]}}",2024-04-23T23:03:43.480590025Z
01HW6M47C9CM13MFNCMNAM2BBV,running,2024-04-23T23:20:49.407596519Z,"{""name"":""Default shared ignore"",""kind"":""shared"",""duration"":300000000000,""strategy"":""ignore""}",2024-04-23T23:19:47.849734665Z,true,2024-04-23T23:19:49.498496747Z,,,"{""kind"":""complete"",""config"":{""treatments"":[{""treatment"":{""name"":""rerun-unidirectional- 0.7"",""factors"":{""condition"":""unidirectional"",""opinion"":""slider"",""playerCount"":4,""trueP"":0.7}},""count"":1}]}}",2024-04-23T23:19:47.849734665Z
