id,task,taskLastChangedAt,name,nameLastChangedAt,index,indexLastChangedAt,idx,idxLastChangedAt,gameID,gameIDLastChangedAt,start,startLastChangedAt,stageIndex,stageIndexLastChangedAt,batchID,batchIDLastChangedAt,ended,endedLastChangedAt
01HWBAF6N6FZAN5DNNYN7ND6XQ,Chat,2024-04-25T19:07:13.958325642Z,Round 1 / 12,2024-04-25T19:07:13.958325642Z,0,2024-04-25T19:07:13.958325642Z,1,2024-04-25T19:07:13.958325642Z,01HWB9SVS4SMWJV23JC4ZSHMT9,2024-04-25T19:07:13.958325642Z,true,2024-04-25T19:07:14.356277621Z,2,2024-04-25T19:07:14.304730918Z,01HWB9SVREZ53JJBCFE6H2KTE8,2024-04-25T19:07:13.958325642Z,true,2024-04-25T19:08:00.343388016Z
01HWBAF6N8MVYAQ1298112DKNA,Chat,2024-04-25T19:07:13.960097693Z,Round 2 / 12,2024-04-25T19:07:13.960097693Z,1,2024-04-25T19:07:13.960097693Z,2,2024-04-25T19:07:13.960097693Z,01HWB9SVS4SMWJV23JC4ZSHMT9,2024-04-25T19:07:13.960097693Z,true,2024-04-25T19:08:00.355050747Z,2,2024-04-25T19:07:14.15412037Z,01HWB9SVREZ53JJBCFE6H2KTE8,2024-04-25T19:07:13.960097693Z,true,2024-04-25T19:08:37.991075497Z
01HWBAF6N8MVYAQ1298J11RXBR,Chat,2024-04-25T19:07:13.960606681Z,Round 7 / 12,2024-04-25T19:07:13.960606681Z,6,2024-04-25T19:07:13.960606681Z,7,2024-04-25T19:07:13.960606681Z,01HWB9SVS4SMWJV23JC4ZSHMT9,2024-04-25T19:07:13.960606681Z,false,2024-04-25T19:07:13.960606681Z,2,2024-04-25T19:07:14.211851673Z,01HWB9SVREZ53JJBCFE6H2KTE8,2024-04-25T19:07:13.960606681Z,false,2024-04-25T19:07:13.960606681Z
01HWBAF6N8MVYAQ12996B1ACHE,Chat,2024-04-25T19:07:13.960951815Z,Round 4 / 12,2024-04-25T19:07:13.960951815Z,3,2024-04-25T19:07:13.960951815Z,4,2024-04-25T19:07:13.960951815Z,01HWB9SVS4SMWJV23JC4ZSHMT9,2024-04-25T19:07:13.960951815Z,true,2024-04-25T19:09:16.772956101Z,2,2024-04-25T19:07:14.304730918Z,01HWB9SVREZ53JJBCFE6H2KTE8,2024-04-25T19:07:13.960951815Z,true,2024-04-25T19:09:48.277092539Z
01HWBAF6N94SDWNFNEZAY0EG1D,Chat,2024-04-25T19:07:13.961201217Z,Round 10 / 12,2024-04-25T19:07:13.961201217Z,9,2024-04-25T19:07:13.961201217Z,10,2024-04-25T19:07:13.961201217Z,01HWB9SVS4SMWJV23JC4ZSHMT9,2024-04-25T19:07:13.961201217Z,false,2024-04-25T19:07:13.961201217Z,2,2024-04-25T19:07:14.230441935Z,01HWB9SVREZ53JJBCFE6H2KTE8,2024-04-25T19:07:13.961201217Z,false,2024-04-25T19:07:13.961201217Z
01HWBAF6N94SDWNFNEZNPB01HV,Chat,2024-04-25T19:07:13.961502108Z,Round 3 / 12,2024-04-25T19:07:13.961502108Z,2,2024-04-25T19:07:13.961502108Z,3,2024-04-25T19:07:13.961502108Z,01HWB9SVS4SMWJV23JC4ZSHMT9,2024-04-25T19:07:13.961502108Z,true,2024-04-25T19:08:38.003869166Z,2,2024-04-25T19:07:14.1970877Z,01HWB9SVREZ53JJBCFE6H2KTE8,2024-04-25T19:07:13.961502108Z,true,2024-04-25T19:09:16.761058718Z
01HWBAF6NC2R8JVQQVKGTVTW95,Chat,2024-04-25T19:07:13.964587448Z,Round 5 / 12,2024-04-25T19:07:13.964587448Z,4,2024-04-25T19:07:13.964587448Z,5,2024-04-25T19:07:13.964587448Z,01HWB9SVS4SMWJV23JC4ZSHMT9,2024-04-25T19:07:13.964587448Z,false,2024-04-25T19:07:13.964587448Z,2,2024-04-25T19:07:14.205278565Z,01HWB9SVREZ53JJBCFE6H2KTE8,2024-04-25T19:07:13.964587448Z,false,2024-04-25T19:07:13.964587448Z
01HWBAF6NEGKF8Z52JA2T2BSHE,Chat,2024-04-25T19:07:13.966908172Z,Round 9 / 12,2024-04-25T19:07:13.966908172Z,8,2024-04-25T19:07:13.966908172Z,9,2024-04-25T19:07:13.966908172Z,01HWB9SVS4SMWJV23JC4ZSHMT9,2024-04-25T19:07:13.966908172Z,false,2024-04-25T19:07:13.966908172Z,2,2024-04-25T19:07:14.230441935Z,01HWB9SVREZ53JJBCFE6H2KTE8,2024-04-25T19:07:13.966908172Z,false,2024-04-25T19:07:13.966908172Z
01HWBAF6NFNKV558ARJVB9SJSB,Chat,2024-04-25T19:07:13.968782559Z,Round 12 / 12,2024-04-25T19:07:13.968782559Z,11,2024-04-25T19:07:13.968782559Z,12,2024-04-25T19:07:13.968782559Z,01HWB9SVS4SMWJV23JC4ZSHMT9,2024-04-25T19:07:13.968782559Z,false,2024-04-25T19:07:13.968782559Z,2,2024-04-25T19:07:14.1970877Z,01HWB9SVREZ53JJBCFE6H2KTE8,2024-04-25T19:07:13.968782559Z,false,2024-04-25T19:07:13.968782559Z
01HWBAF6NG8V6P2WKHMGAH0RXE,Chat,2024-04-25T19:07:13.969036113Z,Round 8 / 12,2024-04-25T19:07:13.969036113Z,7,2024-04-25T19:07:13.969036113Z,8,2024-04-25T19:07:13.969036113Z,01HWB9SVS4SMWJV23JC4ZSHMT9,2024-04-25T19:07:13.969036113Z,false,2024-04-25T19:07:13.969036113Z,2,2024-04-25T19:07:14.230441935Z,01HWB9SVREZ53JJBCFE6H2KTE8,2024-04-25T19:07:13.969036113Z,false,2024-04-25T19:07:13.969036113Z
01HWBAF6NHH4CBDD4CAKAS0NT1,Chat,2024-04-25T19:07:13.969407559Z,Round 6 / 12,2024-04-25T19:07:13.969407559Z,5,2024-04-25T19:07:13.969407559Z,6,2024-04-25T19:07:13.969407559Z,01HWB9SVS4SMWJV23JC4ZSHMT9,2024-04-25T19:07:13.969407559Z,false,2024-04-25T19:07:13.969407559Z,2,2024-04-25T19:07:14.125549772Z,01HWB9SVREZ53JJBCFE6H2KTE8,2024-04-25T19:07:13.969407559Z,false,2024-04-25T19:07:13.969407559Z
01HWBAF6NHH4CBDD4CBCA1T5DR,Chat,2024-04-25T19:07:13.969894569Z,Round 11 / 12,2024-04-25T19:07:13.969894569Z,10,2024-04-25T19:07:13.969894569Z,11,2024-04-25T19:07:13.969894569Z,01HWB9SVS4SMWJV23JC4ZSHMT9,2024-04-25T19:07:13.969894569Z,false,2024-04-25T19:07:13.969894569Z,2,2024-04-25T19:07:14.237374866Z,01HWB9SVREZ53JJBCFE6H2KTE8,2024-04-25T19:07:13.969894569Z,false,2024-04-25T19:07:13.969894569Z
01HWBAHNC6SY5M104TM4T6V4GF,Chat,2024-04-25T19:08:34.566671272Z,Round 2 / 12,2024-04-25T19:08:34.566671272Z,1,2024-04-25T19:08:34.566671272Z,2,2024-04-25T19:08:34.566671272Z,01HWB9SVS34WVVX651QBHPKKY0,2024-04-25T19:08:34.566671272Z,true,2024-04-25T19:09:26.299053589Z,2,2024-04-25T19:08:34.892654294Z,01HWB9SVREZ53JJBCFE6H2KTE8,2024-04-25T19:08:34.566671272Z,true,2024-04-25T19:09:48.289723434Z
01HWBAHNC7JK7N6CVQT5ND51Z8,Chat,2024-04-25T19:08:34.567058585Z,Round 1 / 12,2024-04-25T19:08:34.567058585Z,0,2024-04-25T19:08:34.567058585Z,1,2024-04-25T19:08:34.567058585Z,01HWB9SVS34WVVX651QBHPKKY0,2024-04-25T19:08:34.567058585Z,true,2024-04-25T19:08:34.952980132Z,2,2024-04-25T19:08:34.893994335Z,01HWB9SVREZ53JJBCFE6H2KTE8,2024-04-25T19:08:34.567058585Z,true,2024-04-25T19:09:26.268130352Z
01HWBAHNC8EB5CQKQEXM0ZEG4E,Chat,2024-04-25T19:08:34.568957438Z,Round 7 / 12,2024-04-25T19:08:34.568957438Z,6,2024-04-25T19:08:34.568957438Z,7,2024-04-25T19:08:34.568957438Z,01HWB9SVS34WVVX651QBHPKKY0,2024-04-25T19:08:34.568957438Z,false,2024-04-25T19:08:34.568957438Z,2,2024-04-25T19:08:34.652489195Z,01HWB9SVREZ53JJBCFE6H2KTE8,2024-04-25T19:08:34.568957438Z,false,2024-04-25T19:08:34.568957438Z
01HWBAHNC9MJW2D8719NPFDEVG,Chat,2024-04-25T19:08:34.569348648Z,Round 5 / 12,2024-04-25T19:08:34.569348648Z,4,2024-04-25T19:08:34.569348648Z,5,2024-04-25T19:08:34.569348648Z,01HWB9SVS34WVVX651QBHPKKY0,2024-04-25T19:08:34.569348648Z,false,2024-04-25T19:08:34.569348648Z,2,2024-04-25T19:08:34.744854043Z,01HWB9SVREZ53JJBCFE6H2KTE8,2024-04-25T19:08:34.569348648Z,false,2024-04-25T19:08:34.569348648Z
01HWBAHNC9MJW2D871A1XC3AGN,Chat,2024-04-25T19:08:34.569681887Z,Round 9 / 12,2024-04-25T19:08:34.569681887Z,8,2024-04-25T19:08:34.569681887Z,9,2024-04-25T19:08:34.569681887Z,01HWB9SVS34WVVX651QBHPKKY0,2024-04-25T19:08:34.569681887Z,false,2024-04-25T19:08:34.569681887Z,2,2024-04-25T19:08:34.758429921Z,01HWB9SVREZ53JJBCFE6H2KTE8,2024-04-25T19:08:34.569681887Z,false,2024-04-25T19:08:34.569681887Z
01HWBAHNCA915S7SMJXH2D4G6P,Chat,2024-04-25T19:08:34.570208139Z,Round 10 / 12,2024-04-25T19:08:34.570208139Z,9,2024-04-25T19:08:34.570208139Z,10,2024-04-25T19:08:34.570208139Z,01HWB9SVS34WVVX651QBHPKKY0,2024-04-25T19:08:34.570208139Z,false,2024-04-25T19:08:34.570208139Z,2,2024-04-25T19:08:34.772957734Z,01HWB9SVREZ53JJBCFE6H2KTE8,2024-04-25T19:08:34.570208139Z,false,2024-04-25T19:08:34.570208139Z
01HWBAHNCA915S7SMJY5V4A9WJ,Chat,2024-04-25T19:08:34.570536357Z,Round 8 / 12,2024-04-25T19:08:34.570536357Z,7,2024-04-25T19:08:34.570536357Z,8,2024-04-25T19:08:34.570536357Z,01HWB9SVS34WVVX651QBHPKKY0,2024-04-25T19:08:34.570536357Z,false,2024-04-25T19:08:34.570536357Z,2,2024-04-25T19:08:34.75270254Z,01HWB9SVREZ53JJBCFE6H2KTE8,2024-04-25T19:08:34.570536357Z,false,2024-04-25T19:08:34.570536357Z
01HWBAHNCBKSTE84X5CB3KCBFC,Chat,2024-04-25T19:08:34.571097552Z,Round 6 / 12,2024-04-25T19:08:34.571097552Z,5,2024-04-25T19:08:34.571097552Z,6,2024-04-25T19:08:34.571097552Z,01HWB9SVS34WVVX651QBHPKKY0,2024-04-25T19:08:34.571097552Z,false,2024-04-25T19:08:34.571097552Z,2,2024-04-25T19:08:34.663702962Z,01HWB9SVREZ53JJBCFE6H2KTE8,2024-04-25T19:08:34.571097552Z,false,2024-04-25T19:08:34.571097552Z
01HWBAHNCBKSTE84X5CQ72TKD3,Chat,2024-04-25T19:08:34.571417509Z,Round 4 / 12,2024-04-25T19:08:34.571417509Z,3,2024-04-25T19:08:34.571417509Z,4,2024-04-25T19:08:34.571417509Z,01HWB9SVS34WVVX651QBHPKKY0,2024-04-25T19:08:34.571417509Z,false,2024-04-25T19:08:34.571417509Z,2,2024-04-25T19:08:34.75270254Z,01HWB9SVREZ53JJBCFE6H2KTE8,2024-04-25T19:08:34.571417509Z,false,2024-04-25T19:08:34.571417509Z
01HWBAHNCBKSTE84X5D86RBRSX,Chat,2024-04-25T19:08:34.571645932Z,Round 11 / 12,2024-04-25T19:08:34.571645932Z,10,2024-04-25T19:08:34.571645932Z,11,2024-04-25T19:08:34.571645932Z,01HWB9SVS34WVVX651QBHPKKY0,2024-04-25T19:08:34.571645932Z,false,2024-04-25T19:08:34.571645932Z,2,2024-04-25T19:08:34.892654294Z,01HWB9SVREZ53JJBCFE6H2KTE8,2024-04-25T19:08:34.571645932Z,false,2024-04-25T19:08:34.571645932Z
01HWBAHNCD2WT53PR4WT4ZMN3V,Chat,2024-04-25T19:08:34.573166319Z,Round 3 / 12,2024-04-25T19:08:34.573166319Z,2,2024-04-25T19:08:34.573166319Z,3,2024-04-25T19:08:34.573166319Z,01HWB9SVS34WVVX651QBHPKKY0,2024-04-25T19:08:34.573166319Z,false,2024-04-25T19:08:34.573166319Z,2,2024-04-25T19:08:34.772957734Z,01HWB9SVREZ53JJBCFE6H2KTE8,2024-04-25T19:08:34.573166319Z,false,2024-04-25T19:08:34.573166319Z
01HWBAHNCD2WT53PR4X9G6KXZX,Chat,2024-04-25T19:08:34.573782509Z,Round 12 / 12,2024-04-25T19:08:34.573782509Z,11,2024-04-25T19:08:34.573782509Z,12,2024-04-25T19:08:34.573782509Z,01HWB9SVS34WVVX651QBHPKKY0,2024-04-25T19:08:34.573782509Z,false,2024-04-25T19:08:34.573782509Z,2,2024-04-25T19:08:34.873785009Z,01HWB9SVREZ53JJBCFE6H2KTE8,2024-04-25T19:08:34.573782509Z,false,2024-04-25T19:08:34.573782509Z
01HWBB3B5A2KXZD26JY7JGVR07,Chat,2024-04-25T19:18:13.93097062Z,Round 1 / 12,2024-04-25T19:18:13.93097062Z,0,2024-04-25T19:18:13.93097062Z,1,2024-04-25T19:18:13.93097062Z,01HWBAKZG34EDAK3G3QTW1T8K8,2024-04-25T19:18:13.93097062Z,true,2024-04-25T19:18:14.396429111Z,2,2024-04-25T19:18:14.282783388Z,01HWBAKZFVH8HRRC3K5Q1F6FV2,2024-04-25T19:18:13.93097062Z,true,2024-04-25T19:18:21.332311043Z
01HWBB3B5D8PAJDYDYQZ6M5P4F,Chat,2024-04-25T19:18:13.933105432Z,Round 3 / 12,2024-04-25T19:18:13.933105432Z,2,2024-04-25T19:18:13.933105432Z,3,2024-04-25T19:18:13.933105432Z,01HWBAKZG34EDAK3G3QTW1T8K8,2024-04-25T19:18:13.933105432Z,false,2024-04-25T19:18:13.933105432Z,2,2024-04-25T19:18:14.127761134Z,01HWBAKZFVH8HRRC3K5Q1F6FV2,2024-04-25T19:18:13.933105432Z,false,2024-04-25T19:18:13.933105432Z
01HWBB3B5D8PAJDYDYRCZ91C1Q,Chat,2024-04-25T19:18:13.933620063Z,Round 6 / 12,2024-04-25T19:18:13.933620063Z,5,2024-04-25T19:18:13.933620063Z,6,2024-04-25T19:18:13.933620063Z,01HWBAKZG34EDAK3G3QTW1T8K8,2024-04-25T19:18:13.933620063Z,false,2024-04-25T19:18:13.933620063Z,2,2024-04-25T19:18:14.164056931Z,01HWBAKZFVH8HRRC3K5Q1F6FV2,2024-04-25T19:18:13.933620063Z,false,2024-04-25T19:18:13.933620063Z
01HWBB3B5EM0Q9MKW3MCJ0MM1M,Chat,2024-04-25T19:18:13.934224981Z,Round 11 / 12,2024-04-25T19:18:13.934224981Z,10,2024-04-25T19:18:13.934224981Z,11,2024-04-25T19:18:13.934224981Z,01HWBAKZG34EDAK3G3QTW1T8K8,2024-04-25T19:18:13.934224981Z,false,2024-04-25T19:18:13.934224981Z,2,2024-04-25T19:18:14.207716443Z,01HWBAKZFVH8HRRC3K5Q1F6FV2,2024-04-25T19:18:13.934224981Z,false,2024-04-25T19:18:13.934224981Z
01HWBB3B5FW94S38THTGDTS903,Chat,2024-04-25T19:18:13.935991791Z,Round 5 / 12,2024-04-25T19:18:13.935991791Z,4,2024-04-25T19:18:13.935991791Z,5,2024-04-25T19:18:13.935991791Z,01HWBAKZG34EDAK3G3QTW1T8K8,2024-04-25T19:18:13.935991791Z,false,2024-04-25T19:18:13.935991791Z,2,2024-04-25T19:18:14.139240201Z,01HWBAKZFVH8HRRC3K5Q1F6FV2,2024-04-25T19:18:13.935991791Z,false,2024-04-25T19:18:13.935991791Z
01HWBB3B5G9CF1AEWX0WTGBGRA,Chat,2024-04-25T19:18:13.936464207Z,Round 10 / 12,2024-04-25T19:18:13.936464207Z,9,2024-04-25T19:18:13.936464207Z,10,2024-04-25T19:18:13.936464207Z,01HWBAKZG34EDAK3G3QTW1T8K8,2024-04-25T19:18:13.936464207Z,false,2024-04-25T19:18:13.936464207Z,2,2024-04-25T19:18:14.164056931Z,01HWBAKZFVH8HRRC3K5Q1F6FV2,2024-04-25T19:18:13.936464207Z,false,2024-04-25T19:18:13.936464207Z
01HWBB3B5HCKY7XKSZ1HHDED5Z,Chat,2024-04-25T19:18:13.937214585Z,Round 4 / 12,2024-04-25T19:18:13.937214585Z,3,2024-04-25T19:18:13.937214585Z,4,2024-04-25T19:18:13.937214585Z,01HWBAKZG34EDAK3G3QTW1T8K8,2024-04-25T19:18:13.937214585Z,false,2024-04-25T19:18:13.937214585Z,2,2024-04-25T19:18:14.164056931Z,01HWBAKZFVH8HRRC3K5Q1F6FV2,2024-04-25T19:18:13.937214585Z,false,2024-04-25T19:18:13.937214585Z
01HWBB3B5HCKY7XKSZ25HZGTTE,Chat,2024-04-25T19:18:13.937774178Z,Round 7 / 12,2024-04-25T19:18:13.937774178Z,6,2024-04-25T19:18:13.937774178Z,7,2024-04-25T19:18:13.937774178Z,01HWBAKZG34EDAK3G3QTW1T8K8,2024-04-25T19:18:13.937774178Z,false,2024-04-25T19:18:13.937774178Z,2,2024-04-25T19:18:14.174834078Z,01HWBAKZFVH8HRRC3K5Q1F6FV2,2024-04-25T19:18:13.937774178Z,false,2024-04-25T19:18:13.937774178Z
01HWBB3B5JFBSVPB6H5HW04WD6,Chat,2024-04-25T19:18:13.938321172Z,Round 8 / 12,2024-04-25T19:18:13.938321172Z,7,2024-04-25T19:18:13.938321172Z,8,2024-04-25T19:18:13.938321172Z,01HWBAKZG34EDAK3G3QTW1T8K8,2024-04-25T19:18:13.938321172Z,false,2024-04-25T19:18:13.938321172Z,2,2024-04-25T19:18:14.172813649Z,01HWBAKZFVH8HRRC3K5Q1F6FV2,2024-04-25T19:18:13.938321172Z,false,2024-04-25T19:18:13.938321172Z
01HWBB3B5JFBSVPB6H63CGNQEQ,Chat,2024-04-25T19:18:13.938767593Z,Round 12 / 12,2024-04-25T19:18:13.938767593Z,11,2024-04-25T19:18:13.938767593Z,12,2024-04-25T19:18:13.938767593Z,01HWBAKZG34EDAK3G3QTW1T8K8,2024-04-25T19:18:13.938767593Z,false,2024-04-25T19:18:13.938767593Z,2,2024-04-25T19:18:14.207716443Z,01HWBAKZFVH8HRRC3K5Q1F6FV2,2024-04-25T19:18:13.938767593Z,false,2024-04-25T19:18:13.938767593Z
01HWBB3B5KGWKEGNRTCBZ56TVV,Chat,2024-04-25T19:18:13.939331496Z,Round 9 / 12,2024-04-25T19:18:13.939331496Z,8,2024-04-25T19:18:13.939331496Z,9,2024-04-25T19:18:13.939331496Z,01HWBAKZG34EDAK3G3QTW1T8K8,2024-04-25T19:18:13.939331496Z,false,2024-04-25T19:18:13.939331496Z,2,2024-04-25T19:18:14.207716443Z,01HWBAKZFVH8HRRC3K5Q1F6FV2,2024-04-25T19:18:13.939331496Z,false,2024-04-25T19:18:13.939331496Z
01HWBB3B5KGWKEGNRTCWVR3417,Chat,2024-04-25T19:18:13.939791875Z,Round 2 / 12,2024-04-25T19:18:13.939791875Z,1,2024-04-25T19:18:13.939791875Z,2,2024-04-25T19:18:13.939791875Z,01HWBAKZG34EDAK3G3QTW1T8K8,2024-04-25T19:18:13.939791875Z,false,2024-04-25T19:18:13.939791875Z,2,2024-04-25T19:18:14.207716443Z,01HWBAKZFVH8HRRC3K5Q1F6FV2,2024-04-25T19:18:13.939791875Z,false,2024-04-25T19:18:13.939791875Z
01HWBBAWZTJCMWJJ6Q41FVMCTM,Chat,2024-04-25T19:22:21.562648909Z,Round 1 / 12,2024-04-25T19:22:21.562648909Z,0,2024-04-25T19:22:21.562648909Z,1,2024-04-25T19:22:21.562648909Z,01HWBAVBVSZ2A3HW69KXVP3RF4,2024-04-25T19:22:21.562648909Z,true,2024-04-25T19:22:21.813101942Z,2,2024-04-25T19:22:21.662383253Z,01HWBAVBVDNTD4Y2TYMH8R0C04,2024-04-25T19:22:21.562648909Z,true,2024-04-25T19:23:21.208325415Z
01HWBBAWZY7GW0GF1QFH131K26,Chat,2024-04-25T19:22:21.566111067Z,Round 2 / 12,2024-04-25T19:22:21.566111067Z,1,2024-04-25T19:22:21.566111067Z,2,2024-04-25T19:22:21.566111067Z,01HWBAVBVSZ2A3HW69KXVP3RF4,2024-04-25T19:22:21.566111067Z,true,2024-04-25T19:23:21.222312607Z,2,2024-04-25T19:22:21.80975003Z,01HWBAVBVDNTD4Y2TYMH8R0C04,2024-04-25T19:22:21.566111067Z,true,2024-04-25T19:24:10.508179938Z
01HWBBAWZZFNM988T9WZQ42XG5,Chat,2024-04-25T19:22:21.567976178Z,Round 3 / 12,2024-04-25T19:22:21.567976178Z,2,2024-04-25T19:22:21.567976178Z,3,2024-04-25T19:22:21.567976178Z,01HWBAVBVSZ2A3HW69KXVP3RF4,2024-04-25T19:22:21.567976178Z,true,2024-04-25T19:24:10.523051203Z,2,2024-04-25T19:22:21.81197532Z,01HWBAVBVDNTD4Y2TYMH8R0C04,2024-04-25T19:22:21.567976178Z,true,2024-04-25T19:24:53.563292735Z
01HWBBAX00A95JCZCGHHN0SENB,Chat,2024-04-25T19:22:21.568643457Z,Round 7 / 12,2024-04-25T19:22:21.568643457Z,6,2024-04-25T19:22:21.568643457Z,7,2024-04-25T19:22:21.568643457Z,01HWBAVBVSZ2A3HW69KXVP3RF4,2024-04-25T19:22:21.568643457Z,true,2024-04-25T19:27:31.172022121Z,2,2024-04-25T19:22:21.832836366Z,01HWBAVBVDNTD4Y2TYMH8R0C04,2024-04-25T19:22:21.568643457Z,true,2024-04-25T19:28:14.52389275Z
01HWBBAX01CDTVERM144SV85WH,Chat,2024-04-25T19:22:21.569421537Z,Round 4 / 12,2024-04-25T19:22:21.569421537Z,3,2024-04-25T19:22:21.569421537Z,4,2024-04-25T19:22:21.569421537Z,01HWBAVBVSZ2A3HW69KXVP3RF4,2024-04-25T19:22:21.569421537Z,true,2024-04-25T19:24:53.581991743Z,2,2024-04-25T19:22:21.6534216Z,01HWBAVBVDNTD4Y2TYMH8R0C04,2024-04-25T19:22:21.569421537Z,true,2024-04-25T19:25:51.737090448Z
01HWBBAX027K209K9QS9XZN42J,Chat,2024-04-25T19:22:21.572639552Z,Round 5 / 12,2024-04-25T19:22:21.572639552Z,4,2024-04-25T19:22:21.572639552Z,5,2024-04-25T19:22:21.572639552Z,01HWBAVBVSZ2A3HW69KXVP3RF4,2024-04-25T19:22:21.572639552Z,true,2024-04-25T19:25:51.750760658Z,2,2024-04-25T19:22:21.653804193Z,01HWBAVBVDNTD4Y2TYMH8R0C04,2024-04-25T19:22:21.572639552Z,true,2024-04-25T19:26:47.969710673Z
01HWBBAX05FJDXMJY55R24DVM4,Chat,2024-04-25T19:22:21.573295096Z,Round 6 / 12,2024-04-25T19:22:21.573295096Z,5,2024-04-25T19:22:21.573295096Z,6,2024-04-25T19:22:21.573295096Z,01HWBAVBVSZ2A3HW69KXVP3RF4,2024-04-25T19:22:21.573295096Z,true,2024-04-25T19:26:47.98089847Z,2,2024-04-25T19:22:21.764175391Z,01HWBAVBVDNTD4Y2TYMH8R0C04,2024-04-25T19:22:21.573295096Z,true,2024-04-25T19:27:31.160020874Z
01HWBBAX065CVGQGWK69TAZSD3,Chat,2024-04-25T19:22:21.574185691Z,Round 8 / 12,2024-04-25T19:22:21.574185691Z,7,2024-04-25T19:22:21.574185691Z,8,2024-04-25T19:22:21.574185691Z,01HWBAVBVSZ2A3HW69KXVP3RF4,2024-04-25T19:22:21.574185691Z,true,2024-04-25T19:28:14.53988421Z,2,2024-04-25T19:22:21.764175391Z,01HWBAVBVDNTD4Y2TYMH8R0C04,2024-04-25T19:22:21.574185691Z,true,2024-04-25T19:28:54.117627578Z
01HWBBAX065CVGQGWK6XMFGKZQ,Chat,2024-04-25T19:22:21.574676424Z,Round 9 / 12,2024-04-25T19:22:21.574676424Z,8,2024-04-25T19:22:21.574676424Z,9,2024-04-25T19:22:21.574676424Z,01HWBAVBVSZ2A3HW69KXVP3RF4,2024-04-25T19:22:21.574676424Z,true,2024-04-25T19:28:54.127480841Z,2,2024-04-25T19:22:21.832836366Z,01HWBAVBVDNTD4Y2TYMH8R0C04,2024-04-25T19:22:21.574676424Z,true,2024-04-25T19:29:32.869251784Z
01HWBBAX07VZB0501Y3A8TB6PY,Chat,2024-04-25T19:22:21.575184073Z,Round 11 / 12,2024-04-25T19:22:21.575184073Z,10,2024-04-25T19:22:21.575184073Z,11,2024-04-25T19:22:21.575184073Z,01HWBAVBVSZ2A3HW69KXVP3RF4,2024-04-25T19:22:21.575184073Z,true,2024-04-25T19:30:11.033753914Z,2,2024-04-25T19:22:21.698378186Z,01HWBAVBVDNTD4Y2TYMH8R0C04,2024-04-25T19:22:21.575184073Z,true,2024-04-25T19:30:51.954580977Z
01HWBBAX07VZB0501Y3T2AV7WV,Chat,2024-04-25T19:22:21.575631101Z,Round 10 / 12,2024-04-25T19:22:21.575631101Z,9,2024-04-25T19:22:21.575631101Z,10,2024-04-25T19:22:21.575631101Z,01HWBAVBVSZ2A3HW69KXVP3RF4,2024-04-25T19:22:21.575631101Z,true,2024-04-25T19:29:32.881372505Z,2,2024-04-25T19:22:21.83608034Z,01HWBAVBVDNTD4Y2TYMH8R0C04,2024-04-25T19:22:21.575631101Z,true,2024-04-25T19:30:11.01499943Z
01HWBBAX08VAQBX4C58C5D8811,Chat,2024-04-25T19:22:21.576319369Z,Round 12 / 12,2024-04-25T19:22:21.576319369Z,11,2024-04-25T19:22:21.576319369Z,12,2024-04-25T19:22:21.576319369Z,01HWBAVBVSZ2A3HW69KXVP3RF4,2024-04-25T19:22:21.576319369Z,true,2024-04-25T19:30:51.968541084Z,2,2024-04-25T19:22:21.839077308Z,01HWBAVBVDNTD4Y2TYMH8R0C04,2024-04-25T19:22:21.576319369Z,true,2024-04-25T19:31:29.688075067Z
01HWBBHK3ETTX5HP143AKKCQGV,Chat,2024-04-25T19:26:00.814617753Z,Round 1 / 12,2024-04-25T19:26:00.814617753Z,0,2024-04-25T19:26:00.814617753Z,1,2024-04-25T19:26:00.814617753Z,01HWBB57EX2MG7FVTY8VN66GR3,2024-04-25T19:26:00.814617753Z,true,2024-04-25T19:26:01.217534193Z,2,2024-04-25T19:26:01.056294733Z,01HWBB57EGDNMN6EC7YYZSSCQC,2024-04-25T19:26:00.814617753Z,true,2024-04-25T19:27:01.722036578Z
01HWBBHK3JXEMVBXHC9QHD5DSQ,Chat,2024-04-25T19:26:00.818298415Z,Round 3 / 12,2024-04-25T19:26:00.818298415Z,2,2024-04-25T19:26:00.818298415Z,3,2024-04-25T19:26:00.818298415Z,01HWBB57EX2MG7FVTY8VN66GR3,2024-04-25T19:26:00.818298415Z,true,2024-04-25T19:28:01.949901331Z,2,2024-04-25T19:26:00.999253975Z,01HWBB57EGDNMN6EC7YYZSSCQC,2024-04-25T19:26:00.818298415Z,true,2024-04-25T19:29:02.137233278Z
01HWBBHK3KJC5EAEFG5JPA5HYH,Chat,2024-04-25T19:26:00.819803242Z,Round 9 / 12,2024-04-25T19:26:00.819803242Z,8,2024-04-25T19:26:00.819803242Z,9,2024-04-25T19:26:00.819803242Z,01HWBB57EX2MG7FVTY8VN66GR3,2024-04-25T19:26:00.819803242Z,true,2024-04-25T19:33:51.392295917Z,2,2024-04-25T19:26:01.032893157Z,01HWBB57EGDNMN6EC7YYZSSCQC,2024-04-25T19:26:00.819803242Z,true,2024-04-25T19:34:48.380086665Z
01HWBBHK3NA7A4BZVBCRKRHP98,Chat,2024-04-25T19:26:00.821104316Z,Round 10 / 12,2024-04-25T19:26:00.821104316Z,9,2024-04-25T19:26:00.821104316Z,10,2024-04-25T19:26:00.821104316Z,01HWBB57EX2MG7FVTY8VN66GR3,2024-04-25T19:26:00.821104316Z,true,2024-04-25T19:34:48.390684555Z,2,2024-04-25T19:26:00.999253975Z,01HWBB57EGDNMN6EC7YYZSSCQC,2024-04-25T19:26:00.821104316Z,true,2024-04-25T19:35:45.973670336Z
01HWBBHK3PF4C0X59GS4HAKSHW,Chat,2024-04-25T19:26:00.822064976Z,Round 5 / 12,2024-04-25T19:26:00.822064976Z,4,2024-04-25T19:26:00.822064976Z,5,2024-04-25T19:26:00.822064976Z,01HWBB57EX2MG7FVTY8VN66GR3,2024-04-25T19:26:00.822064976Z,true,2024-04-25T19:30:02.360761181Z,2,2024-04-25T19:26:01.002155565Z,01HWBB57EGDNMN6EC7YYZSSCQC,2024-04-25T19:26:00.822064976Z,true,2024-04-25T19:31:02.144494543Z
01HWBBHK3QDX6M3JGF29RX61KJ,Chat,2024-04-25T19:26:00.823310714Z,Round 7 / 12,2024-04-25T19:26:00.823310714Z,6,2024-04-25T19:26:00.823310714Z,7,2024-04-25T19:26:00.823310714Z,01HWBB57EX2MG7FVTY8VN66GR3,2024-04-25T19:26:00.823310714Z,true,2024-04-25T19:32:02.425628947Z,2,2024-04-25T19:26:00.916502992Z,01HWBB57EGDNMN6EC7YYZSSCQC,2024-04-25T19:26:00.823310714Z,true,2024-04-25T19:32:55.504301026Z
01HWBBHK3RRHRHCH7W2ME76XB2,Chat,2024-04-25T19:26:00.824565356Z,Round 2 / 12,2024-04-25T19:26:00.824565356Z,1,2024-04-25T19:26:00.824565356Z,2,2024-04-25T19:26:00.824565356Z,01HWBB57EX2MG7FVTY8VN66GR3,2024-04-25T19:26:00.824565356Z,true,2024-04-25T19:27:01.736662484Z,2,2024-04-25T19:26:00.916502992Z,01HWBB57EGDNMN6EC7YYZSSCQC,2024-04-25T19:26:00.824565356Z,true,2024-04-25T19:28:01.93268439Z
01HWBBHK3SWTQJ1MSMEDMBD8EJ,Chat,2024-04-25T19:26:00.825635382Z,Round 8 / 12,2024-04-25T19:26:00.825635382Z,7,2024-04-25T19:26:00.825635382Z,8,2024-04-25T19:26:00.825635382Z,01HWBB57EX2MG7FVTY8VN66GR3,2024-04-25T19:26:00.825635382Z,true,2024-04-25T19:32:55.522514254Z,2,2024-04-25T19:26:00.9306953Z,01HWBB57EGDNMN6EC7YYZSSCQC,2024-04-25T19:26:00.825635382Z,true,2024-04-25T19:33:51.380847165Z
01HWBBHK3V05C04FJ7ZPS4NVTJ,Chat,2024-04-25T19:26:00.827397339Z,Round 12 / 12,2024-04-25T19:26:00.827397339Z,11,2024-04-25T19:26:00.827397339Z,12,2024-04-25T19:26:00.827397339Z,01HWBB57EX2MG7FVTY8VN66GR3,2024-04-25T19:26:00.827397339Z,true,2024-04-25T19:36:37.347094573Z,2,2024-04-25T19:26:01.036630975Z,01HWBB57EGDNMN6EC7YYZSSCQC,2024-04-25T19:26:00.827397339Z,true,2024-04-25T19:37:34.402432339Z
01HWBBHK3W8QVEJKRMTKRW7E5Q,Chat,2024-04-25T19:26:00.828374904Z,Round 4 / 12,2024-04-25T19:26:00.828374904Z,3,2024-04-25T19:26:00.828374904Z,4,2024-04-25T19:26:00.828374904Z,01HWBB57EX2MG7FVTY8VN66GR3,2024-04-25T19:26:00.828374904Z,true,2024-04-25T19:29:02.15206212Z,2,2024-04-25T19:26:01.032893157Z,01HWBB57EGDNMN6EC7YYZSSCQC,2024-04-25T19:26:00.828374904Z,true,2024-04-25T19:30:02.348163076Z
01HWBBHK3X0BJMQHHYEBBS0TXE,Chat,2024-04-25T19:26:00.829376914Z,Round 11 / 12,2024-04-25T19:26:00.829376914Z,10,2024-04-25T19:26:00.829376914Z,11,2024-04-25T19:26:00.829376914Z,01HWBB57EX2MG7FVTY8VN66GR3,2024-04-25T19:26:00.829376914Z,true,2024-04-25T19:35:45.987917888Z,2,2024-04-25T19:26:01.032893157Z,01HWBB57EGDNMN6EC7YYZSSCQC,2024-04-25T19:26:00.829376914Z,true,2024-04-25T19:36:37.330053929Z
01HWBBHK3YJ04ER2GVFTFXYTQZ,Chat,2024-04-25T19:26:00.830493727Z,Round 6 / 12,2024-04-25T19:26:00.830493727Z,5,2024-04-25T19:26:00.830493727Z,6,2024-04-25T19:26:00.830493727Z,01HWBB57EX2MG7FVTY8VN66GR3,2024-04-25T19:26:00.830493727Z,true,2024-04-25T19:31:02.17908165Z,2,2024-04-25T19:26:01.036630975Z,01HWBB57EGDNMN6EC7YYZSSCQC,2024-04-25T19:26:00.830493727Z,true,2024-04-25T19:32:02.408059458Z
01HWBBMREEQYYEX2TVXN6XW4N1,Chat,2024-04-25T19:27:44.591030677Z,Round 1 / 12,2024-04-25T19:27:44.591030677Z,0,2024-04-25T19:27:44.591030677Z,1,2024-04-25T19:27:44.591030677Z,01HWB9X77MTXQ6W4YH9XZG7Y95,2024-04-25T19:27:44.591030677Z,true,2024-04-25T19:27:44.838007916Z,1,2024-04-25T19:27:44.698701768Z,01HWB9X77BHAF0PXNWMS2FET0R,2024-04-25T19:27:44.591030677Z,true,2024-04-25T19:28:15.121983273Z
01HWBBMREGVYDEWCZZ9AWZ1YJM,Chat,2024-04-25T19:27:44.592353174Z,Round 7 / 12,2024-04-25T19:27:44.592353174Z,6,2024-04-25T19:27:44.592353174Z,7,2024-04-25T19:27:44.592353174Z,01HWB9X77MTXQ6W4YH9XZG7Y95,2024-04-25T19:27:44.592353174Z,true,2024-04-25T19:30:04.720883491Z,1,2024-04-25T19:27:44.752994389Z,01HWB9X77BHAF0PXNWMS2FET0R,2024-04-25T19:27:44.592353174Z,true,2024-04-25T19:30:17.902376371Z
01HWBBMREHZXQ5KA7XDMP8P2N0,Chat,2024-04-25T19:27:44.593175146Z,Round 5 / 12,2024-04-25T19:27:44.593175146Z,4,2024-04-25T19:27:44.593175146Z,5,2024-04-25T19:27:44.593175146Z,01HWB9X77MTXQ6W4YH9XZG7Y95,2024-04-25T19:27:44.593175146Z,true,2024-04-25T19:29:21.761054001Z,1,2024-04-25T19:27:44.832863949Z,01HWB9X77BHAF0PXNWMS2FET0R,2024-04-25T19:27:44.593175146Z,true,2024-04-25T19:29:34.574714468Z
01HWBBMREKY3V9GZDN3C2VD74T,Chat,2024-04-25T19:27:44.595831344Z,Round 8 / 12,2024-04-25T19:27:44.595831344Z,7,2024-04-25T19:27:44.595831344Z,8,2024-04-25T19:27:44.595831344Z,01HWB9X77MTXQ6W4YH9XZG7Y95,2024-04-25T19:27:44.595831344Z,true,2024-04-25T19:30:17.914943814Z,1,2024-04-25T19:27:44.840873443Z,01HWB9X77BHAF0PXNWMS2FET0R,2024-04-25T19:27:44.595831344Z,true,2024-04-25T19:30:39.761494883Z
01HWBBMRENNPNG5MFJNC8F2WKJ,Chat,2024-04-25T19:27:44.597056877Z,Round 6 / 12,2024-04-25T19:27:44.597056877Z,5,2024-04-25T19:27:44.597056877Z,6,2024-04-25T19:27:44.597056877Z,01HWB9X77MTXQ6W4YH9XZG7Y95,2024-04-25T19:27:44.597056877Z,true,2024-04-25T19:29:34.584842935Z,1,2024-04-25T19:27:44.752994389Z,01HWB9X77BHAF0PXNWMS2FET0R,2024-04-25T19:27:44.597056877Z,true,2024-04-25T19:30:04.706404153Z
01HWBBMREPE2KBGPJ0JRC8S2G7,Chat,2024-04-25T19:27:44.598425902Z,Round 2 / 12,2024-04-25T19:27:44.598425902Z,1,2024-04-25T19:27:44.598425902Z,2,2024-04-25T19:27:44.598425902Z,01HWB9X77MTXQ6W4YH9XZG7Y95,2024-04-25T19:27:44.598425902Z,true,2024-04-25T19:28:15.133880225Z,1,2024-04-25T19:27:44.745730795Z,01HWB9X77BHAF0PXNWMS2FET0R,2024-04-25T19:27:44.598425902Z,true,2024-04-25T19:28:31.972093415Z
01HWBBMRERVE8PZ1HN5JC4ERFB,Chat,2024-04-25T19:27:44.600142745Z,Round 3 / 12,2024-04-25T19:27:44.600142745Z,2,2024-04-25T19:27:44.600142745Z,3,2024-04-25T19:27:44.600142745Z,01HWB9X77MTXQ6W4YH9XZG7Y95,2024-04-25T19:27:44.600142745Z,true,2024-04-25T19:28:31.982961589Z,1,2024-04-25T19:27:44.752994389Z,01HWB9X77BHAF0PXNWMS2FET0R,2024-04-25T19:27:44.600142745Z,true,2024-04-25T19:28:54.788315684Z
01HWBBMRERVE8PZ1HN5ZTZNFM3,Chat,2024-04-25T19:27:44.600969094Z,Round 4 / 12,2024-04-25T19:27:44.600969094Z,3,2024-04-25T19:27:44.600969094Z,4,2024-04-25T19:27:44.600969094Z,01HWB9X77MTXQ6W4YH9XZG7Y95,2024-04-25T19:27:44.600969094Z,true,2024-04-25T19:28:54.798277488Z,1,2024-04-25T19:27:44.752994389Z,01HWB9X77BHAF0PXNWMS2FET0R,2024-04-25T19:27:44.600969094Z,true,2024-04-25T19:29:21.750290957Z
01HWBBMREVEX7Q0SJ4P56FJNJQ,Chat,2024-04-25T19:27:44.603483322Z,Round 10 / 12,2024-04-25T19:27:44.603483322Z,9,2024-04-25T19:27:44.603483322Z,10,2024-04-25T19:27:44.603483322Z,01HWB9X77MTXQ6W4YH9XZG7Y95,2024-04-25T19:27:44.603483322Z,true,2024-04-25T19:30:54.244032912Z,1,2024-04-25T19:27:44.687411532Z,01HWB9X77BHAF0PXNWMS2FET0R,2024-04-25T19:27:44.603483322Z,true,2024-04-25T19:31:14.385632375Z
01HWBBMREW32TCP0FZ9QEE3Z9T,Chat,2024-04-25T19:27:44.604503605Z,Round 11 / 12,2024-04-25T19:27:44.604503605Z,10,2024-04-25T19:27:44.604503605Z,11,2024-04-25T19:27:44.604503605Z,01HWB9X77MTXQ6W4YH9XZG7Y95,2024-04-25T19:27:44.604503605Z,true,2024-04-25T19:31:14.406742747Z,1,2024-04-25T19:27:44.687411532Z,01HWB9X77BHAF0PXNWMS2FET0R,2024-04-25T19:27:44.604503605Z,true,2024-04-25T19:31:24.293872966Z
01HWBBMREX5TKRY77D5J8W9AMM,Chat,2024-04-25T19:27:44.605616642Z,Round 12 / 12,2024-04-25T19:27:44.605616642Z,11,2024-04-25T19:27:44.605616642Z,12,2024-04-25T19:27:44.605616642Z,01HWB9X77MTXQ6W4YH9XZG7Y95,2024-04-25T19:27:44.605616642Z,true,2024-04-25T19:31:24.307700337Z,1,2024-04-25T19:27:44.687411532Z,01HWB9X77BHAF0PXNWMS2FET0R,2024-04-25T19:27:44.605616642Z,true,2024-04-25T19:31:38.537318979Z
01HWBBMREZX51KMQJ57AB96VVZ,Chat,2024-04-25T19:27:44.60716313Z,Round 9 / 12,2024-04-25T19:27:44.60716313Z,8,2024-04-25T19:27:44.60716313Z,9,2024-04-25T19:27:44.60716313Z,01HWB9X77MTXQ6W4YH9XZG7Y95,2024-04-25T19:27:44.60716313Z,true,2024-04-25T19:30:39.771692878Z,1,2024-04-25T19:27:44.698701768Z,01HWB9X77BHAF0PXNWMS2FET0R,2024-04-25T19:27:44.60716313Z,true,2024-04-25T19:30:54.22974578Z
01HWBBY5VR9V4JARPDA56ZNGW5,Chat,2024-04-25T19:32:53.240158851Z,Round 1 / 12,2024-04-25T19:32:53.240158851Z,0,2024-04-25T19:32:53.240158851Z,1,2024-04-25T19:32:53.240158851Z,01HWBBDTRBEF7YA4SAYZSD7XET,2024-04-25T19:32:53.240158851Z,true,2024-04-25T19:32:53.473696453Z,1,2024-04-25T19:32:53.347901186Z,01HWBBDTQR13PDZE5MX04YB18Q,2024-04-25T19:32:53.240158851Z,true,2024-04-25T19:33:23.79421177Z
01HWBBY5VT77Q1PJF6GZGS15DV,Chat,2024-04-25T19:32:53.242807032Z,Round 3 / 12,2024-04-25T19:32:53.242807032Z,2,2024-04-25T19:32:53.242807032Z,3,2024-04-25T19:32:53.242807032Z,01HWBBDTRBEF7YA4SAYZSD7XET,2024-04-25T19:32:53.242807032Z,true,2024-04-25T19:33:53.964698452Z,1,2024-04-25T19:32:53.384042067Z,01HWBBDTQR13PDZE5MX04YB18Q,2024-04-25T19:32:53.242807032Z,true,2024-04-25T19:34:24.06019556Z
01HWBBY5VVJ739SG4S86N4F1CX,Chat,2024-04-25T19:32:53.243779794Z,Round 5 / 12,2024-04-25T19:32:53.243779794Z,4,2024-04-25T19:32:53.243779794Z,5,2024-04-25T19:32:53.243779794Z,01HWBBDTRBEF7YA4SAYZSD7XET,2024-04-25T19:32:53.243779794Z,true,2024-04-25T19:34:54.179143275Z,1,2024-04-25T19:32:53.367419772Z,01HWBBDTQR13PDZE5MX04YB18Q,2024-04-25T19:32:53.243779794Z,true,2024-04-25T19:35:24.303975068Z
01HWBBY5VXNN53KPZBMQ77TA9V,Chat,2024-04-25T19:32:53.245582655Z,Round 6 / 12,2024-04-25T19:32:53.245582655Z,5,2024-04-25T19:32:53.245582655Z,6,2024-04-25T19:32:53.245582655Z,01HWBBDTRBEF7YA4SAYZSD7XET,2024-04-25T19:32:53.245582655Z,true,2024-04-25T19:35:24.317234866Z,1,2024-04-25T19:32:53.475574119Z,01HWBBDTQR13PDZE5MX04YB18Q,2024-04-25T19:32:53.245582655Z,true,2024-04-25T19:35:54.430829657Z
01HWBBY5VY9E20VW323BB0F6VS,Chat,2024-04-25T19:32:53.246542779Z,Round 2 / 12,2024-04-25T19:32:53.246542779Z,1,2024-04-25T19:32:53.246542779Z,2,2024-04-25T19:32:53.246542779Z,01HWBBDTRBEF7YA4SAYZSD7XET,2024-04-25T19:32:53.246542779Z,true,2024-04-25T19:33:23.807055348Z,1,2024-04-25T19:32:53.367419772Z,01HWBBDTQR13PDZE5MX04YB18Q,2024-04-25T19:32:53.246542779Z,true,2024-04-25T19:33:53.954305172Z
01HWBBY5VZGH0H3JGBZC1ZCWXB,Chat,2024-04-25T19:32:53.247885984Z,Round 4 / 12,2024-04-25T19:32:53.247885984Z,3,2024-04-25T19:32:53.247885984Z,4,2024-04-25T19:32:53.247885984Z,01HWBBDTRBEF7YA4SAYZSD7XET,2024-04-25T19:32:53.247885984Z,true,2024-04-25T19:34:24.07012366Z,1,2024-04-25T19:32:53.367419772Z,01HWBBDTQR13PDZE5MX04YB18Q,2024-04-25T19:32:53.247885984Z,true,2024-04-25T19:34:54.165793318Z
01HWBBY5W18GD9H8J4YAVJN2GM,Chat,2024-04-25T19:32:53.249754446Z,Round 7 / 12,2024-04-25T19:32:53.249754446Z,6,2024-04-25T19:32:53.249754446Z,7,2024-04-25T19:32:53.249754446Z,01HWBBDTRBEF7YA4SAYZSD7XET,2024-04-25T19:32:53.249754446Z,true,2024-04-25T19:35:54.444719647Z,1,2024-04-25T19:32:53.345242418Z,01HWBBDTQR13PDZE5MX04YB18Q,2024-04-25T19:32:53.249754446Z,true,2024-04-25T19:36:24.562844196Z
01HWBBY5W21CJJ25A3VCZ0DQB6,Chat,2024-04-25T19:32:53.250738855Z,Round 9 / 12,2024-04-25T19:32:53.250738855Z,8,2024-04-25T19:32:53.250738855Z,9,2024-04-25T19:32:53.250738855Z,01HWBBDTRBEF7YA4SAYZSD7XET,2024-04-25T19:32:53.250738855Z,true,2024-04-25T19:36:54.708738548Z,1,2024-04-25T19:32:53.484517635Z,01HWBBDTQR13PDZE5MX04YB18Q,2024-04-25T19:32:53.250738855Z,true,2024-04-25T19:37:24.866243144Z
01HWBBY5W35P303ZQCG5TCH1KF,Chat,2024-04-25T19:32:53.251780226Z,Round 8 / 12,2024-04-25T19:32:53.251780226Z,7,2024-04-25T19:32:53.251780226Z,8,2024-04-25T19:32:53.251780226Z,01HWBBDTRBEF7YA4SAYZSD7XET,2024-04-25T19:32:53.251780226Z,true,2024-04-25T19:36:24.5755158Z,1,2024-04-25T19:32:53.340742405Z,01HWBBDTQR13PDZE5MX04YB18Q,2024-04-25T19:32:53.251780226Z,true,2024-04-25T19:36:54.691259762Z
01HWBBY5W6DJ200AXJZATSNA4T,Chat,2024-04-25T19:32:53.254726114Z,Round 12 / 12,2024-04-25T19:32:53.254726114Z,11,2024-04-25T19:32:53.254726114Z,12,2024-04-25T19:32:53.254726114Z,01HWBBDTRBEF7YA4SAYZSD7XET,2024-04-25T19:32:53.254726114Z,true,2024-04-25T19:38:25.153467617Z,1,2024-04-25T19:32:53.49087044Z,01HWBBDTQR13PDZE5MX04YB18Q,2024-04-25T19:32:53.254726114Z,true,2024-04-25T19:38:55.258636979Z
01HWBBY5WHPJVBMFG9HFSGTAGS,Chat,2024-04-25T19:32:53.265335552Z,Round 11 / 12,2024-04-25T19:32:53.265335552Z,10,2024-04-25T19:32:53.265335552Z,11,2024-04-25T19:32:53.265335552Z,01HWBBDTRBEF7YA4SAYZSD7XET,2024-04-25T19:32:53.265335552Z,true,2024-04-25T19:37:55.022036236Z,1,2024-04-25T19:32:53.49087044Z,01HWBBDTQR13PDZE5MX04YB18Q,2024-04-25T19:32:53.265335552Z,true,2024-04-25T19:38:25.141500783Z
01HWBBY5WP8RNAH3G347RT0W2X,Chat,2024-04-25T19:32:53.270371321Z,Round 10 / 12,2024-04-25T19:32:53.270371321Z,9,2024-04-25T19:32:53.270371321Z,10,2024-04-25T19:32:53.270371321Z,01HWBBDTRBEF7YA4SAYZSD7XET,2024-04-25T19:32:53.270371321Z,true,2024-04-25T19:37:24.8794606Z,1,2024-04-25T19:32:53.49087044Z,01HWBBDTQR13PDZE5MX04YB18Q,2024-04-25T19:32:53.270371321Z,true,2024-04-25T19:37:55.009860999Z
