﻿id,batchID,batchIDLastChangedAt,gameID,gameIDLastChangedAt,playerID,playerIDLastChangedAt
01HNDC3RTDQNWM2WFD7YPVZ7B2,01HNDC24XVX52SMTNY59XNXGAF,2024-01-30T14:24:32.589616683Z,01HNDC24YW8330C3H47G3JKDYP,2024-01-30T14:24:32.589616683Z,01HNDC2D2TFSMXE4B7XCE0TZ55,2024-01-30T14:24:32.589616683Z
01HNDC3RTG1QTMECP0G20RBM6Y,01HNDC24XVX52SMTNY59XNXGAF,2024-01-30T14:24:32.592099919Z,01HNDC24YW8330C3H47G3JKDYP,2024-01-30T14:24:32.592099919Z,01HNDC2FA3VYEHGW3KZ6J12D0S,2024-01-30T14:24:32.592099919Z
01HNDC3RTJK6VTQMWAJXEVN9PA,01HNDC24XVX52SMTNY59XNXGAF,2024-01-30T14:24:32.5942918Z,01HNDC24YW8330C3H47G3JKDYP,2024-01-30T14:24:32.5942918Z,01HNDC2H97MM64929JJZXZ4620,2024-01-30T14:24:32.5942918Z
01HNDC3RTMTMZS9ZWXM2XHDF3W,01HNDC24XVX52SMTNY59XNXGAF,2024-01-30T14:24:32.596357568Z,01HNDC24YW8330C3H47G3JKDYP,2024-01-30T14:24:32.596357568Z,01HNDC30EDNEK5D4SPK46XX8X8,2024-01-30T14:24:32.596357568Z
01HNDC4E05Q3PT1MDF0W1F1T9A,01HNDC2A4FBQ000N9557VJ501H,2024-01-30T14:24:54.277578483Z,01HNDC2A4W0MVF0WFWE3QRW4PK,2024-01-30T14:24:54.277578483Z,01HNDC2ANR1XXE71NH09663030,2024-01-30T14:24:54.277578483Z
01HNDC4E082A56NEDGMPPHN37W,01HNDC2A4FBQ000N9557VJ501H,2024-01-30T14:24:54.280307749Z,01HNDC2A4W0MVF0WFWE3QRW4PK,2024-01-30T14:24:54.280307749Z,01HNDC2BWH5SYS98M56DZ07EEP,2024-01-30T14:24:54.280307749Z
01HNDC4E0A66W4EX5DQA4BQ036,01HNDC2A4FBQ000N9557VJ501H,2024-01-30T14:24:54.282824186Z,01HNDC2A4W0MVF0WFWE3QRW4PK,2024-01-30T14:24:54.282824186Z,01HNDC31WYP14N9WEZ0NCMDYTR,2024-01-30T14:24:54.282824186Z
01HNDC4E0D8F8RYK16KJ7CZJZC,01HNDC2A4FBQ000N9557VJ501H,2024-01-30T14:24:54.285096289Z,01HNDC2A4W0MVF0WFWE3QRW4PK,2024-01-30T14:24:54.285096289Z,01HNDC38V2G93RE564GF430461,2024-01-30T14:24:54.285096289Z
01HNDC5E39Q5CTY52Y11HJ7S7G,01HNDC24XVX52SMTNY59XNXGAF,2024-01-30T14:25:27.145830927Z,01HNDC24YTK2BJ29Y3EBY2BC28,2024-01-30T14:25:27.145830927Z,01HNDC2JDVGZF9389F8CNRE8X3,2024-01-30T14:25:27.145830927Z
01HNDC5E3CVQEJH0EC9X65GPH0,01HNDC24XVX52SMTNY59XNXGAF,2024-01-30T14:25:27.148107034Z,01HNDC24YTK2BJ29Y3EBY2BC28,2024-01-30T14:25:27.148107034Z,01HNDC2K7W5Z4ZZC8TF17EQJBD,2024-01-30T14:25:27.148107034Z
01HNDC5E3D8FAYBX62ZYPK5FBZ,01HNDC24XVX52SMTNY59XNXGAF,2024-01-30T14:25:27.149980437Z,01HNDC24YTK2BJ29Y3EBY2BC28,2024-01-30T14:25:27.149980437Z,01HNDC32M5XTBHKT64N7XPFFC8,2024-01-30T14:25:27.149980437Z
01HNDC5E3FH0HK55E4P3TK6W4G,01HNDC24XVX52SMTNY59XNXGAF,2024-01-30T14:25:27.151555802Z,01HNDC24YTK2BJ29Y3EBY2BC28,2024-01-30T14:25:27.151555802Z,01HNDC3GNAB9KAM86NV8D0A83V,2024-01-30T14:25:27.151555802Z
01HNDC5TF856EVJGPNDWTQDBKD,01HNDC2AJEJ0PA3YDXT72HTGD2,2024-01-30T14:25:39.81654264Z,01HNDC2AJZ3MCJA1MPDB6Y1F62,2024-01-30T14:25:39.81654264Z,01HNDC2GMYDJ85AZ6HCTM0KCE7,2024-01-30T14:25:39.81654264Z
01HNDC5TFB0JKDNTHQQTRBZAB9,01HNDC2AJEJ0PA3YDXT72HTGD2,2024-01-30T14:25:39.819506236Z,01HNDC2AJZ3MCJA1MPDB6Y1F62,2024-01-30T14:25:39.819506236Z,01HNDC2JEQ45P4PS1GNYHNMQDC,2024-01-30T14:25:39.819506236Z
01HNDC5TFDGM80CFJMMRQBZ229,01HNDC2AJEJ0PA3YDXT72HTGD2,2024-01-30T14:25:39.82152979Z,01HNDC2AJZ3MCJA1MPDB6Y1F62,2024-01-30T14:25:39.82152979Z,01HNDC2QD17Q0GF0GG9AAYT974,2024-01-30T14:25:39.82152979Z
01HNDC5TFFNTFQABQV24PVGCPN,01HNDC2AJEJ0PA3YDXT72HTGD2,2024-01-30T14:25:39.823257316Z,01HNDC2AJZ3MCJA1MPDB6Y1F62,2024-01-30T14:25:39.823257316Z,01HNDC2XVA6159MYXXV4NJ8CYP,2024-01-30T14:25:39.823257316Z
01HNDC6ACZDC7BBD5AA68XHQC1,01HNDC2AR4JECJS10ED1GS89EN,2024-01-30T14:25:56.127806081Z,01HNDC2ARHW1Y947E290943YY2,2024-01-30T14:25:56.127806081Z,01HNDC2EZ7BJQK05YQG6M48YGR,2024-01-30T14:25:56.127806081Z
01HNDC6AD2XR2EMMRK4H4GDXT7,01HNDC2AR4JECJS10ED1GS89EN,2024-01-30T14:25:56.130658735Z,01HNDC2ARHW1Y947E290943YY2,2024-01-30T14:25:56.130658735Z,01HNDC2T1DW3BSHDKF0KNXWSPK,2024-01-30T14:25:56.130658735Z
01HNDC6AD4MXW7334F0E4HN31V,01HNDC2AR4JECJS10ED1GS89EN,2024-01-30T14:25:56.132704317Z,01HNDC2ARHW1Y947E290943YY2,2024-01-30T14:25:56.132704317Z,01HNDC2TN6SV4FH6JBP3BQHT0Y,2024-01-30T14:25:56.132704317Z
01HNDC6AD7QZ93YD3XGMRWRJCC,01HNDC2AR4JECJS10ED1GS89EN,2024-01-30T14:25:56.135043655Z,01HNDC2ARHW1Y947E290943YY2,2024-01-30T14:25:56.135043655Z,01HNDC2ZDVQ42CDAZ2XZ7ZMPWK,2024-01-30T14:25:56.135043655Z
01HNDC6E7Q5VKSZC9C3BKA62F9,01HNDC2A4FBQ000N9557VJ501H,2024-01-30T14:26:00.055483524Z,01HNDC2A4VNJPH4WH9V4PA3H0M,2024-01-30T14:26:00.055483524Z,01HNDC2DC49BP2TY4MPWFH1ZFY,2024-01-30T14:26:00.055483524Z
01HNDC6E7TXZXH3CASMGYY4H88,01HNDC2A4FBQ000N9557VJ501H,2024-01-30T14:26:00.05807148Z,01HNDC2A4VNJPH4WH9V4PA3H0M,2024-01-30T14:26:00.05807148Z,01HNDC40RWJFYYMT8CYTH6KGQS,2024-01-30T14:26:00.05807148Z
01HNDC6E7WB7X3Y5J15VKW9STG,01HNDC2A4FBQ000N9557VJ501H,2024-01-30T14:26:00.060364366Z,01HNDC2A4VNJPH4WH9V4PA3H0M,2024-01-30T14:26:00.060364366Z,01HNDC54D6T7P37CQA8S39RPW2,2024-01-30T14:26:00.060364366Z
01HNDC6E7Y29N1BB1EKJAMCTKG,01HNDC2A4FBQ000N9557VJ501H,2024-01-30T14:26:00.062415506Z,01HNDC2A4VNJPH4WH9V4PA3H0M,2024-01-30T14:26:00.062415506Z,01HNDC54QCFEZST94NT66E1Y1V,2024-01-30T14:26:00.062415506Z
01HNDC6RQHTNE9WKEDADYCD1EZ,01HNDC2AJEJ0PA3YDXT72HTGD2,2024-01-30T14:26:10.801804404Z,01HNDC2AJXWT76YQQ38QCXAH1Z,2024-01-30T14:26:10.801804404Z,01HNDC2D8WY368FQYJB3AYA6PD,2024-01-30T14:26:10.801804404Z
01HNDC6RQN467RQQ5EFKEPS8CW,01HNDC2AJEJ0PA3YDXT72HTGD2,2024-01-30T14:26:10.805685166Z,01HNDC2AJXWT76YQQ38QCXAH1Z,2024-01-30T14:26:10.805685166Z,01HNDC2E1WE7V12AQSA0G9QV1A,2024-01-30T14:26:10.805685166Z
01HNDC6RQQ7BMJHNJJX4DY0G46,01HNDC2AJEJ0PA3YDXT72HTGD2,2024-01-30T14:26:10.808017729Z,01HNDC2AJXWT76YQQ38QCXAH1Z,2024-01-30T14:26:10.808017729Z,01HNDC32056SVS22YHNWC846HE,2024-01-30T14:26:10.808017729Z
01HNDC6RQSV0QKNYZJYGY3S6ZC,01HNDC2AJEJ0PA3YDXT72HTGD2,2024-01-30T14:26:10.810010976Z,01HNDC2AJXWT76YQQ38QCXAH1Z,2024-01-30T14:26:10.810010976Z,01HNDC3ZD7Z4ND0ZB1WQZND0M2,2024-01-30T14:26:10.810010976Z
01HNDC76EVEDN69ZM90HEFY669,01HNDC2AR4JECJS10ED1GS89EN,2024-01-30T14:26:24.859923802Z,01HNDC2ARG7ZAAN8F3DSRF55KQ,2024-01-30T14:26:24.859923802Z,01HNDC3DHQBFBFT6HMAEX3XT74,2024-01-30T14:26:24.859923802Z
01HNDC76EZG0YF34NF6AZKG9MW,01HNDC2AR4JECJS10ED1GS89EN,2024-01-30T14:26:24.863309882Z,01HNDC2ARG7ZAAN8F3DSRF55KQ,2024-01-30T14:26:24.863309882Z,01HNDC3VQPKD75BZVA7N38HVR5,2024-01-30T14:26:24.863309882Z
01HNDC76F2VJRNXGBMJ6552G0V,01HNDC2AR4JECJS10ED1GS89EN,2024-01-30T14:26:24.866496794Z,01HNDC2ARG7ZAAN8F3DSRF55KQ,2024-01-30T14:26:24.866496794Z,01HNDC3YJ79P4J8B855CRPRZS8,2024-01-30T14:26:24.866496794Z
01HNDC76F8GSEMS055NNX8WYPY,01HNDC2AR4JECJS10ED1GS89EN,2024-01-30T14:26:24.872414868Z,01HNDC2ARG7ZAAN8F3DSRF55KQ,2024-01-30T14:26:24.872414868Z,01HNDC5C4J29952SZDTVY7XS24,2024-01-30T14:26:24.872414868Z
01HNDC7KEV8SY0Q6W4TYME6Y89,01HNDC2AXW25WT5N58811CM7PF,2024-01-30T14:26:38.171225703Z,01HNDC2AYEQY9DGCMRSKBS5ZD5,2024-01-30T14:26:38.171225703Z,01HNDC2KJ0EXVFC41M8RJD09Q2,2024-01-30T14:26:38.171225703Z
01HNDC7KF2V5C6E0PCVYM2SQV3,01HNDC2AXW25WT5N58811CM7PF,2024-01-30T14:26:38.178982148Z,01HNDC2AYEQY9DGCMRSKBS5ZD5,2024-01-30T14:26:38.178982148Z,01HNDC2RN0CR9HQHXP5QMBNE5Z,2024-01-30T14:26:38.178982148Z
01HNDC7KF9F0G8B10TNFBYCQJE,01HNDC2AXW25WT5N58811CM7PF,2024-01-30T14:26:38.185571325Z,01HNDC2AYEQY9DGCMRSKBS5ZD5,2024-01-30T14:26:38.185571325Z,01HNDC3171AJM2PQR5WBSVZGMK,2024-01-30T14:26:38.185571325Z
01HNDC7KFGCF4FDWBGH89KRZPQ,01HNDC2AXW25WT5N58811CM7PF,2024-01-30T14:26:38.192514024Z,01HNDC2AYEQY9DGCMRSKBS5ZD5,2024-01-30T14:26:38.192514024Z,01HNDC32VSDAME0NX85G5DCB2M,2024-01-30T14:26:38.192514024Z
01HNDC7M401T3FGNDVRCRYZF31,01HNDC2AXW25WT5N58811CM7PF,2024-01-30T14:26:38.848991998Z,01HNDC2AYD78NVQPS5K3YNYW8T,2024-01-30T14:26:38.848991998Z,01HNDC2NNYVF7TG91HN1D9G6G1,2024-01-30T14:26:38.848991998Z
01HNDC7M45KXXN1T5VVE04ARTJ,01HNDC2AXW25WT5N58811CM7PF,2024-01-30T14:26:38.853085808Z,01HNDC2AYD78NVQPS5K3YNYW8T,2024-01-30T14:26:38.853085808Z,01HNDC41WAPFC1X05Y4S51AB97,2024-01-30T14:26:38.853085808Z
01HNDC7M48FEEEB5Y980PKZZ4E,01HNDC2AXW25WT5N58811CM7PF,2024-01-30T14:26:38.856832817Z,01HNDC2AYD78NVQPS5K3YNYW8T,2024-01-30T14:26:38.856832817Z,01HNDC5TCV4XRJQR0ZMGE8RH5T,2024-01-30T14:26:38.856832817Z
01HNDC7M4BJN16XKW7R7232SQP,01HNDC2AXW25WT5N58811CM7PF,2024-01-30T14:26:38.860024265Z,01HNDC2AYD78NVQPS5K3YNYW8T,2024-01-30T14:26:38.860024265Z,01HNDC6B7933V7CM72SWY59YEM,2024-01-30T14:26:38.860024265Z
01HNDC842YFWA9YBJ7C8CE34EQ,01HNDC2B2JZM9FDE71GANAG477,2024-01-30T14:26:55.198134626Z,01HNDC2B34SM3WBHSNQC5WFKD8,2024-01-30T14:26:55.198134626Z,01HNDC2RECB5TXN1MNC9WWGEYT,2024-01-30T14:26:55.198134626Z
01HNDC8432DA7MD24EK1TFMN1P,01HNDC2B2JZM9FDE71GANAG477,2024-01-30T14:26:55.202325412Z,01HNDC2B34SM3WBHSNQC5WFKD8,2024-01-30T14:26:55.202325412Z,01HNDC2W98ZXSTZ1FY1Y2QA804,2024-01-30T14:26:55.202325412Z
01HNDC8436XWJYWFSZRDEVAZX7,01HNDC2B2JZM9FDE71GANAG477,2024-01-30T14:26:55.206829354Z,01HNDC2B34SM3WBHSNQC5WFKD8,2024-01-30T14:26:55.206829354Z,01HNDC3J0W2AMK8Y8KPGS3A7GA,2024-01-30T14:26:55.206829354Z
01HNDC843VCN2RAZSEX53083VF,01HNDC2B2JZM9FDE71GANAG477,2024-01-30T14:26:55.227598516Z,01HNDC2B34SM3WBHSNQC5WFKD8,2024-01-30T14:26:55.227598516Z,01HNDC3RR8BFP7VX4ZFX3KCKNB,2024-01-30T14:26:55.227598516Z
01HNDC8ADBRQC4VD10883QS80D,01HNDC2B2JZM9FDE71GANAG477,2024-01-30T14:27:01.675937579Z,01HNDC2B35KCNCB7DCMR0PRVFE,2024-01-30T14:27:01.675937579Z,01HNDC2EA51NV23G21XTGEAGK8,2024-01-30T14:27:01.675937579Z
01HNDC8ADGDRFBNVXWB1E51A4D,01HNDC2B2JZM9FDE71GANAG477,2024-01-30T14:27:01.680643821Z,01HNDC2B35KCNCB7DCMR0PRVFE,2024-01-30T14:27:01.680643821Z,01HNDC316ECWM5ZVFX5VYXG1N4,2024-01-30T14:27:01.680643821Z
01HNDC8ADN372XF2Y661XVYTZV,01HNDC2B2JZM9FDE71GANAG477,2024-01-30T14:27:01.68557666Z,01HNDC2B35KCNCB7DCMR0PRVFE,2024-01-30T14:27:01.68557666Z,01HNDC37HF50BP15M22SWT48ZV,2024-01-30T14:27:01.68557666Z
01HNDC8ADT3BN9E60TJH5XXVD2,01HNDC2B2JZM9FDE71GANAG477,2024-01-30T14:27:01.690280747Z,01HNDC2B35KCNCB7DCMR0PRVFE,2024-01-30T14:27:01.690280747Z,01HNDC7EPC7VTQPXDNX7RPNQSJ,2024-01-30T14:27:01.690280747Z
01HNDC8NCGZEVYCY2J5F4Y5609,01HNDC2B7TVF69V3JA57K75TE4,2024-01-30T14:27:12.912383517Z,01HNDC2B8DN3C5F3W5HR7P7DG3,2024-01-30T14:27:12.912383517Z,01HNDC2WDFPJCZWS8K5W3V3MDB,2024-01-30T14:27:12.912383517Z
01HNDC8NCRXGNZ59FZKRQY561H,01HNDC2B7TVF69V3JA57K75TE4,2024-01-30T14:27:12.92089717Z,01HNDC2B8DN3C5F3W5HR7P7DG3,2024-01-30T14:27:12.92089717Z,01HNDC46Y44CB4JPZ3418PN39K,2024-01-30T14:27:12.92089717Z
01HNDC8ND0G90A8AZXQ1YCW85H,01HNDC2B7TVF69V3JA57K75TE4,2024-01-30T14:27:12.928520664Z,01HNDC2B8DN3C5F3W5HR7P7DG3,2024-01-30T14:27:12.928520664Z,01HNDC5RQD0G31WP42ZWKTYQTQ,2024-01-30T14:27:12.928520664Z
01HNDC8ND8CXV2SCDXZJEQEAVF,01HNDC2B7TVF69V3JA57K75TE4,2024-01-30T14:27:12.93656753Z,01HNDC2B8DN3C5F3W5HR7P7DG3,2024-01-30T14:27:12.93656753Z,01HNDC6D84XCESFNT6AVBCK5QH,2024-01-30T14:27:12.93656753Z
01HNDC9D3VYRMT1XCZE86CW5KW,01HNDC2BCF2Q04EJEDP07GAD7W,2024-01-30T14:27:37.211700566Z,01HNDC2BCZKEANV43CSR2SX936,2024-01-30T14:27:37.211700566Z,01HNDC34CKXEPS5QJZ3Y751GYZ,2024-01-30T14:27:37.211700566Z
01HNDC9D42AYKM9XSY9Y2ECA0B,01HNDC2BCF2Q04EJEDP07GAD7W,2024-01-30T14:27:37.2182011Z,01HNDC2BCZKEANV43CSR2SX936,2024-01-30T14:27:37.2182011Z,01HNDC465KVGQYVMC8H6CFZ691,2024-01-30T14:27:37.2182011Z
01HNDC9D47NTV1KGT4P9K51SKZ,01HNDC2BCF2Q04EJEDP07GAD7W,2024-01-30T14:27:37.223907769Z,01HNDC2BCZKEANV43CSR2SX936,2024-01-30T14:27:37.223907769Z,01HNDC6F2X9QTEFCW1M76SR000,2024-01-30T14:27:37.223907769Z
01HNDC9D4DNZA10HPNKZS7HVR0,01HNDC2BCF2Q04EJEDP07GAD7W,2024-01-30T14:27:37.229326891Z,01HNDC2BCZKEANV43CSR2SX936,2024-01-30T14:27:37.229326891Z,01HNDC7EB8H0D79PCRHTWNYV6V,2024-01-30T14:27:37.229326891Z
01HNDC9X6170SS7J1WAGJB10ZA,01HNDC2BH6A3SBS8BVE2ZJJ5GS,2024-01-30T14:27:53.665748702Z,01HNDC2BHM393KXWD5YX385MNA,2024-01-30T14:27:53.665748702Z,01HNDC2KYT94PCT4ZA5Y8BZPBC,2024-01-30T14:27:53.665748702Z
01HNDC9X69SRFFRG2A0CEQKWN9,01HNDC2BH6A3SBS8BVE2ZJJ5GS,2024-01-30T14:27:53.673685378Z,01HNDC2BHM393KXWD5YX385MNA,2024-01-30T14:27:53.673685378Z,01HNDC2QT04R8SVHRD9K7K1RZT,2024-01-30T14:27:53.673685378Z
01HNDC9X7GED4NYWY8YCVW6FFP,01HNDC2BH6A3SBS8BVE2ZJJ5GS,2024-01-30T14:27:53.712948031Z,01HNDC2BHM393KXWD5YX385MNA,2024-01-30T14:27:53.712948031Z,01HNDC46455P8KMWFYTTK3GN30,2024-01-30T14:27:53.712948031Z
01HNDC9X7R71DJ6M022AKVNK2A,01HNDC2BH6A3SBS8BVE2ZJJ5GS,2024-01-30T14:27:53.720591607Z,01HNDC2BHM393KXWD5YX385MNA,2024-01-30T14:27:53.720591607Z,01HNDC77RXJRB1MGN5JAKRCTDK,2024-01-30T14:27:53.720591607Z
01HNDC9Z8C16EWNGR3M72254Z2,01HNDC2B7TVF69V3JA57K75TE4,2024-01-30T14:27:55.788321648Z,01HNDC2B8FKGDT3V32Q8939JTY,2024-01-30T14:27:55.788321648Z,01HNDC2KSQ3P0AYVWH1ZXPC2XK,2024-01-30T14:27:55.788321648Z
01HNDC9Z8MDEX3CFHRKFX99ZJ5,01HNDC2B7TVF69V3JA57K75TE4,2024-01-30T14:27:55.796359267Z,01HNDC2B8FKGDT3V32Q8939JTY,2024-01-30T14:27:55.796359267Z,01HNDC2VS3510EM6Z23Q3MZ2B0,2024-01-30T14:27:55.796359267Z
01HNDC9Z8T041YNGRMJ2FN0Q83,01HNDC2B7TVF69V3JA57K75TE4,2024-01-30T14:27:55.802996117Z,01HNDC2B8FKGDT3V32Q8939JTY,2024-01-30T14:27:55.802996117Z,01HNDC2YCSEECMSYZVDAG2X9MA,2024-01-30T14:27:55.802996117Z
01HNDC9Z925D6HSGV3QMPKAM20,01HNDC2B7TVF69V3JA57K75TE4,2024-01-30T14:27:55.810249889Z,01HNDC2B8FKGDT3V32Q8939JTY,2024-01-30T14:27:55.810249889Z,01HNDC32J33J2XEPW18WFS46NY,2024-01-30T14:27:55.810249889Z
01HNDCA6H3K4TWSXYBQAPV7GRK,01HNDC2BPDY9CHK7S2KNGBSVBC,2024-01-30T14:28:03.235348095Z,01HNDC2BQ00H9XZGC03T039MMS,2024-01-30T14:28:03.235348095Z,01HNDC2T6NS2A5F09RNW3GEF2V,2024-01-30T14:28:03.235348095Z
01HNDCA6HBJGW0PR7H9VKWXYTA,01HNDC2BPDY9CHK7S2KNGBSVBC,2024-01-30T14:28:03.243836813Z,01HNDC2BQ00H9XZGC03T039MMS,2024-01-30T14:28:03.243836813Z,01HNDC426S45EHRYBXWQF9H8BR,2024-01-30T14:28:03.243836813Z
01HNDCA6HNWTDCGXVKMQ2SD2YN,01HNDC2BPDY9CHK7S2KNGBSVBC,2024-01-30T14:28:03.253822797Z,01HNDC2BQ00H9XZGC03T039MMS,2024-01-30T14:28:03.253822797Z,01HNDC497MFXJXTEY7ZXA0E3BW,2024-01-30T14:28:03.253822797Z
01HNDCA6HY23AJ26R9X04WKD0B,01HNDC2BPDY9CHK7S2KNGBSVBC,2024-01-30T14:28:03.262274599Z,01HNDC2BQ00H9XZGC03T039MMS,2024-01-30T14:28:03.262274599Z,01HNDC5EHSR57YAB30TXRQR5FA,2024-01-30T14:28:03.262274599Z
01HNDCAGVX3764TD9AQPT2DAJT,01HNDC2SCDA2PS3G1H5HTTA4BW,2024-01-30T14:28:13.821134628Z,01HNDC2SCXASWZV5MN736AMWE2,2024-01-30T14:28:13.821134628Z,01HNDC2W49FHKX2FGA55N535Z3,2024-01-30T14:28:13.821134628Z
01HNDCAGW5YPS3E213XZXVTEEG,01HNDC2SCDA2PS3G1H5HTTA4BW,2024-01-30T14:28:13.829311863Z,01HNDC2SCXASWZV5MN736AMWE2,2024-01-30T14:28:13.829311863Z,01HNDC52GPDXSRZQQKT8V134QP,2024-01-30T14:28:13.829311863Z
01HNDCAGWDA31HW7QSGMM022D4,01HNDC2SCDA2PS3G1H5HTTA4BW,2024-01-30T14:28:13.837070888Z,01HNDC2SCXASWZV5MN736AMWE2,2024-01-30T14:28:13.837070888Z,01HNDC5TAXY2N1AGFGSX9AY5DK,2024-01-30T14:28:13.837070888Z
01HNDCAGWNE5G7KBR49HQHNF15,01HNDC2SCDA2PS3G1H5HTTA4BW,2024-01-30T14:28:13.84583029Z,01HNDC2SCXASWZV5MN736AMWE2,2024-01-30T14:28:13.84583029Z,01HNDC6R63PP5AXE04CNS7DDKX,2024-01-30T14:28:13.84583029Z
01HNDCBCXMHSFB07M487ZJRKM9,01HNDC2SJ65AP7H2DT0N9NGY4A,2024-01-30T14:28:42.548610318Z,01HNDC2SJR3K7AYMSQGCJTX52W,2024-01-30T14:28:42.548610318Z,01HNDC2FPZZGQYK3W33VGS3NHC,2024-01-30T14:28:42.548610318Z
01HNDCBCXYPKMJEH9AEGZH22FA,01HNDC2SJ65AP7H2DT0N9NGY4A,2024-01-30T14:28:42.558589621Z,01HNDC2SJR3K7AYMSQGCJTX52W,2024-01-30T14:28:42.558589621Z,01HNDC4ECJZ3TXV68P7GJ4JKVX,2024-01-30T14:28:42.558589621Z
01HNDCBCY8WBVRWHXG6XW139M8,01HNDC2SJ65AP7H2DT0N9NGY4A,2024-01-30T14:28:42.568828415Z,01HNDC2SJR3K7AYMSQGCJTX52W,2024-01-30T14:28:42.568828415Z,01HNDC57GTCRFAQF471EZKJ3TQ,2024-01-30T14:28:42.568828415Z
01HNDCBCYHNK10PGYXC5MHHFFE,01HNDC2SJ65AP7H2DT0N9NGY4A,2024-01-30T14:28:42.577795465Z,01HNDC2SJR3K7AYMSQGCJTX52W,2024-01-30T14:28:42.577795465Z,01HNDC6FMQSX7TXVHEXS0JEK6Y,2024-01-30T14:28:42.577795465Z
01HNDCBR43BTJFCKB2V1DSVH0M,01HNDC2SZRQFKQY4T3TCVR8R41,2024-01-30T14:28:54.019223489Z,01HNDC2T05X9ANCWST3ZR6T9ZN,2024-01-30T14:28:54.019223489Z,01HNDC5XP6H9ESMHR8CFF17GX2,2024-01-30T14:28:54.019223489Z
01HNDCBR4DW51VMR8AA9F0QVDC,01HNDC2SZRQFKQY4T3TCVR8R41,2024-01-30T14:28:54.029144797Z,01HNDC2T05X9ANCWST3ZR6T9ZN,2024-01-30T14:28:54.029144797Z,01HNDC6XK1T7DHGV9ADB2JDP6F,2024-01-30T14:28:54.029144797Z
01HNDCBR4RR3F5ZNBCJM09CAYN,01HNDC2SZRQFKQY4T3TCVR8R41,2024-01-30T14:28:54.040433882Z,01HNDC2T05X9ANCWST3ZR6T9ZN,2024-01-30T14:28:54.040433882Z,01HNDC71TYH3NY3KSEG2B7HSW8,2024-01-30T14:28:54.040433882Z
01HNDCBR514K5T0DYAA940CF4N,01HNDC2SZRQFKQY4T3TCVR8R41,2024-01-30T14:28:54.049693348Z,01HNDC2T05X9ANCWST3ZR6T9ZN,2024-01-30T14:28:54.049693348Z,01HNDC7HHNXGXS3C0MKJ87T7PZ,2024-01-30T14:28:54.049693348Z
01HNDCBW0PH8DNTFQWTAYH3T6N,01HNDC2BCF2Q04EJEDP07GAD7W,2024-01-30T14:28:58.006969638Z,01HNDC2BD2CYYGE2P21S9MVE68,2024-01-30T14:28:58.006969638Z,01HNDC2R85HFQNQHZFCY3JF54Y,2024-01-30T14:28:58.006969638Z
01HNDCBW1CFBDVAZN7BM4EG32N,01HNDC2BCF2Q04EJEDP07GAD7W,2024-01-30T14:28:58.028982972Z,01HNDC2BD2CYYGE2P21S9MVE68,2024-01-30T14:28:58.028982972Z,01HNDC2ZX688VV33X0YAXKVE60,2024-01-30T14:28:58.028982972Z
01HNDCBW22MASH1ZB7FPXMQJQC,01HNDC2BCF2Q04EJEDP07GAD7W,2024-01-30T14:28:58.05016914Z,01HNDC2BD2CYYGE2P21S9MVE68,2024-01-30T14:28:58.05016914Z,01HNDC7TTMB3KVZPJWX1P1KNE4,2024-01-30T14:28:58.05016914Z
01HNDCBW2PF901YNT19ENGJBT0,01HNDC2BCF2Q04EJEDP07GAD7W,2024-01-30T14:28:58.070457309Z,01HNDC2BD2CYYGE2P21S9MVE68,2024-01-30T14:28:58.070457309Z,01HNDC84D3RQB769YTXSKH5CT8,2024-01-30T14:28:58.070457309Z
01HNDCCMNW2SEBMYFH11FZVP87,01HNDC2T4B5RG8B9H5Q1KE1XB6,2024-01-30T14:29:23.260862964Z,01HNDC2T50J2XXFGA5JYGG22V8,2024-01-30T14:29:23.260862964Z,01HNDC361D0ACGSW9CBF4KJRQB,2024-01-30T14:29:23.260862964Z
01HNDCCMPBNRCDNKPX7V731V7X,01HNDC2T4B5RG8B9H5Q1KE1XB6,2024-01-30T14:29:23.276001552Z,01HNDC2T50J2XXFGA5JYGG22V8,2024-01-30T14:29:23.276001552Z,01HNDC62S3XQRYNJPQV3X9N8Y3,2024-01-30T14:29:23.276001552Z
01HNDCCMPYYNJP6FNRN447W43Z,01HNDC2T4B5RG8B9H5Q1KE1XB6,2024-01-30T14:29:23.294838465Z,01HNDC2T50J2XXFGA5JYGG22V8,2024-01-30T14:29:23.294838465Z,01HNDC6HRX8TM5AM9VA2R3W3CJ,2024-01-30T14:29:23.294838465Z
01HNDCCMQCRXGG7TQQ2T2298XK,01HNDC2T4B5RG8B9H5Q1KE1XB6,2024-01-30T14:29:23.308642121Z,01HNDC2T50J2XXFGA5JYGG22V8,2024-01-30T14:29:23.308642121Z,01HNDC7GNRQ0M1WPYRNHW956CT,2024-01-30T14:29:23.308642121Z
01HNDCDE3EW3C858S5KX01NAKQ,01HNDC2T9086DX7XT72GXZ7QDP,2024-01-30T14:29:49.294893189Z,01HNDC2T9QZ0CEMWT2GMJKQVAP,2024-01-30T14:29:49.294893189Z,01HNDC57PD7R9GKC45YN3905TG,2024-01-30T14:29:49.294893189Z
01HNDCDE43QZ1Y1DXNNVZNHX2E,01HNDC2T9086DX7XT72GXZ7QDP,2024-01-30T14:29:49.315511359Z,01HNDC2T9QZ0CEMWT2GMJKQVAP,2024-01-30T14:29:49.315511359Z,01HNDC5R86HA87TRZ6ED81KJ7S,2024-01-30T14:29:49.315511359Z
01HNDCDE72Q6RBNB0VWJHTTCJT,01HNDC2T9086DX7XT72GXZ7QDP,2024-01-30T14:29:49.410881485Z,01HNDC2T9QZ0CEMWT2GMJKQVAP,2024-01-30T14:29:49.410881485Z,01HNDC5XK8N3JYR7MC21HE19S9,2024-01-30T14:29:49.410881485Z
01HNDCDE7HTFDJ3GRSETQDM4MM,01HNDC2T9086DX7XT72GXZ7QDP,2024-01-30T14:29:49.425748472Z,01HNDC2T9QZ0CEMWT2GMJKQVAP,2024-01-30T14:29:49.425748472Z,01HNDC6M3F63ANYY9TP9NH7V6F,2024-01-30T14:29:49.425748472Z
01HNDCEX8R766R5N69MA8PZMEB,01HNDC8WN0SQ1BT1JH2SZ09W6V,2024-01-30T14:30:37.592405061Z,01HNDC8WNN4N7QKYAJP6CFRVS3,2024-01-30T14:30:37.592405061Z,01HNDC2WPD9GKYGPA90C6RHKAM,2024-01-30T14:30:37.592405061Z
01HNDCEX96VJJBS0RFAC0K79AR,01HNDC8WN0SQ1BT1JH2SZ09W6V,2024-01-30T14:30:37.606298408Z,01HNDC8WNN4N7QKYAJP6CFRVS3,2024-01-30T14:30:37.606298408Z,01HNDC3TG93HXXWHMT7CNJ7SW5,2024-01-30T14:30:37.606298408Z
01HNDCEXA5FJ3CFKGTAE8K1M51,01HNDC8WN0SQ1BT1JH2SZ09W6V,2024-01-30T14:30:37.637382226Z,01HNDC8WNN4N7QKYAJP6CFRVS3,2024-01-30T14:30:37.637382226Z,01HNDC5FEJ9NB4NJMA2MQQDX23,2024-01-30T14:30:37.637382226Z
01HNDCEXAKKSP8ZM6V2BGKP625,01HNDC8WN0SQ1BT1JH2SZ09W6V,2024-01-30T14:30:37.651302623Z,01HNDC8WNN4N7QKYAJP6CFRVS3,2024-01-30T14:30:37.651302623Z,01HNDC68AXAHX4C5N0AVJ0VNJ7,2024-01-30T14:30:37.651302623Z
01HNDCFKNARFV3CJSRP4HHSA9F,01HNDC2BH6A3SBS8BVE2ZJJ5GS,2024-01-30T14:31:00.522861507Z,01HNDC2BHKP224T7BNRPVGQB6Q,2024-01-30T14:31:00.522861507Z,01HNDC2ZCDE0JYX5ZJSJRDM3GJ,2024-01-30T14:31:00.522861507Z
01HNDCFKNTQNYQ9RE0VD1EJWM2,01HNDC2BH6A3SBS8BVE2ZJJ5GS,2024-01-30T14:31:00.538115593Z,01HNDC2BHKP224T7BNRPVGQB6Q,2024-01-30T14:31:00.538115593Z,01HNDC3JE91CAPKNSP22YD8VDV,2024-01-30T14:31:00.538115593Z
01HNDCFKP7SXRR5EEYK3PD6AG9,01HNDC2BH6A3SBS8BVE2ZJJ5GS,2024-01-30T14:31:00.551467718Z,01HNDC2BHKP224T7BNRPVGQB6Q,2024-01-30T14:31:00.551467718Z,01HNDC7N28YC65GMQPXNG04ERJ,2024-01-30T14:31:00.551467718Z
01HNDCFKPNG7F9PFZ7Z927T4H0,01HNDC2BH6A3SBS8BVE2ZJJ5GS,2024-01-30T14:31:00.565260496Z,01HNDC2BHKP224T7BNRPVGQB6Q,2024-01-30T14:31:00.565260496Z,01HNDCBSZR6Y1CQF5EFB437RZP,2024-01-30T14:31:00.565260496Z
01HNDC3RTDQNWM2WFD7YPVZ7B2,01HNDC24XVX52SMTNY59XNXGAF,2024-01-30T14:24:32.589616683Z,01HNDC24YW8330C3H47G3JKDYP,2024-01-30T14:24:32.589616683Z,01HNDC2D2TFSMXE4B7XCE0TZ55,2024-01-30T14:24:32.589616683Z
01HNDC3RTG1QTMECP0G20RBM6Y,01HNDC24XVX52SMTNY59XNXGAF,2024-01-30T14:24:32.592099919Z,01HNDC24YW8330C3H47G3JKDYP,2024-01-30T14:24:32.592099919Z,01HNDC2FA3VYEHGW3KZ6J12D0S,2024-01-30T14:24:32.592099919Z
01HNDC3RTJK6VTQMWAJXEVN9PA,01HNDC24XVX52SMTNY59XNXGAF,2024-01-30T14:24:32.5942918Z,01HNDC24YW8330C3H47G3JKDYP,2024-01-30T14:24:32.5942918Z,01HNDC2H97MM64929JJZXZ4620,2024-01-30T14:24:32.5942918Z
01HNDC3RTMTMZS9ZWXM2XHDF3W,01HNDC24XVX52SMTNY59XNXGAF,2024-01-30T14:24:32.596357568Z,01HNDC24YW8330C3H47G3JKDYP,2024-01-30T14:24:32.596357568Z,01HNDC30EDNEK5D4SPK46XX8X8,2024-01-30T14:24:32.596357568Z
01HNDC4E05Q3PT1MDF0W1F1T9A,01HNDC2A4FBQ000N9557VJ501H,2024-01-30T14:24:54.277578483Z,01HNDC2A4W0MVF0WFWE3QRW4PK,2024-01-30T14:24:54.277578483Z,01HNDC2ANR1XXE71NH09663030,2024-01-30T14:24:54.277578483Z
01HNDC4E082A56NEDGMPPHN37W,01HNDC2A4FBQ000N9557VJ501H,2024-01-30T14:24:54.280307749Z,01HNDC2A4W0MVF0WFWE3QRW4PK,2024-01-30T14:24:54.280307749Z,01HNDC2BWH5SYS98M56DZ07EEP,2024-01-30T14:24:54.280307749Z
01HNDC4E0A66W4EX5DQA4BQ036,01HNDC2A4FBQ000N9557VJ501H,2024-01-30T14:24:54.282824186Z,01HNDC2A4W0MVF0WFWE3QRW4PK,2024-01-30T14:24:54.282824186Z,01HNDC31WYP14N9WEZ0NCMDYTR,2024-01-30T14:24:54.282824186Z
01HNDC4E0D8F8RYK16KJ7CZJZC,01HNDC2A4FBQ000N9557VJ501H,2024-01-30T14:24:54.285096289Z,01HNDC2A4W0MVF0WFWE3QRW4PK,2024-01-30T14:24:54.285096289Z,01HNDC38V2G93RE564GF430461,2024-01-30T14:24:54.285096289Z
01HNDC5E39Q5CTY52Y11HJ7S7G,01HNDC24XVX52SMTNY59XNXGAF,2024-01-30T14:25:27.145830927Z,01HNDC24YTK2BJ29Y3EBY2BC28,2024-01-30T14:25:27.145830927Z,01HNDC2JDVGZF9389F8CNRE8X3,2024-01-30T14:25:27.145830927Z
01HNDC5E3CVQEJH0EC9X65GPH0,01HNDC24XVX52SMTNY59XNXGAF,2024-01-30T14:25:27.148107034Z,01HNDC24YTK2BJ29Y3EBY2BC28,2024-01-30T14:25:27.148107034Z,01HNDC2K7W5Z4ZZC8TF17EQJBD,2024-01-30T14:25:27.148107034Z
01HNDC5E3D8FAYBX62ZYPK5FBZ,01HNDC24XVX52SMTNY59XNXGAF,2024-01-30T14:25:27.149980437Z,01HNDC24YTK2BJ29Y3EBY2BC28,2024-01-30T14:25:27.149980437Z,01HNDC32M5XTBHKT64N7XPFFC8,2024-01-30T14:25:27.149980437Z
01HNDC5E3FH0HK55E4P3TK6W4G,01HNDC24XVX52SMTNY59XNXGAF,2024-01-30T14:25:27.151555802Z,01HNDC24YTK2BJ29Y3EBY2BC28,2024-01-30T14:25:27.151555802Z,01HNDC3GNAB9KAM86NV8D0A83V,2024-01-30T14:25:27.151555802Z
01HNDC5TF856EVJGPNDWTQDBKD,01HNDC2AJEJ0PA3YDXT72HTGD2,2024-01-30T14:25:39.81654264Z,01HNDC2AJZ3MCJA1MPDB6Y1F62,2024-01-30T14:25:39.81654264Z,01HNDC2GMYDJ85AZ6HCTM0KCE7,2024-01-30T14:25:39.81654264Z
01HNDC5TFB0JKDNTHQQTRBZAB9,01HNDC2AJEJ0PA3YDXT72HTGD2,2024-01-30T14:25:39.819506236Z,01HNDC2AJZ3MCJA1MPDB6Y1F62,2024-01-30T14:25:39.819506236Z,01HNDC2JEQ45P4PS1GNYHNMQDC,2024-01-30T14:25:39.819506236Z
01HNDC5TFDGM80CFJMMRQBZ229,01HNDC2AJEJ0PA3YDXT72HTGD2,2024-01-30T14:25:39.82152979Z,01HNDC2AJZ3MCJA1MPDB6Y1F62,2024-01-30T14:25:39.82152979Z,01HNDC2QD17Q0GF0GG9AAYT974,2024-01-30T14:25:39.82152979Z
01HNDC5TFFNTFQABQV24PVGCPN,01HNDC2AJEJ0PA3YDXT72HTGD2,2024-01-30T14:25:39.823257316Z,01HNDC2AJZ3MCJA1MPDB6Y1F62,2024-01-30T14:25:39.823257316Z,01HNDC2XVA6159MYXXV4NJ8CYP,2024-01-30T14:25:39.823257316Z
01HNDC6ACZDC7BBD5AA68XHQC1,01HNDC2AR4JECJS10ED1GS89EN,2024-01-30T14:25:56.127806081Z,01HNDC2ARHW1Y947E290943YY2,2024-01-30T14:25:56.127806081Z,01HNDC2EZ7BJQK05YQG6M48YGR,2024-01-30T14:25:56.127806081Z
01HNDC6AD2XR2EMMRK4H4GDXT7,01HNDC2AR4JECJS10ED1GS89EN,2024-01-30T14:25:56.130658735Z,01HNDC2ARHW1Y947E290943YY2,2024-01-30T14:25:56.130658735Z,01HNDC2T1DW3BSHDKF0KNXWSPK,2024-01-30T14:25:56.130658735Z
01HNDC6AD4MXW7334F0E4HN31V,01HNDC2AR4JECJS10ED1GS89EN,2024-01-30T14:25:56.132704317Z,01HNDC2ARHW1Y947E290943YY2,2024-01-30T14:25:56.132704317Z,01HNDC2TN6SV4FH6JBP3BQHT0Y,2024-01-30T14:25:56.132704317Z
01HNDC6AD7QZ93YD3XGMRWRJCC,01HNDC2AR4JECJS10ED1GS89EN,2024-01-30T14:25:56.135043655Z,01HNDC2ARHW1Y947E290943YY2,2024-01-30T14:25:56.135043655Z,01HNDC2ZDVQ42CDAZ2XZ7ZMPWK,2024-01-30T14:25:56.135043655Z
01HNDC6E7Q5VKSZC9C3BKA62F9,01HNDC2A4FBQ000N9557VJ501H,2024-01-30T14:26:00.055483524Z,01HNDC2A4VNJPH4WH9V4PA3H0M,2024-01-30T14:26:00.055483524Z,01HNDC2DC49BP2TY4MPWFH1ZFY,2024-01-30T14:26:00.055483524Z
01HNDC6E7TXZXH3CASMGYY4H88,01HNDC2A4FBQ000N9557VJ501H,2024-01-30T14:26:00.05807148Z,01HNDC2A4VNJPH4WH9V4PA3H0M,2024-01-30T14:26:00.05807148Z,01HNDC40RWJFYYMT8CYTH6KGQS,2024-01-30T14:26:00.05807148Z
01HNDC6E7WB7X3Y5J15VKW9STG,01HNDC2A4FBQ000N9557VJ501H,2024-01-30T14:26:00.060364366Z,01HNDC2A4VNJPH4WH9V4PA3H0M,2024-01-30T14:26:00.060364366Z,01HNDC54D6T7P37CQA8S39RPW2,2024-01-30T14:26:00.060364366Z
01HNDC6E7Y29N1BB1EKJAMCTKG,01HNDC2A4FBQ000N9557VJ501H,2024-01-30T14:26:00.062415506Z,01HNDC2A4VNJPH4WH9V4PA3H0M,2024-01-30T14:26:00.062415506Z,01HNDC54QCFEZST94NT66E1Y1V,2024-01-30T14:26:00.062415506Z
01HNDC6RQHTNE9WKEDADYCD1EZ,01HNDC2AJEJ0PA3YDXT72HTGD2,2024-01-30T14:26:10.801804404Z,01HNDC2AJXWT76YQQ38QCXAH1Z,2024-01-30T14:26:10.801804404Z,01HNDC2D8WY368FQYJB3AYA6PD,2024-01-30T14:26:10.801804404Z
01HNDC6RQN467RQQ5EFKEPS8CW,01HNDC2AJEJ0PA3YDXT72HTGD2,2024-01-30T14:26:10.805685166Z,01HNDC2AJXWT76YQQ38QCXAH1Z,2024-01-30T14:26:10.805685166Z,01HNDC2E1WE7V12AQSA0G9QV1A,2024-01-30T14:26:10.805685166Z
01HNDC6RQQ7BMJHNJJX4DY0G46,01HNDC2AJEJ0PA3YDXT72HTGD2,2024-01-30T14:26:10.808017729Z,01HNDC2AJXWT76YQQ38QCXAH1Z,2024-01-30T14:26:10.808017729Z,01HNDC32056SVS22YHNWC846HE,2024-01-30T14:26:10.808017729Z
01HNDC6RQSV0QKNYZJYGY3S6ZC,01HNDC2AJEJ0PA3YDXT72HTGD2,2024-01-30T14:26:10.810010976Z,01HNDC2AJXWT76YQQ38QCXAH1Z,2024-01-30T14:26:10.810010976Z,01HNDC3ZD7Z4ND0ZB1WQZND0M2,2024-01-30T14:26:10.810010976Z
01HNDC76EVEDN69ZM90HEFY669,01HNDC2AR4JECJS10ED1GS89EN,2024-01-30T14:26:24.859923802Z,01HNDC2ARG7ZAAN8F3DSRF55KQ,2024-01-30T14:26:24.859923802Z,01HNDC3DHQBFBFT6HMAEX3XT74,2024-01-30T14:26:24.859923802Z
01HNDC76EZG0YF34NF6AZKG9MW,01HNDC2AR4JECJS10ED1GS89EN,2024-01-30T14:26:24.863309882Z,01HNDC2ARG7ZAAN8F3DSRF55KQ,2024-01-30T14:26:24.863309882Z,01HNDC3VQPKD75BZVA7N38HVR5,2024-01-30T14:26:24.863309882Z
01HNDC76F2VJRNXGBMJ6552G0V,01HNDC2AR4JECJS10ED1GS89EN,2024-01-30T14:26:24.866496794Z,01HNDC2ARG7ZAAN8F3DSRF55KQ,2024-01-30T14:26:24.866496794Z,01HNDC3YJ79P4J8B855CRPRZS8,2024-01-30T14:26:24.866496794Z
01HNDC76F8GSEMS055NNX8WYPY,01HNDC2AR4JECJS10ED1GS89EN,2024-01-30T14:26:24.872414868Z,01HNDC2ARG7ZAAN8F3DSRF55KQ,2024-01-30T14:26:24.872414868Z,01HNDC5C4J29952SZDTVY7XS24,2024-01-30T14:26:24.872414868Z
01HNDC7KEV8SY0Q6W4TYME6Y89,01HNDC2AXW25WT5N58811CM7PF,2024-01-30T14:26:38.171225703Z,01HNDC2AYEQY9DGCMRSKBS5ZD5,2024-01-30T14:26:38.171225703Z,01HNDC2KJ0EXVFC41M8RJD09Q2,2024-01-30T14:26:38.171225703Z
01HNDC7KF2V5C6E0PCVYM2SQV3,01HNDC2AXW25WT5N58811CM7PF,2024-01-30T14:26:38.178982148Z,01HNDC2AYEQY9DGCMRSKBS5ZD5,2024-01-30T14:26:38.178982148Z,01HNDC2RN0CR9HQHXP5QMBNE5Z,2024-01-30T14:26:38.178982148Z
01HNDC7KF9F0G8B10TNFBYCQJE,01HNDC2AXW25WT5N58811CM7PF,2024-01-30T14:26:38.185571325Z,01HNDC2AYEQY9DGCMRSKBS5ZD5,2024-01-30T14:26:38.185571325Z,01HNDC3171AJM2PQR5WBSVZGMK,2024-01-30T14:26:38.185571325Z
01HNDC7KFGCF4FDWBGH89KRZPQ,01HNDC2AXW25WT5N58811CM7PF,2024-01-30T14:26:38.192514024Z,01HNDC2AYEQY9DGCMRSKBS5ZD5,2024-01-30T14:26:38.192514024Z,01HNDC32VSDAME0NX85G5DCB2M,2024-01-30T14:26:38.192514024Z
01HNDC7M401T3FGNDVRCRYZF31,01HNDC2AXW25WT5N58811CM7PF,2024-01-30T14:26:38.848991998Z,01HNDC2AYD78NVQPS5K3YNYW8T,2024-01-30T14:26:38.848991998Z,01HNDC2NNYVF7TG91HN1D9G6G1,2024-01-30T14:26:38.848991998Z
01HNDC7M45KXXN1T5VVE04ARTJ,01HNDC2AXW25WT5N58811CM7PF,2024-01-30T14:26:38.853085808Z,01HNDC2AYD78NVQPS5K3YNYW8T,2024-01-30T14:26:38.853085808Z,01HNDC41WAPFC1X05Y4S51AB97,2024-01-30T14:26:38.853085808Z
01HNDC7M48FEEEB5Y980PKZZ4E,01HNDC2AXW25WT5N58811CM7PF,2024-01-30T14:26:38.856832817Z,01HNDC2AYD78NVQPS5K3YNYW8T,2024-01-30T14:26:38.856832817Z,01HNDC5TCV4XRJQR0ZMGE8RH5T,2024-01-30T14:26:38.856832817Z
01HNDC7M4BJN16XKW7R7232SQP,01HNDC2AXW25WT5N58811CM7PF,2024-01-30T14:26:38.860024265Z,01HNDC2AYD78NVQPS5K3YNYW8T,2024-01-30T14:26:38.860024265Z,01HNDC6B7933V7CM72SWY59YEM,2024-01-30T14:26:38.860024265Z
01HNDC842YFWA9YBJ7C8CE34EQ,01HNDC2B2JZM9FDE71GANAG477,2024-01-30T14:26:55.198134626Z,01HNDC2B34SM3WBHSNQC5WFKD8,2024-01-30T14:26:55.198134626Z,01HNDC2RECB5TXN1MNC9WWGEYT,2024-01-30T14:26:55.198134626Z
01HNDC8432DA7MD24EK1TFMN1P,01HNDC2B2JZM9FDE71GANAG477,2024-01-30T14:26:55.202325412Z,01HNDC2B34SM3WBHSNQC5WFKD8,2024-01-30T14:26:55.202325412Z,01HNDC2W98ZXSTZ1FY1Y2QA804,2024-01-30T14:26:55.202325412Z
01HNDC8436XWJYWFSZRDEVAZX7,01HNDC2B2JZM9FDE71GANAG477,2024-01-30T14:26:55.206829354Z,01HNDC2B34SM3WBHSNQC5WFKD8,2024-01-30T14:26:55.206829354Z,01HNDC3J0W2AMK8Y8KPGS3A7GA,2024-01-30T14:26:55.206829354Z
01HNDC843VCN2RAZSEX53083VF,01HNDC2B2JZM9FDE71GANAG477,2024-01-30T14:26:55.227598516Z,01HNDC2B34SM3WBHSNQC5WFKD8,2024-01-30T14:26:55.227598516Z,01HNDC3RR8BFP7VX4ZFX3KCKNB,2024-01-30T14:26:55.227598516Z
01HNDC8ADBRQC4VD10883QS80D,01HNDC2B2JZM9FDE71GANAG477,2024-01-30T14:27:01.675937579Z,01HNDC2B35KCNCB7DCMR0PRVFE,2024-01-30T14:27:01.675937579Z,01HNDC2EA51NV23G21XTGEAGK8,2024-01-30T14:27:01.675937579Z
01HNDC8ADGDRFBNVXWB1E51A4D,01HNDC2B2JZM9FDE71GANAG477,2024-01-30T14:27:01.680643821Z,01HNDC2B35KCNCB7DCMR0PRVFE,2024-01-30T14:27:01.680643821Z,01HNDC316ECWM5ZVFX5VYXG1N4,2024-01-30T14:27:01.680643821Z
01HNDC8ADN372XF2Y661XVYTZV,01HNDC2B2JZM9FDE71GANAG477,2024-01-30T14:27:01.68557666Z,01HNDC2B35KCNCB7DCMR0PRVFE,2024-01-30T14:27:01.68557666Z,01HNDC37HF50BP15M22SWT48ZV,2024-01-30T14:27:01.68557666Z
01HNDC8ADT3BN9E60TJH5XXVD2,01HNDC2B2JZM9FDE71GANAG477,2024-01-30T14:27:01.690280747Z,01HNDC2B35KCNCB7DCMR0PRVFE,2024-01-30T14:27:01.690280747Z,01HNDC7EPC7VTQPXDNX7RPNQSJ,2024-01-30T14:27:01.690280747Z
01HNDC8NCGZEVYCY2J5F4Y5609,01HNDC2B7TVF69V3JA57K75TE4,2024-01-30T14:27:12.912383517Z,01HNDC2B8DN3C5F3W5HR7P7DG3,2024-01-30T14:27:12.912383517Z,01HNDC2WDFPJCZWS8K5W3V3MDB,2024-01-30T14:27:12.912383517Z
01HNDC8NCRXGNZ59FZKRQY561H,01HNDC2B7TVF69V3JA57K75TE4,2024-01-30T14:27:12.92089717Z,01HNDC2B8DN3C5F3W5HR7P7DG3,2024-01-30T14:27:12.92089717Z,01HNDC46Y44CB4JPZ3418PN39K,2024-01-30T14:27:12.92089717Z
01HNDC8ND0G90A8AZXQ1YCW85H,01HNDC2B7TVF69V3JA57K75TE4,2024-01-30T14:27:12.928520664Z,01HNDC2B8DN3C5F3W5HR7P7DG3,2024-01-30T14:27:12.928520664Z,01HNDC5RQD0G31WP42ZWKTYQTQ,2024-01-30T14:27:12.928520664Z
01HNDC8ND8CXV2SCDXZJEQEAVF,01HNDC2B7TVF69V3JA57K75TE4,2024-01-30T14:27:12.93656753Z,01HNDC2B8DN3C5F3W5HR7P7DG3,2024-01-30T14:27:12.93656753Z,01HNDC6D84XCESFNT6AVBCK5QH,2024-01-30T14:27:12.93656753Z
01HNDC9D3VYRMT1XCZE86CW5KW,01HNDC2BCF2Q04EJEDP07GAD7W,2024-01-30T14:27:37.211700566Z,01HNDC2BCZKEANV43CSR2SX936,2024-01-30T14:27:37.211700566Z,01HNDC34CKXEPS5QJZ3Y751GYZ,2024-01-30T14:27:37.211700566Z
01HNDC9D42AYKM9XSY9Y2ECA0B,01HNDC2BCF2Q04EJEDP07GAD7W,2024-01-30T14:27:37.2182011Z,01HNDC2BCZKEANV43CSR2SX936,2024-01-30T14:27:37.2182011Z,01HNDC465KVGQYVMC8H6CFZ691,2024-01-30T14:27:37.2182011Z
01HNDC9D47NTV1KGT4P9K51SKZ,01HNDC2BCF2Q04EJEDP07GAD7W,2024-01-30T14:27:37.223907769Z,01HNDC2BCZKEANV43CSR2SX936,2024-01-30T14:27:37.223907769Z,01HNDC6F2X9QTEFCW1M76SR000,2024-01-30T14:27:37.223907769Z
01HNDC9D4DNZA10HPNKZS7HVR0,01HNDC2BCF2Q04EJEDP07GAD7W,2024-01-30T14:27:37.229326891Z,01HNDC2BCZKEANV43CSR2SX936,2024-01-30T14:27:37.229326891Z,01HNDC7EB8H0D79PCRHTWNYV6V,2024-01-30T14:27:37.229326891Z
01HNDC9X6170SS7J1WAGJB10ZA,01HNDC2BH6A3SBS8BVE2ZJJ5GS,2024-01-30T14:27:53.665748702Z,01HNDC2BHM393KXWD5YX385MNA,2024-01-30T14:27:53.665748702Z,01HNDC2KYT94PCT4ZA5Y8BZPBC,2024-01-30T14:27:53.665748702Z
01HNDC9X69SRFFRG2A0CEQKWN9,01HNDC2BH6A3SBS8BVE2ZJJ5GS,2024-01-30T14:27:53.673685378Z,01HNDC2BHM393KXWD5YX385MNA,2024-01-30T14:27:53.673685378Z,01HNDC2QT04R8SVHRD9K7K1RZT,2024-01-30T14:27:53.673685378Z
01HNDC9X7GED4NYWY8YCVW6FFP,01HNDC2BH6A3SBS8BVE2ZJJ5GS,2024-01-30T14:27:53.712948031Z,01HNDC2BHM393KXWD5YX385MNA,2024-01-30T14:27:53.712948031Z,01HNDC46455P8KMWFYTTK3GN30,2024-01-30T14:27:53.712948031Z
01HNDC9X7R71DJ6M022AKVNK2A,01HNDC2BH6A3SBS8BVE2ZJJ5GS,2024-01-30T14:27:53.720591607Z,01HNDC2BHM393KXWD5YX385MNA,2024-01-30T14:27:53.720591607Z,01HNDC77RXJRB1MGN5JAKRCTDK,2024-01-30T14:27:53.720591607Z
01HNDC9Z8C16EWNGR3M72254Z2,01HNDC2B7TVF69V3JA57K75TE4,2024-01-30T14:27:55.788321648Z,01HNDC2B8FKGDT3V32Q8939JTY,2024-01-30T14:27:55.788321648Z,01HNDC2KSQ3P0AYVWH1ZXPC2XK,2024-01-30T14:27:55.788321648Z
01HNDC9Z8MDEX3CFHRKFX99ZJ5,01HNDC2B7TVF69V3JA57K75TE4,2024-01-30T14:27:55.796359267Z,01HNDC2B8FKGDT3V32Q8939JTY,2024-01-30T14:27:55.796359267Z,01HNDC2VS3510EM6Z23Q3MZ2B0,2024-01-30T14:27:55.796359267Z
01HNDC9Z8T041YNGRMJ2FN0Q83,01HNDC2B7TVF69V3JA57K75TE4,2024-01-30T14:27:55.802996117Z,01HNDC2B8FKGDT3V32Q8939JTY,2024-01-30T14:27:55.802996117Z,01HNDC2YCSEECMSYZVDAG2X9MA,2024-01-30T14:27:55.802996117Z
01HNDC9Z925D6HSGV3QMPKAM20,01HNDC2B7TVF69V3JA57K75TE4,2024-01-30T14:27:55.810249889Z,01HNDC2B8FKGDT3V32Q8939JTY,2024-01-30T14:27:55.810249889Z,01HNDC32J33J2XEPW18WFS46NY,2024-01-30T14:27:55.810249889Z
01HNDCA6H3K4TWSXYBQAPV7GRK,01HNDC2BPDY9CHK7S2KNGBSVBC,2024-01-30T14:28:03.235348095Z,01HNDC2BQ00H9XZGC03T039MMS,2024-01-30T14:28:03.235348095Z,01HNDC2T6NS2A5F09RNW3GEF2V,2024-01-30T14:28:03.235348095Z
01HNDCA6HBJGW0PR7H9VKWXYTA,01HNDC2BPDY9CHK7S2KNGBSVBC,2024-01-30T14:28:03.243836813Z,01HNDC2BQ00H9XZGC03T039MMS,2024-01-30T14:28:03.243836813Z,01HNDC426S45EHRYBXWQF9H8BR,2024-01-30T14:28:03.243836813Z
01HNDCA6HNWTDCGXVKMQ2SD2YN,01HNDC2BPDY9CHK7S2KNGBSVBC,2024-01-30T14:28:03.253822797Z,01HNDC2BQ00H9XZGC03T039MMS,2024-01-30T14:28:03.253822797Z,01HNDC497MFXJXTEY7ZXA0E3BW,2024-01-30T14:28:03.253822797Z
01HNDCA6HY23AJ26R9X04WKD0B,01HNDC2BPDY9CHK7S2KNGBSVBC,2024-01-30T14:28:03.262274599Z,01HNDC2BQ00H9XZGC03T039MMS,2024-01-30T14:28:03.262274599Z,01HNDC5EHSR57YAB30TXRQR5FA,2024-01-30T14:28:03.262274599Z
01HNDCAGVX3764TD9AQPT2DAJT,01HNDC2SCDA2PS3G1H5HTTA4BW,2024-01-30T14:28:13.821134628Z,01HNDC2SCXASWZV5MN736AMWE2,2024-01-30T14:28:13.821134628Z,01HNDC2W49FHKX2FGA55N535Z3,2024-01-30T14:28:13.821134628Z
01HNDCAGW5YPS3E213XZXVTEEG,01HNDC2SCDA2PS3G1H5HTTA4BW,2024-01-30T14:28:13.829311863Z,01HNDC2SCXASWZV5MN736AMWE2,2024-01-30T14:28:13.829311863Z,01HNDC52GPDXSRZQQKT8V134QP,2024-01-30T14:28:13.829311863Z
01HNDCAGWDA31HW7QSGMM022D4,01HNDC2SCDA2PS3G1H5HTTA4BW,2024-01-30T14:28:13.837070888Z,01HNDC2SCXASWZV5MN736AMWE2,2024-01-30T14:28:13.837070888Z,01HNDC5TAXY2N1AGFGSX9AY5DK,2024-01-30T14:28:13.837070888Z
01HNDCAGWNE5G7KBR49HQHNF15,01HNDC2SCDA2PS3G1H5HTTA4BW,2024-01-30T14:28:13.84583029Z,01HNDC2SCXASWZV5MN736AMWE2,2024-01-30T14:28:13.84583029Z,01HNDC6R63PP5AXE04CNS7DDKX,2024-01-30T14:28:13.84583029Z
01HNDCBCXMHSFB07M487ZJRKM9,01HNDC2SJ65AP7H2DT0N9NGY4A,2024-01-30T14:28:42.548610318Z,01HNDC2SJR3K7AYMSQGCJTX52W,2024-01-30T14:28:42.548610318Z,01HNDC2FPZZGQYK3W33VGS3NHC,2024-01-30T14:28:42.548610318Z
01HNDCBCXYPKMJEH9AEGZH22FA,01HNDC2SJ65AP7H2DT0N9NGY4A,2024-01-30T14:28:42.558589621Z,01HNDC2SJR3K7AYMSQGCJTX52W,2024-01-30T14:28:42.558589621Z,01HNDC4ECJZ3TXV68P7GJ4JKVX,2024-01-30T14:28:42.558589621Z
01HNDCBCY8WBVRWHXG6XW139M8,01HNDC2SJ65AP7H2DT0N9NGY4A,2024-01-30T14:28:42.568828415Z,01HNDC2SJR3K7AYMSQGCJTX52W,2024-01-30T14:28:42.568828415Z,01HNDC57GTCRFAQF471EZKJ3TQ,2024-01-30T14:28:42.568828415Z
01HNDCBCYHNK10PGYXC5MHHFFE,01HNDC2SJ65AP7H2DT0N9NGY4A,2024-01-30T14:28:42.577795465Z,01HNDC2SJR3K7AYMSQGCJTX52W,2024-01-30T14:28:42.577795465Z,01HNDC6FMQSX7TXVHEXS0JEK6Y,2024-01-30T14:28:42.577795465Z
01HNDCBR43BTJFCKB2V1DSVH0M,01HNDC2SZRQFKQY4T3TCVR8R41,2024-01-30T14:28:54.019223489Z,01HNDC2T05X9ANCWST3ZR6T9ZN,2024-01-30T14:28:54.019223489Z,01HNDC5XP6H9ESMHR8CFF17GX2,2024-01-30T14:28:54.019223489Z
01HNDCBR4DW51VMR8AA9F0QVDC,01HNDC2SZRQFKQY4T3TCVR8R41,2024-01-30T14:28:54.029144797Z,01HNDC2T05X9ANCWST3ZR6T9ZN,2024-01-30T14:28:54.029144797Z,01HNDC6XK1T7DHGV9ADB2JDP6F,2024-01-30T14:28:54.029144797Z
01HNDCBR4RR3F5ZNBCJM09CAYN,01HNDC2SZRQFKQY4T3TCVR8R41,2024-01-30T14:28:54.040433882Z,01HNDC2T05X9ANCWST3ZR6T9ZN,2024-01-30T14:28:54.040433882Z,01HNDC71TYH3NY3KSEG2B7HSW8,2024-01-30T14:28:54.040433882Z
01HNDCBR514K5T0DYAA940CF4N,01HNDC2SZRQFKQY4T3TCVR8R41,2024-01-30T14:28:54.049693348Z,01HNDC2T05X9ANCWST3ZR6T9ZN,2024-01-30T14:28:54.049693348Z,01HNDC7HHNXGXS3C0MKJ87T7PZ,2024-01-30T14:28:54.049693348Z
01HNDCBW0PH8DNTFQWTAYH3T6N,01HNDC2BCF2Q04EJEDP07GAD7W,2024-01-30T14:28:58.006969638Z,01HNDC2BD2CYYGE2P21S9MVE68,2024-01-30T14:28:58.006969638Z,01HNDC2R85HFQNQHZFCY3JF54Y,2024-01-30T14:28:58.006969638Z
01HNDCBW1CFBDVAZN7BM4EG32N,01HNDC2BCF2Q04EJEDP07GAD7W,2024-01-30T14:28:58.028982972Z,01HNDC2BD2CYYGE2P21S9MVE68,2024-01-30T14:28:58.028982972Z,01HNDC2ZX688VV33X0YAXKVE60,2024-01-30T14:28:58.028982972Z
01HNDCBW22MASH1ZB7FPXMQJQC,01HNDC2BCF2Q04EJEDP07GAD7W,2024-01-30T14:28:58.05016914Z,01HNDC2BD2CYYGE2P21S9MVE68,2024-01-30T14:28:58.05016914Z,01HNDC7TTMB3KVZPJWX1P1KNE4,2024-01-30T14:28:58.05016914Z
01HNDCBW2PF901YNT19ENGJBT0,01HNDC2BCF2Q04EJEDP07GAD7W,2024-01-30T14:28:58.070457309Z,01HNDC2BD2CYYGE2P21S9MVE68,2024-01-30T14:28:58.070457309Z,01HNDC84D3RQB769YTXSKH5CT8,2024-01-30T14:28:58.070457309Z
01HNDCCMNW2SEBMYFH11FZVP87,01HNDC2T4B5RG8B9H5Q1KE1XB6,2024-01-30T14:29:23.260862964Z,01HNDC2T50J2XXFGA5JYGG22V8,2024-01-30T14:29:23.260862964Z,01HNDC361D0ACGSW9CBF4KJRQB,2024-01-30T14:29:23.260862964Z
01HNDCCMPBNRCDNKPX7V731V7X,01HNDC2T4B5RG8B9H5Q1KE1XB6,2024-01-30T14:29:23.276001552Z,01HNDC2T50J2XXFGA5JYGG22V8,2024-01-30T14:29:23.276001552Z,01HNDC62S3XQRYNJPQV3X9N8Y3,2024-01-30T14:29:23.276001552Z
01HNDCCMPYYNJP6FNRN447W43Z,01HNDC2T4B5RG8B9H5Q1KE1XB6,2024-01-30T14:29:23.294838465Z,01HNDC2T50J2XXFGA5JYGG22V8,2024-01-30T14:29:23.294838465Z,01HNDC6HRX8TM5AM9VA2R3W3CJ,2024-01-30T14:29:23.294838465Z
01HNDCCMQCRXGG7TQQ2T2298XK,01HNDC2T4B5RG8B9H5Q1KE1XB6,2024-01-30T14:29:23.308642121Z,01HNDC2T50J2XXFGA5JYGG22V8,2024-01-30T14:29:23.308642121Z,01HNDC7GNRQ0M1WPYRNHW956CT,2024-01-30T14:29:23.308642121Z
01HNDCDE3EW3C858S5KX01NAKQ,01HNDC2T9086DX7XT72GXZ7QDP,2024-01-30T14:29:49.294893189Z,01HNDC2T9QZ0CEMWT2GMJKQVAP,2024-01-30T14:29:49.294893189Z,01HNDC57PD7R9GKC45YN3905TG,2024-01-30T14:29:49.294893189Z
01HNDCDE43QZ1Y1DXNNVZNHX2E,01HNDC2T9086DX7XT72GXZ7QDP,2024-01-30T14:29:49.315511359Z,01HNDC2T9QZ0CEMWT2GMJKQVAP,2024-01-30T14:29:49.315511359Z,01HNDC5R86HA87TRZ6ED81KJ7S,2024-01-30T14:29:49.315511359Z
01HNDCDE72Q6RBNB0VWJHTTCJT,01HNDC2T9086DX7XT72GXZ7QDP,2024-01-30T14:29:49.410881485Z,01HNDC2T9QZ0CEMWT2GMJKQVAP,2024-01-30T14:29:49.410881485Z,01HNDC5XK8N3JYR7MC21HE19S9,2024-01-30T14:29:49.410881485Z
01HNDCDE7HTFDJ3GRSETQDM4MM,01HNDC2T9086DX7XT72GXZ7QDP,2024-01-30T14:29:49.425748472Z,01HNDC2T9QZ0CEMWT2GMJKQVAP,2024-01-30T14:29:49.425748472Z,01HNDC6M3F63ANYY9TP9NH7V6F,2024-01-30T14:29:49.425748472Z
01HNDCEX8R766R5N69MA8PZMEB,01HNDC8WN0SQ1BT1JH2SZ09W6V,2024-01-30T14:30:37.592405061Z,01HNDC8WNN4N7QKYAJP6CFRVS3,2024-01-30T14:30:37.592405061Z,01HNDC2WPD9GKYGPA90C6RHKAM,2024-01-30T14:30:37.592405061Z
01HNDCEX96VJJBS0RFAC0K79AR,01HNDC8WN0SQ1BT1JH2SZ09W6V,2024-01-30T14:30:37.606298408Z,01HNDC8WNN4N7QKYAJP6CFRVS3,2024-01-30T14:30:37.606298408Z,01HNDC3TG93HXXWHMT7CNJ7SW5,2024-01-30T14:30:37.606298408Z
01HNDCEXA5FJ3CFKGTAE8K1M51,01HNDC8WN0SQ1BT1JH2SZ09W6V,2024-01-30T14:30:37.637382226Z,01HNDC8WNN4N7QKYAJP6CFRVS3,2024-01-30T14:30:37.637382226Z,01HNDC5FEJ9NB4NJMA2MQQDX23,2024-01-30T14:30:37.637382226Z
01HNDCEXAKKSP8ZM6V2BGKP625,01HNDC8WN0SQ1BT1JH2SZ09W6V,2024-01-30T14:30:37.651302623Z,01HNDC8WNN4N7QKYAJP6CFRVS3,2024-01-30T14:30:37.651302623Z,01HNDC68AXAHX4C5N0AVJ0VNJ7,2024-01-30T14:30:37.651302623Z
01HNDCFKNARFV3CJSRP4HHSA9F,01HNDC2BH6A3SBS8BVE2ZJJ5GS,2024-01-30T14:31:00.522861507Z,01HNDC2BHKP224T7BNRPVGQB6Q,2024-01-30T14:31:00.522861507Z,01HNDC2ZCDE0JYX5ZJSJRDM3GJ,2024-01-30T14:31:00.522861507Z
01HNDCFKNTQNYQ9RE0VD1EJWM2,01HNDC2BH6A3SBS8BVE2ZJJ5GS,2024-01-30T14:31:00.538115593Z,01HNDC2BHKP224T7BNRPVGQB6Q,2024-01-30T14:31:00.538115593Z,01HNDC3JE91CAPKNSP22YD8VDV,2024-01-30T14:31:00.538115593Z
01HNDCFKP7SXRR5EEYK3PD6AG9,01HNDC2BH6A3SBS8BVE2ZJJ5GS,2024-01-30T14:31:00.551467718Z,01HNDC2BHKP224T7BNRPVGQB6Q,2024-01-30T14:31:00.551467718Z,01HNDC7N28YC65GMQPXNG04ERJ,2024-01-30T14:31:00.551467718Z
01HNDCFKPNG7F9PFZ7Z927T4H0,01HNDC2BH6A3SBS8BVE2ZJJ5GS,2024-01-30T14:31:00.565260496Z,01HNDC2BHKP224T7BNRPVGQB6Q,2024-01-30T14:31:00.565260496Z,01HNDCBSZR6Y1CQF5EFB437RZP,2024-01-30T14:31:00.565260496Z
01HNDCH1R8TDXSRMKP971WH9W1,01HNDC8X8QKHH4TBVM970W86SP,2024-01-30T14:31:47.720095005Z,01HNDC8X9AJ1GFFCCZJ3AWABH1,2024-01-30T14:31:47.720095005Z,01HNDC32YC48ANT6H5Z1K15KDV,2024-01-30T14:31:47.720095005Z
01HNDCH1TW085YQD4SERDG9Y0C,01HNDC8X8QKHH4TBVM970W86SP,2024-01-30T14:31:47.804500597Z,01HNDC8X9AJ1GFFCCZJ3AWABH1,2024-01-30T14:31:47.804500597Z,01HNDC4JC9AWTT9XZ54PWGHSWX,2024-01-30T14:31:47.804500597Z
01HNDCH1ZB9MJKQEYM6VZP65F1,01HNDC8X8QKHH4TBVM970W86SP,2024-01-30T14:31:47.947507671Z,01HNDC8X9AJ1GFFCCZJ3AWABH1,2024-01-30T14:31:47.947507671Z,01HNDC645B7V9G4HAWS35HBAN6,2024-01-30T14:31:47.947507671Z
01HNDCH24ZZ5PVJ30FKCHJNPG9,01HNDC8X8QKHH4TBVM970W86SP,2024-01-30T14:31:48.127273065Z,01HNDC8X9AJ1GFFCCZJ3AWABH1,2024-01-30T14:31:48.127273065Z,01HNDC6XD3WGF2NY9P5A1EVH24,2024-01-30T14:31:48.127273065Z
01HNDCH72EDSS1T5MA5VE67ADN,01HNDC2BPDY9CHK7S2KNGBSVBC,2024-01-30T14:31:53.168181546Z,01HNDC2BPZTN4FHBCCA72E4HZD,2024-01-30T14:31:53.168181546Z,01HNDCARZSP6DN3Z3TW2JX2VYT,2024-01-30T14:31:53.168181546Z
01HNDCH75ZRTWT5TJAH7P8XA7M,01HNDC2BPDY9CHK7S2KNGBSVBC,2024-01-30T14:31:53.279965527Z,01HNDC2BPZTN4FHBCCA72E4HZD,2024-01-30T14:31:53.279965527Z,01HNDCBC3B2FBQ5KC4XCS94AQK,2024-01-30T14:31:53.279965527Z
01HNDCH7G1G43AZ1ZRARRPTXYZ,01HNDC2BPDY9CHK7S2KNGBSVBC,2024-01-30T14:31:53.60111419Z,01HNDC2BPZTN4FHBCCA72E4HZD,2024-01-30T14:31:53.60111419Z,01HNDCCWF7J84TQ36F8J9B2AZS,2024-01-30T14:31:53.60111419Z
01HNDCH7KV6370W1DTH2FYMA0M,01HNDC2BPDY9CHK7S2KNGBSVBC,2024-01-30T14:31:53.723279412Z,01HNDC2BPZTN4FHBCCA72E4HZD,2024-01-30T14:31:53.723279412Z,01HNDCDD4Q740W671VBFXQNA1Y,2024-01-30T14:31:53.723279412Z
01HNDCS3XHQQMYH9HXHDVMPFTV,01HNDC8XW0KNX09V30K2VN023V,2024-01-30T14:36:12.081627543Z,01HNDC8XWYRY0CGEX6K29XMKKS,2024-01-30T14:36:12.081627543Z,01HNDC2N3ZMS2HYDPM48KW2XQE,2024-01-30T14:36:12.081627543Z
01HNDCS3YVVTYZ5967C066R2MJ,01HNDC8XW0KNX09V30K2VN023V,2024-01-30T14:36:12.123707865Z,01HNDC8XWYRY0CGEX6K29XMKKS,2024-01-30T14:36:12.123707865Z,01HNDC52870S662PQWG67CRBYW,2024-01-30T14:36:12.123707865Z
01HNDCS3ZQGB95Q38PHSHKN31E,01HNDC8XW0KNX09V30K2VN023V,2024-01-30T14:36:12.151577757Z,01HNDC8XWYRY0CGEX6K29XMKKS,2024-01-30T14:36:12.151577757Z,01HNDC543DM9AMPZFGG3F558DT,2024-01-30T14:36:12.151577757Z
01HNDCS40M0C8Y0E21PDA64QY7,01HNDC8XW0KNX09V30K2VN023V,2024-01-30T14:36:12.180451817Z,01HNDC8XWYRY0CGEX6K29XMKKS,2024-01-30T14:36:12.180451817Z,01HNDC7FPT0R2105FXKJ5VM2MX,2024-01-30T14:36:12.180451817Z
01HNDCTADK2EDC9P2YMBH2RGV4,01HNDC2SCDA2PS3G1H5HTTA4BW,2024-01-30T14:36:51.50727547Z,01HNDC2SCZYNP9206KZ6Y50E05,2024-01-30T14:36:51.50727547Z,01HNDCDXK8CXR5CV0WSZ2N08VW,2024-01-30T14:36:51.50727547Z
01HNDCTAEH7T3PQMJEMD5TJSPZ,01HNDC2SCDA2PS3G1H5HTTA4BW,2024-01-30T14:36:51.537494054Z,01HNDC2SCZYNP9206KZ6Y50E05,2024-01-30T14:36:51.537494054Z,01HNDCFZ6RRGCMRMS4A7GC13JX,2024-01-30T14:36:51.537494054Z
01HNDCTAFB559MACJKHGY3463F,01HNDC2SCDA2PS3G1H5HTTA4BW,2024-01-30T14:36:51.56397376Z,01HNDC2SCZYNP9206KZ6Y50E05,2024-01-30T14:36:51.56397376Z,01HNDCJKZRXXD9W42XVJD424G1,2024-01-30T14:36:51.56397376Z
01HNDCTAG7XQ4SC4964CY2FZEF,01HNDC2SCDA2PS3G1H5HTTA4BW,2024-01-30T14:36:51.591074555Z,01HNDC2SCZYNP9206KZ6Y50E05,2024-01-30T14:36:51.591074555Z,01HNDCKP808JZHQ47ZV3BCMGAK,2024-01-30T14:36:51.591074555Z
01HNDCW0BZGAAR0KB6KBXSNSWB,01HNDC2SJ65AP7H2DT0N9NGY4A,2024-01-30T14:37:46.75194408Z,01HNDC2SJP1HST2TWCBB01WGFZ,2024-01-30T14:37:46.75194408Z,01HNDCK1SWKTN37RVN7WG6QR2P,2024-01-30T14:37:46.75194408Z
01HNDCW0D4C324FNMZRPXTDNDE,01HNDC2SJ65AP7H2DT0N9NGY4A,2024-01-30T14:37:46.78843551Z,01HNDC2SJP1HST2TWCBB01WGFZ,2024-01-30T14:37:46.78843551Z,01HNDCRBZ3KF1R3DXB6S3ZXVR0,2024-01-30T14:37:46.78843551Z
01HNDCW0GF77FRYEDC1KS9GE7C,01HNDC2SJ65AP7H2DT0N9NGY4A,2024-01-30T14:37:46.895462713Z,01HNDC2SJP1HST2TWCBB01WGFZ,2024-01-30T14:37:46.895462713Z,01HNDCS2RA7GW4QTTX297FBFM2,2024-01-30T14:37:46.895462713Z
01HNDCWHCTHA1N77JGG7Z3SKPV,01HNDC2SZRQFKQY4T3TCVR8R41,2024-01-30T14:38:04.186437241Z,01HNDC2T07P9D0825P1RBCSX3Q,2024-01-30T14:38:04.186437241Z,01HNDCNH6CM4Y32KVRN48KZ8R0,2024-01-30T14:38:04.186437241Z
01HNDCWHFRG1S1MDJCZVSH9Y7P,01HNDC2SZRQFKQY4T3TCVR8R41,2024-01-30T14:38:04.280817952Z,01HNDC2T07P9D0825P1RBCSX3Q,2024-01-30T14:38:04.280817952Z,01HNDCRD1YH2CCKKSFCE3ZBZJQ,2024-01-30T14:38:04.280817952Z
01HNDCWHJK3ANJBY1R6HZ6460Q,01HNDC2SZRQFKQY4T3TCVR8R41,2024-01-30T14:38:04.371457206Z,01HNDC2T07P9D0825P1RBCSX3Q,2024-01-30T14:38:04.371457206Z,01HNDCRP3H6Q7NG31VYXM9VJ0K,2024-01-30T14:38:04.371457206Z
01HNDCWHNC4F29K4D0TWR0DZPV,01HNDC2SZRQFKQY4T3TCVR8R41,2024-01-30T14:38:04.460391025Z,01HNDC2T07P9D0825P1RBCSX3Q,2024-01-30T14:38:04.460391025Z,01HNDCS1F4P07DT12J7R3NKNB3,2024-01-30T14:38:04.460391025Z
01HNDCXMDMSGDWB65B67TDRXEZ,01HNDC2T4B5RG8B9H5Q1KE1XB6,2024-01-30T14:38:40.052594179Z,01HNDC2T4YGQE9BBG0H0DQE0NX,2024-01-30T14:38:40.052594179Z,01HNDCRQT5HQZQJYCVVFEQFPWE,2024-01-30T14:38:40.052594179Z
01HNDCXMF2B7F54XHA6TDWRX7E,01HNDC2T4B5RG8B9H5Q1KE1XB6,2024-01-30T14:38:40.098975581Z,01HNDC2T4YGQE9BBG0H0DQE0NX,2024-01-30T14:38:40.098975581Z,01HNDCRX98Z8QGFQX7KBHTZG8M,2024-01-30T14:38:40.098975581Z
01HNDCXMFVDSQ4C53QCAZ3PEVW,01HNDC2T4B5RG8B9H5Q1KE1XB6,2024-01-30T14:38:40.12342009Z,01HNDC2T4YGQE9BBG0H0DQE0NX,2024-01-30T14:38:40.12342009Z,01HNDCRY7VS260WNJNG5GYN83V,2024-01-30T14:38:40.12342009Z
01HNDCXMGHDHDQ1M45APHVQZJ3,01HNDC2T4B5RG8B9H5Q1KE1XB6,2024-01-30T14:38:40.145657257Z,01HNDC2T4YGQE9BBG0H0DQE0NX,2024-01-30T14:38:40.145657257Z,01HNDCX113WMQN2RX13W53H4BK,2024-01-30T14:38:40.145657257Z
01HNDCZ8H3TQ5JQ010G0CXNN0D,01HNDC2T9086DX7XT72GXZ7QDP,2024-01-30T14:39:33.411446496Z,01HNDC2T9SJVTWG7Y7CHK93Y9A,2024-01-30T14:39:33.411446496Z,01HNDCRJ5XEKDKAY1DAMWHDAK7,2024-01-30T14:39:33.411446496Z
01HNDCZ8J2BP5KDGTF2J0G0FJ5,01HNDC2T9086DX7XT72GXZ7QDP,2024-01-30T14:39:33.442302407Z,01HNDC2T9SJVTWG7Y7CHK93Y9A,2024-01-30T14:39:33.442302407Z,01HNDCRZPYMP9KC2XC1WK04CHS,2024-01-30T14:39:33.442302407Z
01HNDCZ8K1761TFZ01X2K9W61G,01HNDC2T9086DX7XT72GXZ7QDP,2024-01-30T14:39:33.473933114Z,01HNDC2T9SJVTWG7Y7CHK93Y9A,2024-01-30T14:39:33.473933114Z,01HNDCSSN3W5EBV7RJX1Y5VF4Z,2024-01-30T14:39:33.473933114Z
01HNDCZ8M0A03PF9RPS3Y1011C,01HNDC2T9086DX7XT72GXZ7QDP,2024-01-30T14:39:33.504670088Z,01HNDC2T9SJVTWG7Y7CHK93Y9A,2024-01-30T14:39:33.504670088Z,01HNDCTSWT5PMYAHT3V8XNHVSD,2024-01-30T14:39:33.504670088Z
01HNDCZT04JFJGK1594T22AHZJ,01HNDC8WN0SQ1BT1JH2SZ09W6V,2024-01-30T14:39:51.30043271Z,01HNDC8WNF1W7ERS9M77CW92B4,2024-01-30T14:39:51.30043271Z,01HNDCS99KHG0VH5M8EV8KD3GA,2024-01-30T14:39:51.30043271Z
01HNDCZT123M0EVBEMMWCQPTWX,01HNDC8WN0SQ1BT1JH2SZ09W6V,2024-01-30T14:39:51.33023305Z,01HNDC8WNF1W7ERS9M77CW92B4,2024-01-30T14:39:51.33023305Z,01HNDCS9ZBTZV4NZQABJ3WW709,2024-01-30T14:39:51.33023305Z
01HNDCZT1Z478NA0KAN9HS6QJH,01HNDC8WN0SQ1BT1JH2SZ09W6V,2024-01-30T14:39:51.359400212Z,01HNDC8WNF1W7ERS9M77CW92B4,2024-01-30T14:39:51.359400212Z,01HNDCSSGZSNV0VTW3D5EXTWAM,2024-01-30T14:39:51.359400212Z
01HNDCZT2S8JNBRQTHWAQ1Q0CH,01HNDC8WN0SQ1BT1JH2SZ09W6V,2024-01-30T14:39:51.385636661Z,01HNDC8WNF1W7ERS9M77CW92B4,2024-01-30T14:39:51.385636661Z,01HNDCSVP9ZRYAF2CPA73WV917,2024-01-30T14:39:51.385636661Z
01HNDD0SXGTPSDH689Q39YX7WH,01HNDC8X8QKHH4TBVM970W86SP,2024-01-30T14:40:23.984513482Z,01HNDC8X9FJMT4KTR36HQXQF7Q,2024-01-30T14:40:23.984513482Z,01HNDCS302RXNMXDHWEP31HZ38,2024-01-30T14:40:23.984513482Z
01HNDD0SZ9AZ8AVJFJRHS19FXQ,01HNDC8X8QKHH4TBVM970W86SP,2024-01-30T14:40:24.042026728Z,01HNDC8X9FJMT4KTR36HQXQF7Q,2024-01-30T14:40:24.042026728Z,01HNDCSDJ3GJ9YSGK17AM4DVHF,2024-01-30T14:40:24.042026728Z
01HNDD0T0XTTJ9E2EK64EG4893,01HNDC8X8QKHH4TBVM970W86SP,2024-01-30T14:40:24.093223943Z,01HNDC8X9FJMT4KTR36HQXQF7Q,2024-01-30T14:40:24.093223943Z,01HNDCV7BDP5MZMSMD8KE35081,2024-01-30T14:40:24.093223943Z
01HNDD0T2FFPQVZAZ2C8K3TCD0,01HNDC8X8QKHH4TBVM970W86SP,2024-01-30T14:40:24.143501998Z,01HNDC8X9FJMT4KTR36HQXQF7Q,2024-01-30T14:40:24.143501998Z,01HNDCYPYTAACXH3EXQ5EKHS9K,2024-01-30T14:40:24.143501998Z
01HNDD2Q4ZKJT5S1A0AXP56MPG,01HNDC8XW0KNX09V30K2VN023V,2024-01-30T14:41:26.687675617Z,01HNDC8XWR6Q6Z9AQ3N4HBTM8Z,2024-01-30T14:41:26.687675617Z,01HNDC30JNP0C3KE20AKEE03PK,2024-01-30T14:41:26.687675617Z
01HNDD2Q7QVQK35R4Y70FKJ83H,01HNDC8XW0KNX09V30K2VN023V,2024-01-30T14:41:26.775720352Z,01HNDC8XWR6Q6Z9AQ3N4HBTM8Z,2024-01-30T14:41:26.775720352Z,01HNDCSH9KDDVNSC7YD8YFFDNM,2024-01-30T14:41:26.775720352Z
01HNDD2QAC4VJSFA5RQKQ8XT3R,01HNDC8XW0KNX09V30K2VN023V,2024-01-30T14:41:26.860839417Z,01HNDC8XWR6Q6Z9AQ3N4HBTM8Z,2024-01-30T14:41:26.860839417Z,01HNDCSS5QPSAW5966KFATRR0N,2024-01-30T14:41:26.860839417Z
01HNDD2QCZHHEMDKVKHXPM2XT2,01HNDC8XW0KNX09V30K2VN023V,2024-01-30T14:41:26.943750396Z,01HNDC8XWR6Q6Z9AQ3N4HBTM8Z,2024-01-30T14:41:26.943750396Z,01HNDCV5YAZAVHWKNETN72Q130,2024-01-30T14:41:26.943750396Z
