﻿id,batchID,batchIDLastChangedAt,gameID,gameIDLastChangedAt,playerID,playerIDLastChangedAt
01HN8WZHBKP4X3YZV1R0QRWWSH,01HN8VW4KDXDSK4543MZEH5MVR,2024-01-28T20:43:07.50753952Z,01HN8VW4M12YPXWM797PV50HD0,2024-01-28T20:43:07.50753952Z,01HN8WH3THS26GR664GHZ4SJVH,2024-01-28T20:43:07.50753952Z
01HN8WZHBMH7D3BXB11T20TGHJ,01HN8VW4KDXDSK4543MZEH5MVR,2024-01-28T20:43:07.508015118Z,01HN8VW4M12YPXWM797PV50HD0,2024-01-28T20:43:07.508015118Z,01HN8WKAMZASB0QZ4J9133AV7J,2024-01-28T20:43:07.508015118Z
01HN8WZHBMH7D3BXB12186EAXP,01HN8VW4KDXDSK4543MZEH5MVR,2024-01-28T20:43:07.508278723Z,01HN8VW4M12YPXWM797PV50HD0,2024-01-28T20:43:07.508278723Z,01HN8WKCFXXW3159FQBM9SSZ1S,2024-01-28T20:43:07.508278723Z
01HN8WZHBMH7D3BXB12AH8ZMCC,01HN8VW4KDXDSK4543MZEH5MVR,2024-01-28T20:43:07.508529179Z,01HN8VW4M12YPXWM797PV50HD0,2024-01-28T20:43:07.508529179Z,01HN8WT5FY22ZT4J7X4VVXCHKB,2024-01-28T20:43:07.508529179Z
01HN8X1CNBYZ5FNQSNCSCN7PKS,01HN8VW4KDXDSK4543MZEH5MVR,2024-01-28T20:44:08.235591014Z,01HN8VW4M051ARWX18T7EKNNT8,2024-01-28T20:44:08.235591014Z,01HN8WFS0FP014KCJK7JJDSJQP,2024-01-28T20:44:08.235591014Z
01HN8X1CNCF8FDK04MKYHM0ZAE,01HN8VW4KDXDSK4543MZEH5MVR,2024-01-28T20:44:08.23619101Z,01HN8VW4M051ARWX18T7EKNNT8,2024-01-28T20:44:08.23619101Z,01HN8WQEJZRX09DPVACEVBQB5A,2024-01-28T20:44:08.23619101Z
01HN8X1CNCF8FDK04MM82JH663,01HN8VW4KDXDSK4543MZEH5MVR,2024-01-28T20:44:08.23652559Z,01HN8VW4M051ARWX18T7EKNNT8,2024-01-28T20:44:08.23652559Z,01HN8WVXFEX730WAJDDJWD9D7C,2024-01-28T20:44:08.23652559Z
01HN8X1CNCF8FDK04MMATVSGMF,01HN8VW4KDXDSK4543MZEH5MVR,2024-01-28T20:44:08.236845865Z,01HN8VW4M051ARWX18T7EKNNT8,2024-01-28T20:44:08.236845865Z,01HN8WWNZQ0VB9XQN3V18JVK1F,2024-01-28T20:44:08.236845865Z
01HN8X3AVZGBQXKDCT3XA7VYXS,01HN8VW75A0SZ36EFK7W5H8SM5,2024-01-28T20:45:11.935679849Z,01HN8VW75MDMST7DFQ9EYCHE3V,2024-01-28T20:45:11.935679849Z,01HN8WWPMZW3EB9T9KD3DGEP9D,2024-01-28T20:45:11.935679849Z
01HN8X3AW052479HRCB2RJEG4E,01HN8VW75A0SZ36EFK7W5H8SM5,2024-01-28T20:45:11.936658693Z,01HN8VW75MDMST7DFQ9EYCHE3V,2024-01-28T20:45:11.936658693Z,01HN8WWTP66QFX9WNBFB3XC6EX,2024-01-28T20:45:11.936658693Z
01HN8X3AW1EVNSQGW93C24M1TE,01HN8VW75A0SZ36EFK7W5H8SM5,2024-01-28T20:45:11.937460395Z,01HN8VW75MDMST7DFQ9EYCHE3V,2024-01-28T20:45:11.937460395Z,01HN8WZCC15KVGMJZM59SR2VFG,2024-01-28T20:45:11.937460395Z
01HN8X3AW2SG8CTQ7RGW597ZA1,01HN8VW75A0SZ36EFK7W5H8SM5,2024-01-28T20:45:11.938417826Z,01HN8VW75MDMST7DFQ9EYCHE3V,2024-01-28T20:45:11.938417826Z,01HN8X1D7F07ZPSDRJP27M2VZN,2024-01-28T20:45:11.938417826Z
01HN8X58ZKP8NH06PJ9J7GXEVC,01HN8VW75A0SZ36EFK7W5H8SM5,2024-01-28T20:46:15.539156649Z,01HN8VW75MDMST7DFQ91AXRDPK,2024-01-28T20:46:15.539156649Z,01HN8WVT6H7ER66EH9TZRVFX07,2024-01-28T20:46:15.539156649Z
01HN8X58ZMJ41YJ3KNR2M4W49G,01HN8VW75A0SZ36EFK7W5H8SM5,2024-01-28T20:46:15.54034401Z,01HN8VW75MDMST7DFQ91AXRDPK,2024-01-28T20:46:15.54034401Z,01HN8WXV114P8JEJGK5G1MH3Q0,2024-01-28T20:46:15.54034401Z
01HN8X58ZNGRSNFVXHZTRJ22V7,01HN8VW75A0SZ36EFK7W5H8SM5,2024-01-28T20:46:15.541204257Z,01HN8VW75MDMST7DFQ91AXRDPK,2024-01-28T20:46:15.541204257Z,01HN8X1KP5TGHQK6BQ71TJR8E5,2024-01-28T20:46:15.541204257Z
01HN8X58ZNGRSNFVXJ00FJ7PTE,01HN8VW75A0SZ36EFK7W5H8SM5,2024-01-28T20:46:15.541947043Z,01HN8VW75MDMST7DFQ91AXRDPK,2024-01-28T20:46:15.541947043Z,01HN8X282NVVR6E44GGSNJ99ZP,2024-01-28T20:46:15.541947043Z
01HN8X78S3GS9X58QDF4492WDZ,01HN8VW97B7RVYGZYTEJRJCHEC,2024-01-28T20:47:20.867675385Z,01HN8VW97MVT36F4VQ6ZP5JHG2,2024-01-28T20:47:20.867675385Z,01HN8WZHPZKCNSB98E5ZJC0WQ3,2024-01-28T20:47:20.867675385Z
01HN8X78S5NYQCMYCTMFFZXXZF,01HN8VW97B7RVYGZYTEJRJCHEC,2024-01-28T20:47:20.869189123Z,01HN8VW97MVT36F4VQ6ZP5JHG2,2024-01-28T20:47:20.869189123Z,01HN8X2AXXATT3DFVAS597CNH7,2024-01-28T20:47:20.869189123Z
01HN8X78S6YK89A25YZF5584SP,01HN8VW97B7RVYGZYTEJRJCHEC,2024-01-28T20:47:20.870293757Z,01HN8VW97MVT36F4VQ6ZP5JHG2,2024-01-28T20:47:20.870293757Z,01HN8X2CSR1XYP5ZBQSGQ7K7CS,2024-01-28T20:47:20.870293757Z
01HN8X78S7P8H6AP6M6A3N0NT8,01HN8VW97B7RVYGZYTEJRJCHEC,2024-01-28T20:47:20.871542639Z,01HN8VW97MVT36F4VQ6ZP5JHG2,2024-01-28T20:47:20.871542639Z,01HN8X3DQPKJZ3M532FMZ5GZ82,2024-01-28T20:47:20.871542639Z
01HN8X9DF8446V4WRHTJXB8GE8,01HN8VW97B7RVYGZYTEJRJCHEC,2024-01-28T20:48:31.208497976Z,01HN8VW97KJKRFEF2RNBQ2ZCQ5,2024-01-28T20:48:31.208497976Z,01HN8WWPTMMJ0Y919QZPDHX80N,2024-01-28T20:48:31.208497976Z
01HN8X9DFAYW8KR066GDW6EC55,01HN8VW97B7RVYGZYTEJRJCHEC,2024-01-28T20:48:31.210799344Z,01HN8VW97KJKRFEF2RNBQ2ZCQ5,2024-01-28T20:48:31.210799344Z,01HN8WYR8WRJ0SY170B5FDRD58,2024-01-28T20:48:31.210799344Z
01HN8X9DFC8XF89ZV5F8MG8100,01HN8VW97B7RVYGZYTEJRJCHEC,2024-01-28T20:48:31.212710038Z,01HN8VW97KJKRFEF2RNBQ2ZCQ5,2024-01-28T20:48:31.212710038Z,01HN8X1TS1RFYA333GEAVR1BCG,2024-01-28T20:48:31.212710038Z
01HN8X9DFEQD5B3WTV9ANCNY20,01HN8VW97B7RVYGZYTEJRJCHEC,2024-01-28T20:48:31.21407727Z,01HN8VW97KJKRFEF2RNBQ2ZCQ5,2024-01-28T20:48:31.21407727Z,01HN8X66557WJMY1D4NPGBFMKM,2024-01-28T20:48:31.21407727Z
01HN8XAV1VDH1CX578K0F2T93J,01HN8VWAVY8K8BCDX48G3TDG9B,2024-01-28T20:49:17.883899763Z,01HN8VWAW60V5Z61NQB97SV85E,2024-01-28T20:49:17.883899763Z,01HN8X40SA12R5KGZZRR40TE8C,2024-01-28T20:49:17.883899763Z
01HN8XAV1Y6BQNA1RAQHF0AHPN,01HN8VWAVY8K8BCDX48G3TDG9B,2024-01-28T20:49:17.886511845Z,01HN8VWAW60V5Z61NQB97SV85E,2024-01-28T20:49:17.886511845Z,01HN8X47DYMRWCXK8CTBJ3CY83,2024-01-28T20:49:17.886511845Z
01HN8XAV20D8C4WG3JR899F4S4,01HN8VWAVY8K8BCDX48G3TDG9B,2024-01-28T20:49:17.888911575Z,01HN8VWAW60V5Z61NQB97SV85E,2024-01-28T20:49:17.888911575Z,01HN8X52CAK676TWHHBJV19CEA,2024-01-28T20:49:17.888911575Z
01HN8XAV224KST24J7WGFRZ7G6,01HN8VWAVY8K8BCDX48G3TDG9B,2024-01-28T20:49:17.890738416Z,01HN8VWAW60V5Z61NQB97SV85E,2024-01-28T20:49:17.890738416Z,01HN8X5YKTT4RMYDP5R25NHPS9,2024-01-28T20:49:17.890738416Z
01HN8XD62G2H3R57HXER9SXRDG,01HN8VWCVFFMYY27RA0GBFH9GJ,2024-01-28T20:50:34.704761769Z,01HN8VWCVQ4358JCAX3GKGBSHG,2024-01-28T20:50:34.704761769Z,01HN8X1287MX5WJGMK1QEAZZ1W,2024-01-28T20:50:34.704761769Z
01HN8XD62MVMCCK27KFZ332A9B,01HN8VWCVFFMYY27RA0GBFH9GJ,2024-01-28T20:50:34.70808746Z,01HN8VWCVQ4358JCAX3GKGBSHG,2024-01-28T20:50:34.70808746Z,01HN8X3GBCWCZF4TE5FNYXMRJF,2024-01-28T20:50:34.70808746Z
01HN8XD62PJ426BASF0M8NRX2C,01HN8VWCVFFMYY27RA0GBFH9GJ,2024-01-28T20:50:34.710834547Z,01HN8VWCVQ4358JCAX3GKGBSHG,2024-01-28T20:50:34.710834547Z,01HN8X9RKJQ87TDWC3QCGP2SAY,2024-01-28T20:50:34.710834547Z
01HN8XD62SQKAKR8DDA43554ZX,01HN8VWCVFFMYY27RA0GBFH9GJ,2024-01-28T20:50:34.713718608Z,01HN8VWCVQ4358JCAX3GKGBSHG,2024-01-28T20:50:34.713718608Z,01HN8X9YSS67ZNHRHD0P5Z5P92,2024-01-28T20:50:34.713718608Z
01HN8XDN10Y6AT73FSV5VGAQKB,01HN8VWAVY8K8BCDX48G3TDG9B,2024-01-28T20:50:50.016492594Z,01HN8VWAW60V5Z61NQB0HMNM8P,2024-01-28T20:50:50.016492594Z,01HN8X5AJMKW6B8EDRKMQMNTJG,2024-01-28T20:50:50.016492594Z
01HN8XDN14GS0T4A2S42P5S31M,01HN8VWAVY8K8BCDX48G3TDG9B,2024-01-28T20:50:50.02058609Z,01HN8VWAW60V5Z61NQB0HMNM8P,2024-01-28T20:50:50.02058609Z,01HN8X7FCV9CE6HMEHQC6QCP7B,2024-01-28T20:50:50.02058609Z
01HN8XDN18DPNS1H3KFT2T73V0,01HN8VWAVY8K8BCDX48G3TDG9B,2024-01-28T20:50:50.024292722Z,01HN8VWAW60V5Z61NQB0HMNM8P,2024-01-28T20:50:50.024292722Z,01HN8X83ANYRNJN5W0KA1ZHXQC,2024-01-28T20:50:50.024292722Z
01HN8XDN1BQBC6791DDK3V1G7Y,01HN8VWAVY8K8BCDX48G3TDG9B,2024-01-28T20:50:50.027461903Z,01HN8VWAW60V5Z61NQB0HMNM8P,2024-01-28T20:50:50.027461903Z,01HN8X9K9PZZD5BP10XZ3KTC2V,2024-01-28T20:50:50.027461903Z
01HN8XF4YAZ7ZS2EK3Q48J4WHT,01HN8VWCVFFMYY27RA0GBFH9GJ,2024-01-28T20:51:39.0821105Z,01HN8VWCVRCH41779TXPTCB50Q,2024-01-28T20:51:39.0821105Z,01HN8X8J9DHM3ZW511P6EDG7FY,2024-01-28T20:51:39.0821105Z
01HN8XF4YF62C8BW4CENWM1XFQ,01HN8VWCVFFMYY27RA0GBFH9GJ,2024-01-28T20:51:39.087269672Z,01HN8VWCVRCH41779TXPTCB50Q,2024-01-28T20:51:39.087269672Z,01HN8X9J84HR06DJ5PF012DZTW,2024-01-28T20:51:39.087269672Z
01HN8XF4YKWHXACTE7FG0ZGK9R,01HN8VWCVFFMYY27RA0GBFH9GJ,2024-01-28T20:51:39.09180522Z,01HN8VWCVRCH41779TXPTCB50Q,2024-01-28T20:51:39.09180522Z,01HN8XA17F4CWADCYMET378YJJ,2024-01-28T20:51:39.09180522Z
01HN8XF4YR95H5193XR2YYVENV,01HN8VWCVFFMYY27RA0GBFH9GJ,2024-01-28T20:51:39.096210481Z,01HN8VWCVRCH41779TXPTCB50Q,2024-01-28T20:51:39.096210481Z,01HN8XCC2VVG9CJB66RSS5CC10,2024-01-28T20:51:39.096210481Z
01HN8XG1DNH86XZ2DBVZ0EM65C,01HN8VWJPFTCBNZXJQCHQAW402,2024-01-28T20:52:08.245150368Z,01HN8VWJPVHT3FMSC58XBE9RSR,2024-01-28T20:52:08.245150368Z,01HN8XBP671GNRV04A6XQN86MN,2024-01-28T20:52:08.245150368Z
01HN8XG1DTHW1MA99GQ13YF1PS,01HN8VWJPFTCBNZXJQCHQAW402,2024-01-28T20:52:08.250421414Z,01HN8VWJPVHT3FMSC58XBE9RSR,2024-01-28T20:52:08.250421414Z,01HN8XBREM0NV0JAZ3GME4B6DZ,2024-01-28T20:52:08.250421414Z
01HN8XG1DZWSJBHQBDJE4P8H5R,01HN8VWJPFTCBNZXJQCHQAW402,2024-01-28T20:52:08.255219007Z,01HN8VWJPVHT3FMSC58XBE9RSR,2024-01-28T20:52:08.255219007Z,01HN8XCT0TMZ1EQT557MAYNW6P,2024-01-28T20:52:08.255219007Z
01HN8XG1E3ZQW000SX94BEHH8H,01HN8VWJPFTCBNZXJQCHQAW402,2024-01-28T20:52:08.259802344Z,01HN8VWJPVHT3FMSC58XBE9RSR,2024-01-28T20:52:08.259802344Z,01HN8XD801HZENV29NKH9N9H3T,2024-01-28T20:52:08.259802344Z
01HN8XHGWV5BZKKW743FW5Z9MR,01HN8VWKEJBPW738536ADYXF4K,2024-01-28T20:52:56.859889666Z,01HN8VWKEV2C12ZECSQC26BZTD,2024-01-28T20:52:56.859889666Z,01HN8X8WY8E7VKT6F3NBTQSG2P,2024-01-28T20:52:56.859889666Z
01HN8XHGX2025PC77Y7M116WRS,01HN8VWKEJBPW738536ADYXF4K,2024-01-28T20:52:56.866621661Z,01HN8VWKEV2C12ZECSQC26BZTD,2024-01-28T20:52:56.866621661Z,01HN8XD46Y2JDSKTVPTW8D6SBD,2024-01-28T20:52:56.866621661Z
01HN8XHGX8NGH0KY1K98GNNNXB,01HN8VWKEJBPW738536ADYXF4K,2024-01-28T20:52:56.87268578Z,01HN8VWKEV2C12ZECSQC26BZTD,2024-01-28T20:52:56.87268578Z,01HN8XD4C00CEZV451W1S6S9EX,2024-01-28T20:52:56.87268578Z
01HN8XHGXE3VNX82AGP18CMZS8,01HN8VWKEJBPW738536ADYXF4K,2024-01-28T20:52:56.878878681Z,01HN8VWKEV2C12ZECSQC26BZTD,2024-01-28T20:52:56.878878681Z,01HN8XDMHWNQ8EN2DC9H5XDZR0,2024-01-28T20:52:56.878878681Z
01HN8XHTDC6MYXGF511DYAZ4MZ,01HN8VWJPFTCBNZXJQCHQAW402,2024-01-28T20:53:06.60452265Z,01HN8VWJPTHA0C757FXKBS0W1W,2024-01-28T20:53:06.60452265Z,01HN8X9S3AVKRWQEKK2WA4C1FG,2024-01-28T20:53:06.60452265Z
01HN8XHTDM48B2MV52JX1CM3JP,01HN8VWJPFTCBNZXJQCHQAW402,2024-01-28T20:53:06.612680051Z,01HN8VWJPTHA0C757FXKBS0W1W,2024-01-28T20:53:06.612680051Z,01HN8XA2Y2ZS4QJ98AZC9CB7FK,2024-01-28T20:53:06.612680051Z
01HN8XHTDVPRSTB1BVV0A3H93T,01HN8VWJPFTCBNZXJQCHQAW402,2024-01-28T20:53:06.619034271Z,01HN8VWJPTHA0C757FXKBS0W1W,2024-01-28T20:53:06.619034271Z,01HN8XA8PZGZ8JJ8KTTT39C6BT,2024-01-28T20:53:06.619034271Z
01HN8XHTE1G9HXGPE3VX97QBDR,01HN8VWJPFTCBNZXJQCHQAW402,2024-01-28T20:53:06.625535175Z,01HN8VWJPTHA0C757FXKBS0W1W,2024-01-28T20:53:06.625535175Z,01HN8XA9C7GDRJJ3PQ609WET0S,2024-01-28T20:53:06.625535175Z
01HN8XJD2R57TC2W5VY3F3423S,01HN8VWMZP8WDGHG3SGQ41JSP7,2024-01-28T20:53:25.720496176Z,01HN8VWN00GDH412WVJ4T94YB3,2024-01-28T20:53:25.720496176Z,01HN8XB1739SZQGCBJV4B07BNZ,2024-01-28T20:53:25.720496176Z
01HN8XJD312XQZ5FC89SH67BYE,01HN8VWMZP8WDGHG3SGQ41JSP7,2024-01-28T20:53:25.72935496Z,01HN8VWN00GDH412WVJ4T94YB3,2024-01-28T20:53:25.72935496Z,01HN8XBFJ3QMJCJ287MD3BC5SY,2024-01-28T20:53:25.72935496Z
01HN8XJD395HG8Z7464SCE9VG0,01HN8VWMZP8WDGHG3SGQ41JSP7,2024-01-28T20:53:25.737355348Z,01HN8VWN00GDH412WVJ4T94YB3,2024-01-28T20:53:25.737355348Z,01HN8XBZHZMQ7YCJ54TX1RTFWD,2024-01-28T20:53:25.737355348Z
01HN8XJD3H9ED6833SF6QKN770,01HN8VWMZP8WDGHG3SGQ41JSP7,2024-01-28T20:53:25.745477019Z,01HN8VWN00GDH412WVJ4T94YB3,2024-01-28T20:53:25.745477019Z,01HN8XCTBM01GQCWP9KXNYK61R,2024-01-28T20:53:25.745477019Z
01HN8XJSKZ3EFNP5QV7VCMG1MM,01HN8VWNV14433TW2PTE1T3JQE,2024-01-28T20:53:38.559579796Z,01HN8VWNVAPBH0CQJJV6B65MYM,2024-01-28T20:53:38.559579796Z,01HN8XAP6BTVGM3R929CAGZ2QX,2024-01-28T20:53:38.559579796Z
01HN8XJSM8403Q8AC4JZ0WCD2G,01HN8VWNV14433TW2PTE1T3JQE,2024-01-28T20:53:38.568928674Z,01HN8VWNVAPBH0CQJJV6B65MYM,2024-01-28T20:53:38.568928674Z,01HN8XB03JGMPAF0XCDHF3GZDS,2024-01-28T20:53:38.568928674Z
01HN8XJSMGFZSYFNMJJDH7BT9G,01HN8VWNV14433TW2PTE1T3JQE,2024-01-28T20:53:38.576529741Z,01HN8VWNVAPBH0CQJJV6B65MYM,2024-01-28T20:53:38.576529741Z,01HN8XBQ92XGNAKY9593YBAAJD,2024-01-28T20:53:38.576529741Z
01HN8XJSMRVN68DQENHXX01KC0,01HN8VWNV14433TW2PTE1T3JQE,2024-01-28T20:53:38.584186859Z,01HN8VWNVAPBH0CQJJV6B65MYM,2024-01-28T20:53:38.584186859Z,01HN8XE92SMT6FFKAVR7125VD1,2024-01-28T20:53:38.584186859Z
01HN8XMYZXFYSSYHCRS2NDGBPM,01HN8VWPSPPMXNT892BA7EPQH4,2024-01-28T20:54:49.597186058Z,01HN8VWPSYD5HCJRA4VN93XMH7,2024-01-28T20:54:49.597186058Z,01HN8XDWPGMFWK61MB1QDWTN8X,2024-01-28T20:54:49.597186058Z
01HN8XMZ0954R9775M4G0DMDC2,01HN8VWPSPPMXNT892BA7EPQH4,2024-01-28T20:54:49.609704031Z,01HN8VWPSYD5HCJRA4VN93XMH7,2024-01-28T20:54:49.609704031Z,01HN8XDXYXSXPE9B7J9MJTY423,2024-01-28T20:54:49.609704031Z
01HN8XMZ0MS93RVXBTAZ3FV3D6,01HN8VWPSPPMXNT892BA7EPQH4,2024-01-28T20:54:49.620539318Z,01HN8VWPSYD5HCJRA4VN93XMH7,2024-01-28T20:54:49.620539318Z,01HN8XE5XVYKGCBX6QJSH4WXWZ,2024-01-28T20:54:49.620539318Z
01HN8XMZ0ZSKSEKKY3ZSCDAJQ3,01HN8VWPSPPMXNT892BA7EPQH4,2024-01-28T20:54:49.631064046Z,01HN8VWPSYD5HCJRA4VN93XMH7,2024-01-28T20:54:49.631064046Z,01HN8XE7NG3KERX43ZF5HWMNPR,2024-01-28T20:54:49.631064046Z
01HN8XNPZQC4HRRW1P2XTXV2QV,01HN8VWKEJBPW738536ADYXF4K,2024-01-28T20:55:14.16765942Z,01HN8VWKETPR9MS4MGE4RBW6ZT,2024-01-28T20:55:14.16765942Z,01HN8WVBQ4AW5ZFSFEPPHQKTTE,2024-01-28T20:55:14.16765942Z
01HN8XNQ04YPRWFV3E4YFDY292,01HN8VWKEJBPW738536ADYXF4K,2024-01-28T20:55:14.180415231Z,01HN8VWKETPR9MS4MGE4RBW6ZT,2024-01-28T20:55:14.180415231Z,01HN8X05VMSPW4E9RS3PJFXGT6,2024-01-28T20:55:14.180415231Z
01HN8XNQ0HKM8C8K8RQE88WP1H,01HN8VWKEJBPW738536ADYXF4K,2024-01-28T20:55:14.193730187Z,01HN8VWKETPR9MS4MGE4RBW6ZT,2024-01-28T20:55:14.193730187Z,01HN8XGBNHK2QTMFKF0AT7ZJ9H,2024-01-28T20:55:14.193730187Z
01HN8XNQ0XGZKF8KCK0C9NAZKT,01HN8VWKEJBPW738536ADYXF4K,2024-01-28T20:55:14.20504774Z,01HN8VWKETPR9MS4MGE4RBW6ZT,2024-01-28T20:55:14.20504774Z,01HN8XJAD02E1KA5PJ233X5FG5,2024-01-28T20:55:14.20504774Z
01HN8XQ41W8JN3XT7ZCGH2T360,01HN8VWMZP8WDGHG3SGQ41JSP7,2024-01-28T20:56:00.316076084Z,01HN8VWN02CWAC9YZRF9HQ6N7V,2024-01-28T20:56:00.316076084Z,01HN8XJ9NYAE9Q2VMSB40T20KS,2024-01-28T20:56:00.316076084Z
01HN8XQ42BMDWR2T5RVBEDFXTX,01HN8VWMZP8WDGHG3SGQ41JSP7,2024-01-28T20:56:00.33196017Z,01HN8VWN02CWAC9YZRF9HQ6N7V,2024-01-28T20:56:00.33196017Z,01HN8XJA6AHH4DZPK012Y40ZQ3,2024-01-28T20:56:00.33196017Z
01HN8XQ42TEF8WKVD2A5FVMB9H,01HN8VWMZP8WDGHG3SGQ41JSP7,2024-01-28T20:56:00.346520713Z,01HN8VWN02CWAC9YZRF9HQ6N7V,2024-01-28T20:56:00.346520713Z,01HN8XKH75KY738HDE7BPTQKFH,2024-01-28T20:56:00.346520713Z
01HN8XQ4394CCSFEJXFDP0J8BV,01HN8VWMZP8WDGHG3SGQ41JSP7,2024-01-28T20:56:00.361567722Z,01HN8VWN02CWAC9YZRF9HQ6N7V,2024-01-28T20:56:00.361567722Z,01HN8XKWVY9BHQS3HWZ4QEDY09,2024-01-28T20:56:00.361567722Z
01HN8XQ76FX75J83HJRKQFBYSS,01HN8VWYY5W1VEZPCPFRWHFR90,2024-01-28T20:56:03.535234756Z,01HN8VWYYGDJTH5TS8XS1TDCPE,2024-01-28T20:56:03.535234756Z,01HN8XA56ZBKTS277RYFXCHW9P,2024-01-28T20:56:03.535234756Z
01HN8XQ76ZP1YA25MXAY5SJBPT,01HN8VWYY5W1VEZPCPFRWHFR90,2024-01-28T20:56:03.551512461Z,01HN8VWYYGDJTH5TS8XS1TDCPE,2024-01-28T20:56:03.551512461Z,01HN8XBZNDCHH27CSZA12PHAH8,2024-01-28T20:56:03.551512461Z
01HN8XQ780JH00VZSHBG9DG5A2,01HN8VWYY5W1VEZPCPFRWHFR90,2024-01-28T20:56:03.584852931Z,01HN8VWYYGDJTH5TS8XS1TDCPE,2024-01-28T20:56:03.584852931Z,01HN8XE57781J3E6KYXQ2WVWRJ,2024-01-28T20:56:03.584852931Z
01HN8XQ78F797898MRQPDXK7K4,01HN8VWYY5W1VEZPCPFRWHFR90,2024-01-28T20:56:03.599926892Z,01HN8VWYYGDJTH5TS8XS1TDCPE,2024-01-28T20:56:03.599926892Z,01HN8XFPXEX4DV152DKTGN32F8,2024-01-28T20:56:03.599926892Z
01HN8XQG2NXTJ79J6N4PZ2KRC9,01HN8VWNV14433TW2PTE1T3JQE,2024-01-28T20:56:12.629456991Z,01HN8VWNV9YXJKJSPABE955P3T,2024-01-28T20:56:12.629456991Z,01HN8XHCXKHEA0Y3EC3MVM1DC2,2024-01-28T20:56:12.629456991Z
01HN8XQG34GWYZE18PET90ZCEE,01HN8VWNV14433TW2PTE1T3JQE,2024-01-28T20:56:12.644550976Z,01HN8VWNV9YXJKJSPABE955P3T,2024-01-28T20:56:12.644550976Z,01HN8XHW39EEJ7MSHK7XX8Q3WW,2024-01-28T20:56:12.644550976Z
01HN8XQG3JCN541TT8N553VHPS,01HN8VWNV14433TW2PTE1T3JQE,2024-01-28T20:56:12.658590603Z,01HN8VWNV9YXJKJSPABE955P3T,2024-01-28T20:56:12.658590603Z,01HN8XJPAHMSMPZM9T5BJ0C3YY,2024-01-28T20:56:12.658590603Z
01HN8XQG42J6BNAJCNPC8RHAMD,01HN8VWNV14433TW2PTE1T3JQE,2024-01-28T20:56:12.674339335Z,01HN8VWNV9YXJKJSPABE955P3T,2024-01-28T20:56:12.674339335Z,01HN8XK934TFX4N6ECDN4079X0,2024-01-28T20:56:12.674339335Z
01HN8XS6319BACQ4TAFZJF51T1,01HN8VX087MEJ7KQVT4Z648FDB,2024-01-28T20:57:07.937953075Z,01HN8VX08HH4QR8KRHRN1087DM,2024-01-28T20:57:07.937953075Z,01HN8X81Q8TWSEZ9WDAX5NRJCG,2024-01-28T20:57:07.937953075Z
01HN8XS63JD89N1NGV9WA4TP4F,01HN8VX087MEJ7KQVT4Z648FDB,2024-01-28T20:57:07.95486472Z,01HN8VX08HH4QR8KRHRN1087DM,2024-01-28T20:57:07.95486472Z,01HN8XAVEETWEAVESWS6TQXFQN,2024-01-28T20:57:07.95486472Z
01HN8XS642ZEM3FQAGPFSX1XMH,01HN8VX087MEJ7KQVT4Z648FDB,2024-01-28T20:57:07.970963886Z,01HN8VX08HH4QR8KRHRN1087DM,2024-01-28T20:57:07.970963886Z,01HN8XEC77XAPMBWPW8K8250M7,2024-01-28T20:57:07.970963886Z
01HN8XS64J052YNGZJN6N2TCPS,01HN8VX087MEJ7KQVT4Z648FDB,2024-01-28T20:57:07.986444031Z,01HN8VX08HH4QR8KRHRN1087DM,2024-01-28T20:57:07.986444031Z,01HN8XENXDR5YMCNAEQMTG65MN,2024-01-28T20:57:07.986444031Z
01HN8XS98YSA3AG7QR068373QF,01HN8VWPSPPMXNT892BA7EPQH4,2024-01-28T20:57:11.198488243Z,01HN8VWPSXMVWBA8Z6XQEJBMEF,2024-01-28T20:57:11.198488243Z,01HN8XHQC0ZREF9GKA9NZDRE13,2024-01-28T20:57:11.198488243Z
01HN8XS99K89FGRFCHYW1PMKQ5,01HN8VWPSPPMXNT892BA7EPQH4,2024-01-28T20:57:11.219104012Z,01HN8VWPSXMVWBA8Z6XQEJBMEF,2024-01-28T20:57:11.219104012Z,01HN8XJBSXAJ4Q5N37ZNM1SXHD,2024-01-28T20:57:11.219104012Z
01HN8XS9A8N5D8MXJBQ723STSJ,01HN8VWPSPPMXNT892BA7EPQH4,2024-01-28T20:57:11.24097019Z,01HN8VWPSXMVWBA8Z6XQEJBMEF,2024-01-28T20:57:11.24097019Z,01HN8XK3JS4BY10Q5W2Q5VNJM3,2024-01-28T20:57:11.24097019Z
01HN8XS9AY0QT7AQM03ZTQHCM5,01HN8VWPSPPMXNT892BA7EPQH4,2024-01-28T20:57:11.262213902Z,01HN8VWPSXMVWBA8Z6XQEJBMEF,2024-01-28T20:57:11.262213902Z,01HN8XKBVGY52HZN8094P871VX,2024-01-28T20:57:11.262213902Z
01HN8XSW6X1Q4HD63TDPSM04ME,01HN8VWYY5W1VEZPCPFRWHFR90,2024-01-28T20:57:30.589229414Z,01HN8VWYYF1AEG9431GAAWEHET,2024-01-28T20:57:30.589229414Z,01HN8XGA717SKWNSQW3S61N1P6,2024-01-28T20:57:30.589229414Z
01HN8XSW7G16QDW71AKP0WWXZX,01HN8VWYY5W1VEZPCPFRWHFR90,2024-01-28T20:57:30.60837705Z,01HN8VWYYF1AEG9431GAAWEHET,2024-01-28T20:57:30.60837705Z,01HN8XJ9ABXGQ076C9APEM7CBF,2024-01-28T20:57:30.60837705Z
01HN8XSW97774DM7P0ACR8JTFH,01HN8VWYY5W1VEZPCPFRWHFR90,2024-01-28T20:57:30.663284578Z,01HN8VWYYF1AEG9431GAAWEHET,2024-01-28T20:57:30.663284578Z,01HN8XJTH9K6HTXPSX451PY3NV,2024-01-28T20:57:30.663284578Z
01HN8XSWAGZCA414E4M3D4RNSD,01HN8VWYY5W1VEZPCPFRWHFR90,2024-01-28T20:57:30.704468273Z,01HN8VWYYF1AEG9431GAAWEHET,2024-01-28T20:57:30.704468273Z,01HN8XMWPV1BEDVMBR8JNTM6M5,2024-01-28T20:57:30.704468273Z
01HN8XTPQWJ76ZYCEHR0EW7ER9,01HN8VX087MEJ7KQVT4Z648FDB,2024-01-28T20:57:57.75686681Z,01HN8VX08G3BGCG1QZ1G1QV9TR,2024-01-28T20:57:57.75686681Z,01HN8XGVZ8EXZ9MR02NPAK9VHW,2024-01-28T20:57:57.75686681Z
01HN8XTPRGRKNTE4AV05A5PVPB,01HN8VX087MEJ7KQVT4Z648FDB,2024-01-28T20:57:57.776872995Z,01HN8VX08G3BGCG1QZ1G1QV9TR,2024-01-28T20:57:57.776872995Z,01HN8XJ3Q1K9DMP9JDZH54XQC5,2024-01-28T20:57:57.776872995Z
01HN8XTPSTDXZ2YRGAGKVSVYF2,01HN8VX087MEJ7KQVT4Z648FDB,2024-01-28T20:57:57.818153004Z,01HN8VX08G3BGCG1QZ1G1QV9TR,2024-01-28T20:57:57.818153004Z,01HN8XKYCRWY4GE14QYAECW0NJ,2024-01-28T20:57:57.818153004Z
01HN8XTPTG3B1CPCP5YK5KK4HX,01HN8VX087MEJ7KQVT4Z648FDB,2024-01-28T20:57:57.840109408Z,01HN8VX08G3BGCG1QZ1G1QV9TR,2024-01-28T20:57:57.840109408Z,01HN8XNKE07XKJN0YY49J0E8SH,2024-01-28T20:57:57.840109408Z
01HN8XTXWSWA8NTKNJ7NEWJXBX,01HN8VX105EGHZ6N1SCBJA7BCQ,2024-01-28T20:58:05.081884577Z,01HN8VX10DM71P18HQC5PCPPVZ,2024-01-28T20:58:05.081884577Z,01HN8XK0YC2CZN2AENP6GJPBMB,2024-01-28T20:58:05.081884577Z
01HN8XTXXDA6BGYYX6589VT0QX,01HN8VX105EGHZ6N1SCBJA7BCQ,2024-01-28T20:58:05.101981699Z,01HN8VX10DM71P18HQC5PCPPVZ,2024-01-28T20:58:05.101981699Z,01HN8XKKDAVATMKFYP9KRHXY4W,2024-01-28T20:58:05.101981699Z
01HN8XTXY0ATNX3J2PNCDSK2F3,01HN8VX105EGHZ6N1SCBJA7BCQ,2024-01-28T20:58:05.120976674Z,01HN8VX10DM71P18HQC5PCPPVZ,2024-01-28T20:58:05.120976674Z,01HN8XNM32023E8A39GS8N4ABK,2024-01-28T20:58:05.120976674Z
01HN8XTXYNPV919G3GHXWWBNZF,01HN8VX105EGHZ6N1SCBJA7BCQ,2024-01-28T20:58:05.141131171Z,01HN8VX10DM71P18HQC5PCPPVZ,2024-01-28T20:58:05.141131171Z,01HN8XNN273YFEVX1WGXP1CTJ7,2024-01-28T20:58:05.141131171Z
01HN8XVQRJNWC2T1G2GX9KAC4R,01HN8VX1H6TR2TRGSSKBCVX9NZ,2024-01-28T20:58:31.570844048Z,01HN8VX1HCSAP086BM59CBAXNC,2024-01-28T20:58:31.570844048Z,01HN8XMYPQK4WSTV29KF24XS1S,2024-01-28T20:58:31.570844048Z
01HN8XVQSF2YSEV6EY5TFM0YNW,01HN8VX1H6TR2TRGSSKBCVX9NZ,2024-01-28T20:58:31.599108955Z,01HN8VX1HCSAP086BM59CBAXNC,2024-01-28T20:58:31.599108955Z,01HN8XP6QZCXTQP4A4Z4V54HRA,2024-01-28T20:58:31.599108955Z
01HN8XVQVHMQ5HX4SMHVV5VYBZ,01HN8VX1H6TR2TRGSSKBCVX9NZ,2024-01-28T20:58:31.665628889Z,01HN8VX1HCSAP086BM59CBAXNC,2024-01-28T20:58:31.665628889Z,01HN8XQ7A7H9TK1J7V2A42X3HX,2024-01-28T20:58:31.665628889Z
01HN8XVQW6PN8NGER8YCG4PKRY,01HN8VX1H6TR2TRGSSKBCVX9NZ,2024-01-28T20:58:31.686887095Z,01HN8VX1HCSAP086BM59CBAXNC,2024-01-28T20:58:31.686887095Z,01HN8XSCCKGWGQAZPCX14WED2T,2024-01-28T20:58:31.686887095Z
01HN8XWC610ZD9PCQXMY84MXQH,01HN8VX21JDA9XFTJ7W4XW0YKK,2024-01-28T20:58:52.481363876Z,01HN8VX21TWMBDBPVKE5SC04HA,2024-01-28T20:58:52.481363876Z,01HN8XKS2Q8ZJZER73JMFG04AK,2024-01-28T20:58:52.481363876Z
01HN8XWC6Q9CTEVM5QV981BV5A,01HN8VX21JDA9XFTJ7W4XW0YKK,2024-01-28T20:58:52.503127739Z,01HN8VX21TWMBDBPVKE5SC04HA,2024-01-28T20:58:52.503127739Z,01HN8XN2JANDGMAGCQ1G2Y9KF2,2024-01-28T20:58:52.503127739Z
01HN8XWC7DJ924775ZD1XJ0D40,01HN8VX21JDA9XFTJ7W4XW0YKK,2024-01-28T20:58:52.525083782Z,01HN8VX21TWMBDBPVKE5SC04HA,2024-01-28T20:58:52.525083782Z,01HN8XNAGQCBEK5C2NPDGS4P0C,2024-01-28T20:58:52.525083782Z
01HN8XWC82JCA71KGVN4R0QGBB,01HN8VX21JDA9XFTJ7W4XW0YKK,2024-01-28T20:58:52.546186373Z,01HN8VX21TWMBDBPVKE5SC04HA,2024-01-28T20:58:52.546186373Z,01HN8XRFQ4AKSSM4983VTBFD4Z,2024-01-28T20:58:52.546186373Z
01HN8XX6HFQEYY3GBYFK4F3Q6D,01HN8VZPBQGNTXFD4B5M6N9N14,2024-01-28T20:59:19.471707407Z,01HN8VZPC1PRZ70JA5FV9TTJZK,2024-01-28T20:59:19.471707407Z,01HN8XPV7FQT01A01SSQBG3M37,2024-01-28T20:59:19.471707407Z
01HN8XX6JA8GE5H6K8TTNW1Z3V,01HN8VZPBQGNTXFD4B5M6N9N14,2024-01-28T20:59:19.498050123Z,01HN8VZPC1PRZ70JA5FV9TTJZK,2024-01-28T20:59:19.498050123Z,01HN8XRDECZV04BR2EGVTA2J8A,2024-01-28T20:59:19.498050123Z
01HN8XX6K2M4T42JFW82C0KT4A,01HN8VZPBQGNTXFD4B5M6N9N14,2024-01-28T20:59:19.522300447Z,01HN8VZPC1PRZ70JA5FV9TTJZK,2024-01-28T20:59:19.522300447Z,01HN8XRGG3736RP7CARCG7ZAZJ,2024-01-28T20:59:19.522300447Z
01HN8XX6MGWVWYVSB0EKRMK2RD,01HN8VZPBQGNTXFD4B5M6N9N14,2024-01-28T20:59:19.568581756Z,01HN8VZPC1PRZ70JA5FV9TTJZK,2024-01-28T20:59:19.568581756Z,01HN8XSZKEX78BH6VY7VMT05VE,2024-01-28T20:59:19.568581756Z
01HN8XY0TTVXFZC5TAGT1RHNVJ,01HN8VZQ6385TBJCMQWCW3F6N5,2024-01-28T20:59:46.394368575Z,01HN8VZQ6BTFAY4K0PG6EYJ5MY,2024-01-28T20:59:46.394368575Z,01HN8XNVB0GDQDD1WS97DZY17Z,2024-01-28T20:59:46.394368575Z
01HN8XY0VMC9TGB21PVKAJAVS8,01HN8VZQ6385TBJCMQWCW3F6N5,2024-01-28T20:59:46.420901735Z,01HN8VZQ6BTFAY4K0PG6EYJ5MY,2024-01-28T20:59:46.420901735Z,01HN8XQJMT4J5XFSEMDAFP96H7,2024-01-28T20:59:46.420901735Z
01HN8XY0WCXVF4BT2QN4046Q2P,01HN8VZQ6385TBJCMQWCW3F6N5,2024-01-28T20:59:46.444221415Z,01HN8VZQ6BTFAY4K0PG6EYJ5MY,2024-01-28T20:59:46.444221415Z,01HN8XR71EGGVYW45GG5HV6XA0,2024-01-28T20:59:46.444221415Z
01HN8XY0X5J4YMDH2BT144EFB3,01HN8VZQ6385TBJCMQWCW3F6N5,2024-01-28T20:59:46.469391674Z,01HN8VZQ6BTFAY4K0PG6EYJ5MY,2024-01-28T20:59:46.469391674Z,01HN8XRRH48Q2W071BVNTSS4ZS,2024-01-28T20:59:46.469391674Z
01HN8XYVEP9TAQR9SKSC0DTGVT,01HN8VZR16580ZT4SNZQ8SE58N,2024-01-28T21:00:13.654504341Z,01HN8VZR1KW8WHKZE42GF30C7J,2024-01-28T21:00:13.654504341Z,01HN8XHC8T961R49DCNT6MEXC7,2024-01-28T21:00:13.654504341Z
01HN8XYVFN5SPKDKCSABM3GWY3,01HN8VZR16580ZT4SNZQ8SE58N,2024-01-28T21:00:13.6855757Z,01HN8VZR1KW8WHKZE42GF30C7J,2024-01-28T21:00:13.6855757Z,01HN8XPWWPDF7PCW5XJ05WRMK2,2024-01-28T21:00:13.6855757Z
01HN8XYVGHYVE200PZGWY5947A,01HN8VZR16580ZT4SNZQ8SE58N,2024-01-28T21:00:13.713063477Z,01HN8VZR1KW8WHKZE42GF30C7J,2024-01-28T21:00:13.713063477Z,01HN8XQEV5N3AQBX2PVC5GG0ZM,2024-01-28T21:00:13.713063477Z
01HN8XYVHBX352D5F0H5YMF223,01HN8VZR16580ZT4SNZQ8SE58N,2024-01-28T21:00:13.739407554Z,01HN8VZR1KW8WHKZE42GF30C7J,2024-01-28T21:00:13.739407554Z,01HN8XT8WQZQ0E2KEW4NB9WF2G,2024-01-28T21:00:13.739407554Z
01HN8XZ7V2RCRS466DZGBAY04J,01HN8VX105EGHZ6N1SCBJA7BCQ,2024-01-28T21:00:26.33889783Z,01HN8VX10EY51C2WVK09Y2WD7M,2024-01-28T21:00:26.33889783Z,01HN8XBPGNCDWF92XW0V20EZ9W,2024-01-28T21:00:26.33889783Z
01HN8XZ7VXRNKH6JNZAX6NY1N9,01HN8VX105EGHZ6N1SCBJA7BCQ,2024-01-28T21:00:26.365979934Z,01HN8VX10EY51C2WVK09Y2WD7M,2024-01-28T21:00:26.365979934Z,01HN8XTTT0RZHRJQSXD6BC6K1W,2024-01-28T21:00:26.365979934Z
01HN8XZ7WQHFNJ3GW2KMSRVSDD,01HN8VX105EGHZ6N1SCBJA7BCQ,2024-01-28T21:00:26.391169179Z,01HN8VX10EY51C2WVK09Y2WD7M,2024-01-28T21:00:26.391169179Z,01HN8XV1N7CW1YKQ30K51W23W7,2024-01-28T21:00:26.391169179Z
01HN8XZ7XJ3H5XFXMSMKSSG9DM,01HN8VX105EGHZ6N1SCBJA7BCQ,2024-01-28T21:00:26.41873001Z,01HN8VX10EY51C2WVK09Y2WD7M,2024-01-28T21:00:26.41873001Z,01HN8XV2VSCQ6Q56SWWFGYD8JS,2024-01-28T21:00:26.41873001Z
01HN8Y0CP1V25304HYDB8K3YTR,01HN8VX1H6TR2TRGSSKBCVX9NZ,2024-01-28T21:01:04.06579743Z,01HN8VX1HDG6FJKV34J7RQJZV6,2024-01-28T21:01:04.06579743Z,01HN8XB80VPC46AGXPQ7FC9G47,2024-01-28T21:01:04.06579743Z
01HN8Y0CPWWPSX95CQB26A64C2,01HN8VX1H6TR2TRGSSKBCVX9NZ,2024-01-28T21:01:04.092418961Z,01HN8VX1HDG6FJKV34J7RQJZV6,2024-01-28T21:01:04.092418961Z,01HN8XWGKYE6GA836MW7T56K5N,2024-01-28T21:01:04.092418961Z
01HN8Y0CQPNN6TBG0FZ986F92Q,01HN8VX1H6TR2TRGSSKBCVX9NZ,2024-01-28T21:01:04.118461242Z,01HN8VX1HDG6FJKV34J7RQJZV6,2024-01-28T21:01:04.118461242Z,01HN8XX367Y6J0YRT5DRK3S0JD,2024-01-28T21:01:04.118461242Z
01HN8Y0CRM8WSTJFC08E9QBWP6,01HN8VX1H6TR2TRGSSKBCVX9NZ,2024-01-28T21:01:04.148331411Z,01HN8VX1HDG6FJKV34J7RQJZV6,2024-01-28T21:01:04.148331411Z,01HN8XXF8JR0G14XQAD9ATMWDT,2024-01-28T21:01:04.148331411Z
01HN8Y0GPX5T9AFFNBEMA6ZAR4,01HN8VZRTPN82DQXKBBCQP2Y16,2024-01-28T21:01:08.189122238Z,01HN8VZRTX5212RJA50FQ805J8,2024-01-28T21:01:08.189122238Z,01HN8XH5WGK381CD53A3WDB6X3,2024-01-28T21:01:08.189122238Z
01HN8Y0GTDAFB9PVSTBS4Q1NMQ,01HN8VZRTPN82DQXKBBCQP2Y16,2024-01-28T21:01:08.301644267Z,01HN8VZRTX5212RJA50FQ805J8,2024-01-28T21:01:08.301644267Z,01HN8XN1SSK8HPDZGMCGFMTAQA,2024-01-28T21:01:08.301644267Z
01HN8Y0GYFAHEAZ6KX2J6648QY,01HN8VZRTPN82DQXKBBCQP2Y16,2024-01-28T21:01:08.431268201Z,01HN8VZRTX5212RJA50FQ805J8,2024-01-28T21:01:08.431268201Z,01HN8XNJ5ZZ7YT7XVC2B0NV5M5,2024-01-28T21:01:08.431268201Z
01HN8Y0H3V2MJDPC5R00QGY72A,01HN8VZRTPN82DQXKBBCQP2Y16,2024-01-28T21:01:08.603847347Z,01HN8VZRTX5212RJA50FQ805J8,2024-01-28T21:01:08.603847347Z,01HN8XTGNNDA0EGACZV4ZKZC5H,2024-01-28T21:01:08.603847347Z
01HN8Y1KTXMK8WK0CT4TPQ1X4G,01HN8VZSQBHACG70EQRWE4V1M6,2024-01-28T21:01:44.157888705Z,01HN8VZSQM779PMMFY05BYQY9B,2024-01-28T21:01:44.157888705Z,01HN8XN134VVG4AZJCY82WDJRT,2024-01-28T21:01:44.157888705Z
01HN8Y1KVV87S9MSA7RBFEQAXT,01HN8VZSQBHACG70EQRWE4V1M6,2024-01-28T21:01:44.187230512Z,01HN8VZSQM779PMMFY05BYQY9B,2024-01-28T21:01:44.187230512Z,01HN8XRMNR3CYZCZH7W42VKWJY,2024-01-28T21:01:44.187230512Z
01HN8Y1KWRD3NVDWEFRFM7G2W6,01HN8VZSQBHACG70EQRWE4V1M6,2024-01-28T21:01:44.216419367Z,01HN8VZSQM779PMMFY05BYQY9B,2024-01-28T21:01:44.216419367Z,01HN8XT43F6HDDT17DV03VF6AM,2024-01-28T21:01:44.216419367Z
01HN8Y1KXM7YYB9BKZBS28BPPW,01HN8VZSQBHACG70EQRWE4V1M6,2024-01-28T21:01:44.244926703Z,01HN8VZSQM779PMMFY05BYQY9B,2024-01-28T21:01:44.244926703Z,01HN8XT96T0J1NAQ0A1E9DPW2C,2024-01-28T21:01:44.244926703Z
01HN8Y2X7TAQ3W7Z9YEB8SRAZ0,01HN8VX21JDA9XFTJ7W4XW0YKK,2024-01-28T21:02:26.5545025Z,01HN8VX21TWMBDBPVKEN6HVVDS,2024-01-28T21:02:26.5545025Z,01HN8XWJEH5XBX7QH1DGAJ3FEE,2024-01-28T21:02:26.5545025Z
01HN8Y2X8TT77F1JJZPRA24V4H,01HN8VX21JDA9XFTJ7W4XW0YKK,2024-01-28T21:02:26.586868423Z,01HN8VX21TWMBDBPVKEN6HVVDS,2024-01-28T21:02:26.586868423Z,01HN8XXQ2053XW64E7NY1J5HSX,2024-01-28T21:02:26.586868423Z
01HN8Y2X9VF6X5BE5CPD0E6H5R,01HN8VX21JDA9XFTJ7W4XW0YKK,2024-01-28T21:02:26.619305293Z,01HN8VX21TWMBDBPVKEN6HVVDS,2024-01-28T21:02:26.619305293Z,01HN8Y0RBCE6WY4W1RY6FTF6EH,2024-01-28T21:02:26.619305293Z
01HN8Y36FYWJ28PTZY5566CPNR,01HN8VZPBQGNTXFD4B5M6N9N14,2024-01-28T21:02:36.030276803Z,01HN8VZPC2EBEGS6VGJX6YHE2V,2024-01-28T21:02:36.030276803Z,01HN8XV7HJ93Z0BDS8ZDP6RYDN,2024-01-28T21:02:36.030276803Z
01HN8Y36H0J51F016NCD47CD5W,01HN8VZPBQGNTXFD4B5M6N9N14,2024-01-28T21:02:36.064775473Z,01HN8VZPC2EBEGS6VGJX6YHE2V,2024-01-28T21:02:36.064775473Z,01HN8XXGA8GEM8QRSJ1FVPFDHJ,2024-01-28T21:02:36.064775473Z
01HN8Y36M4YJJBM8XKVF6E9V6W,01HN8VZPBQGNTXFD4B5M6N9N14,2024-01-28T21:02:36.165029502Z,01HN8VZPC2EBEGS6VGJX6YHE2V,2024-01-28T21:02:36.165029502Z,01HN8XXN5TA404GQ5G1QK0WCR2,2024-01-28T21:02:36.165029502Z
01HN8Y36Q8MW5M1N3P0Y2SQHZ5,01HN8VZPBQGNTXFD4B5M6N9N14,2024-01-28T21:02:36.264897868Z,01HN8VZPC2EBEGS6VGJX6YHE2V,2024-01-28T21:02:36.264897868Z,01HN8XZ051DP2TP028ZYD1W222,2024-01-28T21:02:36.264897868Z
01HN8Y4SCY1BVSX64XYM0325Q4,01HN8VZQ6385TBJCMQWCW3F6N5,2024-01-28T21:03:28.159036667Z,01HN8VZQ6CPX04XJGJ4ZV8974K,2024-01-28T21:03:28.159036667Z,01HN8XXV1Q1PS5G6SAGQWENXKN,2024-01-28T21:03:28.159036667Z
01HN8Y4SE1ZERJY3VBG4AGD6NM,01HN8VZQ6385TBJCMQWCW3F6N5,2024-01-28T21:03:28.193983649Z,01HN8VZQ6CPX04XJGJ4ZV8974K,2024-01-28T21:03:28.193983649Z,01HN8XY4WYPA53SSQGK7EGPG8R,2024-01-28T21:03:28.193983649Z
01HN8Y4SF4D081HDD11BQH95M5,01HN8VZQ6385TBJCMQWCW3F6N5,2024-01-28T21:03:28.228862682Z,01HN8VZQ6CPX04XJGJ4ZV8974K,2024-01-28T21:03:28.228862682Z,01HN8XYMP1DARBW6EC4FXNH1WY,2024-01-28T21:03:28.228862682Z
01HN8Y4SG8312BFWCRW0JXG2K9,01HN8VZQ6385TBJCMQWCW3F6N5,2024-01-28T21:03:28.264725896Z,01HN8VZQ6CPX04XJGJ4ZV8974K,2024-01-28T21:03:28.264725896Z,01HN8Y0CSFR7J3Y7NX0229J0EB,2024-01-28T21:03:28.264725896Z
01HN8Y60XBTYECXFDFQJMN4FRW,01HN8W01QKGRSYWHPT5YH6Z3F7,2024-01-28T21:04:08.619042744Z,01HN8W01QW8NM01EWKW6HW7GP5,2024-01-28T21:04:08.619042744Z,01HN8XHMEP115SRB3978KX0TFQ,2024-01-28T21:04:08.619042744Z
01HN8Y60YJC52C23ABA9HRZBZW,01HN8W01QKGRSYWHPT5YH6Z3F7,2024-01-28T21:04:08.65894358Z,01HN8W01QW8NM01EWKW6HW7GP5,2024-01-28T21:04:08.65894358Z,01HN8XPMWMKMNBMY199A64VDWW,2024-01-28T21:04:08.65894358Z
01HN8Y60ZW0MYZ77VW4RREFZMN,01HN8W01QKGRSYWHPT5YH6Z3F7,2024-01-28T21:04:08.700124858Z,01HN8W01QW8NM01EWKW6HW7GP5,2024-01-28T21:04:08.700124858Z,01HN8XQX8S884G6P4R7FCW1SC5,2024-01-28T21:04:08.700124858Z
01HN8Y611308QK6T2Y47KDX0ZG,01HN8W01QKGRSYWHPT5YH6Z3F7,2024-01-28T21:04:08.741013261Z,01HN8W01QW8NM01EWKW6HW7GP5,2024-01-28T21:04:08.741013261Z,01HN8XRGEJ24SKESN5PFWZPBJS,2024-01-28T21:04:08.741013261Z
01HN8Y6CMZJ0W9WT3SDXF10Q3T,01HN8VZR16580ZT4SNZQ8SE58N,2024-01-28T21:04:20.639982672Z,01HN8VZR1KW8WHKZE42R8Q5P63,2024-01-28T21:04:20.639982672Z,01HN8XXHB1HBKZ3BQFAGB1MJX4,2024-01-28T21:04:20.639982672Z
01HN8Y6CPA93YSGFG041YT3ZR0,01HN8VZR16580ZT4SNZQ8SE58N,2024-01-28T21:04:20.682163224Z,01HN8VZR1KW8WHKZE42R8Q5P63,2024-01-28T21:04:20.682163224Z,01HN8XXKR27Y24TXDVAPMX1W9W,2024-01-28T21:04:20.682163224Z
01HN8Y6CQJ537396BGNXDA3X7B,01HN8VZR16580ZT4SNZQ8SE58N,2024-01-28T21:04:20.722968514Z,01HN8VZR1KW8WHKZE42R8Q5P63,2024-01-28T21:04:20.722968514Z,01HN8XY6FGY3C5194A5FPVBYWA,2024-01-28T21:04:20.722968514Z
01HN8Y6CRWQ6MHRK00WBVFDYM4,01HN8VZR16580ZT4SNZQ8SE58N,2024-01-28T21:04:20.764429812Z,01HN8VZR1KW8WHKZE42R8Q5P63,2024-01-28T21:04:20.764429812Z,01HN8Y0A28QZ0S602TC9KWNFTM,2024-01-28T21:04:20.764429812Z
01HN8Y8NN87SB79YNR8K3QFERY,01HN8VZRTPN82DQXKBBCQP2Y16,2024-01-28T21:05:35.400569411Z,01HN8VZRTX5212RJA4ZY6A832B,2024-01-28T21:05:35.400569411Z,01HN8XYREZFVYHT6375MG4VW74,2024-01-28T21:05:35.400569411Z
01HN8Y8NPRRPZX8X67T8A46D99,01HN8VZRTPN82DQXKBBCQP2Y16,2024-01-28T21:05:35.448988409Z,01HN8VZRTX5212RJA4ZY6A832B,2024-01-28T21:05:35.448988409Z,01HN8XZ0NG4QD1AMA5FFZWX6YD,2024-01-28T21:05:35.448988409Z
01HN8Y8NR43ZWH89WA1QHSWQET,01HN8VZRTPN82DQXKBBCQP2Y16,2024-01-28T21:05:35.492620853Z,01HN8VZRTX5212RJA4ZY6A832B,2024-01-28T21:05:35.492620853Z,01HN8XZR5JQ7KMGWNF3EG7HKWG,2024-01-28T21:05:35.492620853Z
01HN8Y8NSE2A0B3R6R4ZZVQGCE,01HN8VZRTPN82DQXKBBCQP2Y16,2024-01-28T21:05:35.534794877Z,01HN8VZRTX5212RJA4ZY6A832B,2024-01-28T21:05:35.534794877Z,01HN8Y5JG2GX34YDE2W3SADQG5,2024-01-28T21:05:35.534794877Z
01HN8Y9GVXQ7E3X9MDNZ4SV046,01HN8VZSQBHACG70EQRWE4V1M6,2024-01-28T21:06:03.261445296Z,01HN8VZSQN8NQA65BX95BKBMMJ,2024-01-28T21:06:03.261445296Z,01HN8XX50MTA7Y3F6DBTW4EK04,2024-01-28T21:06:03.261445296Z
01HN8Y9GXFP4VCGCJSXN9EYJZ0,01HN8VZSQBHACG70EQRWE4V1M6,2024-01-28T21:06:03.311371162Z,01HN8VZSQN8NQA65BX95BKBMMJ,2024-01-28T21:06:03.311371162Z,01HN8Y51FZT8FTKBGG5ZZWREK7,2024-01-28T21:06:03.311371162Z
01HN8Y9H0D35YA8EFNBXM1H2NW,01HN8VZSQBHACG70EQRWE4V1M6,2024-01-28T21:06:03.40548664Z,01HN8VZSQN8NQA65BX95BKBMMJ,2024-01-28T21:06:03.40548664Z,01HN8Y5Y7Q5C10HCVP0WEJBCVR,2024-01-28T21:06:03.40548664Z
01HN8Y9H1ZJSP1RNQ59MNA6H7R,01HN8VZSQBHACG70EQRWE4V1M6,2024-01-28T21:06:03.455191666Z,01HN8VZSQN8NQA65BX95BKBMMJ,2024-01-28T21:06:03.455191666Z,01HN8Y634JYETQJZ7ME5PYT43A,2024-01-28T21:06:03.455191666Z
01HN8YA0T3MF5N5V6HBYX80QKP,01HN8W02J0CBY9BN502WMFF3JH,2024-01-28T21:06:19.587504517Z,01HN8W02JBQANGA2VRQAF9AFPE,2024-01-28T21:06:19.587504517Z,01HN8XK3CEG8TKRDHCPKEYD228,2024-01-28T21:06:19.587504517Z
01HN8YA0VMJC2HX290WZSEMK04,01HN8W02J0CBY9BN502WMFF3JH,2024-01-28T21:06:19.636784288Z,01HN8W02JBQANGA2VRQAF9AFPE,2024-01-28T21:06:19.636784288Z,01HN8XNY6YYEPVCFQ04Y44JGKA,2024-01-28T21:06:19.636784288Z
01HN8YA1004215ATDN1NT689DX,01HN8W02J0CBY9BN502WMFF3JH,2024-01-28T21:06:19.776834148Z,01HN8W02JBQANGA2VRQAF9AFPE,2024-01-28T21:06:19.776834148Z,01HN8XPQJ9F9GS4T0D7XXN2XT6,2024-01-28T21:06:19.776834148Z
01HN8YA11FAMVK4HT1MVCJSFK0,01HN8W02J0CBY9BN502WMFF3JH,2024-01-28T21:06:19.823855783Z,01HN8W02JBQANGA2VRQAF9AFPE,2024-01-28T21:06:19.823855783Z,01HN8XQXYR3D3XR66TWWDQRD9X,2024-01-28T21:06:19.823855783Z
01HN8YAGRDA9VGJV6RER1R2RT9,01HN8W01QKGRSYWHPT5YH6Z3F7,2024-01-28T21:06:35.917625771Z,01HN8W01QW8NM01EWKWMY88K3Z,2024-01-28T21:06:35.917625771Z,01HN8XY0K8XEVT4G0EC9HGAJGS,2024-01-28T21:06:35.917625771Z
01HN8YAGSWHEZJFMH7VQT7TVQ6,01HN8W01QKGRSYWHPT5YH6Z3F7,2024-01-28T21:06:35.964160516Z,01HN8W01QW8NM01EWKWMY88K3Z,2024-01-28T21:06:35.964160516Z,01HN8XZ223FA8D7Q6ZVA05XMSB,2024-01-28T21:06:35.964160516Z
01HN8YAGV80X4XK7HYTYXYG62K,01HN8W01QKGRSYWHPT5YH6Z3F7,2024-01-28T21:06:36.00857479Z,01HN8W01QW8NM01EWKWMY88K3Z,2024-01-28T21:06:36.00857479Z,01HN8Y5HNDGK6TN1CY0GKP7SRJ,2024-01-28T21:06:36.00857479Z
01HN8YAGWN4FNWRP4P649SWBZN,01HN8W01QKGRSYWHPT5YH6Z3F7,2024-01-28T21:06:36.053623484Z,01HN8W01QW8NM01EWKWMY88K3Z,2024-01-28T21:06:36.053623484Z,01HN8Y5RHY9GRJ10XHD3ANJ37S,2024-01-28T21:06:36.053623484Z
01HN8YC0MAY8W729GQ5C06P1GW,01HN8W02J0CBY9BN502WMFF3JH,2024-01-28T21:07:24.938189444Z,01HN8W02JA55W3B696SJ2MET03,2024-01-28T21:07:24.938189444Z,01HN8XXHK6VF60RR56T6NNTVHJ,2024-01-28T21:07:24.938189444Z
01HN8YC0NVBZNH89XXC6CJV2B9,01HN8W02J0CBY9BN502WMFF3JH,2024-01-28T21:07:24.987232966Z,01HN8W02JA55W3B696SJ2MET03,2024-01-28T21:07:24.987232966Z,01HN8Y32E4MJCGAFV50R57XW92,2024-01-28T21:07:24.987232966Z
01HN8YC0VVJ0B6KGH4V1DVNCK4,01HN8W02J0CBY9BN502WMFF3JH,2024-01-28T21:07:25.179622958Z,01HN8W02JA55W3B696SJ2MET03,2024-01-28T21:07:25.179622958Z,01HN8Y5VPGZ0HYCT19RQ2YW8M6,2024-01-28T21:07:25.179622958Z
01HN8YC0XA4HXCMJ733YCX00FP,01HN8W02J0CBY9BN502WMFF3JH,2024-01-28T21:07:25.226388995Z,01HN8W02JA55W3B696SJ2MET03,2024-01-28T21:07:25.226388995Z,01HN8Y66PP0FD8BD96Z0S1SGWV,2024-01-28T21:07:25.226388995Z
01HN8YCZTW8HVTVYYXQFKFYB1W,01HN8W039VXRG1D9R71TSPK405,2024-01-28T21:07:56.892780557Z,01HN8W03A3JHQV184ZGJPTPRT2,2024-01-28T21:07:56.892780557Z,01HN8Y6BTQ3EH46A04KBEKENW4,2024-01-28T21:07:56.892780557Z
01HN8YCZWCH1SHRVCR2GD1NTD8,01HN8W039VXRG1D9R71TSPK405,2024-01-28T21:07:56.940808218Z,01HN8W03A3JHQV184ZGJPTPRT2,2024-01-28T21:07:56.940808218Z,01HN8Y6K81BBGK8ZFH6KNZ0TNY,2024-01-28T21:07:56.940808218Z
01HN8YD00WF8XAXVA78N9GNXG7,01HN8W039VXRG1D9R71TSPK405,2024-01-28T21:07:57.084231308Z,01HN8W03A3JHQV184ZGJPTPRT2,2024-01-28T21:07:57.084231308Z,01HN8Y6ZP08TC4B58A9DB8SYJY,2024-01-28T21:07:57.084231308Z
01HN8YD02DCD4M3GQY5M4PYA1M,01HN8W039VXRG1D9R71TSPK405,2024-01-28T21:07:57.133365534Z,01HN8W03A3JHQV184ZGJPTPRT2,2024-01-28T21:07:57.133365534Z,01HN8Y7XSFZEK4F25J7DB0KJQ7,2024-01-28T21:07:57.133365534Z
01HN8YFBF7TJE8BQ47P4E5X6WE,01HN8W043VMQ46B4NKEFTZ3767,2024-01-28T21:09:14.343464976Z,01HN8W04437QRX6D3FBM32K5FW,2024-01-28T21:09:14.343464976Z,01HN8WNMSX89SH7BZ2322Y482K,2024-01-28T21:09:14.343464976Z
01HN8YFBGSBMEHCA9615M5W4R8,01HN8W043VMQ46B4NKEFTZ3767,2024-01-28T21:09:14.393361927Z,01HN8W04437QRX6D3FBM32K5FW,2024-01-28T21:09:14.393361927Z,01HN8YA6Q6RJX7GZKCGXYMG5G1,2024-01-28T21:09:14.393361927Z
01HN8YFBJB3BXW1ST4PQCGN1NH,01HN8W043VMQ46B4NKEFTZ3767,2024-01-28T21:09:14.443999912Z,01HN8W04437QRX6D3FBM32K5FW,2024-01-28T21:09:14.443999912Z,01HN8YBC7DYH1XSJFB81W6SMSF,2024-01-28T21:09:14.443999912Z
01HN8YFBKW5S08X1V2M81HPEJ9,01HN8W043VMQ46B4NKEFTZ3767,2024-01-28T21:09:14.492672891Z,01HN8W04437QRX6D3FBM32K5FW,2024-01-28T21:09:14.492672891Z,01HN8YC8EMJE2CS7NFDV9RVC7D,2024-01-28T21:09:14.492672891Z
01HN8YKE51RW080WAPY0A316E3,01HN8W04VBSXZ8NQV40BWW126M,2024-01-28T21:11:28.16188008Z,01HN8W04VNXB2HBC52VFVB3X5J,2024-01-28T21:11:28.16188008Z,01HN8Y5RP7FZSW8X516XXYQYVC,2024-01-28T21:11:28.16188008Z
01HN8YKE6MER6FXZ1J0AVJYCAA,01HN8W04VBSXZ8NQV40BWW126M,2024-01-28T21:11:28.21270229Z,01HN8W04VNXB2HBC52VFVB3X5J,2024-01-28T21:11:28.21270229Z,01HN8Y6TD9K4PVH9TH9BF1PFQE,2024-01-28T21:11:28.21270229Z
01HN8YKE862FENR9MDCW3T3MCR,01HN8W04VBSXZ8NQV40BWW126M,2024-01-28T21:11:28.26209799Z,01HN8W04VNXB2HBC52VFVB3X5J,2024-01-28T21:11:28.26209799Z,01HN8Y87PFH9GYV05Q73FGJ6SK,2024-01-28T21:11:28.26209799Z
01HN8YKE9Q738SPWBM0ZAXR9JV,01HN8W04VBSXZ8NQV40BWW126M,2024-01-28T21:11:28.311474236Z,01HN8W04VNXB2HBC52VFVB3X5J,2024-01-28T21:11:28.311474236Z,01HN8YBABMFJMETAGCKED7MANN,2024-01-28T21:11:28.311474236Z
01HN8YSAA5NN3595KSRC83ZPVH,01HN8W039VXRG1D9R71TSPK405,2024-01-28T21:14:40.837613537Z,01HN8W03A24E1A2Y4D0TMPHHJH,2024-01-28T21:14:40.837613537Z,01HN8XF7E2V2PQPVAHNYC2Z791,2024-01-28T21:14:40.837613537Z
01HN8YSABWJWZB7H7Y1XPJ5N5B,01HN8W039VXRG1D9R71TSPK405,2024-01-28T21:14:40.892472697Z,01HN8W03A24E1A2Y4D0TMPHHJH,2024-01-28T21:14:40.892472697Z,01HN8XQZH6AHQM5WDV6W1TDQF7,2024-01-28T21:14:40.892472697Z
01HN8YSADF5R6VJT1CZD30F8S4,01HN8W039VXRG1D9R71TSPK405,2024-01-28T21:14:40.943438335Z,01HN8W03A24E1A2Y4D0TMPHHJH,2024-01-28T21:14:40.943438335Z,01HN8YBZR3ZTZ1YXM8MMAX86C1,2024-01-28T21:14:40.943438335Z
01HN8YSAF6DJH7DSMC71QCF0B2,01HN8W039VXRG1D9R71TSPK405,2024-01-28T21:14:40.99874939Z,01HN8W03A24E1A2Y4D0TMPHHJH,2024-01-28T21:14:40.99874939Z,01HN8YDSFPQGJQ07RZKRRQ7PJ7,2024-01-28T21:14:40.99874939Z
01HN8YVE2SS3XE0S4MJA3VS4WG,01HN8XE7YTSCB33HQRPBP38V5D,2024-01-28T21:15:50.234015433Z,01HN8XE7ZKP6XQPVR09QQEZXFM,2024-01-28T21:15:50.234015433Z,01HN8XCQNHD9S7TC8F11RM4KS8,2024-01-28T21:15:50.234015433Z
01HN8YVE4BG9SR4JA5Z494TASX,01HN8XE7YTSCB33HQRPBP38V5D,2024-01-28T21:15:50.283723416Z,01HN8XE7ZKP6XQPVR09QQEZXFM,2024-01-28T21:15:50.283723416Z,01HN8Y8EZW90G0R1669YD48RQX,2024-01-28T21:15:50.283723416Z
01HN8YVE5XS137GZ4BEMBWC0JA,01HN8XE7YTSCB33HQRPBP38V5D,2024-01-28T21:15:50.333336109Z,01HN8XE7ZKP6XQPVR09QQEZXFM,2024-01-28T21:15:50.333336109Z,01HN8Y8FF44X73CK5RDQ5J8RSX,2024-01-28T21:15:50.333336109Z
01HN8YVE7FPV25YD15C3YRR36M,01HN8XE7YTSCB33HQRPBP38V5D,2024-01-28T21:15:50.383677966Z,01HN8XE7ZKP6XQPVR09QQEZXFM,2024-01-28T21:15:50.383677966Z,01HN8YC950D4RX9RFD1WHBS2PS,2024-01-28T21:15:50.383677966Z
01HN8Z8DFGDZZ259G0AGG2S22K,01HN8W043VMQ46B4NKEFTZ3767,2024-01-28T21:22:55.600339339Z,01HN8W04437QRX6D3FB65S9AS2,2024-01-28T21:22:55.600339339Z,01HN8YG5ZFQW3NF9W3GAES3AP3,2024-01-28T21:22:55.600339339Z
01HN8Z8DH6RXZG0KF62G69C3T0,01HN8W043VMQ46B4NKEFTZ3767,2024-01-28T21:22:55.65493483Z,01HN8W04437QRX6D3FB65S9AS2,2024-01-28T21:22:55.65493483Z,01HN8YHMEWG55GBF50D3X2SD86,2024-01-28T21:22:55.65493483Z
01HN8Z8DJSD8ZBJ5YPEJN6GG7Q,01HN8W043VMQ46B4NKEFTZ3767,2024-01-28T21:22:55.705168635Z,01HN8W04437QRX6D3FB65S9AS2,2024-01-28T21:22:55.705168635Z,01HN8YMZ4XTVQ72N62YY1PSJ1S,2024-01-28T21:22:55.705168635Z
01HN8Z8DMDNAWSK9QP55GDN6JJ,01HN8W043VMQ46B4NKEFTZ3767,2024-01-28T21:22:55.757512442Z,01HN8W04437QRX6D3FB65S9AS2,2024-01-28T21:22:55.757512442Z,01HN8YYZPTX7DQQQ660T66QSMS,2024-01-28T21:22:55.757512442Z
01HN90QMR9FKNHFFX3J2ZEWZS5,01HN8W04VBSXZ8NQV40BWW126M,2024-01-28T21:48:43.145243265Z,01HN8W04VM3A9723V4FZVRV5GQ,2024-01-28T21:48:43.145243265Z,01HN8YS0ST2N8EJR93FYSSV7HT,2024-01-28T21:48:43.145243265Z
01HN8WZHBKP4X3YZV1R0QRWWSH,01HN8VW4KDXDSK4543MZEH5MVR,2024-01-28T20:43:07.50753952Z,01HN8VW4M12YPXWM797PV50HD0,2024-01-28T20:43:07.50753952Z,01HN8WH3THS26GR664GHZ4SJVH,2024-01-28T20:43:07.50753952Z
01HN8WZHBMH7D3BXB11T20TGHJ,01HN8VW4KDXDSK4543MZEH5MVR,2024-01-28T20:43:07.508015118Z,01HN8VW4M12YPXWM797PV50HD0,2024-01-28T20:43:07.508015118Z,01HN8WKAMZASB0QZ4J9133AV7J,2024-01-28T20:43:07.508015118Z
01HN8WZHBMH7D3BXB12186EAXP,01HN8VW4KDXDSK4543MZEH5MVR,2024-01-28T20:43:07.508278723Z,01HN8VW4M12YPXWM797PV50HD0,2024-01-28T20:43:07.508278723Z,01HN8WKCFXXW3159FQBM9SSZ1S,2024-01-28T20:43:07.508278723Z
01HN8WZHBMH7D3BXB12AH8ZMCC,01HN8VW4KDXDSK4543MZEH5MVR,2024-01-28T20:43:07.508529179Z,01HN8VW4M12YPXWM797PV50HD0,2024-01-28T20:43:07.508529179Z,01HN8WT5FY22ZT4J7X4VVXCHKB,2024-01-28T20:43:07.508529179Z
01HN8X1CNBYZ5FNQSNCSCN7PKS,01HN8VW4KDXDSK4543MZEH5MVR,2024-01-28T20:44:08.235591014Z,01HN8VW4M051ARWX18T7EKNNT8,2024-01-28T20:44:08.235591014Z,01HN8WFS0FP014KCJK7JJDSJQP,2024-01-28T20:44:08.235591014Z
01HN8X1CNCF8FDK04MKYHM0ZAE,01HN8VW4KDXDSK4543MZEH5MVR,2024-01-28T20:44:08.23619101Z,01HN8VW4M051ARWX18T7EKNNT8,2024-01-28T20:44:08.23619101Z,01HN8WQEJZRX09DPVACEVBQB5A,2024-01-28T20:44:08.23619101Z
01HN8X1CNCF8FDK04MM82JH663,01HN8VW4KDXDSK4543MZEH5MVR,2024-01-28T20:44:08.23652559Z,01HN8VW4M051ARWX18T7EKNNT8,2024-01-28T20:44:08.23652559Z,01HN8WVXFEX730WAJDDJWD9D7C,2024-01-28T20:44:08.23652559Z
01HN8X1CNCF8FDK04MMATVSGMF,01HN8VW4KDXDSK4543MZEH5MVR,2024-01-28T20:44:08.236845865Z,01HN8VW4M051ARWX18T7EKNNT8,2024-01-28T20:44:08.236845865Z,01HN8WWNZQ0VB9XQN3V18JVK1F,2024-01-28T20:44:08.236845865Z
01HN8X3AVZGBQXKDCT3XA7VYXS,01HN8VW75A0SZ36EFK7W5H8SM5,2024-01-28T20:45:11.935679849Z,01HN8VW75MDMST7DFQ9EYCHE3V,2024-01-28T20:45:11.935679849Z,01HN8WWPMZW3EB9T9KD3DGEP9D,2024-01-28T20:45:11.935679849Z
01HN8X3AW052479HRCB2RJEG4E,01HN8VW75A0SZ36EFK7W5H8SM5,2024-01-28T20:45:11.936658693Z,01HN8VW75MDMST7DFQ9EYCHE3V,2024-01-28T20:45:11.936658693Z,01HN8WWTP66QFX9WNBFB3XC6EX,2024-01-28T20:45:11.936658693Z
01HN8X3AW1EVNSQGW93C24M1TE,01HN8VW75A0SZ36EFK7W5H8SM5,2024-01-28T20:45:11.937460395Z,01HN8VW75MDMST7DFQ9EYCHE3V,2024-01-28T20:45:11.937460395Z,01HN8WZCC15KVGMJZM59SR2VFG,2024-01-28T20:45:11.937460395Z
01HN8X3AW2SG8CTQ7RGW597ZA1,01HN8VW75A0SZ36EFK7W5H8SM5,2024-01-28T20:45:11.938417826Z,01HN8VW75MDMST7DFQ9EYCHE3V,2024-01-28T20:45:11.938417826Z,01HN8X1D7F07ZPSDRJP27M2VZN,2024-01-28T20:45:11.938417826Z
01HN8X58ZKP8NH06PJ9J7GXEVC,01HN8VW75A0SZ36EFK7W5H8SM5,2024-01-28T20:46:15.539156649Z,01HN8VW75MDMST7DFQ91AXRDPK,2024-01-28T20:46:15.539156649Z,01HN8WVT6H7ER66EH9TZRVFX07,2024-01-28T20:46:15.539156649Z
01HN8X58ZMJ41YJ3KNR2M4W49G,01HN8VW75A0SZ36EFK7W5H8SM5,2024-01-28T20:46:15.54034401Z,01HN8VW75MDMST7DFQ91AXRDPK,2024-01-28T20:46:15.54034401Z,01HN8WXV114P8JEJGK5G1MH3Q0,2024-01-28T20:46:15.54034401Z
01HN8X58ZNGRSNFVXHZTRJ22V7,01HN8VW75A0SZ36EFK7W5H8SM5,2024-01-28T20:46:15.541204257Z,01HN8VW75MDMST7DFQ91AXRDPK,2024-01-28T20:46:15.541204257Z,01HN8X1KP5TGHQK6BQ71TJR8E5,2024-01-28T20:46:15.541204257Z
01HN8X58ZNGRSNFVXJ00FJ7PTE,01HN8VW75A0SZ36EFK7W5H8SM5,2024-01-28T20:46:15.541947043Z,01HN8VW75MDMST7DFQ91AXRDPK,2024-01-28T20:46:15.541947043Z,01HN8X282NVVR6E44GGSNJ99ZP,2024-01-28T20:46:15.541947043Z
01HN8X78S3GS9X58QDF4492WDZ,01HN8VW97B7RVYGZYTEJRJCHEC,2024-01-28T20:47:20.867675385Z,01HN8VW97MVT36F4VQ6ZP5JHG2,2024-01-28T20:47:20.867675385Z,01HN8WZHPZKCNSB98E5ZJC0WQ3,2024-01-28T20:47:20.867675385Z
01HN8X78S5NYQCMYCTMFFZXXZF,01HN8VW97B7RVYGZYTEJRJCHEC,2024-01-28T20:47:20.869189123Z,01HN8VW97MVT36F4VQ6ZP5JHG2,2024-01-28T20:47:20.869189123Z,01HN8X2AXXATT3DFVAS597CNH7,2024-01-28T20:47:20.869189123Z
01HN8X78S6YK89A25YZF5584SP,01HN8VW97B7RVYGZYTEJRJCHEC,2024-01-28T20:47:20.870293757Z,01HN8VW97MVT36F4VQ6ZP5JHG2,2024-01-28T20:47:20.870293757Z,01HN8X2CSR1XYP5ZBQSGQ7K7CS,2024-01-28T20:47:20.870293757Z
01HN8X78S7P8H6AP6M6A3N0NT8,01HN8VW97B7RVYGZYTEJRJCHEC,2024-01-28T20:47:20.871542639Z,01HN8VW97MVT36F4VQ6ZP5JHG2,2024-01-28T20:47:20.871542639Z,01HN8X3DQPKJZ3M532FMZ5GZ82,2024-01-28T20:47:20.871542639Z
01HN8X9DF8446V4WRHTJXB8GE8,01HN8VW97B7RVYGZYTEJRJCHEC,2024-01-28T20:48:31.208497976Z,01HN8VW97KJKRFEF2RNBQ2ZCQ5,2024-01-28T20:48:31.208497976Z,01HN8WWPTMMJ0Y919QZPDHX80N,2024-01-28T20:48:31.208497976Z
01HN8X9DFAYW8KR066GDW6EC55,01HN8VW97B7RVYGZYTEJRJCHEC,2024-01-28T20:48:31.210799344Z,01HN8VW97KJKRFEF2RNBQ2ZCQ5,2024-01-28T20:48:31.210799344Z,01HN8WYR8WRJ0SY170B5FDRD58,2024-01-28T20:48:31.210799344Z
01HN8X9DFC8XF89ZV5F8MG8100,01HN8VW97B7RVYGZYTEJRJCHEC,2024-01-28T20:48:31.212710038Z,01HN8VW97KJKRFEF2RNBQ2ZCQ5,2024-01-28T20:48:31.212710038Z,01HN8X1TS1RFYA333GEAVR1BCG,2024-01-28T20:48:31.212710038Z
01HN8X9DFEQD5B3WTV9ANCNY20,01HN8VW97B7RVYGZYTEJRJCHEC,2024-01-28T20:48:31.21407727Z,01HN8VW97KJKRFEF2RNBQ2ZCQ5,2024-01-28T20:48:31.21407727Z,01HN8X66557WJMY1D4NPGBFMKM,2024-01-28T20:48:31.21407727Z
01HN8XAV1VDH1CX578K0F2T93J,01HN8VWAVY8K8BCDX48G3TDG9B,2024-01-28T20:49:17.883899763Z,01HN8VWAW60V5Z61NQB97SV85E,2024-01-28T20:49:17.883899763Z,01HN8X40SA12R5KGZZRR40TE8C,2024-01-28T20:49:17.883899763Z
01HN8XAV1Y6BQNA1RAQHF0AHPN,01HN8VWAVY8K8BCDX48G3TDG9B,2024-01-28T20:49:17.886511845Z,01HN8VWAW60V5Z61NQB97SV85E,2024-01-28T20:49:17.886511845Z,01HN8X47DYMRWCXK8CTBJ3CY83,2024-01-28T20:49:17.886511845Z
01HN8XAV20D8C4WG3JR899F4S4,01HN8VWAVY8K8BCDX48G3TDG9B,2024-01-28T20:49:17.888911575Z,01HN8VWAW60V5Z61NQB97SV85E,2024-01-28T20:49:17.888911575Z,01HN8X52CAK676TWHHBJV19CEA,2024-01-28T20:49:17.888911575Z
01HN8XAV224KST24J7WGFRZ7G6,01HN8VWAVY8K8BCDX48G3TDG9B,2024-01-28T20:49:17.890738416Z,01HN8VWAW60V5Z61NQB97SV85E,2024-01-28T20:49:17.890738416Z,01HN8X5YKTT4RMYDP5R25NHPS9,2024-01-28T20:49:17.890738416Z
01HN8XD62G2H3R57HXER9SXRDG,01HN8VWCVFFMYY27RA0GBFH9GJ,2024-01-28T20:50:34.704761769Z,01HN8VWCVQ4358JCAX3GKGBSHG,2024-01-28T20:50:34.704761769Z,01HN8X1287MX5WJGMK1QEAZZ1W,2024-01-28T20:50:34.704761769Z
01HN8XD62MVMCCK27KFZ332A9B,01HN8VWCVFFMYY27RA0GBFH9GJ,2024-01-28T20:50:34.70808746Z,01HN8VWCVQ4358JCAX3GKGBSHG,2024-01-28T20:50:34.70808746Z,01HN8X3GBCWCZF4TE5FNYXMRJF,2024-01-28T20:50:34.70808746Z
01HN8XD62PJ426BASF0M8NRX2C,01HN8VWCVFFMYY27RA0GBFH9GJ,2024-01-28T20:50:34.710834547Z,01HN8VWCVQ4358JCAX3GKGBSHG,2024-01-28T20:50:34.710834547Z,01HN8X9RKJQ87TDWC3QCGP2SAY,2024-01-28T20:50:34.710834547Z
01HN8XD62SQKAKR8DDA43554ZX,01HN8VWCVFFMYY27RA0GBFH9GJ,2024-01-28T20:50:34.713718608Z,01HN8VWCVQ4358JCAX3GKGBSHG,2024-01-28T20:50:34.713718608Z,01HN8X9YSS67ZNHRHD0P5Z5P92,2024-01-28T20:50:34.713718608Z
01HN8XDN10Y6AT73FSV5VGAQKB,01HN8VWAVY8K8BCDX48G3TDG9B,2024-01-28T20:50:50.016492594Z,01HN8VWAW60V5Z61NQB0HMNM8P,2024-01-28T20:50:50.016492594Z,01HN8X5AJMKW6B8EDRKMQMNTJG,2024-01-28T20:50:50.016492594Z
01HN8XDN14GS0T4A2S42P5S31M,01HN8VWAVY8K8BCDX48G3TDG9B,2024-01-28T20:50:50.02058609Z,01HN8VWAW60V5Z61NQB0HMNM8P,2024-01-28T20:50:50.02058609Z,01HN8X7FCV9CE6HMEHQC6QCP7B,2024-01-28T20:50:50.02058609Z
01HN8XDN18DPNS1H3KFT2T73V0,01HN8VWAVY8K8BCDX48G3TDG9B,2024-01-28T20:50:50.024292722Z,01HN8VWAW60V5Z61NQB0HMNM8P,2024-01-28T20:50:50.024292722Z,01HN8X83ANYRNJN5W0KA1ZHXQC,2024-01-28T20:50:50.024292722Z
01HN8XDN1BQBC6791DDK3V1G7Y,01HN8VWAVY8K8BCDX48G3TDG9B,2024-01-28T20:50:50.027461903Z,01HN8VWAW60V5Z61NQB0HMNM8P,2024-01-28T20:50:50.027461903Z,01HN8X9K9PZZD5BP10XZ3KTC2V,2024-01-28T20:50:50.027461903Z
01HN8XF4YAZ7ZS2EK3Q48J4WHT,01HN8VWCVFFMYY27RA0GBFH9GJ,2024-01-28T20:51:39.0821105Z,01HN8VWCVRCH41779TXPTCB50Q,2024-01-28T20:51:39.0821105Z,01HN8X8J9DHM3ZW511P6EDG7FY,2024-01-28T20:51:39.0821105Z
01HN8XF4YF62C8BW4CENWM1XFQ,01HN8VWCVFFMYY27RA0GBFH9GJ,2024-01-28T20:51:39.087269672Z,01HN8VWCVRCH41779TXPTCB50Q,2024-01-28T20:51:39.087269672Z,01HN8X9J84HR06DJ5PF012DZTW,2024-01-28T20:51:39.087269672Z
01HN8XF4YKWHXACTE7FG0ZGK9R,01HN8VWCVFFMYY27RA0GBFH9GJ,2024-01-28T20:51:39.09180522Z,01HN8VWCVRCH41779TXPTCB50Q,2024-01-28T20:51:39.09180522Z,01HN8XA17F4CWADCYMET378YJJ,2024-01-28T20:51:39.09180522Z
01HN8XF4YR95H5193XR2YYVENV,01HN8VWCVFFMYY27RA0GBFH9GJ,2024-01-28T20:51:39.096210481Z,01HN8VWCVRCH41779TXPTCB50Q,2024-01-28T20:51:39.096210481Z,01HN8XCC2VVG9CJB66RSS5CC10,2024-01-28T20:51:39.096210481Z
01HN8XG1DNH86XZ2DBVZ0EM65C,01HN8VWJPFTCBNZXJQCHQAW402,2024-01-28T20:52:08.245150368Z,01HN8VWJPVHT3FMSC58XBE9RSR,2024-01-28T20:52:08.245150368Z,01HN8XBP671GNRV04A6XQN86MN,2024-01-28T20:52:08.245150368Z
01HN8XG1DTHW1MA99GQ13YF1PS,01HN8VWJPFTCBNZXJQCHQAW402,2024-01-28T20:52:08.250421414Z,01HN8VWJPVHT3FMSC58XBE9RSR,2024-01-28T20:52:08.250421414Z,01HN8XBREM0NV0JAZ3GME4B6DZ,2024-01-28T20:52:08.250421414Z
01HN8XG1DZWSJBHQBDJE4P8H5R,01HN8VWJPFTCBNZXJQCHQAW402,2024-01-28T20:52:08.255219007Z,01HN8VWJPVHT3FMSC58XBE9RSR,2024-01-28T20:52:08.255219007Z,01HN8XCT0TMZ1EQT557MAYNW6P,2024-01-28T20:52:08.255219007Z
01HN8XG1E3ZQW000SX94BEHH8H,01HN8VWJPFTCBNZXJQCHQAW402,2024-01-28T20:52:08.259802344Z,01HN8VWJPVHT3FMSC58XBE9RSR,2024-01-28T20:52:08.259802344Z,01HN8XD801HZENV29NKH9N9H3T,2024-01-28T20:52:08.259802344Z
01HN8XHGWV5BZKKW743FW5Z9MR,01HN8VWKEJBPW738536ADYXF4K,2024-01-28T20:52:56.859889666Z,01HN8VWKEV2C12ZECSQC26BZTD,2024-01-28T20:52:56.859889666Z,01HN8X8WY8E7VKT6F3NBTQSG2P,2024-01-28T20:52:56.859889666Z
01HN8XHGX2025PC77Y7M116WRS,01HN8VWKEJBPW738536ADYXF4K,2024-01-28T20:52:56.866621661Z,01HN8VWKEV2C12ZECSQC26BZTD,2024-01-28T20:52:56.866621661Z,01HN8XD46Y2JDSKTVPTW8D6SBD,2024-01-28T20:52:56.866621661Z
01HN8XHGX8NGH0KY1K98GNNNXB,01HN8VWKEJBPW738536ADYXF4K,2024-01-28T20:52:56.87268578Z,01HN8VWKEV2C12ZECSQC26BZTD,2024-01-28T20:52:56.87268578Z,01HN8XD4C00CEZV451W1S6S9EX,2024-01-28T20:52:56.87268578Z
01HN8XHGXE3VNX82AGP18CMZS8,01HN8VWKEJBPW738536ADYXF4K,2024-01-28T20:52:56.878878681Z,01HN8VWKEV2C12ZECSQC26BZTD,2024-01-28T20:52:56.878878681Z,01HN8XDMHWNQ8EN2DC9H5XDZR0,2024-01-28T20:52:56.878878681Z
01HN8XHTDC6MYXGF511DYAZ4MZ,01HN8VWJPFTCBNZXJQCHQAW402,2024-01-28T20:53:06.60452265Z,01HN8VWJPTHA0C757FXKBS0W1W,2024-01-28T20:53:06.60452265Z,01HN8X9S3AVKRWQEKK2WA4C1FG,2024-01-28T20:53:06.60452265Z
01HN8XHTDM48B2MV52JX1CM3JP,01HN8VWJPFTCBNZXJQCHQAW402,2024-01-28T20:53:06.612680051Z,01HN8VWJPTHA0C757FXKBS0W1W,2024-01-28T20:53:06.612680051Z,01HN8XA2Y2ZS4QJ98AZC9CB7FK,2024-01-28T20:53:06.612680051Z
01HN8XHTDVPRSTB1BVV0A3H93T,01HN8VWJPFTCBNZXJQCHQAW402,2024-01-28T20:53:06.619034271Z,01HN8VWJPTHA0C757FXKBS0W1W,2024-01-28T20:53:06.619034271Z,01HN8XA8PZGZ8JJ8KTTT39C6BT,2024-01-28T20:53:06.619034271Z
01HN8XHTE1G9HXGPE3VX97QBDR,01HN8VWJPFTCBNZXJQCHQAW402,2024-01-28T20:53:06.625535175Z,01HN8VWJPTHA0C757FXKBS0W1W,2024-01-28T20:53:06.625535175Z,01HN8XA9C7GDRJJ3PQ609WET0S,2024-01-28T20:53:06.625535175Z
01HN8XJD2R57TC2W5VY3F3423S,01HN8VWMZP8WDGHG3SGQ41JSP7,2024-01-28T20:53:25.720496176Z,01HN8VWN00GDH412WVJ4T94YB3,2024-01-28T20:53:25.720496176Z,01HN8XB1739SZQGCBJV4B07BNZ,2024-01-28T20:53:25.720496176Z
01HN8XJD312XQZ5FC89SH67BYE,01HN8VWMZP8WDGHG3SGQ41JSP7,2024-01-28T20:53:25.72935496Z,01HN8VWN00GDH412WVJ4T94YB3,2024-01-28T20:53:25.72935496Z,01HN8XBFJ3QMJCJ287MD3BC5SY,2024-01-28T20:53:25.72935496Z
01HN8XJD395HG8Z7464SCE9VG0,01HN8VWMZP8WDGHG3SGQ41JSP7,2024-01-28T20:53:25.737355348Z,01HN8VWN00GDH412WVJ4T94YB3,2024-01-28T20:53:25.737355348Z,01HN8XBZHZMQ7YCJ54TX1RTFWD,2024-01-28T20:53:25.737355348Z
01HN8XJD3H9ED6833SF6QKN770,01HN8VWMZP8WDGHG3SGQ41JSP7,2024-01-28T20:53:25.745477019Z,01HN8VWN00GDH412WVJ4T94YB3,2024-01-28T20:53:25.745477019Z,01HN8XCTBM01GQCWP9KXNYK61R,2024-01-28T20:53:25.745477019Z
01HN8XJSKZ3EFNP5QV7VCMG1MM,01HN8VWNV14433TW2PTE1T3JQE,2024-01-28T20:53:38.559579796Z,01HN8VWNVAPBH0CQJJV6B65MYM,2024-01-28T20:53:38.559579796Z,01HN8XAP6BTVGM3R929CAGZ2QX,2024-01-28T20:53:38.559579796Z
01HN8XJSM8403Q8AC4JZ0WCD2G,01HN8VWNV14433TW2PTE1T3JQE,2024-01-28T20:53:38.568928674Z,01HN8VWNVAPBH0CQJJV6B65MYM,2024-01-28T20:53:38.568928674Z,01HN8XB03JGMPAF0XCDHF3GZDS,2024-01-28T20:53:38.568928674Z
01HN8XJSMGFZSYFNMJJDH7BT9G,01HN8VWNV14433TW2PTE1T3JQE,2024-01-28T20:53:38.576529741Z,01HN8VWNVAPBH0CQJJV6B65MYM,2024-01-28T20:53:38.576529741Z,01HN8XBQ92XGNAKY9593YBAAJD,2024-01-28T20:53:38.576529741Z
01HN8XJSMRVN68DQENHXX01KC0,01HN8VWNV14433TW2PTE1T3JQE,2024-01-28T20:53:38.584186859Z,01HN8VWNVAPBH0CQJJV6B65MYM,2024-01-28T20:53:38.584186859Z,01HN8XE92SMT6FFKAVR7125VD1,2024-01-28T20:53:38.584186859Z
01HN8XMYZXFYSSYHCRS2NDGBPM,01HN8VWPSPPMXNT892BA7EPQH4,2024-01-28T20:54:49.597186058Z,01HN8VWPSYD5HCJRA4VN93XMH7,2024-01-28T20:54:49.597186058Z,01HN8XDWPGMFWK61MB1QDWTN8X,2024-01-28T20:54:49.597186058Z
01HN8XMZ0954R9775M4G0DMDC2,01HN8VWPSPPMXNT892BA7EPQH4,2024-01-28T20:54:49.609704031Z,01HN8VWPSYD5HCJRA4VN93XMH7,2024-01-28T20:54:49.609704031Z,01HN8XDXYXSXPE9B7J9MJTY423,2024-01-28T20:54:49.609704031Z
01HN8XMZ0MS93RVXBTAZ3FV3D6,01HN8VWPSPPMXNT892BA7EPQH4,2024-01-28T20:54:49.620539318Z,01HN8VWPSYD5HCJRA4VN93XMH7,2024-01-28T20:54:49.620539318Z,01HN8XE5XVYKGCBX6QJSH4WXWZ,2024-01-28T20:54:49.620539318Z
01HN8XMZ0ZSKSEKKY3ZSCDAJQ3,01HN8VWPSPPMXNT892BA7EPQH4,2024-01-28T20:54:49.631064046Z,01HN8VWPSYD5HCJRA4VN93XMH7,2024-01-28T20:54:49.631064046Z,01HN8XE7NG3KERX43ZF5HWMNPR,2024-01-28T20:54:49.631064046Z
01HN8XNPZQC4HRRW1P2XTXV2QV,01HN8VWKEJBPW738536ADYXF4K,2024-01-28T20:55:14.16765942Z,01HN8VWKETPR9MS4MGE4RBW6ZT,2024-01-28T20:55:14.16765942Z,01HN8WVBQ4AW5ZFSFEPPHQKTTE,2024-01-28T20:55:14.16765942Z
01HN8XNQ04YPRWFV3E4YFDY292,01HN8VWKEJBPW738536ADYXF4K,2024-01-28T20:55:14.180415231Z,01HN8VWKETPR9MS4MGE4RBW6ZT,2024-01-28T20:55:14.180415231Z,01HN8X05VMSPW4E9RS3PJFXGT6,2024-01-28T20:55:14.180415231Z
01HN8XNQ0HKM8C8K8RQE88WP1H,01HN8VWKEJBPW738536ADYXF4K,2024-01-28T20:55:14.193730187Z,01HN8VWKETPR9MS4MGE4RBW6ZT,2024-01-28T20:55:14.193730187Z,01HN8XGBNHK2QTMFKF0AT7ZJ9H,2024-01-28T20:55:14.193730187Z
01HN8XNQ0XGZKF8KCK0C9NAZKT,01HN8VWKEJBPW738536ADYXF4K,2024-01-28T20:55:14.20504774Z,01HN8VWKETPR9MS4MGE4RBW6ZT,2024-01-28T20:55:14.20504774Z,01HN8XJAD02E1KA5PJ233X5FG5,2024-01-28T20:55:14.20504774Z
01HN8XQ41W8JN3XT7ZCGH2T360,01HN8VWMZP8WDGHG3SGQ41JSP7,2024-01-28T20:56:00.316076084Z,01HN8VWN02CWAC9YZRF9HQ6N7V,2024-01-28T20:56:00.316076084Z,01HN8XJ9NYAE9Q2VMSB40T20KS,2024-01-28T20:56:00.316076084Z
01HN8XQ42BMDWR2T5RVBEDFXTX,01HN8VWMZP8WDGHG3SGQ41JSP7,2024-01-28T20:56:00.33196017Z,01HN8VWN02CWAC9YZRF9HQ6N7V,2024-01-28T20:56:00.33196017Z,01HN8XJA6AHH4DZPK012Y40ZQ3,2024-01-28T20:56:00.33196017Z
01HN8XQ42TEF8WKVD2A5FVMB9H,01HN8VWMZP8WDGHG3SGQ41JSP7,2024-01-28T20:56:00.346520713Z,01HN8VWN02CWAC9YZRF9HQ6N7V,2024-01-28T20:56:00.346520713Z,01HN8XKH75KY738HDE7BPTQKFH,2024-01-28T20:56:00.346520713Z
01HN8XQ4394CCSFEJXFDP0J8BV,01HN8VWMZP8WDGHG3SGQ41JSP7,2024-01-28T20:56:00.361567722Z,01HN8VWN02CWAC9YZRF9HQ6N7V,2024-01-28T20:56:00.361567722Z,01HN8XKWVY9BHQS3HWZ4QEDY09,2024-01-28T20:56:00.361567722Z
01HN8XQ76FX75J83HJRKQFBYSS,01HN8VWYY5W1VEZPCPFRWHFR90,2024-01-28T20:56:03.535234756Z,01HN8VWYYGDJTH5TS8XS1TDCPE,2024-01-28T20:56:03.535234756Z,01HN8XA56ZBKTS277RYFXCHW9P,2024-01-28T20:56:03.535234756Z
01HN8XQ76ZP1YA25MXAY5SJBPT,01HN8VWYY5W1VEZPCPFRWHFR90,2024-01-28T20:56:03.551512461Z,01HN8VWYYGDJTH5TS8XS1TDCPE,2024-01-28T20:56:03.551512461Z,01HN8XBZNDCHH27CSZA12PHAH8,2024-01-28T20:56:03.551512461Z
01HN8XQ780JH00VZSHBG9DG5A2,01HN8VWYY5W1VEZPCPFRWHFR90,2024-01-28T20:56:03.584852931Z,01HN8VWYYGDJTH5TS8XS1TDCPE,2024-01-28T20:56:03.584852931Z,01HN8XE57781J3E6KYXQ2WVWRJ,2024-01-28T20:56:03.584852931Z
01HN8XQ78F797898MRQPDXK7K4,01HN8VWYY5W1VEZPCPFRWHFR90,2024-01-28T20:56:03.599926892Z,01HN8VWYYGDJTH5TS8XS1TDCPE,2024-01-28T20:56:03.599926892Z,01HN8XFPXEX4DV152DKTGN32F8,2024-01-28T20:56:03.599926892Z
01HN8XQG2NXTJ79J6N4PZ2KRC9,01HN8VWNV14433TW2PTE1T3JQE,2024-01-28T20:56:12.629456991Z,01HN8VWNV9YXJKJSPABE955P3T,2024-01-28T20:56:12.629456991Z,01HN8XHCXKHEA0Y3EC3MVM1DC2,2024-01-28T20:56:12.629456991Z
01HN8XQG34GWYZE18PET90ZCEE,01HN8VWNV14433TW2PTE1T3JQE,2024-01-28T20:56:12.644550976Z,01HN8VWNV9YXJKJSPABE955P3T,2024-01-28T20:56:12.644550976Z,01HN8XHW39EEJ7MSHK7XX8Q3WW,2024-01-28T20:56:12.644550976Z
01HN8XQG3JCN541TT8N553VHPS,01HN8VWNV14433TW2PTE1T3JQE,2024-01-28T20:56:12.658590603Z,01HN8VWNV9YXJKJSPABE955P3T,2024-01-28T20:56:12.658590603Z,01HN8XJPAHMSMPZM9T5BJ0C3YY,2024-01-28T20:56:12.658590603Z
01HN8XQG42J6BNAJCNPC8RHAMD,01HN8VWNV14433TW2PTE1T3JQE,2024-01-28T20:56:12.674339335Z,01HN8VWNV9YXJKJSPABE955P3T,2024-01-28T20:56:12.674339335Z,01HN8XK934TFX4N6ECDN4079X0,2024-01-28T20:56:12.674339335Z
01HN8XS6319BACQ4TAFZJF51T1,01HN8VX087MEJ7KQVT4Z648FDB,2024-01-28T20:57:07.937953075Z,01HN8VX08HH4QR8KRHRN1087DM,2024-01-28T20:57:07.937953075Z,01HN8X81Q8TWSEZ9WDAX5NRJCG,2024-01-28T20:57:07.937953075Z
01HN8XS63JD89N1NGV9WA4TP4F,01HN8VX087MEJ7KQVT4Z648FDB,2024-01-28T20:57:07.95486472Z,01HN8VX08HH4QR8KRHRN1087DM,2024-01-28T20:57:07.95486472Z,01HN8XAVEETWEAVESWS6TQXFQN,2024-01-28T20:57:07.95486472Z
01HN8XS642ZEM3FQAGPFSX1XMH,01HN8VX087MEJ7KQVT4Z648FDB,2024-01-28T20:57:07.970963886Z,01HN8VX08HH4QR8KRHRN1087DM,2024-01-28T20:57:07.970963886Z,01HN8XEC77XAPMBWPW8K8250M7,2024-01-28T20:57:07.970963886Z
01HN8XS64J052YNGZJN6N2TCPS,01HN8VX087MEJ7KQVT4Z648FDB,2024-01-28T20:57:07.986444031Z,01HN8VX08HH4QR8KRHRN1087DM,2024-01-28T20:57:07.986444031Z,01HN8XENXDR5YMCNAEQMTG65MN,2024-01-28T20:57:07.986444031Z
01HN8XS98YSA3AG7QR068373QF,01HN8VWPSPPMXNT892BA7EPQH4,2024-01-28T20:57:11.198488243Z,01HN8VWPSXMVWBA8Z6XQEJBMEF,2024-01-28T20:57:11.198488243Z,01HN8XHQC0ZREF9GKA9NZDRE13,2024-01-28T20:57:11.198488243Z
01HN8XS99K89FGRFCHYW1PMKQ5,01HN8VWPSPPMXNT892BA7EPQH4,2024-01-28T20:57:11.219104012Z,01HN8VWPSXMVWBA8Z6XQEJBMEF,2024-01-28T20:57:11.219104012Z,01HN8XJBSXAJ4Q5N37ZNM1SXHD,2024-01-28T20:57:11.219104012Z
01HN8XS9A8N5D8MXJBQ723STSJ,01HN8VWPSPPMXNT892BA7EPQH4,2024-01-28T20:57:11.24097019Z,01HN8VWPSXMVWBA8Z6XQEJBMEF,2024-01-28T20:57:11.24097019Z,01HN8XK3JS4BY10Q5W2Q5VNJM3,2024-01-28T20:57:11.24097019Z
01HN8XS9AY0QT7AQM03ZTQHCM5,01HN8VWPSPPMXNT892BA7EPQH4,2024-01-28T20:57:11.262213902Z,01HN8VWPSXMVWBA8Z6XQEJBMEF,2024-01-28T20:57:11.262213902Z,01HN8XKBVGY52HZN8094P871VX,2024-01-28T20:57:11.262213902Z
01HN8XSW6X1Q4HD63TDPSM04ME,01HN8VWYY5W1VEZPCPFRWHFR90,2024-01-28T20:57:30.589229414Z,01HN8VWYYF1AEG9431GAAWEHET,2024-01-28T20:57:30.589229414Z,01HN8XGA717SKWNSQW3S61N1P6,2024-01-28T20:57:30.589229414Z
01HN8XSW7G16QDW71AKP0WWXZX,01HN8VWYY5W1VEZPCPFRWHFR90,2024-01-28T20:57:30.60837705Z,01HN8VWYYF1AEG9431GAAWEHET,2024-01-28T20:57:30.60837705Z,01HN8XJ9ABXGQ076C9APEM7CBF,2024-01-28T20:57:30.60837705Z
01HN8XSW97774DM7P0ACR8JTFH,01HN8VWYY5W1VEZPCPFRWHFR90,2024-01-28T20:57:30.663284578Z,01HN8VWYYF1AEG9431GAAWEHET,2024-01-28T20:57:30.663284578Z,01HN8XJTH9K6HTXPSX451PY3NV,2024-01-28T20:57:30.663284578Z
01HN8XSWAGZCA414E4M3D4RNSD,01HN8VWYY5W1VEZPCPFRWHFR90,2024-01-28T20:57:30.704468273Z,01HN8VWYYF1AEG9431GAAWEHET,2024-01-28T20:57:30.704468273Z,01HN8XMWPV1BEDVMBR8JNTM6M5,2024-01-28T20:57:30.704468273Z
01HN8XTPQWJ76ZYCEHR0EW7ER9,01HN8VX087MEJ7KQVT4Z648FDB,2024-01-28T20:57:57.75686681Z,01HN8VX08G3BGCG1QZ1G1QV9TR,2024-01-28T20:57:57.75686681Z,01HN8XGVZ8EXZ9MR02NPAK9VHW,2024-01-28T20:57:57.75686681Z
01HN8XTPRGRKNTE4AV05A5PVPB,01HN8VX087MEJ7KQVT4Z648FDB,2024-01-28T20:57:57.776872995Z,01HN8VX08G3BGCG1QZ1G1QV9TR,2024-01-28T20:57:57.776872995Z,01HN8XJ3Q1K9DMP9JDZH54XQC5,2024-01-28T20:57:57.776872995Z
01HN8XTPSTDXZ2YRGAGKVSVYF2,01HN8VX087MEJ7KQVT4Z648FDB,2024-01-28T20:57:57.818153004Z,01HN8VX08G3BGCG1QZ1G1QV9TR,2024-01-28T20:57:57.818153004Z,01HN8XKYCRWY4GE14QYAECW0NJ,2024-01-28T20:57:57.818153004Z
01HN8XTPTG3B1CPCP5YK5KK4HX,01HN8VX087MEJ7KQVT4Z648FDB,2024-01-28T20:57:57.840109408Z,01HN8VX08G3BGCG1QZ1G1QV9TR,2024-01-28T20:57:57.840109408Z,01HN8XNKE07XKJN0YY49J0E8SH,2024-01-28T20:57:57.840109408Z
01HN8XTXWSWA8NTKNJ7NEWJXBX,01HN8VX105EGHZ6N1SCBJA7BCQ,2024-01-28T20:58:05.081884577Z,01HN8VX10DM71P18HQC5PCPPVZ,2024-01-28T20:58:05.081884577Z,01HN8XK0YC2CZN2AENP6GJPBMB,2024-01-28T20:58:05.081884577Z
01HN8XTXXDA6BGYYX6589VT0QX,01HN8VX105EGHZ6N1SCBJA7BCQ,2024-01-28T20:58:05.101981699Z,01HN8VX10DM71P18HQC5PCPPVZ,2024-01-28T20:58:05.101981699Z,01HN8XKKDAVATMKFYP9KRHXY4W,2024-01-28T20:58:05.101981699Z
01HN8XTXY0ATNX3J2PNCDSK2F3,01HN8VX105EGHZ6N1SCBJA7BCQ,2024-01-28T20:58:05.120976674Z,01HN8VX10DM71P18HQC5PCPPVZ,2024-01-28T20:58:05.120976674Z,01HN8XNM32023E8A39GS8N4ABK,2024-01-28T20:58:05.120976674Z
01HN8XTXYNPV919G3GHXWWBNZF,01HN8VX105EGHZ6N1SCBJA7BCQ,2024-01-28T20:58:05.141131171Z,01HN8VX10DM71P18HQC5PCPPVZ,2024-01-28T20:58:05.141131171Z,01HN8XNN273YFEVX1WGXP1CTJ7,2024-01-28T20:58:05.141131171Z
01HN8XVQRJNWC2T1G2GX9KAC4R,01HN8VX1H6TR2TRGSSKBCVX9NZ,2024-01-28T20:58:31.570844048Z,01HN8VX1HCSAP086BM59CBAXNC,2024-01-28T20:58:31.570844048Z,01HN8XMYPQK4WSTV29KF24XS1S,2024-01-28T20:58:31.570844048Z
01HN8XVQSF2YSEV6EY5TFM0YNW,01HN8VX1H6TR2TRGSSKBCVX9NZ,2024-01-28T20:58:31.599108955Z,01HN8VX1HCSAP086BM59CBAXNC,2024-01-28T20:58:31.599108955Z,01HN8XP6QZCXTQP4A4Z4V54HRA,2024-01-28T20:58:31.599108955Z
01HN8XVQVHMQ5HX4SMHVV5VYBZ,01HN8VX1H6TR2TRGSSKBCVX9NZ,2024-01-28T20:58:31.665628889Z,01HN8VX1HCSAP086BM59CBAXNC,2024-01-28T20:58:31.665628889Z,01HN8XQ7A7H9TK1J7V2A42X3HX,2024-01-28T20:58:31.665628889Z
01HN8XVQW6PN8NGER8YCG4PKRY,01HN8VX1H6TR2TRGSSKBCVX9NZ,2024-01-28T20:58:31.686887095Z,01HN8VX1HCSAP086BM59CBAXNC,2024-01-28T20:58:31.686887095Z,01HN8XSCCKGWGQAZPCX14WED2T,2024-01-28T20:58:31.686887095Z
01HN8XWC610ZD9PCQXMY84MXQH,01HN8VX21JDA9XFTJ7W4XW0YKK,2024-01-28T20:58:52.481363876Z,01HN8VX21TWMBDBPVKE5SC04HA,2024-01-28T20:58:52.481363876Z,01HN8XKS2Q8ZJZER73JMFG04AK,2024-01-28T20:58:52.481363876Z
01HN8XWC6Q9CTEVM5QV981BV5A,01HN8VX21JDA9XFTJ7W4XW0YKK,2024-01-28T20:58:52.503127739Z,01HN8VX21TWMBDBPVKE5SC04HA,2024-01-28T20:58:52.503127739Z,01HN8XN2JANDGMAGCQ1G2Y9KF2,2024-01-28T20:58:52.503127739Z
01HN8XWC7DJ924775ZD1XJ0D40,01HN8VX21JDA9XFTJ7W4XW0YKK,2024-01-28T20:58:52.525083782Z,01HN8VX21TWMBDBPVKE5SC04HA,2024-01-28T20:58:52.525083782Z,01HN8XNAGQCBEK5C2NPDGS4P0C,2024-01-28T20:58:52.525083782Z
01HN8XWC82JCA71KGVN4R0QGBB,01HN8VX21JDA9XFTJ7W4XW0YKK,2024-01-28T20:58:52.546186373Z,01HN8VX21TWMBDBPVKE5SC04HA,2024-01-28T20:58:52.546186373Z,01HN8XRFQ4AKSSM4983VTBFD4Z,2024-01-28T20:58:52.546186373Z
01HN8XX6HFQEYY3GBYFK4F3Q6D,01HN8VZPBQGNTXFD4B5M6N9N14,2024-01-28T20:59:19.471707407Z,01HN8VZPC1PRZ70JA5FV9TTJZK,2024-01-28T20:59:19.471707407Z,01HN8XPV7FQT01A01SSQBG3M37,2024-01-28T20:59:19.471707407Z
01HN8XX6JA8GE5H6K8TTNW1Z3V,01HN8VZPBQGNTXFD4B5M6N9N14,2024-01-28T20:59:19.498050123Z,01HN8VZPC1PRZ70JA5FV9TTJZK,2024-01-28T20:59:19.498050123Z,01HN8XRDECZV04BR2EGVTA2J8A,2024-01-28T20:59:19.498050123Z
01HN8XX6K2M4T42JFW82C0KT4A,01HN8VZPBQGNTXFD4B5M6N9N14,2024-01-28T20:59:19.522300447Z,01HN8VZPC1PRZ70JA5FV9TTJZK,2024-01-28T20:59:19.522300447Z,01HN8XRGG3736RP7CARCG7ZAZJ,2024-01-28T20:59:19.522300447Z
01HN8XX6MGWVWYVSB0EKRMK2RD,01HN8VZPBQGNTXFD4B5M6N9N14,2024-01-28T20:59:19.568581756Z,01HN8VZPC1PRZ70JA5FV9TTJZK,2024-01-28T20:59:19.568581756Z,01HN8XSZKEX78BH6VY7VMT05VE,2024-01-28T20:59:19.568581756Z
01HN8XY0TTVXFZC5TAGT1RHNVJ,01HN8VZQ6385TBJCMQWCW3F6N5,2024-01-28T20:59:46.394368575Z,01HN8VZQ6BTFAY4K0PG6EYJ5MY,2024-01-28T20:59:46.394368575Z,01HN8XNVB0GDQDD1WS97DZY17Z,2024-01-28T20:59:46.394368575Z
01HN8XY0VMC9TGB21PVKAJAVS8,01HN8VZQ6385TBJCMQWCW3F6N5,2024-01-28T20:59:46.420901735Z,01HN8VZQ6BTFAY4K0PG6EYJ5MY,2024-01-28T20:59:46.420901735Z,01HN8XQJMT4J5XFSEMDAFP96H7,2024-01-28T20:59:46.420901735Z
01HN8XY0WCXVF4BT2QN4046Q2P,01HN8VZQ6385TBJCMQWCW3F6N5,2024-01-28T20:59:46.444221415Z,01HN8VZQ6BTFAY4K0PG6EYJ5MY,2024-01-28T20:59:46.444221415Z,01HN8XR71EGGVYW45GG5HV6XA0,2024-01-28T20:59:46.444221415Z
01HN8XY0X5J4YMDH2BT144EFB3,01HN8VZQ6385TBJCMQWCW3F6N5,2024-01-28T20:59:46.469391674Z,01HN8VZQ6BTFAY4K0PG6EYJ5MY,2024-01-28T20:59:46.469391674Z,01HN8XRRH48Q2W071BVNTSS4ZS,2024-01-28T20:59:46.469391674Z
01HN8XYVEP9TAQR9SKSC0DTGVT,01HN8VZR16580ZT4SNZQ8SE58N,2024-01-28T21:00:13.654504341Z,01HN8VZR1KW8WHKZE42GF30C7J,2024-01-28T21:00:13.654504341Z,01HN8XHC8T961R49DCNT6MEXC7,2024-01-28T21:00:13.654504341Z
01HN8XYVFN5SPKDKCSABM3GWY3,01HN8VZR16580ZT4SNZQ8SE58N,2024-01-28T21:00:13.6855757Z,01HN8VZR1KW8WHKZE42GF30C7J,2024-01-28T21:00:13.6855757Z,01HN8XPWWPDF7PCW5XJ05WRMK2,2024-01-28T21:00:13.6855757Z
01HN8XYVGHYVE200PZGWY5947A,01HN8VZR16580ZT4SNZQ8SE58N,2024-01-28T21:00:13.713063477Z,01HN8VZR1KW8WHKZE42GF30C7J,2024-01-28T21:00:13.713063477Z,01HN8XQEV5N3AQBX2PVC5GG0ZM,2024-01-28T21:00:13.713063477Z
01HN8XYVHBX352D5F0H5YMF223,01HN8VZR16580ZT4SNZQ8SE58N,2024-01-28T21:00:13.739407554Z,01HN8VZR1KW8WHKZE42GF30C7J,2024-01-28T21:00:13.739407554Z,01HN8XT8WQZQ0E2KEW4NB9WF2G,2024-01-28T21:00:13.739407554Z
01HN8XZ7V2RCRS466DZGBAY04J,01HN8VX105EGHZ6N1SCBJA7BCQ,2024-01-28T21:00:26.33889783Z,01HN8VX10EY51C2WVK09Y2WD7M,2024-01-28T21:00:26.33889783Z,01HN8XBPGNCDWF92XW0V20EZ9W,2024-01-28T21:00:26.33889783Z
01HN8XZ7VXRNKH6JNZAX6NY1N9,01HN8VX105EGHZ6N1SCBJA7BCQ,2024-01-28T21:00:26.365979934Z,01HN8VX10EY51C2WVK09Y2WD7M,2024-01-28T21:00:26.365979934Z,01HN8XTTT0RZHRJQSXD6BC6K1W,2024-01-28T21:00:26.365979934Z
01HN8XZ7WQHFNJ3GW2KMSRVSDD,01HN8VX105EGHZ6N1SCBJA7BCQ,2024-01-28T21:00:26.391169179Z,01HN8VX10EY51C2WVK09Y2WD7M,2024-01-28T21:00:26.391169179Z,01HN8XV1N7CW1YKQ30K51W23W7,2024-01-28T21:00:26.391169179Z
01HN8XZ7XJ3H5XFXMSMKSSG9DM,01HN8VX105EGHZ6N1SCBJA7BCQ,2024-01-28T21:00:26.41873001Z,01HN8VX10EY51C2WVK09Y2WD7M,2024-01-28T21:00:26.41873001Z,01HN8XV2VSCQ6Q56SWWFGYD8JS,2024-01-28T21:00:26.41873001Z
01HN8Y0CP1V25304HYDB8K3YTR,01HN8VX1H6TR2TRGSSKBCVX9NZ,2024-01-28T21:01:04.06579743Z,01HN8VX1HDG6FJKV34J7RQJZV6,2024-01-28T21:01:04.06579743Z,01HN8XB80VPC46AGXPQ7FC9G47,2024-01-28T21:01:04.06579743Z
01HN8Y0CPWWPSX95CQB26A64C2,01HN8VX1H6TR2TRGSSKBCVX9NZ,2024-01-28T21:01:04.092418961Z,01HN8VX1HDG6FJKV34J7RQJZV6,2024-01-28T21:01:04.092418961Z,01HN8XWGKYE6GA836MW7T56K5N,2024-01-28T21:01:04.092418961Z
01HN8Y0CQPNN6TBG0FZ986F92Q,01HN8VX1H6TR2TRGSSKBCVX9NZ,2024-01-28T21:01:04.118461242Z,01HN8VX1HDG6FJKV34J7RQJZV6,2024-01-28T21:01:04.118461242Z,01HN8XX367Y6J0YRT5DRK3S0JD,2024-01-28T21:01:04.118461242Z
01HN8Y0CRM8WSTJFC08E9QBWP6,01HN8VX1H6TR2TRGSSKBCVX9NZ,2024-01-28T21:01:04.148331411Z,01HN8VX1HDG6FJKV34J7RQJZV6,2024-01-28T21:01:04.148331411Z,01HN8XXF8JR0G14XQAD9ATMWDT,2024-01-28T21:01:04.148331411Z
01HN8Y0GPX5T9AFFNBEMA6ZAR4,01HN8VZRTPN82DQXKBBCQP2Y16,2024-01-28T21:01:08.189122238Z,01HN8VZRTX5212RJA50FQ805J8,2024-01-28T21:01:08.189122238Z,01HN8XH5WGK381CD53A3WDB6X3,2024-01-28T21:01:08.189122238Z
01HN8Y0GTDAFB9PVSTBS4Q1NMQ,01HN8VZRTPN82DQXKBBCQP2Y16,2024-01-28T21:01:08.301644267Z,01HN8VZRTX5212RJA50FQ805J8,2024-01-28T21:01:08.301644267Z,01HN8XN1SSK8HPDZGMCGFMTAQA,2024-01-28T21:01:08.301644267Z
01HN8Y0GYFAHEAZ6KX2J6648QY,01HN8VZRTPN82DQXKBBCQP2Y16,2024-01-28T21:01:08.431268201Z,01HN8VZRTX5212RJA50FQ805J8,2024-01-28T21:01:08.431268201Z,01HN8XNJ5ZZ7YT7XVC2B0NV5M5,2024-01-28T21:01:08.431268201Z
01HN8Y0H3V2MJDPC5R00QGY72A,01HN8VZRTPN82DQXKBBCQP2Y16,2024-01-28T21:01:08.603847347Z,01HN8VZRTX5212RJA50FQ805J8,2024-01-28T21:01:08.603847347Z,01HN8XTGNNDA0EGACZV4ZKZC5H,2024-01-28T21:01:08.603847347Z
01HN8Y1KTXMK8WK0CT4TPQ1X4G,01HN8VZSQBHACG70EQRWE4V1M6,2024-01-28T21:01:44.157888705Z,01HN8VZSQM779PMMFY05BYQY9B,2024-01-28T21:01:44.157888705Z,01HN8XN134VVG4AZJCY82WDJRT,2024-01-28T21:01:44.157888705Z
01HN8Y1KVV87S9MSA7RBFEQAXT,01HN8VZSQBHACG70EQRWE4V1M6,2024-01-28T21:01:44.187230512Z,01HN8VZSQM779PMMFY05BYQY9B,2024-01-28T21:01:44.187230512Z,01HN8XRMNR3CYZCZH7W42VKWJY,2024-01-28T21:01:44.187230512Z
01HN8Y1KWRD3NVDWEFRFM7G2W6,01HN8VZSQBHACG70EQRWE4V1M6,2024-01-28T21:01:44.216419367Z,01HN8VZSQM779PMMFY05BYQY9B,2024-01-28T21:01:44.216419367Z,01HN8XT43F6HDDT17DV03VF6AM,2024-01-28T21:01:44.216419367Z
01HN8Y1KXM7YYB9BKZBS28BPPW,01HN8VZSQBHACG70EQRWE4V1M6,2024-01-28T21:01:44.244926703Z,01HN8VZSQM779PMMFY05BYQY9B,2024-01-28T21:01:44.244926703Z,01HN8XT96T0J1NAQ0A1E9DPW2C,2024-01-28T21:01:44.244926703Z
01HN8Y2X7TAQ3W7Z9YEB8SRAZ0,01HN8VX21JDA9XFTJ7W4XW0YKK,2024-01-28T21:02:26.5545025Z,01HN8VX21TWMBDBPVKEN6HVVDS,2024-01-28T21:02:26.5545025Z,01HN8XWJEH5XBX7QH1DGAJ3FEE,2024-01-28T21:02:26.5545025Z
01HN8Y2X8TT77F1JJZPRA24V4H,01HN8VX21JDA9XFTJ7W4XW0YKK,2024-01-28T21:02:26.586868423Z,01HN8VX21TWMBDBPVKEN6HVVDS,2024-01-28T21:02:26.586868423Z,01HN8XXQ2053XW64E7NY1J5HSX,2024-01-28T21:02:26.586868423Z
01HN8Y2X9VF6X5BE5CPD0E6H5R,01HN8VX21JDA9XFTJ7W4XW0YKK,2024-01-28T21:02:26.619305293Z,01HN8VX21TWMBDBPVKEN6HVVDS,2024-01-28T21:02:26.619305293Z,01HN8Y0RBCE6WY4W1RY6FTF6EH,2024-01-28T21:02:26.619305293Z
01HN8Y36FYWJ28PTZY5566CPNR,01HN8VZPBQGNTXFD4B5M6N9N14,2024-01-28T21:02:36.030276803Z,01HN8VZPC2EBEGS6VGJX6YHE2V,2024-01-28T21:02:36.030276803Z,01HN8XV7HJ93Z0BDS8ZDP6RYDN,2024-01-28T21:02:36.030276803Z
01HN8Y36H0J51F016NCD47CD5W,01HN8VZPBQGNTXFD4B5M6N9N14,2024-01-28T21:02:36.064775473Z,01HN8VZPC2EBEGS6VGJX6YHE2V,2024-01-28T21:02:36.064775473Z,01HN8XXGA8GEM8QRSJ1FVPFDHJ,2024-01-28T21:02:36.064775473Z
01HN8Y36M4YJJBM8XKVF6E9V6W,01HN8VZPBQGNTXFD4B5M6N9N14,2024-01-28T21:02:36.165029502Z,01HN8VZPC2EBEGS6VGJX6YHE2V,2024-01-28T21:02:36.165029502Z,01HN8XXN5TA404GQ5G1QK0WCR2,2024-01-28T21:02:36.165029502Z
01HN8Y36Q8MW5M1N3P0Y2SQHZ5,01HN8VZPBQGNTXFD4B5M6N9N14,2024-01-28T21:02:36.264897868Z,01HN8VZPC2EBEGS6VGJX6YHE2V,2024-01-28T21:02:36.264897868Z,01HN8XZ051DP2TP028ZYD1W222,2024-01-28T21:02:36.264897868Z
01HN8Y4SCY1BVSX64XYM0325Q4,01HN8VZQ6385TBJCMQWCW3F6N5,2024-01-28T21:03:28.159036667Z,01HN8VZQ6CPX04XJGJ4ZV8974K,2024-01-28T21:03:28.159036667Z,01HN8XXV1Q1PS5G6SAGQWENXKN,2024-01-28T21:03:28.159036667Z
01HN8Y4SE1ZERJY3VBG4AGD6NM,01HN8VZQ6385TBJCMQWCW3F6N5,2024-01-28T21:03:28.193983649Z,01HN8VZQ6CPX04XJGJ4ZV8974K,2024-01-28T21:03:28.193983649Z,01HN8XY4WYPA53SSQGK7EGPG8R,2024-01-28T21:03:28.193983649Z
01HN8Y4SF4D081HDD11BQH95M5,01HN8VZQ6385TBJCMQWCW3F6N5,2024-01-28T21:03:28.228862682Z,01HN8VZQ6CPX04XJGJ4ZV8974K,2024-01-28T21:03:28.228862682Z,01HN8XYMP1DARBW6EC4FXNH1WY,2024-01-28T21:03:28.228862682Z
01HN8Y4SG8312BFWCRW0JXG2K9,01HN8VZQ6385TBJCMQWCW3F6N5,2024-01-28T21:03:28.264725896Z,01HN8VZQ6CPX04XJGJ4ZV8974K,2024-01-28T21:03:28.264725896Z,01HN8Y0CSFR7J3Y7NX0229J0EB,2024-01-28T21:03:28.264725896Z
01HN8Y60XBTYECXFDFQJMN4FRW,01HN8W01QKGRSYWHPT5YH6Z3F7,2024-01-28T21:04:08.619042744Z,01HN8W01QW8NM01EWKW6HW7GP5,2024-01-28T21:04:08.619042744Z,01HN8XHMEP115SRB3978KX0TFQ,2024-01-28T21:04:08.619042744Z
01HN8Y60YJC52C23ABA9HRZBZW,01HN8W01QKGRSYWHPT5YH6Z3F7,2024-01-28T21:04:08.65894358Z,01HN8W01QW8NM01EWKW6HW7GP5,2024-01-28T21:04:08.65894358Z,01HN8XPMWMKMNBMY199A64VDWW,2024-01-28T21:04:08.65894358Z
01HN8Y60ZW0MYZ77VW4RREFZMN,01HN8W01QKGRSYWHPT5YH6Z3F7,2024-01-28T21:04:08.700124858Z,01HN8W01QW8NM01EWKW6HW7GP5,2024-01-28T21:04:08.700124858Z,01HN8XQX8S884G6P4R7FCW1SC5,2024-01-28T21:04:08.700124858Z
01HN8Y611308QK6T2Y47KDX0ZG,01HN8W01QKGRSYWHPT5YH6Z3F7,2024-01-28T21:04:08.741013261Z,01HN8W01QW8NM01EWKW6HW7GP5,2024-01-28T21:04:08.741013261Z,01HN8XRGEJ24SKESN5PFWZPBJS,2024-01-28T21:04:08.741013261Z
01HN8Y6CMZJ0W9WT3SDXF10Q3T,01HN8VZR16580ZT4SNZQ8SE58N,2024-01-28T21:04:20.639982672Z,01HN8VZR1KW8WHKZE42R8Q5P63,2024-01-28T21:04:20.639982672Z,01HN8XXHB1HBKZ3BQFAGB1MJX4,2024-01-28T21:04:20.639982672Z
01HN8Y6CPA93YSGFG041YT3ZR0,01HN8VZR16580ZT4SNZQ8SE58N,2024-01-28T21:04:20.682163224Z,01HN8VZR1KW8WHKZE42R8Q5P63,2024-01-28T21:04:20.682163224Z,01HN8XXKR27Y24TXDVAPMX1W9W,2024-01-28T21:04:20.682163224Z
01HN8Y6CQJ537396BGNXDA3X7B,01HN8VZR16580ZT4SNZQ8SE58N,2024-01-28T21:04:20.722968514Z,01HN8VZR1KW8WHKZE42R8Q5P63,2024-01-28T21:04:20.722968514Z,01HN8XY6FGY3C5194A5FPVBYWA,2024-01-28T21:04:20.722968514Z
01HN8Y6CRWQ6MHRK00WBVFDYM4,01HN8VZR16580ZT4SNZQ8SE58N,2024-01-28T21:04:20.764429812Z,01HN8VZR1KW8WHKZE42R8Q5P63,2024-01-28T21:04:20.764429812Z,01HN8Y0A28QZ0S602TC9KWNFTM,2024-01-28T21:04:20.764429812Z
01HN8Y8NN87SB79YNR8K3QFERY,01HN8VZRTPN82DQXKBBCQP2Y16,2024-01-28T21:05:35.400569411Z,01HN8VZRTX5212RJA4ZY6A832B,2024-01-28T21:05:35.400569411Z,01HN8XYREZFVYHT6375MG4VW74,2024-01-28T21:05:35.400569411Z
01HN8Y8NPRRPZX8X67T8A46D99,01HN8VZRTPN82DQXKBBCQP2Y16,2024-01-28T21:05:35.448988409Z,01HN8VZRTX5212RJA4ZY6A832B,2024-01-28T21:05:35.448988409Z,01HN8XZ0NG4QD1AMA5FFZWX6YD,2024-01-28T21:05:35.448988409Z
01HN8Y8NR43ZWH89WA1QHSWQET,01HN8VZRTPN82DQXKBBCQP2Y16,2024-01-28T21:05:35.492620853Z,01HN8VZRTX5212RJA4ZY6A832B,2024-01-28T21:05:35.492620853Z,01HN8XZR5JQ7KMGWNF3EG7HKWG,2024-01-28T21:05:35.492620853Z
01HN8Y8NSE2A0B3R6R4ZZVQGCE,01HN8VZRTPN82DQXKBBCQP2Y16,2024-01-28T21:05:35.534794877Z,01HN8VZRTX5212RJA4ZY6A832B,2024-01-28T21:05:35.534794877Z,01HN8Y5JG2GX34YDE2W3SADQG5,2024-01-28T21:05:35.534794877Z
01HN8Y9GVXQ7E3X9MDNZ4SV046,01HN8VZSQBHACG70EQRWE4V1M6,2024-01-28T21:06:03.261445296Z,01HN8VZSQN8NQA65BX95BKBMMJ,2024-01-28T21:06:03.261445296Z,01HN8XX50MTA7Y3F6DBTW4EK04,2024-01-28T21:06:03.261445296Z
01HN8Y9GXFP4VCGCJSXN9EYJZ0,01HN8VZSQBHACG70EQRWE4V1M6,2024-01-28T21:06:03.311371162Z,01HN8VZSQN8NQA65BX95BKBMMJ,2024-01-28T21:06:03.311371162Z,01HN8Y51FZT8FTKBGG5ZZWREK7,2024-01-28T21:06:03.311371162Z
01HN8Y9H0D35YA8EFNBXM1H2NW,01HN8VZSQBHACG70EQRWE4V1M6,2024-01-28T21:06:03.40548664Z,01HN8VZSQN8NQA65BX95BKBMMJ,2024-01-28T21:06:03.40548664Z,01HN8Y5Y7Q5C10HCVP0WEJBCVR,2024-01-28T21:06:03.40548664Z
01HN8Y9H1ZJSP1RNQ59MNA6H7R,01HN8VZSQBHACG70EQRWE4V1M6,2024-01-28T21:06:03.455191666Z,01HN8VZSQN8NQA65BX95BKBMMJ,2024-01-28T21:06:03.455191666Z,01HN8Y634JYETQJZ7ME5PYT43A,2024-01-28T21:06:03.455191666Z
01HN8YA0T3MF5N5V6HBYX80QKP,01HN8W02J0CBY9BN502WMFF3JH,2024-01-28T21:06:19.587504517Z,01HN8W02JBQANGA2VRQAF9AFPE,2024-01-28T21:06:19.587504517Z,01HN8XK3CEG8TKRDHCPKEYD228,2024-01-28T21:06:19.587504517Z
01HN8YA0VMJC2HX290WZSEMK04,01HN8W02J0CBY9BN502WMFF3JH,2024-01-28T21:06:19.636784288Z,01HN8W02JBQANGA2VRQAF9AFPE,2024-01-28T21:06:19.636784288Z,01HN8XNY6YYEPVCFQ04Y44JGKA,2024-01-28T21:06:19.636784288Z
01HN8YA1004215ATDN1NT689DX,01HN8W02J0CBY9BN502WMFF3JH,2024-01-28T21:06:19.776834148Z,01HN8W02JBQANGA2VRQAF9AFPE,2024-01-28T21:06:19.776834148Z,01HN8XPQJ9F9GS4T0D7XXN2XT6,2024-01-28T21:06:19.776834148Z
01HN8YA11FAMVK4HT1MVCJSFK0,01HN8W02J0CBY9BN502WMFF3JH,2024-01-28T21:06:19.823855783Z,01HN8W02JBQANGA2VRQAF9AFPE,2024-01-28T21:06:19.823855783Z,01HN8XQXYR3D3XR66TWWDQRD9X,2024-01-28T21:06:19.823855783Z
01HN8YAGRDA9VGJV6RER1R2RT9,01HN8W01QKGRSYWHPT5YH6Z3F7,2024-01-28T21:06:35.917625771Z,01HN8W01QW8NM01EWKWMY88K3Z,2024-01-28T21:06:35.917625771Z,01HN8XY0K8XEVT4G0EC9HGAJGS,2024-01-28T21:06:35.917625771Z
01HN8YAGSWHEZJFMH7VQT7TVQ6,01HN8W01QKGRSYWHPT5YH6Z3F7,2024-01-28T21:06:35.964160516Z,01HN8W01QW8NM01EWKWMY88K3Z,2024-01-28T21:06:35.964160516Z,01HN8XZ223FA8D7Q6ZVA05XMSB,2024-01-28T21:06:35.964160516Z
01HN8YAGV80X4XK7HYTYXYG62K,01HN8W01QKGRSYWHPT5YH6Z3F7,2024-01-28T21:06:36.00857479Z,01HN8W01QW8NM01EWKWMY88K3Z,2024-01-28T21:06:36.00857479Z,01HN8Y5HNDGK6TN1CY0GKP7SRJ,2024-01-28T21:06:36.00857479Z
01HN8YAGWN4FNWRP4P649SWBZN,01HN8W01QKGRSYWHPT5YH6Z3F7,2024-01-28T21:06:36.053623484Z,01HN8W01QW8NM01EWKWMY88K3Z,2024-01-28T21:06:36.053623484Z,01HN8Y5RHY9GRJ10XHD3ANJ37S,2024-01-28T21:06:36.053623484Z
01HN8YC0MAY8W729GQ5C06P1GW,01HN8W02J0CBY9BN502WMFF3JH,2024-01-28T21:07:24.938189444Z,01HN8W02JA55W3B696SJ2MET03,2024-01-28T21:07:24.938189444Z,01HN8XXHK6VF60RR56T6NNTVHJ,2024-01-28T21:07:24.938189444Z
01HN8YC0NVBZNH89XXC6CJV2B9,01HN8W02J0CBY9BN502WMFF3JH,2024-01-28T21:07:24.987232966Z,01HN8W02JA55W3B696SJ2MET03,2024-01-28T21:07:24.987232966Z,01HN8Y32E4MJCGAFV50R57XW92,2024-01-28T21:07:24.987232966Z
01HN8YC0VVJ0B6KGH4V1DVNCK4,01HN8W02J0CBY9BN502WMFF3JH,2024-01-28T21:07:25.179622958Z,01HN8W02JA55W3B696SJ2MET03,2024-01-28T21:07:25.179622958Z,01HN8Y5VPGZ0HYCT19RQ2YW8M6,2024-01-28T21:07:25.179622958Z
01HN8YC0XA4HXCMJ733YCX00FP,01HN8W02J0CBY9BN502WMFF3JH,2024-01-28T21:07:25.226388995Z,01HN8W02JA55W3B696SJ2MET03,2024-01-28T21:07:25.226388995Z,01HN8Y66PP0FD8BD96Z0S1SGWV,2024-01-28T21:07:25.226388995Z
01HN8YCZTW8HVTVYYXQFKFYB1W,01HN8W039VXRG1D9R71TSPK405,2024-01-28T21:07:56.892780557Z,01HN8W03A3JHQV184ZGJPTPRT2,2024-01-28T21:07:56.892780557Z,01HN8Y6BTQ3EH46A04KBEKENW4,2024-01-28T21:07:56.892780557Z
01HN8YCZWCH1SHRVCR2GD1NTD8,01HN8W039VXRG1D9R71TSPK405,2024-01-28T21:07:56.940808218Z,01HN8W03A3JHQV184ZGJPTPRT2,2024-01-28T21:07:56.940808218Z,01HN8Y6K81BBGK8ZFH6KNZ0TNY,2024-01-28T21:07:56.940808218Z
01HN8YD00WF8XAXVA78N9GNXG7,01HN8W039VXRG1D9R71TSPK405,2024-01-28T21:07:57.084231308Z,01HN8W03A3JHQV184ZGJPTPRT2,2024-01-28T21:07:57.084231308Z,01HN8Y6ZP08TC4B58A9DB8SYJY,2024-01-28T21:07:57.084231308Z
01HN8YD02DCD4M3GQY5M4PYA1M,01HN8W039VXRG1D9R71TSPK405,2024-01-28T21:07:57.133365534Z,01HN8W03A3JHQV184ZGJPTPRT2,2024-01-28T21:07:57.133365534Z,01HN8Y7XSFZEK4F25J7DB0KJQ7,2024-01-28T21:07:57.133365534Z
01HN8YFBF7TJE8BQ47P4E5X6WE,01HN8W043VMQ46B4NKEFTZ3767,2024-01-28T21:09:14.343464976Z,01HN8W04437QRX6D3FBM32K5FW,2024-01-28T21:09:14.343464976Z,01HN8WNMSX89SH7BZ2322Y482K,2024-01-28T21:09:14.343464976Z
01HN8YFBGSBMEHCA9615M5W4R8,01HN8W043VMQ46B4NKEFTZ3767,2024-01-28T21:09:14.393361927Z,01HN8W04437QRX6D3FBM32K5FW,2024-01-28T21:09:14.393361927Z,01HN8YA6Q6RJX7GZKCGXYMG5G1,2024-01-28T21:09:14.393361927Z
01HN8YFBJB3BXW1ST4PQCGN1NH,01HN8W043VMQ46B4NKEFTZ3767,2024-01-28T21:09:14.443999912Z,01HN8W04437QRX6D3FBM32K5FW,2024-01-28T21:09:14.443999912Z,01HN8YBC7DYH1XSJFB81W6SMSF,2024-01-28T21:09:14.443999912Z
01HN8YFBKW5S08X1V2M81HPEJ9,01HN8W043VMQ46B4NKEFTZ3767,2024-01-28T21:09:14.492672891Z,01HN8W04437QRX6D3FBM32K5FW,2024-01-28T21:09:14.492672891Z,01HN8YC8EMJE2CS7NFDV9RVC7D,2024-01-28T21:09:14.492672891Z
01HN8YKE51RW080WAPY0A316E3,01HN8W04VBSXZ8NQV40BWW126M,2024-01-28T21:11:28.16188008Z,01HN8W04VNXB2HBC52VFVB3X5J,2024-01-28T21:11:28.16188008Z,01HN8Y5RP7FZSW8X516XXYQYVC,2024-01-28T21:11:28.16188008Z
01HN8YKE6MER6FXZ1J0AVJYCAA,01HN8W04VBSXZ8NQV40BWW126M,2024-01-28T21:11:28.21270229Z,01HN8W04VNXB2HBC52VFVB3X5J,2024-01-28T21:11:28.21270229Z,01HN8Y6TD9K4PVH9TH9BF1PFQE,2024-01-28T21:11:28.21270229Z
01HN8YKE862FENR9MDCW3T3MCR,01HN8W04VBSXZ8NQV40BWW126M,2024-01-28T21:11:28.26209799Z,01HN8W04VNXB2HBC52VFVB3X5J,2024-01-28T21:11:28.26209799Z,01HN8Y87PFH9GYV05Q73FGJ6SK,2024-01-28T21:11:28.26209799Z
01HN8YKE9Q738SPWBM0ZAXR9JV,01HN8W04VBSXZ8NQV40BWW126M,2024-01-28T21:11:28.311474236Z,01HN8W04VNXB2HBC52VFVB3X5J,2024-01-28T21:11:28.311474236Z,01HN8YBABMFJMETAGCKED7MANN,2024-01-28T21:11:28.311474236Z
01HN8YSAA5NN3595KSRC83ZPVH,01HN8W039VXRG1D9R71TSPK405,2024-01-28T21:14:40.837613537Z,01HN8W03A24E1A2Y4D0TMPHHJH,2024-01-28T21:14:40.837613537Z,01HN8XF7E2V2PQPVAHNYC2Z791,2024-01-28T21:14:40.837613537Z
01HN8YSABWJWZB7H7Y1XPJ5N5B,01HN8W039VXRG1D9R71TSPK405,2024-01-28T21:14:40.892472697Z,01HN8W03A24E1A2Y4D0TMPHHJH,2024-01-28T21:14:40.892472697Z,01HN8XQZH6AHQM5WDV6W1TDQF7,2024-01-28T21:14:40.892472697Z
01HN8YSADF5R6VJT1CZD30F8S4,01HN8W039VXRG1D9R71TSPK405,2024-01-28T21:14:40.943438335Z,01HN8W03A24E1A2Y4D0TMPHHJH,2024-01-28T21:14:40.943438335Z,01HN8YBZR3ZTZ1YXM8MMAX86C1,2024-01-28T21:14:40.943438335Z
01HN8YSAF6DJH7DSMC71QCF0B2,01HN8W039VXRG1D9R71TSPK405,2024-01-28T21:14:40.99874939Z,01HN8W03A24E1A2Y4D0TMPHHJH,2024-01-28T21:14:40.99874939Z,01HN8YDSFPQGJQ07RZKRRQ7PJ7,2024-01-28T21:14:40.99874939Z
01HN8YVE2SS3XE0S4MJA3VS4WG,01HN8XE7YTSCB33HQRPBP38V5D,2024-01-28T21:15:50.234015433Z,01HN8XE7ZKP6XQPVR09QQEZXFM,2024-01-28T21:15:50.234015433Z,01HN8XCQNHD9S7TC8F11RM4KS8,2024-01-28T21:15:50.234015433Z
01HN8YVE4BG9SR4JA5Z494TASX,01HN8XE7YTSCB33HQRPBP38V5D,2024-01-28T21:15:50.283723416Z,01HN8XE7ZKP6XQPVR09QQEZXFM,2024-01-28T21:15:50.283723416Z,01HN8Y8EZW90G0R1669YD48RQX,2024-01-28T21:15:50.283723416Z
01HN8YVE5XS137GZ4BEMBWC0JA,01HN8XE7YTSCB33HQRPBP38V5D,2024-01-28T21:15:50.333336109Z,01HN8XE7ZKP6XQPVR09QQEZXFM,2024-01-28T21:15:50.333336109Z,01HN8Y8FF44X73CK5RDQ5J8RSX,2024-01-28T21:15:50.333336109Z
01HN8YVE7FPV25YD15C3YRR36M,01HN8XE7YTSCB33HQRPBP38V5D,2024-01-28T21:15:50.383677966Z,01HN8XE7ZKP6XQPVR09QQEZXFM,2024-01-28T21:15:50.383677966Z,01HN8YC950D4RX9RFD1WHBS2PS,2024-01-28T21:15:50.383677966Z
01HN8Z8DFGDZZ259G0AGG2S22K,01HN8W043VMQ46B4NKEFTZ3767,2024-01-28T21:22:55.600339339Z,01HN8W04437QRX6D3FB65S9AS2,2024-01-28T21:22:55.600339339Z,01HN8YG5ZFQW3NF9W3GAES3AP3,2024-01-28T21:22:55.600339339Z
01HN8Z8DH6RXZG0KF62G69C3T0,01HN8W043VMQ46B4NKEFTZ3767,2024-01-28T21:22:55.65493483Z,01HN8W04437QRX6D3FB65S9AS2,2024-01-28T21:22:55.65493483Z,01HN8YHMEWG55GBF50D3X2SD86,2024-01-28T21:22:55.65493483Z
01HN8Z8DJSD8ZBJ5YPEJN6GG7Q,01HN8W043VMQ46B4NKEFTZ3767,2024-01-28T21:22:55.705168635Z,01HN8W04437QRX6D3FB65S9AS2,2024-01-28T21:22:55.705168635Z,01HN8YMZ4XTVQ72N62YY1PSJ1S,2024-01-28T21:22:55.705168635Z
01HN8Z8DMDNAWSK9QP55GDN6JJ,01HN8W043VMQ46B4NKEFTZ3767,2024-01-28T21:22:55.757512442Z,01HN8W04437QRX6D3FB65S9AS2,2024-01-28T21:22:55.757512442Z,01HN8YYZPTX7DQQQ660T66QSMS,2024-01-28T21:22:55.757512442Z
01HN90QMR9FKNHFFX3J2ZEWZS5,01HN8W04VBSXZ8NQV40BWW126M,2024-01-28T21:48:43.145243265Z,01HN8W04VM3A9723V4FZVRV5GQ,2024-01-28T21:48:43.145243265Z,01HN8YS0ST2N8EJR93FYSSV7HT,2024-01-28T21:48:43.145243265Z
01HN90QMSRHYK27A1PH1FESZ23,01HN8W04VBSXZ8NQV40BWW126M,2024-01-28T21:48:43.192322593Z,01HN8W04VM3A9723V4FZVRV5GQ,2024-01-28T21:48:43.192322593Z,01HN8ZHSZ2WVQ0XP83S2JMWY3K,2024-01-28T21:48:43.192322593Z
01HN90QMV5J9X4FY3SM4W29DYQ,01HN8W04VBSXZ8NQV40BWW126M,2024-01-28T21:48:43.23738112Z,01HN8W04VM3A9723V4FZVRV5GQ,2024-01-28T21:48:43.23738112Z,01HN90HY87T0PDY4ZX10KGZ6G8,2024-01-28T21:48:43.23738112Z
01HN90QMWMGFYJGE4EBCY3NZJ8,01HN8W04VBSXZ8NQV40BWW126M,2024-01-28T21:48:43.284236623Z,01HN8W04VM3A9723V4FZVRV5GQ,2024-01-28T21:48:43.284236623Z,01HN90MHNC1AQ2XEGZCDJPA98K,2024-01-28T21:48:43.284236623Z
01HN90TRW8YZQ44RPFTZN6B61R,01HN8XE7YTSCB33HQRPBP38V5D,2024-01-28T21:50:25.673035648Z,01HN8XE7ZBT4E2B4JARF036TXD,2024-01-28T21:50:25.673035648Z,01HN90HJM0DZKYDVNDTK7HA88D,2024-01-28T21:50:25.673035648Z
01HN90TRXVQS6BG8F3BX4BD0R4,01HN8XE7YTSCB33HQRPBP38V5D,2024-01-28T21:50:25.724045669Z,01HN8XE7ZBT4E2B4JARF036TXD,2024-01-28T21:50:25.724045669Z,01HN90HRVC6S1FTNZ716S83ERE,2024-01-28T21:50:25.724045669Z
01HN90TRZB3W1NGBZ2Q547583W,01HN8XE7YTSCB33HQRPBP38V5D,2024-01-28T21:50:25.77163284Z,01HN8XE7ZBT4E2B4JARF036TXD,2024-01-28T21:50:25.77163284Z,01HN90JRSD8E2GW8R2TBBT6D2J,2024-01-28T21:50:25.77163284Z
01HN90TS0TQRWXMC1H4S0H9X2M,01HN8XE7YTSCB33HQRPBP38V5D,2024-01-28T21:50:25.818359593Z,01HN8XE7ZBT4E2B4JARF036TXD,2024-01-28T21:50:25.818359593Z,01HN90NMTZEDD1R1CMRTXH0X9D,2024-01-28T21:50:25.818359593Z
01HN91X4TA424XDR0ASKG5SNZW,01HN8XE8PN30AJ188M2SVNW2ZQ,2024-01-28T22:09:12.010906598Z,01HN8XE8Q9GPZ08N4H1QFGE3ZN,2024-01-28T22:09:12.010906598Z,01HN90M6KPNMA15T5KNJCQ4TR1,2024-01-28T22:09:12.010906598Z
01HN91X4W0ZRG2N9Y2KT682S20,01HN8XE8PN30AJ188M2SVNW2ZQ,2024-01-28T22:09:12.06462053Z,01HN8XE8Q9GPZ08N4H1QFGE3ZN,2024-01-28T22:09:12.06462053Z,01HN90R5S7KG9Z5YA5H8HK58YB,2024-01-28T22:09:12.06462053Z
01HN91X4XFF2HC0008TVBMPG9H,01HN8XE8PN30AJ188M2SVNW2ZQ,2024-01-28T22:09:12.111961607Z,01HN8XE8Q9GPZ08N4H1QFGE3ZN,2024-01-28T22:09:12.111961607Z,01HN91EJ41DQSNRDEQ7Z9NWWXP,2024-01-28T22:09:12.111961607Z
01HN91X4Z0NJ3T478KP6JX28R3,01HN8XE8PN30AJ188M2SVNW2ZQ,2024-01-28T22:09:12.160319305Z,01HN8XE8Q9GPZ08N4H1QFGE3ZN,2024-01-28T22:09:12.160319305Z,01HN91HZHK9KZY2H6R4ENS1CSB,2024-01-28T22:09:12.160319305Z
