﻿id,endedReason,endedReasonLastChangedAt,treatment,treatmentLastChangedAt,status,statusLastChangedAt,treatmentName,treatmentNameLastChangedAt,batchID,batchIDLastChangedAt,groupID,groupIDLastChangedAt,start,startLastChangedAt,ended,endedLastChangedAt,lobbyTimerID,lobbyTimerIDLastChangedAt,messages,messagesLastChangedAt,chat,chatLastChangedAt,stageID,stageIDLastChangedAt,roundIndex,roundIndexLastChangedAt
01HTNDK53ZPMQ9K0VHD3WKPF0F,batch ended,2024-04-04T21:41:00.870533109Z,"{""condition"":""unidirectional"",""opinion"":""slider"",""playerCount"":4,""trueP"":0.7}",2024-04-04T20:42:49.855764523Z,terminated,2024-04-04T21:41:00.870533109Z,experiment1-0.7,2024-04-04T20:42:49.855764523Z,01HTNDK539AA8E0N9HD1DGYXTJ,2024-04-04T20:42:49.855764523Z,01HTNDK560C89CAP65TJRQ0MJ1,2024-04-04T20:42:49.931182674Z,false,2024-04-04T20:42:49.855764523Z,false,2024-04-04T20:42:49.855764523Z,,,,,,,,,,
01HTNDK54047N7G57B3VVGWQC9,batch ended,2024-04-04T21:41:00.870533109Z,"{""condition"":""interactive"",""opinion"":""slider"",""playerCount"":4,""trueP"":0.7}",2024-04-04T20:42:49.856349011Z,terminated,2024-04-04T21:41:00.870533109Z,experiment2-interactive,2024-04-04T20:42:49.856349011Z,01HTNDK539AA8E0N9HD1DGYXTJ,2024-04-04T20:42:49.856349011Z,01HTNDK5508Y6080NJVZ3WPVVX,2024-04-04T20:42:49.897821655Z,false,2024-04-04T20:42:49.856349011Z,false,2024-04-04T20:42:49.856349011Z,01HTNGRMXA9XRM2FFV3CV1830W,2024-04-04T21:38:15.606416564Z,,,,,,,,
01HTNDK543PZ4495WZD5EAG9H7,batch ended,2024-04-04T21:41:00.870533109Z,"{""condition"":""slider"",""opinion"":""slider"",""playerCount"":4,""trueP"":0.7}",2024-04-04T20:42:49.859083357Z,terminated,2024-04-04T21:41:00.870533109Z,experiment2-slider,2024-04-04T20:42:49.859083357Z,01HTNDK539AA8E0N9HD1DGYXTJ,2024-04-04T20:42:49.859083357Z,01HTNDK56JAR34E873C965H05X,2024-04-04T20:42:49.940890671Z,false,2024-04-04T20:42:49.859083357Z,false,2024-04-04T20:42:49.859083357Z,,,,,,,,,,
01HTNGXQFJ0H1MK23K21BNFY4H,shared lobby timeout,2024-04-04T21:57:18.775814859Z,"{""condition"":""unidirectional"",""opinion"":""slider"",""playerCount"":4,""trueP"":0.7}",2024-04-04T21:41:02.066549952Z,failed,2024-04-04T21:57:18.775814859Z,experiment1-0.7,2024-04-04T21:41:02.066549952Z,01HTNGXQEZZTGMDXD3FH7RSNNS,2024-04-04T21:41:02.066549952Z,01HTNGXQGJ5PMZ5NHM7JRDSNQ9,2024-04-04T21:41:02.106467535Z,false,2024-04-04T21:41:02.066549952Z,false,2024-04-04T21:41:02.066549952Z,01HTNHJCACBG04AY2ZAGQ8P946,2024-04-04T21:52:18.77270202Z,,,,,,,,
01HTNGXQFM84VCAN1ZKE47XM59,batch ended,2024-04-04T22:04:41.005965526Z,"{""condition"":""interactive"",""opinion"":""slider"",""playerCount"":4,""trueP"":0.7}",2024-04-04T21:41:02.068413285Z,terminated,2024-04-04T22:04:41.005965526Z,experiment2-interactive,2024-04-04T21:41:02.068413285Z,01HTNGXQEZZTGMDXD3FH7RSNNS,2024-04-04T21:41:02.068413285Z,01HTNGXQH80J7WQZFKMETJZVK1,2024-04-04T21:41:02.13171993Z,true,2024-04-04T21:53:52.373556655Z,true,2024-04-04T22:04:41.052264325Z,01HTNHK1T3GZK5YGR6S0X312ME,2024-04-04T21:52:40.778058091Z,"[{""text"":""i see two rabbits"",""likes"":{},""time"":1712267641683,""round"":1,""recipient"":""01HTNHE87VE4QG8648K41KSKVF"",""sender"":{""id"":""01HTNHG8CDM57YV6ZXSNZMGYBJ"",""name"":""player 3""}},{""text"":""I see 2 rabbits"",""likes"":{},""time"":1712267685168,""round"":1,""recipient"":""01HTNHG8CDM57YV6ZXSNZMGYBJ"",""sender"":{""id"":""01HTNHE87VE4QG8648K41KSKVF"",""name"":""player 1""}},{""text"":""2 rabbits and a squirrel"",""likes"":{},""time"":1712267647146,""round"":1,""recipient"":""01HTNHEHXQG8PXGBYS5MPQPRDP"",""sender"":{""id"":""01HTNHGKR1TMJKFY70C027G42K"",""name"":""player 4""}},{""text"":""I see 5 chipmunks and 8 squirrels"",""likes"":{},""time"":1712267651988,""round"":1,""recipient"":""01HTNHGKR1TMJKFY70C027G42K"",""sender"":{""id"":""01HTNHEHXQG8PXGBYS5MPQPRDP"",""name"":""player 2""}},{""text"":""100% percent rabbits in that case"",""likes"":{},""time"":1712267704408,""round"":1,""recipient"":""01HTNHG8CDM57YV6ZXSNZMGYBJ"",""sender"":{""id"":""01HTNHE87VE4QG8648K41KSKVF"",""name"":""player 1""}},{""text"":""sorry eight rabbits"",""likes"":{},""time"":1712267662042,""round"":1,""recipient"":""01HTNHGKR1TMJKFY70C027G42K"",""sender"":{""id"":""01HTNHEHXQG8PXGBYS5MPQPRDP"",""name"":""player 2""}},{""text"":""I see 2 rabbits"",""likes"":{},""time"":1712267743792,""round"":2,""recipient"":""01HTNHGKR1TMJKFY70C027G42K"",""sender"":{""id"":""01HTNHE87VE4QG8648K41KSKVF"",""name"":""player 1""}},{""text"":""i see two rabbits"",""likes"":{},""time"":1712267702275,""round"":2,""recipient"":""01HTNHEHXQG8PXGBYS5MPQPRDP"",""sender"":{""id"":""01HTNHG8CDM57YV6ZXSNZMGYBJ"",""name"":""player 3""}},{""text"":""2 rabbits and 1 squirrel"",""likes"":{},""time"":1712267703582,""round"":2,""recipient"":""01HTNHG8CDM57YV6ZXSNZMGYBJ"",""sender"":{""id"":""01HTNHGKR1TMJKFY70C027G42K"",""name"":""player 4""}},{""text"":""5 squirrels and 8 rabbits"",""likes"":{},""time"":1712267706076,""round"":2,""recipient"":""01HTNHE87VE4QG8648K41KSKVF"",""sender"":{""id"":""01HTNHEHXQG8PXGBYS5MPQPRDP"",""name"":""player 2""}},{""text"":""i see two rabbits"",""likes"":{},""time"":1712267760773,""round"":3,""recipient"":""01HTNHGKR1TMJKFY70C027G42K"",""sender"":{""id"":""01HTNHG8CDM57YV6ZXSNZMGYBJ"",""name"":""player 3""}},{""text"":""I see 2 rabbits"",""likes"":{},""time"":1712267805148,""round"":3,""recipient"":""01HTNHEHXQG8PXGBYS5MPQPRDP"",""sender"":{""id"":""01HTNHE87VE4QG8648K41KSKVF"",""name"":""player 1""}},{""text"":""5 squirrels and 8 rabbits"",""likes"":{},""time"":1712267766979,""round"":3,""recipient"":""01HTNHG8CDM57YV6ZXSNZMGYBJ"",""sender"":{""id"":""01HTNHEHXQG8PXGBYS5MPQPRDP"",""name"":""player 2""}},{""text"":""I see 2 rabbits and 1 squirrel"",""likes"":{},""time"":1712267767865,""round"":3,""recipient"":""01HTNHE87VE4QG8648K41KSKVF"",""sender"":{""id"":""01HTNHGKR1TMJKFY70C027G42K"",""name"":""player 4""}},{""text"":""I see 2 rabbits"",""likes"":{},""time"":1712267863028,""round"":4,""recipient"":""01HTNHG8CDM57YV6ZXSNZMGYBJ"",""sender"":{""id"":""01HTNHE87VE4QG8648K41KSKVF"",""name"":""player 1""}},{""text"":""8 rabbits and 5 squirrels"",""likes"":{},""time"":1712267824455,""round"":4,""recipient"":""01HTNHGKR1TMJKFY70C027G42K"",""sender"":{""id"":""01HTNHEHXQG8PXGBYS5MPQPRDP"",""name"":""player 2""}},{""text"":""i see two rabbits"",""likes"":{},""time"":1712267825874,""round"":4,""recipient"":""01HTNHE87VE4QG8648K41KSKVF"",""sender"":{""id"":""01HTNHG8CDM57YV6ZXSNZMGYBJ"",""name"":""player 3""}},{""text"":""2 rabbits and 1 squirrel"",""likes"":{},""time"":1712267826278,""round"":4,""recipient"":""01HTNHEHXQG8PXGBYS5MPQPRDP"",""sender"":{""id"":""01HTNHGKR1TMJKFY70C027G42K"",""name"":""player 4""}},{""text"":""I see 2 rabbits"",""likes"":{},""time"":1712267921716,""round"":5,""recipient"":""01HTNHGKR1TMJKFY70C027G42K"",""sender"":{""id"":""01HTNHE87VE4QG8648K41KSKVF"",""name"":""player 1""}},{""text"":""i see two rabbits"",""likes"":{},""time"":1712267886133,""round"":5,""recipient"":""01HTNHEHXQG8PXGBYS5MPQPRDP"",""sender"":{""id"":""01HTNHG8CDM57YV6ZXSNZMGYBJ"",""name"":""player 3""}},{""text"":""2 rabbits and 1 squirrel"",""likes"":{},""time"":1712267884806,""round"":5,""recipient"":""01HTNHG8CDM57YV6ZXSNZMGYBJ"",""sender"":{""id"":""01HTNHGKR1TMJKFY70C027G42K"",""name"":""player 4""}},{""text"":""8 rabbits and five squirrels"",""likes"":{},""time"":1712267887741,""round"":5,""recipient"":""01HTNHE87VE4QG8648K41KSKVF"",""sender"":{""id"":""01HTNHEHXQG8PXGBYS5MPQPRDP"",""name"":""player 2""}},{""text"":""I see 2 rabbits"",""likes"":{},""time"":1712267981560,""round"":6,""recipient"":""01HTNHEHXQG8PXGBYS5MPQPRDP"",""sender"":{""id"":""01HTNHE87VE4QG8648K41KSKVF"",""name"":""player 1""}},{""text"":""I see 2 rabbits and 1 squirrel"",""likes"":{},""time"":1712267942675,""round"":6,""recipient"":""01HTNHE87VE4QG8648K41KSKVF"",""sender"":{""id"":""01HTNHGKR1TMJKFY70C027G42K"",""name"":""player 4""}},{""text"":""i see two rabbits"",""likes"":{},""time"":1712267963164,""round"":6,""recipient"":""01HTNHGKR1TMJKFY70C027G42K"",""sender"":{""id"":""01HTNHG8CDM57YV6ZXSNZMGYBJ"",""name"":""player 3""}},{""text"":""hello"",""likes"":{},""time"":1712267961824,""round"":6,""recipient"":""01HTNHE87VE4QG8648K41KSKVF"",""sender"":{""id"":""01HTNHGKR1TMJKFY70C027G42K"",""name"":""player 4""}},{""text"":""I see 2 rabbits"",""likes"":{},""time"":1712268043163,""round"":7,""recipient"":""01HTNHG8CDM57YV6ZXSNZMGYBJ"",""sender"":{""id"":""01HTNHE87VE4QG8648K41KSKVF"",""name"":""player 1""}},{""text"":""two rabbits 1 squirrel"",""likes"":{},""time"":1712268006635,""round"":7,""recipient"":""01HTNHEHXQG8PXGBYS5MPQPRDP"",""sender"":{""id"":""01HTNHGKR1TMJKFY70C027G42K"",""name"":""player 4""}},{""text"":""What do you see pal?"",""likes"":{},""time"":1712268061839,""round"":7,""recipient"":""01HTNHG8CDM57YV6ZXSNZMGYBJ"",""sender"":{""id"":""01HTNHE87VE4QG8648K41KSKVF"",""name"":""player 1""}},{""text"":""I see 2 rabbits"",""likes"":{},""time"":1712268104367,""round"":8,""recipient"":""01HTNHGKR1TMJKFY70C027G42K"",""sender"":{""id"":""01HTNHE87VE4QG8648K41KSKVF"",""name"":""player 1""}},{""text"":""2 rabbits and 1 squirrel"",""likes"":{},""time"":1712268062430,""round"":8,""recipient"":""01HTNHG8CDM57YV6ZXSNZMGYBJ"",""sender"":{""id"":""01HTNHGKR1TMJKFY70C027G42K"",""name"":""player 4""}},{""text"":""What do you see pal?"",""likes"":{},""time"":1712268122491,""round"":8,""recipient"":""01HTNHGKR1TMJKFY70C027G42K"",""sender"":{""id"":""01HTNHE87VE4QG8648K41KSKVF"",""name"":""player 1""}},{""text"":""I see 2 rabbits"",""likes"":{},""time"":1712268162703,""round"":9,""recipient"":""01HTNHEHXQG8PXGBYS5MPQPRDP"",""sender"":{""id"":""01HTNHE87VE4QG8648K41KSKVF"",""name"":""player 1""}},{""text"":""I see 2 rabbits 1 squirrel"",""likes"":{},""time"":1712268122400,""round"":9,""recipient"":""01HTNHE87VE4QG8648K41KSKVF"",""sender"":{""id"":""01HTNHGKR1TMJKFY70C027G42K"",""name"":""player 4""}},{""text"":""I see 2 rabbits"",""likes"":{},""time"":1712268224323,""round"":10,""recipient"":""01HTNHG8CDM57YV6ZXSNZMGYBJ"",""sender"":{""id"":""01HTNHE87VE4QG8648K41KSKVF"",""name"":""player 1""}},{""text"":""2 rabbits 1 squirrel"",""likes"":{},""time"":1712268184442,""round"":10,""recipient"":""01HTNHEHXQG8PXGBYS5MPQPRDP"",""sender"":{""id"":""01HTNHGKR1TMJKFY70C027G42K"",""name"":""player 4""}},{""text"":""I see 2 rabbits"",""likes"":{},""time"":1712268283403,""round"":11,""recipient"":""01HTNHGKR1TMJKFY70C027G42K"",""sender"":{""id"":""01HTNHE87VE4QG8648K41KSKVF"",""name"":""player 1""}},{""text"":""2 rabbits 1 squirrel"",""likes"":{},""time"":1712268247454,""round"":11,""recipient"":""01HTNHG8CDM57YV6ZXSNZMGYBJ"",""sender"":{""id"":""01HTNHGKR1TMJKFY70C027G42K"",""name"":""player 4""}}]",2024-04-04T22:04:07.941804231Z,"{""text"":""I see 2 rabbits and 1 squirrel"",""likes"":{},""time"":1712267942675,""round"":6,""recipient"":""01HTNHE87VE4QG8648K41KSKVF"",""sender"":{""id"":""01HTNHGKR1TMJKFY70C027G42K"",""name"":""player 4""}}",2024-04-04T21:59:03.161881594Z,,2024-04-04T22:04:41.052264325Z,11,2024-04-04T21:53:52.475505779Z
01HTNGXQFP37C592HZ648X5GWH,shared lobby timeout,2024-04-04T21:57:50.597537592Z,"{""condition"":""slider"",""opinion"":""slider"",""playerCount"":4,""trueP"":0.7}",2024-04-04T21:41:02.070407447Z,failed,2024-04-04T21:57:50.597537592Z,experiment2-slider,2024-04-04T21:41:02.070407447Z,01HTNGXQEZZTGMDXD3FH7RSNNS,2024-04-04T21:41:02.070407447Z,01HTNGXQHWVDAV95XDGKCDYAE5,2024-04-04T21:41:02.145637252Z,false,2024-04-04T21:41:02.070407447Z,false,2024-04-04T21:41:02.070407447Z,01HTNHKBCWPQN4CCWT7ZEA3C0X,2024-04-04T21:52:50.595394745Z,,,,,,,,
