﻿id,batchID,batchIDLastChangedAt,gameID,gameIDLastChangedAt,roundID,roundIDLastChangedAt,playerID,playerIDLastChangedAt
01HTNHN8GJ0GB093CAA8WE6SQY,01HTNGXQEZZTGMDXD3FH7RSNNS,2024-04-04T21:53:53.170525149Z,01HTNGXQFM84VCAN1ZKE47XM59,2024-04-04T21:53:53.170525149Z,01HTNHN7T0TCJBRE5Y0MDP0XXE,2024-04-04T21:53:53.170525149Z,01HTNHE87VE4QG8648K41KSKVF,2024-04-04T21:53:53.170525149Z
01HTNHN8GQGXTAKNKM4ZYTQGXS,01HTNGXQEZZTGMDXD3FH7RSNNS,2024-04-04T21:53:53.175418043Z,01HTNGXQFM84VCAN1ZKE47XM59,2024-04-04T21:53:53.175418043Z,01HTNHN7T0TCJBRE5Y0MDP0XXE,2024-04-04T21:53:53.175418043Z,01HTNHEHXQG8PXGBYS5MPQPRDP,2024-04-04T21:53:53.175418043Z
01HTNHN8GVZ1DMRD1MQN2PC6VJ,01HTNGXQEZZTGMDXD3FH7RSNNS,2024-04-04T21:53:53.179620698Z,01HTNGXQFM84VCAN1ZKE47XM59,2024-04-04T21:53:53.179620698Z,01HTNHN7T0TCJBRE5Y0MDP0XXE,2024-04-04T21:53:53.179620698Z,01HTNHG8CDM57YV6ZXSNZMGYBJ,2024-04-04T21:53:53.179620698Z
01HTNHN8H03M8RXKKHYXPXP127,01HTNGXQEZZTGMDXD3FH7RSNNS,2024-04-04T21:53:53.184639963Z,01HTNGXQFM84VCAN1ZKE47XM59,2024-04-04T21:53:53.184639963Z,01HTNHN7T0TCJBRE5Y0MDP0XXE,2024-04-04T21:53:53.184639963Z,01HTNHGKR1TMJKFY70C027G42K,2024-04-04T21:53:53.184639963Z
01HTNHQ3AAZBG01XD1N1PFJE5C,01HTNGXQEZZTGMDXD3FH7RSNNS,2024-04-04T21:54:53.387012332Z,01HTNGXQFM84VCAN1ZKE47XM59,2024-04-04T21:54:53.387012332Z,01HTNHN7T2ZM647QVH015N4GPK,2024-04-04T21:54:53.387012332Z,01HTNHE87VE4QG8648K41KSKVF,2024-04-04T21:54:53.387012332Z
01HTNHQ3AKTRS9PGWEMPXC35TC,01HTNGXQEZZTGMDXD3FH7RSNNS,2024-04-04T21:54:53.395134236Z,01HTNGXQFM84VCAN1ZKE47XM59,2024-04-04T21:54:53.395134236Z,01HTNHN7T2ZM647QVH015N4GPK,2024-04-04T21:54:53.395134236Z,01HTNHEHXQG8PXGBYS5MPQPRDP,2024-04-04T21:54:53.395134236Z
01HTNHQ3ASK36VSYP712Q9QR0A,01HTNGXQEZZTGMDXD3FH7RSNNS,2024-04-04T21:54:53.401273611Z,01HTNGXQFM84VCAN1ZKE47XM59,2024-04-04T21:54:53.401273611Z,01HTNHN7T2ZM647QVH015N4GPK,2024-04-04T21:54:53.401273611Z,01HTNHG8CDM57YV6ZXSNZMGYBJ,2024-04-04T21:54:53.401273611Z
01HTNHQ3AYMC0GC3KH9JBM3VHP,01HTNGXQEZZTGMDXD3FH7RSNNS,2024-04-04T21:54:53.406567721Z,01HTNGXQFM84VCAN1ZKE47XM59,2024-04-04T21:54:53.406567721Z,01HTNHN7T2ZM647QVH015N4GPK,2024-04-04T21:54:53.406567721Z,01HTNHGKR1TMJKFY70C027G42K,2024-04-04T21:54:53.406567721Z
01HTNHRY4D5MHKV8SJ17Q507YM,01HTNGXQEZZTGMDXD3FH7RSNNS,2024-04-04T21:55:53.613894687Z,01HTNGXQFM84VCAN1ZKE47XM59,2024-04-04T21:55:53.613894687Z,01HTNHN7T2ZM647QVH0MWFSW3D,2024-04-04T21:55:53.613894687Z,01HTNHE87VE4QG8648K41KSKVF,2024-04-04T21:55:53.613894687Z
01HTNHRY4JK8V7ZB0RFQAKVNF3,01HTNGXQEZZTGMDXD3FH7RSNNS,2024-04-04T21:55:53.618600721Z,01HTNGXQFM84VCAN1ZKE47XM59,2024-04-04T21:55:53.618600721Z,01HTNHN7T2ZM647QVH0MWFSW3D,2024-04-04T21:55:53.618600721Z,01HTNHEHXQG8PXGBYS5MPQPRDP,2024-04-04T21:55:53.618600721Z
01HTNHRY4QEF6RCZJ9GP5EF9E9,01HTNGXQEZZTGMDXD3FH7RSNNS,2024-04-04T21:55:53.623065707Z,01HTNGXQFM84VCAN1ZKE47XM59,2024-04-04T21:55:53.623065707Z,01HTNHN7T2ZM647QVH0MWFSW3D,2024-04-04T21:55:53.623065707Z,01HTNHG8CDM57YV6ZXSNZMGYBJ,2024-04-04T21:55:53.623065707Z
01HTNHRY4VG86P5JNRFD3YEF6X,01HTNGXQEZZTGMDXD3FH7RSNNS,2024-04-04T21:55:53.627165984Z,01HTNGXQFM84VCAN1ZKE47XM59,2024-04-04T21:55:53.627165984Z,01HTNHN7T2ZM647QVH0MWFSW3D,2024-04-04T21:55:53.627165984Z,01HTNHGKR1TMJKFY70C027G42K,2024-04-04T21:55:53.627165984Z
01HTNHTRXG8PFXTG97183WNWA0,01HTNGXQEZZTGMDXD3FH7RSNNS,2024-04-04T21:56:53.808119706Z,01HTNGXQFM84VCAN1ZKE47XM59,2024-04-04T21:56:53.808119706Z,01HTNHN7T2ZM647QVH110WY0EA,2024-04-04T21:56:53.808119706Z,01HTNHE87VE4QG8648K41KSKVF,2024-04-04T21:56:53.808119706Z
01HTNHTRXPZ5208R1MVCGSRDS8,01HTNGXQEZZTGMDXD3FH7RSNNS,2024-04-04T21:56:53.814570721Z,01HTNGXQFM84VCAN1ZKE47XM59,2024-04-04T21:56:53.814570721Z,01HTNHN7T2ZM647QVH110WY0EA,2024-04-04T21:56:53.814570721Z,01HTNHEHXQG8PXGBYS5MPQPRDP,2024-04-04T21:56:53.814570721Z
01HTNHTRXXV2T4YJ5NH85VBTSX,01HTNGXQEZZTGMDXD3FH7RSNNS,2024-04-04T21:56:53.821197303Z,01HTNGXQFM84VCAN1ZKE47XM59,2024-04-04T21:56:53.821197303Z,01HTNHN7T2ZM647QVH110WY0EA,2024-04-04T21:56:53.821197303Z,01HTNHG8CDM57YV6ZXSNZMGYBJ,2024-04-04T21:56:53.821197303Z
01HTNHTRY43F0A44PW9ZX02B4S,01HTNGXQEZZTGMDXD3FH7RSNNS,2024-04-04T21:56:53.828399246Z,01HTNGXQFM84VCAN1ZKE47XM59,2024-04-04T21:56:53.828399246Z,01HTNHN7T2ZM647QVH110WY0EA,2024-04-04T21:56:53.828399246Z,01HTNHGKR1TMJKFY70C027G42K,2024-04-04T21:56:53.828399246Z
01HTNHWKQ4KHJEEJZ9V6KYTX59,01HTNGXQEZZTGMDXD3FH7RSNNS,2024-04-04T21:57:54.020848604Z,01HTNGXQFM84VCAN1ZKE47XM59,2024-04-04T21:57:54.020848604Z,01HTNHN7T4W565TX521SVQBVCJ,2024-04-04T21:57:54.020848604Z,01HTNHE87VE4QG8648K41KSKVF,2024-04-04T21:57:54.020848604Z
01HTNHWKQ9XQ57KA2PP975F7TG,01HTNGXQEZZTGMDXD3FH7RSNNS,2024-04-04T21:57:54.02597188Z,01HTNGXQFM84VCAN1ZKE47XM59,2024-04-04T21:57:54.02597188Z,01HTNHN7T4W565TX521SVQBVCJ,2024-04-04T21:57:54.02597188Z,01HTNHEHXQG8PXGBYS5MPQPRDP,2024-04-04T21:57:54.02597188Z
01HTNHWKQD3AWDCRBA0DJH4720,01HTNGXQEZZTGMDXD3FH7RSNNS,2024-04-04T21:57:54.029886577Z,01HTNGXQFM84VCAN1ZKE47XM59,2024-04-04T21:57:54.029886577Z,01HTNHN7T4W565TX521SVQBVCJ,2024-04-04T21:57:54.029886577Z,01HTNHG8CDM57YV6ZXSNZMGYBJ,2024-04-04T21:57:54.029886577Z
01HTNHWKQJ0HGT1M24W87PZE4W,01HTNGXQEZZTGMDXD3FH7RSNNS,2024-04-04T21:57:54.034566636Z,01HTNGXQFM84VCAN1ZKE47XM59,2024-04-04T21:57:54.034566636Z,01HTNHN7T4W565TX521SVQBVCJ,2024-04-04T21:57:54.034566636Z,01HTNHGKR1TMJKFY70C027G42K,2024-04-04T21:57:54.034566636Z
01HTNHYEFMGVQNG0V66Z15MF1Q,01HTNGXQEZZTGMDXD3FH7RSNNS,2024-04-04T21:58:54.196056155Z,01HTNGXQFM84VCAN1ZKE47XM59,2024-04-04T21:58:54.196056155Z,01HTNHN7T37G3HQ7TM5WGDT0M5,2024-04-04T21:58:54.196056155Z,01HTNHE87VE4QG8648K41KSKVF,2024-04-04T21:58:54.196056155Z
01HTNHYEFTS55197S21CXKWBDA,01HTNGXQEZZTGMDXD3FH7RSNNS,2024-04-04T21:58:54.20210083Z,01HTNGXQFM84VCAN1ZKE47XM59,2024-04-04T21:58:54.20210083Z,01HTNHN7T37G3HQ7TM5WGDT0M5,2024-04-04T21:58:54.20210083Z,01HTNHEHXQG8PXGBYS5MPQPRDP,2024-04-04T21:58:54.20210083Z
01HTNHYEG6TRRVP5AS1A6W91ZY,01HTNGXQEZZTGMDXD3FH7RSNNS,2024-04-04T21:58:54.214260927Z,01HTNGXQFM84VCAN1ZKE47XM59,2024-04-04T21:58:54.214260927Z,01HTNHN7T37G3HQ7TM5WGDT0M5,2024-04-04T21:58:54.214260927Z,01HTNHG8CDM57YV6ZXSNZMGYBJ,2024-04-04T21:58:54.214260927Z
01HTNHYEGD0F5TW5DAQXPFN9A2,01HTNGXQEZZTGMDXD3FH7RSNNS,2024-04-04T21:58:54.2211585Z,01HTNGXQFM84VCAN1ZKE47XM59,2024-04-04T21:58:54.2211585Z,01HTNHN7T37G3HQ7TM5WGDT0M5,2024-04-04T21:58:54.2211585Z,01HTNHGKR1TMJKFY70C027G42K,2024-04-04T21:58:54.2211585Z
01HTNJ099B93G2CSQHPVJM8YH8,01HTNGXQEZZTGMDXD3FH7RSNNS,2024-04-04T21:59:54.411821873Z,01HTNGXQFM84VCAN1ZKE47XM59,2024-04-04T21:59:54.411821873Z,01HTNHN7T37G3HQ7TM56S9AT7R,2024-04-04T21:59:54.411821873Z,01HTNHE87VE4QG8648K41KSKVF,2024-04-04T21:59:54.411821873Z
01HTNJ099HTRHK1TXE4DJQC7WD,01HTNGXQEZZTGMDXD3FH7RSNNS,2024-04-04T21:59:54.417133273Z,01HTNGXQFM84VCAN1ZKE47XM59,2024-04-04T21:59:54.417133273Z,01HTNHN7T37G3HQ7TM56S9AT7R,2024-04-04T21:59:54.417133273Z,01HTNHEHXQG8PXGBYS5MPQPRDP,2024-04-04T21:59:54.417133273Z
01HTNJ099NY85HC2ATXXWS01D4,01HTNGXQEZZTGMDXD3FH7RSNNS,2024-04-04T21:59:54.421643091Z,01HTNGXQFM84VCAN1ZKE47XM59,2024-04-04T21:59:54.421643091Z,01HTNHN7T37G3HQ7TM56S9AT7R,2024-04-04T21:59:54.421643091Z,01HTNHG8CDM57YV6ZXSNZMGYBJ,2024-04-04T21:59:54.421643091Z
01HTNJ099TX7C71WC8W42C3FC2,01HTNGXQEZZTGMDXD3FH7RSNNS,2024-04-04T21:59:54.42654703Z,01HTNGXQFM84VCAN1ZKE47XM59,2024-04-04T21:59:54.42654703Z,01HTNHN7T37G3HQ7TM56S9AT7R,2024-04-04T21:59:54.42654703Z,01HTNHGKR1TMJKFY70C027G42K,2024-04-04T21:59:54.42654703Z
01HTNJ242WAC4D2FTGW2PV6AYD,01HTNGXQEZZTGMDXD3FH7RSNNS,2024-04-04T22:00:54.620323425Z,01HTNGXQFM84VCAN1ZKE47XM59,2024-04-04T22:00:54.620323425Z,01HTNHN7T8VRPNNGEXRM6KYT6G,2024-04-04T22:00:54.620323425Z,01HTNHE87VE4QG8648K41KSKVF,2024-04-04T22:00:54.620323425Z
01HTNJ2432R37P79Q8S6FKEECY,01HTNGXQEZZTGMDXD3FH7RSNNS,2024-04-04T22:00:54.626701919Z,01HTNGXQFM84VCAN1ZKE47XM59,2024-04-04T22:00:54.626701919Z,01HTNHN7T8VRPNNGEXRM6KYT6G,2024-04-04T22:00:54.626701919Z,01HTNHEHXQG8PXGBYS5MPQPRDP,2024-04-04T22:00:54.626701919Z
01HTNJ2439HX4QRVPN5QNX6W7K,01HTNGXQEZZTGMDXD3FH7RSNNS,2024-04-04T22:00:54.633732724Z,01HTNGXQFM84VCAN1ZKE47XM59,2024-04-04T22:00:54.633732724Z,01HTNHN7T8VRPNNGEXRM6KYT6G,2024-04-04T22:00:54.633732724Z,01HTNHG8CDM57YV6ZXSNZMGYBJ,2024-04-04T22:00:54.633732724Z
01HTNJ243HB9J62KMT6PSEHTAB,01HTNGXQEZZTGMDXD3FH7RSNNS,2024-04-04T22:00:54.641304164Z,01HTNGXQFM84VCAN1ZKE47XM59,2024-04-04T22:00:54.641304164Z,01HTNHN7T8VRPNNGEXRM6KYT6G,2024-04-04T22:00:54.641304164Z,01HTNHGKR1TMJKFY70C027G42K,2024-04-04T22:00:54.641304164Z
01HTNJ3YWJNV9B738A3FE6QFZX,01HTNGXQEZZTGMDXD3FH7RSNNS,2024-04-04T22:01:54.8349054Z,01HTNGXQFM84VCAN1ZKE47XM59,2024-04-04T22:01:54.8349054Z,01HTNHN7T7G2530F7VQ2HSZY5K,2024-04-04T22:01:54.8349054Z,01HTNHE87VE4QG8648K41KSKVF,2024-04-04T22:01:54.8349054Z
01HTNJ3YWVM8QJPKD9BA8CX91F,01HTNGXQEZZTGMDXD3FH7RSNNS,2024-04-04T22:01:54.843551422Z,01HTNGXQFM84VCAN1ZKE47XM59,2024-04-04T22:01:54.843551422Z,01HTNHN7T7G2530F7VQ2HSZY5K,2024-04-04T22:01:54.843551422Z,01HTNHEHXQG8PXGBYS5MPQPRDP,2024-04-04T22:01:54.843551422Z
01HTNJ3YX2R9D6HDK6HWQYE3CS,01HTNGXQEZZTGMDXD3FH7RSNNS,2024-04-04T22:01:54.850193622Z,01HTNGXQFM84VCAN1ZKE47XM59,2024-04-04T22:01:54.850193622Z,01HTNHN7T7G2530F7VQ2HSZY5K,2024-04-04T22:01:54.850193622Z,01HTNHG8CDM57YV6ZXSNZMGYBJ,2024-04-04T22:01:54.850193622Z
01HTNJ3YX7VVBQZJSHDYK1ZVP5,01HTNGXQEZZTGMDXD3FH7RSNNS,2024-04-04T22:01:54.855403573Z,01HTNGXQFM84VCAN1ZKE47XM59,2024-04-04T22:01:54.855403573Z,01HTNHN7T7G2530F7VQ2HSZY5K,2024-04-04T22:01:54.855403573Z,01HTNHGKR1TMJKFY70C027G42K,2024-04-04T22:01:54.855403573Z
01HTNJ5SNS6XKS1DDAEQ6A7VQ5,01HTNGXQEZZTGMDXD3FH7RSNNS,2024-04-04T22:02:55.033058098Z,01HTNGXQFM84VCAN1ZKE47XM59,2024-04-04T22:02:55.033058098Z,01HTNHN7T6G4S03V2ZGY7E809P,2024-04-04T22:02:55.033058098Z,01HTNHE87VE4QG8648K41KSKVF,2024-04-04T22:02:55.033058098Z
01HTNJ5SNXADAS47H6ZB5PWYSN,01HTNGXQEZZTGMDXD3FH7RSNNS,2024-04-04T22:02:55.03805569Z,01HTNGXQFM84VCAN1ZKE47XM59,2024-04-04T22:02:55.03805569Z,01HTNHN7T6G4S03V2ZGY7E809P,2024-04-04T22:02:55.03805569Z,01HTNHEHXQG8PXGBYS5MPQPRDP,2024-04-04T22:02:55.03805569Z
01HTNJ5SP3DGZ0X4E09XG9WNQB,01HTNGXQEZZTGMDXD3FH7RSNNS,2024-04-04T22:02:55.04310053Z,01HTNGXQFM84VCAN1ZKE47XM59,2024-04-04T22:02:55.04310053Z,01HTNHN7T6G4S03V2ZGY7E809P,2024-04-04T22:02:55.04310053Z,01HTNHG8CDM57YV6ZXSNZMGYBJ,2024-04-04T22:02:55.04310053Z
01HTNJ5SPBTJWN6KW8FD6B1AX9,01HTNGXQEZZTGMDXD3FH7RSNNS,2024-04-04T22:02:55.051311155Z,01HTNGXQFM84VCAN1ZKE47XM59,2024-04-04T22:02:55.051311155Z,01HTNHN7T6G4S03V2ZGY7E809P,2024-04-04T22:02:55.051311155Z,01HTNHGKR1TMJKFY70C027G42K,2024-04-04T22:02:55.051311155Z
01HTNJ7MF790DHZ8E7KRJQ2XJH,01HTNGXQEZZTGMDXD3FH7RSNNS,2024-04-04T22:03:55.239652949Z,01HTNGXQFM84VCAN1ZKE47XM59,2024-04-04T22:03:55.239652949Z,01HTNHN7TVW6DCMK9CW71RBVR1,2024-04-04T22:03:55.239652949Z,01HTNHE87VE4QG8648K41KSKVF,2024-04-04T22:03:55.239652949Z
01HTNJ7MFCMZ19X5338GFVPJJT,01HTNGXQEZZTGMDXD3FH7RSNNS,2024-04-04T22:03:55.244710768Z,01HTNGXQFM84VCAN1ZKE47XM59,2024-04-04T22:03:55.244710768Z,01HTNHN7TVW6DCMK9CW71RBVR1,2024-04-04T22:03:55.244710768Z,01HTNHEHXQG8PXGBYS5MPQPRDP,2024-04-04T22:03:55.244710768Z
01HTNJ7MFH6R9F7EBWEJMYQ9B5,01HTNGXQEZZTGMDXD3FH7RSNNS,2024-04-04T22:03:55.249976377Z,01HTNGXQFM84VCAN1ZKE47XM59,2024-04-04T22:03:55.249976377Z,01HTNHN7TVW6DCMK9CW71RBVR1,2024-04-04T22:03:55.249976377Z,01HTNHG8CDM57YV6ZXSNZMGYBJ,2024-04-04T22:03:55.249976377Z
01HTNJ7MFQ0TX8W2MD3A6CD86W,01HTNGXQEZZTGMDXD3FH7RSNNS,2024-04-04T22:03:55.255110893Z,01HTNGXQFM84VCAN1ZKE47XM59,2024-04-04T22:03:55.255110893Z,01HTNHN7TVW6DCMK9CW71RBVR1,2024-04-04T22:03:55.255110893Z,01HTNHGKR1TMJKFY70C027G42K,2024-04-04T22:03:55.255110893Z
