﻿id,participantID,participantIDLastChangedAt,treatment,treatmentLastChangedAt,treatmentName,treatmentNameLastChangedAt,urlParams,urlParamsLastChangedAt,introDone,introDoneLastChangedAt,participantIdentifier,participantIdentifierLastChangedAt,gameID,gameIDLastChangedAt,intro,introLastChangedAt,ended,endedLastChangedAt,name,nameLastChangedAt,emojiArray,emojiArrayLastChangedAt,exitSurvey,exitSurveyLastChangedAt,exitStep,exitStepLastChangedAt,recipient,recipientLastChangedAt
01HTNGQK6M259BCYCS5G4FQYX4,01HTNGQJXP27M6T3W6QW06FQ8F,2024-04-04T21:37:41.077013101Z,"{""condition"":""interactive"",""opinion"":""slider"",""playerCount"":4,""trueP"":0.7}",2024-04-04T21:37:41.088681982Z,experiment2-interactive,2024-04-04T21:37:41.088681982Z,{},2024-04-04T21:37:41.235581684Z,true,2024-04-04T21:38:15.586165581Z,yuliya,2024-04-04T21:37:41.077013101Z,01HTNDK54047N7G57B3VVGWQC9,2024-04-04T21:37:41.088681982Z,4,2024-04-04T21:38:11.04206079Z,game terminated,2024-04-04T21:41:00.879489988Z,,,,,,,,,,
01HTNHE87VE4QG8648K41KSKVF,01HTNHE7MBHCWPCTJN10GTPV3N,2024-04-04T21:50:03.515929225Z,"{""condition"":""interactive"",""opinion"":""slider"",""playerCount"":4,""trueP"":0.7}",2024-04-04T21:50:03.524359056Z,experiment2-interactive,2024-04-04T21:50:03.524359056Z,{},2024-04-04T21:50:03.829906764Z,true,2024-04-04T21:53:48.031126308Z,5e6e7ceba2b2ee000ac9dfdd,2024-04-04T21:50:03.515929225Z,01HTNGXQFM84VCAN1ZKE47XM59,2024-04-04T21:50:03.524359056Z,4,2024-04-04T21:53:42.86107419Z,game terminated,2024-04-04T22:04:41.01896384Z,player 1,2024-04-04T21:53:52.475505779Z,"[""🐇"",""🐇"",""                                   ""]",2024-04-04T21:53:52.475505779Z,"{""age"":""26"",""gender"":""Male"",""strength"":""I stayed organised throughout the task, I made notes each round and quickly calculated the ratio before the time was up."",""fair"":""Absolutely, even more so if a bonus is given :)"",""feedback"":""No issues encountered, fantastic little survey!"",""education"":""other"",""teammates"":""I believe they were, although some teammates did not send a message at all which obviously could have impacted my findings negatively."",""notes"":""Yes, I made a note of all the rabbits and squirrels each round and calculated the ratio based of the total number of squirrels at the end of each round."",""politics"":""Liberal"",""geo"":""Polish"",""ethnicity"":""White""}",2024-04-04T22:08:37.968914992Z,1,2024-04-04T22:08:37.969450758Z,01HTNHGKR1TMJKFY70C027G42K,2024-04-04T22:03:55.265720123Z
01HTNHEHXQG8PXGBYS5MPQPRDP,01HTNHEHDCJG2Z907JBF3EATS9,2024-04-04T21:50:13.431929991Z,"{""condition"":""interactive"",""opinion"":""slider"",""playerCount"":4,""trueP"":0.7}",2024-04-04T21:50:13.440525216Z,experiment2-interactive,2024-04-04T21:50:13.440525216Z,{},2024-04-04T21:50:13.638391348Z,true,2024-04-04T21:52:40.766425572Z,61075428e2a27f4cf8c8fb83,2024-04-04T21:50:13.431929991Z,01HTNGXQFM84VCAN1ZKE47XM59,2024-04-04T21:50:13.440525216Z,4,2024-04-04T21:52:38.166105642Z,game terminated,2024-04-04T22:04:41.01896384Z,player 2,2024-04-04T21:53:52.475505779Z,"[""🐇"",""🐇"",""🐿️"",""🐿️"",""🐇"",""🐇"",""🐇"",""                                   "",""🐇"",""🐇"",""🐿️"",""🐇"",""🐿️"",""🐿️""]",2024-04-04T21:53:52.475505779Z,,,,,01HTNHE87VE4QG8648K41KSKVF,2024-04-04T22:03:55.265720123Z
01HTNHESQ19RV2W0GF2Q3G371B,01HTNHES3RYW3WMED1XM9XG8S1,2024-04-04T21:50:21.40981272Z,"{""condition"":""unidirectional"",""opinion"":""slider"",""playerCount"":4,""trueP"":0.7}",2024-04-04T21:50:21.417815179Z,experiment1-0.7,2024-04-04T21:50:21.417815179Z,{},2024-04-04T21:50:21.728825354Z,true,2024-04-04T21:52:18.759305076Z,5f00f321c6d8de23b286a7ef,2024-04-04T21:50:21.40981272Z,01HTNGXQFJ0H1MK23K21BNFY4H,2024-04-04T21:50:21.417815179Z,4,2024-04-04T21:52:13.644257739Z,game failed,2024-04-04T21:57:18.783440924Z,,,,,,,,,,
01HTNHG1QJYFAAZ14BCF5PPQCD,01HTNHG1288NKGG6FSRSS3PVAG,2024-04-04T21:51:02.386426195Z,"{""condition"":""slider"",""opinion"":""slider"",""playerCount"":4,""trueP"":0.7}",2024-04-04T21:51:02.393556627Z,experiment2-slider,2024-04-04T21:51:02.393556627Z,{},2024-04-04T21:51:04.489920559Z,true,2024-04-04T21:52:50.584772189Z,5e99d8f9295e29041a7ed558,2024-04-04T21:51:02.386426195Z,01HTNGXQFP37C592HZ648X5GWH,2024-04-04T21:51:02.393556627Z,3,2024-04-04T21:52:32.544168224Z,game failed,2024-04-04T21:57:50.6038127Z,,,,,,,,,,
01HTNHG57SEZ50N7M93NH7E10J,01HTNHG4K37R586VJXNHNKEVXZ,2024-04-04T21:51:05.977345325Z,"{""condition"":""interactive"",""opinion"":""slider"",""playerCount"":4,""trueP"":0.7}",2024-04-04T21:51:05.981931798Z,experiment2-interactive,2024-04-04T21:51:05.981931798Z,{},2024-04-04T21:51:06.332720407Z,,,65a68cb02b70524088c53064,2024-04-04T21:51:05.977345325Z,,2024-04-04T21:53:52.373556655Z,1,2024-04-04T21:51:08.723023348Z,no more games,2024-04-04T21:53:52.373556655Z,,,,,"{""age"":""23"",""gender"":""Male"",""strength"":""-"",""fair"":""-"",""feedback"":""It just skipped the game entirely."",""education"":""bachelor"",""teammates"":""-"",""notes"":""-"",""politics"":""N/A"",""geo"":""English"",""ethnicity"":""White""}",2024-04-04T21:55:02.64909162Z,1,2024-04-04T21:55:02.647657344Z,,
01HTNHG631Q20QNNXZN0031KNX,01HTNHG5GHQYPPJ4KGNC0P0NZE,2024-04-04T21:51:06.849161428Z,"{""condition"":""interactive"",""opinion"":""slider"",""playerCount"":4,""trueP"":0.7}",2024-04-04T21:51:06.855646637Z,experiment2-interactive,2024-04-04T21:51:06.855646637Z,{},2024-04-04T21:51:07.151523438Z,,,5c509487172b6c0001779b34,2024-04-04T21:51:06.849161428Z,,2024-04-04T21:53:52.373556655Z,1,2024-04-04T21:51:11.099542487Z,no more games,2024-04-04T21:53:52.373556655Z,,,,,"{""age"":""33"",""gender"":""Female"",""strength"":""Not great"",""fair"":""No"",""feedback"":"""",""education"":""master"",""teammates"":""I was still getting used to the game "",""notes"":""Yes"",""politics"":""Centre"",""geo"":""London"",""ethnicity"":""Black British""}",2024-04-04T21:54:25.447431326Z,1,2024-04-04T21:54:25.449500478Z,,
01HTNHG8CDM57YV6ZXSNZMGYBJ,01HTNHG7RT4T5WPNJSXF2B2154,2024-04-04T21:51:09.197769657Z,"{""condition"":""interactive"",""opinion"":""slider"",""playerCount"":4,""trueP"":0.7}",2024-04-04T21:51:09.20379825Z,experiment2-interactive,2024-04-04T21:51:09.20379825Z,{},2024-04-04T21:51:09.575855649Z,true,2024-04-04T21:53:52.36889212Z,65cbaa3b63ac644fa79703b0,2024-04-04T21:51:09.197769657Z,01HTNGXQFM84VCAN1ZKE47XM59,2024-04-04T21:51:09.20379825Z,4,2024-04-04T21:53:49.908714621Z,game terminated,2024-04-04T22:04:41.01896384Z,player 3,2024-04-04T21:53:52.475505779Z,"[""🐇"",""🐇"",""                                   ""]",2024-04-04T21:53:52.475505779Z,,,,,01HTNHEHXQG8PXGBYS5MPQPRDP,2024-04-04T22:03:55.265720123Z
01HTNHGKR1TMJKFY70C027G42K,01HTNHGKDW15VXD72YTW4YRSNS,2024-04-04T21:51:20.833347886Z,"{""condition"":""interactive"",""opinion"":""slider"",""playerCount"":4,""trueP"":0.7}",2024-04-04T21:51:20.843219227Z,experiment2-interactive,2024-04-04T21:51:20.843219227Z,{},2024-04-04T21:51:20.998516137Z,true,2024-04-04T21:53:44.298752341Z,656cb321c053d63a280ae68c,2024-04-04T21:51:20.833347886Z,01HTNGXQFM84VCAN1ZKE47XM59,2024-04-04T21:51:20.843219227Z,4,2024-04-04T21:53:36.804122588Z,game terminated,2024-04-04T22:04:41.01896384Z,player 4,2024-04-04T21:53:52.475505779Z,"[""🐿️"",""🐇"",""                                   "",""🐇""]",2024-04-04T21:53:52.475505779Z,"{""age"":""19"",""gender"":""f"",""strength"":""Decent"",""fair"":""yes"",""feedback"":""The game went on after the 9 alloted turns"",""education"":""other"",""teammates"":""probably, but some took a long time to respond and others didn't respond at all"",""notes"":""no"",""politics"":"""",""geo"":"""",""ethnicity"":""""}",2024-04-04T22:05:34.928458023Z,1,2024-04-04T22:05:34.927983977Z,01HTNHG8CDM57YV6ZXSNZMGYBJ,2024-04-04T22:03:55.265720123Z
01HTNHKNBFQRWXS7BP2ADEBGW5,01HTNHKMXAYBRX2D3GZZ6XCNE3,2024-04-04T21:53:00.783412818Z,"{""condition"":""slider"",""opinion"":""slider"",""playerCount"":4,""trueP"":0.7}",2024-04-04T21:53:00.791944336Z,experiment2-slider,2024-04-04T21:53:00.791944336Z,{},2024-04-04T21:53:00.877568538Z,,,5e5f00593676ec24ba65d031,2024-04-04T21:53:00.783412818Z,01HTNGXQFP37C592HZ648X5GWH,2024-04-04T21:53:00.791944336Z,1,2024-04-04T21:54:10.651827694Z,game failed,2024-04-04T21:57:50.6038127Z,,,,,"{""age"":""25"",""gender"":""Male"",""strength"":""I don't know"",""fair"":""Sure"",""feedback"":"""",""education"":""bachelor"",""teammates"":""No"",""notes"":""No"",""politics"":""Right"",""geo"":""Canadian"",""ethnicity"":""Caucasian""}",2024-04-04T21:59:02.744534192Z,1,2024-04-04T21:59:02.743369319Z,,
01HTNHMFYJ0C4M9Q961BDTFZ3H,01HTNHMFQ3B3E8E93AMH9YB0F2,2024-04-04T21:53:28.018192485Z,"{""condition"":""slider"",""opinion"":""slider"",""playerCount"":4,""trueP"":0.7}",2024-04-04T21:53:28.025488181Z,experiment2-slider,2024-04-04T21:53:28.025488181Z,{},2024-04-04T21:53:28.141105928Z,true,2024-04-04T21:55:24.501788402Z,659727a1f3936d2698abfa49,2024-04-04T21:53:28.018192485Z,01HTNGXQFP37C592HZ648X5GWH,2024-04-04T21:53:28.025488181Z,3,2024-04-04T21:55:05.318528918Z,game failed,2024-04-04T21:57:50.6038127Z,,,,,"{""age"":""22"",""gender"":""woman"",""strength"":""n/a"",""fair"":""yes"",""feedback"":""the game never loaded for me, so after a few minutes of waiting I was automatically redirected to this exit survey "",""education"":""other"",""teammates"":""n/a"",""notes"":""I never got to play the game? After waiting a few minutes I was automatically directed to this exit survey "",""politics"":""Left"",""geo"":""Canadian"",""ethnicity"":""caucasian""}",2024-04-04T22:00:24.694661783Z,1,2024-04-04T22:00:24.713518118Z,,
01HTNHS3RDJJMMCN9D2Y0MF8K2,01HTNHS3DN0CK1H2YK249XX47J,2024-04-04T21:55:59.373787353Z,"{""condition"":""slider"",""opinion"":""slider"",""playerCount"":4,""trueP"":0.7}",2024-04-04T21:55:59.3821234Z,experiment2-slider,2024-04-04T21:55:59.3821234Z,{},2024-04-04T21:55:59.556633641Z,,,5f0e74354614791b6a6a988d,2024-04-04T21:55:59.373787353Z,01HTNGXQFP37C592HZ648X5GWH,2024-04-04T21:55:59.3821234Z,1,2024-04-04T21:56:05.711956494Z,game failed,2024-04-04T21:57:50.6038127Z,,,,,,,,,,
01HTNHTD3P58Q3QVEXEGKB9Y33,01HTNHTCA2ZCQXKX3K6HWA9BN3,2024-04-04T21:56:41.718058181Z,"{""condition"":""slider"",""opinion"":""slider"",""playerCount"":4,""trueP"":0.7}",2024-04-04T21:56:41.729131759Z,experiment2-slider,2024-04-04T21:56:41.729131759Z,{},2024-04-04T21:56:42.149931321Z,,,60ede2f9e9aced79841374bf,2024-04-04T21:56:41.718058181Z,01HTNGXQFP37C592HZ648X5GWH,2024-04-04T21:56:41.729131759Z,1,2024-04-04T21:56:51.542771645Z,game failed,2024-04-04T21:57:50.6038127Z,,,,,,,,,,
01HTNHV0MFYQT0G5JSYAJXV4A8,01HTNHV0B2XY3BJGVPBX9CVBMY,2024-04-04T21:57:01.711676163Z,"{""condition"":""slider"",""opinion"":""slider"",""playerCount"":4,""trueP"":0.7}",2024-04-04T21:57:01.725615505Z,experiment2-slider,2024-04-04T21:57:01.725615505Z,{},2024-04-04T21:57:01.874115833Z,,,60fdd2655a65bd7941196f10,2024-04-04T21:57:01.711676163Z,01HTNGXQFP37C592HZ648X5GWH,2024-04-04T21:57:01.725615505Z,2,2024-04-04T21:57:47.356034505Z,game failed,2024-04-04T21:57:50.6038127Z,,,,,"{""age"":""22"",""gender"":""male"",""strength"":""the game didnt run and i got skipped to here"",""fair"":""the game didnt run and i got skipped to here"",""feedback"":""the game didnt run and i got skipped to here"",""education"":""bachelor"",""teammates"":""the game didnt run and i got skipped to here"",""notes"":""the game didnt run and i got skipped to here"",""politics"":"""",""geo"":""Canada"",""ethnicity"":""muslim""}",2024-04-04T21:58:45.656963965Z,1,2024-04-04T21:58:45.656743834Z,,
01HTNHYSFJ6DS9M8JMHCZE6K9B,01HTNHYSC3BN6A55KWVR20PC4Y,2024-04-04T21:59:05.458263446Z,,,,,,,,,5f4d8182b6c229a5995ebd05,2024-04-04T21:59:05.458263446Z,,,,,,,,,,,,,,,,
01HTNJ1AJKKWPF7JB2ZXZHGN97,01HTNJ19YA7021CFD722W5BWVQ,2024-04-04T22:00:28.499956436Z,,,,,,,,,5da39d242a298b0012cd4393,2024-04-04T22:00:28.499956436Z,,,,,,,,,,,,,,,,
01HTNJ2FK4APS6DQDH12G3KZE5,01HTNJ2F5XHT4EXKV59GEGDB2H,2024-04-04T22:01:06.404094641Z,,,,,,,,,5e3c368dc004f70177a1dfcc,2024-04-04T22:01:06.404094641Z,,,,,,,,,,,,,,,,
01HTNJ2VQPYCP2QED68A885JK1,01HTNJ2TYQ5AZY19ABESBGYYW1,2024-04-04T22:01:18.83810986Z,,,,,,,,,60f7ed4caa41171ea9e95c8a,2024-04-04T22:01:18.83810986Z,,,,,,,,,,,,,,,,
01HTNJ57SN2K8XP67HCPG1CFF0,01HTNJ574KJ2G9D2CYJ4F3TDDV,2024-04-04T22:02:36.725616888Z,,,,,,,,,60146eafe2712008f10a4d61,2024-04-04T22:02:36.725616888Z,,,,,,,,,,,,,,,,
01HTNJ71V4DFJ2N4GBB5HTHDEQ,01HTNJ719PFJG6MW1KYGE2KQFM,2024-04-04T22:03:36.164881767Z,,,,,,,,,65dd6ca1a06e762a792e26f2,2024-04-04T22:03:36.164881767Z,,,,,,,,,,,,,,,,
01HTNJ7A2E6VAP74Q8PANDEDXG,01HTNJ79S5Z9H08KF2Q50KD11K,2024-04-04T22:03:44.590309623Z,,,,,,,,,5d6d32ead222ba001553e7bd,2024-04-04T22:03:44.590309623Z,,,,,,,,,,,,,,,,
01HTNJ84541T6HRP9YSR1K3HJJ,01HTNJ83S6127GG32KNG8PM15M,2024-04-04T22:04:11.300059829Z,,,,,,,,,6563d34c0741f7a77c601f82,2024-04-04T22:04:11.300059829Z,,,,,,,,,,,,,,,,
