﻿id,gameID,gameIDLastChangedAt,playerID,playerIDLastChangedAt,batchID,batchIDLastChangedAt
01HTNHN7QWNADACPC412BTD4SB,01HTNGXQFM84VCAN1ZKE47XM59,2024-04-04T21:53:52.380852864Z,01HTNHE87VE4QG8648K41KSKVF,2024-04-04T21:53:52.380852864Z,01HTNGXQEZZTGMDXD3FH7RSNNS,2024-04-04T21:53:52.380852864Z
01HTNHN7R3HJDAVVPZKSNS34ZW,01HTNGXQFM84VCAN1ZKE47XM59,2024-04-04T21:53:52.387271261Z,01HTNHEHXQG8PXGBYS5MPQPRDP,2024-04-04T21:53:52.387271261Z,01HTNGXQEZZTGMDXD3FH7RSNNS,2024-04-04T21:53:52.387271261Z
01HTNHN7R72FJYNZKEMFE084T7,01HTNGXQFM84VCAN1ZKE47XM59,2024-04-04T21:53:52.391263434Z,01HTNHG8CDM57YV6ZXSNZMGYBJ,2024-04-04T21:53:52.391263434Z,01HTNGXQEZZTGMDXD3FH7RSNNS,2024-04-04T21:53:52.391263434Z
01HTNHN7RD8DKASB3J1SHRQ5RK,01HTNGXQFM84VCAN1ZKE47XM59,2024-04-04T21:53:52.397231235Z,01HTNHGKR1TMJKFY70C027G42K,2024-04-04T21:53:52.397231235Z,01HTNGXQEZZTGMDXD3FH7RSNNS,2024-04-04T21:53:52.397231235Z
