﻿id,batchID,batchIDLastChangedAt,gameID,gameIDLastChangedAt,roundID,roundIDLastChangedAt,stageID,stageIDLastChangedAt,playerID,playerIDLastChangedAt,guess,guessLastChangedAt,confidence,confidenceLastChangedAt,submit,submitLastChangedAt
01HTNHN8JYQN151S6N347XWZNW,01HTNGXQEZZTGMDXD3FH7RSNNS,2024-04-04T21:53:53.246268912Z,01HTNGXQFM84VCAN1ZKE47XM59,2024-04-04T21:53:53.246268912Z,01HTNHN7T0TCJBRE5Y0MDP0XXE,2024-04-04T21:53:53.246268912Z,01HTNHN83EXSVMP4K7DVAPV7CV,2024-04-04T21:53:53.246268912Z,01HTNHE87VE4QG8648K41KSKVF,2024-04-04T21:53:53.246268912Z,,,,,,
01HTNHN8K39Y2RC4NKRC4CMYPA,01HTNGXQEZZTGMDXD3FH7RSNNS,2024-04-04T21:53:53.25161213Z,01HTNGXQFM84VCAN1ZKE47XM59,2024-04-04T21:53:53.25161213Z,01HTNHN7T0TCJBRE5Y0MDP0XXE,2024-04-04T21:53:53.25161213Z,01HTNHN83EXSVMP4K7DVAPV7CV,2024-04-04T21:53:53.25161213Z,01HTNHEHXQG8PXGBYS5MPQPRDP,2024-04-04T21:53:53.25161213Z,,,,,,
01HTNHN8K7WJMXSCC8659AC6R9,01HTNGXQEZZTGMDXD3FH7RSNNS,2024-04-04T21:53:53.255528039Z,01HTNGXQFM84VCAN1ZKE47XM59,2024-04-04T21:53:53.255528039Z,01HTNHN7T0TCJBRE5Y0MDP0XXE,2024-04-04T21:53:53.255528039Z,01HTNHN83EXSVMP4K7DVAPV7CV,2024-04-04T21:53:53.255528039Z,01HTNHG8CDM57YV6ZXSNZMGYBJ,2024-04-04T21:53:53.255528039Z,,,,,,
01HTNHN8KCJZ73NQ0G115GXM91,01HTNGXQEZZTGMDXD3FH7RSNNS,2024-04-04T21:53:53.260472111Z,01HTNGXQFM84VCAN1ZKE47XM59,2024-04-04T21:53:53.260472111Z,01HTNHN7T0TCJBRE5Y0MDP0XXE,2024-04-04T21:53:53.260472111Z,01HTNHN83EXSVMP4K7DVAPV7CV,2024-04-04T21:53:53.260472111Z,01HTNHGKR1TMJKFY70C027G42K,2024-04-04T21:53:53.260472111Z,,,,,,
01HTNHP5YD19GKTDTESPX7M425,01HTNGXQEZZTGMDXD3FH7RSNNS,2024-04-04T21:54:23.309220354Z,01HTNGXQFM84VCAN1ZKE47XM59,2024-04-04T21:54:23.309220354Z,01HTNHN7T0TCJBRE5Y0MDP0XXE,2024-04-04T21:54:23.309220354Z,01HTNHN83EXSVMP4K7EDVVHBS6,2024-04-04T21:54:23.309220354Z,01HTNHE87VE4QG8648K41KSKVF,2024-04-04T21:54:23.309220354Z,,,,,,
01HTNHP5YHNFDZ33YBYHHBJT90,01HTNGXQEZZTGMDXD3FH7RSNNS,2024-04-04T21:54:23.313388714Z,01HTNGXQFM84VCAN1ZKE47XM59,2024-04-04T21:54:23.313388714Z,01HTNHN7T0TCJBRE5Y0MDP0XXE,2024-04-04T21:54:23.313388714Z,01HTNHN83EXSVMP4K7EDVVHBS6,2024-04-04T21:54:23.313388714Z,01HTNHEHXQG8PXGBYS5MPQPRDP,2024-04-04T21:54:23.313388714Z,67,2024-04-04T21:54:47.098005158Z,67,2024-04-04T21:54:47.098726814Z,true,2024-04-04T21:54:47.195019608Z
01HTNHP5YMV2C7CHZAVY8WHMJ8,01HTNGXQEZZTGMDXD3FH7RSNNS,2024-04-04T21:54:23.316774787Z,01HTNGXQFM84VCAN1ZKE47XM59,2024-04-04T21:54:23.316774787Z,01HTNHN7T0TCJBRE5Y0MDP0XXE,2024-04-04T21:54:23.316774787Z,01HTNHN83EXSVMP4K7EDVVHBS6,2024-04-04T21:54:23.316774787Z,01HTNHG8CDM57YV6ZXSNZMGYBJ,2024-04-04T21:54:23.316774787Z,100,2024-04-04T21:54:42.277001758Z,100,2024-04-04T21:54:42.286096107Z,true,2024-04-04T21:54:42.550707974Z
01HTNHP5YRKP9PWP5B2XW8JQ42,01HTNGXQEZZTGMDXD3FH7RSNNS,2024-04-04T21:54:23.320613589Z,01HTNGXQFM84VCAN1ZKE47XM59,2024-04-04T21:54:23.320613589Z,01HTNHN7T0TCJBRE5Y0MDP0XXE,2024-04-04T21:54:23.320613589Z,01HTNHN83EXSVMP4K7EDVVHBS6,2024-04-04T21:54:23.320613589Z,01HTNHGKR1TMJKFY70C027G42K,2024-04-04T21:54:23.320613589Z,,,,,,
01HTNHQ3CMCB5XVS7Y1QZJ2WMY,01HTNGXQEZZTGMDXD3FH7RSNNS,2024-04-04T21:54:53.460878229Z,01HTNGXQFM84VCAN1ZKE47XM59,2024-04-04T21:54:53.460878229Z,01HTNHN7T2ZM647QVH015N4GPK,2024-04-04T21:54:53.460878229Z,01HTNHN811EGSKMP03F37VTZWS,2024-04-04T21:54:53.460878229Z,01HTNHE87VE4QG8648K41KSKVF,2024-04-04T21:54:53.460878229Z,,,,,,
01HTNHQ3CTV0J6Y6G99V5K458M,01HTNGXQEZZTGMDXD3FH7RSNNS,2024-04-04T21:54:53.466840975Z,01HTNGXQFM84VCAN1ZKE47XM59,2024-04-04T21:54:53.466840975Z,01HTNHN7T2ZM647QVH015N4GPK,2024-04-04T21:54:53.466840975Z,01HTNHN811EGSKMP03F37VTZWS,2024-04-04T21:54:53.466840975Z,01HTNHEHXQG8PXGBYS5MPQPRDP,2024-04-04T21:54:53.466840975Z,,,,,,
01HTNHQ3D2R7TXECH8BNRHE5Q8,01HTNGXQEZZTGMDXD3FH7RSNNS,2024-04-04T21:54:53.474710567Z,01HTNGXQFM84VCAN1ZKE47XM59,2024-04-04T21:54:53.474710567Z,01HTNHN7T2ZM647QVH015N4GPK,2024-04-04T21:54:53.474710567Z,01HTNHN811EGSKMP03F37VTZWS,2024-04-04T21:54:53.474710567Z,01HTNHG8CDM57YV6ZXSNZMGYBJ,2024-04-04T21:54:53.474710567Z,,,,,,
01HTNHQ3D7TXJKXYEZ1D9S6T6Z,01HTNGXQEZZTGMDXD3FH7RSNNS,2024-04-04T21:54:53.479916561Z,01HTNGXQFM84VCAN1ZKE47XM59,2024-04-04T21:54:53.479916561Z,01HTNHN7T2ZM647QVH015N4GPK,2024-04-04T21:54:53.479916561Z,01HTNHN811EGSKMP03F37VTZWS,2024-04-04T21:54:53.479916561Z,01HTNHGKR1TMJKFY70C027G42K,2024-04-04T21:54:53.479916561Z,,,,,,
01HTNHR0RJXYD7VD663FH2028S,01HTNGXQEZZTGMDXD3FH7RSNNS,2024-04-04T21:55:23.538818262Z,01HTNGXQFM84VCAN1ZKE47XM59,2024-04-04T21:55:23.538818262Z,01HTNHN7T2ZM647QVH015N4GPK,2024-04-04T21:55:23.538818262Z,01HTNHN811EGSKMP03FPBXYM8Q,2024-04-04T21:55:23.538818262Z,01HTNHE87VE4QG8648K41KSKVF,2024-04-04T21:55:23.538818262Z,,,,,,
01HTNHR0RRAANXN23V727FF4VC,01HTNGXQEZZTGMDXD3FH7RSNNS,2024-04-04T21:55:23.544115189Z,01HTNGXQFM84VCAN1ZKE47XM59,2024-04-04T21:55:23.544115189Z,01HTNHN7T2ZM647QVH015N4GPK,2024-04-04T21:55:23.544115189Z,01HTNHN811EGSKMP03FPBXYM8Q,2024-04-04T21:55:23.544115189Z,01HTNHEHXQG8PXGBYS5MPQPRDP,2024-04-04T21:55:23.544115189Z,65,2024-04-04T21:55:40.07365491Z,58,2024-04-04T21:55:40.074990262Z,true,2024-04-04T21:55:40.074579895Z
01HTNHR0RX3FM9AHV1A6PQ7V8H,01HTNGXQEZZTGMDXD3FH7RSNNS,2024-04-04T21:55:23.549583243Z,01HTNGXQFM84VCAN1ZKE47XM59,2024-04-04T21:55:23.549583243Z,01HTNHN7T2ZM647QVH015N4GPK,2024-04-04T21:55:23.549583243Z,01HTNHN811EGSKMP03FPBXYM8Q,2024-04-04T21:55:23.549583243Z,01HTNHG8CDM57YV6ZXSNZMGYBJ,2024-04-04T21:55:23.549583243Z,,,,,,
01HTNHR0S21TWSSMQZV7VJA9T0,01HTNGXQEZZTGMDXD3FH7RSNNS,2024-04-04T21:55:23.554409472Z,01HTNGXQFM84VCAN1ZKE47XM59,2024-04-04T21:55:23.554409472Z,01HTNHN7T2ZM647QVH015N4GPK,2024-04-04T21:55:23.554409472Z,01HTNHN811EGSKMP03FPBXYM8Q,2024-04-04T21:55:23.554409472Z,01HTNHGKR1TMJKFY70C027G42K,2024-04-04T21:55:23.554409472Z,,,,,,
01HTNHRY5RT46JB440W4YE8W1N,01HTNGXQEZZTGMDXD3FH7RSNNS,2024-04-04T21:55:53.656361256Z,01HTNGXQFM84VCAN1ZKE47XM59,2024-04-04T21:55:53.656361256Z,01HTNHN7T2ZM647QVH0MWFSW3D,2024-04-04T21:55:53.656361256Z,01HTNHN80RSQN8MKD0851SQY59,2024-04-04T21:55:53.656361256Z,01HTNHE87VE4QG8648K41KSKVF,2024-04-04T21:55:53.656361256Z,,,,,,
01HTNHRY5YPYX4D3P6AWPPZ9K7,01HTNGXQEZZTGMDXD3FH7RSNNS,2024-04-04T21:55:53.662764221Z,01HTNGXQFM84VCAN1ZKE47XM59,2024-04-04T21:55:53.662764221Z,01HTNHN7T2ZM647QVH0MWFSW3D,2024-04-04T21:55:53.662764221Z,01HTNHN80RSQN8MKD0851SQY59,2024-04-04T21:55:53.662764221Z,01HTNHEHXQG8PXGBYS5MPQPRDP,2024-04-04T21:55:53.662764221Z,,,,,,
01HTNHRY651760ZAG4F51YZ6YS,01HTNGXQEZZTGMDXD3FH7RSNNS,2024-04-04T21:55:53.669100155Z,01HTNGXQFM84VCAN1ZKE47XM59,2024-04-04T21:55:53.669100155Z,01HTNHN7T2ZM647QVH0MWFSW3D,2024-04-04T21:55:53.669100155Z,01HTNHN80RSQN8MKD0851SQY59,2024-04-04T21:55:53.669100155Z,01HTNHG8CDM57YV6ZXSNZMGYBJ,2024-04-04T21:55:53.669100155Z,,,,,,
01HTNHRY6958TB0MD2GV4BFEEF,01HTNGXQEZZTGMDXD3FH7RSNNS,2024-04-04T21:55:53.673445807Z,01HTNGXQFM84VCAN1ZKE47XM59,2024-04-04T21:55:53.673445807Z,01HTNHN7T2ZM647QVH0MWFSW3D,2024-04-04T21:55:53.673445807Z,01HTNHN80RSQN8MKD0851SQY59,2024-04-04T21:55:53.673445807Z,01HTNHGKR1TMJKFY70C027G42K,2024-04-04T21:55:53.673445807Z,,,,,,
01HTNHSVH80SP9ZEEV8DA6Q42J,01HTNGXQEZZTGMDXD3FH7RSNNS,2024-04-04T21:56:23.720283948Z,01HTNGXQFM84VCAN1ZKE47XM59,2024-04-04T21:56:23.720283948Z,01HTNHN7T2ZM647QVH0MWFSW3D,2024-04-04T21:56:23.720283948Z,01HTNHN80RSQN8MKD08Q2E67FT,2024-04-04T21:56:23.720283948Z,01HTNHE87VE4QG8648K41KSKVF,2024-04-04T21:56:23.720283948Z,,,,,,
01HTNHSVHCJTVEC7K86H0GGX0C,01HTNGXQEZZTGMDXD3FH7RSNNS,2024-04-04T21:56:23.724921584Z,01HTNGXQFM84VCAN1ZKE47XM59,2024-04-04T21:56:23.724921584Z,01HTNHN7T2ZM647QVH0MWFSW3D,2024-04-04T21:56:23.724921584Z,01HTNHN80RSQN8MKD08Q2E67FT,2024-04-04T21:56:23.724921584Z,01HTNHEHXQG8PXGBYS5MPQPRDP,2024-04-04T21:56:23.724921584Z,50,2024-04-04T21:56:34.607849888Z,49,2024-04-04T21:56:34.608564788Z,true,2024-04-04T21:56:34.699918204Z
01HTNHSVHGXX30V66AHXN47BCX,01HTNGXQEZZTGMDXD3FH7RSNNS,2024-04-04T21:56:23.728777918Z,01HTNGXQFM84VCAN1ZKE47XM59,2024-04-04T21:56:23.728777918Z,01HTNHN7T2ZM647QVH0MWFSW3D,2024-04-04T21:56:23.728777918Z,01HTNHN80RSQN8MKD08Q2E67FT,2024-04-04T21:56:23.728777918Z,01HTNHG8CDM57YV6ZXSNZMGYBJ,2024-04-04T21:56:23.728777918Z,,,,,,
01HTNHSVHTQAVMZ1ZQ6KX7NYWQ,01HTNGXQEZZTGMDXD3FH7RSNNS,2024-04-04T21:56:23.738494058Z,01HTNGXQFM84VCAN1ZKE47XM59,2024-04-04T21:56:23.738494058Z,01HTNHN7T2ZM647QVH0MWFSW3D,2024-04-04T21:56:23.738494058Z,01HTNHN80RSQN8MKD08Q2E67FT,2024-04-04T21:56:23.738494058Z,01HTNHGKR1TMJKFY70C027G42K,2024-04-04T21:56:23.738494058Z,,,,,,
01HTNHTRZ71R392J32WBHH44KY,01HTNGXQEZZTGMDXD3FH7RSNNS,2024-04-04T21:56:53.86310356Z,01HTNGXQFM84VCAN1ZKE47XM59,2024-04-04T21:56:53.86310356Z,01HTNHN7T2ZM647QVH110WY0EA,2024-04-04T21:56:53.86310356Z,01HTNHN80TR8N2SFWJCQ6A4XG7,2024-04-04T21:56:53.86310356Z,01HTNHE87VE4QG8648K41KSKVF,2024-04-04T21:56:53.86310356Z,,,,,,
01HTNHTRZBYM4HGEC7M5C8SB28,01HTNGXQEZZTGMDXD3FH7RSNNS,2024-04-04T21:56:53.86760819Z,01HTNGXQFM84VCAN1ZKE47XM59,2024-04-04T21:56:53.86760819Z,01HTNHN7T2ZM647QVH110WY0EA,2024-04-04T21:56:53.86760819Z,01HTNHN80TR8N2SFWJCQ6A4XG7,2024-04-04T21:56:53.86760819Z,01HTNHEHXQG8PXGBYS5MPQPRDP,2024-04-04T21:56:53.86760819Z,,,,,,
01HTNHTRZF9SEWRD55F4X4WBEE,01HTNGXQEZZTGMDXD3FH7RSNNS,2024-04-04T21:56:53.871959942Z,01HTNGXQFM84VCAN1ZKE47XM59,2024-04-04T21:56:53.871959942Z,01HTNHN7T2ZM647QVH110WY0EA,2024-04-04T21:56:53.871959942Z,01HTNHN80TR8N2SFWJCQ6A4XG7,2024-04-04T21:56:53.871959942Z,01HTNHG8CDM57YV6ZXSNZMGYBJ,2024-04-04T21:56:53.871959942Z,,,,,,
01HTNHTRZM194AKNVPAK3281HJ,01HTNGXQEZZTGMDXD3FH7RSNNS,2024-04-04T21:56:53.877022123Z,01HTNGXQFM84VCAN1ZKE47XM59,2024-04-04T21:56:53.877022123Z,01HTNHN7T2ZM647QVH110WY0EA,2024-04-04T21:56:53.877022123Z,01HTNHN80TR8N2SFWJCQ6A4XG7,2024-04-04T21:56:53.877022123Z,01HTNHGKR1TMJKFY70C027G42K,2024-04-04T21:56:53.877022123Z,,,,,,
01HTNHVPARRCT41QYR02WYPZ6C,01HTNGXQEZZTGMDXD3FH7RSNNS,2024-04-04T21:57:23.928996851Z,01HTNGXQFM84VCAN1ZKE47XM59,2024-04-04T21:57:23.928996851Z,01HTNHN7T2ZM647QVH110WY0EA,2024-04-04T21:57:23.928996851Z,01HTNHN80TR8N2SFWJDAP48VVV,2024-04-04T21:57:23.928996851Z,01HTNHE87VE4QG8648K41KSKVF,2024-04-04T21:57:23.928996851Z,,,,,,
01HTNHVPB32V9JDBHC9P3XSD7M,01HTNGXQEZZTGMDXD3FH7RSNNS,2024-04-04T21:57:23.94000538Z,01HTNGXQFM84VCAN1ZKE47XM59,2024-04-04T21:57:23.94000538Z,01HTNHN7T2ZM647QVH110WY0EA,2024-04-04T21:57:23.94000538Z,01HTNHN80TR8N2SFWJDAP48VVV,2024-04-04T21:57:23.94000538Z,01HTNHEHXQG8PXGBYS5MPQPRDP,2024-04-04T21:57:23.94000538Z,71,2024-04-04T21:57:29.101634076Z,65,2024-04-04T21:57:29.102308788Z,true,2024-04-04T21:57:29.194893447Z
01HTNHVPB9BPVNJ9VQJR7X656N,01HTNGXQEZZTGMDXD3FH7RSNNS,2024-04-04T21:57:23.945937866Z,01HTNGXQFM84VCAN1ZKE47XM59,2024-04-04T21:57:23.945937866Z,01HTNHN7T2ZM647QVH110WY0EA,2024-04-04T21:57:23.945937866Z,01HTNHN80TR8N2SFWJDAP48VVV,2024-04-04T21:57:23.945937866Z,01HTNHG8CDM57YV6ZXSNZMGYBJ,2024-04-04T21:57:23.945937866Z,,,,,,
01HTNHVPBH6R3FSHPR3K7NDE3N,01HTNGXQEZZTGMDXD3FH7RSNNS,2024-04-04T21:57:23.953349246Z,01HTNGXQFM84VCAN1ZKE47XM59,2024-04-04T21:57:23.953349246Z,01HTNHN7T2ZM647QVH110WY0EA,2024-04-04T21:57:23.953349246Z,01HTNHN80TR8N2SFWJDAP48VVV,2024-04-04T21:57:23.953349246Z,01HTNHGKR1TMJKFY70C027G42K,2024-04-04T21:57:23.953349246Z,,,,,,
01HTNHWKRF6CHE978NJ0D6ZRNW,01HTNGXQEZZTGMDXD3FH7RSNNS,2024-04-04T21:57:54.063914166Z,01HTNGXQFM84VCAN1ZKE47XM59,2024-04-04T21:57:54.063914166Z,01HTNHN7T4W565TX521SVQBVCJ,2024-04-04T21:57:54.063914166Z,01HTNHN83ARFE4R8QD8EM2XGE5,2024-04-04T21:57:54.063914166Z,01HTNHE87VE4QG8648K41KSKVF,2024-04-04T21:57:54.063914166Z,,,,,,
01HTNHWKRMDN3GGVJ0GHMSKWSW,01HTNGXQEZZTGMDXD3FH7RSNNS,2024-04-04T21:57:54.068080124Z,01HTNGXQFM84VCAN1ZKE47XM59,2024-04-04T21:57:54.068080124Z,01HTNHN7T4W565TX521SVQBVCJ,2024-04-04T21:57:54.068080124Z,01HTNHN83ARFE4R8QD8EM2XGE5,2024-04-04T21:57:54.068080124Z,01HTNHEHXQG8PXGBYS5MPQPRDP,2024-04-04T21:57:54.068080124Z,,,,,,
01HTNHWKRRBFAYAJ8H61896AW1,01HTNGXQEZZTGMDXD3FH7RSNNS,2024-04-04T21:57:54.07284731Z,01HTNGXQFM84VCAN1ZKE47XM59,2024-04-04T21:57:54.07284731Z,01HTNHN7T4W565TX521SVQBVCJ,2024-04-04T21:57:54.07284731Z,01HTNHN83ARFE4R8QD8EM2XGE5,2024-04-04T21:57:54.07284731Z,01HTNHG8CDM57YV6ZXSNZMGYBJ,2024-04-04T21:57:54.07284731Z,,,,,,
01HTNHWKRX0FTJ575JS2G6Y6D0,01HTNGXQEZZTGMDXD3FH7RSNNS,2024-04-04T21:57:54.077194213Z,01HTNGXQFM84VCAN1ZKE47XM59,2024-04-04T21:57:54.077194213Z,01HTNHN7T4W565TX521SVQBVCJ,2024-04-04T21:57:54.077194213Z,01HTNHN83ARFE4R8QD8EM2XGE5,2024-04-04T21:57:54.077194213Z,01HTNHGKR1TMJKFY70C027G42K,2024-04-04T21:57:54.077194213Z,,,,,,
01HTNHXH3P30WTH42GEFQWF40X,01HTNGXQEZZTGMDXD3FH7RSNNS,2024-04-04T21:58:24.118616167Z,01HTNGXQFM84VCAN1ZKE47XM59,2024-04-04T21:58:24.118616167Z,01HTNHN7T4W565TX521SVQBVCJ,2024-04-04T21:58:24.118616167Z,01HTNHN83ARFE4R8QD97EKPS60,2024-04-04T21:58:24.118616167Z,01HTNHE87VE4QG8648K41KSKVF,2024-04-04T21:58:24.118616167Z,,,,,,
01HTNHXH3WK2ED11MVN9RP8388,01HTNGXQEZZTGMDXD3FH7RSNNS,2024-04-04T21:58:24.124708364Z,01HTNGXQFM84VCAN1ZKE47XM59,2024-04-04T21:58:24.124708364Z,01HTNHN7T4W565TX521SVQBVCJ,2024-04-04T21:58:24.124708364Z,01HTNHN83ARFE4R8QD97EKPS60,2024-04-04T21:58:24.124708364Z,01HTNHEHXQG8PXGBYS5MPQPRDP,2024-04-04T21:58:24.124708364Z,69,2024-04-04T21:58:30.457737949Z,52,2024-04-04T21:58:30.458240244Z,true,2024-04-04T21:58:30.56270896Z
01HTNHXH419K7HDHZWQ61A28ZH,01HTNGXQEZZTGMDXD3FH7RSNNS,2024-04-04T21:58:24.129739268Z,01HTNGXQFM84VCAN1ZKE47XM59,2024-04-04T21:58:24.129739268Z,01HTNHN7T4W565TX521SVQBVCJ,2024-04-04T21:58:24.129739268Z,01HTNHN83ARFE4R8QD97EKPS60,2024-04-04T21:58:24.129739268Z,01HTNHG8CDM57YV6ZXSNZMGYBJ,2024-04-04T21:58:24.129739268Z,,,,,,
01HTNHXH46VJGNRA9V347SJQXD,01HTNGXQEZZTGMDXD3FH7RSNNS,2024-04-04T21:58:24.134541659Z,01HTNGXQFM84VCAN1ZKE47XM59,2024-04-04T21:58:24.134541659Z,01HTNHN7T4W565TX521SVQBVCJ,2024-04-04T21:58:24.134541659Z,01HTNHN83ARFE4R8QD97EKPS60,2024-04-04T21:58:24.134541659Z,01HTNHGKR1TMJKFY70C027G42K,2024-04-04T21:58:24.134541659Z,,,,,,
01HTNHYEHD8XVMVFW05FC72F6H,01HTNGXQEZZTGMDXD3FH7RSNNS,2024-04-04T21:58:54.253305141Z,01HTNGXQFM84VCAN1ZKE47XM59,2024-04-04T21:58:54.253305141Z,01HTNHN7T37G3HQ7TM5WGDT0M5,2024-04-04T21:58:54.253305141Z,01HTNHN80YZBXH24JH2CSKN8DY,2024-04-04T21:58:54.253305141Z,01HTNHE87VE4QG8648K41KSKVF,2024-04-04T21:58:54.253305141Z,,,,,,
01HTNHYEHKXM2Y57MQ35ZJQ5FY,01HTNGXQEZZTGMDXD3FH7RSNNS,2024-04-04T21:58:54.260019453Z,01HTNGXQFM84VCAN1ZKE47XM59,2024-04-04T21:58:54.260019453Z,01HTNHN7T37G3HQ7TM5WGDT0M5,2024-04-04T21:58:54.260019453Z,01HTNHN80YZBXH24JH2CSKN8DY,2024-04-04T21:58:54.260019453Z,01HTNHEHXQG8PXGBYS5MPQPRDP,2024-04-04T21:58:54.260019453Z,,,,,,
01HTNHYEHSYEAR05MEPPN971K8,01HTNGXQEZZTGMDXD3FH7RSNNS,2024-04-04T21:58:54.265636333Z,01HTNGXQFM84VCAN1ZKE47XM59,2024-04-04T21:58:54.265636333Z,01HTNHN7T37G3HQ7TM5WGDT0M5,2024-04-04T21:58:54.265636333Z,01HTNHN80YZBXH24JH2CSKN8DY,2024-04-04T21:58:54.265636333Z,01HTNHG8CDM57YV6ZXSNZMGYBJ,2024-04-04T21:58:54.265636333Z,,,,,,
01HTNHYEJ0PG1TNH71ZF68JKG8,01HTNGXQEZZTGMDXD3FH7RSNNS,2024-04-04T21:58:54.272908322Z,01HTNGXQFM84VCAN1ZKE47XM59,2024-04-04T21:58:54.272908322Z,01HTNHN7T37G3HQ7TM5WGDT0M5,2024-04-04T21:58:54.272908322Z,01HTNHN80YZBXH24JH2CSKN8DY,2024-04-04T21:58:54.272908322Z,01HTNHGKR1TMJKFY70C027G42K,2024-04-04T21:58:54.272908322Z,,,,,,
01HTNHZBXBH1ACF081PR2E91MV,01HTNGXQEZZTGMDXD3FH7RSNNS,2024-04-04T21:59:24.331296605Z,01HTNGXQFM84VCAN1ZKE47XM59,2024-04-04T21:59:24.331296605Z,01HTNHN7T37G3HQ7TM5WGDT0M5,2024-04-04T21:59:24.331296605Z,01HTNHN80Z3T2G6VMSVYTRQ55D,2024-04-04T21:59:24.331296605Z,01HTNHE87VE4QG8648K41KSKVF,2024-04-04T21:59:24.331296605Z,,,,,,
01HTNHZBXG84SK52BH35HAZSBP,01HTNGXQEZZTGMDXD3FH7RSNNS,2024-04-04T21:59:24.336701079Z,01HTNGXQFM84VCAN1ZKE47XM59,2024-04-04T21:59:24.336701079Z,01HTNHN7T37G3HQ7TM5WGDT0M5,2024-04-04T21:59:24.336701079Z,01HTNHN80Z3T2G6VMSVYTRQ55D,2024-04-04T21:59:24.336701079Z,01HTNHEHXQG8PXGBYS5MPQPRDP,2024-04-04T21:59:24.336701079Z,,,,,,
01HTNHZBXRSFTFADF9QS0DW99F,01HTNGXQEZZTGMDXD3FH7RSNNS,2024-04-04T21:59:24.344258138Z,01HTNGXQFM84VCAN1ZKE47XM59,2024-04-04T21:59:24.344258138Z,01HTNHN7T37G3HQ7TM5WGDT0M5,2024-04-04T21:59:24.344258138Z,01HTNHN80Z3T2G6VMSVYTRQ55D,2024-04-04T21:59:24.344258138Z,01HTNHG8CDM57YV6ZXSNZMGYBJ,2024-04-04T21:59:24.344258138Z,,,,,,
01HTNHZBXY2W32QC2YH62VQFCR,01HTNGXQEZZTGMDXD3FH7RSNNS,2024-04-04T21:59:24.350476033Z,01HTNGXQFM84VCAN1ZKE47XM59,2024-04-04T21:59:24.350476033Z,01HTNHN7T37G3HQ7TM5WGDT0M5,2024-04-04T21:59:24.350476033Z,01HTNHN80Z3T2G6VMSVYTRQ55D,2024-04-04T21:59:24.350476033Z,01HTNHGKR1TMJKFY70C027G42K,2024-04-04T21:59:24.350476033Z,,,,,,
01HTNJ09B08EGQMNNEV4ETWVF8,01HTNGXQEZZTGMDXD3FH7RSNNS,2024-04-04T21:59:54.46415535Z,01HTNGXQFM84VCAN1ZKE47XM59,2024-04-04T21:59:54.46415535Z,01HTNHN7T37G3HQ7TM56S9AT7R,2024-04-04T21:59:54.46415535Z,01HTNHN8142XXMCWX935RPYYGG,2024-04-04T21:59:54.46415535Z,01HTNHE87VE4QG8648K41KSKVF,2024-04-04T21:59:54.46415535Z,,,,,,
01HTNJ09B7RZ9HZWQR891SXDH9,01HTNGXQEZZTGMDXD3FH7RSNNS,2024-04-04T21:59:54.471386458Z,01HTNGXQFM84VCAN1ZKE47XM59,2024-04-04T21:59:54.471386458Z,01HTNHN7T37G3HQ7TM56S9AT7R,2024-04-04T21:59:54.471386458Z,01HTNHN8142XXMCWX935RPYYGG,2024-04-04T21:59:54.471386458Z,01HTNHEHXQG8PXGBYS5MPQPRDP,2024-04-04T21:59:54.471386458Z,,,,,,
01HTNJ09BC70DMJ632ZTPM03VF,01HTNGXQEZZTGMDXD3FH7RSNNS,2024-04-04T21:59:54.47677293Z,01HTNGXQFM84VCAN1ZKE47XM59,2024-04-04T21:59:54.47677293Z,01HTNHN7T37G3HQ7TM56S9AT7R,2024-04-04T21:59:54.47677293Z,01HTNHN8142XXMCWX935RPYYGG,2024-04-04T21:59:54.47677293Z,01HTNHG8CDM57YV6ZXSNZMGYBJ,2024-04-04T21:59:54.47677293Z,,,,,,
01HTNJ09BK4R2MBBKVKVN6WR04,01HTNGXQEZZTGMDXD3FH7RSNNS,2024-04-04T21:59:54.48400063Z,01HTNGXQFM84VCAN1ZKE47XM59,2024-04-04T21:59:54.48400063Z,01HTNHN7T37G3HQ7TM56S9AT7R,2024-04-04T21:59:54.48400063Z,01HTNHN8142XXMCWX935RPYYGG,2024-04-04T21:59:54.48400063Z,01HTNHGKR1TMJKFY70C027G42K,2024-04-04T21:59:54.48400063Z,,,,,,
01HTNJ16PN6HGQ2T2KDGP7TXBZ,01HTNGXQEZZTGMDXD3FH7RSNNS,2024-04-04T22:00:24.533628002Z,01HTNGXQFM84VCAN1ZKE47XM59,2024-04-04T22:00:24.533628002Z,01HTNHN7T37G3HQ7TM56S9AT7R,2024-04-04T22:00:24.533628002Z,01HTNHN8142XXMCWX93R2AJMGP,2024-04-04T22:00:24.533628002Z,01HTNHE87VE4QG8648K41KSKVF,2024-04-04T22:00:24.533628002Z,,,,,,
01HTNJ16PY982FXZJBVCS3VVMB,01HTNGXQEZZTGMDXD3FH7RSNNS,2024-04-04T22:00:24.542503094Z,01HTNGXQFM84VCAN1ZKE47XM59,2024-04-04T22:00:24.542503094Z,01HTNHN7T37G3HQ7TM56S9AT7R,2024-04-04T22:00:24.542503094Z,01HTNHN8142XXMCWX93R2AJMGP,2024-04-04T22:00:24.542503094Z,01HTNHEHXQG8PXGBYS5MPQPRDP,2024-04-04T22:00:24.542503094Z,,,,,,
01HTNJ16Q32P69R5RS3X9YY7AZ,01HTNGXQEZZTGMDXD3FH7RSNNS,2024-04-04T22:00:24.547355191Z,01HTNGXQFM84VCAN1ZKE47XM59,2024-04-04T22:00:24.547355191Z,01HTNHN7T37G3HQ7TM56S9AT7R,2024-04-04T22:00:24.547355191Z,01HTNHN8142XXMCWX93R2AJMGP,2024-04-04T22:00:24.547355191Z,01HTNHG8CDM57YV6ZXSNZMGYBJ,2024-04-04T22:00:24.547355191Z,,,,,,
01HTNJ16QAKERVYCJK0HHAFXRT,01HTNGXQEZZTGMDXD3FH7RSNNS,2024-04-04T22:00:24.554423546Z,01HTNGXQFM84VCAN1ZKE47XM59,2024-04-04T22:00:24.554423546Z,01HTNHN7T37G3HQ7TM56S9AT7R,2024-04-04T22:00:24.554423546Z,01HTNHN8142XXMCWX93R2AJMGP,2024-04-04T22:00:24.554423546Z,01HTNHGKR1TMJKFY70C027G42K,2024-04-04T22:00:24.554423546Z,,,,,,
01HTNJ244R9542SMQ80V7P51XG,01HTNGXQEZZTGMDXD3FH7RSNNS,2024-04-04T22:00:54.680144692Z,01HTNGXQFM84VCAN1ZKE47XM59,2024-04-04T22:00:54.680144692Z,01HTNHN7T8VRPNNGEXRM6KYT6G,2024-04-04T22:00:54.680144692Z,01HTNHN83D9JB8TBSQNFFT394G,2024-04-04T22:00:54.680144692Z,01HTNHE87VE4QG8648K41KSKVF,2024-04-04T22:00:54.680144692Z,,,,,,
01HTNJ244ZSHE9M8AQZEEV3RYM,01HTNGXQEZZTGMDXD3FH7RSNNS,2024-04-04T22:00:54.687493584Z,01HTNGXQFM84VCAN1ZKE47XM59,2024-04-04T22:00:54.687493584Z,01HTNHN7T8VRPNNGEXRM6KYT6G,2024-04-04T22:00:54.687493584Z,01HTNHN83D9JB8TBSQNFFT394G,2024-04-04T22:00:54.687493584Z,01HTNHEHXQG8PXGBYS5MPQPRDP,2024-04-04T22:00:54.687493584Z,,,,,,
01HTNJ2455F3TAPVPYQNCJP256,01HTNGXQEZZTGMDXD3FH7RSNNS,2024-04-04T22:00:54.69334905Z,01HTNGXQFM84VCAN1ZKE47XM59,2024-04-04T22:00:54.69334905Z,01HTNHN7T8VRPNNGEXRM6KYT6G,2024-04-04T22:00:54.69334905Z,01HTNHN83D9JB8TBSQNFFT394G,2024-04-04T22:00:54.69334905Z,01HTNHG8CDM57YV6ZXSNZMGYBJ,2024-04-04T22:00:54.69334905Z,,,,,,
01HTNJ245FM300P6KFPN63XTF2,01HTNGXQEZZTGMDXD3FH7RSNNS,2024-04-04T22:00:54.703688382Z,01HTNGXQFM84VCAN1ZKE47XM59,2024-04-04T22:00:54.703688382Z,01HTNHN7T8VRPNNGEXRM6KYT6G,2024-04-04T22:00:54.703688382Z,01HTNHN83D9JB8TBSQNFFT394G,2024-04-04T22:00:54.703688382Z,01HTNHGKR1TMJKFY70C027G42K,2024-04-04T22:00:54.703688382Z,,,,,,
01HTNJ31GNPRPZQVBBBHHCYQKQ,01HTNGXQEZZTGMDXD3FH7RSNNS,2024-04-04T22:01:24.757596161Z,01HTNGXQFM84VCAN1ZKE47XM59,2024-04-04T22:01:24.757596161Z,01HTNHN7T8VRPNNGEXRM6KYT6G,2024-04-04T22:01:24.757596161Z,01HTNHN83D9JB8TBSQNYZXEM3T,2024-04-04T22:01:24.757596161Z,01HTNHE87VE4QG8648K41KSKVF,2024-04-04T22:01:24.757596161Z,,,,,,
01HTNJ31GT9556X04XHR6XJSQB,01HTNGXQEZZTGMDXD3FH7RSNNS,2024-04-04T22:01:24.762719823Z,01HTNGXQFM84VCAN1ZKE47XM59,2024-04-04T22:01:24.762719823Z,01HTNHN7T8VRPNNGEXRM6KYT6G,2024-04-04T22:01:24.762719823Z,01HTNHN83D9JB8TBSQNYZXEM3T,2024-04-04T22:01:24.762719823Z,01HTNHEHXQG8PXGBYS5MPQPRDP,2024-04-04T22:01:24.762719823Z,,,,,,
01HTNJ31H1PANMPKFFHYKM3W5S,01HTNGXQEZZTGMDXD3FH7RSNNS,2024-04-04T22:01:24.769063854Z,01HTNGXQFM84VCAN1ZKE47XM59,2024-04-04T22:01:24.769063854Z,01HTNHN7T8VRPNNGEXRM6KYT6G,2024-04-04T22:01:24.769063854Z,01HTNHN83D9JB8TBSQNYZXEM3T,2024-04-04T22:01:24.769063854Z,01HTNHG8CDM57YV6ZXSNZMGYBJ,2024-04-04T22:01:24.769063854Z,,,,,,
01HTNJ31H6B2BJE1H7THBN6CKK,01HTNGXQEZZTGMDXD3FH7RSNNS,2024-04-04T22:01:24.774780149Z,01HTNGXQFM84VCAN1ZKE47XM59,2024-04-04T22:01:24.774780149Z,01HTNHN7T8VRPNNGEXRM6KYT6G,2024-04-04T22:01:24.774780149Z,01HTNHN83D9JB8TBSQNYZXEM3T,2024-04-04T22:01:24.774780149Z,01HTNHGKR1TMJKFY70C027G42K,2024-04-04T22:01:24.774780149Z,,,,,,
01HTNJ3YYDP8YX9WY2JH0VS6W0,01HTNGXQEZZTGMDXD3FH7RSNNS,2024-04-04T22:01:54.893875036Z,01HTNGXQFM84VCAN1ZKE47XM59,2024-04-04T22:01:54.893875036Z,01HTNHN7T7G2530F7VQ2HSZY5K,2024-04-04T22:01:54.893875036Z,01HTNHN85FCBV7QRJXQ865T7A7,2024-04-04T22:01:54.893875036Z,01HTNHE87VE4QG8648K41KSKVF,2024-04-04T22:01:54.893875036Z,,,,,,
01HTNJ3YYKN150YJ5P2WQX5Y05,01HTNGXQEZZTGMDXD3FH7RSNNS,2024-04-04T22:01:54.899979691Z,01HTNGXQFM84VCAN1ZKE47XM59,2024-04-04T22:01:54.899979691Z,01HTNHN7T7G2530F7VQ2HSZY5K,2024-04-04T22:01:54.899979691Z,01HTNHN85FCBV7QRJXQ865T7A7,2024-04-04T22:01:54.899979691Z,01HTNHEHXQG8PXGBYS5MPQPRDP,2024-04-04T22:01:54.899979691Z,,,,,,
01HTNJ3YYS55V2XB3PKTPPCP09,01HTNGXQEZZTGMDXD3FH7RSNNS,2024-04-04T22:01:54.905047777Z,01HTNGXQFM84VCAN1ZKE47XM59,2024-04-04T22:01:54.905047777Z,01HTNHN7T7G2530F7VQ2HSZY5K,2024-04-04T22:01:54.905047777Z,01HTNHN85FCBV7QRJXQ865T7A7,2024-04-04T22:01:54.905047777Z,01HTNHG8CDM57YV6ZXSNZMGYBJ,2024-04-04T22:01:54.905047777Z,,,,,,
01HTNJ3YYYABNSJB8P543XJ4SX,01HTNGXQEZZTGMDXD3FH7RSNNS,2024-04-04T22:01:54.910044339Z,01HTNGXQFM84VCAN1ZKE47XM59,2024-04-04T22:01:54.910044339Z,01HTNHN7T7G2530F7VQ2HSZY5K,2024-04-04T22:01:54.910044339Z,01HTNHN85FCBV7QRJXQ865T7A7,2024-04-04T22:01:54.910044339Z,01HTNHGKR1TMJKFY70C027G42K,2024-04-04T22:01:54.910044339Z,,,,,,
01HTNJ4W9NZ976J0YT6QSBNF4Z,01HTNGXQEZZTGMDXD3FH7RSNNS,2024-04-04T22:02:24.949631949Z,01HTNGXQFM84VCAN1ZKE47XM59,2024-04-04T22:02:24.949631949Z,01HTNHN7T7G2530F7VQ2HSZY5K,2024-04-04T22:02:24.949631949Z,01HTNHN85GC8PVC9YP4X6TDJTF,2024-04-04T22:02:24.949631949Z,01HTNHE87VE4QG8648K41KSKVF,2024-04-04T22:02:24.949631949Z,,,,,,
01HTNJ4W9VECQAYSJTT5QDEQ5R,01HTNGXQEZZTGMDXD3FH7RSNNS,2024-04-04T22:02:24.955917617Z,01HTNGXQFM84VCAN1ZKE47XM59,2024-04-04T22:02:24.955917617Z,01HTNHN7T7G2530F7VQ2HSZY5K,2024-04-04T22:02:24.955917617Z,01HTNHN85GC8PVC9YP4X6TDJTF,2024-04-04T22:02:24.955917617Z,01HTNHEHXQG8PXGBYS5MPQPRDP,2024-04-04T22:02:24.955917617Z,,,,,,
01HTNJ4WA4Y2RT6ZGE5DJHYY92,01HTNGXQEZZTGMDXD3FH7RSNNS,2024-04-04T22:02:24.964177831Z,01HTNGXQFM84VCAN1ZKE47XM59,2024-04-04T22:02:24.964177831Z,01HTNHN7T7G2530F7VQ2HSZY5K,2024-04-04T22:02:24.964177831Z,01HTNHN85GC8PVC9YP4X6TDJTF,2024-04-04T22:02:24.964177831Z,01HTNHG8CDM57YV6ZXSNZMGYBJ,2024-04-04T22:02:24.964177831Z,,,,,,
01HTNJ4WA9P3VEYFB5QSZHGHHM,01HTNGXQEZZTGMDXD3FH7RSNNS,2024-04-04T22:02:24.969822351Z,01HTNGXQFM84VCAN1ZKE47XM59,2024-04-04T22:02:24.969822351Z,01HTNHN7T7G2530F7VQ2HSZY5K,2024-04-04T22:02:24.969822351Z,01HTNHN85GC8PVC9YP4X6TDJTF,2024-04-04T22:02:24.969822351Z,01HTNHGKR1TMJKFY70C027G42K,2024-04-04T22:02:24.969822351Z,,,,,,
01HTNJ5SQJZHSY4TB3Z1Z8SAK1,01HTNGXQEZZTGMDXD3FH7RSNNS,2024-04-04T22:02:55.090374997Z,01HTNGXQFM84VCAN1ZKE47XM59,2024-04-04T22:02:55.090374997Z,01HTNHN7T6G4S03V2ZGY7E809P,2024-04-04T22:02:55.090374997Z,01HTNHN81CKVE4EA1S46HVWNNX,2024-04-04T22:02:55.090374997Z,01HTNHE87VE4QG8648K41KSKVF,2024-04-04T22:02:55.090374997Z,,,,,,
01HTNJ5SQTPQMEV41RWK9EVXG8,01HTNGXQEZZTGMDXD3FH7RSNNS,2024-04-04T22:02:55.098260479Z,01HTNGXQFM84VCAN1ZKE47XM59,2024-04-04T22:02:55.098260479Z,01HTNHN7T6G4S03V2ZGY7E809P,2024-04-04T22:02:55.098260479Z,01HTNHN81CKVE4EA1S46HVWNNX,2024-04-04T22:02:55.098260479Z,01HTNHEHXQG8PXGBYS5MPQPRDP,2024-04-04T22:02:55.098260479Z,,,,,,
01HTNJ5SQZ53STJX3K5VD7GFFM,01HTNGXQEZZTGMDXD3FH7RSNNS,2024-04-04T22:02:55.103350435Z,01HTNGXQFM84VCAN1ZKE47XM59,2024-04-04T22:02:55.103350435Z,01HTNHN7T6G4S03V2ZGY7E809P,2024-04-04T22:02:55.103350435Z,01HTNHN81CKVE4EA1S46HVWNNX,2024-04-04T22:02:55.103350435Z,01HTNHG8CDM57YV6ZXSNZMGYBJ,2024-04-04T22:02:55.103350435Z,,,,,,
01HTNJ5SR5XFK8S9S2530TKEPZ,01HTNGXQEZZTGMDXD3FH7RSNNS,2024-04-04T22:02:55.109938662Z,01HTNGXQFM84VCAN1ZKE47XM59,2024-04-04T22:02:55.109938662Z,01HTNHN7T6G4S03V2ZGY7E809P,2024-04-04T22:02:55.109938662Z,01HTNHN81CKVE4EA1S46HVWNNX,2024-04-04T22:02:55.109938662Z,01HTNHGKR1TMJKFY70C027G42K,2024-04-04T22:02:55.109938662Z,,,,,,
01HTNJ6Q36YX456VA3ME29HT4P,01HTNGXQEZZTGMDXD3FH7RSNNS,2024-04-04T22:03:25.158630522Z,01HTNGXQFM84VCAN1ZKE47XM59,2024-04-04T22:03:25.158630522Z,01HTNHN7T6G4S03V2ZGY7E809P,2024-04-04T22:03:25.158630522Z,01HTNHN81CKVE4EA1S4VK6HA5X,2024-04-04T22:03:25.158630522Z,01HTNHE87VE4QG8648K41KSKVF,2024-04-04T22:03:25.158630522Z,,,,,,
01HTNJ6Q3CCPXTF7AS9YV4F5D4,01HTNGXQEZZTGMDXD3FH7RSNNS,2024-04-04T22:03:25.164950075Z,01HTNGXQFM84VCAN1ZKE47XM59,2024-04-04T22:03:25.164950075Z,01HTNHN7T6G4S03V2ZGY7E809P,2024-04-04T22:03:25.164950075Z,01HTNHN81CKVE4EA1S4VK6HA5X,2024-04-04T22:03:25.164950075Z,01HTNHEHXQG8PXGBYS5MPQPRDP,2024-04-04T22:03:25.164950075Z,,,,,,
01HTNJ6Q3JDFWC3XPHTEED9SSB,01HTNGXQEZZTGMDXD3FH7RSNNS,2024-04-04T22:03:25.170977743Z,01HTNGXQFM84VCAN1ZKE47XM59,2024-04-04T22:03:25.170977743Z,01HTNHN7T6G4S03V2ZGY7E809P,2024-04-04T22:03:25.170977743Z,01HTNHN81CKVE4EA1S4VK6HA5X,2024-04-04T22:03:25.170977743Z,01HTNHG8CDM57YV6ZXSNZMGYBJ,2024-04-04T22:03:25.170977743Z,,,,,,
01HTNJ6Q3RSAX62BWMPNRWES03,01HTNGXQEZZTGMDXD3FH7RSNNS,2024-04-04T22:03:25.177014487Z,01HTNGXQFM84VCAN1ZKE47XM59,2024-04-04T22:03:25.177014487Z,01HTNHN7T6G4S03V2ZGY7E809P,2024-04-04T22:03:25.177014487Z,01HTNHN81CKVE4EA1S4VK6HA5X,2024-04-04T22:03:25.177014487Z,01HTNHGKR1TMJKFY70C027G42K,2024-04-04T22:03:25.177014487Z,,,,,,
01HTNJ7MGSQN6R7S3STN9T5FV4,01HTNGXQEZZTGMDXD3FH7RSNNS,2024-04-04T22:03:55.289347939Z,01HTNGXQFM84VCAN1ZKE47XM59,2024-04-04T22:03:55.289347939Z,01HTNHN7TVW6DCMK9CW71RBVR1,2024-04-04T22:03:55.289347939Z,01HTNHN837KEHB15WPP4SM1E4Z,2024-04-04T22:03:55.289347939Z,01HTNHE87VE4QG8648K41KSKVF,2024-04-04T22:03:55.289347939Z,,,,,,
01HTNJ7MGYERRT9T0S908WV56F,01HTNGXQEZZTGMDXD3FH7RSNNS,2024-04-04T22:03:55.294884025Z,01HTNGXQFM84VCAN1ZKE47XM59,2024-04-04T22:03:55.294884025Z,01HTNHN7TVW6DCMK9CW71RBVR1,2024-04-04T22:03:55.294884025Z,01HTNHN837KEHB15WPP4SM1E4Z,2024-04-04T22:03:55.294884025Z,01HTNHEHXQG8PXGBYS5MPQPRDP,2024-04-04T22:03:55.294884025Z,,,,,,
01HTNJ7MH5GGBNTFM48DB668VQ,01HTNGXQEZZTGMDXD3FH7RSNNS,2024-04-04T22:03:55.302093588Z,01HTNGXQFM84VCAN1ZKE47XM59,2024-04-04T22:03:55.302093588Z,01HTNHN7TVW6DCMK9CW71RBVR1,2024-04-04T22:03:55.302093588Z,01HTNHN837KEHB15WPP4SM1E4Z,2024-04-04T22:03:55.302093588Z,01HTNHG8CDM57YV6ZXSNZMGYBJ,2024-04-04T22:03:55.302093588Z,,,,,,
01HTNJ7MHGVHQRY69QVBJKDYPK,01HTNGXQEZZTGMDXD3FH7RSNNS,2024-04-04T22:03:55.313026069Z,01HTNGXQFM84VCAN1ZKE47XM59,2024-04-04T22:03:55.313026069Z,01HTNHN7TVW6DCMK9CW71RBVR1,2024-04-04T22:03:55.313026069Z,01HTNHN837KEHB15WPP4SM1E4Z,2024-04-04T22:03:55.313026069Z,01HTNHGKR1TMJKFY70C027G42K,2024-04-04T22:03:55.313026069Z,,,,,,
01HTNJ8HWM4P0W4WT68W4BE7R7,01HTNGXQEZZTGMDXD3FH7RSNNS,2024-04-04T22:04:25.364753637Z,01HTNGXQFM84VCAN1ZKE47XM59,2024-04-04T22:04:25.364753637Z,01HTNHN7TVW6DCMK9CW71RBVR1,2024-04-04T22:04:25.364753637Z,01HTNHN837KEHB15WPPVM1P2QM,2024-04-04T22:04:25.364753637Z,01HTNHE87VE4QG8648K41KSKVF,2024-04-04T22:04:25.364753637Z,,,,,,
01HTNJ8HWSGGVC5EC7WGSEBE9S,01HTNGXQEZZTGMDXD3FH7RSNNS,2024-04-04T22:04:25.369703185Z,01HTNGXQFM84VCAN1ZKE47XM59,2024-04-04T22:04:25.369703185Z,01HTNHN7TVW6DCMK9CW71RBVR1,2024-04-04T22:04:25.369703185Z,01HTNHN837KEHB15WPPVM1P2QM,2024-04-04T22:04:25.369703185Z,01HTNHEHXQG8PXGBYS5MPQPRDP,2024-04-04T22:04:25.369703185Z,,,,,,
01HTNJ8HWZGX545D64APET1SQQ,01HTNGXQEZZTGMDXD3FH7RSNNS,2024-04-04T22:04:25.376021052Z,01HTNGXQFM84VCAN1ZKE47XM59,2024-04-04T22:04:25.376021052Z,01HTNHN7TVW6DCMK9CW71RBVR1,2024-04-04T22:04:25.376021052Z,01HTNHN837KEHB15WPPVM1P2QM,2024-04-04T22:04:25.376021052Z,01HTNHG8CDM57YV6ZXSNZMGYBJ,2024-04-04T22:04:25.376021052Z,,,,,,
01HTNJ8HX6TWX0N6R54PD644E4,01HTNGXQEZZTGMDXD3FH7RSNNS,2024-04-04T22:04:25.382184092Z,01HTNGXQFM84VCAN1ZKE47XM59,2024-04-04T22:04:25.382184092Z,01HTNHN7TVW6DCMK9CW71RBVR1,2024-04-04T22:04:25.382184092Z,01HTNHN837KEHB15WPPVM1P2QM,2024-04-04T22:04:25.382184092Z,01HTNHGKR1TMJKFY70C027G42K,2024-04-04T22:04:25.382184092Z,,,,,,
