﻿id,started,startedLastChangedAt,duration,durationLastChangedAt,roundID,roundIDLastChangedAt,initialized,initializedLastChangedAt,gameID,gameIDLastChangedAt,batchID,batchIDLastChangedAt,start,startLastChangedAt,index,indexLastChangedAt,name,nameLastChangedAt,ended,endedLastChangedAt,timerID,timerIDLastChangedAt,status,statusLastChangedAt,endedReason,endedReasonLastChangedAt
01HTNHN80RSQN8MKD0851SQY59,true,2024-04-04T21:55:53.691133523Z,30,2024-04-04T21:53:52.664671529Z,01HTNHN7T2ZM647QVH0MWFSW3D,2024-04-04T21:53:52.664671529Z,true,2024-04-04T21:55:53.677584675Z,01HTNGXQFM84VCAN1ZKE47XM59,2024-04-04T21:53:52.664671529Z,01HTNGXQEZZTGMDXD3FH7RSNNS,2024-04-04T21:53:52.664671529Z,true,2024-04-04T21:55:53.645178535Z,0,2024-04-04T21:53:52.664671529Z,send,2024-04-04T21:53:52.664671529Z,true,2024-04-04T21:56:23.700189202Z,01HTNHN7Y4TZJA6T7XGEQ3RD6R,2024-04-04T21:53:52.664671529Z,,,,
01HTNHN80RSQN8MKD08Q2E67FT,true,2024-04-04T21:56:23.758204489Z,30,2024-04-04T21:53:52.664873802Z,01HTNHN7T2ZM647QVH0MWFSW3D,2024-04-04T21:53:52.664873802Z,true,2024-04-04T21:56:23.742550049Z,01HTNGXQFM84VCAN1ZKE47XM59,2024-04-04T21:53:52.664873802Z,01HTNGXQEZZTGMDXD3FH7RSNNS,2024-04-04T21:53:52.664873802Z,true,2024-04-04T21:56:23.709240532Z,1,2024-04-04T21:53:52.664873802Z,observe,2024-04-04T21:53:52.664873802Z,true,2024-04-04T21:56:53.76467922Z,01HTNHN7YE16D7DEG97SXHFHF0,2024-04-04T21:53:52.664873802Z,,,,
01HTNHN80TR8N2SFWJCQ6A4XG7,true,2024-04-04T21:56:53.89787807Z,30,2024-04-04T21:53:52.666098242Z,01HTNHN7T2ZM647QVH110WY0EA,2024-04-04T21:53:52.666098242Z,true,2024-04-04T21:56:53.880890308Z,01HTNGXQFM84VCAN1ZKE47XM59,2024-04-04T21:53:52.666098242Z,01HTNGXQEZZTGMDXD3FH7RSNNS,2024-04-04T21:53:52.666098242Z,true,2024-04-04T21:56:53.845900072Z,0,2024-04-04T21:53:52.666098242Z,send,2024-04-04T21:53:52.666098242Z,true,2024-04-04T21:57:23.9021298Z,01HTNHN7Y6XP68AAZ9D7M2XABB,2024-04-04T21:53:52.666098242Z,,,,
01HTNHN80TR8N2SFWJDAP48VVV,true,2024-04-04T21:57:23.985370524Z,30,2024-04-04T21:53:52.666319549Z,01HTNHN7T2ZM647QVH110WY0EA,2024-04-04T21:53:52.666319549Z,true,2024-04-04T21:57:23.958546762Z,01HTNGXQFM84VCAN1ZKE47XM59,2024-04-04T21:53:52.666319549Z,01HTNGXQEZZTGMDXD3FH7RSNNS,2024-04-04T21:53:52.666319549Z,true,2024-04-04T21:57:23.917261062Z,1,2024-04-04T21:53:52.666319549Z,observe,2024-04-04T21:53:52.666319549Z,true,2024-04-04T21:57:53.980307557Z,01HTNHN7YJHD3A703FQZ56JP12,2024-04-04T21:53:52.666319549Z,,,,
01HTNHN80YZBXH24JH2CSKN8DY,true,2024-04-04T21:58:54.296453642Z,30,2024-04-04T21:53:52.670903248Z,01HTNHN7T37G3HQ7TM5WGDT0M5,2024-04-04T21:53:52.670903248Z,true,2024-04-04T21:58:54.284093748Z,01HTNGXQFM84VCAN1ZKE47XM59,2024-04-04T21:53:52.670903248Z,01HTNGXQEZZTGMDXD3FH7RSNNS,2024-04-04T21:53:52.670903248Z,true,2024-04-04T21:58:54.23657491Z,0,2024-04-04T21:53:52.670903248Z,send,2024-04-04T21:53:52.670903248Z,true,2024-04-04T21:59:24.306354853Z,01HTNHN7Y53A30H43D7X3CW7F8,2024-04-04T21:53:52.670903248Z,,,,
01HTNHN80Z3T2G6VMSVYTRQ55D,true,2024-04-04T21:59:24.372806731Z,30,2024-04-04T21:53:52.671109912Z,01HTNHN7T37G3HQ7TM5WGDT0M5,2024-04-04T21:53:52.671109912Z,true,2024-04-04T21:59:24.356094377Z,01HTNGXQFM84VCAN1ZKE47XM59,2024-04-04T21:53:52.671109912Z,01HTNGXQEZZTGMDXD3FH7RSNNS,2024-04-04T21:53:52.671109912Z,true,2024-04-04T21:59:24.322028973Z,1,2024-04-04T21:53:52.671109912Z,observe,2024-04-04T21:53:52.671109912Z,true,2024-04-04T21:59:54.374833368Z,01HTNHN7YV2BYM952PMXP56AGC,2024-04-04T21:53:52.671109912Z,,,,
01HTNHN811EGSKMP03F37VTZWS,true,2024-04-04T21:54:53.51048422Z,30,2024-04-04T21:53:52.673536642Z,01HTNHN7T2ZM647QVH015N4GPK,2024-04-04T21:53:52.673536642Z,true,2024-04-04T21:54:53.486116952Z,01HTNGXQFM84VCAN1ZKE47XM59,2024-04-04T21:53:52.673536642Z,01HTNGXQEZZTGMDXD3FH7RSNNS,2024-04-04T21:53:52.673536642Z,true,2024-04-04T21:54:53.434085323Z,0,2024-04-04T21:53:52.673536642Z,send,2024-04-04T21:53:52.673536642Z,true,2024-04-04T21:55:23.509671699Z,01HTNHN7Y7CPASZYP400Q5DJC6,2024-04-04T21:53:52.673536642Z,,,,
01HTNHN811EGSKMP03FPBXYM8Q,true,2024-04-04T21:55:23.58386534Z,30,2024-04-04T21:53:52.673733325Z,01HTNHN7T2ZM647QVH015N4GPK,2024-04-04T21:53:52.673733325Z,true,2024-04-04T21:55:23.560382018Z,01HTNGXQFM84VCAN1ZKE47XM59,2024-04-04T21:53:52.673733325Z,01HTNGXQEZZTGMDXD3FH7RSNNS,2024-04-04T21:53:52.673733325Z,true,2024-04-04T21:55:23.526081928Z,1,2024-04-04T21:53:52.673733325Z,observe,2024-04-04T21:53:52.673733325Z,true,2024-04-04T21:55:53.578543595Z,01HTNHN7YWNN2SHQKAN2MWRFZ9,2024-04-04T21:53:52.673733325Z,,,,
01HTNHN8142XXMCWX935RPYYGG,true,2024-04-04T21:59:54.505477212Z,30,2024-04-04T21:53:52.676182069Z,01HTNHN7T37G3HQ7TM56S9AT7R,2024-04-04T21:53:52.676182069Z,true,2024-04-04T21:59:54.489102121Z,01HTNGXQFM84VCAN1ZKE47XM59,2024-04-04T21:53:52.676182069Z,01HTNGXQEZZTGMDXD3FH7RSNNS,2024-04-04T21:53:52.676182069Z,true,2024-04-04T21:59:54.450006061Z,0,2024-04-04T21:53:52.676182069Z,send,2024-04-04T21:53:52.676182069Z,true,2024-04-04T22:00:24.510247804Z,01HTNHN7Y6XP68AAZ9D0ZVFP8T,2024-04-04T21:53:52.676182069Z,,,,
01HTNHN8142XXMCWX93R2AJMGP,true,2024-04-04T22:00:24.580002109Z,30,2024-04-04T21:53:52.6765059Z,01HTNHN7T37G3HQ7TM56S9AT7R,2024-04-04T21:53:52.6765059Z,true,2024-04-04T22:00:24.559778679Z,01HTNGXQFM84VCAN1ZKE47XM59,2024-04-04T21:53:52.6765059Z,01HTNGXQEZZTGMDXD3FH7RSNNS,2024-04-04T21:53:52.6765059Z,true,2024-04-04T22:00:24.524104114Z,1,2024-04-04T21:53:52.6765059Z,observe,2024-04-04T21:53:52.6765059Z,true,2024-04-04T22:00:54.583897792Z,01HTNHN7Z1C85JP41QSD6S7C7Y,2024-04-04T21:53:52.6765059Z,,,,
01HTNHN81CKVE4EA1S46HVWNNX,true,2024-04-04T22:02:55.134965423Z,30,2024-04-04T21:53:52.684275317Z,01HTNHN7T6G4S03V2ZGY7E809P,2024-04-04T21:53:52.684275317Z,true,2024-04-04T22:02:55.115592461Z,01HTNGXQFM84VCAN1ZKE47XM59,2024-04-04T21:53:52.684275317Z,01HTNGXQEZZTGMDXD3FH7RSNNS,2024-04-04T21:53:52.684275317Z,true,2024-04-04T22:02:55.077491041Z,0,2024-04-04T21:53:52.684275317Z,send,2024-04-04T21:53:52.684275317Z,true,2024-04-04T22:03:25.135357635Z,01HTNHN7Y9X2CKH8WNJESXWQKT,2024-04-04T21:53:52.684275317Z,,,,
01HTNHN81CKVE4EA1S4VK6HA5X,true,2024-04-04T22:03:25.192431166Z,30,2024-04-04T21:53:52.684607029Z,01HTNHN7T6G4S03V2ZGY7E809P,2024-04-04T21:53:52.684607029Z,true,2024-04-04T22:03:25.181252452Z,01HTNGXQFM84VCAN1ZKE47XM59,2024-04-04T21:53:52.684607029Z,01HTNGXQEZZTGMDXD3FH7RSNNS,2024-04-04T21:53:52.684607029Z,true,2024-04-04T22:03:25.150740311Z,1,2024-04-04T21:53:52.684607029Z,observe,2024-04-04T21:53:52.684607029Z,true,2024-04-04T22:03:55.194704088Z,01HTNHN80HQ3ZE4E49M72KBXKQ,2024-04-04T21:53:52.684607029Z,,,,
01HTNHN837KEHB15WPP4SM1E4Z,true,2024-04-04T22:03:55.343775395Z,30,2024-04-04T21:53:52.743415364Z,01HTNHN7TVW6DCMK9CW71RBVR1,2024-04-04T21:53:52.743415364Z,true,2024-04-04T22:03:55.321927357Z,01HTNGXQFM84VCAN1ZKE47XM59,2024-04-04T21:53:52.743415364Z,01HTNGXQEZZTGMDXD3FH7RSNNS,2024-04-04T21:53:52.743415364Z,true,2024-04-04T22:03:55.272461777Z,0,2024-04-04T21:53:52.743415364Z,send,2024-04-04T21:53:52.743415364Z,true,2024-04-04T22:04:25.347693425Z,01HTNHN7XNYR83XGERBM2H4W8G,2024-04-04T21:53:52.743415364Z,,,,
01HTNHN837KEHB15WPPVM1P2QM,true,2024-04-04T22:04:25.399267438Z,30,2024-04-04T21:53:52.743789706Z,01HTNHN7TVW6DCMK9CW71RBVR1,2024-04-04T21:53:52.743789706Z,true,2024-04-04T22:04:25.386869427Z,01HTNGXQFM84VCAN1ZKE47XM59,2024-04-04T21:53:52.743789706Z,01HTNGXQEZZTGMDXD3FH7RSNNS,2024-04-04T21:53:52.743789706Z,true,2024-04-04T22:04:25.358185819Z,1,2024-04-04T21:53:52.743789706Z,observe,2024-04-04T21:53:52.743789706Z,true,2024-04-04T22:04:41.014229046Z,01HTNHN7Y0ESBWZW5F3PYNCDF2,2024-04-04T21:53:52.743789706Z,ended,2024-04-04T22:04:41.005965526Z,batch ended,2024-04-04T22:04:41.005965526Z
01HTNHN8384A4GKP5A88YWSNKG,,,30,2024-04-04T21:53:52.744230619Z,01HTNHN7TTF2M0ACJWJJZZ8HE8,2024-04-04T21:53:52.744230619Z,,,01HTNGXQFM84VCAN1ZKE47XM59,2024-04-04T21:53:52.744230619Z,01HTNGXQEZZTGMDXD3FH7RSNNS,2024-04-04T21:53:52.744230619Z,false,2024-04-04T21:53:52.744230619Z,0,2024-04-04T21:53:52.744230619Z,send,2024-04-04T21:53:52.744230619Z,false,2024-04-04T21:53:52.744230619Z,01HTNHN7XCJ1SJDG7SM48W3X6M,2024-04-04T21:53:52.744230619Z,,,,
01HTNHN839SAMTBMQ3WYJGM0WQ,,,30,2024-04-04T21:53:52.745137384Z,01HTNHN7TTF2M0ACJWJJZZ8HE8,2024-04-04T21:53:52.745137384Z,,,01HTNGXQFM84VCAN1ZKE47XM59,2024-04-04T21:53:52.745137384Z,01HTNGXQEZZTGMDXD3FH7RSNNS,2024-04-04T21:53:52.745137384Z,false,2024-04-04T21:53:52.745137384Z,1,2024-04-04T21:53:52.745137384Z,observe,2024-04-04T21:53:52.745137384Z,false,2024-04-04T21:53:52.745137384Z,01HTNHN7XYT4QJGBFZHDNB1BTP,2024-04-04T21:53:52.745137384Z,,,,
01HTNHN83ARFE4R8QD8EM2XGE5,true,2024-04-04T21:57:54.09732935Z,30,2024-04-04T21:53:52.746566953Z,01HTNHN7T4W565TX521SVQBVCJ,2024-04-04T21:53:52.746566953Z,true,2024-04-04T21:57:54.080602696Z,01HTNGXQFM84VCAN1ZKE47XM59,2024-04-04T21:53:52.746566953Z,01HTNGXQEZZTGMDXD3FH7RSNNS,2024-04-04T21:53:52.746566953Z,true,2024-04-04T21:57:54.055447537Z,0,2024-04-04T21:53:52.746566953Z,send,2024-04-04T21:53:52.746566953Z,true,2024-04-04T21:58:24.094301817Z,01HTNHN7Y7CPASZYP403YP0Z1K,2024-04-04T21:53:52.746566953Z,,,,
01HTNHN83ARFE4R8QD97EKPS60,true,2024-04-04T21:58:24.160061414Z,30,2024-04-04T21:53:52.746753647Z,01HTNHN7T4W565TX521SVQBVCJ,2024-04-04T21:53:52.746753647Z,true,2024-04-04T21:58:24.138572977Z,01HTNGXQFM84VCAN1ZKE47XM59,2024-04-04T21:53:52.746753647Z,01HTNGXQEZZTGMDXD3FH7RSNNS,2024-04-04T21:53:52.746753647Z,true,2024-04-04T21:58:24.111836639Z,1,2024-04-04T21:53:52.746753647Z,observe,2024-04-04T21:53:52.746753647Z,true,2024-04-04T21:58:54.163403315Z,01HTNHN835CB9QJWN217VXVB0A,2024-04-04T21:53:52.746753647Z,,,,
01HTNHN83D9JB8TBSQNFFT394G,true,2024-04-04T22:00:54.730189752Z,30,2024-04-04T21:53:52.749389766Z,01HTNHN7T8VRPNNGEXRM6KYT6G,2024-04-04T21:53:52.749389766Z,true,2024-04-04T22:00:54.708589274Z,01HTNGXQFM84VCAN1ZKE47XM59,2024-04-04T21:53:52.749389766Z,01HTNGXQEZZTGMDXD3FH7RSNNS,2024-04-04T21:53:52.749389766Z,true,2024-04-04T22:00:54.666094242Z,0,2024-04-04T21:53:52.749389766Z,send,2024-04-04T21:53:52.749389766Z,true,2024-04-04T22:01:24.730693444Z,01HTNHN7Y6XP68AAZ9D4Y9M6RG,2024-04-04T21:53:52.749389766Z,,,,
01HTNHN83D9JB8TBSQNYZXEM3T,true,2024-04-04T22:01:24.797485403Z,30,2024-04-04T21:53:52.749710884Z,01HTNHN7T8VRPNNGEXRM6KYT6G,2024-04-04T21:53:52.749710884Z,true,2024-04-04T22:01:24.78064447Z,01HTNGXQFM84VCAN1ZKE47XM59,2024-04-04T21:53:52.749710884Z,01HTNGXQEZZTGMDXD3FH7RSNNS,2024-04-04T21:53:52.749710884Z,true,2024-04-04T22:01:24.74482811Z,1,2024-04-04T21:53:52.749710884Z,observe,2024-04-04T21:53:52.749710884Z,true,2024-04-04T22:01:54.801614461Z,01HTNHN836HM874YGHKZS741G8,2024-04-04T21:53:52.749710884Z,,,,
01HTNHN83EXSVMP4K7DVAPV7CV,true,2024-04-04T21:53:53.282144891Z,30,2024-04-04T21:53:52.750548299Z,01HTNHN7T0TCJBRE5Y0MDP0XXE,2024-04-04T21:53:52.750548299Z,true,2024-04-04T21:53:53.264834495Z,01HTNGXQFM84VCAN1ZKE47XM59,2024-04-04T21:53:52.750548299Z,01HTNGXQEZZTGMDXD3FH7RSNNS,2024-04-04T21:53:52.750548299Z,true,2024-04-04T21:53:53.206047767Z,0,2024-04-04T21:53:52.750548299Z,send,2024-04-04T21:53:52.750548299Z,true,2024-04-04T21:54:23.285578778Z,01HTNHN7XTVBAC5TXP83MVHQH5,2024-04-04T21:53:52.750548299Z,,,,
01HTNHN83EXSVMP4K7EDVVHBS6,true,2024-04-04T21:54:23.335544396Z,30,2024-04-04T21:53:52.750763124Z,01HTNHN7T0TCJBRE5Y0MDP0XXE,2024-04-04T21:53:52.750763124Z,true,2024-04-04T21:54:23.325220313Z,01HTNGXQFM84VCAN1ZKE47XM59,2024-04-04T21:53:52.750763124Z,01HTNGXQEZZTGMDXD3FH7RSNNS,2024-04-04T21:53:52.750763124Z,true,2024-04-04T21:54:23.299019358Z,1,2024-04-04T21:53:52.750763124Z,observe,2024-04-04T21:53:52.750763124Z,true,2024-04-04T21:54:53.339144008Z,01HTNHN836HM874YGHKYTATCQM,2024-04-04T21:53:52.750763124Z,,,,
01HTNHN85FCBV7QRJXQ865T7A7,true,2024-04-04T22:01:54.924788275Z,30,2024-04-04T21:53:52.815882444Z,01HTNHN7T7G2530F7VQ2HSZY5K,2024-04-04T21:53:52.815882444Z,true,2024-04-04T22:01:54.914153163Z,01HTNGXQFM84VCAN1ZKE47XM59,2024-04-04T21:53:52.815882444Z,01HTNGXQEZZTGMDXD3FH7RSNNS,2024-04-04T21:53:52.815882444Z,true,2024-04-04T22:01:54.878901075Z,0,2024-04-04T21:53:52.815882444Z,send,2024-04-04T21:53:52.815882444Z,true,2024-04-04T22:02:24.929040348Z,01HTNHN7Y7CPASZYP3ZGRF1F3G,2024-04-04T21:53:52.815882444Z,,,,
01HTNHN85GC8PVC9YP4X6TDJTF,true,2024-04-04T22:02:24.990845948Z,30,2024-04-04T21:53:52.816069436Z,01HTNHN7T7G2530F7VQ2HSZY5K,2024-04-04T21:53:52.816069436Z,true,2024-04-04T22:02:24.973999738Z,01HTNGXQFM84VCAN1ZKE47XM59,2024-04-04T21:53:52.816069436Z,01HTNGXQEZZTGMDXD3FH7RSNNS,2024-04-04T21:53:52.816069436Z,true,2024-04-04T22:02:24.942034506Z,1,2024-04-04T21:53:52.816069436Z,observe,2024-04-04T21:53:52.816069436Z,true,2024-04-04T22:02:54.994017674Z,01HTNHN837KEHB15WPP436CEHE,2024-04-04T21:53:52.816069436Z,,,,
