id,batchID,batchIDLastChangedAt,gameID,gameIDLastChangedAt,playerID,playerIDLastChangedAt
01JGJ9E64KT2QQ0A2NBQWJ9XS6,01JGJ91WNR8EKXWD9252M85KH6,2025-01-02T01:17:49.5870402Z,01JGJ91WNX5F13GKCWNVF2J9RJ,2025-01-02T01:17:49.5870402Z,01JGJ95AJGMPFDE6P3QTD00D0J,2025-01-02T01:17:49.5870402Z
01JGJ9E64R0M66NMN4F9GDT0JG,01JGJ91WNR8EKXWD9252M85KH6,2025-01-02T01:17:49.592711982Z,01JGJ91WNX5F13GKCWNVF2J9RJ,2025-01-02T01:17:49.592711982Z,01JGJ97WYSVBVNK284VS5XMK3S,2025-01-02T01:17:49.592711982Z
01JGJ9HSR1HGQ6F7F52E6REC28,01JGJ91W6V8C9DH2MJ6H5G14S8,2025-01-02T01:19:47.969822138Z,01JGJ91W71P8SZ6D1PAER2PRBZ,2025-01-02T01:19:47.969822138Z,01JGJ94SCJPS10SPMA7QRTFWBB,2025-01-02T01:19:47.969822138Z
01JGJ9P190BXRE2YNXK16T3QSZ,01JGJ91VJB96BD050J4248JZJ3,2025-01-02T01:22:06.752290479Z,01JGJ91VJH075JR7FCHZ0ZNBRG,2025-01-02T01:22:06.752290479Z,01JGJ98WRRAJWPA3VEJRJAJ7T3,2025-01-02T01:22:06.752290479Z
01JGJ9E64NQY8R9JDJR5Q3008Z,01JGJ91WNR8EKXWD9252M85KH6,2025-01-02T01:17:49.589650742Z,01JGJ91WNX5F13GKCWNVF2J9RJ,2025-01-02T01:17:49.589650742Z,01JGJ95VP8S41R8FP9T3C9KW7N,2025-01-02T01:17:49.589650742Z
01JGJ9P18RQ8PY5TVZ7ERJ6TVN,01JGJ91VJB96BD050J4248JZJ3,2025-01-02T01:22:06.744903593Z,01JGJ91VJH075JR7FCHZ0ZNBRG,2025-01-02T01:22:06.744903593Z,01JGJ9465X36949TVBV0HP2SE4,2025-01-02T01:22:06.744903593Z
01JGJ8SNM2KAZYSBWTQTMS83KE,01JGJ7Q38M5BAPANAG3C1DAXJB,2025-01-02T01:06:37.314428498Z,01JGJ7Q38SSSW9T0GHA4JNYXNP,2025-01-02T01:06:37.314428498Z,01JGJ8EG842FDVC5C0YTD0YVCT,2025-01-02T01:06:37.314428498Z
01JGJ8SNMBHNF066SQ7QRJPZZT,01JGJ7Q38M5BAPANAG3C1DAXJB,2025-01-02T01:06:37.323589206Z,01JGJ7Q38SSSW9T0GHA4JNYXNP,2025-01-02T01:06:37.323589206Z,01JGJ8NP5VXXT2KXEA8CTWEJZZ,2025-01-02T01:06:37.323589206Z
01JGJ9BGX6V3778XRPF14GPE8K,01JGJ7Q1TDDCFSCSJJK08YWG8D,2025-01-02T01:16:22.310872891Z,01JGJ7Q1TKQHEXHB6FKQWS62NY,2025-01-02T01:16:22.310872891Z,01JGJ94QTAFRADNWKFYSRWV34E,2025-01-02T01:16:22.310872891Z
01JGJ9BGX92AF8XPXP3291XWTC,01JGJ7Q1TDDCFSCSJJK08YWG8D,2025-01-02T01:16:22.313350058Z,01JGJ7Q1TKQHEXHB6FKQWS62NY,2025-01-02T01:16:22.313350058Z,01JGJ94W25ZX0N4A835SNRV4AZ,2025-01-02T01:16:22.313350058Z
01JGJ9BGXBZGJKWZ5JRRMY138C,01JGJ7Q1TDDCFSCSJJK08YWG8D,2025-01-02T01:16:22.315780634Z,01JGJ7Q1TKQHEXHB6FKQWS62NY,2025-01-02T01:16:22.315780634Z,01JGJ95V0TC1EPB333C5EM1SPB,2025-01-02T01:16:22.315780634Z
01JGJ9E64G4D6Y5HY9M14FBJSF,01JGJ91WNR8EKXWD9252M85KH6,2025-01-02T01:17:49.584580334Z,01JGJ91WNX5F13GKCWNVF2J9RJ,2025-01-02T01:17:49.584580334Z,01JGJ94C500TJGV4SBK4CSYD3B,2025-01-02T01:17:49.584580334Z
01JGJ9P18WTN71PHFX4ZH86JN5,01JGJ91VJB96BD050J4248JZJ3,2025-01-02T01:22:06.748744248Z,01JGJ91VJH075JR7FCHZ0ZNBRG,2025-01-02T01:22:06.748744248Z,01JGJ95N90CG5SAQ4JPZVEPGFY,2025-01-02T01:22:06.748744248Z
01JGJ8SNM4QSH4C8KQY5MVYZT6,01JGJ7Q38M5BAPANAG3C1DAXJB,2025-01-02T01:06:37.316937247Z,01JGJ7Q38SSSW9T0GHA4JNYXNP,2025-01-02T01:06:37.316937247Z,01JGJ8FGEKNEMV6BVYQ46ASE3B,2025-01-02T01:06:37.316937247Z
01JGJ8SNM7DVZ0Z9JRVTRJS2KZ,01JGJ7Q38M5BAPANAG3C1DAXJB,2025-01-02T01:06:37.319791893Z,01JGJ7Q38SSSW9T0GHA4JNYXNP,2025-01-02T01:06:37.319791893Z,01JGJ8NDJE69WXDGNEW1G7YDMZ,2025-01-02T01:06:37.319791893Z
01JGJ9BGX359FYGWY3PBVENDKV,01JGJ7Q1TDDCFSCSJJK08YWG8D,2025-01-02T01:16:22.307944785Z,01JGJ7Q1TKQHEXHB6FKQWS62NY,2025-01-02T01:16:22.307944785Z,01JGJ948GC4NV6SASK3X2XH9YW,2025-01-02T01:16:22.307944785Z
01JGJ9HSQY0FBJM35MBFS904XK,01JGJ91W6V8C9DH2MJ6H5G14S8,2025-01-02T01:19:47.966568577Z,01JGJ91W71P8SZ6D1PAER2PRBZ,2025-01-02T01:19:47.966568577Z,01JGJ94RBH0GDKFRJ4P5NF0QPG,2025-01-02T01:19:47.966568577Z
01JGJ9HSR7ARY0D7Q277WCACMD,01JGJ91W6V8C9DH2MJ6H5G14S8,2025-01-02T01:19:47.975392973Z,01JGJ91W71P8SZ6D1PAER2PRBZ,2025-01-02T01:19:47.975392973Z,01JGJ95B59Q3RY1QM27B7969HB,2025-01-02T01:19:47.975392973Z
01JGJ9P19426PX7M7B9J7GSQYB,01JGJ91VJB96BD050J4248JZJ3,2025-01-02T01:22:06.756138767Z,01JGJ91VJH075JR7FCHZ0ZNBRG,2025-01-02T01:22:06.756138767Z,01JGJ9AK0FJXYHH56WSV5N8995,2025-01-02T01:22:06.756138767Z
01JGJ9HSR4C4X7E14VSZQNE6PK,01JGJ91W6V8C9DH2MJ6H5G14S8,2025-01-02T01:19:47.972945078Z,01JGJ91W71P8SZ6D1PAER2PRBZ,2025-01-02T01:19:47.972945078Z,01JGJ954D80A3HE7KTNFV7SGVB,2025-01-02T01:19:47.972945078Z
