id,batchID,batchIDLastChangedAt,gameID,gameIDLastChangedAt,playerID,playerIDLastChangedAt,roundID,roundIDLastChangedAt
01JGJ92XR3T70VWKSB1WTCDTC8,01JGJ7Q38M5BAPANAG3C1DAXJB,2025-01-02T01:11:40.547445067Z,01JGJ7Q38SSSW9T0GHA4JNYXNP,2025-01-02T01:11:40.547445067Z,01JGJ8EG842FDVC5C0YTD0YVCT,2025-01-02T01:11:40.547445067Z,01JGJ8SNNDNDCA93J3P1S9SPH4,2025-01-02T01:11:40.547445067Z
01JGJ9BH7FPEF8SG29MXAY7429,01JGJ7Q1TDDCFSCSJJK08YWG8D,2025-01-02T01:16:22.639451516Z,01JGJ7Q1TKQHEXHB6FKQWS62NY,2025-01-02T01:16:22.639451516Z,01JGJ95V0TC1EPB333C5EM1SPB,2025-01-02T01:16:22.639451516Z,01JGJ9BGY16AQVRZXYNNMYR14E,2025-01-02T01:16:22.639451516Z
01JGJ9E6DDXQ7X2MW95GZ4KT0Q,01JGJ91WNR8EKXWD9252M85KH6,2025-01-02T01:17:49.869604883Z,01JGJ91WNX5F13GKCWNVF2J9RJ,2025-01-02T01:17:49.869604883Z,01JGJ97WYSVBVNK284VS5XMK3S,2025-01-02T01:17:49.869604883Z,01JGJ9E65B4XGAAF0TXPZHW1H8,2025-01-02T01:17:49.869604883Z
01JGJ9P1K1PE7WDRAS2V1E027D,01JGJ91VJB96BD050J4248JZJ3,2025-01-02T01:22:07.07333966Z,01JGJ91VJH075JR7FCHZ0ZNBRG,2025-01-02T01:22:07.07333966Z,01JGJ9AK0FJXYHH56WSV5N8995,2025-01-02T01:22:07.07333966Z,01JGJ9P19S5H7TNT4C9M377B1Q,2025-01-02T01:22:07.07333966Z
01JGJ8SP00QE56WWZ0RT3X78CE,01JGJ7Q38M5BAPANAG3C1DAXJB,2025-01-02T01:06:37.696429596Z,01JGJ7Q38SSSW9T0GHA4JNYXNP,2025-01-02T01:06:37.696429596Z,01JGJ8NDJE69WXDGNEW1G7YDMZ,2025-01-02T01:06:37.696429596Z,01JGJ8SNN5KWVQ3EPBJQ0HWT6E,2025-01-02T01:06:37.696429596Z
01JGJ96B765FB664C6EHV3YK2X,01JGJ7Q38M5BAPANAG3C1DAXJB,2025-01-02T01:13:32.64667206Z,01JGJ7Q38SSSW9T0GHA4JNYXNP,2025-01-02T01:13:32.64667206Z,01JGJ8FGEKNEMV6BVYQ46ASE3B,2025-01-02T01:13:32.64667206Z,01JGJ8SNNCEQRJ9J2XPM3W8A3C,2025-01-02T01:13:32.64667206Z
01JGJ9FG0JV72KQWQSZC79MEWR,01JGJ7Q1TDDCFSCSJJK08YWG8D,2025-01-02T01:18:32.466378448Z,01JGJ7Q1TKQHEXHB6FKQWS62NY,2025-01-02T01:18:32.466378448Z,01JGJ95V0TC1EPB333C5EM1SPB,2025-01-02T01:18:32.466378448Z,01JGJ9BGY4N0Y0DZH7SX36AVQE,2025-01-02T01:18:32.466378448Z
01JGJ9GYF4PARKZA701TVKW3JR,01JGJ91WNR8EKXWD9252M85KH6,2025-01-02T01:19:20.036997491Z,01JGJ91WNX5F13GKCWNVF2J9RJ,2025-01-02T01:19:20.036997491Z,01JGJ95VP8S41R8FP9T3C9KW7N,2025-01-02T01:19:20.036997491Z,01JGJ9E65CPVXRC1XSVJHY625W,2025-01-02T01:19:20.036997491Z
01JGJ9K2DFZ1NND4R97EAQN3S9,01JGJ7Q1TDDCFSCSJJK08YWG8D,2025-01-02T01:20:29.615388592Z,01JGJ7Q1TKQHEXHB6FKQWS62NY,2025-01-02T01:20:29.615388592Z,01JGJ94W25ZX0N4A835SNRV4AZ,2025-01-02T01:20:29.615388592Z,01JGJ9BGY5X7VAGHYRMA6CZV8X,2025-01-02T01:20:29.615388592Z
01JGJ8ZGDPHT6NBDZ5042ZQNXA,01JGJ7Q38M5BAPANAG3C1DAXJB,2025-01-02T01:09:48.59895776Z,01JGJ7Q38SSSW9T0GHA4JNYXNP,2025-01-02T01:09:48.59895776Z,01JGJ8EG842FDVC5C0YTD0YVCT,2025-01-02T01:09:48.59895776Z,01JGJ8SNNCEQRJ9J2XP1AT1M6F,2025-01-02T01:09:48.59895776Z
01JGJ8WC91675SC17CSS8FSHSF,01JGJ7Q38M5BAPANAG3C1DAXJB,2025-01-02T01:08:06.049491277Z,01JGJ7Q38SSSW9T0GHA4JNYXNP,2025-01-02T01:08:06.049491277Z,01JGJ8NP5VXXT2KXEA8CTWEJZZ,2025-01-02T01:08:06.049491277Z,01JGJ8SNN6YNGVP15AJ4F613NQ,2025-01-02T01:08:06.049491277Z
01JGJ8ZGDWDPHACZ793W0GESZ1,01JGJ7Q38M5BAPANAG3C1DAXJB,2025-01-02T01:09:48.604574467Z,01JGJ7Q38SSSW9T0GHA4JNYXNP,2025-01-02T01:09:48.604574467Z,01JGJ8NDJE69WXDGNEW1G7YDMZ,2025-01-02T01:09:48.604574467Z,01JGJ8SNNCEQRJ9J2XP1AT1M6F,2025-01-02T01:09:48.604574467Z
01JGJ918326BN2RG9FFA98QFZQ,01JGJ7Q38M5BAPANAG3C1DAXJB,2025-01-02T01:10:45.602485883Z,01JGJ7Q38SSSW9T0GHA4JNYXNP,2025-01-02T01:10:45.602485883Z,01JGJ8NP5VXXT2KXEA8CTWEJZZ,2025-01-02T01:10:45.602485883Z,01JGJ8SNNB4KP1MBMGRY865E39,2025-01-02T01:10:45.602485883Z
01JGJ92XR8C9FS92S7B93JPXBJ,01JGJ7Q38M5BAPANAG3C1DAXJB,2025-01-02T01:11:40.552443418Z,01JGJ7Q38SSSW9T0GHA4JNYXNP,2025-01-02T01:11:40.552443418Z,01JGJ8NDJE69WXDGNEW1G7YDMZ,2025-01-02T01:11:40.552443418Z,01JGJ8SNNDNDCA93J3P1S9SPH4,2025-01-02T01:11:40.552443418Z
01JGJ96B7C4972XZVYXF9HN5YV,01JGJ7Q38M5BAPANAG3C1DAXJB,2025-01-02T01:13:32.652926578Z,01JGJ7Q38SSSW9T0GHA4JNYXNP,2025-01-02T01:13:32.652926578Z,01JGJ8NP5VXXT2KXEA8CTWEJZZ,2025-01-02T01:13:32.652926578Z,01JGJ8SNNCEQRJ9J2XPM3W8A3C,2025-01-02T01:13:32.652926578Z
01JGJ9BH77PDA2GC6FZE7RE44J,01JGJ7Q1TDDCFSCSJJK08YWG8D,2025-01-02T01:16:22.631322865Z,01JGJ7Q1TKQHEXHB6FKQWS62NY,2025-01-02T01:16:22.631322865Z,01JGJ948GC4NV6SASK3X2XH9YW,2025-01-02T01:16:22.631322865Z,01JGJ9BGY16AQVRZXYNNMYR14E,2025-01-02T01:16:22.631322865Z
01JGJ9E6FQCYZQ8FVJJ3Z0TBHT,01JGJ7Q1TDDCFSCSJJK08YWG8D,2025-01-02T01:17:49.943179442Z,01JGJ7Q1TKQHEXHB6FKQWS62NY,2025-01-02T01:17:49.943179442Z,01JGJ948GC4NV6SASK3X2XH9YW,2025-01-02T01:17:49.943179442Z,01JGJ9BGY27C57BN2651FYDWMJ,2025-01-02T01:17:49.943179442Z
01JGJ8SNZY5CMV87JF7TXYW8Y9,01JGJ7Q38M5BAPANAG3C1DAXJB,2025-01-02T01:06:37.694191141Z,01JGJ7Q38SSSW9T0GHA4JNYXNP,2025-01-02T01:06:37.694191141Z,01JGJ8FGEKNEMV6BVYQ46ASE3B,2025-01-02T01:06:37.694191141Z,01JGJ8SNN5KWVQ3EPBJQ0HWT6E,2025-01-02T01:06:37.694191141Z
01JGJ9K2DJVCS3156VC3HQ4SQ2,01JGJ7Q1TDDCFSCSJJK08YWG8D,2025-01-02T01:20:29.618590222Z,01JGJ7Q1TKQHEXHB6FKQWS62NY,2025-01-02T01:20:29.618590222Z,01JGJ95V0TC1EPB333C5EM1SPB,2025-01-02T01:20:29.618590222Z,01JGJ9BGY5X7VAGHYRMA6CZV8X,2025-01-02T01:20:29.618590222Z
01JGJ9MB2YFBY7323985VGMR4S,01JGJ91WNR8EKXWD9252M85KH6,2025-01-02T01:21:11.262222739Z,01JGJ91WNX5F13GKCWNVF2J9RJ,2025-01-02T01:21:11.262222739Z,01JGJ94C500TJGV4SBK4CSYD3B,2025-01-02T01:21:11.262222739Z,01JGJ9E65EJ30RTE5BABHDXGSY,2025-01-02T01:21:11.262222739Z
01JGJ9P1JXTHKZWK55R96WHW6C,01JGJ91VJB96BD050J4248JZJ3,2025-01-02T01:22:07.069909676Z,01JGJ91VJH075JR7FCHZ0ZNBRG,2025-01-02T01:22:07.069909676Z,01JGJ98WRRAJWPA3VEJRJAJ7T3,2025-01-02T01:22:07.069909676Z,01JGJ9P19S5H7TNT4C9M377B1Q,2025-01-02T01:22:07.069909676Z
01JGJ9P3X2Z70XXR8SXW62YN39,01JGJ7Q1TDDCFSCSJJK08YWG8D,2025-01-02T01:22:09.442027062Z,01JGJ7Q1TKQHEXHB6FKQWS62NY,2025-01-02T01:22:09.442027062Z,01JGJ95V0TC1EPB333C5EM1SPB,2025-01-02T01:22:09.442027062Z,01JGJ9BGY4N0Y0DZH7S7QT9B6Z,2025-01-02T01:22:09.442027062Z
01JGJ9JS5P8F0M82F06SNBGDKK,01JGJ91WNR8EKXWD9252M85KH6,2025-01-02T01:20:20.150343274Z,01JGJ91WNX5F13GKCWNVF2J9RJ,2025-01-02T01:20:20.150343274Z,01JGJ95AJGMPFDE6P3QTD00D0J,2025-01-02T01:20:20.150343274Z,01JGJ9E65DBDGAQEGZ5V0PYFA2,2025-01-02T01:20:20.150343274Z
01JGJ9ME2SFKPMHM78C1FPXSKH,01JGJ7Q1TDDCFSCSJJK08YWG8D,2025-01-02T01:21:14.329361582Z,01JGJ7Q1TKQHEXHB6FKQWS62NY,2025-01-02T01:21:14.329361582Z,01JGJ94W25ZX0N4A835SNRV4AZ,2025-01-02T01:21:14.329361582Z,01JGJ9BGY5X7VAGHYRKWF0VQTG,2025-01-02T01:21:14.329361582Z
01JGJ9MJ5468GH3KYART6CQQYW,01JGJ91W6V8C9DH2MJ6H5G14S8,2025-01-02T01:21:18.500511229Z,01JGJ91W71P8SZ6D1PAER2PRBZ,2025-01-02T01:21:18.500511229Z,01JGJ954D80A3HE7KTNFV7SGVB,2025-01-02T01:21:18.500511229Z,01JGJ9HSS1PVQ5KE08DM4AP4ZK,2025-01-02T01:21:18.500511229Z
01JGJ9NZYBA645QHSYA4BN4KSW,01JGJ91WNR8EKXWD9252M85KH6,2025-01-02T01:22:05.387169189Z,01JGJ91WNX5F13GKCWNVF2J9RJ,2025-01-02T01:22:05.387169189Z,01JGJ94C500TJGV4SBK4CSYD3B,2025-01-02T01:22:05.387169189Z,01JGJ9E65EJ30RTE5B9Z8YVXZE,2025-01-02T01:22:05.387169189Z
01JGJ9NZYHZRRSSRJTTZ2HY5KR,01JGJ91WNR8EKXWD9252M85KH6,2025-01-02T01:22:05.393690052Z,01JGJ91WNX5F13GKCWNVF2J9RJ,2025-01-02T01:22:05.393690052Z,01JGJ95VP8S41R8FP9T3C9KW7N,2025-01-02T01:22:05.393690052Z,01JGJ9E65EJ30RTE5B9Z8YVXZE,2025-01-02T01:22:05.393690052Z
01JGJ9E6D3SDS2SQJ0QB5N9H2M,01JGJ91WNR8EKXWD9252M85KH6,2025-01-02T01:17:49.859390893Z,01JGJ91WNX5F13GKCWNVF2J9RJ,2025-01-02T01:17:49.859390893Z,01JGJ94C500TJGV4SBK4CSYD3B,2025-01-02T01:17:49.859390893Z,01JGJ9E65B4XGAAF0TXPZHW1H8,2025-01-02T01:17:49.859390893Z
01JGJ9HT3BWY7X786SCJTC65X4,01JGJ91W6V8C9DH2MJ6H5G14S8,2025-01-02T01:19:48.331704418Z,01JGJ91W71P8SZ6D1PAER2PRBZ,2025-01-02T01:19:48.331704418Z,01JGJ95B59Q3RY1QM27B7969HB,2025-01-02T01:19:48.331704418Z,01JGJ9HSRZWCM9VEHER3ZHYFE2,2025-01-02T01:19:48.331704418Z
01JGJ9E6DBC1MSZ3F0E7SD42VZ,01JGJ91WNR8EKXWD9252M85KH6,2025-01-02T01:17:49.867034538Z,01JGJ91WNX5F13GKCWNVF2J9RJ,2025-01-02T01:17:49.867034538Z,01JGJ95VP8S41R8FP9T3C9KW7N,2025-01-02T01:17:49.867034538Z,01JGJ9E65B4XGAAF0TXPZHW1H8,2025-01-02T01:17:49.867034538Z
01JGJ9BH7AMJK3BQN2FPEWE5P6,01JGJ7Q1TDDCFSCSJJK08YWG8D,2025-01-02T01:16:22.634710691Z,01JGJ7Q1TKQHEXHB6FKQWS62NY,2025-01-02T01:16:22.634710691Z,01JGJ94QTAFRADNWKFYSRWV34E,2025-01-02T01:16:22.634710691Z,01JGJ9BGY16AQVRZXYNNMYR14E,2025-01-02T01:16:22.634710691Z
01JGJ9FG0C6VBB1V3TSC5NV7WX,01JGJ7Q1TDDCFSCSJJK08YWG8D,2025-01-02T01:18:32.460206752Z,01JGJ7Q1TKQHEXHB6FKQWS62NY,2025-01-02T01:18:32.460206752Z,01JGJ94QTAFRADNWKFYSRWV34E,2025-01-02T01:18:32.460206752Z,01JGJ9BGY4N0Y0DZH7SX36AVQE,2025-01-02T01:18:32.460206752Z
01JGJ9H876YZQQP51V7W704XP9,01JGJ7Q1TDDCFSCSJJK08YWG8D,2025-01-02T01:19:30.022620292Z,01JGJ7Q1TKQHEXHB6FKQWS62NY,2025-01-02T01:19:30.022620292Z,01JGJ94W25ZX0N4A835SNRV4AZ,2025-01-02T01:19:30.022620292Z,01JGJ9BGY6QCGQ76GHZ6N6X372,2025-01-02T01:19:30.022620292Z
01JGJ9HT38JP7WAEYF6PYRW81D,01JGJ91W6V8C9DH2MJ6H5G14S8,2025-01-02T01:19:48.328716193Z,01JGJ91W71P8SZ6D1PAER2PRBZ,2025-01-02T01:19:48.328716193Z,01JGJ954D80A3HE7KTNFV7SGVB,2025-01-02T01:19:48.328716193Z,01JGJ9HSRZWCM9VEHER3ZHYFE2,2025-01-02T01:19:48.328716193Z
01JGJ9P3WXBK20AZ02N1XB5MQE,01JGJ7Q1TDDCFSCSJJK08YWG8D,2025-01-02T01:22:09.437615275Z,01JGJ7Q1TKQHEXHB6FKQWS62NY,2025-01-02T01:22:09.437615275Z,01JGJ94W25ZX0N4A835SNRV4AZ,2025-01-02T01:22:09.437615275Z,01JGJ9BGY4N0Y0DZH7S7QT9B6Z,2025-01-02T01:22:09.437615275Z
01JGJ9P56EHNGX70W8W636SREG,01JGJ91W6V8C9DH2MJ6H5G14S8,2025-01-02T01:22:10.766096865Z,01JGJ91W71P8SZ6D1PAER2PRBZ,2025-01-02T01:22:10.766096865Z,01JGJ94RBH0GDKFRJ4P5NF0QPG,2025-01-02T01:22:10.766096865Z,01JGJ9HSS68PYJ6ZMYBSTBWSZK,2025-01-02T01:22:10.766096865Z
01JGJ9P56M6WQSZKBRVK3VXRXW,01JGJ91W6V8C9DH2MJ6H5G14S8,2025-01-02T01:22:10.772082251Z,01JGJ91W71P8SZ6D1PAER2PRBZ,2025-01-02T01:22:10.772082251Z,01JGJ954D80A3HE7KTNFV7SGVB,2025-01-02T01:22:10.772082251Z,01JGJ9HSS68PYJ6ZMYBSTBWSZK,2025-01-02T01:22:10.772082251Z
01JGJ96B7AYH18GJV7WWVSJG8A,01JGJ7Q38M5BAPANAG3C1DAXJB,2025-01-02T01:13:32.650281455Z,01JGJ7Q38SSSW9T0GHA4JNYXNP,2025-01-02T01:13:32.650281455Z,01JGJ8NDJE69WXDGNEW1G7YDMZ,2025-01-02T01:13:32.650281455Z,01JGJ8SNNCEQRJ9J2XPM3W8A3C,2025-01-02T01:13:32.650281455Z
01JGJ9E6FZWD5WAYSVQN8HX78V,01JGJ7Q1TDDCFSCSJJK08YWG8D,2025-01-02T01:17:49.951024651Z,01JGJ7Q1TKQHEXHB6FKQWS62NY,2025-01-02T01:17:49.951024651Z,01JGJ95V0TC1EPB333C5EM1SPB,2025-01-02T01:17:49.951024651Z,01JGJ9BGY27C57BN2651FYDWMJ,2025-01-02T01:17:49.951024651Z
01JGJ9GYEZ3QMT4RR70J656HMM,01JGJ91WNR8EKXWD9252M85KH6,2025-01-02T01:19:20.031890582Z,01JGJ91WNX5F13GKCWNVF2J9RJ,2025-01-02T01:19:20.031890582Z,01JGJ94C500TJGV4SBK4CSYD3B,2025-01-02T01:19:20.031890582Z,01JGJ9E65CPVXRC1XSVJHY625W,2025-01-02T01:19:20.031890582Z
01JGJ9ME2NV2N6DQVKKVR68CFA,01JGJ7Q1TDDCFSCSJJK08YWG8D,2025-01-02T01:21:14.325625148Z,01JGJ7Q1TKQHEXHB6FKQWS62NY,2025-01-02T01:21:14.325625148Z,01JGJ94QTAFRADNWKFYSRWV34E,2025-01-02T01:21:14.325625148Z,01JGJ9BGY5X7VAGHYRKWF0VQTG,2025-01-02T01:21:14.325625148Z
01JGJ94K69G3Z11JHTS0GZNKV0,01JGJ7Q38M5BAPANAG3C1DAXJB,2025-01-02T01:12:35.27319366Z,01JGJ7Q38SSSW9T0GHA4JNYXNP,2025-01-02T01:12:35.27319366Z,01JGJ8EG842FDVC5C0YTD0YVCT,2025-01-02T01:12:35.27319366Z,01JGJ8SNNA51WEBFKCTD33DTZJ,2025-01-02T01:12:35.27319366Z
01JGJ8ZGDSNN2W4YXYTEZS397Y,01JGJ7Q38M5BAPANAG3C1DAXJB,2025-01-02T01:09:48.601552671Z,01JGJ7Q38SSSW9T0GHA4JNYXNP,2025-01-02T01:09:48.601552671Z,01JGJ8FGEKNEMV6BVYQ46ASE3B,2025-01-02T01:09:48.601552671Z,01JGJ8SNNCEQRJ9J2XP1AT1M6F,2025-01-02T01:09:48.601552671Z
01JGJ9182S9Z66JV3B4MKG40XG,01JGJ7Q38M5BAPANAG3C1DAXJB,2025-01-02T01:10:45.593830581Z,01JGJ7Q38SSSW9T0GHA4JNYXNP,2025-01-02T01:10:45.593830581Z,01JGJ8EG842FDVC5C0YTD0YVCT,2025-01-02T01:10:45.593830581Z,01JGJ8SNNB4KP1MBMGRY865E39,2025-01-02T01:10:45.593830581Z
01JGJ94K6CY5R6MF4QZ1HG471A,01JGJ7Q38M5BAPANAG3C1DAXJB,2025-01-02T01:12:35.276122209Z,01JGJ7Q38SSSW9T0GHA4JNYXNP,2025-01-02T01:12:35.276122209Z,01JGJ8FGEKNEMV6BVYQ46ASE3B,2025-01-02T01:12:35.276122209Z,01JGJ8SNNA51WEBFKCTD33DTZJ,2025-01-02T01:12:35.276122209Z
01JGJ9BH7D4NMKJMZP8RH3TFJ0,01JGJ7Q1TDDCFSCSJJK08YWG8D,2025-01-02T01:16:22.637154053Z,01JGJ7Q1TKQHEXHB6FKQWS62NY,2025-01-02T01:16:22.637154053Z,01JGJ94W25ZX0N4A835SNRV4AZ,2025-01-02T01:16:22.637154053Z,01JGJ9BGY16AQVRZXYNNMYR14E,2025-01-02T01:16:22.637154053Z
01JGJ9E6FTV875X62H77M7M38D,01JGJ7Q1TDDCFSCSJJK08YWG8D,2025-01-02T01:17:49.946344432Z,01JGJ7Q1TKQHEXHB6FKQWS62NY,2025-01-02T01:17:49.946344432Z,01JGJ94QTAFRADNWKFYSRWV34E,2025-01-02T01:17:49.946344432Z,01JGJ9BGY27C57BN2651FYDWMJ,2025-01-02T01:17:49.946344432Z
01JGJ9JS5WS5Y9527P9CR5D12K,01JGJ91WNR8EKXWD9252M85KH6,2025-01-02T01:20:20.156406187Z,01JGJ91WNX5F13GKCWNVF2J9RJ,2025-01-02T01:20:20.156406187Z,01JGJ97WYSVBVNK284VS5XMK3S,2025-01-02T01:20:20.156406187Z,01JGJ9E65DBDGAQEGZ5V0PYFA2,2025-01-02T01:20:20.156406187Z
01JGJ8WC8RWSX34W5BHJGN1PMJ,01JGJ7Q38M5BAPANAG3C1DAXJB,2025-01-02T01:08:06.040896712Z,01JGJ7Q38SSSW9T0GHA4JNYXNP,2025-01-02T01:08:06.040896712Z,01JGJ8EG842FDVC5C0YTD0YVCT,2025-01-02T01:08:06.040896712Z,01JGJ8SNN6YNGVP15AJ4F613NQ,2025-01-02T01:08:06.040896712Z
01JGJ94K6EBMZGBT89GBA2ZVJ2,01JGJ7Q38M5BAPANAG3C1DAXJB,2025-01-02T01:12:35.278913123Z,01JGJ7Q38SSSW9T0GHA4JNYXNP,2025-01-02T01:12:35.278913123Z,01JGJ8NDJE69WXDGNEW1G7YDMZ,2025-01-02T01:12:35.278913123Z,01JGJ8SNNA51WEBFKCTD33DTZJ,2025-01-02T01:12:35.278913123Z
01JGJ96B7187C4JMNNH4YMNWTT,01JGJ7Q38M5BAPANAG3C1DAXJB,2025-01-02T01:13:32.641179088Z,01JGJ7Q38SSSW9T0GHA4JNYXNP,2025-01-02T01:13:32.641179088Z,01JGJ8EG842FDVC5C0YTD0YVCT,2025-01-02T01:13:32.641179088Z,01JGJ8SNNCEQRJ9J2XPM3W8A3C,2025-01-02T01:13:32.641179088Z
01JGJ9E6D6SQ8SVX3ZJB9CV3J6,01JGJ91WNR8EKXWD9252M85KH6,2025-01-02T01:17:49.862647024Z,01JGJ91WNX5F13GKCWNVF2J9RJ,2025-01-02T01:17:49.862647024Z,01JGJ95AJGMPFDE6P3QTD00D0J,2025-01-02T01:17:49.862647024Z,01JGJ9E65B4XGAAF0TXPZHW1H8,2025-01-02T01:17:49.862647024Z
01JGJ9E6FWKK1QHD5BV8P7P6VM,01JGJ7Q1TDDCFSCSJJK08YWG8D,2025-01-02T01:17:49.948467007Z,01JGJ7Q1TKQHEXHB6FKQWS62NY,2025-01-02T01:17:49.948467007Z,01JGJ94W25ZX0N4A835SNRV4AZ,2025-01-02T01:17:49.948467007Z,01JGJ9BGY27C57BN2651FYDWMJ,2025-01-02T01:17:49.948467007Z
01JGJ9FG0EQ1S91D8FGJPN71H2,01JGJ7Q1TDDCFSCSJJK08YWG8D,2025-01-02T01:18:32.462949953Z,01JGJ7Q1TKQHEXHB6FKQWS62NY,2025-01-02T01:18:32.462949953Z,01JGJ94W25ZX0N4A835SNRV4AZ,2025-01-02T01:18:32.462949953Z,01JGJ9BGY4N0Y0DZH7SX36AVQE,2025-01-02T01:18:32.462949953Z
01JGJ9JS5K1Y01QFGWCVA8503W,01JGJ91WNR8EKXWD9252M85KH6,2025-01-02T01:20:20.147094936Z,01JGJ91WNX5F13GKCWNVF2J9RJ,2025-01-02T01:20:20.147094936Z,01JGJ94C500TJGV4SBK4CSYD3B,2025-01-02T01:20:20.147094936Z,01JGJ9E65DBDGAQEGZ5V0PYFA2,2025-01-02T01:20:20.147094936Z
01JGJ9MB38QK4K33JCJEH1WR35,01JGJ91WNR8EKXWD9252M85KH6,2025-01-02T01:21:11.27222033Z,01JGJ91WNX5F13GKCWNVF2J9RJ,2025-01-02T01:21:11.27222033Z,01JGJ95VP8S41R8FP9T3C9KW7N,2025-01-02T01:21:11.27222033Z,01JGJ9E65EJ30RTE5BABHDXGSY,2025-01-02T01:21:11.27222033Z
01JGJ9MB3EMCPKCX6MPY4MPVBF,01JGJ91WNR8EKXWD9252M85KH6,2025-01-02T01:21:11.278624525Z,01JGJ91WNX5F13GKCWNVF2J9RJ,2025-01-02T01:21:11.278624525Z,01JGJ97WYSVBVNK284VS5XMK3S,2025-01-02T01:21:11.278624525Z,01JGJ9E65EJ30RTE5BABHDXGSY,2025-01-02T01:21:11.278624525Z
01JGJ8WC8Y71A3XP9GVJG25N9T,01JGJ7Q38M5BAPANAG3C1DAXJB,2025-01-02T01:08:06.04702354Z,01JGJ7Q38SSSW9T0GHA4JNYXNP,2025-01-02T01:08:06.04702354Z,01JGJ8NDJE69WXDGNEW1G7YDMZ,2025-01-02T01:08:06.04702354Z,01JGJ8SNN6YNGVP15AJ4F613NQ,2025-01-02T01:08:06.04702354Z
01JGJ9NZYEZ2QWY9PX0X6QGQN6,01JGJ91WNR8EKXWD9252M85KH6,2025-01-02T01:22:05.39002961Z,01JGJ91WNX5F13GKCWNVF2J9RJ,2025-01-02T01:22:05.39002961Z,01JGJ95AJGMPFDE6P3QTD00D0J,2025-01-02T01:22:05.39002961Z,01JGJ9E65EJ30RTE5B9Z8YVXZE,2025-01-02T01:22:05.39002961Z
01JGJ9ME2WRFJQMYGCDWSG9P47,01JGJ7Q1TDDCFSCSJJK08YWG8D,2025-01-02T01:21:14.332234638Z,01JGJ7Q1TKQHEXHB6FKQWS62NY,2025-01-02T01:21:14.332234638Z,01JGJ95V0TC1EPB333C5EM1SPB,2025-01-02T01:21:14.332234638Z,01JGJ9BGY5X7VAGHYRKWF0VQTG,2025-01-02T01:21:14.332234638Z
01JGJ92XR6DXAENR5KZN13HBXW,01JGJ7Q38M5BAPANAG3C1DAXJB,2025-01-02T01:11:40.550050191Z,01JGJ7Q38SSSW9T0GHA4JNYXNP,2025-01-02T01:11:40.550050191Z,01JGJ8FGEKNEMV6BVYQ46ASE3B,2025-01-02T01:11:40.550050191Z,01JGJ8SNNDNDCA93J3P1S9SPH4,2025-01-02T01:11:40.550050191Z
01JGJ9H86YG6SQ96RBPVBE79YR,01JGJ7Q1TDDCFSCSJJK08YWG8D,2025-01-02T01:19:30.014885269Z,01JGJ7Q1TKQHEXHB6FKQWS62NY,2025-01-02T01:19:30.014885269Z,01JGJ948GC4NV6SASK3X2XH9YW,2025-01-02T01:19:30.014885269Z,01JGJ9BGY6QCGQ76GHZ6N6X372,2025-01-02T01:19:30.014885269Z
01JGJ9H879KGNPAMNKAYX5MC1W,01JGJ7Q1TDDCFSCSJJK08YWG8D,2025-01-02T01:19:30.025579301Z,01JGJ7Q1TKQHEXHB6FKQWS62NY,2025-01-02T01:19:30.025579301Z,01JGJ95V0TC1EPB333C5EM1SPB,2025-01-02T01:19:30.025579301Z,01JGJ9BGY6QCGQ76GHZ6N6X372,2025-01-02T01:19:30.025579301Z
01JGJ9HT32NM9KBGX9E42XYQV9,01JGJ91W6V8C9DH2MJ6H5G14S8,2025-01-02T01:19:48.322772351Z,01JGJ91W71P8SZ6D1PAER2PRBZ,2025-01-02T01:19:48.322772351Z,01JGJ94RBH0GDKFRJ4P5NF0QPG,2025-01-02T01:19:48.322772351Z,01JGJ9HSRZWCM9VEHER3ZHYFE2,2025-01-02T01:19:48.322772351Z
01JGJ9JS5SXQBBW67WGT470Y4C,01JGJ91WNR8EKXWD9252M85KH6,2025-01-02T01:20:20.153147112Z,01JGJ91WNX5F13GKCWNVF2J9RJ,2025-01-02T01:20:20.153147112Z,01JGJ95VP8S41R8FP9T3C9KW7N,2025-01-02T01:20:20.153147112Z,01JGJ9E65DBDGAQEGZ5V0PYFA2,2025-01-02T01:20:20.153147112Z
01JGJ9MB31GE7EPVWB8HXD77SC,01JGJ91WNR8EKXWD9252M85KH6,2025-01-02T01:21:11.265094288Z,01JGJ91WNX5F13GKCWNVF2J9RJ,2025-01-02T01:21:11.265094288Z,01JGJ95AJGMPFDE6P3QTD00D0J,2025-01-02T01:21:11.265094288Z,01JGJ9E65EJ30RTE5BABHDXGSY,2025-01-02T01:21:11.265094288Z
01JGJ9ME2GK7GP6GCY7XDFEQ8Q,01JGJ7Q1TDDCFSCSJJK08YWG8D,2025-01-02T01:21:14.320664303Z,01JGJ7Q1TKQHEXHB6FKQWS62NY,2025-01-02T01:21:14.320664303Z,01JGJ948GC4NV6SASK3X2XH9YW,2025-01-02T01:21:14.320664303Z,01JGJ9BGY5X7VAGHYRKWF0VQTG,2025-01-02T01:21:14.320664303Z
01JGJ8Y30H0CGT6JP29ZKYPBPX,01JGJ7Q38M5BAPANAG3C1DAXJB,2025-01-02T01:09:02.097311377Z,01JGJ7Q38SSSW9T0GHA4JNYXNP,2025-01-02T01:09:02.097311377Z,01JGJ8NDJE69WXDGNEW1G7YDMZ,2025-01-02T01:09:02.097311377Z,01JGJ8SNNA51WEBFKCSSDF2P3Z,2025-01-02T01:09:02.097311377Z
01JGJ9P1JR2N9WCN9WEA6NEF7N,01JGJ91VJB96BD050J4248JZJ3,2025-01-02T01:22:07.064838298Z,01JGJ91VJH075JR7FCHZ0ZNBRG,2025-01-02T01:22:07.064838298Z,01JGJ95N90CG5SAQ4JPZVEPGFY,2025-01-02T01:22:07.064838298Z,01JGJ9P19S5H7TNT4C9M377B1Q,2025-01-02T01:22:07.064838298Z
01JGJ9P56QMTTNMAR1PSXJ2392,01JGJ91W6V8C9DH2MJ6H5G14S8,2025-01-02T01:22:10.775120876Z,01JGJ91W71P8SZ6D1PAER2PRBZ,2025-01-02T01:22:10.775120876Z,01JGJ95B59Q3RY1QM27B7969HB,2025-01-02T01:22:10.775120876Z,01JGJ9HSS68PYJ6ZMYBSTBWSZK,2025-01-02T01:22:10.775120876Z
01JGJ9P1JM1TEZRAYQXH13D15J,01JGJ91VJB96BD050J4248JZJ3,2025-01-02T01:22:07.060652791Z,01JGJ91VJH075JR7FCHZ0ZNBRG,2025-01-02T01:22:07.060652791Z,01JGJ9465X36949TVBV0HP2SE4,2025-01-02T01:22:07.060652791Z,01JGJ9P19S5H7TNT4C9M377B1Q,2025-01-02T01:22:07.060652791Z
01JGJ9H872T3V7MZSN1W24W7K0,01JGJ7Q1TDDCFSCSJJK08YWG8D,2025-01-02T01:19:30.018657946Z,01JGJ7Q1TKQHEXHB6FKQWS62NY,2025-01-02T01:19:30.018657946Z,01JGJ94QTAFRADNWKFYSRWV34E,2025-01-02T01:19:30.018657946Z,01JGJ9BGY6QCGQ76GHZ6N6X372,2025-01-02T01:19:30.018657946Z
01JGJ9K2D9C0P4EA45232FWVFQ,01JGJ7Q1TDDCFSCSJJK08YWG8D,2025-01-02T01:20:29.609888204Z,01JGJ7Q1TKQHEXHB6FKQWS62NY,2025-01-02T01:20:29.609888204Z,01JGJ948GC4NV6SASK3X2XH9YW,2025-01-02T01:20:29.609888204Z,01JGJ9BGY5X7VAGHYRMA6CZV8X,2025-01-02T01:20:29.609888204Z
01JGJ8Y30CXQY23KS37035CJ9S,01JGJ7Q38M5BAPANAG3C1DAXJB,2025-01-02T01:09:02.092240322Z,01JGJ7Q38SSSW9T0GHA4JNYXNP,2025-01-02T01:09:02.092240322Z,01JGJ8EG842FDVC5C0YTD0YVCT,2025-01-02T01:09:02.092240322Z,01JGJ8SNNA51WEBFKCSSDF2P3Z,2025-01-02T01:09:02.092240322Z
01JGJ9GYF2D4P1HVGH2N19CTCJ,01JGJ91WNR8EKXWD9252M85KH6,2025-01-02T01:19:20.034425101Z,01JGJ91WNX5F13GKCWNVF2J9RJ,2025-01-02T01:19:20.034425101Z,01JGJ95AJGMPFDE6P3QTD00D0J,2025-01-02T01:19:20.034425101Z,01JGJ9E65CPVXRC1XSVJHY625W,2025-01-02T01:19:20.034425101Z
01JGJ9MJ4YFT4TR621NB8C61GZ,01JGJ91W6V8C9DH2MJ6H5G14S8,2025-01-02T01:21:18.494921076Z,01JGJ91W71P8SZ6D1PAER2PRBZ,2025-01-02T01:21:18.494921076Z,01JGJ94RBH0GDKFRJ4P5NF0QPG,2025-01-02T01:21:18.494921076Z,01JGJ9HSS1PVQ5KE08DM4AP4ZK,2025-01-02T01:21:18.494921076Z
01JGJ92XRAZQPG0F8MS9KQE93C,01JGJ7Q38M5BAPANAG3C1DAXJB,2025-01-02T01:11:40.554898888Z,01JGJ7Q38SSSW9T0GHA4JNYXNP,2025-01-02T01:11:40.554898888Z,01JGJ8NP5VXXT2KXEA8CTWEJZZ,2025-01-02T01:11:40.554898888Z,01JGJ8SNNDNDCA93J3P1S9SPH4,2025-01-02T01:11:40.554898888Z
01JGJ8SP02RS8P2VB6R3Q1JS5C,01JGJ7Q38M5BAPANAG3C1DAXJB,2025-01-02T01:06:37.698921385Z,01JGJ7Q38SSSW9T0GHA4JNYXNP,2025-01-02T01:06:37.698921385Z,01JGJ8NP5VXXT2KXEA8CTWEJZZ,2025-01-02T01:06:37.698921385Z,01JGJ8SNN5KWVQ3EPBJQ0HWT6E,2025-01-02T01:06:37.698921385Z
01JGJ9182ZM1452E3Z8XD9T9QR,01JGJ7Q38M5BAPANAG3C1DAXJB,2025-01-02T01:10:45.599592852Z,01JGJ7Q38SSSW9T0GHA4JNYXNP,2025-01-02T01:10:45.599592852Z,01JGJ8NDJE69WXDGNEW1G7YDMZ,2025-01-02T01:10:45.599592852Z,01JGJ8SNNB4KP1MBMGRY865E39,2025-01-02T01:10:45.599592852Z
01JGJ9GYF7Y96ZK7QX1WQ4H2QE,01JGJ91WNR8EKXWD9252M85KH6,2025-01-02T01:19:20.040009126Z,01JGJ91WNX5F13GKCWNVF2J9RJ,2025-01-02T01:19:20.040009126Z,01JGJ97WYSVBVNK284VS5XMK3S,2025-01-02T01:19:20.040009126Z,01JGJ9E65CPVXRC1XSVJHY625W,2025-01-02T01:19:20.040009126Z
01JGJ9P3WTDQ93MW3RQM19TAE2,01JGJ7Q1TDDCFSCSJJK08YWG8D,2025-01-02T01:22:09.434127214Z,01JGJ7Q1TKQHEXHB6FKQWS62NY,2025-01-02T01:22:09.434127214Z,01JGJ94QTAFRADNWKFYSRWV34E,2025-01-02T01:22:09.434127214Z,01JGJ9BGY4N0Y0DZH7S7QT9B6Z,2025-01-02T01:22:09.434127214Z
01JGJ9P56GK230W9N46BTE7EMT,01JGJ91W6V8C9DH2MJ6H5G14S8,2025-01-02T01:22:10.768933843Z,01JGJ91W71P8SZ6D1PAER2PRBZ,2025-01-02T01:22:10.768933843Z,01JGJ94SCJPS10SPMA7QRTFWBB,2025-01-02T01:22:10.768933843Z,01JGJ9HSS68PYJ6ZMYBSTBWSZK,2025-01-02T01:22:10.768933843Z
01JGJ8SNZVWW0KHVG8CNQ2Q4BW,01JGJ7Q38M5BAPANAG3C1DAXJB,2025-01-02T01:06:37.691429375Z,01JGJ7Q38SSSW9T0GHA4JNYXNP,2025-01-02T01:06:37.691429375Z,01JGJ8EG842FDVC5C0YTD0YVCT,2025-01-02T01:06:37.691429375Z,01JGJ8SNN5KWVQ3EPBJQ0HWT6E,2025-01-02T01:06:37.691429375Z
01JGJ9182WXZF67J9QDKMXV5P0,01JGJ7Q38M5BAPANAG3C1DAXJB,2025-01-02T01:10:45.596835722Z,01JGJ7Q38SSSW9T0GHA4JNYXNP,2025-01-02T01:10:45.596835722Z,01JGJ8FGEKNEMV6BVYQ46ASE3B,2025-01-02T01:10:45.596835722Z,01JGJ8SNNB4KP1MBMGRY865E39,2025-01-02T01:10:45.596835722Z
01JGJ94K6J7RQJQA65F86J30RZ,01JGJ7Q38M5BAPANAG3C1DAXJB,2025-01-02T01:12:35.282325016Z,01JGJ7Q38SSSW9T0GHA4JNYXNP,2025-01-02T01:12:35.282325016Z,01JGJ8NP5VXXT2KXEA8CTWEJZZ,2025-01-02T01:12:35.282325016Z,01JGJ8SNNA51WEBFKCTD33DTZJ,2025-01-02T01:12:35.282325016Z
01JGJ9FG093ZF81XS0S5MVJJPT,01JGJ7Q1TDDCFSCSJJK08YWG8D,2025-01-02T01:18:32.457232551Z,01JGJ7Q1TKQHEXHB6FKQWS62NY,2025-01-02T01:18:32.457232551Z,01JGJ948GC4NV6SASK3X2XH9YW,2025-01-02T01:18:32.457232551Z,01JGJ9BGY4N0Y0DZH7SX36AVQE,2025-01-02T01:18:32.457232551Z
01JGJ9K2DC3WE6MWDG21CYZD6V,01JGJ7Q1TDDCFSCSJJK08YWG8D,2025-01-02T01:20:29.612658872Z,01JGJ7Q1TKQHEXHB6FKQWS62NY,2025-01-02T01:20:29.612658872Z,01JGJ94QTAFRADNWKFYSRWV34E,2025-01-02T01:20:29.612658872Z,01JGJ9BGY5X7VAGHYRMA6CZV8X,2025-01-02T01:20:29.612658872Z
01JGJ9NZYMW124D8F2E2ZZKG89,01JGJ91WNR8EKXWD9252M85KH6,2025-01-02T01:22:05.396823743Z,01JGJ91WNX5F13GKCWNVF2J9RJ,2025-01-02T01:22:05.396823743Z,01JGJ97WYSVBVNK284VS5XMK3S,2025-01-02T01:22:05.396823743Z,01JGJ9E65EJ30RTE5B9Z8YVXZE,2025-01-02T01:22:05.396823743Z
01JGJ8ZGDZ060PJJXH9P20W8R6,01JGJ7Q38M5BAPANAG3C1DAXJB,2025-01-02T01:09:48.607124191Z,01JGJ7Q38SSSW9T0GHA4JNYXNP,2025-01-02T01:09:48.607124191Z,01JGJ8NP5VXXT2KXEA8CTWEJZZ,2025-01-02T01:09:48.607124191Z,01JGJ8SNNCEQRJ9J2XP1AT1M6F,2025-01-02T01:09:48.607124191Z
01JGJ8Y30F5RZEFF9YZJAQWT0X,01JGJ7Q38M5BAPANAG3C1DAXJB,2025-01-02T01:09:02.095070644Z,01JGJ7Q38SSSW9T0GHA4JNYXNP,2025-01-02T01:09:02.095070644Z,01JGJ8FGEKNEMV6BVYQ46ASE3B,2025-01-02T01:09:02.095070644Z,01JGJ8SNNA51WEBFKCSSDF2P3Z,2025-01-02T01:09:02.095070644Z
01JGJ8Y30KN07RPHFKWQ8SR131,01JGJ7Q38M5BAPANAG3C1DAXJB,2025-01-02T01:09:02.099680498Z,01JGJ7Q38SSSW9T0GHA4JNYXNP,2025-01-02T01:09:02.099680498Z,01JGJ8NP5VXXT2KXEA8CTWEJZZ,2025-01-02T01:09:02.099680498Z,01JGJ8SNNA51WEBFKCSSDF2P3Z,2025-01-02T01:09:02.099680498Z
01JGJ9HT3579HBE20JGSPG2ZGJ,01JGJ91W6V8C9DH2MJ6H5G14S8,2025-01-02T01:19:48.325780945Z,01JGJ91W71P8SZ6D1PAER2PRBZ,2025-01-02T01:19:48.325780945Z,01JGJ94SCJPS10SPMA7QRTFWBB,2025-01-02T01:19:48.325780945Z,01JGJ9HSRZWCM9VEHER3ZHYFE2,2025-01-02T01:19:48.325780945Z
01JGJ9MJ51CX8JMTW0H3NDRV17,01JGJ91W6V8C9DH2MJ6H5G14S8,2025-01-02T01:21:18.497530074Z,01JGJ91W71P8SZ6D1PAER2PRBZ,2025-01-02T01:21:18.497530074Z,01JGJ94SCJPS10SPMA7QRTFWBB,2025-01-02T01:21:18.497530074Z,01JGJ9HSS1PVQ5KE08DM4AP4ZK,2025-01-02T01:21:18.497530074Z
01JGJ9MJ5BTPTPY7GY4KCG5B83,01JGJ91W6V8C9DH2MJ6H5G14S8,2025-01-02T01:21:18.507438197Z,01JGJ91W71P8SZ6D1PAER2PRBZ,2025-01-02T01:21:18.507438197Z,01JGJ95B59Q3RY1QM27B7969HB,2025-01-02T01:21:18.507438197Z,01JGJ9HSS1PVQ5KE08DM4AP4ZK,2025-01-02T01:21:18.507438197Z
01JGJ9P3WQEJVYHMHKDZ9YVS51,01JGJ7Q1TDDCFSCSJJK08YWG8D,2025-01-02T01:22:09.431289868Z,01JGJ7Q1TKQHEXHB6FKQWS62NY,2025-01-02T01:22:09.431289868Z,01JGJ948GC4NV6SASK3X2XH9YW,2025-01-02T01:22:09.431289868Z,01JGJ9BGY4N0Y0DZH7S7QT9B6Z,2025-01-02T01:22:09.431289868Z
01JGJ8WC8WB9TYT4F58NC1Z7HR,01JGJ7Q38M5BAPANAG3C1DAXJB,2025-01-02T01:08:06.044244822Z,01JGJ7Q38SSSW9T0GHA4JNYXNP,2025-01-02T01:08:06.044244822Z,01JGJ8FGEKNEMV6BVYQ46ASE3B,2025-01-02T01:08:06.044244822Z,01JGJ8SNN6YNGVP15AJ4F613NQ,2025-01-02T01:08:06.044244822Z
