id,batchID,batchIDLastChangedAt,confidence,confidenceLastChangedAt,gameID,gameIDLastChangedAt,guess,guessLastChangedAt,playerID,playerIDLastChangedAt,roundID,roundIDLastChangedAt,stageID,stageIDLastChangedAt,submit,submitLastChangedAt
01JGJ9PXAR5BHWQB5V806SND7P,01JGJ91WNR8EKXWD9252M85KH6,2025-01-02T01:22:35.480526079Z,,,01JGJ91WNX5F13GKCWNVF2J9RJ,2025-01-02T01:22:35.480526079Z,,,01JGJ97WYSVBVNK284VS5XMK3S,2025-01-02T01:22:35.480526079Z,01JGJ9E65EJ30RTE5B9Z8YVXZE,2025-01-02T01:22:35.480526079Z,01JGJ9E67TV0803E9BTSP9S4YT,2025-01-02T01:22:35.480526079Z,,
01JGJ90DSKX1KTPX4C3NJ748V3,01JGJ7Q38M5BAPANAG3C1DAXJB,2025-01-02T01:10:18.675238505Z,100,2025-01-02T01:10:21.996200177Z,01JGJ7Q38SSSW9T0GHA4JNYXNP,2025-01-02T01:10:18.675238505Z,100,2025-01-02T01:10:22.019990868Z,01JGJ8NP5VXXT2KXEA8CTWEJZZ,2025-01-02T01:10:18.675238505Z,01JGJ8SNNCEQRJ9J2XP1AT1M6F,2025-01-02T01:10:18.675238505Z,01JGJ8SNQPDV7JJ4GEMWTKJ92W,2025-01-02T01:10:18.675238505Z,true,2025-01-02T01:10:22.009924148Z
01JGJ925EGHBS045653PMX6QR6,01JGJ7Q38M5BAPANAG3C1DAXJB,2025-01-02T01:11:15.664634364Z,71,2025-01-02T01:11:40.513011152Z,01JGJ7Q38SSSW9T0GHA4JNYXNP,2025-01-02T01:11:15.664634364Z,22,2025-01-02T01:11:40.513584878Z,01JGJ8NDJE69WXDGNEW1G7YDMZ,2025-01-02T01:11:15.664634364Z,01JGJ8SNNB4KP1MBMGRY865E39,2025-01-02T01:11:15.664634364Z,01JGJ8SNQSV8E161BBG49XCPC5,2025-01-02T01:11:15.664634364Z,true,2025-01-02T01:11:40.518430874Z
01JGJ9HVTX6TH1P90PX59VR7N4,01JGJ91WNR8EKXWD9252M85KH6,2025-01-02T01:19:50.109593793Z,42,2025-01-02T01:20:17.03650423Z,01JGJ91WNX5F13GKCWNVF2J9RJ,2025-01-02T01:19:50.109593793Z,15,2025-01-02T01:20:17.035480714Z,01JGJ97WYSVBVNK284VS5XMK3S,2025-01-02T01:19:50.109593793Z,01JGJ9E65CPVXRC1XSVJHY625W,2025-01-02T01:19:50.109593793Z,01JGJ9E6731YEXYMP4JBN36P62,2025-01-02T01:19:50.109593793Z,true,2025-01-02T01:20:17.041035313Z
01JGJ9KPHBMK3DDPDCJRVS72YQ,01JGJ91WNR8EKXWD9252M85KH6,2025-01-02T01:20:50.219074578Z,61,2025-01-02T01:21:10.323742022Z,01JGJ91WNX5F13GKCWNVF2J9RJ,2025-01-02T01:20:50.219074578Z,23,2025-01-02T01:21:10.325182433Z,01JGJ95AJGMPFDE6P3QTD00D0J,2025-01-02T01:20:50.219074578Z,01JGJ9E65DBDGAQEGZ5V0PYFA2,2025-01-02T01:20:50.219074578Z,01JGJ9E67M0WENA4VHBCNYX2Q5,2025-01-02T01:20:50.219074578Z,true,2025-01-02T01:21:10.322821861Z
01JGJ9GYFZTJ0XRS13FC2GCGJ1,01JGJ91WNR8EKXWD9252M85KH6,2025-01-02T01:19:20.063494082Z,,,01JGJ91WNX5F13GKCWNVF2J9RJ,2025-01-02T01:19:20.063494082Z,,,01JGJ95VP8S41R8FP9T3C9KW7N,2025-01-02T01:19:20.063494082Z,01JGJ9E65CPVXRC1XSVJHY625W,2025-01-02T01:19:20.063494082Z,01JGJ9E6731YEXYMP4HN8D212S,2025-01-02T01:19:20.063494082Z,,
01JGJ9KZRXF390VDCXQZXTN6VW,01JGJ7Q1TDDCFSCSJJK08YWG8D,2025-01-02T01:20:59.677164859Z,84,2025-01-02T01:21:07.269959155Z,01JGJ7Q1TKQHEXHB6FKQWS62NY,2025-01-02T01:20:59.677164859Z,10,2025-01-02T01:21:07.268628389Z,01JGJ948GC4NV6SASK3X2XH9YW,2025-01-02T01:20:59.677164859Z,01JGJ9BGY5X7VAGHYRMA6CZV8X,2025-01-02T01:20:59.677164859Z,01JGJ9BH0W889V5Q4F173R5R67,2025-01-02T01:20:59.677164859Z,true,2025-01-02T01:21:07.277440895Z
01JGJ9P1KN9N2P9B8QZWKHSGRH,01JGJ91VJB96BD050J4248JZJ3,2025-01-02T01:22:07.093117876Z,,,01JGJ91VJH075JR7FCHZ0ZNBRG,2025-01-02T01:22:07.093117876Z,,,01JGJ9465X36949TVBV0HP2SE4,2025-01-02T01:22:07.093117876Z,01JGJ9P19S5H7TNT4C9M377B1Q,2025-01-02T01:22:07.093117876Z,01JGJ9P1EKPR0HKBCJBMJ0JBAR,2025-01-02T01:22:07.093117876Z,,
01JGJ8SP185VKQXYV9CB074RPJ,01JGJ7Q38M5BAPANAG3C1DAXJB,2025-01-02T01:06:37.736162712Z,,,01JGJ7Q38SSSW9T0GHA4JNYXNP,2025-01-02T01:06:37.736162712Z,,,01JGJ8NDJE69WXDGNEW1G7YDMZ,2025-01-02T01:06:37.736162712Z,01JGJ8SNN5KWVQ3EPBJQ0HWT6E,2025-01-02T01:06:37.736162712Z,01JGJ8SNTQ7Z466W4BGF0DTZY9,2025-01-02T01:06:37.736162712Z,,
01JGJ92XRYZPCHBC4KYFWXMSSC,01JGJ7Q38M5BAPANAG3C1DAXJB,2025-01-02T01:11:40.574992368Z,,,01JGJ7Q38SSSW9T0GHA4JNYXNP,2025-01-02T01:11:40.574992368Z,,,01JGJ8FGEKNEMV6BVYQ46ASE3B,2025-01-02T01:11:40.574992368Z,01JGJ8SNNDNDCA93J3P1S9SPH4,2025-01-02T01:11:40.574992368Z,01JGJ8SNTDA4V91M4BF1TTVY3F,2025-01-02T01:11:40.574992368Z,,
01JGJ9E6GEVEGMXACFAFFYK3W4,01JGJ7Q1TDDCFSCSJJK08YWG8D,2025-01-02T01:17:49.966288613Z,,,01JGJ7Q1TKQHEXHB6FKQWS62NY,2025-01-02T01:17:49.966288613Z,,,01JGJ948GC4NV6SASK3X2XH9YW,2025-01-02T01:17:49.966288613Z,01JGJ9BGY27C57BN2651FYDWMJ,2025-01-02T01:17:49.966288613Z,01JGJ9BH1QZ85NQQGB77YPH25S,2025-01-02T01:17:49.966288613Z,,
01JGJ9GYG2MH32RNR0DKQZRVJJ,01JGJ91WNR8EKXWD9252M85KH6,2025-01-02T01:19:20.066574157Z,,,01JGJ91WNX5F13GKCWNVF2J9RJ,2025-01-02T01:19:20.066574157Z,,,01JGJ97WYSVBVNK284VS5XMK3S,2025-01-02T01:19:20.066574157Z,01JGJ9E65CPVXRC1XSVJHY625W,2025-01-02T01:19:20.066574157Z,01JGJ9E6731YEXYMP4HN8D212S,2025-01-02T01:19:20.066574157Z,,
01JGJ9FG18PDQ942HFC5FJ0KWV,01JGJ7Q1TDDCFSCSJJK08YWG8D,2025-01-02T01:18:32.488468417Z,,,01JGJ7Q1TKQHEXHB6FKQWS62NY,2025-01-02T01:18:32.488468417Z,,,01JGJ94QTAFRADNWKFYSRWV34E,2025-01-02T01:18:32.488468417Z,01JGJ9BGY4N0Y0DZH7SX36AVQE,2025-01-02T01:18:32.488468417Z,01JGJ9BGZG02JM03R71RRRZRTD,2025-01-02T01:18:32.488468417Z,,
01JGJ9183SBDT5V35XE3A55F7W,01JGJ7Q38M5BAPANAG3C1DAXJB,2025-01-02T01:10:45.625482356Z,,,01JGJ7Q38SSSW9T0GHA4JNYXNP,2025-01-02T01:10:45.625482356Z,,,01JGJ8NDJE69WXDGNEW1G7YDMZ,2025-01-02T01:10:45.625482356Z,01JGJ8SNNB4KP1MBMGRY865E39,2025-01-02T01:10:45.625482356Z,01JGJ8SNQSV8E161BBFA6SVTH4,2025-01-02T01:10:45.625482356Z,,
01JGJ9BH8CFZT5VRZR9VA1M9WW,01JGJ7Q1TDDCFSCSJJK08YWG8D,2025-01-02T01:16:22.668831765Z,,,01JGJ7Q1TKQHEXHB6FKQWS62NY,2025-01-02T01:16:22.668831765Z,,,01JGJ95V0TC1EPB333C5EM1SPB,2025-01-02T01:16:22.668831765Z,01JGJ9BGY16AQVRZXYNNMYR14E,2025-01-02T01:16:22.668831765Z,01JGJ9BH2FCP78FVWKE6HXC7D1,2025-01-02T01:16:22.668831765Z,,
01JGJ9GYFSS2NRBP6R40C4NK8Q,01JGJ91WNR8EKXWD9252M85KH6,2025-01-02T01:19:20.05739341Z,,,01JGJ91WNX5F13GKCWNVF2J9RJ,2025-01-02T01:19:20.05739341Z,,,01JGJ94C500TJGV4SBK4CSYD3B,2025-01-02T01:19:20.05739341Z,01JGJ9E65CPVXRC1XSVJHY625W,2025-01-02T01:19:20.05739341Z,01JGJ9E6731YEXYMP4HN8D212S,2025-01-02T01:19:20.05739341Z,,
01JGJ9K2EC8ECF0TQX3RPF5TDP,01JGJ7Q1TDDCFSCSJJK08YWG8D,2025-01-02T01:20:29.644879592Z,,,01JGJ7Q1TKQHEXHB6FKQWS62NY,2025-01-02T01:20:29.644879592Z,,,01JGJ94W25ZX0N4A835SNRV4AZ,2025-01-02T01:20:29.644879592Z,01JGJ9BGY5X7VAGHYRMA6CZV8X,2025-01-02T01:20:29.644879592Z,01JGJ9BH0V7D534G5K1HVBQKWJ,2025-01-02T01:20:29.644879592Z,,
01JGJ9PYYQBNS4CX8DPK8RCT99,01JGJ91VJB96BD050J4248JZJ3,2025-01-02T01:22:37.143517453Z,,,01JGJ91VJH075JR7FCHZ0ZNBRG,2025-01-02T01:22:37.143517453Z,,,01JGJ9465X36949TVBV0HP2SE4,2025-01-02T01:22:37.143517453Z,01JGJ9P19S5H7TNT4C9M377B1Q,2025-01-02T01:22:37.143517453Z,01JGJ9P1EMRSBYB6PTPD2NX4HK,2025-01-02T01:22:37.143517453Z,,
01JGJ8VGPD172HGCRKVC8R3KEG,01JGJ7Q38M5BAPANAG3C1DAXJB,2025-01-02T01:07:37.805371952Z,59,2025-01-02T01:08:05.934242369Z,01JGJ7Q38SSSW9T0GHA4JNYXNP,2025-01-02T01:07:37.805371952Z,60,2025-01-02T01:08:05.93370845Z,01JGJ8NDJE69WXDGNEW1G7YDMZ,2025-01-02T01:07:37.805371952Z,01JGJ8SNN5KWVQ3EPBJQ0HWT6E,2025-01-02T01:07:37.805371952Z,01JGJ8SNTR1YZP5WC2TPZR6ZBS,2025-01-02T01:07:37.805371952Z,true,2025-01-02T01:08:06.009850251Z
01JGJ92XRWZ8THSCE9MAN305GR,01JGJ7Q38M5BAPANAG3C1DAXJB,2025-01-02T01:11:40.572726631Z,,,01JGJ7Q38SSSW9T0GHA4JNYXNP,2025-01-02T01:11:40.572726631Z,,,01JGJ8EG842FDVC5C0YTD0YVCT,2025-01-02T01:11:40.572726631Z,01JGJ8SNNDNDCA93J3P1S9SPH4,2025-01-02T01:11:40.572726631Z,01JGJ8SNTDA4V91M4BF1TTVY3F,2025-01-02T01:11:40.572726631Z,,
01JGJ9GYFV8XW4VCYCBR663CYB,01JGJ91WNR8EKXWD9252M85KH6,2025-01-02T01:19:20.059966657Z,,,01JGJ91WNX5F13GKCWNVF2J9RJ,2025-01-02T01:19:20.059966657Z,,,01JGJ95AJGMPFDE6P3QTD00D0J,2025-01-02T01:19:20.059966657Z,01JGJ9E65CPVXRC1XSVJHY625W,2025-01-02T01:19:20.059966657Z,01JGJ9E6731YEXYMP4HN8D212S,2025-01-02T01:19:20.059966657Z,,
01JGJ96B85B2VH9T3HFE98D4K2,01JGJ7Q38M5BAPANAG3C1DAXJB,2025-01-02T01:13:32.677435626Z,,,01JGJ7Q38SSSW9T0GHA4JNYXNP,2025-01-02T01:13:32.677435626Z,,,01JGJ8EG842FDVC5C0YTD0YVCT,2025-01-02T01:13:32.677435626Z,01JGJ8SNNCEQRJ9J2XPM3W8A3C,2025-01-02T01:13:32.677435626Z,01JGJ8SNQYMASHDJ0YHFPJAZDQ,2025-01-02T01:13:32.677435626Z,,
01JGJ9NFHGK8312XRFY7VNNANV,01JGJ91W6V8C9DH2MJ6H5G14S8,2025-01-02T01:21:48.592353877Z,25,2025-01-02T01:22:01.929172956Z,01JGJ91W71P8SZ6D1PAER2PRBZ,2025-01-02T01:21:48.592353877Z,60,2025-01-02T01:22:01.931907763Z,01JGJ95B59Q3RY1QM27B7969HB,2025-01-02T01:21:48.592353877Z,01JGJ9HSS1PVQ5KE08DM4AP4ZK,2025-01-02T01:21:48.592353877Z,01JGJ9HSX0Y2VQY05Y2ZYE5B6Z,2025-01-02T01:21:48.592353877Z,true,2025-01-02T01:22:01.930444903Z
01JGJ9KZS78JZTTYT79SNWH3CY,01JGJ7Q1TDDCFSCSJJK08YWG8D,2025-01-02T01:20:59.687444862Z,80,2025-01-02T01:21:14.294607804Z,01JGJ7Q1TKQHEXHB6FKQWS62NY,2025-01-02T01:20:59.687444862Z,25,2025-01-02T01:21:14.286798486Z,01JGJ95V0TC1EPB333C5EM1SPB,2025-01-02T01:20:59.687444862Z,01JGJ9BGY5X7VAGHYRMA6CZV8X,2025-01-02T01:20:59.687444862Z,01JGJ9BH0W889V5Q4F173R5R67,2025-01-02T01:20:59.687444862Z,true,2025-01-02T01:21:14.293434084Z
01JGJ9G13YBKNM9AXE2TQDJNGJ,01JGJ91WNR8EKXWD9252M85KH6,2025-01-02T01:18:49.982743996Z,72,2025-01-02T01:19:18.125415876Z,01JGJ91WNX5F13GKCWNVF2J9RJ,2025-01-02T01:18:49.982743996Z,17,2025-01-02T01:19:18.123789237Z,01JGJ95AJGMPFDE6P3QTD00D0J,2025-01-02T01:18:49.982743996Z,01JGJ9E65B4XGAAF0TXPZHW1H8,2025-01-02T01:18:49.982743996Z,01JGJ9E685J0BE6KE7SC8FW2MJ,2025-01-02T01:18:49.982743996Z,true,2025-01-02T01:19:18.196595319Z
01JGJ9H87W34S09P0DP91FTQ8A,01JGJ7Q1TDDCFSCSJJK08YWG8D,2025-01-02T01:19:30.044051567Z,,,01JGJ7Q1TKQHEXHB6FKQWS62NY,2025-01-02T01:19:30.044051567Z,,,01JGJ948GC4NV6SASK3X2XH9YW,2025-01-02T01:19:30.044051567Z,01JGJ9BGY6QCGQ76GHZ6N6X372,2025-01-02T01:19:30.044051567Z,01JGJ9BH14T4HWMREFVFVGF6HQ,2025-01-02T01:19:30.044051567Z,,
01JGJ9NBEND6H6GYTMXWEKEQW6,01JGJ7Q1TDDCFSCSJJK08YWG8D,2025-01-02T01:21:44.405803777Z,100,2025-01-02T01:21:47.70876712Z,01JGJ7Q1TKQHEXHB6FKQWS62NY,2025-01-02T01:21:44.405803777Z,100,2025-01-02T01:21:47.705960961Z,01JGJ94W25ZX0N4A835SNRV4AZ,2025-01-02T01:21:44.405803777Z,01JGJ9BGY5X7VAGHYRKWF0VQTG,2025-01-02T01:21:44.405803777Z,01JGJ9BGZMRSKBC9E3GFNM2JBZ,2025-01-02T01:21:44.405803777Z,true,2025-01-02T01:21:47.707683835Z
01JGJ9NFHAGAEW7GVVK730Z95Z,01JGJ91W6V8C9DH2MJ6H5G14S8,2025-01-02T01:21:48.58637217Z,74,2025-01-02T01:21:56.061961439Z,01JGJ91W71P8SZ6D1PAER2PRBZ,2025-01-02T01:21:48.58637217Z,100,2025-01-02T01:21:56.055759742Z,01JGJ94SCJPS10SPMA7QRTFWBB,2025-01-02T01:21:48.58637217Z,01JGJ9HSS1PVQ5KE08DM4AP4ZK,2025-01-02T01:21:48.58637217Z,01JGJ9HSX0Y2VQY05Y2ZYE5B6Z,2025-01-02T01:21:48.58637217Z,true,2025-01-02T01:21:56.065935404Z
01JGJ8TKBPHT5MBE1FSW6GXA5G,01JGJ7Q38M5BAPANAG3C1DAXJB,2025-01-02T01:07:07.766888706Z,,,01JGJ7Q38SSSW9T0GHA4JNYXNP,2025-01-02T01:07:07.766888706Z,,,01JGJ8FGEKNEMV6BVYQ46ASE3B,2025-01-02T01:07:07.766888706Z,01JGJ8SNN5KWVQ3EPBJQ0HWT6E,2025-01-02T01:07:07.766888706Z,01JGJ8SNTQ7Z466W4BH38ESWM3,2025-01-02T01:07:07.766888706Z,,
01JGJ9CEK48MD0Y7AC4NXZGTAR,01JGJ7Q1TDDCFSCSJJK08YWG8D,2025-01-02T01:16:52.708247248Z,,,01JGJ7Q1TKQHEXHB6FKQWS62NY,2025-01-02T01:16:52.708247248Z,,,01JGJ95V0TC1EPB333C5EM1SPB,2025-01-02T01:16:52.708247248Z,01JGJ9BGY16AQVRZXYNNMYR14E,2025-01-02T01:16:52.708247248Z,01JGJ9BH2FCP78FVWKEXEKM7P5,2025-01-02T01:16:52.708247248Z,,
01JGJ9NZZR2BT0M28VF4BRHFRT,01JGJ91WNR8EKXWD9252M85KH6,2025-01-02T01:22:05.432494161Z,,,01JGJ91WNX5F13GKCWNVF2J9RJ,2025-01-02T01:22:05.432494161Z,,,01JGJ97WYSVBVNK284VS5XMK3S,2025-01-02T01:22:05.432494161Z,01JGJ9E65EJ30RTE5B9Z8YVXZE,2025-01-02T01:22:05.432494161Z,01JGJ9E67S7YNA8J5J3BZZQ0GT,2025-01-02T01:22:05.432494161Z,,
01JGJ93V3M3XAYT5FP0R55GYPS,01JGJ7Q38M5BAPANAG3C1DAXJB,2025-01-02T01:12:10.612840342Z,69,2025-01-02T01:12:35.242963362Z,01JGJ7Q38SSSW9T0GHA4JNYXNP,2025-01-02T01:12:10.612840342Z,30,2025-01-02T01:12:35.241377533Z,01JGJ8FGEKNEMV6BVYQ46ASE3B,2025-01-02T01:12:10.612840342Z,01JGJ8SNNDNDCA93J3P1S9SPH4,2025-01-02T01:12:10.612840342Z,01JGJ8SNTDA4V91M4BFQRBDRK2,2025-01-02T01:12:10.612840342Z,true,2025-01-02T01:12:35.244569581Z
01JGJ9E6GHG8FPXGJ831ET3MJ3,01JGJ7Q1TDDCFSCSJJK08YWG8D,2025-01-02T01:17:49.969598328Z,,,01JGJ7Q1TKQHEXHB6FKQWS62NY,2025-01-02T01:17:49.969598328Z,,,01JGJ94QTAFRADNWKFYSRWV34E,2025-01-02T01:17:49.969598328Z,01JGJ9BGY27C57BN2651FYDWMJ,2025-01-02T01:17:49.969598328Z,01JGJ9BH1QZ85NQQGB77YPH25S,2025-01-02T01:17:49.969598328Z,,
01JGJ9P3XRG4GGQYYQYX5ACQY3,01JGJ7Q1TDDCFSCSJJK08YWG8D,2025-01-02T01:22:09.464795703Z,,,01JGJ7Q1TKQHEXHB6FKQWS62NY,2025-01-02T01:22:09.464795703Z,,,01JGJ94W25ZX0N4A835SNRV4AZ,2025-01-02T01:22:09.464795703Z,01JGJ9BGY4N0Y0DZH7S7QT9B6Z,2025-01-02T01:22:09.464795703Z,01JGJ9BH0SKQC1EHPT7A6D31KY,2025-01-02T01:22:09.464795703Z,,
01JGJ90DSBCPCM682XPM9JHE6Y,01JGJ7Q38M5BAPANAG3C1DAXJB,2025-01-02T01:10:18.667484284Z,81,2025-01-02T01:10:38.229686688Z,01JGJ7Q38SSSW9T0GHA4JNYXNP,2025-01-02T01:10:18.667484284Z,4,2025-01-02T01:10:38.224844186Z,01JGJ8EG842FDVC5C0YTD0YVCT,2025-01-02T01:10:18.667484284Z,01JGJ8SNNCEQRJ9J2XP1AT1M6F,2025-01-02T01:10:18.667484284Z,01JGJ8SNQPDV7JJ4GEMWTKJ92W,2025-01-02T01:10:18.667484284Z,true,2025-01-02T01:10:38.229354665Z
01JGJ9HVTQPKJ92SFNSPW4NJN0,01JGJ91WNR8EKXWD9252M85KH6,2025-01-02T01:19:50.103642839Z,35,2025-01-02T01:20:11.364721551Z,01JGJ91WNX5F13GKCWNVF2J9RJ,2025-01-02T01:19:50.103642839Z,24,2025-01-02T01:20:11.36584815Z,01JGJ95AJGMPFDE6P3QTD00D0J,2025-01-02T01:19:50.103642839Z,01JGJ9E65CPVXRC1XSVJHY625W,2025-01-02T01:19:50.103642839Z,01JGJ9E6731YEXYMP4JBN36P62,2025-01-02T01:19:50.103642839Z,true,2025-01-02T01:20:11.36368798Z
01JGJ9KMSR0K31PB2SQ2VAC1NQ,01JGJ91W6V8C9DH2MJ6H5G14S8,2025-01-02T01:20:48.440463894Z,76,2025-01-02T01:21:17.30202143Z,01JGJ91W71P8SZ6D1PAER2PRBZ,2025-01-02T01:20:48.440463894Z,91,2025-01-02T01:21:17.300082123Z,01JGJ94RBH0GDKFRJ4P5NF0QPG,2025-01-02T01:20:48.440463894Z,01JGJ9HSRZWCM9VEHER3ZHYFE2,2025-01-02T01:20:48.440463894Z,01JGJ9HSYKG7E93R784YAHV8RK,2025-01-02T01:20:48.440463894Z,true,2025-01-02T01:21:17.309627588Z
01JGJ9183VSFHYNS2ZPDZK8FNN,01JGJ7Q38M5BAPANAG3C1DAXJB,2025-01-02T01:10:45.627800063Z,,,01JGJ7Q38SSSW9T0GHA4JNYXNP,2025-01-02T01:10:45.627800063Z,,,01JGJ8NP5VXXT2KXEA8CTWEJZZ,2025-01-02T01:10:45.627800063Z,01JGJ8SNNB4KP1MBMGRY865E39,2025-01-02T01:10:45.627800063Z,01JGJ8SNQSV8E161BBFA6SVTH4,2025-01-02T01:10:45.627800063Z,,
01JGJ978K3SF6CN720DGWVJGPC,01JGJ7Q38M5BAPANAG3C1DAXJB,2025-01-02T01:14:02.723580538Z,90,2025-01-02T01:14:12.372844013Z,01JGJ7Q38SSSW9T0GHA4JNYXNP,2025-01-02T01:14:02.723580538Z,25,2025-01-02T01:14:12.362189811Z,01JGJ8NP5VXXT2KXEA8CTWEJZZ,2025-01-02T01:14:02.723580538Z,01JGJ8SNNCEQRJ9J2XPM3W8A3C,2025-01-02T01:14:02.723580538Z,01JGJ8SNQYMASHDJ0YJ6XH1Q07,2025-01-02T01:14:02.723580538Z,true,2025-01-02T01:14:12.384695704Z
01JGJ9P3XNHZECYDEFKKW8XZJZ,01JGJ7Q1TDDCFSCSJJK08YWG8D,2025-01-02T01:22:09.462094909Z,,,01JGJ7Q1TKQHEXHB6FKQWS62NY,2025-01-02T01:22:09.462094909Z,,,01JGJ94QTAFRADNWKFYSRWV34E,2025-01-02T01:22:09.462094909Z,01JGJ9BGY4N0Y0DZH7S7QT9B6Z,2025-01-02T01:22:09.462094909Z,01JGJ9BH0SKQC1EHPT7A6D31KY,2025-01-02T01:22:09.462094909Z,,
01JGJ9PXAHHT95KR448193YBV3,01JGJ91WNR8EKXWD9252M85KH6,2025-01-02T01:22:35.473058433Z,,,01JGJ91WNX5F13GKCWNVF2J9RJ,2025-01-02T01:22:35.473058433Z,,,01JGJ95AJGMPFDE6P3QTD00D0J,2025-01-02T01:22:35.473058433Z,01JGJ9E65EJ30RTE5B9Z8YVXZE,2025-01-02T01:22:35.473058433Z,01JGJ9E67TV0803E9BTSP9S4YT,2025-01-02T01:22:35.473058433Z,,
01JGJ92XS3YHMS1HZD6FVF297M,01JGJ7Q38M5BAPANAG3C1DAXJB,2025-01-02T01:11:40.579977243Z,,,01JGJ7Q38SSSW9T0GHA4JNYXNP,2025-01-02T01:11:40.579977243Z,,,01JGJ8NP5VXXT2KXEA8CTWEJZZ,2025-01-02T01:11:40.579977243Z,01JGJ8SNNDNDCA93J3P1S9SPH4,2025-01-02T01:11:40.579977243Z,01JGJ8SNTDA4V91M4BF1TTVY3F,2025-01-02T01:11:40.579977243Z,,
01JGJ95GHV1RNDGSQKPM3X6DB8,01JGJ7Q38M5BAPANAG3C1DAXJB,2025-01-02T01:13:05.339955556Z,84,2025-01-02T01:13:26.956484265Z,01JGJ7Q38SSSW9T0GHA4JNYXNP,2025-01-02T01:13:05.339955556Z,9,2025-01-02T01:13:26.953379899Z,01JGJ8EG842FDVC5C0YTD0YVCT,2025-01-02T01:13:05.339955556Z,01JGJ8SNNA51WEBFKCTD33DTZJ,2025-01-02T01:13:05.339955556Z,01JGJ8SNTBHV3ZRF0NX1E9XVWJ,2025-01-02T01:13:05.339955556Z,true,2025-01-02T01:13:26.957025704Z
01JGJ9KMT662M353Y423E91G83,01JGJ91W6V8C9DH2MJ6H5G14S8,2025-01-02T01:20:48.454987368Z,,,01JGJ91W71P8SZ6D1PAER2PRBZ,2025-01-02T01:20:48.454987368Z,,,01JGJ95B59Q3RY1QM27B7969HB,2025-01-02T01:20:48.454987368Z,01JGJ9HSRZWCM9VEHER3ZHYFE2,2025-01-02T01:20:48.454987368Z,01JGJ9HSYKG7E93R784YAHV8RK,2025-01-02T01:20:48.454987368Z,,
01JGJ9F3SBY43MBDPYRDRBGDAA,01JGJ91WNR8EKXWD9252M85KH6,2025-01-02T01:18:19.947332887Z,,,01JGJ91WNX5F13GKCWNVF2J9RJ,2025-01-02T01:18:19.947332887Z,,,01JGJ95VP8S41R8FP9T3C9KW7N,2025-01-02T01:18:19.947332887Z,01JGJ9E65B4XGAAF0TXPZHW1H8,2025-01-02T01:18:19.947332887Z,01JGJ9E684WJ0NXFGRERJ5K8XM,2025-01-02T01:18:19.947332887Z,,
01JGJ9H884DQ27Y0XP4AVGDNAE,01JGJ7Q1TDDCFSCSJJK08YWG8D,2025-01-02T01:19:30.052280097Z,,,01JGJ7Q1TKQHEXHB6FKQWS62NY,2025-01-02T01:19:30.052280097Z,,,01JGJ95V0TC1EPB333C5EM1SPB,2025-01-02T01:19:30.052280097Z,01JGJ9BGY6QCGQ76GHZ6N6X372,2025-01-02T01:19:30.052280097Z,01JGJ9BH14T4HWMREFVFVGF6HQ,2025-01-02T01:19:30.052280097Z,,
01JGJ9G13TK5QS0JXWJ9WNZ3T3,01JGJ91WNR8EKXWD9252M85KH6,2025-01-02T01:18:49.978922935Z,23,2025-01-02T01:19:08.511624363Z,01JGJ91WNX5F13GKCWNVF2J9RJ,2025-01-02T01:18:49.978922935Z,100,2025-01-02T01:19:08.512377032Z,01JGJ94C500TJGV4SBK4CSYD3B,2025-01-02T01:18:49.978922935Z,01JGJ9E65B4XGAAF0TXPZHW1H8,2025-01-02T01:18:49.978922935Z,01JGJ9E685J0BE6KE7SC8FW2MJ,2025-01-02T01:18:49.978922935Z,true,2025-01-02T01:19:08.582468255Z
01JGJ9KZS154N4T50RRRXYA17V,01JGJ7Q1TDDCFSCSJJK08YWG8D,2025-01-02T01:20:59.681111712Z,100,2025-01-02T01:21:05.224031165Z,01JGJ7Q1TKQHEXHB6FKQWS62NY,2025-01-02T01:20:59.681111712Z,100,2025-01-02T01:21:05.217756966Z,01JGJ94QTAFRADNWKFYSRWV34E,2025-01-02T01:20:59.681111712Z,01JGJ9BGY5X7VAGHYRMA6CZV8X,2025-01-02T01:20:59.681111712Z,01JGJ9BH0W889V5Q4F173R5R67,2025-01-02T01:20:59.681111712Z,true,2025-01-02T01:21:05.222979043Z
01JGJ8X9M9KVFN1QNV65S0PSWX,01JGJ7Q38M5BAPANAG3C1DAXJB,2025-01-02T01:08:36.105064113Z,37,2025-01-02T01:09:02.062325965Z,01JGJ7Q38SSSW9T0GHA4JNYXNP,2025-01-02T01:08:36.105064113Z,50,2025-01-02T01:09:02.062733535Z,01JGJ8NDJE69WXDGNEW1G7YDMZ,2025-01-02T01:08:36.105064113Z,01JGJ8SNN6YNGVP15AJ4F613NQ,2025-01-02T01:08:36.105064113Z,01JGJ8SNTGKFNJJSZ1GHFY15AW,2025-01-02T01:08:36.105064113Z,true,2025-01-02T01:09:02.062967243Z
01JGJ8ZGEHYHT1HSVW5D3TYAGT,01JGJ7Q38M5BAPANAG3C1DAXJB,2025-01-02T01:09:48.625795045Z,,,01JGJ7Q38SSSW9T0GHA4JNYXNP,2025-01-02T01:09:48.625795045Z,,,01JGJ8EG842FDVC5C0YTD0YVCT,2025-01-02T01:09:48.625795045Z,01JGJ8SNNCEQRJ9J2XP1AT1M6F,2025-01-02T01:09:48.625795045Z,01JGJ8SNQPDV7JJ4GEM6R62Z34,2025-01-02T01:09:48.625795045Z,,
01JGJ9BH8902ZT66KFWWWCB15S,01JGJ7Q1TDDCFSCSJJK08YWG8D,2025-01-02T01:16:22.665743811Z,,,01JGJ7Q1TKQHEXHB6FKQWS62NY,2025-01-02T01:16:22.665743811Z,,,01JGJ94W25ZX0N4A835SNRV4AZ,2025-01-02T01:16:22.665743811Z,01JGJ9BGY16AQVRZXYNNMYR14E,2025-01-02T01:16:22.665743811Z,01JGJ9BH2FCP78FVWKE6HXC7D1,2025-01-02T01:16:22.665743811Z,,
01JGJ9HT4DP7YW6VZ0S5QBF3Z0,01JGJ91W6V8C9DH2MJ6H5G14S8,2025-01-02T01:19:48.365563757Z,,,01JGJ91W71P8SZ6D1PAER2PRBZ,2025-01-02T01:19:48.365563757Z,,,01JGJ95B59Q3RY1QM27B7969HB,2025-01-02T01:19:48.365563757Z,01JGJ9HSRZWCM9VEHER3ZHYFE2,2025-01-02T01:19:48.365563757Z,01JGJ9HSYHV1NK5HK163EV9GJS,2025-01-02T01:19:48.365563757Z,,
01JGJ9MJ6P14ECRB69Q5JZR9WD,01JGJ91W6V8C9DH2MJ6H5G14S8,2025-01-02T01:21:18.550337836Z,,,01JGJ91W71P8SZ6D1PAER2PRBZ,2025-01-02T01:21:18.550337836Z,,,01JGJ954D80A3HE7KTNFV7SGVB,2025-01-02T01:21:18.550337836Z,01JGJ9HSS1PVQ5KE08DM4AP4ZK,2025-01-02T01:21:18.550337836Z,01JGJ9HSX0Y2VQY05Y2AGR0SK9,2025-01-02T01:21:18.550337836Z,,
01JGJ9FG15V52FNYFSMFTJYXHG,01JGJ7Q1TDDCFSCSJJK08YWG8D,2025-01-02T01:18:32.485435132Z,,,01JGJ7Q1TKQHEXHB6FKQWS62NY,2025-01-02T01:18:32.485435132Z,,,01JGJ948GC4NV6SASK3X2XH9YW,2025-01-02T01:18:32.485435132Z,01JGJ9BGY4N0Y0DZH7SX36AVQE,2025-01-02T01:18:32.485435132Z,01JGJ9BGZG02JM03R71RRRZRTD,2025-01-02T01:18:32.485435132Z,,
01JGJ9KPHJP73V7E09CKC4DFPG,01JGJ91WNR8EKXWD9252M85KH6,2025-01-02T01:20:50.226395174Z,43,2025-01-02T01:21:11.228866957Z,01JGJ91WNX5F13GKCWNVF2J9RJ,2025-01-02T01:20:50.226395174Z,20,2025-01-02T01:21:11.235255846Z,01JGJ97WYSVBVNK284VS5XMK3S,2025-01-02T01:20:50.226395174Z,01JGJ9E65DBDGAQEGZ5V0PYFA2,2025-01-02T01:20:50.226395174Z,01JGJ9E67M0WENA4VHBCNYX2Q5,2025-01-02T01:20:50.226395174Z,true,2025-01-02T01:21:11.234437575Z
01JGJ9JQET2WMDY40P4D8QRHHK,01JGJ91W6V8C9DH2MJ6H5G14S8,2025-01-02T01:20:18.394974848Z,,,01JGJ91W71P8SZ6D1PAER2PRBZ,2025-01-02T01:20:18.394974848Z,,,01JGJ94RBH0GDKFRJ4P5NF0QPG,2025-01-02T01:20:18.394974848Z,01JGJ9HSRZWCM9VEHER3ZHYFE2,2025-01-02T01:20:18.394974848Z,01JGJ9HSYJ2885BRNJ765MDTAQ,2025-01-02T01:20:18.394974848Z,,
01JGJ9KMT30262DN203BSHY4GS,01JGJ91W6V8C9DH2MJ6H5G14S8,2025-01-02T01:20:48.451186122Z,26,2025-01-02T01:21:09.903250901Z,01JGJ91W71P8SZ6D1PAER2PRBZ,2025-01-02T01:20:48.451186122Z,100,2025-01-02T01:21:09.895481481Z,01JGJ954D80A3HE7KTNFV7SGVB,2025-01-02T01:20:48.451186122Z,01JGJ9HSRZWCM9VEHER3ZHYFE2,2025-01-02T01:20:48.451186122Z,01JGJ9HSYKG7E93R784YAHV8RK,2025-01-02T01:20:48.451186122Z,true,2025-01-02T01:21:09.97350809Z
01JGJ8WC9VFK7KY8Y54Y75Y87D,01JGJ7Q38M5BAPANAG3C1DAXJB,2025-01-02T01:08:06.075045339Z,,,01JGJ7Q38SSSW9T0GHA4JNYXNP,2025-01-02T01:08:06.075045339Z,,,01JGJ8NP5VXXT2KXEA8CTWEJZZ,2025-01-02T01:08:06.075045339Z,01JGJ8SNN6YNGVP15AJ4F613NQ,2025-01-02T01:08:06.075045339Z,01JGJ8SNTF7F6RSFSGGBCFP47P,2025-01-02T01:08:06.075045339Z,,
01JGJ95GJ13YXAKCWMC19AP7GX,01JGJ7Q38M5BAPANAG3C1DAXJB,2025-01-02T01:13:05.34538446Z,91,2025-01-02T01:13:17.022470382Z,01JGJ7Q38SSSW9T0GHA4JNYXNP,2025-01-02T01:13:05.34538446Z,96,2025-01-02T01:13:17.020361771Z,01JGJ8FGEKNEMV6BVYQ46ASE3B,2025-01-02T01:13:05.34538446Z,01JGJ8SNNA51WEBFKCTD33DTZJ,2025-01-02T01:13:05.34538446Z,01JGJ8SNTBHV3ZRF0NX1E9XVWJ,2025-01-02T01:13:05.34538446Z,true,2025-01-02T01:13:17.021668728Z
01JGJ8ZGEVSBTBH1PP7JAXJCDA,01JGJ7Q38M5BAPANAG3C1DAXJB,2025-01-02T01:09:48.635261325Z,,,01JGJ7Q38SSSW9T0GHA4JNYXNP,2025-01-02T01:09:48.635261325Z,,,01JGJ8NP5VXXT2KXEA8CTWEJZZ,2025-01-02T01:09:48.635261325Z,01JGJ8SNNCEQRJ9J2XP1AT1M6F,2025-01-02T01:09:48.635261325Z,01JGJ8SNQPDV7JJ4GEM6R62Z34,2025-01-02T01:09:48.635261325Z,,
01JGJ9PXADX40MMZW1QRVADPJM,01JGJ91WNR8EKXWD9252M85KH6,2025-01-02T01:22:35.469733098Z,,,01JGJ91WNX5F13GKCWNVF2J9RJ,2025-01-02T01:22:35.469733098Z,,,01JGJ94C500TJGV4SBK4CSYD3B,2025-01-02T01:22:35.469733098Z,01JGJ9E65EJ30RTE5B9Z8YVXZE,2025-01-02T01:22:35.469733098Z,01JGJ9E67TV0803E9BTSP9S4YT,2025-01-02T01:22:35.469733098Z,,
01JGJ9PYYXFA0HG154QHZ04YZK,01JGJ91VJB96BD050J4248JZJ3,2025-01-02T01:22:37.149987909Z,,,01JGJ91VJH075JR7FCHZ0ZNBRG,2025-01-02T01:22:37.149987909Z,,,01JGJ98WRRAJWPA3VEJRJAJ7T3,2025-01-02T01:22:37.149987909Z,01JGJ9P19S5H7TNT4C9M377B1Q,2025-01-02T01:22:37.149987909Z,01JGJ9P1EMRSBYB6PTPD2NX4HK,2025-01-02T01:22:37.149987909Z,,
01JGJ8VGPH03EESQAHZ5MYEE7Y,01JGJ7Q38M5BAPANAG3C1DAXJB,2025-01-02T01:07:37.809939744Z,38,2025-01-02T01:07:51.0423368Z,01JGJ7Q38SSSW9T0GHA4JNYXNP,2025-01-02T01:07:37.809939744Z,100,2025-01-02T01:07:51.028059513Z,01JGJ8NP5VXXT2KXEA8CTWEJZZ,2025-01-02T01:07:37.809939744Z,01JGJ8SNN5KWVQ3EPBJQ0HWT6E,2025-01-02T01:07:37.809939744Z,01JGJ8SNTR1YZP5WC2TPZR6ZBS,2025-01-02T01:07:37.809939744Z,true,2025-01-02T01:07:51.208267336Z
01JGJ925EKZDKP06DYEH9189BB,01JGJ7Q38M5BAPANAG3C1DAXJB,2025-01-02T01:11:15.667859101Z,50,2025-01-02T01:11:29.818760765Z,01JGJ7Q38SSSW9T0GHA4JNYXNP,2025-01-02T01:11:15.667859101Z,32,2025-01-02T01:11:29.804110301Z,01JGJ8NP5VXXT2KXEA8CTWEJZZ,2025-01-02T01:11:15.667859101Z,01JGJ8SNNB4KP1MBMGRY865E39,2025-01-02T01:11:15.667859101Z,01JGJ8SNQSV8E161BBG49XCPC5,2025-01-02T01:11:15.667859101Z,true,2025-01-02T01:11:29.829766447Z
01JGJ9BH84FA4RKYRYYTXG07RP,01JGJ7Q1TDDCFSCSJJK08YWG8D,2025-01-02T01:16:22.660134181Z,,,01JGJ7Q1TKQHEXHB6FKQWS62NY,2025-01-02T01:16:22.660134181Z,,,01JGJ948GC4NV6SASK3X2XH9YW,2025-01-02T01:16:22.660134181Z,01JGJ9BGY16AQVRZXYNNMYR14E,2025-01-02T01:16:22.660134181Z,01JGJ9BH2FCP78FVWKE6HXC7D1,2025-01-02T01:16:22.660134181Z,,
01JGJ9F3VHB0R6CYJACKV8G1E7,01JGJ7Q1TDDCFSCSJJK08YWG8D,2025-01-02T01:18:20.017476194Z,65,2025-01-02T01:18:27.357201568Z,01JGJ7Q1TKQHEXHB6FKQWS62NY,2025-01-02T01:18:20.017476194Z,28,2025-01-02T01:18:27.351855719Z,01JGJ95V0TC1EPB333C5EM1SPB,2025-01-02T01:18:20.017476194Z,01JGJ9BGY27C57BN2651FYDWMJ,2025-01-02T01:18:20.017476194Z,01JGJ9BH1YENVXG0NZ8C02CZTW,2025-01-02T01:18:20.017476194Z,true,2025-01-02T01:18:27.362291872Z
01JGJ9P3XJ5W2WKJMXANQ31WJ7,01JGJ7Q1TDDCFSCSJJK08YWG8D,2025-01-02T01:22:09.458193729Z,,,01JGJ7Q1TKQHEXHB6FKQWS62NY,2025-01-02T01:22:09.458193729Z,,,01JGJ948GC4NV6SASK3X2XH9YW,2025-01-02T01:22:09.458193729Z,01JGJ9BGY4N0Y0DZH7S7QT9B6Z,2025-01-02T01:22:09.458193729Z,01JGJ9BH0SKQC1EHPT7A6D31KY,2025-01-02T01:22:09.458193729Z,,
01JGJ9CEJYB08BSMWZJXY18X2E,01JGJ7Q1TDDCFSCSJJK08YWG8D,2025-01-02T01:16:52.702855907Z,,,01JGJ7Q1TKQHEXHB6FKQWS62NY,2025-01-02T01:16:52.702855907Z,,,01JGJ94QTAFRADNWKFYSRWV34E,2025-01-02T01:16:52.702855907Z,01JGJ9BGY16AQVRZXYNNMYR14E,2025-01-02T01:16:52.702855907Z,01JGJ9BH2FCP78FVWKEXEKM7P5,2025-01-02T01:16:52.702855907Z,,
01JGJ9FG1CSZDDQ423PMW0S1D5,01JGJ7Q1TDDCFSCSJJK08YWG8D,2025-01-02T01:18:32.49223241Z,,,01JGJ7Q1TKQHEXHB6FKQWS62NY,2025-01-02T01:18:32.49223241Z,,,01JGJ94W25ZX0N4A835SNRV4AZ,2025-01-02T01:18:32.49223241Z,01JGJ9BGY4N0Y0DZH7SX36AVQE,2025-01-02T01:18:32.49223241Z,01JGJ9BGZG02JM03R71RRRZRTD,2025-01-02T01:18:32.49223241Z,,
01JGJ8Y31CXHNRG7WFZ4F0ADY3,01JGJ7Q38M5BAPANAG3C1DAXJB,2025-01-02T01:09:02.124271998Z,,,01JGJ7Q38SSSW9T0GHA4JNYXNP,2025-01-02T01:09:02.124271998Z,,,01JGJ8NDJE69WXDGNEW1G7YDMZ,2025-01-02T01:09:02.124271998Z,01JGJ8SNNA51WEBFKCSSDF2P3Z,2025-01-02T01:09:02.124271998Z,01JGJ8SNQSV8E161BBGTJ23CWM,2025-01-02T01:09:02.124271998Z,,
01JGJ9JQF1T2FZAJJTBHKSHSTR,01JGJ91W6V8C9DH2MJ6H5G14S8,2025-01-02T01:20:18.401303743Z,,,01JGJ91W71P8SZ6D1PAER2PRBZ,2025-01-02T01:20:18.401303743Z,,,01JGJ954D80A3HE7KTNFV7SGVB,2025-01-02T01:20:18.401303743Z,01JGJ9HSRZWCM9VEHER3ZHYFE2,2025-01-02T01:20:18.401303743Z,01JGJ9HSYJ2885BRNJ765MDTAQ,2025-01-02T01:20:18.401303743Z,,
01JGJ9ME3NW70EXBS48326645G,01JGJ7Q1TDDCFSCSJJK08YWG8D,2025-01-02T01:21:14.357167186Z,,,01JGJ7Q1TKQHEXHB6FKQWS62NY,2025-01-02T01:21:14.357167186Z,,,01JGJ94W25ZX0N4A835SNRV4AZ,2025-01-02T01:21:14.357167186Z,01JGJ9BGY5X7VAGHYRKWF0VQTG,2025-01-02T01:21:14.357167186Z,01JGJ9BGZK4YQREZPJKSER8EF4,2025-01-02T01:21:14.357167186Z,,
01JGJ9NZZM3QBS3VAJ32X6EXR3,01JGJ91WNR8EKXWD9252M85KH6,2025-01-02T01:22:05.428914489Z,,,01JGJ91WNX5F13GKCWNVF2J9RJ,2025-01-02T01:22:05.428914489Z,,,01JGJ95VP8S41R8FP9T3C9KW7N,2025-01-02T01:22:05.428914489Z,01JGJ9E65EJ30RTE5B9Z8YVXZE,2025-01-02T01:22:05.428914489Z,01JGJ9E67S7YNA8J5J3BZZQ0GT,2025-01-02T01:22:05.428914489Z,,
01JGJ9PYZ1HXDK1FMANX4HFCQH,01JGJ91VJB96BD050J4248JZJ3,2025-01-02T01:22:37.153512573Z,,,01JGJ91VJH075JR7FCHZ0ZNBRG,2025-01-02T01:22:37.153512573Z,,,01JGJ9AK0FJXYHH56WSV5N8995,2025-01-02T01:22:37.153512573Z,01JGJ9P19S5H7TNT4C9M377B1Q,2025-01-02T01:22:37.153512573Z,01JGJ9P1EMRSBYB6PTPD2NX4HK,2025-01-02T01:22:37.153512573Z,,
01JGJ94K74MDJDTT0XDC552RDC,01JGJ7Q38M5BAPANAG3C1DAXJB,2025-01-02T01:12:35.300616235Z,,,01JGJ7Q38SSSW9T0GHA4JNYXNP,2025-01-02T01:12:35.300616235Z,,,01JGJ8EG842FDVC5C0YTD0YVCT,2025-01-02T01:12:35.300616235Z,01JGJ8SNNA51WEBFKCTD33DTZJ,2025-01-02T01:12:35.300616235Z,01JGJ8SNTBHV3ZRF0NWC9A4SGV,2025-01-02T01:12:35.300616235Z,,
01JGJ96B89004ZPTA799AGGVTZ,01JGJ7Q38M5BAPANAG3C1DAXJB,2025-01-02T01:13:32.682008952Z,,,01JGJ7Q38SSSW9T0GHA4JNYXNP,2025-01-02T01:13:32.682008952Z,,,01JGJ8FGEKNEMV6BVYQ46ASE3B,2025-01-02T01:13:32.682008952Z,01JGJ8SNNCEQRJ9J2XPM3W8A3C,2025-01-02T01:13:32.682008952Z,01JGJ8SNQYMASHDJ0YHFPJAZDQ,2025-01-02T01:13:32.682008952Z,,
01JGJ9G145RKQCV5K1GWKAWH8B,01JGJ91WNR8EKXWD9252M85KH6,2025-01-02T01:18:49.989234641Z,,,01JGJ91WNX5F13GKCWNVF2J9RJ,2025-01-02T01:18:49.989234641Z,,,01JGJ97WYSVBVNK284VS5XMK3S,2025-01-02T01:18:49.989234641Z,01JGJ9E65B4XGAAF0TXPZHW1H8,2025-01-02T01:18:49.989234641Z,01JGJ9E685J0BE6KE7SC8FW2MJ,2025-01-02T01:18:49.989234641Z,,
01JGJ9JS6FVZMADKZM5T6JY1D9,01JGJ91WNR8EKXWD9252M85KH6,2025-01-02T01:20:20.175532887Z,,,01JGJ91WNX5F13GKCWNVF2J9RJ,2025-01-02T01:20:20.175532887Z,,,01JGJ95AJGMPFDE6P3QTD00D0J,2025-01-02T01:20:20.175532887Z,01JGJ9E65DBDGAQEGZ5V0PYFA2,2025-01-02T01:20:20.175532887Z,01JGJ9E67KP8NGF5DY6KV9H0RV,2025-01-02T01:20:20.175532887Z,,
01JGJ8SP1A2E4A0K2DFP3RNSH5,01JGJ7Q38M5BAPANAG3C1DAXJB,2025-01-02T01:06:37.738584877Z,,,01JGJ7Q38SSSW9T0GHA4JNYXNP,2025-01-02T01:06:37.738584877Z,,,01JGJ8NP5VXXT2KXEA8CTWEJZZ,2025-01-02T01:06:37.738584877Z,01JGJ8SNN5KWVQ3EPBJQ0HWT6E,2025-01-02T01:06:37.738584877Z,01JGJ8SNTQ7Z466W4BGF0DTZY9,2025-01-02T01:06:37.738584877Z,,
01JGJ8VGP7EQ16K2T0BFZHJW9F,01JGJ7Q38M5BAPANAG3C1DAXJB,2025-01-02T01:07:37.799236451Z,78,2025-01-02T01:07:52.270010378Z,01JGJ7Q38SSSW9T0GHA4JNYXNP,2025-01-02T01:07:37.799236451Z,9,2025-01-02T01:07:52.262140854Z,01JGJ8EG842FDVC5C0YTD0YVCT,2025-01-02T01:07:37.799236451Z,01JGJ8SNN5KWVQ3EPBJQ0HWT6E,2025-01-02T01:07:37.799236451Z,01JGJ8SNTR1YZP5WC2TPZR6ZBS,2025-01-02T01:07:37.799236451Z,true,2025-01-02T01:07:52.269668824Z
01JGJ9KMSWVMEV9MBZ9BAZKMAH,01JGJ91W6V8C9DH2MJ6H5G14S8,2025-01-02T01:20:48.444159417Z,78,2025-01-02T01:21:05.74920665Z,01JGJ91W71P8SZ6D1PAER2PRBZ,2025-01-02T01:20:48.444159417Z,75,2025-01-02T01:21:05.743515046Z,01JGJ94SCJPS10SPMA7QRTFWBB,2025-01-02T01:20:48.444159417Z,01JGJ9HSRZWCM9VEHER3ZHYFE2,2025-01-02T01:20:48.444159417Z,01JGJ9HSYKG7E93R784YAHV8RK,2025-01-02T01:20:48.444159417Z,true,2025-01-02T01:21:05.831393937Z
01JGJ9ME3EQD9XGHB1J2RFQ0G4,01JGJ7Q1TDDCFSCSJJK08YWG8D,2025-01-02T01:21:14.350521086Z,,,01JGJ7Q1TKQHEXHB6FKQWS62NY,2025-01-02T01:21:14.350521086Z,,,01JGJ948GC4NV6SASK3X2XH9YW,2025-01-02T01:21:14.350521086Z,01JGJ9BGY5X7VAGHYRKWF0VQTG,2025-01-02T01:21:14.350521086Z,01JGJ9BGZK4YQREZPJKSER8EF4,2025-01-02T01:21:14.350521086Z,,
01JGJ8WC9N11PEGJJEBWFX3NEF,01JGJ7Q38M5BAPANAG3C1DAXJB,2025-01-02T01:08:06.069497618Z,,,01JGJ7Q38SSSW9T0GHA4JNYXNP,2025-01-02T01:08:06.069497618Z,,,01JGJ8FGEKNEMV6BVYQ46ASE3B,2025-01-02T01:08:06.069497618Z,01JGJ8SNN6YNGVP15AJ4F613NQ,2025-01-02T01:08:06.069497618Z,01JGJ8SNTF7F6RSFSGGBCFP47P,2025-01-02T01:08:06.069497618Z,,
01JGJ90DSGSVQVSQCASTSXFF0N,01JGJ7Q38M5BAPANAG3C1DAXJB,2025-01-02T01:10:18.672924399Z,61,2025-01-02T01:10:45.556323611Z,01JGJ7Q38SSSW9T0GHA4JNYXNP,2025-01-02T01:10:18.672924399Z,36,2025-01-02T01:10:45.55679609Z,01JGJ8NDJE69WXDGNEW1G7YDMZ,2025-01-02T01:10:18.672924399Z,01JGJ8SNNCEQRJ9J2XP1AT1M6F,2025-01-02T01:10:18.672924399Z,01JGJ8SNQPDV7JJ4GEMWTKJ92W,2025-01-02T01:10:18.672924399Z,true,2025-01-02T01:10:45.560443951Z
01JGJ9F3V6B24K55P44AQ0XW1G,01JGJ7Q1TDDCFSCSJJK08YWG8D,2025-01-02T01:18:20.006922148Z,73,2025-01-02T01:18:30.396836576Z,01JGJ7Q1TKQHEXHB6FKQWS62NY,2025-01-02T01:18:20.006922148Z,17,2025-01-02T01:18:30.398673991Z,01JGJ948GC4NV6SASK3X2XH9YW,2025-01-02T01:18:20.006922148Z,01JGJ9BGY27C57BN2651FYDWMJ,2025-01-02T01:18:20.006922148Z,01JGJ9BH1YENVXG0NZ8C02CZTW,2025-01-02T01:18:20.006922148Z,true,2025-01-02T01:18:30.400534257Z
01JGJ9DBXQBEWBME78F9X0VY3M,01JGJ7Q1TDDCFSCSJJK08YWG8D,2025-01-02T01:17:22.743546278Z,56,2025-01-02T01:17:33.426583606Z,01JGJ7Q1TKQHEXHB6FKQWS62NY,2025-01-02T01:17:22.743546278Z,61,2025-01-02T01:17:33.427979064Z,01JGJ95V0TC1EPB333C5EM1SPB,2025-01-02T01:17:22.743546278Z,01JGJ9BGY16AQVRZXYNNMYR14E,2025-01-02T01:17:22.743546278Z,01JGJ9BH2FCP78FVWKFP7JNKWF,2025-01-02T01:17:22.743546278Z,true,2025-01-02T01:17:33.428682834Z
01JGJ9P577KHFNGBNAP2CTG7AV,01JGJ91W6V8C9DH2MJ6H5G14S8,2025-01-02T01:22:10.791188028Z,,,01JGJ91W71P8SZ6D1PAER2PRBZ,2025-01-02T01:22:10.791188028Z,,,01JGJ94RBH0GDKFRJ4P5NF0QPG,2025-01-02T01:22:10.791188028Z,01JGJ9HSS68PYJ6ZMYBSTBWSZK,2025-01-02T01:22:10.791188028Z,01JGJ9HSTXGMJKX8TBKT0D3T4E,2025-01-02T01:22:10.791188028Z,,
01JGJ8X9MBRXQ45P6AC4RCPGHA,01JGJ7Q38M5BAPANAG3C1DAXJB,2025-01-02T01:08:36.10742423Z,32,2025-01-02T01:08:48.205581015Z,01JGJ7Q38SSSW9T0GHA4JNYXNP,2025-01-02T01:08:36.10742423Z,62,2025-01-02T01:08:48.191907608Z,01JGJ8NP5VXXT2KXEA8CTWEJZZ,2025-01-02T01:08:36.10742423Z,01JGJ8SNN6YNGVP15AJ4F613NQ,2025-01-02T01:08:36.10742423Z,01JGJ8SNTGKFNJJSZ1GHFY15AW,2025-01-02T01:08:36.10742423Z,true,2025-01-02T01:08:48.215696191Z
01JGJ9183KZ22GAT279BAJVAAE,01JGJ7Q38M5BAPANAG3C1DAXJB,2025-01-02T01:10:45.619618694Z,,,01JGJ7Q38SSSW9T0GHA4JNYXNP,2025-01-02T01:10:45.619618694Z,,,01JGJ8EG842FDVC5C0YTD0YVCT,2025-01-02T01:10:45.619618694Z,01JGJ8SNNB4KP1MBMGRY865E39,2025-01-02T01:10:45.619618694Z,01JGJ8SNQSV8E161BBFA6SVTH4,2025-01-02T01:10:45.619618694Z,,
01JGJ925ED8EKMX1G48P5KMFDY,01JGJ7Q38M5BAPANAG3C1DAXJB,2025-01-02T01:11:15.661905095Z,73,2025-01-02T01:11:20.695937926Z,01JGJ7Q38SSSW9T0GHA4JNYXNP,2025-01-02T01:11:15.661905095Z,30,2025-01-02T01:11:20.693662706Z,01JGJ8FGEKNEMV6BVYQ46ASE3B,2025-01-02T01:11:15.661905095Z,01JGJ8SNNB4KP1MBMGRY865E39,2025-01-02T01:11:15.661905095Z,01JGJ8SNQSV8E161BBG49XCPC5,2025-01-02T01:11:15.661905095Z,true,2025-01-02T01:11:20.696550894Z
01JGJ94K77PRNM0RYA87VPYM49,01JGJ7Q38M5BAPANAG3C1DAXJB,2025-01-02T01:12:35.303426167Z,,,01JGJ7Q38SSSW9T0GHA4JNYXNP,2025-01-02T01:12:35.303426167Z,,,01JGJ8FGEKNEMV6BVYQ46ASE3B,2025-01-02T01:12:35.303426167Z,01JGJ8SNNA51WEBFKCTD33DTZJ,2025-01-02T01:12:35.303426167Z,01JGJ8SNTBHV3ZRF0NWC9A4SGV,2025-01-02T01:12:35.303426167Z,,
01JGJ96B8G92DJQ962JVC3QHPG,01JGJ7Q38M5BAPANAG3C1DAXJB,2025-01-02T01:13:32.688403056Z,,,01JGJ7Q38SSSW9T0GHA4JNYXNP,2025-01-02T01:13:32.688403056Z,,,01JGJ8NP5VXXT2KXEA8CTWEJZZ,2025-01-02T01:13:32.688403056Z,01JGJ8SNNCEQRJ9J2XPM3W8A3C,2025-01-02T01:13:32.688403056Z,01JGJ8SNQYMASHDJ0YHFPJAZDQ,2025-01-02T01:13:32.688403056Z,,
01JGJ9N8F6SQNC3ZSA5PNKTY1Z,01JGJ91WNR8EKXWD9252M85KH6,2025-01-02T01:21:41.35025888Z,38,2025-01-02T01:21:53.019441963Z,01JGJ91WNX5F13GKCWNVF2J9RJ,2025-01-02T01:21:41.35025888Z,20,2025-01-02T01:21:53.018429907Z,01JGJ97WYSVBVNK284VS5XMK3S,2025-01-02T01:21:41.35025888Z,01JGJ9E65EJ30RTE5BABHDXGSY,2025-01-02T01:21:41.35025888Z,01JGJ9E66FJJCDS0KPP4JBE75W,2025-01-02T01:21:41.35025888Z,true,2025-01-02T01:21:53.025904453Z
01JGJ9P1KRRRTD07C77G66E3PB,01JGJ91VJB96BD050J4248JZJ3,2025-01-02T01:22:07.096103868Z,,,01JGJ91VJH075JR7FCHZ0ZNBRG,2025-01-02T01:22:07.096103868Z,,,01JGJ95N90CG5SAQ4JPZVEPGFY,2025-01-02T01:22:07.096103868Z,01JGJ9P19S5H7TNT4C9M377B1Q,2025-01-02T01:22:07.096103868Z,01JGJ9P1EKPR0HKBCJBMJ0JBAR,2025-01-02T01:22:07.096103868Z,,
01JGJ925EAT5HHBBWSS06EV0TV,01JGJ7Q38M5BAPANAG3C1DAXJB,2025-01-02T01:11:15.658553257Z,83,2025-01-02T01:11:37.86259847Z,01JGJ7Q38SSSW9T0GHA4JNYXNP,2025-01-02T01:11:15.658553257Z,4,2025-01-02T01:11:37.859011598Z,01JGJ8EG842FDVC5C0YTD0YVCT,2025-01-02T01:11:15.658553257Z,01JGJ8SNNB4KP1MBMGRY865E39,2025-01-02T01:11:15.658553257Z,01JGJ8SNQSV8E161BBG49XCPC5,2025-01-02T01:11:15.658553257Z,true,2025-01-02T01:11:37.862950111Z
01JGJ93V3VZQQ6YRYZ4QS13GCP,01JGJ7Q38M5BAPANAG3C1DAXJB,2025-01-02T01:12:10.619211494Z,83,2025-01-02T01:12:18.873998864Z,01JGJ7Q38SSSW9T0GHA4JNYXNP,2025-01-02T01:12:10.619211494Z,70,2025-01-02T01:12:18.862607642Z,01JGJ8NP5VXXT2KXEA8CTWEJZZ,2025-01-02T01:12:10.619211494Z,01JGJ8SNNDNDCA93J3P1S9SPH4,2025-01-02T01:12:10.619211494Z,01JGJ8SNTDA4V91M4BFQRBDRK2,2025-01-02T01:12:10.619211494Z,true,2025-01-02T01:12:18.885583165Z
01JGJ9F3S792T9W4WEXPSVHAT9,01JGJ91WNR8EKXWD9252M85KH6,2025-01-02T01:18:19.94362946Z,,,01JGJ91WNX5F13GKCWNVF2J9RJ,2025-01-02T01:18:19.94362946Z,,,01JGJ95AJGMPFDE6P3QTD00D0J,2025-01-02T01:18:19.94362946Z,01JGJ9E65B4XGAAF0TXPZHW1H8,2025-01-02T01:18:19.94362946Z,01JGJ9E684WJ0NXFGRERJ5K8XM,2025-01-02T01:18:19.94362946Z,,
01JGJ9GDC891DKD8TXJMS7TTQ9,01JGJ7Q1TDDCFSCSJJK08YWG8D,2025-01-02T01:19:02.536243918Z,100,2025-01-02T01:19:05.818913858Z,01JGJ7Q1TKQHEXHB6FKQWS62NY,2025-01-02T01:19:02.536243918Z,100,2025-01-02T01:19:05.817730251Z,01JGJ94W25ZX0N4A835SNRV4AZ,2025-01-02T01:19:02.536243918Z,01JGJ9BGY4N0Y0DZH7SX36AVQE,2025-01-02T01:19:02.536243918Z,01JGJ9BGZHZQ9QSW5B92FAT056,2025-01-02T01:19:02.536243918Z,true,2025-01-02T01:19:05.856593262Z
01JGJ9HT43MP8GGJQ5XD72J4Q4,01JGJ91W6V8C9DH2MJ6H5G14S8,2025-01-02T01:19:48.35589306Z,,,01JGJ91W71P8SZ6D1PAER2PRBZ,2025-01-02T01:19:48.35589306Z,,,01JGJ94RBH0GDKFRJ4P5NF0QPG,2025-01-02T01:19:48.35589306Z,01JGJ9HSRZWCM9VEHER3ZHYFE2,2025-01-02T01:19:48.35589306Z,01JGJ9HSYHV1NK5HK163EV9GJS,2025-01-02T01:19:48.35589306Z,,
01JGJ90DSEPB1T6J0Y12TE1Y3B,01JGJ7Q38M5BAPANAG3C1DAXJB,2025-01-02T01:10:18.670333773Z,59,2025-01-02T01:10:36.708343634Z,01JGJ7Q38SSSW9T0GHA4JNYXNP,2025-01-02T01:10:18.670333773Z,69,2025-01-02T01:10:36.706168398Z,01JGJ8FGEKNEMV6BVYQ46ASE3B,2025-01-02T01:10:18.670333773Z,01JGJ8SNNCEQRJ9J2XP1AT1M6F,2025-01-02T01:10:18.670333773Z,01JGJ8SNQPDV7JJ4GEMWTKJ92W,2025-01-02T01:10:18.670333773Z,true,2025-01-02T01:10:36.714312947Z
01JGJ9G141RPFXQZV1H9M3ZW7Z,01JGJ91WNR8EKXWD9252M85KH6,2025-01-02T01:18:49.985995349Z,,,01JGJ91WNX5F13GKCWNVF2J9RJ,2025-01-02T01:18:49.985995349Z,,,01JGJ95VP8S41R8FP9T3C9KW7N,2025-01-02T01:18:49.985995349Z,01JGJ9E65B4XGAAF0TXPZHW1H8,2025-01-02T01:18:49.985995349Z,01JGJ9E685J0BE6KE7SC8FW2MJ,2025-01-02T01:18:49.985995349Z,,
01JGJ9PYYTG2X66G6SDGDGHEH5,01JGJ91VJB96BD050J4248JZJ3,2025-01-02T01:22:37.146823494Z,,,01JGJ91VJH075JR7FCHZ0ZNBRG,2025-01-02T01:22:37.146823494Z,,,01JGJ95N90CG5SAQ4JPZVEPGFY,2025-01-02T01:22:37.146823494Z,01JGJ9P19S5H7TNT4C9M377B1Q,2025-01-02T01:22:37.146823494Z,01JGJ9P1EMRSBYB6PTPD2NX4HK,2025-01-02T01:22:37.146823494Z,,
01JGJ9FG1FHG7YCZQCBJ1ZEMFK,01JGJ7Q1TDDCFSCSJJK08YWG8D,2025-01-02T01:18:32.495422533Z,,,01JGJ7Q1TKQHEXHB6FKQWS62NY,2025-01-02T01:18:32.495422533Z,,,01JGJ95V0TC1EPB333C5EM1SPB,2025-01-02T01:18:32.495422533Z,01JGJ9BGY4N0Y0DZH7SX36AVQE,2025-01-02T01:18:32.495422533Z,01JGJ9BGZG02JM03R71RRRZRTD,2025-01-02T01:18:32.495422533Z,,
01JGJ9E6E3YEBQWD1PEYTESS7X,01JGJ91WNR8EKXWD9252M85KH6,2025-01-02T01:17:49.891197484Z,,,01JGJ91WNX5F13GKCWNVF2J9RJ,2025-01-02T01:17:49.891197484Z,,,01JGJ94C500TJGV4SBK4CSYD3B,2025-01-02T01:17:49.891197484Z,01JGJ9E65B4XGAAF0TXPZHW1H8,2025-01-02T01:17:49.891197484Z,01JGJ9E6830WE8R79Z068AVBX7,2025-01-02T01:17:49.891197484Z,,
01JGJ9E6E6HE3XQ07NEX06H8Q7,01JGJ91WNR8EKXWD9252M85KH6,2025-01-02T01:17:49.894024442Z,,,01JGJ91WNX5F13GKCWNVF2J9RJ,2025-01-02T01:17:49.894024442Z,,,01JGJ95AJGMPFDE6P3QTD00D0J,2025-01-02T01:17:49.894024442Z,01JGJ9E65B4XGAAF0TXPZHW1H8,2025-01-02T01:17:49.894024442Z,01JGJ9E6830WE8R79Z068AVBX7,2025-01-02T01:17:49.894024442Z,,
01JGJ9MJ6GVCK7FKBM2EJJP5MQ,01JGJ91W6V8C9DH2MJ6H5G14S8,2025-01-02T01:21:18.544151635Z,,,01JGJ91W71P8SZ6D1PAER2PRBZ,2025-01-02T01:21:18.544151635Z,,,01JGJ94RBH0GDKFRJ4P5NF0QPG,2025-01-02T01:21:18.544151635Z,01JGJ9HSS1PVQ5KE08DM4AP4ZK,2025-01-02T01:21:18.544151635Z,01JGJ9HSX0Y2VQY05Y2AGR0SK9,2025-01-02T01:21:18.544151635Z,,
01JGJ9NBESJTFA6GAETMB9S574,01JGJ7Q1TDDCFSCSJJK08YWG8D,2025-01-02T01:21:44.409495806Z,81,2025-01-02T01:21:49.478860253Z,01JGJ7Q1TKQHEXHB6FKQWS62NY,2025-01-02T01:21:44.409495806Z,25,2025-01-02T01:21:49.477246334Z,01JGJ95V0TC1EPB333C5EM1SPB,2025-01-02T01:21:44.409495806Z,01JGJ9BGY5X7VAGHYRKWF0VQTG,2025-01-02T01:21:44.409495806Z,01JGJ9BGZMRSKBC9E3GFNM2JBZ,2025-01-02T01:21:44.409495806Z,true,2025-01-02T01:21:49.482838187Z
01JGJ92XS17T5T2Y0FHKVD39WD,01JGJ7Q38M5BAPANAG3C1DAXJB,2025-01-02T01:11:40.577758541Z,,,01JGJ7Q38SSSW9T0GHA4JNYXNP,2025-01-02T01:11:40.577758541Z,,,01JGJ8NDJE69WXDGNEW1G7YDMZ,2025-01-02T01:11:40.577758541Z,01JGJ8SNNDNDCA93J3P1S9SPH4,2025-01-02T01:11:40.577758541Z,01JGJ8SNTDA4V91M4BF1TTVY3F,2025-01-02T01:11:40.577758541Z,,
01JGJ95GJ3EQ9R85HD8YA2N648,01JGJ7Q38M5BAPANAG3C1DAXJB,2025-01-02T01:13:05.347916897Z,79,2025-01-02T01:13:32.603609014Z,01JGJ7Q38SSSW9T0GHA4JNYXNP,2025-01-02T01:13:05.347916897Z,20,2025-01-02T01:13:32.602635619Z,01JGJ8NDJE69WXDGNEW1G7YDMZ,2025-01-02T01:13:05.347916897Z,01JGJ8SNNA51WEBFKCTD33DTZJ,2025-01-02T01:13:05.347916897Z,01JGJ8SNTBHV3ZRF0NX1E9XVWJ,2025-01-02T01:13:05.347916897Z,true,2025-01-02T01:13:32.604331896Z
01JGJ978JYDS307J5Q45VMVQ6K,01JGJ7Q38M5BAPANAG3C1DAXJB,2025-01-02T01:14:02.718039405Z,76,2025-01-02T01:14:10.335957158Z,01JGJ7Q38SSSW9T0GHA4JNYXNP,2025-01-02T01:14:02.718039405Z,35,2025-01-02T01:14:10.330343597Z,01JGJ8FGEKNEMV6BVYQ46ASE3B,2025-01-02T01:14:02.718039405Z,01JGJ8SNNCEQRJ9J2XPM3W8A3C,2025-01-02T01:14:02.718039405Z,01JGJ8SNQYMASHDJ0YJ6XH1Q07,2025-01-02T01:14:02.718039405Z,true,2025-01-02T01:14:10.338305927Z
01JGJ9DBXEB9MCTCBHQ1WCGXYB,01JGJ7Q1TDDCFSCSJJK08YWG8D,2025-01-02T01:17:22.734998063Z,65,2025-01-02T01:17:43.185692045Z,01JGJ7Q1TKQHEXHB6FKQWS62NY,2025-01-02T01:17:22.734998063Z,86,2025-01-02T01:17:43.186616996Z,01JGJ948GC4NV6SASK3X2XH9YW,2025-01-02T01:17:22.734998063Z,01JGJ9BGY16AQVRZXYNNMYR14E,2025-01-02T01:17:22.734998063Z,01JGJ9BH2FCP78FVWKFP7JNKWF,2025-01-02T01:17:22.734998063Z,true,2025-01-02T01:17:43.192499811Z
01JGJ9MB3X2WNK357Q39TMFWNF,01JGJ91WNR8EKXWD9252M85KH6,2025-01-02T01:21:11.293782163Z,,,01JGJ91WNX5F13GKCWNVF2J9RJ,2025-01-02T01:21:11.293782163Z,,,01JGJ94C500TJGV4SBK4CSYD3B,2025-01-02T01:21:11.293782163Z,01JGJ9E65EJ30RTE5BABHDXGSY,2025-01-02T01:21:11.293782163Z,01JGJ9E66E42GAR39MTVRXTW20,2025-01-02T01:21:11.293782163Z,,
01JGJ9ME3HR2M1R7SMABG0F0P8,01JGJ7Q1TDDCFSCSJJK08YWG8D,2025-01-02T01:21:14.353508711Z,,,01JGJ7Q1TKQHEXHB6FKQWS62NY,2025-01-02T01:21:14.353508711Z,,,01JGJ94QTAFRADNWKFYSRWV34E,2025-01-02T01:21:14.353508711Z,01JGJ9BGY5X7VAGHYRKWF0VQTG,2025-01-02T01:21:14.353508711Z,01JGJ9BGZK4YQREZPJKSER8EF4,2025-01-02T01:21:14.353508711Z,,
01JGJ9P57G20ATZWKVBDVWTBTF,01JGJ91W6V8C9DH2MJ6H5G14S8,2025-01-02T01:22:10.800906193Z,,,01JGJ91W71P8SZ6D1PAER2PRBZ,2025-01-02T01:22:10.800906193Z,,,01JGJ95B59Q3RY1QM27B7969HB,2025-01-02T01:22:10.800906193Z,01JGJ9HSS68PYJ6ZMYBSTBWSZK,2025-01-02T01:22:10.800906193Z,01JGJ9HSTXGMJKX8TBKT0D3T4E,2025-01-02T01:22:10.800906193Z,,
01JGJ9CEJWQ0G2VBPM6MV61S7W,01JGJ7Q1TDDCFSCSJJK08YWG8D,2025-01-02T01:16:52.700229591Z,,,01JGJ7Q1TKQHEXHB6FKQWS62NY,2025-01-02T01:16:52.700229591Z,,,01JGJ948GC4NV6SASK3X2XH9YW,2025-01-02T01:16:52.700229591Z,01JGJ9BGY16AQVRZXYNNMYR14E,2025-01-02T01:16:52.700229591Z,01JGJ9BH2FCP78FVWKEXEKM7P5,2025-01-02T01:16:52.700229591Z,,
01JGJ9J5JQJNG9XSR4AW6DTADP,01JGJ7Q1TDDCFSCSJJK08YWG8D,2025-01-02T01:20:00.087028326Z,100,2025-01-02T01:20:10.349246346Z,01JGJ7Q1TKQHEXHB6FKQWS62NY,2025-01-02T01:20:00.087028326Z,88,2025-01-02T01:20:10.347527742Z,01JGJ94W25ZX0N4A835SNRV4AZ,2025-01-02T01:20:00.087028326Z,01JGJ9BGY6QCGQ76GHZ6N6X372,2025-01-02T01:20:00.087028326Z,01JGJ9BH15XMM12Q5YDCAA4NJK,2025-01-02T01:20:00.087028326Z,true,2025-01-02T01:20:10.350287756Z
01JGJ9HVTM00M582PD5FTNXV3Q,01JGJ91WNR8EKXWD9252M85KH6,2025-01-02T01:19:50.100701991Z,38,2025-01-02T01:20:20.046310526Z,01JGJ91WNX5F13GKCWNVF2J9RJ,2025-01-02T01:19:50.100701991Z,85,2025-01-02T01:20:20.047438128Z,01JGJ94C500TJGV4SBK4CSYD3B,2025-01-02T01:19:50.100701991Z,01JGJ9E65CPVXRC1XSVJHY625W,2025-01-02T01:19:50.100701991Z,01JGJ9E6731YEXYMP4JBN36P62,2025-01-02T01:19:50.100701991Z,true,2025-01-02T01:20:20.117779667Z
01JGJ9J5JKF9NJS7E1TXZ50CMQ,01JGJ7Q1TDDCFSCSJJK08YWG8D,2025-01-02T01:20:00.083468891Z,27,2025-01-02T01:20:29.574928618Z,01JGJ7Q1TKQHEXHB6FKQWS62NY,2025-01-02T01:20:00.083468891Z,66,2025-01-02T01:20:29.568068365Z,01JGJ94QTAFRADNWKFYSRWV34E,2025-01-02T01:20:00.083468891Z,01JGJ9BGY6QCGQ76GHZ6N6X372,2025-01-02T01:20:00.083468891Z,01JGJ9BH15XMM12Q5YDCAA4NJK,2025-01-02T01:20:00.083468891Z,true,2025-01-02T01:20:29.573928615Z
01JGJ9H881T4V1FW3PAQFZECJY,01JGJ7Q1TDDCFSCSJJK08YWG8D,2025-01-02T01:19:30.049676193Z,,,01JGJ7Q1TKQHEXHB6FKQWS62NY,2025-01-02T01:19:30.049676193Z,,,01JGJ94W25ZX0N4A835SNRV4AZ,2025-01-02T01:19:30.049676193Z,01JGJ9BGY6QCGQ76GHZ6N6X372,2025-01-02T01:19:30.049676193Z,01JGJ9BH14T4HWMREFVFVGF6HQ,2025-01-02T01:19:30.049676193Z,,
01JGJ9MB41XSSA55RJTTGZD872,01JGJ91WNR8EKXWD9252M85KH6,2025-01-02T01:21:11.297224647Z,,,01JGJ91WNX5F13GKCWNVF2J9RJ,2025-01-02T01:21:11.297224647Z,,,01JGJ95AJGMPFDE6P3QTD00D0J,2025-01-02T01:21:11.297224647Z,01JGJ9E65EJ30RTE5BABHDXGSY,2025-01-02T01:21:11.297224647Z,01JGJ9E66E42GAR39MTVRXTW20,2025-01-02T01:21:11.297224647Z,,
01JGJ8ZGEM5VYA1H2K7P5ABZDQ,01JGJ7Q38M5BAPANAG3C1DAXJB,2025-01-02T01:09:48.628371193Z,,,01JGJ7Q38SSSW9T0GHA4JNYXNP,2025-01-02T01:09:48.628371193Z,,,01JGJ8FGEKNEMV6BVYQ46ASE3B,2025-01-02T01:09:48.628371193Z,01JGJ8SNNCEQRJ9J2XP1AT1M6F,2025-01-02T01:09:48.628371193Z,01JGJ8SNQPDV7JJ4GEM6R62Z34,2025-01-02T01:09:48.628371193Z,,
01JGJ9183PWQ7N1G4CDKN3G7M8,01JGJ7Q38M5BAPANAG3C1DAXJB,2025-01-02T01:10:45.622124511Z,,,01JGJ7Q38SSSW9T0GHA4JNYXNP,2025-01-02T01:10:45.622124511Z,,,01JGJ8FGEKNEMV6BVYQ46ASE3B,2025-01-02T01:10:45.622124511Z,01JGJ8SNNB4KP1MBMGRY865E39,2025-01-02T01:10:45.622124511Z,01JGJ8SNQSV8E161BBFA6SVTH4,2025-01-02T01:10:45.622124511Z,,
01JGJ96B8DBA8XKFD3ZC03D95W,01JGJ7Q38M5BAPANAG3C1DAXJB,2025-01-02T01:13:32.685781111Z,,,01JGJ7Q38SSSW9T0GHA4JNYXNP,2025-01-02T01:13:32.685781111Z,,,01JGJ8NDJE69WXDGNEW1G7YDMZ,2025-01-02T01:13:32.685781111Z,01JGJ8SNNCEQRJ9J2XPM3W8A3C,2025-01-02T01:13:32.685781111Z,01JGJ8SNQYMASHDJ0YHFPJAZDQ,2025-01-02T01:13:32.685781111Z,,
01JGJ9F3S4ZCTQ7ZAVA6Q9YJXD,01JGJ91WNR8EKXWD9252M85KH6,2025-01-02T01:18:19.940696966Z,,,01JGJ91WNX5F13GKCWNVF2J9RJ,2025-01-02T01:18:19.940696966Z,,,01JGJ94C500TJGV4SBK4CSYD3B,2025-01-02T01:18:19.940696966Z,01JGJ9E65B4XGAAF0TXPZHW1H8,2025-01-02T01:18:19.940696966Z,01JGJ9E684WJ0NXFGRERJ5K8XM,2025-01-02T01:18:19.940696966Z,,
01JGJ9NZZEC5EHKEPVHF8A6ARP,01JGJ91WNR8EKXWD9252M85KH6,2025-01-02T01:22:05.422321302Z,,,01JGJ91WNX5F13GKCWNVF2J9RJ,2025-01-02T01:22:05.422321302Z,,,01JGJ94C500TJGV4SBK4CSYD3B,2025-01-02T01:22:05.422321302Z,01JGJ9E65EJ30RTE5B9Z8YVXZE,2025-01-02T01:22:05.422321302Z,01JGJ9E67S7YNA8J5J3BZZQ0GT,2025-01-02T01:22:05.422321302Z,,
01JGJ8WC9Q6WKE1XPDX9X473TD,01JGJ7Q38M5BAPANAG3C1DAXJB,2025-01-02T01:08:06.072007026Z,,,01JGJ7Q38SSSW9T0GHA4JNYXNP,2025-01-02T01:08:06.072007026Z,,,01JGJ8NDJE69WXDGNEW1G7YDMZ,2025-01-02T01:08:06.072007026Z,01JGJ8SNN6YNGVP15AJ4F613NQ,2025-01-02T01:08:06.072007026Z,01JGJ8SNTF7F6RSFSGGBCFP47P,2025-01-02T01:08:06.072007026Z,,
01JGJ94K7A8K8AW5M71NSCYEXV,01JGJ7Q38M5BAPANAG3C1DAXJB,2025-01-02T01:12:35.30640424Z,,,01JGJ7Q38SSSW9T0GHA4JNYXNP,2025-01-02T01:12:35.30640424Z,,,01JGJ8NDJE69WXDGNEW1G7YDMZ,2025-01-02T01:12:35.30640424Z,01JGJ8SNNA51WEBFKCTD33DTZJ,2025-01-02T01:12:35.30640424Z,01JGJ8SNTBHV3ZRF0NWC9A4SGV,2025-01-02T01:12:35.30640424Z,,
01JGJ9CEK1RC1KVAJJRR1DYN3J,01JGJ7Q1TDDCFSCSJJK08YWG8D,2025-01-02T01:16:52.70572305Z,,,01JGJ7Q1TKQHEXHB6FKQWS62NY,2025-01-02T01:16:52.70572305Z,,,01JGJ94W25ZX0N4A835SNRV4AZ,2025-01-02T01:16:52.70572305Z,01JGJ9BGY16AQVRZXYNNMYR14E,2025-01-02T01:16:52.70572305Z,01JGJ9BH2FCP78FVWKEXEKM7P5,2025-01-02T01:16:52.70572305Z,,
01JGJ9KPHERZPF06FRWZAASSBA,01JGJ91WNR8EKXWD9252M85KH6,2025-01-02T01:20:50.222676932Z,51,2025-01-02T01:21:02.729388716Z,01JGJ91WNX5F13GKCWNVF2J9RJ,2025-01-02T01:20:50.222676932Z,45,2025-01-02T01:21:02.730424505Z,01JGJ95VP8S41R8FP9T3C9KW7N,2025-01-02T01:20:50.222676932Z,01JGJ9E65DBDGAQEGZ5V0PYFA2,2025-01-02T01:20:50.222676932Z,01JGJ9E67M0WENA4VHBCNYX2Q5,2025-01-02T01:20:50.222676932Z,true,2025-01-02T01:21:02.728058133Z
01JGJ9P1KZQV4M2KWMB15TDCC6,01JGJ91VJB96BD050J4248JZJ3,2025-01-02T01:22:07.103383764Z,,,01JGJ91VJH075JR7FCHZ0ZNBRG,2025-01-02T01:22:07.103383764Z,,,01JGJ9AK0FJXYHH56WSV5N8995,2025-01-02T01:22:07.103383764Z,01JGJ9P19S5H7TNT4C9M377B1Q,2025-01-02T01:22:07.103383764Z,01JGJ9P1EKPR0HKBCJBMJ0JBAR,2025-01-02T01:22:07.103383764Z,,
01JGJ8Y3184KKK53A3QD7C9XGH,01JGJ7Q38M5BAPANAG3C1DAXJB,2025-01-02T01:09:02.120939307Z,,,01JGJ7Q38SSSW9T0GHA4JNYXNP,2025-01-02T01:09:02.120939307Z,,,01JGJ8FGEKNEMV6BVYQ46ASE3B,2025-01-02T01:09:02.120939307Z,01JGJ8SNNA51WEBFKCSSDF2P3Z,2025-01-02T01:09:02.120939307Z,01JGJ8SNQSV8E161BBGTJ23CWM,2025-01-02T01:09:02.120939307Z,,
01JGJ9GDCC61XSCPS94XJ9HZW6,01JGJ7Q1TDDCFSCSJJK08YWG8D,2025-01-02T01:19:02.54006084Z,65,2025-01-02T01:19:12.431545985Z,01JGJ7Q1TKQHEXHB6FKQWS62NY,2025-01-02T01:19:02.54006084Z,30,2025-01-02T01:19:12.4260396Z,01JGJ95V0TC1EPB333C5EM1SPB,2025-01-02T01:19:02.54006084Z,01JGJ9BGY4N0Y0DZH7SX36AVQE,2025-01-02T01:19:02.54006084Z,01JGJ9BGZHZQ9QSW5B92FAT056,2025-01-02T01:19:02.54006084Z,true,2025-01-02T01:19:12.432693774Z
01JGJ9JS6C98GDQM4XTVPSNB12,01JGJ91WNR8EKXWD9252M85KH6,2025-01-02T01:20:20.172574013Z,,,01JGJ91WNX5F13GKCWNVF2J9RJ,2025-01-02T01:20:20.172574013Z,,,01JGJ94C500TJGV4SBK4CSYD3B,2025-01-02T01:20:20.172574013Z,01JGJ9E65DBDGAQEGZ5V0PYFA2,2025-01-02T01:20:20.172574013Z,01JGJ9E67KP8NGF5DY6KV9H0RV,2025-01-02T01:20:20.172574013Z,,
01JGJ93V3JBCPJNSJC2WB9KBAR,01JGJ7Q38M5BAPANAG3C1DAXJB,2025-01-02T01:12:10.610304208Z,73,2025-01-02T01:12:26.016839931Z,01JGJ7Q38SSSW9T0GHA4JNYXNP,2025-01-02T01:12:10.610304208Z,5,2025-01-02T01:12:26.01617742Z,01JGJ8EG842FDVC5C0YTD0YVCT,2025-01-02T01:12:10.610304208Z,01JGJ8SNNDNDCA93J3P1S9SPH4,2025-01-02T01:12:10.610304208Z,01JGJ8SNTDA4V91M4BFQRBDRK2,2025-01-02T01:12:10.610304208Z,true,2025-01-02T01:12:26.01381346Z
01JGJ94K7D8BGE00BYF6BY3RX9,01JGJ7Q38M5BAPANAG3C1DAXJB,2025-01-02T01:12:35.309185088Z,,,01JGJ7Q38SSSW9T0GHA4JNYXNP,2025-01-02T01:12:35.309185088Z,,,01JGJ8NP5VXXT2KXEA8CTWEJZZ,2025-01-02T01:12:35.309185088Z,01JGJ8SNNA51WEBFKCTD33DTZJ,2025-01-02T01:12:35.309185088Z,01JGJ8SNTBHV3ZRF0NWC9A4SGV,2025-01-02T01:12:35.309185088Z,,
01JGJ9K2EAA98DD9MX7V8S45VB,01JGJ7Q1TDDCFSCSJJK08YWG8D,2025-01-02T01:20:29.642297681Z,,,01JGJ7Q1TKQHEXHB6FKQWS62NY,2025-01-02T01:20:29.642297681Z,,,01JGJ94QTAFRADNWKFYSRWV34E,2025-01-02T01:20:29.642297681Z,01JGJ9BGY5X7VAGHYRMA6CZV8X,2025-01-02T01:20:29.642297681Z,01JGJ9BH0V7D534G5K1HVBQKWJ,2025-01-02T01:20:29.642297681Z,,
01JGJ8Y31EAVQVZ2SCF6XWH9K1,01JGJ7Q38M5BAPANAG3C1DAXJB,2025-01-02T01:09:02.126918615Z,,,01JGJ7Q38SSSW9T0GHA4JNYXNP,2025-01-02T01:09:02.126918615Z,,,01JGJ8NP5VXXT2KXEA8CTWEJZZ,2025-01-02T01:09:02.126918615Z,01JGJ8SNNA51WEBFKCSSDF2P3Z,2025-01-02T01:09:02.126918615Z,01JGJ8SNQSV8E161BBGTJ23CWM,2025-01-02T01:09:02.126918615Z,,
01JGJ9F3V9DASTZMS9ZRESD2F6,01JGJ7Q1TDDCFSCSJJK08YWG8D,2025-01-02T01:18:20.009795825Z,20,2025-01-02T01:18:31.418546827Z,01JGJ7Q1TKQHEXHB6FKQWS62NY,2025-01-02T01:18:20.009795825Z,100,2025-01-02T01:18:31.413688666Z,01JGJ94QTAFRADNWKFYSRWV34E,2025-01-02T01:18:20.009795825Z,01JGJ9BGY27C57BN2651FYDWMJ,2025-01-02T01:18:20.009795825Z,01JGJ9BH1YENVXG0NZ8C02CZTW,2025-01-02T01:18:20.009795825Z,true,2025-01-02T01:18:31.508706378Z
01JGJ9JS6JPHB33CY7WMF7DNAX,01JGJ91WNR8EKXWD9252M85KH6,2025-01-02T01:20:20.178534167Z,,,01JGJ91WNX5F13GKCWNVF2J9RJ,2025-01-02T01:20:20.178534167Z,,,01JGJ95VP8S41R8FP9T3C9KW7N,2025-01-02T01:20:20.178534167Z,01JGJ9E65DBDGAQEGZ5V0PYFA2,2025-01-02T01:20:20.178534167Z,01JGJ9E67KP8NGF5DY6KV9H0RV,2025-01-02T01:20:20.178534167Z,,
01JGJ9MJ6KCJ20D0J3SY92KDP3,01JGJ91W6V8C9DH2MJ6H5G14S8,2025-01-02T01:21:18.547372227Z,,,01JGJ91W71P8SZ6D1PAER2PRBZ,2025-01-02T01:21:18.547372227Z,,,01JGJ94SCJPS10SPMA7QRTFWBB,2025-01-02T01:21:18.547372227Z,01JGJ9HSS1PVQ5KE08DM4AP4ZK,2025-01-02T01:21:18.547372227Z,01JGJ9HSX0Y2VQY05Y2AGR0SK9,2025-01-02T01:21:18.547372227Z,,
01JGJ9MB49ABTXRGQETFATJ99C,01JGJ91WNR8EKXWD9252M85KH6,2025-01-02T01:21:11.305837251Z,,,01JGJ91WNX5F13GKCWNVF2J9RJ,2025-01-02T01:21:11.305837251Z,,,01JGJ97WYSVBVNK284VS5XMK3S,2025-01-02T01:21:11.305837251Z,01JGJ9E65EJ30RTE5BABHDXGSY,2025-01-02T01:21:11.305837251Z,01JGJ9E66E42GAR39MTVRXTW20,2025-01-02T01:21:11.305837251Z,,
01JGJ8Z0C14DRAPKQJGSJZ5JX8,01JGJ7Q38M5BAPANAG3C1DAXJB,2025-01-02T01:09:32.161380373Z,86,2025-01-02T01:09:37.529050034Z,01JGJ7Q38SSSW9T0GHA4JNYXNP,2025-01-02T01:09:32.161380373Z,78,2025-01-02T01:09:37.551102722Z,01JGJ8NP5VXXT2KXEA8CTWEJZZ,2025-01-02T01:09:32.161380373Z,01JGJ8SNNA51WEBFKCSSDF2P3Z,2025-01-02T01:09:32.161380373Z,01JGJ8SNQTPQ96X4WF4Q3N4SEV,2025-01-02T01:09:32.161380373Z,true,2025-01-02T01:09:37.539456096Z
01JGJ9E6E94C32PMX42HSMDXDX,01JGJ91WNR8EKXWD9252M85KH6,2025-01-02T01:17:49.897331951Z,,,01JGJ91WNX5F13GKCWNVF2J9RJ,2025-01-02T01:17:49.897331951Z,,,01JGJ95VP8S41R8FP9T3C9KW7N,2025-01-02T01:17:49.897331951Z,01JGJ9E65B4XGAAF0TXPZHW1H8,2025-01-02T01:17:49.897331951Z,01JGJ9E6830WE8R79Z068AVBX7,2025-01-02T01:17:49.897331951Z,,
01JGJ9E6EFDZ5ENHVTAECRE7FQ,01JGJ91WNR8EKXWD9252M85KH6,2025-01-02T01:17:49.903852356Z,,,01JGJ91WNX5F13GKCWNVF2J9RJ,2025-01-02T01:17:49.903852356Z,,,01JGJ97WYSVBVNK284VS5XMK3S,2025-01-02T01:17:49.903852356Z,01JGJ9E65B4XGAAF0TXPZHW1H8,2025-01-02T01:17:49.903852356Z,01JGJ9E6830WE8R79Z068AVBX7,2025-01-02T01:17:49.903852356Z,,
01JGJ8Z0BYJ5HV0H9XV61RBA9B,01JGJ7Q38M5BAPANAG3C1DAXJB,2025-01-02T01:09:32.158483021Z,42,2025-01-02T01:09:41.804381105Z,01JGJ7Q38SSSW9T0GHA4JNYXNP,2025-01-02T01:09:32.158483021Z,60,2025-01-02T01:09:41.804869785Z,01JGJ8NDJE69WXDGNEW1G7YDMZ,2025-01-02T01:09:32.158483021Z,01JGJ8SNNA51WEBFKCSSDF2P3Z,2025-01-02T01:09:32.158483021Z,01JGJ8SNQTPQ96X4WF4Q3N4SEV,2025-01-02T01:09:32.158483021Z,true,2025-01-02T01:09:41.805336339Z
01JGJ93V3RJB7A1F945JWG01S9,01JGJ7Q38M5BAPANAG3C1DAXJB,2025-01-02T01:12:10.616565305Z,78,2025-01-02T01:12:22.170394987Z,01JGJ7Q38SSSW9T0GHA4JNYXNP,2025-01-02T01:12:10.616565305Z,23,2025-01-02T01:12:22.170922127Z,01JGJ8NDJE69WXDGNEW1G7YDMZ,2025-01-02T01:12:10.616565305Z,01JGJ8SNNDNDCA93J3P1S9SPH4,2025-01-02T01:12:10.616565305Z,01JGJ8SNTDA4V91M4BFQRBDRK2,2025-01-02T01:12:10.616565305Z,true,2025-01-02T01:12:22.171726048Z
01JGJ9NBEAMW4Z60RRC641K9A1,01JGJ7Q1TDDCFSCSJJK08YWG8D,2025-01-02T01:21:44.39494387Z,78,2025-01-02T01:21:52.558373683Z,01JGJ7Q1TKQHEXHB6FKQWS62NY,2025-01-02T01:21:44.39494387Z,12,2025-01-02T01:21:52.551373433Z,01JGJ948GC4NV6SASK3X2XH9YW,2025-01-02T01:21:44.39494387Z,01JGJ9BGY5X7VAGHYRKWF0VQTG,2025-01-02T01:21:44.39494387Z,01JGJ9BGZMRSKBC9E3GFNM2JBZ,2025-01-02T01:21:44.39494387Z,true,2025-01-02T01:21:52.562394316Z
01JGJ8TKBKMV2W25SQ153XQMW9,01JGJ7Q38M5BAPANAG3C1DAXJB,2025-01-02T01:07:07.763354649Z,,,01JGJ7Q38SSSW9T0GHA4JNYXNP,2025-01-02T01:07:07.763354649Z,,,01JGJ8EG842FDVC5C0YTD0YVCT,2025-01-02T01:07:07.763354649Z,01JGJ8SNN5KWVQ3EPBJQ0HWT6E,2025-01-02T01:07:07.763354649Z,01JGJ8SNTQ7Z466W4BH38ESWM3,2025-01-02T01:07:07.763354649Z,,
01JGJ9JQF47G2XATKVV58FNQ2H,01JGJ91W6V8C9DH2MJ6H5G14S8,2025-01-02T01:20:18.404979691Z,,,01JGJ91W71P8SZ6D1PAER2PRBZ,2025-01-02T01:20:18.404979691Z,,,01JGJ95B59Q3RY1QM27B7969HB,2025-01-02T01:20:18.404979691Z,01JGJ9HSRZWCM9VEHER3ZHYFE2,2025-01-02T01:20:18.404979691Z,01JGJ9HSYJ2885BRNJ765MDTAQ,2025-01-02T01:20:18.404979691Z,,
01JGJ8TKBWG2W8SZKZMTEJ4T95,01JGJ7Q38M5BAPANAG3C1DAXJB,2025-01-02T01:07:07.772429224Z,,,01JGJ7Q38SSSW9T0GHA4JNYXNP,2025-01-02T01:07:07.772429224Z,,,01JGJ8NP5VXXT2KXEA8CTWEJZZ,2025-01-02T01:07:07.772429224Z,01JGJ8SNN5KWVQ3EPBJQ0HWT6E,2025-01-02T01:07:07.772429224Z,01JGJ8SNTQ7Z466W4BH38ESWM3,2025-01-02T01:07:07.772429224Z,,
01JGJ8Z0BR4R6JC66MTA6Y0J9W,01JGJ7Q38M5BAPANAG3C1DAXJB,2025-01-02T01:09:32.15232019Z,82,2025-01-02T01:09:48.566462207Z,01JGJ7Q38SSSW9T0GHA4JNYXNP,2025-01-02T01:09:32.15232019Z,9,2025-01-02T01:09:48.561769453Z,01JGJ8EG842FDVC5C0YTD0YVCT,2025-01-02T01:09:32.15232019Z,01JGJ8SNNA51WEBFKCSSDF2P3Z,2025-01-02T01:09:32.15232019Z,01JGJ8SNQTPQ96X4WF4Q3N4SEV,2025-01-02T01:09:32.15232019Z,true,2025-01-02T01:09:48.566768072Z
01JGJ9E6GMMQKV023ZVJRCZK1W,01JGJ7Q1TDDCFSCSJJK08YWG8D,2025-01-02T01:17:49.972188527Z,,,01JGJ7Q1TKQHEXHB6FKQWS62NY,2025-01-02T01:17:49.972188527Z,,,01JGJ94W25ZX0N4A835SNRV4AZ,2025-01-02T01:17:49.972188527Z,01JGJ9BGY27C57BN2651FYDWMJ,2025-01-02T01:17:49.972188527Z,01JGJ9BH1QZ85NQQGB77YPH25S,2025-01-02T01:17:49.972188527Z,,
01JGJ8X9M3DW9GYATZSP8ZXC6Y,01JGJ7Q38M5BAPANAG3C1DAXJB,2025-01-02T01:08:36.099727512Z,82,2025-01-02T01:08:50.756647897Z,01JGJ7Q38SSSW9T0GHA4JNYXNP,2025-01-02T01:08:36.099727512Z,9,2025-01-02T01:08:50.753205346Z,01JGJ8EG842FDVC5C0YTD0YVCT,2025-01-02T01:08:36.099727512Z,01JGJ8SNN6YNGVP15AJ4F613NQ,2025-01-02T01:08:36.099727512Z,01JGJ8SNTGKFNJJSZ1GHFY15AW,2025-01-02T01:08:36.099727512Z,true,2025-01-02T01:08:50.756337456Z
01JGJ8Z0BWA3WYWRDQAQTEEVAJ,01JGJ7Q38M5BAPANAG3C1DAXJB,2025-01-02T01:09:32.156134466Z,56,2025-01-02T01:09:40.250707596Z,01JGJ7Q38SSSW9T0GHA4JNYXNP,2025-01-02T01:09:32.156134466Z,94,2025-01-02T01:09:40.242609441Z,01JGJ8FGEKNEMV6BVYQ46ASE3B,2025-01-02T01:09:32.156134466Z,01JGJ8SNNA51WEBFKCSSDF2P3Z,2025-01-02T01:09:32.156134466Z,01JGJ8SNQTPQ96X4WF4Q3N4SEV,2025-01-02T01:09:32.156134466Z,true,2025-01-02T01:09:40.253145167Z
01JGJ9NBEG6T0VCYEP0GKP7ZR2,01JGJ7Q1TDDCFSCSJJK08YWG8D,2025-01-02T01:21:44.40067878Z,79,2025-01-02T01:22:09.400382507Z,01JGJ7Q1TKQHEXHB6FKQWS62NY,2025-01-02T01:21:44.40067878Z,12,2025-01-02T01:22:09.393207434Z,01JGJ94QTAFRADNWKFYSRWV34E,2025-01-02T01:21:44.40067878Z,01JGJ9BGY5X7VAGHYRKWF0VQTG,2025-01-02T01:21:44.40067878Z,01JGJ9BGZMRSKBC9E3GFNM2JBZ,2025-01-02T01:21:44.40067878Z,true,2025-01-02T01:22:09.398752863Z
01JGJ9HT467V5XX5CE2YJCA5G0,01JGJ91W6V8C9DH2MJ6H5G14S8,2025-01-02T01:19:48.358755095Z,,,01JGJ91W71P8SZ6D1PAER2PRBZ,2025-01-02T01:19:48.358755095Z,,,01JGJ94SCJPS10SPMA7QRTFWBB,2025-01-02T01:19:48.358755095Z,01JGJ9HSRZWCM9VEHER3ZHYFE2,2025-01-02T01:19:48.358755095Z,01JGJ9HSYHV1NK5HK163EV9GJS,2025-01-02T01:19:48.358755095Z,,
01JGJ9KPH7ME4P1YRKF3V8EV2X,01JGJ91WNR8EKXWD9252M85KH6,2025-01-02T01:20:50.215792509Z,39,2025-01-02T01:21:01.226959928Z,01JGJ91WNX5F13GKCWNVF2J9RJ,2025-01-02T01:20:50.215792509Z,85,2025-01-02T01:21:01.22319116Z,01JGJ94C500TJGV4SBK4CSYD3B,2025-01-02T01:20:50.215792509Z,01JGJ9E65DBDGAQEGZ5V0PYFA2,2025-01-02T01:20:50.215792509Z,01JGJ9E67M0WENA4VHBCNYX2Q5,2025-01-02T01:20:50.215792509Z,true,2025-01-02T01:21:01.225809656Z
01JGJ9P1KVZ21F9Y452TRPHB6S,01JGJ91VJB96BD050J4248JZJ3,2025-01-02T01:22:07.099913968Z,,,01JGJ91VJH075JR7FCHZ0ZNBRG,2025-01-02T01:22:07.099913968Z,,,01JGJ98WRRAJWPA3VEJRJAJ7T3,2025-01-02T01:22:07.099913968Z,01JGJ9P19S5H7TNT4C9M377B1Q,2025-01-02T01:22:07.099913968Z,01JGJ9P1EKPR0HKBCJBMJ0JBAR,2025-01-02T01:22:07.099913968Z,,
01JGJ9P3XV44083J2GQ6RHM9MB,01JGJ7Q1TDDCFSCSJJK08YWG8D,2025-01-02T01:22:09.467872351Z,,,01JGJ7Q1TKQHEXHB6FKQWS62NY,2025-01-02T01:22:09.467872351Z,,,01JGJ95V0TC1EPB333C5EM1SPB,2025-01-02T01:22:09.467872351Z,01JGJ9BGY4N0Y0DZH7S7QT9B6Z,2025-01-02T01:22:09.467872351Z,01JGJ9BH0SKQC1EHPT7A6D31KY,2025-01-02T01:22:09.467872351Z,,
01JGJ9PXANRA3S3WPTCCE8BQ9T,01JGJ91WNR8EKXWD9252M85KH6,2025-01-02T01:22:35.477210433Z,,,01JGJ91WNX5F13GKCWNVF2J9RJ,2025-01-02T01:22:35.477210433Z,,,01JGJ95VP8S41R8FP9T3C9KW7N,2025-01-02T01:22:35.477210433Z,01JGJ9E65EJ30RTE5B9Z8YVXZE,2025-01-02T01:22:35.477210433Z,01JGJ9E67TV0803E9BTSP9S4YT,2025-01-02T01:22:35.477210433Z,,
01JGJ9MB46EC9ACTJ4M6J746RR,01JGJ91WNR8EKXWD9252M85KH6,2025-01-02T01:21:11.302105268Z,,,01JGJ91WNX5F13GKCWNVF2J9RJ,2025-01-02T01:21:11.302105268Z,,,01JGJ95VP8S41R8FP9T3C9KW7N,2025-01-02T01:21:11.302105268Z,01JGJ9E65EJ30RTE5BABHDXGSY,2025-01-02T01:21:11.302105268Z,01JGJ9E66E42GAR39MTVRXTW20,2025-01-02T01:21:11.302105268Z,,
01JGJ9E6GQJVHFY17N4X4PRH2M,01JGJ7Q1TDDCFSCSJJK08YWG8D,2025-01-02T01:17:49.975549262Z,,,01JGJ7Q1TKQHEXHB6FKQWS62NY,2025-01-02T01:17:49.975549262Z,,,01JGJ95V0TC1EPB333C5EM1SPB,2025-01-02T01:17:49.975549262Z,01JGJ9BGY27C57BN2651FYDWMJ,2025-01-02T01:17:49.975549262Z,01JGJ9BH1QZ85NQQGB77YPH25S,2025-01-02T01:17:49.975549262Z,,
01JGJ9J5JSECDZENCTZD5FWYMR,01JGJ7Q1TDDCFSCSJJK08YWG8D,2025-01-02T01:20:00.089769053Z,74,2025-01-02T01:20:14.661352415Z,01JGJ7Q1TKQHEXHB6FKQWS62NY,2025-01-02T01:20:00.089769053Z,25,2025-01-02T01:20:14.654597487Z,01JGJ95V0TC1EPB333C5EM1SPB,2025-01-02T01:20:00.089769053Z,01JGJ9BGY6QCGQ76GHZ6N6X372,2025-01-02T01:20:00.089769053Z,01JGJ9BH15XMM12Q5YDCAA4NJK,2025-01-02T01:20:00.089769053Z,true,2025-01-02T01:20:14.662718361Z
01JGJ9K2E7GD20QF7GM1JCAS2Q,01JGJ7Q1TDDCFSCSJJK08YWG8D,2025-01-02T01:20:29.639083757Z,,,01JGJ7Q1TKQHEXHB6FKQWS62NY,2025-01-02T01:20:29.639083757Z,,,01JGJ948GC4NV6SASK3X2XH9YW,2025-01-02T01:20:29.639083757Z,01JGJ9BGY5X7VAGHYRMA6CZV8X,2025-01-02T01:20:29.639083757Z,01JGJ9BH0V7D534G5K1HVBQKWJ,2025-01-02T01:20:29.639083757Z,,
01JGJ9J5JG40ZF2DTGHXBESTPH,01JGJ7Q1TDDCFSCSJJK08YWG8D,2025-01-02T01:20:00.080206416Z,71,2025-01-02T01:20:11.988446212Z,01JGJ7Q1TKQHEXHB6FKQWS62NY,2025-01-02T01:20:00.080206416Z,10,2025-01-02T01:20:11.989575902Z,01JGJ948GC4NV6SASK3X2XH9YW,2025-01-02T01:20:00.080206416Z,01JGJ9BGY6QCGQ76GHZ6N6X372,2025-01-02T01:20:00.080206416Z,01JGJ9BH15XMM12Q5YDCAA4NJK,2025-01-02T01:20:00.080206416Z,true,2025-01-02T01:20:11.987493143Z
01JGJ8TKBSBRHV8S9E91NVSX4J,01JGJ7Q38M5BAPANAG3C1DAXJB,2025-01-02T01:07:07.769944193Z,,,01JGJ7Q38SSSW9T0GHA4JNYXNP,2025-01-02T01:07:07.769944193Z,,,01JGJ8NDJE69WXDGNEW1G7YDMZ,2025-01-02T01:07:07.769944193Z,01JGJ8SNN5KWVQ3EPBJQ0HWT6E,2025-01-02T01:07:07.769944193Z,01JGJ8SNTQ7Z466W4BH38ESWM3,2025-01-02T01:07:07.769944193Z,,
01JGJ8WC9H50SJHVGKN1M9JCJ0,01JGJ7Q38M5BAPANAG3C1DAXJB,2025-01-02T01:08:06.06571147Z,,,01JGJ7Q38SSSW9T0GHA4JNYXNP,2025-01-02T01:08:06.06571147Z,,,01JGJ8EG842FDVC5C0YTD0YVCT,2025-01-02T01:08:06.06571147Z,01JGJ8SNN6YNGVP15AJ4F613NQ,2025-01-02T01:08:06.06571147Z,01JGJ8SNTF7F6RSFSGGBCFP47P,2025-01-02T01:08:06.06571147Z,,
01JGJ9HT49MXH0N6SGYPN2PCX0,01JGJ91W6V8C9DH2MJ6H5G14S8,2025-01-02T01:19:48.361848538Z,,,01JGJ91W71P8SZ6D1PAER2PRBZ,2025-01-02T01:19:48.361848538Z,,,01JGJ954D80A3HE7KTNFV7SGVB,2025-01-02T01:19:48.361848538Z,01JGJ9HSRZWCM9VEHER3ZHYFE2,2025-01-02T01:19:48.361848538Z,01JGJ9HSYHV1NK5HK163EV9GJS,2025-01-02T01:19:48.361848538Z,,
01JGJ9NFH6RTY968FKY1N171PV,01JGJ91W6V8C9DH2MJ6H5G14S8,2025-01-02T01:21:48.582478045Z,58,2025-01-02T01:22:00.697177746Z,01JGJ91W71P8SZ6D1PAER2PRBZ,2025-01-02T01:21:48.582478045Z,33,2025-01-02T01:22:00.699932584Z,01JGJ94RBH0GDKFRJ4P5NF0QPG,2025-01-02T01:21:48.582478045Z,01JGJ9HSS1PVQ5KE08DM4AP4ZK,2025-01-02T01:21:48.582478045Z,01JGJ9HSX0Y2VQY05Y2ZYE5B6Z,2025-01-02T01:21:48.582478045Z,true,2025-01-02T01:22:00.698546215Z
01JGJ9NFHDHPY3GAMXFVRA5HBW,01JGJ91W6V8C9DH2MJ6H5G14S8,2025-01-02T01:21:48.589217729Z,14,2025-01-02T01:22:10.64268089Z,01JGJ91W71P8SZ6D1PAER2PRBZ,2025-01-02T01:21:48.589217729Z,80,2025-01-02T01:22:10.641400176Z,01JGJ954D80A3HE7KTNFV7SGVB,2025-01-02T01:21:48.589217729Z,01JGJ9HSS1PVQ5KE08DM4AP4ZK,2025-01-02T01:21:48.589217729Z,01JGJ9HSX0Y2VQY05Y2ZYE5B6Z,2025-01-02T01:21:48.589217729Z,true,2025-01-02T01:22:10.726544136Z
01JGJ9P57DKP7BSFJCS33Y0VXQ,01JGJ91W6V8C9DH2MJ6H5G14S8,2025-01-02T01:22:10.797711894Z,,,01JGJ91W71P8SZ6D1PAER2PRBZ,2025-01-02T01:22:10.797711894Z,,,01JGJ954D80A3HE7KTNFV7SGVB,2025-01-02T01:22:10.797711894Z,01JGJ9HSS68PYJ6ZMYBSTBWSZK,2025-01-02T01:22:10.797711894Z,01JGJ9HSTXGMJKX8TBKT0D3T4E,2025-01-02T01:22:10.797711894Z,,
01JGJ8X9M6SW7FQMB1W82Q5W8S,01JGJ7Q38M5BAPANAG3C1DAXJB,2025-01-02T01:08:36.102089328Z,24,2025-01-02T01:08:46.716116765Z,01JGJ7Q38SSSW9T0GHA4JNYXNP,2025-01-02T01:08:36.102089328Z,39,2025-01-02T01:08:46.714412659Z,01JGJ8FGEKNEMV6BVYQ46ASE3B,2025-01-02T01:08:36.102089328Z,01JGJ8SNN6YNGVP15AJ4F613NQ,2025-01-02T01:08:36.102089328Z,01JGJ8SNTGKFNJJSZ1GHFY15AW,2025-01-02T01:08:36.102089328Z,true,2025-01-02T01:08:46.72206172Z
01JGJ9GDC567XMNAN00PSD0TK6,01JGJ7Q1TDDCFSCSJJK08YWG8D,2025-01-02T01:19:02.533156385Z,31,2025-01-02T01:19:29.990051712Z,01JGJ7Q1TKQHEXHB6FKQWS62NY,2025-01-02T01:19:02.533156385Z,12,2025-01-02T01:19:29.983800945Z,01JGJ94QTAFRADNWKFYSRWV34E,2025-01-02T01:19:02.533156385Z,01JGJ9BGY4N0Y0DZH7SX36AVQE,2025-01-02T01:19:02.533156385Z,01JGJ9BGZHZQ9QSW5B92FAT056,2025-01-02T01:19:02.533156385Z,true,2025-01-02T01:19:29.989213581Z
01JGJ9GDC2CPWHVFAFGPFXTY0D,01JGJ7Q1TDDCFSCSJJK08YWG8D,2025-01-02T01:19:02.530355914Z,71,2025-01-02T01:19:08.986660519Z,01JGJ7Q1TKQHEXHB6FKQWS62NY,2025-01-02T01:19:02.530355914Z,18,2025-01-02T01:19:08.988604398Z,01JGJ948GC4NV6SASK3X2XH9YW,2025-01-02T01:19:02.530355914Z,01JGJ9BGY4N0Y0DZH7SX36AVQE,2025-01-02T01:19:02.530355914Z,01JGJ9BGZHZQ9QSW5B92FAT056,2025-01-02T01:19:02.530355914Z,true,2025-01-02T01:19:08.990436083Z
01JGJ9N8F2VASK63GTXSF31JXF,01JGJ91WNR8EKXWD9252M85KH6,2025-01-02T01:21:41.346029472Z,51,2025-01-02T01:22:05.357292258Z,01JGJ91WNX5F13GKCWNVF2J9RJ,2025-01-02T01:21:41.346029472Z,51,2025-01-02T01:22:05.356324621Z,01JGJ95VP8S41R8FP9T3C9KW7N,2025-01-02T01:21:41.346029472Z,01JGJ9E65EJ30RTE5BABHDXGSY,2025-01-02T01:21:41.346029472Z,01JGJ9E66FJJCDS0KPP4JBE75W,2025-01-02T01:21:41.346029472Z,true,2025-01-02T01:22:05.355185568Z
01JGJ9F3SEAYZBBKH2PSRCAQG0,01JGJ91WNR8EKXWD9252M85KH6,2025-01-02T01:18:19.950355748Z,,,01JGJ91WNX5F13GKCWNVF2J9RJ,2025-01-02T01:18:19.950355748Z,,,01JGJ97WYSVBVNK284VS5XMK3S,2025-01-02T01:18:19.950355748Z,01JGJ9E65B4XGAAF0TXPZHW1H8,2025-01-02T01:18:19.950355748Z,01JGJ9E684WJ0NXFGRERJ5K8XM,2025-01-02T01:18:19.950355748Z,,
01JGJ9KZS3F7N9CCX76QM4DP14,01JGJ7Q1TDDCFSCSJJK08YWG8D,2025-01-02T01:20:59.683895975Z,100,2025-01-02T01:21:07.0316953Z,01JGJ7Q1TKQHEXHB6FKQWS62NY,2025-01-02T01:20:59.683895975Z,80,2025-01-02T01:21:07.032892537Z,01JGJ94W25ZX0N4A835SNRV4AZ,2025-01-02T01:20:59.683895975Z,01JGJ9BGY5X7VAGHYRMA6CZV8X,2025-01-02T01:20:59.683895975Z,01JGJ9BH0W889V5Q4F173R5R67,2025-01-02T01:20:59.683895975Z,true,2025-01-02T01:21:07.03407739Z
01JGJ8VGP9DHP6S0A90QYY5GAW,01JGJ7Q38M5BAPANAG3C1DAXJB,2025-01-02T01:07:37.801835028Z,100,2025-01-02T01:07:47.124984222Z,01JGJ7Q38SSSW9T0GHA4JNYXNP,2025-01-02T01:07:37.801835028Z,100,2025-01-02T01:07:47.126017893Z,01JGJ8FGEKNEMV6BVYQ46ASE3B,2025-01-02T01:07:37.801835028Z,01JGJ8SNN5KWVQ3EPBJQ0HWT6E,2025-01-02T01:07:37.801835028Z,01JGJ8SNTR1YZP5WC2TPZR6ZBS,2025-01-02T01:07:37.801835028Z,true,2025-01-02T01:07:47.130999752Z
01JGJ8ZGERWEDPCK3QYXSQTGYN,01JGJ7Q38M5BAPANAG3C1DAXJB,2025-01-02T01:09:48.632520933Z,,,01JGJ7Q38SSSW9T0GHA4JNYXNP,2025-01-02T01:09:48.632520933Z,,,01JGJ8NDJE69WXDGNEW1G7YDMZ,2025-01-02T01:09:48.632520933Z,01JGJ8SNNCEQRJ9J2XP1AT1M6F,2025-01-02T01:09:48.632520933Z,01JGJ8SNQPDV7JJ4GEM6R62Z34,2025-01-02T01:09:48.632520933Z,,
01JGJ95GJ6EHK9K77FPDS1C65M,01JGJ7Q38M5BAPANAG3C1DAXJB,2025-01-02T01:13:05.350914185Z,83,2025-01-02T01:13:11.46752081Z,01JGJ7Q38SSSW9T0GHA4JNYXNP,2025-01-02T01:13:05.350914185Z,75,2025-01-02T01:13:11.454095984Z,01JGJ8NP5VXXT2KXEA8CTWEJZZ,2025-01-02T01:13:05.350914185Z,01JGJ8SNNA51WEBFKCTD33DTZJ,2025-01-02T01:13:05.350914185Z,01JGJ8SNTBHV3ZRF0NX1E9XVWJ,2025-01-02T01:13:05.350914185Z,true,2025-01-02T01:13:11.48123783Z
01JGJ978JVGKVQ2XJY14PECF6D,01JGJ7Q38M5BAPANAG3C1DAXJB,2025-01-02T01:14:02.715092895Z,57,2025-01-02T01:14:30.24388607Z,01JGJ7Q38SSSW9T0GHA4JNYXNP,2025-01-02T01:14:02.715092895Z,9,2025-01-02T01:14:30.243345531Z,01JGJ8EG842FDVC5C0YTD0YVCT,2025-01-02T01:14:02.715092895Z,01JGJ8SNNCEQRJ9J2XPM3W8A3C,2025-01-02T01:14:02.715092895Z,01JGJ8SNQYMASHDJ0YJ6XH1Q07,2025-01-02T01:14:02.715092895Z,true,2025-01-02T01:14:30.244428781Z
01JGJ978K0EP7MZKGHHJMAKQC9,01JGJ7Q38M5BAPANAG3C1DAXJB,2025-01-02T01:14:02.720626498Z,84,2025-01-02T01:14:15.681853167Z,01JGJ7Q38SSSW9T0GHA4JNYXNP,2025-01-02T01:14:02.720626498Z,22,2025-01-02T01:14:15.68104333Z,01JGJ8NDJE69WXDGNEW1G7YDMZ,2025-01-02T01:14:02.720626498Z,01JGJ8SNNCEQRJ9J2XPM3W8A3C,2025-01-02T01:14:02.720626498Z,01JGJ8SNQYMASHDJ0YJ6XH1Q07,2025-01-02T01:14:02.720626498Z,true,2025-01-02T01:14:15.6824817Z
01JGJ9DBXMPV7VFR5S5P8033KY,01JGJ7Q1TDDCFSCSJJK08YWG8D,2025-01-02T01:17:22.740710337Z,55,2025-01-02T01:17:49.827450316Z,01JGJ7Q1TKQHEXHB6FKQWS62NY,2025-01-02T01:17:22.740710337Z,80,2025-01-02T01:17:49.823553485Z,01JGJ94W25ZX0N4A835SNRV4AZ,2025-01-02T01:17:22.740710337Z,01JGJ9BGY16AQVRZXYNNMYR14E,2025-01-02T01:17:22.740710337Z,01JGJ9BH2FCP78FVWKFP7JNKWF,2025-01-02T01:17:22.740710337Z,true,2025-01-02T01:17:49.865701302Z
01JGJ9H87YRXN3YH5NZ9R8YENY,01JGJ7Q1TDDCFSCSJJK08YWG8D,2025-01-02T01:19:30.046769869Z,,,01JGJ7Q1TKQHEXHB6FKQWS62NY,2025-01-02T01:19:30.046769869Z,,,01JGJ94QTAFRADNWKFYSRWV34E,2025-01-02T01:19:30.046769869Z,01JGJ9BGY6QCGQ76GHZ6N6X372,2025-01-02T01:19:30.046769869Z,01JGJ9BH14T4HWMREFVFVGF6HQ,2025-01-02T01:19:30.046769869Z,,
01JGJ8SP15939N3VPKEP3J2N3V,01JGJ7Q38M5BAPANAG3C1DAXJB,2025-01-02T01:06:37.733651409Z,,,01JGJ7Q38SSSW9T0GHA4JNYXNP,2025-01-02T01:06:37.733651409Z,,,01JGJ8FGEKNEMV6BVYQ46ASE3B,2025-01-02T01:06:37.733651409Z,01JGJ8SNN5KWVQ3EPBJQ0HWT6E,2025-01-02T01:06:37.733651409Z,01JGJ8SNTQ7Z466W4BGF0DTZY9,2025-01-02T01:06:37.733651409Z,,
01JGJ9K2EG11FB2GMRX5T2JPMN,01JGJ7Q1TDDCFSCSJJK08YWG8D,2025-01-02T01:20:29.648401513Z,,,01JGJ7Q1TKQHEXHB6FKQWS62NY,2025-01-02T01:20:29.648401513Z,,,01JGJ95V0TC1EPB333C5EM1SPB,2025-01-02T01:20:29.648401513Z,01JGJ9BGY5X7VAGHYRMA6CZV8X,2025-01-02T01:20:29.648401513Z,01JGJ9BH0V7D534G5K1HVBQKWJ,2025-01-02T01:20:29.648401513Z,,
01JGJ9ME3R0BRQP8E96SYQ26BW,01JGJ7Q1TDDCFSCSJJK08YWG8D,2025-01-02T01:21:14.360179503Z,,,01JGJ7Q1TKQHEXHB6FKQWS62NY,2025-01-02T01:21:14.360179503Z,,,01JGJ95V0TC1EPB333C5EM1SPB,2025-01-02T01:21:14.360179503Z,01JGJ9BGY5X7VAGHYRKWF0VQTG,2025-01-02T01:21:14.360179503Z,01JGJ9BGZK4YQREZPJKSER8EF4,2025-01-02T01:21:14.360179503Z,,
01JGJ9MJ6SR5PHD2K9XRX6GRJ4,01JGJ91W6V8C9DH2MJ6H5G14S8,2025-01-02T01:21:18.553272028Z,,,01JGJ91W71P8SZ6D1PAER2PRBZ,2025-01-02T01:21:18.553272028Z,,,01JGJ95B59Q3RY1QM27B7969HB,2025-01-02T01:21:18.553272028Z,01JGJ9HSS1PVQ5KE08DM4AP4ZK,2025-01-02T01:21:18.553272028Z,01JGJ9HSX0Y2VQY05Y2AGR0SK9,2025-01-02T01:21:18.553272028Z,,
01JGJ8SP1257Z4PJQKJG4RC279,01JGJ7Q38M5BAPANAG3C1DAXJB,2025-01-02T01:06:37.730310563Z,,,01JGJ7Q38SSSW9T0GHA4JNYXNP,2025-01-02T01:06:37.730310563Z,,,01JGJ8EG842FDVC5C0YTD0YVCT,2025-01-02T01:06:37.730310563Z,01JGJ8SNN5KWVQ3EPBJQ0HWT6E,2025-01-02T01:06:37.730310563Z,01JGJ8SNTQ7Z466W4BGF0DTZY9,2025-01-02T01:06:37.730310563Z,,
01JGJ9F3VC9FCKG31CH4912HGF,01JGJ7Q1TDDCFSCSJJK08YWG8D,2025-01-02T01:18:20.01259572Z,100,2025-01-02T01:18:32.426558599Z,01JGJ7Q1TKQHEXHB6FKQWS62NY,2025-01-02T01:18:20.01259572Z,80,2025-01-02T01:18:32.428813716Z,01JGJ94W25ZX0N4A835SNRV4AZ,2025-01-02T01:18:20.01259572Z,01JGJ9BGY27C57BN2651FYDWMJ,2025-01-02T01:18:20.01259572Z,01JGJ9BH1YENVXG0NZ8C02CZTW,2025-01-02T01:18:20.01259572Z,true,2025-01-02T01:18:32.425785667Z
01JGJ8Y316QFV7ZEZ0D1AP3R65,01JGJ7Q38M5BAPANAG3C1DAXJB,2025-01-02T01:09:02.118361783Z,,,01JGJ7Q38SSSW9T0GHA4JNYXNP,2025-01-02T01:09:02.118361783Z,,,01JGJ8EG842FDVC5C0YTD0YVCT,2025-01-02T01:09:02.118361783Z,01JGJ8SNNA51WEBFKCSSDF2P3Z,2025-01-02T01:09:02.118361783Z,01JGJ8SNQSV8E161BBGTJ23CWM,2025-01-02T01:09:02.118361783Z,,
01JGJ9HVTTEX8Y2PV5XX430310,01JGJ91WNR8EKXWD9252M85KH6,2025-01-02T01:19:50.106754123Z,48,2025-01-02T01:20:03.861362548Z,01JGJ91WNX5F13GKCWNVF2J9RJ,2025-01-02T01:19:50.106754123Z,38,2025-01-02T01:20:03.859988617Z,01JGJ95VP8S41R8FP9T3C9KW7N,2025-01-02T01:19:50.106754123Z,01JGJ9E65CPVXRC1XSVJHY625W,2025-01-02T01:19:50.106754123Z,01JGJ9E6731YEXYMP4JBN36P62,2025-01-02T01:19:50.106754123Z,true,2025-01-02T01:20:03.935251139Z
01JGJ9JQEYKX4NC0T75ZQ2XEKQ,01JGJ91W6V8C9DH2MJ6H5G14S8,2025-01-02T01:20:18.398354137Z,,,01JGJ91W71P8SZ6D1PAER2PRBZ,2025-01-02T01:20:18.398354137Z,,,01JGJ94SCJPS10SPMA7QRTFWBB,2025-01-02T01:20:18.398354137Z,01JGJ9HSRZWCM9VEHER3ZHYFE2,2025-01-02T01:20:18.398354137Z,01JGJ9HSYJ2885BRNJ765MDTAQ,2025-01-02T01:20:18.398354137Z,,
01JGJ9N8ET8WAAY937HNG2G282,01JGJ91WNR8EKXWD9252M85KH6,2025-01-02T01:21:41.338335646Z,60,2025-01-02T01:22:02.248458228Z,01JGJ91WNX5F13GKCWNVF2J9RJ,2025-01-02T01:21:41.338335646Z,88,2025-01-02T01:22:02.24734157Z,01JGJ94C500TJGV4SBK4CSYD3B,2025-01-02T01:21:41.338335646Z,01JGJ9E65EJ30RTE5BABHDXGSY,2025-01-02T01:21:41.338335646Z,01JGJ9E66FJJCDS0KPP4JBE75W,2025-01-02T01:21:41.338335646Z,true,2025-01-02T01:22:02.246013376Z
01JGJ9N8EYSV83RE339A9CEZ3H,01JGJ91WNR8EKXWD9252M85KH6,2025-01-02T01:21:41.34221581Z,64,2025-01-02T01:21:51.055930678Z,01JGJ91WNX5F13GKCWNVF2J9RJ,2025-01-02T01:21:41.34221581Z,23,2025-01-02T01:21:51.058803591Z,01JGJ95AJGMPFDE6P3QTD00D0J,2025-01-02T01:21:41.34221581Z,01JGJ9E65EJ30RTE5BABHDXGSY,2025-01-02T01:21:41.34221581Z,01JGJ9E66FJJCDS0KPP4JBE75W,2025-01-02T01:21:41.34221581Z,true,2025-01-02T01:21:51.057593698Z
01JGJ9BH86AQW1T0WCZB31JMXQ,01JGJ7Q1TDDCFSCSJJK08YWG8D,2025-01-02T01:16:22.662653952Z,,,01JGJ7Q1TKQHEXHB6FKQWS62NY,2025-01-02T01:16:22.662653952Z,,,01JGJ94QTAFRADNWKFYSRWV34E,2025-01-02T01:16:22.662653952Z,01JGJ9BGY16AQVRZXYNNMYR14E,2025-01-02T01:16:22.662653952Z,01JGJ9BH2FCP78FVWKE6HXC7D1,2025-01-02T01:16:22.662653952Z,,
01JGJ9DBXJNFW4VVV2QDNYX3FA,01JGJ7Q1TDDCFSCSJJK08YWG8D,2025-01-02T01:17:22.738036709Z,100,2025-01-02T01:17:48.081606151Z,01JGJ7Q1TKQHEXHB6FKQWS62NY,2025-01-02T01:17:22.738036709Z,75,2025-01-02T01:17:48.076491785Z,01JGJ94QTAFRADNWKFYSRWV34E,2025-01-02T01:17:22.738036709Z,01JGJ9BGY16AQVRZXYNNMYR14E,2025-01-02T01:17:22.738036709Z,01JGJ9BH2FCP78FVWKFP7JNKWF,2025-01-02T01:17:22.738036709Z,true,2025-01-02T01:17:48.171025Z
01JGJ9JS6NQ3ZHVMHTC6YNN81C,01JGJ91WNR8EKXWD9252M85KH6,2025-01-02T01:20:20.181805234Z,,,01JGJ91WNX5F13GKCWNVF2J9RJ,2025-01-02T01:20:20.181805234Z,,,01JGJ97WYSVBVNK284VS5XMK3S,2025-01-02T01:20:20.181805234Z,01JGJ9E65DBDGAQEGZ5V0PYFA2,2025-01-02T01:20:20.181805234Z,01JGJ9E67KP8NGF5DY6KV9H0RV,2025-01-02T01:20:20.181805234Z,,
01JGJ9NZZHDP7VAMBQQPREDACG,01JGJ91WNR8EKXWD9252M85KH6,2025-01-02T01:22:05.425588194Z,,,01JGJ91WNX5F13GKCWNVF2J9RJ,2025-01-02T01:22:05.425588194Z,,,01JGJ95AJGMPFDE6P3QTD00D0J,2025-01-02T01:22:05.425588194Z,01JGJ9E65EJ30RTE5B9Z8YVXZE,2025-01-02T01:22:05.425588194Z,01JGJ9E67S7YNA8J5J3BZZQ0GT,2025-01-02T01:22:05.425588194Z,,
01JGJ9P57AGHJGPV32TFJDHEA6,01JGJ91W6V8C9DH2MJ6H5G14S8,2025-01-02T01:22:10.794199775Z,,,01JGJ91W71P8SZ6D1PAER2PRBZ,2025-01-02T01:22:10.794199775Z,,,01JGJ94SCJPS10SPMA7QRTFWBB,2025-01-02T01:22:10.794199775Z,01JGJ9HSS68PYJ6ZMYBSTBWSZK,2025-01-02T01:22:10.794199775Z,01JGJ9HSTXGMJKX8TBKT0D3T4E,2025-01-02T01:22:10.794199775Z,,
