id,batchID,batchIDLastChangedAt,gameID,gameIDLastChangedAt,playerID,playerIDLastChangedAt
01JHBJGPJ0NG404K98HWYV9E6C,01JHBFA919QGWKEGBKQ6YPXAG3,2025-01-11T20:57:29.920953392Z,01JHBFA91MDAK01DTD2JSMRGFN,2025-01-11T20:57:29.920953392Z,01JHBGVZ1VR5TQZWDEZ3QV6FXT,2025-01-11T20:57:29.920953392Z
01JHBKK80XYSCA3H2QA15V779C,01JHBJNJ9ZZQA3E1GA42BC5GWQ,2025-01-11T21:16:21.917119211Z,01JHBJNJB8BVP0G2JTTNRSMFTZ,2025-01-11T21:16:21.917119211Z,01JHBJTABKF6R5DHYEMYM408BF,2025-01-11T21:16:21.917119211Z
01JHBKZTE2Y2HS71WGQ2TWGP9A,01JHBJNHQ7R7ER6M0APJEVS5F8,2025-01-11T21:23:13.987009317Z,01JHBJNHRCT3KF6PNF88MF36CV,2025-01-11T21:23:13.987009317Z,01JHBKKYSZ09Y572HGMR17A5RZ,2025-01-11T21:23:13.987009317Z
01JHBM1GHVN54WXDFWEJZR3F1P,01JHBJNGJAQCFKWPVXS4H828EE,2025-01-11T21:24:09.403548902Z,01JHBJNGKCMGM1YMDEJ0FJZM62,2025-01-11T21:24:09.403548902Z,01JHBKS0EKEMR3AJYE3MK2FRNR,2025-01-11T21:24:09.403548902Z
01JHBMG5F9P3B2AHH02QZGF841,01JHBJNE7QWAA2EV2VFAGMZ0QA,2025-01-11T21:32:09.577278926Z,01JHBJNE8SWN3H0EFBQ4FXFNBS,2025-01-11T21:32:09.577278926Z,01JHBM6APEJS6RC90GZNZT30EQ,2025-01-11T21:32:09.577278926Z
01JHBN153YWPB5A26YHDXA19KK,01JHBJNCBXTS4SFRPYXYNQZR28,2025-01-11T21:41:26.270944326Z,01JHBJNCCZS2VY89KSCBC01820,2025-01-11T21:41:26.270944326Z,01JHBMFSMS99HZX51GDVTXFP3Y,2025-01-11T21:41:26.270944326Z
01JHBGH4NVAC6H33AP642N6F3Y,01JHBFAGXN30WV5D270Z21CVXB,2025-01-11T20:22:47.227467842Z,01JHBFAGXXJPS2Z91X6C49KYN9,2025-01-11T20:22:47.227467842Z,01JHBGBE82567GF10XVSXH5WDP,2025-01-11T20:22:47.227467842Z
01JHBGW399395JV6WFN8HG4TRK,01JHBFADHQQN5VS6RX38VMZ3N3,2025-01-11T20:28:46.249457778Z,01JHBFADHY69D5J6H6M9B5JNND,2025-01-11T20:28:46.249457778Z,01JHBGKJJMDS1MPSYW79CKPS83,2025-01-11T20:28:46.249457778Z
01JHBN154J9XCE7Z4ZANAF6EJG,01JHBJNCBXTS4SFRPYXYNQZR28,2025-01-11T21:41:26.291444926Z,01JHBJNCCZS2VY89KSCBC01820,2025-01-11T21:41:26.291444926Z,01JHBMJQN77WT4RJ8R3R3Y5AA1,2025-01-11T21:41:26.291444926Z
01JHBGP5JPG2ANFCHA85NAKPVH,01JHBFAF5THBQDT3XMZCK83BJM,2025-01-11T20:25:31.990518399Z,01JHBFAF62DAFNA3C59MH4PG6Z,2025-01-11T20:25:31.990518399Z,01JHBGBKHBZA8BB1K3AG9GR62E,2025-01-11T20:25:31.990518399Z
01JHBGSDA9YMG5T4G2JHEY626M,01JHBFAE2WYMD2FZ3QZFAQ03DY,2025-01-11T20:27:18.217743158Z,01JHBFAE33Z9CTTGFV33AR7SPV,2025-01-11T20:27:18.217743158Z,01JHBGKA0HKH31EVBNCZ3E7QZS,2025-01-11T20:27:18.217743158Z
01JHBHJPJ7DHYMHECYYR7K8M04,01JHBFAABQS8HGQ62YJG50ENJ3,2025-01-11T20:41:06.887630791Z,01JHBFAABZ9YSTVZJP6918FH5Y,2025-01-11T20:41:06.887630791Z,01JHBH4FFJJ4SZQ9KPA3Q4TXFF,2025-01-11T20:41:06.887630791Z
01JHBKZEKC7SKX2TZH1KW7HFMP,01JHBJNH5GGFHVGJXMBMD6D389,2025-01-11T21:23:01.868702046Z,01JHBJNH6EHHNJSH4Z6RQ2E9T9,2025-01-11T21:23:01.868702046Z,01JHBKRKZ938GH4ZTASK0NR14Q,2025-01-11T21:23:01.868702046Z
01JHBFS63RRCZFTYF5KHFZ65QG,01JHBFAJ4PJBNNAD4GB7D7MYV0,2025-01-11T20:09:42.264637433Z,01JHBFAJ4Y01AFAN65Y7AZV68E,2025-01-11T20:09:42.264637433Z,01JHBFGCESJ9EXW9RXDDMJ9W1Z,2025-01-11T20:09:42.264637433Z
01JHBG0B2Q769FR9Y3KRNPAQ05,01JHBFAHSXB0AY3WV741BQBQ6Z,2025-01-11T20:13:36.727643949Z,01JHBFAHT4E4JQS72P1MRXDCYE,2025-01-11T20:13:36.727643949Z,01JHBFH3V9HDMV5082G8TWZEHS,2025-01-11T20:13:36.727643949Z
01JHBG8T9MS7GY55AQ34YF4K3A,01JHBFAGH59C8WZ0FG8AWW2QKF,2025-01-11T20:18:14.452029194Z,01JHBFAGHC5X9B1Q7P9E1HDEEX,2025-01-11T20:18:14.452029194Z,01JHBFY52SMVA682D4ACR8XRPK,2025-01-11T20:18:14.452029194Z
01JHBJGPJPR75758C6YGT63DMR,01JHBFA919QGWKEGBKQ6YPXAG3,2025-01-11T20:57:29.942387126Z,01JHBFA91MDAK01DTD2JSMRGFN,2025-01-11T20:57:29.942387126Z,01JHBHP94J4T9G4SRE2DVC5VFR,2025-01-11T20:57:29.942387126Z
01JHBK8MH1WE7CKG72ST6ZAMKR,01JHBJNMKV3E2ZCR18Y4JNMRC3,2025-01-11T21:10:34.273118681Z,01JHBJNMN68Q86GZCM5JC5GPMX,2025-01-11T21:10:34.273118681Z,01JHBK490CG15PNY0WDQS7DMZK,2025-01-11T21:10:34.273118681Z
01JHBM1GH2GXQ46SWKWR3XGWXK,01JHBJNGJAQCFKWPVXS4H828EE,2025-01-11T21:24:09.37903054Z,01JHBJNGKCMGM1YMDEJ0FJZM62,2025-01-11T21:24:09.37903054Z,01JHBKAWQGPYWM60GX7QJZC62T,2025-01-11T21:24:09.37903054Z
01JHBM7SZZVFC8T74R227H25R7,01JHBJNFZQ4RNJ2VWRJD7NFC7K,2025-01-11T21:27:35.679267294Z,01JHBJNG0V1V5CAJKJB9CWM736,2025-01-11T21:27:35.679267294Z,01JHBKMQW6WGDZAMR2XHFFDQFK,2025-01-11T21:27:35.679267294Z
01JHBMMGEED8M4ZAGD1WXFCXK4,01JHBJNDNX3Y3ST9SD46C8H62M,2025-01-11T21:34:31.886746376Z,01JHBJNDPPKHAH3M7DM7NNQH3S,2025-01-11T21:34:31.886746376Z,01JHBM1QG6WB08ZDRPB1YMGX9J,2025-01-11T21:34:31.886746376Z
01JHBFS63RRCZFTYF5KTMEP0N4,01JHBFAJ4PJBNNAD4GB7D7MYV0,2025-01-11T20:09:42.26481854Z,01JHBFAJ4Y01AFAN65Y7AZV68E,2025-01-11T20:09:42.26481854Z,01JHBFHHJBVQ85MY6FX2G5ABD1,2025-01-11T20:09:42.26481854Z
01JHBG8T9KXPN75CDJ1BBJS47S,01JHBFAGH59C8WZ0FG8AWW2QKF,2025-01-11T20:18:14.451413919Z,01JHBFAGHC5X9B1Q7P9E1HDEEX,2025-01-11T20:18:14.451413919Z,01JHBFWH6YWYZ1CEX9CJ064KNY,2025-01-11T20:18:14.451413919Z
01JHBHQJHFAJC5AMMBH2EZWF7E,01JHBHFR76JHNAE88PBH8ETZ4Q,2025-01-11T20:43:46.607386611Z,01JHBHFR7VQJ3M9P43RPEWBZ68,2025-01-11T20:43:46.607386611Z,01JHBHA1JGYJRHYTQ272N48NKV,2025-01-11T20:43:46.607386611Z
01JHBK8MG7H3GNJZDVQ1JN05KA,01JHBJNMKV3E2ZCR18Y4JNMRC3,2025-01-11T21:10:34.247164961Z,01JHBJNMN68Q86GZCM5JC5GPMX,2025-01-11T21:10:34.247164961Z,01JHBJWPEEHBQMT8G0KZ2PVY67,2025-01-11T21:10:34.247164961Z
01JHBNBF9KG80T9GJY3J4X4FJZ,01JHBJNBH5HWA5WYV3E5P9AFV7,2025-01-11T21:47:04.371156141Z,01JHBJNBJ45FKA8J3ERR40C4AD,2025-01-11T21:47:04.371156141Z,01JHBMF9G7QR1N250GT8Z9FBK0,2025-01-11T21:47:04.371156141Z
01JHBP2709ASV4GTQAT5NFHN49,01JHBGTY687S2JP02C4KQVVVFM,2025-01-11T21:59:29.545582538Z,01JHBGTY6T84ZTT2VP1EXC9EPZ,2025-01-11T21:59:29.545582538Z,01JHBNEAC7EXY876GH67G6E1W4,2025-01-11T21:59:29.545582538Z
01JHBGK4CKJS1E4PRVBM9549Z9,01JHBFAFNGABME0DKD42ZV0HGS,2025-01-11T20:23:52.467133212Z,01JHBFAFNQ0QM35M6SA5NW2CCM,2025-01-11T20:23:52.467133212Z,01JHBFJ50DTB1NKDZQWERW8WH2,2025-01-11T20:23:52.467133212Z
01JHBGK4CMYQ8TNDPH58ESQVNE,01JHBFAFNGABME0DKD42ZV0HGS,2025-01-11T20:23:52.468990751Z,01JHBFAFNQ0QM35M6SA5NW2CCM,2025-01-11T20:23:52.468990751Z,01JHBGCE5KNZ4578EYFWHAJFAC,2025-01-11T20:23:52.468990751Z
01JHBHQJH95S3ERZW812ZFARZ5,01JHBHFR76JHNAE88PBH8ETZ4Q,2025-01-11T20:43:46.601500997Z,01JHBHFR7VQJ3M9P43RPEWBZ68,2025-01-11T20:43:46.601500997Z,01JHBGG1D122REKJ34RY7NDEPG,2025-01-11T20:43:46.601500997Z
01JHBKD294S41XF6F8NP7B6B0Y,01JHBJNKEXYNPB8VFECRNQ5Q2F,2025-01-11T21:12:59.428408044Z,01JHBJNKFV91KWEGT9BVM26FD9,2025-01-11T21:12:59.428408044Z,01JHBK46BNKKGYXCPKTBRDTTBE,2025-01-11T21:12:59.428408044Z
01JHBMG5EVWP1MJ26HEESZW4JJ,01JHBJNE7QWAA2EV2VFAGMZ0QA,2025-01-11T21:32:09.563038436Z,01JHBJNE8SWN3H0EFBQ4FXFNBS,2025-01-11T21:32:09.563038436Z,01JHBM288S310ZYFKS0E5JQF4J,2025-01-11T21:32:09.563038436Z
01JHBP26YYS7J5DDHPFV45WMFK,01JHBGTY687S2JP02C4KQVVVFM,2025-01-11T21:59:29.502930943Z,01JHBGTY6T84ZTT2VP1EXC9EPZ,2025-01-11T21:59:29.502930943Z,01JHBM951DF29PNDY1PJNV6BAK,2025-01-11T21:59:29.502930943Z
01JHBGGJM6AYZ77CAZSA48P0CB,01JHBFAG3TE026EWZBP039MZG2,2025-01-11T20:22:28.742154776Z,01JHBFAG414RHSPDDNWH0KQDHD,2025-01-11T20:22:28.742154776Z,01JHBFW6R14K8V9YYVBH0P233E,2025-01-11T20:22:28.742154776Z
01JHBGRF7HQ6FSZQD257CRY4A5,01JHBFAEM0S7XTBZ0Q6FVT1RPC,2025-01-11T20:26:47.409781128Z,01JHBFAEM84EDFSTJVZSWGAKRJ,2025-01-11T20:26:47.409781128Z,01JHBGBQ3GX9VF3XTCFD2AVEG8,2025-01-11T20:26:47.409781128Z
01JHBGRF7N04WDT1ZNNKXDFM07,01JHBFAEM0S7XTBZ0Q6FVT1RPC,2025-01-11T20:26:47.413610606Z,01JHBFAEM84EDFSTJVZSWGAKRJ,2025-01-11T20:26:47.413610606Z,01JHBGGWMZ5K70VQYSB9TCWERP,2025-01-11T20:26:47.413610606Z
01JHBHJPJE6MJ5WHNWEB2J40J8,01JHBFAABQS8HGQ62YJG50ENJ3,2025-01-11T20:41:06.894237514Z,01JHBFAABZ9YSTVZJP6918FH5Y,2025-01-11T20:41:06.894237514Z,01JHBH4FH6FB3XCTQV33FZ5Q2H,2025-01-11T20:41:06.894237514Z
01JHBJGPJFFTFZBVHDTV0J3T9S,01JHBFA919QGWKEGBKQ6YPXAG3,2025-01-11T20:57:29.935685939Z,01JHBFA91MDAK01DTD2JSMRGFN,2025-01-11T20:57:29.935685939Z,01JHBHF47SX93PQZ3072K8DF5V,2025-01-11T20:57:29.935685939Z
01JHBK26N0R256T2JTTEBADYC0,01JHBJNN470T33W8SEJHGWDQ0C,2025-01-11T21:07:03.456353933Z,01JHBJNN58KGXXH7GQ2GA15PKW,2025-01-11T21:07:03.456353933Z,01JHBJRARYDKMAEMM8QDA2CWVF,2025-01-11T21:07:03.456353933Z
01JHBG0B2R88AWCMPSEWTC76FD,01JHBFAHSXB0AY3WV741BQBQ6Z,2025-01-11T20:13:36.728437922Z,01JHBFAHT4E4JQS72P1MRXDCYE,2025-01-11T20:13:36.728437922Z,01JHBFM0HXGBKCG6RH4RH452M5,2025-01-11T20:13:36.728437922Z
01JHBGGJM7KD1WGP87GFHKERCZ,01JHBFAG3TE026EWZBP039MZG2,2025-01-11T20:22:28.743919593Z,01JHBFAG414RHSPDDNWH0KQDHD,2025-01-11T20:22:28.743919593Z,01JHBG85BZW5JD8NDX37W0PKHG,2025-01-11T20:22:28.743919593Z
01JHBKZEK1WCXZK0HA0TPPH1HN,01JHBJNH5GGFHVGJXMBMD6D389,2025-01-11T21:23:01.857524504Z,01JHBJNH6EHHNJSH4Z6RQ2E9T9,2025-01-11T21:23:01.857524504Z,01JHBKQFY7RN4ZCPZ9GGYE2AEP,2025-01-11T21:23:01.857524504Z
01JHBM9Q4K13X3DTWVB610ZXZH,01JHBJNFD7XBGWXCMYDT9DFBYC,2025-01-11T21:28:38.291197471Z,01JHBJNFE9QAFYPJNJ8C78YX8R,2025-01-11T21:28:38.291197471Z,01JHBKRPXQ0CQFYYCCJ4F1GSW9,2025-01-11T21:28:38.291197471Z
01JHBGW394B80V6DJSE89STXV4,01JHBFADHQQN5VS6RX38VMZ3N3,2025-01-11T20:28:46.244359937Z,01JHBFADHY69D5J6H6M9B5JNND,2025-01-11T20:28:46.244359937Z,01JHBGB92HH7MSRJ2KB6NYPSZE,2025-01-11T20:28:46.244359937Z
01JHBKHNDC0QCJ40N1ZS6AG7ZN,01JHBJNJW7ZRC2KXMV0FWFK98G,2025-01-11T21:15:30.092338198Z,01JHBJNJXHS16RQTD9RPE678GA,2025-01-11T21:15:30.092338198Z,01JHBK4WKC9K1Z48BADDHQMESZ,2025-01-11T21:15:30.092338198Z
01JHBKZTECSYAYSTC8Q4JTSP19,01JHBJNHQ7R7ER6M0APJEVS5F8,2025-01-11T21:23:13.996168054Z,01JHBJNHRCT3KF6PNF88MF36CV,2025-01-11T21:23:13.996168054Z,01JHBKQ4GD5KAQYQXJST1FM8G3,2025-01-11T21:23:13.996168054Z
01JHBM9Q4BF59CR84R9CW3E4ZE,01JHBJNFD7XBGWXCMYDT9DFBYC,2025-01-11T21:28:38.283407122Z,01JHBJNFE9QAFYPJNJ8C78YX8R,2025-01-11T21:28:38.283407122Z,01JHBKJRR35HBKRB2HA0RQ6PJ6,2025-01-11T21:28:38.283407122Z
01JHBGH4NRF2V754EWTZF8F62R,01JHBFAGXN30WV5D270Z21CVXB,2025-01-11T20:22:47.224520542Z,01JHBFAGXXJPS2Z91X6C49KYN9,2025-01-11T20:22:47.224520542Z,01JHBFPVFMMAH4NJKED6KHS36R,2025-01-11T20:22:47.224520542Z
01JHBHQJHSZH6MPC0GP17A4ZD8,01JHBHFR76JHNAE88PBH8ETZ4Q,2025-01-11T20:43:46.617948613Z,01JHBHFR7VQJ3M9P43RPEWBZ68,2025-01-11T20:43:46.617948613Z,01JHBHDW2DZNXPGXR27HZ1ZGF3,2025-01-11T20:43:46.617948613Z
01JHBGH4NT3MA3WKCPRQS240CV,01JHBFAGXN30WV5D270Z21CVXB,2025-01-11T20:22:47.22624871Z,01JHBFAGXXJPS2Z91X6C49KYN9,2025-01-11T20:22:47.22624871Z,01JHBG8ZDYZ1W78GH9VPX3Z9T3,2025-01-11T20:22:47.22624871Z
01JHBM9Q4375PF9JBSPW4BX0AF,01JHBJNFD7XBGWXCMYDT9DFBYC,2025-01-11T21:28:38.275999302Z,01JHBJNFE9QAFYPJNJ8C78YX8R,2025-01-11T21:28:38.275999302Z,01JHBK6DGEWPXV4KAZWGVS5NTS,2025-01-11T21:28:38.275999302Z
01JHBN1548F2NY1V5VDBK9JN16,01JHBJNCBXTS4SFRPYXYNQZR28,2025-01-11T21:41:26.280585948Z,01JHBJNCCZS2VY89KSCBC01820,2025-01-11T21:41:26.280585948Z,01JHBMG0PREGPH6PZ3487JJHK3,2025-01-11T21:41:26.280585948Z
01JHBNHSX1B6N944A2N4WJ46YK,01JHBJNA6Y9NW7ZK1CRNRQ53HE,2025-01-11T21:50:31.841853471Z,01JHBJNA7R4EF7017KTQQEH313,2025-01-11T21:50:31.841853471Z,01JHBMPXNBYZXSZPHZ8EB58K1T,2025-01-11T21:50:31.841853471Z
01JHBG4RVTH5M3R3X3EKFG9KND,01JHBFAHCEGR0HDSXN3EDJN8PZ,2025-01-11T20:16:01.914676284Z,01JHBFAHCNE2G86BXZ16DNJ9DV,2025-01-11T20:16:01.914676284Z,01JHBFY79EMMRFF5F7CSZDSQ2F,2025-01-11T20:16:01.914676284Z
01JHBMMGF0ZCQFHF6ZD5KJY4RK,01JHBJNDNX3Y3ST9SD46C8H62M,2025-01-11T21:34:31.904395067Z,01JHBJNDPPKHAH3M7DM7NNQH3S,2025-01-11T21:34:31.904395067Z,01JHBME6ZPKVGN4K8HWM4JJZFT,2025-01-11T21:34:31.904395067Z
01JHBGP5JJEKK7WM74XDNGE1YN,01JHBFAF5THBQDT3XMZCK83BJM,2025-01-11T20:25:31.986404863Z,01JHBFAF62DAFNA3C59MH4PG6Z,2025-01-11T20:25:31.986404863Z,01JHBG8SVG04CCNS0ZFK172K45,2025-01-11T20:25:31.986404863Z
01JHBGRF7PNB1N7QBTQCZQME1Q,01JHBFAEM0S7XTBZ0Q6FVT1RPC,2025-01-11T20:26:47.414868958Z,01JHBFAEM84EDFSTJVZSWGAKRJ,2025-01-11T20:26:47.414868958Z,01JHBGKKVHZR89M9CTZSH425YE,2025-01-11T20:26:47.414868958Z
01JHBH5Q3PRVHDBZFVXGDPMCYR,01JHBFACCWAVV2HYBF8RAJT2PP,2025-01-11T20:34:01.462413938Z,01JHBFACD4HP8DA386GV67MMS3,2025-01-11T20:34:01.462413938Z,01JHBGTDMYF6Z1TSM3F9QG3X3A,2025-01-11T20:34:01.462413938Z
01JHBH5Q3T3FMP4VRGJMRZ6544,01JHBFACCWAVV2HYBF8RAJT2PP,2025-01-11T20:34:01.466103772Z,01JHBFACD4HP8DA386GV67MMS3,2025-01-11T20:34:01.466103772Z,01JHBGTYN826YEXJ8W29G5W534,2025-01-11T20:34:01.466103772Z
01JHBHF2K8F550GY33ZM4NA20W,01JHBFAB4585M0W1JWWA730J16,2025-01-11T20:39:08.136120079Z,01JHBFAB4DCTPW9TNXJP11PJJC,2025-01-11T20:39:08.136120079Z,01JHBH3M2XR7NGM2G6E65JZNKA,2025-01-11T20:39:08.136120079Z
01JHBKD28PR39TJDT3EXCHEVZ2,01JHBJNKEXYNPB8VFECRNQ5Q2F,2025-01-11T21:12:59.414838942Z,01JHBJNKFV91KWEGT9BVM26FD9,2025-01-11T21:12:59.414838942Z,01JHBJR2R5TFNJ704J8MJ81AMX,2025-01-11T21:12:59.414838942Z
01JHBG0B2R88AWCMPSEKSEJ03K,01JHBFAHSXB0AY3WV741BQBQ6Z,2025-01-11T20:13:36.728155786Z,01JHBFAHT4E4JQS72P1MRXDCYE,2025-01-11T20:13:36.728155786Z,01JHBFKZPDQKXFCYZ7X6QC87JX,2025-01-11T20:13:36.728155786Z
01JHBGK4CMYQ8TNDPH50FJA708,01JHBFAFNGABME0DKD42ZV0HGS,2025-01-11T20:23:52.468036438Z,01JHBFAFNQ0QM35M6SA5NW2CCM,2025-01-11T20:23:52.468036438Z,01JHBGBVJFQZQBMFZXNN4DFCXS,2025-01-11T20:23:52.468036438Z
01JHBNHSW3C5ZXEQDDFCGYN58Y,01JHBJNA6Y9NW7ZK1CRNRQ53HE,2025-01-11T21:50:31.811531251Z,01JHBJNA7R4EF7017KTQQEH313,2025-01-11T21:50:31.811531251Z,01JHBME5QV95CZ0C7NCYDCEV6H,2025-01-11T21:50:31.811531251Z
01JHBM7T0FB9C0J457Y9TQB6R8,01JHBJNFZQ4RNJ2VWRJD7NFC7K,2025-01-11T21:27:35.695189449Z,01JHBJNG0V1V5CAJKJB9CWM736,2025-01-11T21:27:35.695189449Z,01JHBKS2QC72K6HNT2EEV97BZZ,2025-01-11T21:27:35.695189449Z
01JHBN153K35C8BG3QVEJA191C,01JHBJNCBXTS4SFRPYXYNQZR28,2025-01-11T21:41:26.259599038Z,01JHBJNCCZS2VY89KSCBC01820,2025-01-11T21:41:26.259599038Z,01JHBMEK8DW8W8TP51MNDS5172,2025-01-11T21:41:26.259599038Z
01JHBNHSVK4210YPX57WMTTSZ6,01JHBJNA6Y9NW7ZK1CRNRQ53HE,2025-01-11T21:50:31.795956393Z,01JHBJNA7R4EF7017KTQQEH313,2025-01-11T21:50:31.795956393Z,01JHBM5Y1ZJVE1P19TAB7RZ9D3,2025-01-11T21:50:31.795956393Z
01JHBK9PNMSKBZ3KJ5RK81FFMH,01JHBJNM1QYTD8BKCA6DQ3XQAY,2025-01-11T21:11:09.236886442Z,01JHBJNM2Z81X5RA34SGWAXE17,2025-01-11T21:11:09.236886442Z,01JHBK3JFEG24N3AQHPDGAZ4C9,2025-01-11T21:11:09.236886442Z
01JHBKD29HQTK0G067S27007PA,01JHBJNKEXYNPB8VFECRNQ5Q2F,2025-01-11T21:12:59.441860588Z,01JHBJNKFV91KWEGT9BVM26FD9,2025-01-11T21:12:59.441860588Z,01JHBK4DNRP4E9ZVVMDXZ8R9JE,2025-01-11T21:12:59.441860588Z
01JHBM7SZNAF482213FDBFZM8T,01JHBJNFZQ4RNJ2VWRJD7NFC7K,2025-01-11T21:27:35.669605801Z,01JHBJNG0V1V5CAJKJB9CWM736,2025-01-11T21:27:35.669605801Z,01JHBKD67HR3PPAXAH8SZGSDQ7,2025-01-11T21:27:35.669605801Z
01JHBMBDCY07QJHX1T0E2XQAFX,01JHBJNES2B0WGDV0H3PM27N2K,2025-01-11T21:29:33.854650419Z,01JHBJNESWPG6JGJ5Z1R6JMZJZ,2025-01-11T21:29:33.854650419Z,01JHBK587P7A5VC7XGM6Y6KW9H,2025-01-11T21:29:33.854650419Z
01JHBH1551FQQKZQQ4GK7WRWTS,01JHBFACYDH5N0FJ1CP17V5JDA,2025-01-11T20:31:32.002000943Z,01JHBFACYNE90SYDN9WHPEZXDR,2025-01-11T20:31:32.002000943Z,01JHBGTCV8ANG6WAGD3M2J0YZC,2025-01-11T20:31:32.002000943Z
01JHBHJPJQ1YC9ZVA427DQHZ7R,01JHBFAABQS8HGQ62YJG50ENJ3,2025-01-11T20:41:06.90372286Z,01JHBFAABZ9YSTVZJP6918FH5Y,2025-01-11T20:41:06.90372286Z,01JHBHDPACXDF5E75DFYKY34TG,2025-01-11T20:41:06.90372286Z
01JHBHCYMDVE4EVZRPW73G7931,01JHBFABV63ZJR6HEB4QR9T5H7,2025-01-11T20:37:58.541184012Z,01JHBFABVEVMHCTZ7BVSRFGMX2,2025-01-11T20:37:58.541184012Z,01JHBGTZHYGDAFT1N9BTCGAWT5,2025-01-11T20:37:58.541184012Z
01JHBGSDA4PV3PJE91MJP8BGPV,01JHBFAE2WYMD2FZ3QZFAQ03DY,2025-01-11T20:27:18.212762412Z,01JHBFAE33Z9CTTGFV33AR7SPV,2025-01-11T20:27:18.212762412Z,01JHBGJH4SWZXGC5Q3JQJN0Z37,2025-01-11T20:27:18.212762412Z
01JHBH5Q3X0X95DPE8948SDFFP,01JHBFACCWAVV2HYBF8RAJT2PP,2025-01-11T20:34:01.46961192Z,01JHBFACD4HP8DA386GV67MMS3,2025-01-11T20:34:01.46961192Z,01JHBGYCKBTFT3SZB0HVDWS4VS,2025-01-11T20:34:01.46961192Z
01JHBKK80KYGC3TTYJNTQPNREC,01JHBJNJ9ZZQA3E1GA42BC5GWQ,2025-01-11T21:16:21.907068917Z,01JHBJNJB8BVP0G2JTTNRSMFTZ,2025-01-11T21:16:21.907068917Z,01JHBK47WG9JZ4GWYKR7S6XEHG,2025-01-11T21:16:21.907068917Z
01JHBNBF8JB2SJ3PR563C8VCHJ,01JHBJNBH5HWA5WYV3E5P9AFV7,2025-01-11T21:47:04.338412055Z,01JHBJNBJ45FKA8J3ERR40C4AD,2025-01-11T21:47:04.338412055Z,01JHBMAMQPY18KXZEHWSB0M4J3,2025-01-11T21:47:04.338412055Z
01JHBG0B2S5PQ1J1TD8YHAT8MJ,01JHBFAHSXB0AY3WV741BQBQ6Z,2025-01-11T20:13:36.72903664Z,01JHBFAHT4E4JQS72P1MRXDCYE,2025-01-11T20:13:36.72903664Z,01JHBFMR9GM0GZ1JNXMDVS9X6H,2025-01-11T20:13:36.72903664Z
01JHBHF2KGFBH7X4ADF7QT0BTD,01JHBFAB4585M0W1JWWA730J16,2025-01-11T20:39:08.1447043Z,01JHBFAB4DCTPW9TNXJP11PJJC,2025-01-11T20:39:08.1447043Z,01JHBH68C2T89AWJT1AKQHK2NW,2025-01-11T20:39:08.1447043Z
01JHBKZTDN2C7JHT15TXEJ01QZ,01JHBJNHQ7R7ER6M0APJEVS5F8,2025-01-11T21:23:13.973493019Z,01JHBJNHRCT3KF6PNF88MF36CV,2025-01-11T21:23:13.973493019Z,01JHBK7GB9EKYSMAMNKDCSZAD9,2025-01-11T21:23:13.973493019Z
01JHBMT5GYSW2WY7D1VZWMJA39,01JHBJND1E3C70NWYS1RVBZ77W,2025-01-11T21:37:37.310654119Z,01JHBJND2EQPZZ0EF9SMBWCMV2,2025-01-11T21:37:37.310654119Z,01JHBM9MXWBJS9RCKEZ40V8B1X,2025-01-11T21:37:37.310654119Z
01JHBGP5JM6EVKKCHDRRCA9319,01JHBFAF5THBQDT3XMZCK83BJM,2025-01-11T20:25:31.988687996Z,01JHBFAF62DAFNA3C59MH4PG6Z,2025-01-11T20:25:31.988687996Z,01JHBGB98E5XPZJHPX1Y5YPVQY,2025-01-11T20:25:31.988687996Z
01JHBH1555V6E0PRS8CXKMTVEY,01JHBFACYDH5N0FJ1CP17V5JDA,2025-01-11T20:31:32.00560327Z,01JHBFACYNE90SYDN9WHPEZXDR,2025-01-11T20:31:32.00560327Z,01JHBGTP87CB6FT1FTXKC7TXXW,2025-01-11T20:31:32.00560327Z
01JHBGRF7MDBB67F3XX0Y23NG8,01JHBFAEM0S7XTBZ0Q6FVT1RPC,2025-01-11T20:26:47.412299716Z,01JHBFAEM84EDFSTJVZSWGAKRJ,2025-01-11T20:26:47.412299716Z,01JHBGC2PGPY389S8HCE9FJVPW,2025-01-11T20:26:47.412299716Z
01JHBGW396CMYGYR0K821Q2R4M,01JHBFADHQQN5VS6RX38VMZ3N3,2025-01-11T20:28:46.246694297Z,01JHBFADHY69D5J6H6M9B5JNND,2025-01-11T20:28:46.246694297Z,01JHBGCNV8D0KJ9XMQD6RX1RNN,2025-01-11T20:28:46.246694297Z
01JHBH5Q3HT125CVA218ADJJ58,01JHBFACCWAVV2HYBF8RAJT2PP,2025-01-11T20:34:01.457139132Z,01JHBFACD4HP8DA386GV67MMS3,2025-01-11T20:34:01.457139132Z,01JHBFGKQGGCXV5K8KTEA68QE4,2025-01-11T20:34:01.457139132Z
01JHBMG5EK1NMH02NSMCCZMQHM,01JHBJNE7QWAA2EV2VFAGMZ0QA,2025-01-11T21:32:09.555596196Z,01JHBJNE8SWN3H0EFBQ4FXFNBS,2025-01-11T21:32:09.555596196Z,01JHBM1W85GWQCJ3REWQXBFM6G,2025-01-11T21:32:09.555596196Z
01JHBFS63STMD8G5ZGHVNEE5V4,01JHBFAJ4PJBNNAD4GB7D7MYV0,2025-01-11T20:09:42.265019555Z,01JHBFAJ4Y01AFAN65Y7AZV68E,2025-01-11T20:09:42.265019555Z,01JHBFKVHM2X4GJQ0C2258X6SB,2025-01-11T20:09:42.265019555Z
01JHBGGJM7KD1WGP87G6RN170H,01JHBFAG3TE026EWZBP039MZG2,2025-01-11T20:22:28.743304436Z,01JHBFAG414RHSPDDNWH0KQDHD,2025-01-11T20:22:28.743304436Z,01JHBG3P7SAT97A475ND1GS3ZZ,2025-01-11T20:22:28.743304436Z
01JHBK26M5BA9W7371QH8GH8DQ,01JHBJNN470T33W8SEJHGWDQ0C,2025-01-11T21:07:03.429213139Z,01JHBJNN58KGXXH7GQ2GA15PKW,2025-01-11T21:07:03.429213139Z,01JHBJR25K9CFDJT957WWG0T2P,2025-01-11T21:07:03.429213139Z
01JHBKK80RFEKPAVR9HNRWMW9R,01JHBJNJ9ZZQA3E1GA42BC5GWQ,2025-01-11T21:16:21.91208145Z,01JHBJNJB8BVP0G2JTTNRSMFTZ,2025-01-11T21:16:21.91208145Z,01JHBK54GMTRFXF52CC0C415YS,2025-01-11T21:16:21.91208145Z
01JHBG8T9MS7GY55AQ391WGZV9,01JHBFAGH59C8WZ0FG8AWW2QKF,2025-01-11T20:18:14.452671875Z,01JHBFAGHC5X9B1Q7P9E1HDEEX,2025-01-11T20:18:14.452671875Z,01JHBFYA0X1W414CEYV48YBY1R,2025-01-11T20:18:14.452671875Z
01JHBGK4CH8JWBV4GRVAKV6D1H,01JHBFAFNGABME0DKD42ZV0HGS,2025-01-11T20:23:52.465875317Z,01JHBFAFNQ0QM35M6SA5NW2CCM,2025-01-11T20:23:52.465875317Z,01JHBFHDZ06Q40T3RVJS21K9MF,2025-01-11T20:23:52.465875317Z
01JHBMMGEQK2E2F34PW9NEBCW5,01JHBJNDNX3Y3ST9SD46C8H62M,2025-01-11T21:34:31.89568611Z,01JHBJNDPPKHAH3M7DM7NNQH3S,2025-01-11T21:34:31.89568611Z,01JHBM950XYD4K8N2CA7SDVB3R,2025-01-11T21:34:31.89568611Z
01JHBMMGF88NVF4C91RZ38291P,01JHBJNDNX3Y3ST9SD46C8H62M,2025-01-11T21:34:31.913006936Z,01JHBJNDPPKHAH3M7DM7NNQH3S,2025-01-11T21:34:31.913006936Z,01JHBMFEMBPXFNJ8GCST7FSWVX,2025-01-11T21:34:31.913006936Z
01JHBH154W9DXMCGHBBT33002N,01JHBFACYDH5N0FJ1CP17V5JDA,2025-01-11T20:31:31.996748048Z,01JHBFACYNE90SYDN9WHPEZXDR,2025-01-11T20:31:31.996748048Z,01JHBGKEYTRED0BMPR8SY0PBJZ,2025-01-11T20:31:31.996748048Z
01JHBKD29ZXW8GP7KPRNWSX1KE,01JHBJNKEXYNPB8VFECRNQ5Q2F,2025-01-11T21:12:59.455255075Z,01JHBJNKFV91KWEGT9BVM26FD9,2025-01-11T21:12:59.455255075Z,01JHBK5KS7M6Y4K58M3XMCKKYY,2025-01-11T21:12:59.455255075Z
01JHBM1GHD2G9VM5GEWM2AA17K,01JHBJNGJAQCFKWPVXS4H828EE,2025-01-11T21:24:09.389116881Z,01JHBJNGKCMGM1YMDEJ0FJZM62,2025-01-11T21:24:09.389116881Z,01JHBJSP2SZG1X8S4VH210AYTA,2025-01-11T21:24:09.389116881Z
01JHBMBDDPTBREMCQPDWBBV43W,01JHBJNES2B0WGDV0H3PM27N2K,2025-01-11T21:29:33.878969052Z,01JHBJNESWPG6JGJ5Z1R6JMZJZ,2025-01-11T21:29:33.878969052Z,01JHBM86C14NM7SDTD59CJBDSA,2025-01-11T21:29:33.878969052Z
01JHBNBF821H18J8G55HMKTHAJ,01JHBJNBH5HWA5WYV3E5P9AFV7,2025-01-11T21:47:04.322119828Z,01JHBJNBJ45FKA8J3ERR40C4AD,2025-01-11T21:47:04.322119828Z,01JHBM90Q736AJREVYPHZGGT07,2025-01-11T21:47:04.322119828Z
01JHBK9PN93DYDJHV14VH0G0WN,01JHBJNM1QYTD8BKCA6DQ3XQAY,2025-01-11T21:11:09.22523521Z,01JHBJNM2Z81X5RA34SGWAXE17,2025-01-11T21:11:09.22523521Z,01JHBK1XQBJQRH8NKB9NT5HGZ1,2025-01-11T21:11:09.22523521Z
01JHBKZEK7AQYV2ES11CCV6A9E,01JHBJNH5GGFHVGJXMBMD6D389,2025-01-11T21:23:01.863092537Z,01JHBJNH6EHHNJSH4Z6RQ2E9T9,2025-01-11T21:23:01.863092537Z,01JHBKQPA94XBXGR8F1YN8YP1K,2025-01-11T21:23:01.863092537Z
01JHBGW39B9YMYZXTEKKFT136W,01JHBFADHQQN5VS6RX38VMZ3N3,2025-01-11T20:28:46.251865898Z,01JHBFADHY69D5J6H6M9B5JNND,2025-01-11T20:28:46.251865898Z,01JHBGKNSDDA1EX77R0GC03NJ7,2025-01-11T20:28:46.251865898Z
01JHBKHND72FH1KAYQK9JNDDB9,01JHBJNJW7ZRC2KXMV0FWFK98G,2025-01-11T21:15:30.087657548Z,01JHBJNJXHS16RQTD9RPE678GA,2025-01-11T21:15:30.087657548Z,01JHBK45RR8YE0TEAPR3VYGYA1,2025-01-11T21:15:30.087657548Z
01JHBM1GHNF5PYS1AB4P43R3PW,01JHBJNGJAQCFKWPVXS4H828EE,2025-01-11T21:24:09.397204708Z,01JHBJNGKCMGM1YMDEJ0FJZM62,2025-01-11T21:24:09.397204708Z,01JHBKQ2MQ4ZVB4TWZJW3ZH4X9,2025-01-11T21:24:09.397204708Z
01JHBMG5F21ZR8G1A87ANJ07S9,01JHBJNE7QWAA2EV2VFAGMZ0QA,2025-01-11T21:32:09.570124623Z,01JHBJNE8SWN3H0EFBQ4FXFNBS,2025-01-11T21:32:09.570124623Z,01JHBM2XFQQCPPV9PMDM8WRYM0,2025-01-11T21:32:09.570124623Z
01JHBMT5J512XDD88GDCZFQB7Y,01JHBJND1E3C70NWYS1RVBZ77W,2025-01-11T21:37:37.349485428Z,01JHBJND2EQPZZ0EF9SMBWCMV2,2025-01-11T21:37:37.349485428Z,01JHBMEJ9PRJX43FNJK051W2AY,2025-01-11T21:37:37.349485428Z
01JHBNBF94NS1ECNYSP4CT1W92,01JHBJNBH5HWA5WYV3E5P9AFV7,2025-01-11T21:47:04.356115433Z,01JHBJNBJ45FKA8J3ERR40C4AD,2025-01-11T21:47:04.356115433Z,01JHBMBMXG7BDFWPXBWZ1XXCWW,2025-01-11T21:47:04.356115433Z
01JHBNHSWN25C0YT4HQCK22133,01JHBJNA6Y9NW7ZK1CRNRQ53HE,2025-01-11T21:50:31.829721897Z,01JHBJNA7R4EF7017KTQQEH313,2025-01-11T21:50:31.829721897Z,01JHBMJ6E4G7CRGQTMMTF09KQB,2025-01-11T21:50:31.829721897Z
01JHBP26ZV1Z2MQP38XQRHM3QD,01JHBGTY687S2JP02C4KQVVVFM,2025-01-11T21:59:29.531670226Z,01JHBGTY6T84ZTT2VP1EXC9EPZ,2025-01-11T21:59:29.531670226Z,01JHBNDN70WG9RFK103359ZTHC,2025-01-11T21:59:29.531670226Z
01JHBHJPJJ7FBGTJ470ECTYDMV,01JHBFAABQS8HGQ62YJG50ENJ3,2025-01-11T20:41:06.898963709Z,01JHBFAABZ9YSTVZJP6918FH5Y,2025-01-11T20:41:06.898963709Z,01JHBHD06WT434HH5N7FK6ERPJ,2025-01-11T20:41:06.898963709Z
01JHBKHNDHS1J1J970RCZAN50M,01JHBJNJW7ZRC2KXMV0FWFK98G,2025-01-11T21:15:30.097122053Z,01JHBJNJXHS16RQTD9RPE678GA,2025-01-11T21:15:30.097122053Z,01JHBK8YX12TCBMDQHHRB54HMA,2025-01-11T21:15:30.097122053Z
01JHBHCYMVFK9EMMV9Z0BZDY6D,01JHBFABV63ZJR6HEB4QR9T5H7,2025-01-11T20:37:58.555217772Z,01JHBFABVEVMHCTZ7BVSRFGMX2,2025-01-11T20:37:58.555217772Z,01JHBH5XVZPYKPA18F3F3JG1ZK,2025-01-11T20:37:58.555217772Z
01JHBG4RVRRR0Z4P1QH3PZRXB2,01JHBFAHCEGR0HDSXN3EDJN8PZ,2025-01-11T20:16:01.912950836Z,01JHBFAHCNE2G86BXZ16DNJ9DV,2025-01-11T20:16:01.912950836Z,01JHBFVSEW6YPX5Z7G1RV9T3G9,2025-01-11T20:16:01.912950836Z
01JHBH154ZVQPZPX70XKCK3RF1,01JHBFACYDH5N0FJ1CP17V5JDA,2025-01-11T20:31:31.999366578Z,01JHBFACYNE90SYDN9WHPEZXDR,2025-01-11T20:31:31.999366578Z,01JHBGKHAQV1M9X2BSY69AAYPB,2025-01-11T20:31:31.999366578Z
01JHBGH4NP3JJ6Q17JWG7QMCZ3,01JHBFAGXN30WV5D270Z21CVXB,2025-01-11T20:22:47.222936015Z,01JHBFAGXXJPS2Z91X6C49KYN9,2025-01-11T20:22:47.222936015Z,01JHBFJMNGM654XJXNENZASZZV,2025-01-11T20:22:47.222936015Z
01JHBHCYMH2D2FV861RH1VQDN5,01JHBFABV63ZJR6HEB4QR9T5H7,2025-01-11T20:37:58.545704509Z,01JHBFABVEVMHCTZ7BVSRFGMX2,2025-01-11T20:37:58.545704509Z,01JHBH48M1F9QDQTQTB64WB6N9,2025-01-11T20:37:58.545704509Z
01JHBHF2KCR45G9R9BQ1874C0E,01JHBFAB4585M0W1JWWA730J16,2025-01-11T20:39:08.140612034Z,01JHBFAB4DCTPW9TNXJP11PJJC,2025-01-11T20:39:08.140612034Z,01JHBH50AV2J7K9PZGDRWMN8NH,2025-01-11T20:39:08.140612034Z
01JHBK9PPBPA2P4BKBMS0A5XCW,01JHBJNM1QYTD8BKCA6DQ3XQAY,2025-01-11T21:11:09.259552311Z,01JHBJNM2Z81X5RA34SGWAXE17,2025-01-11T21:11:09.259552311Z,01JHBK482N921YKYKT0VA5WQHC,2025-01-11T21:11:09.259552311Z
01JHBM9Q4T4G0HK05ZR4T24BG0,01JHBJNFD7XBGWXCMYDT9DFBYC,2025-01-11T21:28:38.29860543Z,01JHBJNFE9QAFYPJNJ8C78YX8R,2025-01-11T21:28:38.29860543Z,01JHBM3VV1VAES6DJGJHHMSET4,2025-01-11T21:28:38.29860543Z
01JHBFS63RRCZFTYF5M0NT8DPY,01JHBFAJ4PJBNNAD4GB7D7MYV0,2025-01-11T20:09:42.264916613Z,01JHBFAJ4Y01AFAN65Y7AZV68E,2025-01-11T20:09:42.264916613Z,01JHBFHVRBEQTV427PMBNT2QXY,2025-01-11T20:09:42.264916613Z
01JHBGGJM8Y57GKW7QHWBX54VB,01JHBFAG3TE026EWZBP039MZG2,2025-01-11T20:22:28.744903871Z,01JHBFAG414RHSPDDNWH0KQDHD,2025-01-11T20:22:28.744903871Z,01JHBG8BVA5X4MA24GJ0DZF6YH,2025-01-11T20:22:28.744903871Z
01JHBK8MFT1G09WZTW5SCSZSBR,01JHBJNMKV3E2ZCR18Y4JNMRC3,2025-01-11T21:10:34.234020867Z,01JHBJNMN68Q86GZCM5JC5GPMX,2025-01-11T21:10:34.234020867Z,01JHBJS9RDA6X9DN27R6G1VZTE,2025-01-11T21:10:34.234020867Z
01JHBKZTDXZYXR7R3WXA6E40FR,01JHBJNHQ7R7ER6M0APJEVS5F8,2025-01-11T21:23:13.981428469Z,01JHBJNHRCT3KF6PNF88MF36CV,2025-01-11T21:23:13.981428469Z,01JHBKG561S7S85Z3JH5YDRMBS,2025-01-11T21:23:13.981428469Z
01JHBGP5JRPHWYPCDTAR49V7XT,01JHBFAF5THBQDT3XMZCK83BJM,2025-01-11T20:25:31.992244647Z,01JHBFAF62DAFNA3C59MH4PG6Z,2025-01-11T20:25:31.992244647Z,01JHBGJ89K7GWFK3MG83R4A994,2025-01-11T20:25:31.992244647Z
01JHBHF2K224HE0FN14MMQ2YCM,01JHBFAB4585M0W1JWWA730J16,2025-01-11T20:39:08.130119568Z,01JHBFAB4DCTPW9TNXJP11PJJC,2025-01-11T20:39:08.130119568Z,01JHBGV58CHGSW3A3FS7CPJ5ZR,2025-01-11T20:39:08.130119568Z
01JHBKHND20NNHJ2ZTJ989ZD1S,01JHBJNJW7ZRC2KXMV0FWFK98G,2025-01-11T21:15:30.08245439Z,01JHBJNJXHS16RQTD9RPE678GA,2025-01-11T21:15:30.08245439Z,01JHBK5C67WEFW6XSGR5MDH2BR,2025-01-11T21:15:30.08245439Z
01JHBMBDD6MC3MYT5D76ME5CVR,01JHBJNES2B0WGDV0H3PM27N2K,2025-01-11T21:29:33.863972715Z,01JHBJNESWPG6JGJ5Z1R6JMZJZ,2025-01-11T21:29:33.863972715Z,01JHBM1Q3M5P5YQNDWW8YMX2RW,2025-01-11T21:29:33.863972715Z
01JHBMBDDFEF13B6YX5S070WAW,01JHBJNES2B0WGDV0H3PM27N2K,2025-01-11T21:29:33.87149328Z,01JHBJNESWPG6JGJ5Z1R6JMZJZ,2025-01-11T21:29:33.87149328Z,01JHBM6184TJP07BJ3PBZCDBNT,2025-01-11T21:29:33.87149328Z
01JHBMT5HF71NNN9256XVF2S6W,01JHBJND1E3C70NWYS1RVBZ77W,2025-01-11T21:37:37.327479659Z,01JHBJND2EQPZZ0EF9SMBWCMV2,2025-01-11T21:37:37.327479659Z,01JHBME8VE4977A8P0W6KPEQ9C,2025-01-11T21:37:37.327479659Z
01JHBG4RVSM7HMBNPZ6C905A35,01JHBFAHCEGR0HDSXN3EDJN8PZ,2025-01-11T20:16:01.913598505Z,01JHBFAHCNE2G86BXZ16DNJ9DV,2025-01-11T20:16:01.913598505Z,01JHBFX4N0TSA7CJZV6G8D9QE9,2025-01-11T20:16:01.913598505Z
01JHBG8T9JVNGRMR1QJEAJSS9W,01JHBFAGH59C8WZ0FG8AWW2QKF,2025-01-11T20:18:14.450827422Z,01JHBFAGHC5X9B1Q7P9E1HDEEX,2025-01-11T20:18:14.450827422Z,01JHBFVM7RMAWV9JB05M3X2Y2V,2025-01-11T20:18:14.450827422Z
01JHBGSDA8MJAXMFHP9WY3Y9Y8,01JHBFAE2WYMD2FZ3QZFAQ03DY,2025-01-11T20:27:18.216194544Z,01JHBFAE33Z9CTTGFV33AR7SPV,2025-01-11T20:27:18.216194544Z,01JHBGJXDS7B6TC6F8B6G5XZB6,2025-01-11T20:27:18.216194544Z
01JHBM7T06A52GY32T4P4KT54N,01JHBJNFZQ4RNJ2VWRJD7NFC7K,2025-01-11T21:27:35.686902567Z,01JHBJNG0V1V5CAJKJB9CWM736,2025-01-11T21:27:35.686902567Z,01JHBKR4SDACMETTN74GDQPQ87,2025-01-11T21:27:35.686902567Z
01JHBK9PP0VHBMK2KF4Y6E77HP,01JHBJNM1QYTD8BKCA6DQ3XQAY,2025-01-11T21:11:09.248356083Z,01JHBJNM2Z81X5RA34SGWAXE17,2025-01-11T21:11:09.248356083Z,01JHBK3TSGTGVPK7PR2E8J0RB6,2025-01-11T21:11:09.248356083Z
01JHBKZEJVTFQYT9HNZK034C7S,01JHBJNH5GGFHVGJXMBMD6D389,2025-01-11T21:23:01.851927867Z,01JHBJNH6EHHNJSH4Z6RQ2E9T9,2025-01-11T21:23:01.851927867Z,01JHBKQ06CV3SW295PTESFJCCT,2025-01-11T21:23:01.851927867Z
01JHBP26ZDVGQCW6KH9DEG014G,01JHBGTY687S2JP02C4KQVVVFM,2025-01-11T21:59:29.517725619Z,01JHBGTY6T84ZTT2VP1EXC9EPZ,2025-01-11T21:59:29.517725619Z,01JHBNDG48EMZMJPDV8DXR7B32,2025-01-11T21:59:29.517725619Z
01JHBGSDA6B5F0VTX1QXHJHKA4,01JHBFAE2WYMD2FZ3QZFAQ03DY,2025-01-11T20:27:18.214717937Z,01JHBFAE33Z9CTTGFV33AR7SPV,2025-01-11T20:27:18.214717937Z,01JHBGJN1ZF2NFHCCDVY6Z23KE,2025-01-11T20:27:18.214717937Z
01JHBK8MGMXM6QHBN8NWS4VFBG,01JHBJNMKV3E2ZCR18Y4JNMRC3,2025-01-11T21:10:34.260122448Z,01JHBJNMN68Q86GZCM5JC5GPMX,2025-01-11T21:10:34.260122448Z,01JHBK3MVD5MNYT3FNAH8KVA0B,2025-01-11T21:10:34.260122448Z
01JHBHCYMPCHSK6VTT5B5EP04N,01JHBFABV63ZJR6HEB4QR9T5H7,2025-01-11T20:37:58.550712939Z,01JHBFABVEVMHCTZ7BVSRFGMX2,2025-01-11T20:37:58.550712939Z,01JHBH4AKTPZJ1RMCTB1D8J2MD,2025-01-11T20:37:58.550712939Z
01JHBJGPJ7BZZGA2FDZQRTQ5Z3,01JHBFA919QGWKEGBKQ6YPXAG3,2025-01-11T20:57:29.927881646Z,01JHBFA91MDAK01DTD2JSMRGFN,2025-01-11T20:57:29.927881646Z,01JHBH87A82VBHRKW14RZ10BQT,2025-01-11T20:57:29.927881646Z
01JHBK26MJKXF1FTXXPPQ6QMX4,01JHBJNN470T33W8SEJHGWDQ0C,2025-01-11T21:07:03.442927638Z,01JHBJNN58KGXXH7GQ2GA15PKW,2025-01-11T21:07:03.442927638Z,01JHBJR5TDQQ8RKSV2YXCYWG01,2025-01-11T21:07:03.442927638Z
01JHBG4RVTH5M3R3X3EACPM059,01JHBFAHCEGR0HDSXN3EDJN8PZ,2025-01-11T20:16:01.914150879Z,01JHBFAHCNE2G86BXZ16DNJ9DV,2025-01-11T20:16:01.914150879Z,01JHBFXEP6QF1V9JG075W8HFXQ,2025-01-11T20:16:01.914150879Z
01JHBK26KR6T0QK2VWS7BRZAK5,01JHBJNN470T33W8SEJHGWDQ0C,2025-01-11T21:07:03.41671909Z,01JHBJNN58KGXXH7GQ2GA15PKW,2025-01-11T21:07:03.41671909Z,01JHBJQTRSB60SSY1TVK6HHC3V,2025-01-11T21:07:03.41671909Z
01JHBMT5HSZW49GC40WY723W19,01JHBJND1E3C70NWYS1RVBZ77W,2025-01-11T21:37:37.337567693Z,01JHBJND2EQPZZ0EF9SMBWCMV2,2025-01-11T21:37:37.337567693Z,01JHBMEDMMAN477DAJMDJ2GJ9X,2025-01-11T21:37:37.337567693Z
01JHBHQJHMK8ZXBG65AG6KM64X,01JHBHFR76JHNAE88PBH8ETZ4Q,2025-01-11T20:43:46.612715494Z,01JHBHFR7VQJ3M9P43RPEWBZ68,2025-01-11T20:43:46.612715494Z,01JHBHD7W1SDXD5EPW2FCEBYT5,2025-01-11T20:43:46.612715494Z
01JHBKK80E55DY52SJZ2VR8VYB,01JHBJNJ9ZZQA3E1GA42BC5GWQ,2025-01-11T21:16:21.902197923Z,01JHBJNJB8BVP0G2JTTNRSMFTZ,2025-01-11T21:16:21.902197923Z,01JHBK7P86SD0XWNMSDJPAJ8NW,2025-01-11T21:16:21.902197923Z
