﻿id,chat,chatLastChangedAt,treatment,treatmentLastChangedAt,ended,endedLastChangedAt,lobbyTimerID,lobbyTimerIDLastChangedAt,status,statusLastChangedAt,start,startLastChangedAt,endedReason,endedReasonLastChangedAt,batchID,batchIDLastChangedAt,groupID,groupIDLastChangedAt,roundIndex,roundIndexLastChangedAt,treatmentName,treatmentNameLastChangedAt,stageID,stageIDLastChangedAt,messages,messagesLastChangedAt
01HWB9SVS34WVVX651QBHPKKY0,"{""text"":""I see two rabbits and a chipmunk"",""likes"":{},""time"":1714072133734,""round"":1,""recipient"":""01HWBA972AJ49NS7ZD8BF4DTCH"",""sender"":{""id"":""01HWBA5MRGQX7FHN61Y2K8FH83"",""name"":""player 1""}}",2024-04-25T19:08:53.449481954Z,"{""condition"":""interactive"",""opinion"":""slider"",""playerCount"":4,""trueP"":0.7}",2024-04-25T18:55:34.691975717Z,true,2024-04-25T19:09:48.316090001Z,01HWBA8G7JX9RFZ3G6QGSRAX4C,2024-04-25T19:03:34.396251657Z,terminated,2024-04-25T19:09:48.109699847Z,true,2024-04-25T19:08:34.396926963Z,batch ended,2024-04-25T19:09:48.109699847Z,01HWB9SVREZ53JJBCFE6H2KTE8,2024-04-25T18:55:34.691975717Z,01HWB9SVTYGYX6D11BDFA510JP,2024-04-25T18:55:34.760521453Z,11,2024-04-25T19:08:34.57446224Z,rerun-interactive- 0.7,2024-04-25T18:55:34.691975717Z,,2024-04-25T19:09:48.316090001Z,"[{""text"":""I see 2 rabbits"",""likes"":{},""time"":1714072113182,""round"":1,""recipient"":""01HWBABXZMSNR5EBTHEF3JBER9"",""sender"":{""id"":""01HWBA972AJ49NS7ZD8BF4DTCH"",""name"":""player 3""}},{""text"":""I see two rabbits and a chipmunk"",""likes"":{},""time"":1714072133734,""round"":1,""recipient"":""01HWBA972AJ49NS7ZD8BF4DTCH"",""sender"":{""id"":""01HWBA5MRGQX7FHN61Y2K8FH83"",""name"":""player 1""}},{""text"":""Two rabbits and a chipmunk"",""likes"":{},""time"":1714072173509,""round"":2,""recipient"":""01HWBABKET37DZYJ7E3NHVVX2G"",""sender"":{""id"":""01HWBA5MRGQX7FHN61Y2K8FH83"",""name"":""player 1""}},{""text"":""2 rabbits"",""likes"":{},""time"":1714072160415,""round"":2,""recipient"":""01HWBAEJ2C51JGVCYQRZHD39Q6"",""sender"":{""id"":""01HWBA972AJ49NS7ZD8BF4DTCH"",""name"":""player 3""}}]",2024-04-25T19:09:34.443587174Z
01HWB9SVS4SMWJV23JC4ZSHMT9,"{""text"":""i see three rabbits and two squirrels"",""likes"":{},""time"":1714072139765,""round"":3,""recipient"":""01HWBACYHBBN6M2RNFT6RVDYME"",""sender"":{""id"":""01HWBA3A7V3YT5FS2XTCCE1P1T"",""name"":""player 1""}}",2024-04-25T19:08:59.900594606Z,"{""condition"":""interactive"",""opinion"":""slider"",""playerCount"":4,""trueP"":0.7}",2024-04-25T18:55:34.692595349Z,true,2024-04-25T19:09:48.301654884Z,01HWBA61KVPK95K8ERKN5KCEK5,2024-04-25T19:02:13.892264012Z,terminated,2024-04-25T19:09:48.109699847Z,true,2024-04-25T19:07:13.895468449Z,batch ended,2024-04-25T19:09:48.109699847Z,01HWB9SVREZ53JJBCFE6H2KTE8,2024-04-25T18:55:34.692595349Z,01HWB9SVT61SHDF579CDQSN773,2024-04-25T18:55:34.732083698Z,11,2024-04-25T19:07:13.962102012Z,rerun-interactive- 0.7,2024-04-25T18:55:34.692595349Z,,2024-04-25T19:09:48.301654884Z,"[{""text"":""i see three rabbits and two squirrels"",""likes"":{},""time"":1714072046948,""round"":1,""recipient"":""01HWBACYHBBN6M2RNFT6RVDYME"",""sender"":{""id"":""01HWBA3A7V3YT5FS2XTCCE1P1T"",""name"":""player 1""}},{""text"":""i see three rabbits and two squirrels"",""likes"":{},""time"":1714072089329,""round"":2,""recipient"":""01HWBAAK6WPSQEHZQW9D1MKCCV"",""sender"":{""id"":""01HWBA3A7V3YT5FS2XTCCE1P1T"",""name"":""player 1""}},{""text"":""i see three rabbits and two squirrels"",""likes"":{},""time"":1714072139765,""round"":3,""recipient"":""01HWBACYHBBN6M2RNFT6RVDYME"",""sender"":{""id"":""01HWBA3A7V3YT5FS2XTCCE1P1T"",""name"":""player 1""}},{""text"":""i see three rabbits and two squirrels"",""likes"":{},""time"":1714072167396,""round"":4,""recipient"":""01HWBAAK6WPSQEHZQW9D1MKCCV"",""sender"":{""id"":""01HWBA3A7V3YT5FS2XTCCE1P1T"",""name"":""player 1""}}]",2024-04-25T19:09:27.538563209Z
01HWB9TEPYPEB5JFKTKR9Q8F01,,,"{""condition"":""slider"",""opinion"":""slider"",""playerCount"":4,""trueP"":0.3}",2024-04-25T18:55:54.07822616Z,false,2024-04-25T18:55:54.07822616Z,,,,,false,2024-04-25T18:55:54.07822616Z,,,01HWB9TEPHKXBYR99HYETYEF7N,2024-04-25T18:55:54.07822616Z,01HWB9TEQQ8ERYWC7QRCQ23CBJ,2024-04-25T18:55:54.110830682Z,,,rerun-slider- 0.3,2024-04-25T18:55:54.07822616Z,,,,
01HWB9TEQ0BB2HG05DYT7727A8,,,"{""condition"":""slider"",""opinion"":""slider"",""playerCount"":4,""trueP"":0.3}",2024-04-25T18:55:54.080072518Z,false,2024-04-25T18:55:54.080072518Z,,,,,false,2024-04-25T18:55:54.080072518Z,,,01HWB9TEPHKXBYR99HYETYEF7N,2024-04-25T18:55:54.080072518Z,01HWB9TEQ8YDYFT9VKZZWYNJXK,2024-04-25T18:55:54.095750573Z,,,rerun-slider- 0.3,2024-04-25T18:55:54.080072518Z,,,,
01HWB9WJEDVZQK46A6JW3N8WXT,,,"{""condition"":""interactive"",""opinion"":""slider"",""playerCount"":4,""trueP"":0.7}",2024-04-25T18:57:03.437298789Z,false,2024-04-25T18:57:03.437298789Z,,,terminated,2024-04-25T19:09:59.003884055Z,false,2024-04-25T18:57:03.437298789Z,batch ended,2024-04-25T19:09:59.003884055Z,01HWB9WJE1Y0T7NB7H90YZP8C0,2024-04-25T18:57:03.437298789Z,01HWB9WJEP99Q10TD4SMG68RQP,2024-04-25T18:57:03.450369281Z,,,rerun-interactive- 0.7,2024-04-25T18:57:03.437298789Z,,,,
01HWB9X77MTXQ6W4YH9XZG7Y95,"{""text"":""I think the population is 4% rabbits"",""likes"":{},""time"":1714073324398,""round"":3,""recipient"":""01HWBBE7X3Q0WJACAXWEBXS224"",""sender"":{""id"":""01HWBBD6ATGPDM6H8K3EZEWW6M"",""name"":""player 1""}}",2024-04-25T19:28:43.772683642Z,"{""condition"":""slider"",""opinion"":""slider"",""playerCount"":4,""trueP"":0.3}",2024-04-25T18:57:24.724903416Z,true,2024-04-25T19:31:38.5538295Z,01HWBBH5WEBATNXKW34YF5HYF2,2024-04-25T19:25:47.287252055Z,ended,2024-04-25T19:31:38.565766758Z,true,2024-04-25T19:27:44.533198817Z,end of game,2024-04-25T19:31:38.565766758Z,01HWB9X77BHAF0PXNWMS2FET0R,2024-04-25T18:57:24.724903416Z,01HWB9X77VAQH4TPQQHHGTY5EA,2024-04-25T18:57:24.734835917Z,11,2024-04-25T19:27:44.60180788Z,rerun-slider- 0.3,2024-04-25T18:57:24.724903416Z,,2024-04-25T19:31:38.5538295Z,"[{""text"":""I think the population is 5% rabbits"",""likes"":{},""time"":1714073288431,""round"":1,""recipient"":""01HWBBF8CZX669WEE4ERT37DMD"",""sender"":{""id"":""01HWBBE7X3Q0WJACAXWEBXS224"",""name"":""player 2""}},{""text"":""I think the population is 5% rabbits"",""likes"":{},""time"":1714073293579,""round"":1,""recipient"":""01HWBBF8CZX669WEE4ERT37DMD"",""sender"":{""id"":""01HWBBE7X3Q0WJACAXWEBXS224"",""name"":""player 2""}},{""text"":""I think the population is 5% rabbits"",""likes"":{},""time"":1714073311552,""round"":2,""recipient"":""01HWBBF8CZX669WEE4ERT37DMD"",""sender"":{""id"":""01HWBBD6ATGPDM6H8K3EZEWW6M"",""name"":""player 1""}},{""text"":""I think the population is 61% rabbits"",""likes"":{},""time"":1714073311679,""round"":2,""recipient"":""01HWBBE7X3Q0WJACAXWEBXS224"",""sender"":{""id"":""01HWBBEYK5K9SCEWQVXWEZF22H"",""name"":""player 3""}},{""text"":""I think the population is 5% rabbits"",""likes"":{},""time"":1714073311649,""round"":2,""recipient"":""01HWBBD6ATGPDM6H8K3EZEWW6M"",""sender"":{""id"":""01HWBBE7X3Q0WJACAXWEBXS224"",""name"":""player 2""}},{""text"":""I think the population is 21% rabbits"",""likes"":{},""time"":1714073311724,""round"":2,""recipient"":""01HWBBEYK5K9SCEWQVXWEZF22H"",""sender"":{""id"":""01HWBBF8CZX669WEE4ERT37DMD"",""name"":""player 4""}},{""text"":""I think the population is 17% rabbits"",""likes"":{},""time"":1714073320541,""round"":3,""recipient"":""01HWBBD6ATGPDM6H8K3EZEWW6M"",""sender"":{""id"":""01HWBBF8CZX669WEE4ERT37DMD"",""name"":""player 4""}},{""text"":""I think the population is 4% rabbits"",""likes"":{},""time"":1714073321868,""round"":3,""recipient"":""01HWBBE7X3Q0WJACAXWEBXS224"",""sender"":{""id"":""01HWBBD6ATGPDM6H8K3EZEWW6M"",""name"":""player 1""}},{""text"":""I think the population is 4% rabbits"",""likes"":{},""time"":1714073324398,""round"":3,""recipient"":""01HWBBE7X3Q0WJACAXWEBXS224"",""sender"":{""id"":""01HWBBD6ATGPDM6H8K3EZEWW6M"",""name"":""player 1""}},{""text"":""I think the population is 17% rabbits"",""likes"":{},""time"":1714073325549,""round"":3,""recipient"":""01HWBBD6ATGPDM6H8K3EZEWW6M"",""sender"":{""id"":""01HWBBF8CZX669WEE4ERT37DMD"",""name"":""player 4""}},{""text"":""I think the population is 4% rabbits"",""likes"":{},""time"":1714073326565,""round"":3,""recipient"":""01HWBBE7X3Q0WJACAXWEBXS224"",""sender"":{""id"":""01HWBBD6ATGPDM6H8K3EZEWW6M"",""name"":""player 1""}},{""text"":""I think the population is 4% rabbits"",""likes"":{},""time"":1714073328331,""round"":3,""recipient"":""01HWBBE7X3Q0WJACAXWEBXS224"",""sender"":{""id"":""01HWBBD6ATGPDM6H8K3EZEWW6M"",""name"":""player 1""}},{""text"":""I think the population is 67% rabbits"",""likes"":{},""time"":1714073333077,""round"":3,""recipient"":""01HWBBF8CZX669WEE4ERT37DMD"",""sender"":{""id"":""01HWBBEYK5K9SCEWQVXWEZF22H"",""name"":""player 3""}},{""text"":""I think the population is 28% rabbits"",""likes"":{},""time"":1714073335135,""round"":3,""recipient"":""01HWBBEYK5K9SCEWQVXWEZF22H"",""sender"":{""id"":""01HWBBE7X3Q0WJACAXWEBXS224"",""name"":""player 2""}},{""text"":""I think the population is 3% rabbits"",""likes"":{},""time"":1714073350178,""round"":4,""recipient"":""01HWBBEYK5K9SCEWQVXWEZF22H"",""sender"":{""id"":""01HWBBD6ATGPDM6H8K3EZEWW6M"",""name"":""player 1""}},{""text"":""I think the population is 63% rabbits"",""likes"":{},""time"":1714073351030,""round"":4,""recipient"":""01HWBBD6ATGPDM6H8K3EZEWW6M"",""sender"":{""id"":""01HWBBEYK5K9SCEWQVXWEZF22H"",""name"":""player 3""}},{""text"":""I think the population is 9% rabbits"",""likes"":{},""time"":1714073352730,""round"":4,""recipient"":""01HWBBF8CZX669WEE4ERT37DMD"",""sender"":{""id"":""01HWBBE7X3Q0WJACAXWEBXS224"",""name"":""player 2""}},{""text"":""I think the population is 9% rabbits"",""likes"":{},""time"":1714073356438,""round"":4,""recipient"":""01HWBBF8CZX669WEE4ERT37DMD"",""sender"":{""id"":""01HWBBE7X3Q0WJACAXWEBXS224"",""name"":""player 2""}},{""text"":""I think the population is 9% rabbits"",""likes"":{},""time"":1714073359423,""round"":4,""recipient"":""01HWBBF8CZX669WEE4ERT37DMD"",""sender"":{""id"":""01HWBBE7X3Q0WJACAXWEBXS224"",""name"":""player 2""}},{""text"":""I think the population is 21% rabbits"",""likes"":{},""time"":1714073361609,""round"":4,""recipient"":""01HWBBE7X3Q0WJACAXWEBXS224"",""sender"":{""id"":""01HWBBF8CZX669WEE4ERT37DMD"",""name"":""player 4""}},{""text"":""I think the population is 36% rabbits"",""likes"":{},""time"":1714073371432,""round"":5,""recipient"":""01HWBBE7X3Q0WJACAXWEBXS224"",""sender"":{""id"":""01HWBBEYK5K9SCEWQVXWEZF22H"",""name"":""player 3""}},{""text"":""I think the population is 15% rabbits"",""likes"":{},""time"":1714073372125,""round"":5,""recipient"":""01HWBBEYK5K9SCEWQVXWEZF22H"",""sender"":{""id"":""01HWBBF8CZX669WEE4ERT37DMD"",""name"":""player 4""}},{""text"":""I think the population is 4% rabbits"",""likes"":{},""time"":1714073375139,""round"":5,""recipient"":""01HWBBF8CZX669WEE4ERT37DMD"",""sender"":{""id"":""01HWBBD6ATGPDM6H8K3EZEWW6M"",""name"":""player 1""}},{""text"":""I think the population is 11% rabbits"",""likes"":{},""time"":1714073374938,""round"":5,""recipient"":""01HWBBD6ATGPDM6H8K3EZEWW6M"",""sender"":{""id"":""01HWBBE7X3Q0WJACAXWEBXS224"",""name"":""player 2""}},{""text"":""I think the population is 4% rabbits"",""likes"":{},""time"":1714073384887,""round"":6,""recipient"":""01HWBBE7X3Q0WJACAXWEBXS224"",""sender"":{""id"":""01HWBBD6ATGPDM6H8K3EZEWW6M"",""name"":""player 1""}},{""text"":""I think the population is 32% rabbits"",""likes"":{},""time"":1714073386765,""round"":6,""recipient"":""01HWBBF8CZX669WEE4ERT37DMD"",""sender"":{""id"":""01HWBBEYK5K9SCEWQVXWEZF22H"",""name"":""player 3""}},{""text"":""I think the population is 10% rabbits"",""likes"":{},""time"":1714073391931,""round"":6,""recipient"":""01HWBBEYK5K9SCEWQVXWEZF22H"",""sender"":{""id"":""01HWBBE7X3Q0WJACAXWEBXS224"",""name"":""player 2""}},{""text"":""I think the population is 10% rabbits"",""likes"":{},""time"":1714073394120,""round"":6,""recipient"":""01HWBBEYK5K9SCEWQVXWEZF22H"",""sender"":{""id"":""01HWBBE7X3Q0WJACAXWEBXS224"",""name"":""player 2""}},{""text"":""I think the population is 10% rabbits"",""likes"":{},""time"":1714073398467,""round"":6,""recipient"":""01HWBBEYK5K9SCEWQVXWEZF22H"",""sender"":{""id"":""01HWBBE7X3Q0WJACAXWEBXS224"",""name"":""player 2""}},{""text"":""I think the population is 10% rabbits"",""likes"":{},""time"":1714073403728,""round"":6,""recipient"":""01HWBBEYK5K9SCEWQVXWEZF22H"",""sender"":{""id"":""01HWBBE7X3Q0WJACAXWEBXS224"",""name"":""player 2""}},{""text"":""I think the population is 25% rabbits"",""likes"":{},""time"":1714073413757,""round"":7,""recipient"":""01HWBBE7X3Q0WJACAXWEBXS224"",""sender"":{""id"":""01HWBBF8CZX669WEE4ERT37DMD"",""name"":""player 4""}},{""text"":""I think the population is 27% rabbits"",""likes"":{},""time"":1714073415316,""round"":7,""recipient"":""01HWBBD6ATGPDM6H8K3EZEWW6M"",""sender"":{""id"":""01HWBBEYK5K9SCEWQVXWEZF22H"",""name"":""player 3""}},{""text"":""I think the population is 4% rabbits"",""likes"":{},""time"":1714073415631,""round"":7,""recipient"":""01HWBBEYK5K9SCEWQVXWEZF22H"",""sender"":{""id"":""01HWBBD6ATGPDM6H8K3EZEWW6M"",""name"":""player 1""}},{""text"":""I think the population is 8% rabbits"",""likes"":{},""time"":1714073418258,""round"":7,""recipient"":""01HWBBF8CZX669WEE4ERT37DMD"",""sender"":{""id"":""01HWBBE7X3Q0WJACAXWEBXS224"",""name"":""player 2""}},{""text"":""I think the population is 3% rabbits"",""likes"":{},""time"":1714073427479,""round"":8,""recipient"":""01HWBBF8CZX669WEE4ERT37DMD"",""sender"":{""id"":""01HWBBD6ATGPDM6H8K3EZEWW6M"",""name"":""player 1""}},{""text"":""I think the population is 9% rabbits"",""likes"":{},""time"":1714073430095,""round"":8,""recipient"":""01HWBBD6ATGPDM6H8K3EZEWW6M"",""sender"":{""id"":""01HWBBE7X3Q0WJACAXWEBXS224"",""name"":""player 2""}},{""text"":""I think the population is 31% rabbits"",""likes"":{},""time"":1714073434205,""round"":8,""recipient"":""01HWBBEYK5K9SCEWQVXWEZF22H"",""sender"":{""id"":""01HWBBF8CZX669WEE4ERT37DMD"",""name"":""player 4""}},{""text"":""I think the population is 20% rabbits"",""likes"":{},""time"":1714073440447,""round"":8,""recipient"":""01HWBBE7X3Q0WJACAXWEBXS224"",""sender"":{""id"":""01HWBBEYK5K9SCEWQVXWEZF22H"",""name"":""player 3""}},{""text"":""I think the population is 27% rabbits"",""likes"":{},""time"":1714073445182,""round"":9,""recipient"":""01HWBBF8CZX669WEE4ERT37DMD"",""sender"":{""id"":""01HWBBEYK5K9SCEWQVXWEZF22H"",""name"":""player 3""}},{""text"":""I think the population is 5% rabbits"",""likes"":{},""time"":1714073448191,""round"":9,""recipient"":""01HWBBE7X3Q0WJACAXWEBXS224"",""sender"":{""id"":""01HWBBD6ATGPDM6H8K3EZEWW6M"",""name"":""player 1""}},{""text"":""I think the population is 43% rabbits"",""likes"":{},""time"":1714073449355,""round"":9,""recipient"":""01HWBBD6ATGPDM6H8K3EZEWW6M"",""sender"":{""id"":""01HWBBF8CZX669WEE4ERT37DMD"",""name"":""player 4""}},{""text"":""I think the population is 10% rabbits"",""likes"":{},""time"":1714073454584,""round"":9,""recipient"":""01HWBBEYK5K9SCEWQVXWEZF22H"",""sender"":{""id"":""01HWBBE7X3Q0WJACAXWEBXS224"",""name"":""player 2""}},{""text"":""I think the population is 19% rabbits"",""likes"":{},""time"":1714073461978,""round"":10,""recipient"":""01HWBBD6ATGPDM6H8K3EZEWW6M"",""sender"":{""id"":""01HWBBEYK5K9SCEWQVXWEZF22H"",""name"":""player 3""}},{""text"":""I think the population is 4% rabbits"",""likes"":{},""time"":1714073462273,""round"":10,""recipient"":""01HWBBEYK5K9SCEWQVXWEZF22H"",""sender"":{""id"":""01HWBBD6ATGPDM6H8K3EZEWW6M"",""name"":""player 1""}},{""text"":""I think the population is 11% rabbits"",""likes"":{},""time"":1714073466786,""round"":10,""recipient"":""01HWBBF8CZX669WEE4ERT37DMD"",""sender"":{""id"":""01HWBBE7X3Q0WJACAXWEBXS224"",""name"":""player 2""}},{""text"":""I think the population is 4% rabbits"",""likes"":{},""time"":1714073474974,""round"":10,""recipient"":""01HWBBEYK5K9SCEWQVXWEZF22H"",""sender"":{""id"":""01HWBBD6ATGPDM6H8K3EZEWW6M"",""name"":""player 1""}},{""text"":""I think the population is 33% rabbits"",""likes"":{},""time"":1714073474223,""round"":10,""recipient"":""01HWBBE7X3Q0WJACAXWEBXS224"",""sender"":{""id"":""01HWBBF8CZX669WEE4ERT37DMD"",""name"":""player 4""}},{""text"":""I think the population is 21% rabbits"",""likes"":{},""time"":1714073481509,""round"":11,""recipient"":""01HWBBE7X3Q0WJACAXWEBXS224"",""sender"":{""id"":""01HWBBEYK5K9SCEWQVXWEZF22H"",""name"":""player 3""}},{""text"":""I think the population is 5% rabbits"",""likes"":{},""time"":1714073482935,""round"":11,""recipient"":""01HWBBF8CZX669WEE4ERT37DMD"",""sender"":{""id"":""01HWBBD6ATGPDM6H8K3EZEWW6M"",""name"":""player 1""}},{""text"":""I think the population is 32% rabbits"",""likes"":{},""time"":1714073482404,""round"":11,""recipient"":""01HWBBEYK5K9SCEWQVXWEZF22H"",""sender"":{""id"":""01HWBBF8CZX669WEE4ERT37DMD"",""name"":""player 4""}},{""text"":""I think the population is 11% rabbits"",""likes"":{},""time"":1714073484653,""round"":11,""recipient"":""01HWBBD6ATGPDM6H8K3EZEWW6M"",""sender"":{""id"":""01HWBBE7X3Q0WJACAXWEBXS224"",""name"":""player 2""}},{""text"":""I think the population is 23% rabbits"",""likes"":{},""time"":1714073491223,""round"":12,""recipient"":""01HWBBF8CZX669WEE4ERT37DMD"",""sender"":{""id"":""01HWBBEYK5K9SCEWQVXWEZF22H"",""name"":""player 3""}},{""text"":""I think the population is 4% rabbits"",""likes"":{},""time"":1714073494799,""round"":12,""recipient"":""01HWBBE7X3Q0WJACAXWEBXS224"",""sender"":{""id"":""01HWBBD6ATGPDM6H8K3EZEWW6M"",""name"":""player 1""}},{""text"":""I think the population is 10% rabbits"",""likes"":{},""time"":1714073498173,""round"":12,""recipient"":""01HWBBEYK5K9SCEWQVXWEZF22H"",""sender"":{""id"":""01HWBBE7X3Q0WJACAXWEBXS224"",""name"":""player 2""}},{""text"":""I think the population is 4% rabbits"",""likes"":{},""time"":1714073498964,""round"":12,""recipient"":""01HWBBE7X3Q0WJACAXWEBXS224"",""sender"":{""id"":""01HWBBD6ATGPDM6H8K3EZEWW6M"",""name"":""player 1""}},{""text"":""I think the population is 34% rabbits"",""likes"":{},""time"":1714073498390,""round"":12,""recipient"":""01HWBBD6ATGPDM6H8K3EZEWW6M"",""sender"":{""id"":""01HWBBF8CZX669WEE4ERT37DMD"",""name"":""player 4""}}]",2024-04-25T19:31:38.513542764Z
01HWBAKZG34EDAK3G3QTW1T8K8,,,"{""condition"":""interactive"",""opinion"":""slider"",""playerCount"":4,""trueP"":0.7}",2024-04-25T19:09:50.467736123Z,true,2024-04-25T19:18:21.34449863Z,01HWBATKNR85B11BS2JYJTQ396,2024-04-25T19:13:27.743078554Z,terminated,2024-04-25T19:18:21.299346915Z,true,2024-04-25T19:18:13.866139971Z,batch ended,2024-04-25T19:18:21.299346915Z,01HWBAKZFVH8HRRC3K5Q1F6FV2,2024-04-25T19:09:50.467736123Z,01HWBAKZGA5HBYJH431D10NBDH,2024-04-25T19:09:50.477993488Z,11,2024-04-25T19:18:13.934504952Z,rerun-interactive- 0.7,2024-04-25T19:09:50.467736123Z,,2024-04-25T19:18:21.34449863Z,,
01HWBAVBVSZ2A3HW69KXVP3RF4,"{""text"":""3 rabbits, 2 squirrels"",""likes"":{},""time"":1714073302457,""round"":8,""recipient"":""01HWBB643CA5NSRTWFSMPK4S53"",""sender"":{""id"":""01HWBB486NBD382Y1A3S4T5VKH"",""name"":""player 1""}}",2024-04-25T19:28:22.466350217Z,"{""condition"":""interactive"",""opinion"":""slider"",""playerCount"":4,""trueP"":0.7}",2024-04-25T19:13:52.505543062Z,true,2024-04-25T19:31:29.7022796Z,01HWBB8JK4CPEZD1FY55JK9QVH,2024-04-25T19:21:05.386670717Z,ended,2024-04-25T19:31:29.720696911Z,true,2024-04-25T19:22:21.504139135Z,end of game,2024-04-25T19:31:29.720696911Z,01HWBAVBVDNTD4Y2TYMH8R0C04,2024-04-25T19:13:52.505543062Z,01HWBAVBW2NZJJ1FV96SWAY6MG,2024-04-25T19:13:52.518557677Z,11,2024-04-25T19:22:21.579540097Z,rerun-interactive- 0.7,2024-04-25T19:13:52.505543062Z,,2024-04-25T19:31:29.7022796Z,"[{""text"":""i see 6 rabbits and 2 squirrels"",""likes"":{},""time"":1714072957619,""round"":1,""recipient"":""01HWBB643CA5NSRTWFSMPK4S53"",""sender"":{""id"":""01HWBB4RR7JC615056BQWTD1RH"",""name"":""player 2""}},{""text"":""Three rabbits and one squirrel"",""likes"":{},""time"":1714072956996,""round"":1,""recipient"":""01HWBB486NBD382Y1A3S4T5VKH"",""sender"":{""id"":""01HWBB5VECY2BRJCGJ72AKM6MQ"",""name"":""player 3""}},{""text"":""The ratio of rabbits and two squirrels"",""likes"":{},""time"":1714072965989,""round"":1,""recipient"":""01HWBB5VECY2BRJCGJ72AKM6MQ"",""sender"":{""id"":""01HWBB486NBD382Y1A3S4T5VKH"",""name"":""player 1""}},{""text"":""i see 2 rabbitts"",""likes"":{},""time"":1714072970336,""round"":1,""recipient"":""01HWBB4RR7JC615056BQWTD1RH"",""sender"":{""id"":""01HWBB643CA5NSRTWFSMPK4S53"",""name"":""player 4""}},{""text"":""three rabbits two squirrels"",""likes"":{},""time"":1714073008897,""round"":2,""recipient"":""01HWBB643CA5NSRTWFSMPK4S53"",""sender"":{""id"":""01HWBB486NBD382Y1A3S4T5VKH"",""name"":""player 1""}},{""text"":""i see 6 rabbits and 2 squirrels"",""likes"":{},""time"":1714073012390,""round"":2,""recipient"":""01HWBB486NBD382Y1A3S4T5VKH"",""sender"":{""id"":""01HWBB4RR7JC615056BQWTD1RH"",""name"":""player 2""}},{""text"":""3 rabbits, one squirrel"",""likes"":{},""time"":1714073019603,""round"":2,""recipient"":""01HWBB4RR7JC615056BQWTD1RH"",""sender"":{""id"":""01HWBB5VECY2BRJCGJ72AKM6MQ"",""name"":""player 3""}},{""text"":""i see two rabbits and 1 squirrel"",""likes"":{},""time"":1714073023920,""round"":2,""recipient"":""01HWBB5VECY2BRJCGJ72AKM6MQ"",""sender"":{""id"":""01HWBB643CA5NSRTWFSMPK4S53"",""name"":""player 4""}},{""text"":""6 rabbits, 2 squirrels"",""likes"":{},""time"":1714073059256,""round"":3,""recipient"":""01HWBB5VECY2BRJCGJ72AKM6MQ"",""sender"":{""id"":""01HWBB4RR7JC615056BQWTD1RH"",""name"":""player 2""}},{""text"":""three rabbits one squirrel"",""likes"":{},""time"":1714073062436,""round"":3,""recipient"":""01HWBB643CA5NSRTWFSMPK4S53"",""sender"":{""id"":""01HWBB5VECY2BRJCGJ72AKM6MQ"",""name"":""player 3""}},{""text"":""i see two rabbits and 1 squirrel"",""likes"":{},""time"":1714073064133,""round"":3,""recipient"":""01HWBB486NBD382Y1A3S4T5VKH"",""sender"":{""id"":""01HWBB643CA5NSRTWFSMPK4S53"",""name"":""player 4""}},{""text"":""three rabbits and two squirrels, 60% rabbits 40% squirrels"",""likes"":{},""time"":1714073066009,""round"":3,""recipient"":""01HWBB4RR7JC615056BQWTD1RH"",""sender"":{""id"":""01HWBB486NBD382Y1A3S4T5VKH"",""name"":""player 1""}},{""text"":""3 rabbits, 1 squirrel"",""likes"":{},""time"":1714073101640,""round"":4,""recipient"":""01HWBB486NBD382Y1A3S4T5VKH"",""sender"":{""id"":""01HWBB5VECY2BRJCGJ72AKM6MQ"",""name"":""player 3""}},{""text"":""6 rabbits, 2 squirrels"",""likes"":{},""time"":1714073105791,""round"":4,""recipient"":""01HWBB643CA5NSRTWFSMPK4S53"",""sender"":{""id"":""01HWBB4RR7JC615056BQWTD1RH"",""name"":""player 2""}},{""text"":""i see two rabbits one squirrel"",""likes"":{},""time"":1714073105677,""round"":4,""recipient"":""01HWBB4RR7JC615056BQWTD1RH"",""sender"":{""id"":""01HWBB643CA5NSRTWFSMPK4S53"",""name"":""player 4""}},{""text"":""Three rabbits and two squirrels, 60% rabbits 40% squirrels"",""likes"":{},""time"":1714073107677,""round"":4,""recipient"":""01HWBB5VECY2BRJCGJ72AKM6MQ"",""sender"":{""id"":""01HWBB486NBD382Y1A3S4T5VKH"",""name"":""player 1""}},{""text"":""6 rabbits, 2 squirrels"",""likes"":{},""time"":1714073158076,""round"":5,""recipient"":""01HWBB486NBD382Y1A3S4T5VKH"",""sender"":{""id"":""01HWBB4RR7JC615056BQWTD1RH"",""name"":""player 2""}},{""text"":""3 rabbits, one squirrel"",""likes"":{},""time"":1714073161188,""round"":5,""recipient"":""01HWBB4RR7JC615056BQWTD1RH"",""sender"":{""id"":""01HWBB5VECY2BRJCGJ72AKM6MQ"",""name"":""player 3""}},{""text"":""three rabbits and two squirrels"",""likes"":{},""time"":1714073160932,""round"":5,""recipient"":""01HWBB643CA5NSRTWFSMPK4S53"",""sender"":{""id"":""01HWBB486NBD382Y1A3S4T5VKH"",""name"":""player 1""}},{""text"":""2 rabbits one squirrel"",""likes"":{},""time"":1714073170796,""round"":5,""recipient"":""01HWBB5VECY2BRJCGJ72AKM6MQ"",""sender"":{""id"":""01HWBB643CA5NSRTWFSMPK4S53"",""name"":""player 4""}},{""text"":""I think the ratio is about 70:30 rabbits to squirrels"",""likes"":{},""time"":1714073171952,""round"":5,""recipient"":""01HWBB643CA5NSRTWFSMPK4S53"",""sender"":{""id"":""01HWBB486NBD382Y1A3S4T5VKH"",""name"":""player 1""}},{""text"":""maybe even more rabbits!"",""likes"":{},""time"":1714073177464,""round"":5,""recipient"":""01HWBB643CA5NSRTWFSMPK4S53"",""sender"":{""id"":""01HWBB486NBD382Y1A3S4T5VKH"",""name"":""player 1""}},{""text"":""6 rabbits, 2 squirrels"",""likes"":{},""time"":1714073212892,""round"":6,""recipient"":""01HWBB5VECY2BRJCGJ72AKM6MQ"",""sender"":{""id"":""01HWBB4RR7JC615056BQWTD1RH"",""name"":""player 2""}},{""text"":""3 rabbits, 1 squirrel"",""likes"":{},""time"":1714073218974,""round"":6,""recipient"":""01HWBB643CA5NSRTWFSMPK4S53"",""sender"":{""id"":""01HWBB5VECY2BRJCGJ72AKM6MQ"",""name"":""player 3""}},{""text"":""three rabbits and two squirrels"",""likes"":{},""time"":1714073219936,""round"":6,""recipient"":""01HWBB4RR7JC615056BQWTD1RH"",""sender"":{""id"":""01HWBB486NBD382Y1A3S4T5VKH"",""name"":""player 1""}},{""text"":""2 rabbits 1 squirrel"",""likes"":{},""time"":1714073219549,""round"":6,""recipient"":""01HWBB486NBD382Y1A3S4T5VKH"",""sender"":{""id"":""01HWBB643CA5NSRTWFSMPK4S53"",""name"":""player 4""}},{""text"":""6 rabbits, 2 squirrels"",""likes"":{},""time"":1714073256128,""round"":7,""recipient"":""01HWBB643CA5NSRTWFSMPK4S53"",""sender"":{""id"":""01HWBB4RR7JC615056BQWTD1RH"",""name"":""player 2""}},{""text"":""3 rabbits, 1 squirrel"",""likes"":{},""time"":1714073256030,""round"":7,""recipient"":""01HWBB486NBD382Y1A3S4T5VKH"",""sender"":{""id"":""01HWBB5VECY2BRJCGJ72AKM6MQ"",""name"":""player 3""}},{""text"":""three rabbits and two squirrels"",""likes"":{},""time"":1714073260078,""round"":7,""recipient"":""01HWBB5VECY2BRJCGJ72AKM6MQ"",""sender"":{""id"":""01HWBB486NBD382Y1A3S4T5VKH"",""name"":""player 1""}},{""text"":""2 rabbits 1 squirrel"",""likes"":{},""time"":1714073268163,""round"":7,""recipient"":""01HWBB4RR7JC615056BQWTD1RH"",""sender"":{""id"":""01HWBB643CA5NSRTWFSMPK4S53"",""name"":""player 4""}},{""text"":""how many sqirrels are you leaving lit up theres definitely more rabbits"",""likes"":{},""time"":1714073277716,""round"":7,""recipient"":""01HWBB643CA5NSRTWFSMPK4S53"",""sender"":{""id"":""01HWBB4RR7JC615056BQWTD1RH"",""name"":""player 2""}},{""text"":""3 rabbits, 1 squirrel"",""likes"":{},""time"":1714073301633,""round"":8,""recipient"":""01HWBB4RR7JC615056BQWTD1RH"",""sender"":{""id"":""01HWBB5VECY2BRJCGJ72AKM6MQ"",""name"":""player 3""}},{""text"":""3 rabbits, 2 squirrels"",""likes"":{},""time"":1714073302457,""round"":8,""recipient"":""01HWBB643CA5NSRTWFSMPK4S53"",""sender"":{""id"":""01HWBB486NBD382Y1A3S4T5VKH"",""name"":""player 1""}},{""text"":""how many squirrels are you leaving lit up there are def more rabbits"",""likes"":{},""time"":1714073307019,""round"":8,""recipient"":""01HWBB486NBD382Y1A3S4T5VKH"",""sender"":{""id"":""01HWBB4RR7JC615056BQWTD1RH"",""name"":""player 2""}},{""text"":""yeah Im doign roughly 75% rabbits"",""likes"":{},""time"":1714073316372,""round"":8,""recipient"":""01HWBB643CA5NSRTWFSMPK4S53"",""sender"":{""id"":""01HWBB486NBD382Y1A3S4T5VKH"",""name"":""player 1""}},{""text"":""3 rabbits 2 squirrels"",""likes"":{},""time"":1714073341109,""round"":9,""recipient"":""01HWBB4RR7JC615056BQWTD1RH"",""sender"":{""id"":""01HWBB486NBD382Y1A3S4T5VKH"",""name"":""player 1""}},{""text"":""how many squirrels are you leaving lit up"",""likes"":{},""time"":1714073346713,""round"":9,""recipient"":""01HWBB5VECY2BRJCGJ72AKM6MQ"",""sender"":{""id"":""01HWBB4RR7JC615056BQWTD1RH"",""name"":""player 2""}},{""text"":""2 rabbits 1 squirrel"",""likes"":{},""time"":1714073344956,""round"":9,""recipient"":""01HWBB486NBD382Y1A3S4T5VKH"",""sender"":{""id"":""01HWBB643CA5NSRTWFSMPK4S53"",""name"":""player 4""}},{""text"":""i'm thinking roughly 75% rabbits 25% squirrels"",""likes"":{},""time"":1714073351457,""round"":9,""recipient"":""01HWBB4RR7JC615056BQWTD1RH"",""sender"":{""id"":""01HWBB486NBD382Y1A3S4T5VKH"",""name"":""player 1""}},{""text"":""cool i have 6 rabbits, 2 squirrels"",""likes"":{},""time"":1714073362513,""round"":9,""recipient"":""01HWBB5VECY2BRJCGJ72AKM6MQ"",""sender"":{""id"":""01HWBB4RR7JC615056BQWTD1RH"",""name"":""player 2""}},{""text"":""3 rabbits, 1 squirrel"",""likes"":{},""time"":1714073378231,""round"":10,""recipient"":""01HWBB486NBD382Y1A3S4T5VKH"",""sender"":{""id"":""01HWBB5VECY2BRJCGJ72AKM6MQ"",""name"":""player 3""}},{""text"":""3 rabbits 2 squirrels"",""likes"":{},""time"":1714073380481,""round"":10,""recipient"":""01HWBB5VECY2BRJCGJ72AKM6MQ"",""sender"":{""id"":""01HWBB486NBD382Y1A3S4T5VKH"",""name"":""player 1""}},{""text"":""how many squirrels are you leaving lit up"",""likes"":{},""time"":1714073382920,""round"":10,""recipient"":""01HWBB643CA5NSRTWFSMPK4S53"",""sender"":{""id"":""01HWBB4RR7JC615056BQWTD1RH"",""name"":""player 2""}},{""text"":""2 rabbits 1 squirrel"",""likes"":{},""time"":1714073383208,""round"":10,""recipient"":""01HWBB4RR7JC615056BQWTD1RH"",""sender"":{""id"":""01HWBB643CA5NSRTWFSMPK4S53"",""name"":""player 4""}},{""text"":""1"",""likes"":{},""time"":1714073388494,""round"":10,""recipient"":""01HWBB4RR7JC615056BQWTD1RH"",""sender"":{""id"":""01HWBB643CA5NSRTWFSMPK4S53"",""name"":""player 4""}},{""text"":""i'm thinking roughly 75% rabbits 25% squirrels"",""likes"":{},""time"":1714073389883,""round"":10,""recipient"":""01HWBB5VECY2BRJCGJ72AKM6MQ"",""sender"":{""id"":""01HWBB486NBD382Y1A3S4T5VKH"",""name"":""player 1""}},{""text"":""cool i have 6 rabbits, 2 squirrels"",""likes"":{},""time"":1714073397333,""round"":10,""recipient"":""01HWBB643CA5NSRTWFSMPK4S53"",""sender"":{""id"":""01HWBB4RR7JC615056BQWTD1RH"",""name"":""player 2""}},{""text"":""Same"",""likes"":{},""time"":1714073398702,""round"":10,""recipient"":""01HWBB486NBD382Y1A3S4T5VKH"",""sender"":{""id"":""01HWBB5VECY2BRJCGJ72AKM6MQ"",""name"":""player 3""}},{""text"":""yay"",""likes"":{},""time"":1714073401394,""round"":10,""recipient"":""01HWBB5VECY2BRJCGJ72AKM6MQ"",""sender"":{""id"":""01HWBB486NBD382Y1A3S4T5VKH"",""name"":""player 1""}},{""text"":""3 rabbits and 2 squirrels"",""likes"":{},""time"":1714073416463,""round"":11,""recipient"":""01HWBB643CA5NSRTWFSMPK4S53"",""sender"":{""id"":""01HWBB486NBD382Y1A3S4T5VKH"",""name"":""player 1""}},{""text"":""how many squirrels are you leaving lit up"",""likes"":{},""time"":1714073419699,""round"":11,""recipient"":""01HWBB486NBD382Y1A3S4T5VKH"",""sender"":{""id"":""01HWBB4RR7JC615056BQWTD1RH"",""name"":""player 2""}},{""text"":""2 rabbits 1 squirrel"",""likes"":{},""time"":1714073421852,""round"":11,""recipient"":""01HWBB5VECY2BRJCGJ72AKM6MQ"",""sender"":{""id"":""01HWBB643CA5NSRTWFSMPK4S53"",""name"":""player 4""}},{""text"":""3 rabbits, 1 squirrel; thinking it's 75% rabbits, 24% squirrels"",""likes"":{},""time"":1714073425931,""round"":11,""recipient"":""01HWBB4RR7JC615056BQWTD1RH"",""sender"":{""id"":""01HWBB5VECY2BRJCGJ72AKM6MQ"",""name"":""player 3""}},{""text"":""i think roughly 75% rabbits 25% squirrels"",""likes"":{},""time"":1714073425947,""round"":11,""recipient"":""01HWBB643CA5NSRTWFSMPK4S53"",""sender"":{""id"":""01HWBB486NBD382Y1A3S4T5VKH"",""name"":""player 1""}},{""text"":""*25%"",""likes"":{},""time"":1714073432478,""round"":11,""recipient"":""01HWBB4RR7JC615056BQWTD1RH"",""sender"":{""id"":""01HWBB5VECY2BRJCGJ72AKM6MQ"",""name"":""player 3""}},{""text"":""cool i have 6 rabbits, 2 squirrels"",""likes"":{},""time"":1714073435821,""round"":11,""recipient"":""01HWBB486NBD382Y1A3S4T5VKH"",""sender"":{""id"":""01HWBB4RR7JC615056BQWTD1RH"",""name"":""player 2""}},{""text"":""yay"",""likes"":{},""time"":1714073438183,""round"":11,""recipient"":""01HWBB643CA5NSRTWFSMPK4S53"",""sender"":{""id"":""01HWBB486NBD382Y1A3S4T5VKH"",""name"":""player 1""}},{""text"":""3 rabbits, 1 squirrel"",""likes"":{},""time"":1714073457593,""round"":12,""recipient"":""01HWBB643CA5NSRTWFSMPK4S53"",""sender"":{""id"":""01HWBB5VECY2BRJCGJ72AKM6MQ"",""name"":""player 3""}},{""text"":""i have 3 rabbits and 2 squirrels"",""likes"":{},""time"":1714073459915,""round"":12,""recipient"":""01HWBB4RR7JC615056BQWTD1RH"",""sender"":{""id"":""01HWBB486NBD382Y1A3S4T5VKH"",""name"":""player 1""}},{""text"":""how many squirrels are you leaving lit up"",""likes"":{},""time"":1714073461735,""round"":12,""recipient"":""01HWBB5VECY2BRJCGJ72AKM6MQ"",""sender"":{""id"":""01HWBB4RR7JC615056BQWTD1RH"",""name"":""player 2""}},{""text"":""2 rabbits 1 squirrel"",""likes"":{},""time"":1714073461680,""round"":12,""recipient"":""01HWBB486NBD382Y1A3S4T5VKH"",""sender"":{""id"":""01HWBB643CA5NSRTWFSMPK4S53"",""name"":""player 4""}},{""text"":""75/25"",""likes"":{},""time"":1714073466264,""round"":12,""recipient"":""01HWBB643CA5NSRTWFSMPK4S53"",""sender"":{""id"":""01HWBB5VECY2BRJCGJ72AKM6MQ"",""name"":""player 3""}},{""text"":""im doing roughly 75% rabbits 25% squirrels"",""likes"":{},""time"":1714073469732,""round"":12,""recipient"":""01HWBB4RR7JC615056BQWTD1RH"",""sender"":{""id"":""01HWBB486NBD382Y1A3S4T5VKH"",""name"":""player 1""}},{""text"":""cool i have 6 rabbits, 2 squirrels"",""likes"":{},""time"":1714073477276,""round"":12,""recipient"":""01HWBB5VECY2BRJCGJ72AKM6MQ"",""sender"":{""id"":""01HWBB4RR7JC615056BQWTD1RH"",""name"":""player 2""}}]",2024-04-25T19:31:15.709921158Z
01HWBB57EX2MG7FVTY8VN66GR3,"{""text"":""1 squir 4 rab"",""likes"":{},""time"":1714073756587,""round"":11,""recipient"":""01HWBB6RNVBVZ5FYZ703VJ703B"",""sender"":{""id"":""01HWBB71RK3APRVKY8GC2YRCYY"",""name"":""player 2""}}",2024-04-25T19:35:53.781460086Z,"{""condition"":""interactive"",""opinion"":""slider"",""playerCount"":4,""trueP"":0.7}",2024-04-25T19:19:15.677711367Z,true,2024-04-25T19:37:34.420106809Z,01HWBBAXDX977RANQJDAH8CE98,2024-04-25T19:22:22.019012243Z,ended,2024-04-25T19:37:34.43047326Z,true,2024-04-25T19:26:00.74652821Z,end of game,2024-04-25T19:37:34.43047326Z,01HWBB57EGDNMN6EC7YYZSSCQC,2024-04-25T19:19:15.677711367Z,01HWBB57F73B6DSDWDY7H687VH,2024-04-25T19:19:15.692323601Z,11,2024-04-25T19:26:00.831318941Z,rerun-interactive- 0.7,2024-04-25T19:19:15.677711367Z,,2024-04-25T19:37:34.420106809Z,"[{""text"":""2 squirrels 3 rabbits"",""likes"":{},""time"":1714073171616,""round"":1,""recipient"":""01HWBB7WR1AY6378C9S40HE1S6"",""sender"":{""id"":""01HWBB6RNVBVZ5FYZ703VJ703B"",""name"":""player 1""}},{""text"":""I see 2 squirrels and 3 bunnies"",""likes"":{},""time"":1714073179738,""round"":1,""recipient"":""01HWBB71RK3APRVKY8GC2YRCYY"",""sender"":{""id"":""01HWBBCW10WZ1JNZ5GN5N8K9S6"",""name"":""player 4""}},{""text"":""4 rabbits 1 squirrel"",""likes"":{},""time"":1714073190157,""round"":1,""recipient"":""01HWBB6RNVBVZ5FYZ703VJ703B"",""sender"":{""id"":""01HWBB7WR1AY6378C9S40HE1S6"",""name"":""player 3""}},{""text"":""i see 2 squirrels and 3 bunnies"",""likes"":{},""time"":1714073233594,""round"":2,""recipient"":""01HWBB7WR1AY6378C9S40HE1S6"",""sender"":{""id"":""01HWBBCW10WZ1JNZ5GN5N8K9S6"",""name"":""player 4""}},{""text"":""2 squirells 3 rabits"",""likes"":{},""time"":1714073234728,""round"":2,""recipient"":""01HWBBCW10WZ1JNZ5GN5N8K9S6"",""sender"":{""id"":""01HWBB6RNVBVZ5FYZ703VJ703B"",""name"":""player 1""}},{""text"":""4 rabbits 1 squirrel"",""likes"":{},""time"":1714073242941,""round"":2,""recipient"":""01HWBB71RK3APRVKY8GC2YRCYY"",""sender"":{""id"":""01HWBB7WR1AY6378C9S40HE1S6"",""name"":""player 3""}},{""text"":""2 squirrels 3 rabbits"",""likes"":{},""time"":1714073290715,""round"":3,""recipient"":""01HWBB71RK3APRVKY8GC2YRCYY"",""sender"":{""id"":""01HWBB6RNVBVZ5FYZ703VJ703B"",""name"":""player 1""}},{""text"":""i see 2 squirrels and 3 rabbits, and one other neighbor saw the same thing"",""likes"":{},""time"":1714073298314,""round"":3,""recipient"":""01HWBB6RNVBVZ5FYZ703VJ703B"",""sender"":{""id"":""01HWBBCW10WZ1JNZ5GN5N8K9S6"",""name"":""player 4""}},{""text"":""4 rabbits 1 squirrel"",""likes"":{},""time"":1714073298602,""round"":3,""recipient"":""01HWBBCW10WZ1JNZ5GN5N8K9S6"",""sender"":{""id"":""01HWBB7WR1AY6378C9S40HE1S6"",""name"":""player 3""}},{""text"":""2 squirrels 3 rabbits"",""likes"":{},""time"":1714073346744,""round"":4,""recipient"":""01HWBB7WR1AY6378C9S40HE1S6"",""sender"":{""id"":""01HWBB6RNVBVZ5FYZ703VJ703B"",""name"":""player 1""}},{""text"":""4 rabbits 1 squirrel"",""likes"":{},""time"":1714073359454,""round"":4,""recipient"":""01HWBB6RNVBVZ5FYZ703VJ703B"",""sender"":{""id"":""01HWBB7WR1AY6378C9S40HE1S6"",""name"":""player 3""}},{""text"":""4 rabbits one squirrel"",""likes"":{},""time"":1714073363749,""round"":4,""recipient"":""01HWBBCW10WZ1JNZ5GN5N8K9S6"",""sender"":{""id"":""01HWBB71RK3APRVKY8GC2YRCYY"",""name"":""player 2""}},{""text"":""5 squirrels and 7 rabbits in total, including the neighbors ve talked to"",""likes"":{},""time"":1714073364883,""round"":4,""recipient"":""01HWBB71RK3APRVKY8GC2YRCYY"",""sender"":{""id"":""01HWBBCW10WZ1JNZ5GN5N8K9S6"",""name"":""player 4""}},{""text"":""2 squirrels 3 rabbits"",""likes"":{},""time"":1714073406703,""round"":5,""recipient"":""01HWBBCW10WZ1JNZ5GN5N8K9S6"",""sender"":{""id"":""01HWBB6RNVBVZ5FYZ703VJ703B"",""name"":""player 1""}},{""text"":""1 squirrel 4 rabbits"",""likes"":{},""time"":1714073416927,""round"":5,""recipient"":""01HWBB6RNVBVZ5FYZ703VJ703B"",""sender"":{""id"":""01HWBB71RK3APRVKY8GC2YRCYY"",""name"":""player 2""}},{""text"":""4 rabbits 1 squirrel"",""likes"":{},""time"":1714073417226,""round"":5,""recipient"":""01HWBB71RK3APRVKY8GC2YRCYY"",""sender"":{""id"":""01HWBB7WR1AY6378C9S40HE1S6"",""name"":""player 3""}},{""text"":""12 rabbits and 6 squirrels in total so far. ive been adding the results from each neighbor ive talked to"",""likes"":{},""time"":1714073425322,""round"":5,""recipient"":""01HWBB7WR1AY6378C9S40HE1S6"",""sender"":{""id"":""01HWBBCW10WZ1JNZ5GN5N8K9S6"",""name"":""player 4""}},{""text"":""2 squirrels 3 rabbits"",""likes"":{},""time"":1714073465504,""round"":6,""recipient"":""01HWBB71RK3APRVKY8GC2YRCYY"",""sender"":{""id"":""01HWBB6RNVBVZ5FYZ703VJ703B"",""name"":""player 1""}},{""text"":""1 squirrel 4 rabbits"",""likes"":{},""time"":1714073479045,""round"":6,""recipient"":""01HWBB7WR1AY6378C9S40HE1S6"",""sender"":{""id"":""01HWBB71RK3APRVKY8GC2YRCYY"",""name"":""player 2""}},{""text"":""4 rabbits 1 squirrel"",""likes"":{},""time"":1714073478994,""round"":6,""recipient"":""01HWBBCW10WZ1JNZ5GN5N8K9S6"",""sender"":{""id"":""01HWBB7WR1AY6378C9S40HE1S6"",""name"":""player 3""}},{""text"":""i see 2 squirrels and 3 rabbits, and one other neighbor saw the same thing"",""likes"":{},""time"":1714073483587,""round"":6,""recipient"":""01HWBB6RNVBVZ5FYZ703VJ703B"",""sender"":{""id"":""01HWBBCW10WZ1JNZ5GN5N8K9S6"",""name"":""player 4""}},{""text"":""2 squirrels 3 rabbits"",""likes"":{},""time"":1714073525218,""round"":7,""recipient"":""01HWBB7WR1AY6378C9S40HE1S6"",""sender"":{""id"":""01HWBB6RNVBVZ5FYZ703VJ703B"",""name"":""player 1""}},{""text"":""1 squirrel 4 rabbits"",""likes"":{},""time"":1714073532960,""round"":7,""recipient"":""01HWBBCW10WZ1JNZ5GN5N8K9S6"",""sender"":{""id"":""01HWBB71RK3APRVKY8GC2YRCYY"",""name"":""player 2""}},{""text"":""4 rabbits 1 squirrel"",""likes"":{},""time"":1714073534645,""round"":7,""recipient"":""01HWBB6RNVBVZ5FYZ703VJ703B"",""sender"":{""id"":""01HWBB7WR1AY6378C9S40HE1S6"",""name"":""player 3""}},{""text"":""2 squirel 3 rabbit"",""likes"":{},""time"":1714073541021,""round"":7,""recipient"":""01HWBB71RK3APRVKY8GC2YRCYY"",""sender"":{""id"":""01HWBBCW10WZ1JNZ5GN5N8K9S6"",""name"":""player 4""}},{""text"":""2 squirrels 3 rabbits"",""likes"":{},""time"":1714073581006,""round"":8,""recipient"":""01HWBBCW10WZ1JNZ5GN5N8K9S6"",""sender"":{""id"":""01HWBB6RNVBVZ5FYZ703VJ703B"",""name"":""player 1""}},{""text"":""1 squirrel 4 rabbits"",""likes"":{},""time"":1714073586110,""round"":8,""recipient"":""01HWBB6RNVBVZ5FYZ703VJ703B"",""sender"":{""id"":""01HWBB71RK3APRVKY8GC2YRCYY"",""name"":""player 2""}},{""text"":""4 rabbits 1 squirrel"",""likes"":{},""time"":1714073590478,""round"":8,""recipient"":""01HWBB71RK3APRVKY8GC2YRCYY"",""sender"":{""id"":""01HWBB7WR1AY6378C9S40HE1S6"",""name"":""player 3""}},{""text"":""2 squirel 3 rabbit"",""likes"":{},""time"":1714073591157,""round"":8,""recipient"":""01HWBB7WR1AY6378C9S40HE1S6"",""sender"":{""id"":""01HWBBCW10WZ1JNZ5GN5N8K9S6"",""name"":""player 4""}},{""text"":""2 squirrels 3 rabbits"",""likes"":{},""time"":1714073634058,""round"":9,""recipient"":""01HWBB71RK3APRVKY8GC2YRCYY"",""sender"":{""id"":""01HWBB6RNVBVZ5FYZ703VJ703B"",""name"":""player 1""}},{""text"":""4 rabbits 1 squirrel"",""likes"":{},""time"":1714073638586,""round"":9,""recipient"":""01HWBBCW10WZ1JNZ5GN5N8K9S6"",""sender"":{""id"":""01HWBB7WR1AY6378C9S40HE1S6"",""name"":""player 3""}},{""text"":""1 squirrel 4 rabbit"",""likes"":{},""time"":1714073641440,""round"":9,""recipient"":""01HWBB7WR1AY6378C9S40HE1S6"",""sender"":{""id"":""01HWBB71RK3APRVKY8GC2YRCYY"",""name"":""player 2""}},{""text"":""2 squirel 3 rabbit"",""likes"":{},""time"":1714073649170,""round"":9,""recipient"":""01HWBB6RNVBVZ5FYZ703VJ703B"",""sender"":{""id"":""01HWBBCW10WZ1JNZ5GN5N8K9S6"",""name"":""player 4""}},{""text"":""2 squirel 3 rabbit"",""likes"":{},""time"":1714073693049,""round"":10,""recipient"":""01HWBB71RK3APRVKY8GC2YRCYY"",""sender"":{""id"":""01HWBBCW10WZ1JNZ5GN5N8K9S6"",""name"":""player 4""}},{""text"":""2 squirrels 3 rabbits"",""likes"":{},""time"":1714073691751,""round"":10,""recipient"":""01HWBB7WR1AY6378C9S40HE1S6"",""sender"":{""id"":""01HWBB6RNVBVZ5FYZ703VJ703B"",""name"":""player 1""}},{""text"":""4 rabbits 1 squirrel"",""likes"":{},""time"":1714073694082,""round"":10,""recipient"":""01HWBB6RNVBVZ5FYZ703VJ703B"",""sender"":{""id"":""01HWBB7WR1AY6378C9S40HE1S6"",""name"":""player 3""}},{""text"":""1 squir 4 rab"",""likes"":{},""time"":1714073701991,""round"":10,""recipient"":""01HWBBCW10WZ1JNZ5GN5N8K9S6"",""sender"":{""id"":""01HWBB71RK3APRVKY8GC2YRCYY"",""name"":""player 2""}},{""text"":""2 squirel 3 rabbit"",""likes"":{},""time"":1714073751354,""round"":11,""recipient"":""01HWBB7WR1AY6378C9S40HE1S6"",""sender"":{""id"":""01HWBBCW10WZ1JNZ5GN5N8K9S6"",""name"":""player 4""}},{""text"":""2 squirrels 3 rabbits"",""likes"":{},""time"":1714073749881,""round"":11,""recipient"":""01HWBBCW10WZ1JNZ5GN5N8K9S6"",""sender"":{""id"":""01HWBB6RNVBVZ5FYZ703VJ703B"",""name"":""player 1""}},{""text"":""4 rabbits 1 squirrel"",""likes"":{},""time"":1714073751786,""round"":11,""recipient"":""01HWBB71RK3APRVKY8GC2YRCYY"",""sender"":{""id"":""01HWBB7WR1AY6378C9S40HE1S6"",""name"":""player 3""}},{""text"":""1 squir 4 rab"",""likes"":{},""time"":1714073756587,""round"":11,""recipient"":""01HWBB6RNVBVZ5FYZ703VJ703B"",""sender"":{""id"":""01HWBB71RK3APRVKY8GC2YRCYY"",""name"":""player 2""}},{""text"":""2 squirrels 3 rabbits"",""likes"":{},""time"":1714073800710,""round"":12,""recipient"":""01HWBB71RK3APRVKY8GC2YRCYY"",""sender"":{""id"":""01HWBB6RNVBVZ5FYZ703VJ703B"",""name"":""player 1""}},{""text"":""4 rabbits 1 squirrel"",""likes"":{},""time"":1714073802706,""round"":12,""recipient"":""01HWBBCW10WZ1JNZ5GN5N8K9S6"",""sender"":{""id"":""01HWBB7WR1AY6378C9S40HE1S6"",""name"":""player 3""}},{""text"":""2 squirel 3 rabbit"",""likes"":{},""time"":1714073803897,""round"":12,""recipient"":""01HWBB6RNVBVZ5FYZ703VJ703B"",""sender"":{""id"":""01HWBBCW10WZ1JNZ5GN5N8K9S6"",""name"":""player 4""}},{""text"":""1 squir 4 rab"",""likes"":{},""time"":1714073807847,""round"":12,""recipient"":""01HWBB7WR1AY6378C9S40HE1S6"",""sender"":{""id"":""01HWBB71RK3APRVKY8GC2YRCYY"",""name"":""player 2""}}]",2024-04-25T19:36:45.059730352Z
01HWBBDTRBEF7YA4SAYZSD7XET,,,"{""condition"":""slider"",""opinion"":""slider"",""playerCount"":4,""trueP"":0.3}",2024-04-25T19:23:57.579353432Z,true,2024-04-25T19:38:55.27314213Z,01HWBBN0TRRS4M1S46KPB8MSRT,2024-04-25T19:27:53.183846798Z,ended,2024-04-25T19:38:55.288420301Z,true,2024-04-25T19:32:53.185734185Z,end of game,2024-04-25T19:38:55.288420301Z,01HWBBDTQR13PDZE5MX04YB18Q,2024-04-25T19:23:57.579353432Z,01HWBBDTRJWFQ7486GBNQ0TQX8,2024-04-25T19:23:57.590665324Z,11,2024-04-25T19:32:53.252739162Z,rerun-slider- 0.3,2024-04-25T19:23:57.579353432Z,,2024-04-25T19:38:55.27314213Z,,
01HWBBPTM79PB5Q4WSXE3YP5VV,,,"{""condition"":""slider"",""opinion"":""slider"",""playerCount"":4,""trueP"":0.3}",2024-04-25T19:28:52.359309759Z,false,2024-04-25T19:28:52.359309759Z,,,,,false,2024-04-25T19:28:52.359309759Z,,,01HWBBPTKT9140KWHNR9JTNRW5,2024-04-25T19:28:52.359309759Z,01HWBBPTMG4YV0NGTD70HQZNXA,2024-04-25T19:28:52.372077036Z,,,rerun-slider- 0.3,2024-04-25T19:28:52.359309759Z,,,,
