﻿id,exitStep,exitStepLastChangedAt,treatment,treatmentLastChangedAt,treatmentName,treatmentNameLastChangedAt,participantIdentifier,participantIdentifierLastChangedAt,gameID,gameIDLastChangedAt,intro,introLastChangedAt,recipient,recipientLastChangedAt,emojiArray,emojiArrayLastChangedAt,participantID,participantIDLastChangedAt,urlParams,urlParamsLastChangedAt,name,nameLastChangedAt,exitSurvey,exitSurveyLastChangedAt,introDone,introDoneLastChangedAt,ended,endedLastChangedAt
01HWBA3A7V3YT5FS2XTCCE1P1T,1,2024-04-25T19:10:30.585184253Z,"{""condition"":""interactive"",""opinion"":""slider"",""playerCount"":4,""trueP"":0.7}",2024-04-25T19:00:44.423115711Z,rerun-interactive- 0.7,2024-04-25T19:00:44.423115711Z,5edbd365d53ee707632a8ac9,2024-04-25T19:00:44.411831251Z,01HWB9SVS4SMWJV23JC4ZSHMT9,2024-04-25T19:00:44.423115711Z,4,2024-04-25T19:02:09.50250119Z,01HWBAAK6WPSQEHZQW9D1MKCCV,2024-04-25T19:09:16.800605647Z,"[""🐿️"",""🐇"",""🐇"",""                                   "",""🐇"",""🐿️""]",2024-04-25T19:07:13.962102012Z,01HWBA39MHB2VGV645MAD0S9FW,2024-04-25T19:00:44.411831251Z,{},2024-04-25T19:00:44.727686002Z,player 1,2024-04-25T19:07:13.962102012Z,"{""age"":""25"",""gender"":""male"",""strength"":""i had great strength, others did not"",""fair"":""not sure yet"",""feedback"":""no one responded to me ;("",""education"":""other"",""teammates"":""no one typed an answer to me so n/a"",""notes"":""no one said anything to me"",""politics"":""n/a"",""geo"":""uk"",""ethnicity"":""mixed""}",2024-04-25T19:10:30.584123714Z,true,2024-04-25T19:02:13.877158816Z,game terminated,2024-04-25T19:09:48.259865267Z
01HWBA5MRGQX7FHN61Y2K8FH83,1,2024-04-25T19:11:16.050955363Z,"{""condition"":""interactive"",""opinion"":""slider"",""playerCount"":4,""trueP"":0.7}",2024-04-25T19:02:00.728435504Z,rerun-interactive- 0.7,2024-04-25T19:02:00.728435504Z,5f4f29b8c154ed17df64546b,2024-04-25T19:02:00.720538348Z,01HWB9SVS34WVVX651QBHPKKY0,2024-04-25T19:02:00.728435504Z,4,2024-04-25T19:03:30.608948457Z,01HWBABKET37DZYJ7E3NHVVX2G,2024-04-25T19:09:26.363217951Z,"[""🐇"",""🐿️"",""🐇"",""                                   ""]",2024-04-25T19:08:34.57446224Z,01HWBA5MJCY5W8YJM7BK19C884,2024-04-25T19:02:00.720538348Z,{},2024-04-25T19:02:00.833812615Z,player 1,2024-04-25T19:08:34.57446224Z,"{""age"":""27"",""gender"":""Female"",""strength"":""I was honest"",""fair"":""Yes"",""feedback"":""I don't know if the whole survey worked?"",""education"":""master"",""teammates"":""I don't know"",""notes"":""I did not get a response"",""politics"":""Liberal"",""geo"":""American"",""ethnicity"":""White""}",2024-04-25T19:11:16.050195957Z,true,2024-04-25T19:03:34.381589623Z,game terminated,2024-04-25T19:09:48.259865267Z
01HWBA7WEFDBN020M266RQ5D9B,1,2024-04-25T19:10:59.04960004Z,"{""condition"":""interactive"",""opinion"":""slider"",""playerCount"":4,""trueP"":0.7}",2024-04-25T19:03:14.137456683Z,rerun-interactive- 0.7,2024-04-25T19:03:14.137456683Z,60185b020c29360c5588cf22,2024-04-25T19:03:14.12738121Z,01HWB9SVS34WVVX651QBHPKKY0,2024-04-25T19:03:14.137456683Z,3,2024-04-25T19:08:24.985780539Z,01HWBABXZMSNR5EBTHEF3JBER9,2024-04-25T19:09:26.363217951Z,"[""🐇"",""🐇"",""                                   ""]",2024-04-25T19:08:34.57446224Z,01HWBA7W45QF855M07GJTP83KP,2024-04-25T19:03:14.12738121Z,{},2024-04-25T19:03:14.315901724Z,player 2,2024-04-25T19:08:34.57446224Z,"{""age"":""28"",""gender"":""Male"",""strength"":""Very good. I was able to clearly identify the animals on my screen."",""fair"":""Yes, but I wish I could actually play the game. The game ended after the practice round."",""feedback"":""The game automatically ended after the practice round. If you would like me to take this test again do let me know & please look at your other survey completion forms because I'm sure others might encounter this problem too."",""education"":""bachelor"",""teammates"":""I did not get a chance to communicate with them or hear their thoughts."",""notes"":""I did not get a chance to complete the game. There was a practice round and it said N/A for the timer. I finished the practice and I got a message saying I passed the practice round. I was waiting for the actual game to start but I got redirected to this survey form."",""politics"":""Conservative"",""geo"":""Canada"",""ethnicity"":""Indian""}",2024-04-25T19:10:59.048168165Z,,,game terminated,2024-04-25T19:09:48.259865267Z
01HWBA972AJ49NS7ZD8BF4DTCH,1,2024-04-25T19:10:49.005765309Z,"{""condition"":""interactive"",""opinion"":""slider"",""playerCount"":4,""trueP"":0.7}",2024-04-25T19:03:57.777940342Z,rerun-interactive- 0.7,2024-04-25T19:03:57.777940342Z,6501f545abe768142f469b08,2024-04-25T19:03:57.770679973Z,01HWB9SVS34WVVX651QBHPKKY0,2024-04-25T19:03:57.777940342Z,4,2024-04-25T19:06:45.091839873Z,01HWBAEJ2C51JGVCYQRZHD39Q6,2024-04-25T19:09:26.363217951Z,"[""🐇"",""                                   "",""🐇""]",2024-04-25T19:08:34.57446224Z,01HWBA96SS3AK1N5EQPTZWPGBJ,2024-04-25T19:03:57.770679973Z,{},2024-04-25T19:03:57.917497753Z,player 3,2024-04-25T19:08:34.57446224Z,"{""age"":""35"",""gender"":""Male"",""strength"":""Weak"",""fair"":""yes"",""feedback"":""I was not sure if everyone was participating. "",""education"":""high-school"",""teammates"":""Yes"",""notes"":""No"",""politics"":""n/a"",""geo"":""Canada"",""ethnicity"":""Asian""}",2024-04-25T19:10:49.004289477Z,true,2024-04-25T19:06:47.700267222Z,game terminated,2024-04-25T19:09:48.259865267Z
01HWBAAK6WPSQEHZQW9D1MKCCV,,,"{""condition"":""interactive"",""opinion"":""slider"",""playerCount"":4,""trueP"":0.7}",2024-04-25T19:04:42.981028512Z,rerun-interactive- 0.7,2024-04-25T19:04:42.981028512Z,65523736bafd3ec3b19c2141,2024-04-25T19:04:42.972175474Z,01HWB9SVS4SMWJV23JC4ZSHMT9,2024-04-25T19:04:42.981028512Z,2,2024-04-25T19:06:28.905557097Z,01HWBACYHBBN6M2RNFT6RVDYME,2024-04-25T19:09:16.800605647Z,"[""🐇"",""🐇"",""🐇"",""🐇"",""🐇"",""🐇"",""🐇"",""                                   "",""🐇"",""🐿️"",""🐿️"",""🐿️"",""🐇"",""🐿️""]",2024-04-25T19:07:13.962102012Z,01HWBAAJT22ACK30Y6TW1B50G1,2024-04-25T19:04:42.972175474Z,{},2024-04-25T19:04:43.192722288Z,player 2,2024-04-25T19:07:13.962102012Z,,,,,game terminated,2024-04-25T19:09:48.259865267Z
01HWBABKET37DZYJ7E3NHVVX2G,1,2024-04-25T19:09:16.247492155Z,"{""condition"":""interactive"",""opinion"":""slider"",""playerCount"":4,""trueP"":0.7}",2024-04-25T19:05:16.003194482Z,rerun-interactive- 0.7,2024-04-25T19:05:16.003194482Z,5d3df88c6a5b1e0001a91d8d,2024-04-25T19:05:15.994676197Z,01HWB9SVS34WVVX651QBHPKKY0,2024-04-25T19:05:16.003194482Z,1,2024-04-25T19:05:49.334839408Z,01HWBAEKTGGHNTQXVW4V9SYC2R,2024-04-25T19:09:26.363217951Z,"[""                                   "",""🐇"",""🐇"",""🐇""]",2024-04-25T19:08:34.57446224Z,01HWBABJT6KEAACH4JX43VKDE0,2024-04-25T19:05:15.994676197Z,{},2024-04-25T19:05:16.326804626Z,player 4,2024-04-25T19:08:34.57446224Z,"{""age"":""23"",""gender"":""Female"",""strength"":"""",""fair"":"""",""feedback"":"""",""education"":""bachelor"",""teammates"":"""",""notes"":"""",""politics"":""Left"",""geo"":""British"",""ethnicity"":""Black""}",2024-04-25T19:09:16.246298968Z,,,game terminated,2024-04-25T19:09:48.259865267Z
01HWBABXZMSNR5EBTHEF3JBER9,1,2024-04-25T19:12:51.363257292Z,"{""condition"":""interactive"",""opinion"":""slider"",""playerCount"":4,""trueP"":0.7}",2024-04-25T19:05:26.783044733Z,rerun-interactive- 0.7,2024-04-25T19:05:26.783044733Z,5f18734cc413fc04775c1344,2024-04-25T19:05:26.773002192Z,01HWB9SVS34WVVX651QBHPKKY0,2024-04-25T19:05:26.783044733Z,2,2024-04-25T19:08:23.763914134Z,01HWBAH475G2EGG93V3TXRDPKA,2024-04-25T19:09:26.363217951Z,"[""🐿️"",""                                   "",""🐿️""]",2024-04-25T19:08:34.57446224Z,01HWBABXNPCK3HWWP1SPPMKD2N,2024-04-25T19:05:26.773002192Z,{},2024-04-25T19:05:26.93882254Z,player 5,2024-04-25T19:08:34.57446224Z,"{""age"":""42"",""gender"":""Male"",""strength"":""The only winning move is not to play."",""fair"":""If I get full payment for not playing, yep."",""feedback"":""It skipped the whole game. It stayed on the practice screen for a couple of seconds then loaded the exit survey, skipping the whole game. Using Chrome on Windows 10. I Disabled my Ublock Origin as well as my Pihole adblockers on the screen that asked me to turn it off."",""education"":""other"",""teammates"":""I have no idea, I never talked to any of them."",""notes"":""I don't know what happened but It went straight from the practice screen to the end, skipping the whole game."",""politics"":""Liberal"",""geo"":""USA"",""ethnicity"":""White""}",2024-04-25T19:12:51.362507948Z,,,game terminated,2024-04-25T19:09:48.259865267Z
01HWBACYHBBN6M2RNFT6RVDYME,,,"{""condition"":""interactive"",""opinion"":""slider"",""playerCount"":4,""trueP"":0.7}",2024-04-25T19:06:00.115574064Z,rerun-interactive- 0.7,2024-04-25T19:06:00.115574064Z,56c6fd07b0b7a1000d5cf899,2024-04-25T19:06:00.108021282Z,01HWB9SVS4SMWJV23JC4ZSHMT9,2024-04-25T19:06:00.115574064Z,2,2024-04-25T19:07:12.769786041Z,01HWBA3A7V3YT5FS2XTCCE1P1T,2024-04-25T19:09:16.800605647Z,"[""🐇"",""                                   "",""🐇""]",2024-04-25T19:07:13.962102012Z,01HWBACXXS4NMBZVCWYW98YXCN,2024-04-25T19:06:00.108021282Z,{},2024-04-25T19:06:00.422787975Z,player 3,2024-04-25T19:07:13.962102012Z,,,,,game terminated,2024-04-25T19:09:48.259865267Z
01HWBAEJ2C51JGVCYQRZHD39Q6,1,2024-04-25T19:11:04.202059129Z,"{""condition"":""interactive"",""opinion"":""slider"",""playerCount"":4,""trueP"":0.7}",2024-04-25T19:06:52.88423378Z,rerun-interactive- 0.7,2024-04-25T19:06:52.88423378Z,6147e7b3962dd3db1870eea1,2024-04-25T19:06:52.876372987Z,01HWB9SVS34WVVX651QBHPKKY0,2024-04-25T19:06:52.88423378Z,3,2024-04-25T19:07:45.52142403Z,01HWBAHG5S80H9CCFQ14YMWGPJ,2024-04-25T19:09:26.363217951Z,"[""🐇"",""🐿️"",""                                   ""]",2024-04-25T19:08:34.57446224Z,01HWBAEHKCZN4N5JBANDG9F4Z5,2024-04-25T19:06:52.876372987Z,{},2024-04-25T19:06:53.080176911Z,player 6,2024-04-25T19:08:34.57446224Z,"{""age"":""28"",""gender"":""m"",""strength"":""I would love to attempt the game to find out."",""fair"":""No idea."",""feedback"":""may have encountered a bug as it brought staright to the end"",""education"":""bachelor"",""teammates"":""No idea as it brought me to the end of page for some reason."",""notes"":""No, I did not"",""politics"":""N/A"",""geo"":""Canadian"",""ethnicity"":""chinese""}",2024-04-25T19:11:04.200050501Z,,,game terminated,2024-04-25T19:09:48.259865267Z
01HWBAEKTGGHNTQXVW4V9SYC2R,1,2024-04-25T19:09:01.892519531Z,"{""condition"":""interactive"",""opinion"":""slider"",""playerCount"":4,""trueP"":0.7}",2024-04-25T19:06:54.678266452Z,rerun-interactive- 0.7,2024-04-25T19:06:54.678266452Z,5aeaf3c226b6680001698375,2024-04-25T19:06:54.672208749Z,01HWB9SVS34WVVX651QBHPKKY0,2024-04-25T19:06:54.678266452Z,2,2024-04-25T19:08:19.500825498Z,01HWBA5MRGQX7FHN61Y2K8FH83,2024-04-25T19:09:26.363217951Z,"[""                                   "",""🐇"",""🐇""]",2024-04-25T19:08:34.57446224Z,01HWBAEK6FA29V1N3R299NT52G,2024-04-25T19:06:54.672208749Z,{},2024-04-25T19:06:55.017327675Z,player 7,2024-04-25T19:08:34.57446224Z,"{""age"":""38"",""gender"":"""",""strength"":"""",""fair"":"""",""feedback"":"""",""education"":""master"",""teammates"":"""",""notes"":"""",""politics"":"""",""geo"":"""",""ethnicity"":""""}",2024-04-25T19:09:01.891630408Z,,,game terminated,2024-04-25T19:09:48.259865267Z
01HWBAH475G2EGG93V3TXRDPKA,1,2024-04-25T19:09:34.945720494Z,"{""condition"":""interactive"",""opinion"":""slider"",""playerCount"":4,""trueP"":0.7}",2024-04-25T19:08:17.011701595Z,rerun-interactive- 0.7,2024-04-25T19:08:17.011701595Z,6605c26803e0ed0bb5cdd951,2024-04-25T19:08:16.998019886Z,01HWB9SVS34WVVX651QBHPKKY0,2024-04-25T19:08:17.011701595Z,,,01HWBA7WEFDBN020M266RQ5D9B,2024-04-25T19:09:26.363217951Z,"[""🐇"",""                                   "",""🐿️""]",2024-04-25T19:08:34.57446224Z,01HWBAH3W3DR2FSATXRJJDS3NH,2024-04-25T19:08:16.998019886Z,{},2024-04-25T19:08:17.193681002Z,player 8,2024-04-25T19:08:34.57446224Z,"{""age"":""50"",""gender"":""female"",""strength"":"""",""fair"":"""",""feedback"":""Study did not load properly"",""education"":""master"",""teammates"":"""",""notes"":"""",""politics"":""liberal"",""geo"":""canadian"",""ethnicity"":""white""}",2024-04-25T19:09:34.946490455Z,,,game terminated,2024-04-25T19:09:48.259865267Z
01HWBAHG5S80H9CCFQ14YMWGPJ,1,2024-04-25T19:09:03.129843314Z,"{""condition"":""interactive"",""opinion"":""slider"",""playerCount"":4,""trueP"":0.7}",2024-04-25T19:08:29.254160306Z,rerun-interactive- 0.7,2024-04-25T19:08:29.254160306Z,5fd315b7f2515a150aad2a10,2024-04-25T19:08:29.241871266Z,01HWB9SVS34WVVX651QBHPKKY0,2024-04-25T19:08:29.254160306Z,1,2024-04-25T19:08:34.92237708Z,01HWBA972AJ49NS7ZD8BF4DTCH,2024-04-25T19:09:26.363217951Z,"[""🐇"",""                                   "",""🐿️""]",2024-04-25T19:08:34.57446224Z,01HWBAHFT0JCMTV506RAGPGS1R,2024-04-25T19:08:29.241871266Z,{},2024-04-25T19:08:29.484993074Z,player 9,2024-04-25T19:08:34.57446224Z,"{""age"":""23"",""gender"":"""",""strength"":"""",""fair"":"""",""feedback"":"""",""education"":""bachelor"",""teammates"":"""",""notes"":"""",""politics"":"""",""geo"":"""",""ethnicity"":""""}",2024-04-25T19:09:03.119036759Z,,,game terminated,2024-04-25T19:09:48.259865267Z
01HWBAHS6Y5EHGYXJH29FG810J,1,2024-04-25T19:10:54.584171826Z,"{""condition"":""interactive"",""opinion"":""slider"",""playerCount"":4,""trueP"":0.7}",2024-04-25T19:08:38.50126852Z,rerun-interactive- 0.7,2024-04-25T19:08:38.50126852Z,5abe6df4e734400001d9fb26,2024-04-25T19:08:38.494483813Z,01HWB9WJEDVZQK46A6JW3N8WXT,2024-04-25T19:08:38.50126852Z,1,2024-04-25T19:08:42.368607516Z,,,,,01HWBAHRKTQSWGNGAT4GKJ1YPY,2024-04-25T19:08:38.494483813Z,{},2024-04-25T19:08:38.832958056Z,,,"{""age"":""46"",""gender"":""Female"",""strength"":""I don't know I didn't get to play!"",""fair"":""I don't know I didn't get to play!"",""feedback"":""I didn't get to play!"",""education"":""master"",""teammates"":""I don't know I didn't get to play!"",""notes"":""It has just jumped to this last page without anything else!"",""politics"":""Left"",""geo"":""UK"",""ethnicity"":""White British""}",2024-04-25T19:10:54.58486734Z,,,game terminated,2024-04-25T19:09:59.012647754Z
01HWBAJ3ZZF55ZW4T15PMS5BGH,1,2024-04-25T19:10:24.803658256Z,"{""condition"":""interactive"",""opinion"":""slider"",""playerCount"":4,""trueP"":0.7}",2024-04-25T19:08:49.544176338Z,rerun-interactive- 0.7,2024-04-25T19:08:49.544176338Z,59a800138ae07f0001b134c8,2024-04-25T19:08:49.535892303Z,01HWB9WJEDVZQK46A6JW3N8WXT,2024-04-25T19:08:49.544176338Z,1,2024-04-25T19:08:54.916372099Z,,,,,01HWBAJ3C8DHYSVRFB8WWCSHHX,2024-04-25T19:08:49.535892303Z,{},2024-04-25T19:08:49.856434554Z,,,"{""age"":"""",""gender"":"""",""strength"":"""",""fair"":"""",""feedback"":"""",""education"":"""",""teammates"":"""",""notes"":"""",""politics"":"""",""geo"":"""",""ethnicity"":""""}",2024-04-25T19:10:24.801373097Z,,,game terminated,2024-04-25T19:09:59.012647754Z
01HWBAJ4EE4XK27J6KP4HQHWG0,1,2024-04-25T19:12:50.728370348Z,"{""condition"":""interactive"",""opinion"":""slider"",""playerCount"":4,""trueP"":0.7}",2024-04-25T19:08:50.004253389Z,rerun-interactive- 0.7,2024-04-25T19:08:50.004253389Z,652d70aa9861e1b3f7bd780a,2024-04-25T19:08:49.998611158Z,01HWB9WJEDVZQK46A6JW3N8WXT,2024-04-25T19:08:50.004253389Z,,,,,,,01HWBAJ47TYPVXA0TVAEM15K5W,2024-04-25T19:08:49.998611158Z,{},2024-04-25T19:08:50.103183082Z,,,"{""age"":""28"",""gender"":""Female"",""strength"":"""",""fair"":"""",""feedback"":"""",""education"":""high-school"",""teammates"":"""",""notes"":"""",""politics"":""Left"",""geo"":"""",""ethnicity"":""Caucasian""}",2024-04-25T19:12:50.725451952Z,,,game terminated,2024-04-25T19:09:59.012647754Z
01HWBAJ6NTFE4N55FZQQCSRF0Q,,,"{""condition"":""interactive"",""opinion"":""slider"",""playerCount"":4,""trueP"":0.7}",2024-04-25T19:08:52.289236069Z,rerun-interactive- 0.7,2024-04-25T19:08:52.289236069Z,62b0b9d60841bfa66838f436,2024-04-25T19:08:52.28295984Z,01HWB9WJEDVZQK46A6JW3N8WXT,2024-04-25T19:08:52.289236069Z,1,2024-04-25T19:09:02.975942437Z,,,,,01HWBAJ69074B9R01AC7X88JN2,2024-04-25T19:08:52.28295984Z,{},2024-04-25T19:08:52.515027673Z,,,,,,,game terminated,2024-04-25T19:09:59.012647754Z
01HWBANW6ERJ793N1G4JPCP9CG,,,"{""condition"":""interactive"",""opinion"":""slider"",""playerCount"":4,""trueP"":0.7}",2024-04-25T19:10:52.630931827Z,rerun-interactive- 0.7,2024-04-25T19:10:52.630931827Z,5ef8aa9b55ec476081b348bf,2024-04-25T19:10:52.622820677Z,01HWBAKZG34EDAK3G3QTW1T8K8,2024-04-25T19:10:52.630931827Z,4,2024-04-25T19:13:20.817080743Z,01HWBATKFATVXH6DD8YMF5WNTN,2024-04-25T19:18:14.709801534Z,"[""🐿️"",""🐇"",""🐇"",""                                   ""]",2024-04-25T19:18:13.934504952Z,01HWBANVHG8H6VPFNDXMZ1R6GR,2024-04-25T19:10:52.622820677Z,{},2024-04-25T19:10:53.182011395Z,player 1,2024-04-25T19:18:13.934504952Z,,,true,2024-04-25T19:13:27.731127853Z,game terminated,2024-04-25T19:18:21.316851074Z
01HWBAPXAPADKNB0SKZJMBBF60,1,2024-04-25T19:19:50.695136589Z,"{""condition"":""interactive"",""opinion"":""slider"",""playerCount"":4,""trueP"":0.7}",2024-04-25T19:11:26.560316912Z,rerun-interactive- 0.7,2024-04-25T19:11:26.560316912Z,60cf8e9061eea6080907595a,2024-04-25T19:11:26.550961679Z,01HWBAKZG34EDAK3G3QTW1T8K8,2024-04-25T19:11:26.560316912Z,4,2024-04-25T19:15:19.455863811Z,01HWBAZFCEPJHW3JC88VRYY7T9,2024-04-25T19:18:14.709801534Z,"[""🐇"",""🐇"",""🐇"",""🐿️"",""🐇"",""🐇"",""🐿️"",""                                   "",""🐇"",""🐿️""]",2024-04-25T19:18:13.934504952Z,01HWBAPWKXD5KA5EA3CHDMTD9Q,2024-04-25T19:11:26.550961679Z,{},2024-04-25T19:11:27.080107226Z,player 2,2024-04-25T19:18:13.934504952Z,"{""age"":""27"",""gender"":""Feminine"",""strength"":""good"",""fair"":""yes"",""feedback"":""Thank you"",""education"":""other"",""teammates"":""yes"",""notes"":""No"",""politics"":""No"",""geo"":""English"",""ethnicity"":""English""}",2024-04-25T19:19:50.691825846Z,true,2024-04-25T19:15:43.177215442Z,game terminated,2024-04-25T19:18:21.316851074Z
01HWBASEGCHSN6J1HY6DX8SKG0,,,"{""condition"":""interactive"",""opinion"":""slider"",""playerCount"":4,""trueP"":0.7}",2024-04-25T19:22:21.504139135Z,rerun-interactive- 0.7,2024-04-25T19:22:21.504139135Z,5e6ce333d3333928c8e8c903,2024-04-25T19:12:49.67639681Z,,2024-04-25T19:26:00.74652821Z,1,2024-04-25T19:12:55.505454883Z,,,,,01HWBASDVN54PFX69TX5BWPHK4,2024-04-25T19:12:49.67639681Z,{},2024-04-25T19:12:50.00524194Z,,,,,,,no more games,2024-04-25T19:26:01.878733912Z
01HWBATKFATVXH6DD8YMF5WNTN,1,2024-04-25T19:19:59.622681522Z,"{""condition"":""interactive"",""opinion"":""slider"",""playerCount"":4,""trueP"":0.7}",2024-04-25T19:13:27.539368873Z,rerun-interactive- 0.7,2024-04-25T19:13:27.539368873Z,65ae75b0066b2d1c8156bae2,2024-04-25T19:13:27.530688367Z,01HWBAKZG34EDAK3G3QTW1T8K8,2024-04-25T19:13:27.539368873Z,4,2024-04-25T19:17:04.654668371Z,01HWBANW6ERJ793N1G4JPCP9CG,2024-04-25T19:18:14.709801534Z,"[""                                   "",""🐇"",""🐇"",""🐿️""]",2024-04-25T19:18:13.934504952Z,01HWBATJPTNM0QH5N0Z0EXJ245,2024-04-25T19:13:27.530688367Z,{},2024-04-25T19:13:28.053847379Z,player 3,2024-04-25T19:18:13.934504952Z,"{""age"":""26"",""gender"":""female"",""strength"":""needs more work as i wasnt able to play it "",""fair"":""no"",""feedback"":""the moment i tried to enter text during the game i got kicked out to this screen :c"",""education"":""bachelor"",""teammates"":""no one played"",""notes"":""it kicked me out of the game i didnt even get to answer once "",""politics"":""slightly left"",""geo"":""polish"",""ethnicity"":""white""}",2024-04-25T19:19:59.622127113Z,true,2024-04-25T19:17:15.270172818Z,game terminated,2024-04-25T19:18:21.316851074Z
01HWBAZFCEPJHW3JC88VRYY7T9,1,2024-04-25T19:20:02.218678015Z,"{""condition"":""interactive"",""opinion"":""slider"",""playerCount"":4,""trueP"":0.7}",2024-04-25T19:16:07.194369591Z,rerun-interactive- 0.7,2024-04-25T19:16:07.194369591Z,6551174560b625b7eba199cd,2024-04-25T19:16:07.182712488Z,01HWBAKZG34EDAK3G3QTW1T8K8,2024-04-25T19:16:07.194369591Z,4,2024-04-25T19:18:08.82204829Z,01HWBAPXAPADKNB0SKZJMBBF60,2024-04-25T19:18:14.709801534Z,"[""                                   "",""🐇"",""🐿️"",""🐇"",""🐇"",""🐇""]",2024-04-25T19:18:13.934504952Z,01HWBAZF2XS427SQVPATAMYX2X,2024-04-25T19:16:07.182712488Z,{},2024-04-25T19:16:07.350472961Z,player 4,2024-04-25T19:18:13.934504952Z,"{""age"":""39"",""gender"":""Female"",""strength"":""n/a"",""fair"":""n/a"",""feedback"":""I was booted off immediately, did not have a chance to participate. "",""education"":""high-school"",""teammates"":""n/a"",""notes"":""The survey was only available for a few seconds, I did not have a chance to complete. "",""politics"":""Moderate "",""geo"":""Canada"",""ethnicity"":""Caucasian ""}",2024-04-25T19:20:02.215835504Z,true,2024-04-25T19:18:13.861137365Z,game terminated,2024-04-25T19:18:21.316851074Z
01HWBB27SFZPYZDKNB2GT8XRWN,,,"{""condition"":""interactive"",""opinion"":""slider"",""playerCount"":4,""trueP"":0.7}",2024-04-25T19:22:21.504139135Z,rerun-interactive- 0.7,2024-04-25T19:22:21.504139135Z,65312028afc1f6288c157cad,2024-04-25T19:17:37.711159717Z,,2024-04-25T19:26:00.74652821Z,1,2024-04-25T19:17:44.397781704Z,,,,,01HWBB27FBJ23KFBXG7X6CV6A1,2024-04-25T19:17:37.711159717Z,{},2024-04-25T19:17:37.879560141Z,,,,,,,no more games,2024-04-25T19:26:01.878733912Z
01HWBB486NBD382Y1A3S4T5VKH,1,2024-04-25T19:33:14.238034707Z,"{""condition"":""interactive"",""opinion"":""slider"",""playerCount"":4,""trueP"":0.7}",2024-04-25T19:18:43.676115458Z,rerun-interactive- 0.7,2024-04-25T19:18:43.676115458Z,60e7757520dc0764e2627016,2024-04-25T19:18:43.669442224Z,01HWBAVBVSZ2A3HW69KXVP3RF4,2024-04-25T19:18:43.676115458Z,4,2024-04-25T19:22:16.739982045Z,01HWBB4RR7JC615056BQWTD1RH,2024-04-25T19:30:52.003188057Z,"[""                                   "",""🐇"",""🐇"",""🐿️"",""🐿️"",""🐇""]",2024-04-25T19:22:21.579540097Z,01HWBB47KW3XHR1A9CQJZZFT88,2024-04-25T19:18:43.669442224Z,{},2024-04-25T19:18:43.972303515Z,player 1,2024-04-25T19:22:21.579540097Z,"{""age"":""21"",""gender"":""Female"",""strength"":""I think I got stronger as time went on as I was sharing my percentage estimates "",""fair"":""Yes (although I'd defo love a bonus)"",""feedback"":""No problems! I liked this survey, it had a friendly tone and I had fun doing it"",""education"":""other"",""teammates"":""Yes, they all seemed to be helpful and truthful!"",""notes"":""Yes, I took their responses into account "",""politics"":""Left"",""geo"":""London, UK"",""ethnicity"":""Mixed - White & Asian""}",2024-04-25T19:33:14.239277313Z,true,2024-04-25T19:22:21.480776077Z,game ended,2024-04-25T19:31:29.735868826Z
01HWBB4RR7JC615056BQWTD1RH,1,2024-04-25T19:32:04.634678301Z,"{""condition"":""interactive"",""opinion"":""slider"",""playerCount"":4,""trueP"":0.7}",2024-04-25T19:19:00.623282501Z,rerun-interactive- 0.7,2024-04-25T19:19:00.623282501Z,5f75e9c8b2863b2bb2cb78c2,2024-04-25T19:19:00.615306786Z,01HWBAVBVSZ2A3HW69KXVP3RF4,2024-04-25T19:19:00.623282501Z,4,2024-04-25T19:21:03.085344649Z,01HWBB5VECY2BRJCGJ72AKM6MQ,2024-04-25T19:30:52.003188057Z,"[""🐇"",""🐇"",""🐇"",""                                   "",""🐇"",""🐇"",""🐿️"",""🐿️"",""🐇""]",2024-04-25T19:22:21.579540097Z,01HWBB4RGCWXGQVS18810V3RXC,2024-04-25T19:19:00.615306786Z,{},2024-04-25T19:19:00.750021102Z,player 2,2024-04-25T19:22:21.579540097Z,"{""age"":""23"",""gender"":""female"",""strength"":""not bad"",""fair"":""yes"",""feedback"":"""",""education"":""bachelor"",""teammates"":""i think so"",""notes"":""no"",""politics"":""left"",""geo"":""usa"",""ethnicity"":""white""}",2024-04-25T19:32:04.633315946Z,true,2024-04-25T19:21:05.375660977Z,game ended,2024-04-25T19:31:29.735868826Z
01HWBB5VECY2BRJCGJ72AKM6MQ,1,2024-04-25T19:32:26.985490445Z,"{""condition"":""interactive"",""opinion"":""slider"",""playerCount"":4,""trueP"":0.7}",2024-04-25T19:19:36.146803157Z,rerun-interactive- 0.7,2024-04-25T19:19:36.146803157Z,5df4d9120562053642d5690f,2024-04-25T19:19:36.140260757Z,01HWBAVBVSZ2A3HW69KXVP3RF4,2024-04-25T19:19:36.146803157Z,4,2024-04-25T19:21:05.876076338Z,01HWBB643CA5NSRTWFSMPK4S53,2024-04-25T19:30:52.003188057Z,"[""🐇"",""🐇"",""                                   "",""🐿️"",""🐇""]",2024-04-25T19:22:21.579540097Z,01HWBB5V9V0C8F2PGHHXHD4WF5,2024-04-25T19:19:36.140260757Z,{},2024-04-25T19:19:36.355548505Z,player 3,2024-04-25T19:22:21.579540097Z,"{""age"":""38"",""gender"":""trans male"",""strength"":""Felt I was competent enough."",""fair"":""Yes!"",""feedback"":""One player did not respond."",""education"":""other"",""teammates"":""Yes"",""notes"":""Yes"",""politics"":""Democrat"",""geo"":""American"",""ethnicity"":""Rromani""}",2024-04-25T19:32:26.984252872Z,true,2024-04-25T19:21:08.833498767Z,game ended,2024-04-25T19:31:29.735868826Z
01HWBB643CA5NSRTWFSMPK4S53,1,2024-04-25T19:33:00.556925801Z,"{""condition"":""interactive"",""opinion"":""slider"",""playerCount"":4,""trueP"":0.7}",2024-04-25T19:19:45.010520975Z,rerun-interactive- 0.7,2024-04-25T19:19:45.010520975Z,noahdixon606@gmail.com,2024-04-25T19:19:45.00407864Z,01HWBAVBVSZ2A3HW69KXVP3RF4,2024-04-25T19:19:45.010520975Z,4,2024-04-25T19:21:27.036424107Z,01HWBB486NBD382Y1A3S4T5VKH,2024-04-25T19:30:52.003188057Z,"[""                                   "",""🐿️"",""🐇"",""🐇""]",2024-04-25T19:22:21.579540097Z,01HWBB63G4B745ABRWEDH6H215,2024-04-25T19:19:45.00407864Z,{},2024-04-25T19:19:45.323223926Z,player 4,2024-04-25T19:22:21.579540097Z,"{""age"":""24"",""gender"":""male"",""strength"":""Im very good at playing the team game"",""fair"":""i do think the pay was fair"",""feedback"":"""",""education"":""bachelor"",""teammates"":""i think they were telling the truth "",""notes"":""I did to some extent "",""politics"":""right wing"",""geo"":""English"",""ethnicity"":""white""}",2024-04-25T19:33:00.551413243Z,true,2024-04-25T19:21:33.330612031Z,game ended,2024-04-25T19:31:29.735868826Z
01HWBB6RNVBVZ5FYZ703VJ703B,1,2024-04-25T19:38:37.134397634Z,"{""condition"":""interactive"",""opinion"":""slider"",""playerCount"":4,""trueP"":0.7}",2024-04-25T19:22:21.504139135Z,rerun-interactive- 0.7,2024-04-25T19:22:21.504139135Z,5b167175bdf4e100016307a1,2024-04-25T19:20:06.075564948Z,01HWBB57EX2MG7FVTY8VN66GR3,2024-04-25T19:22:21.504139135Z,4,2024-04-25T19:22:09.739199894Z,01HWBB71RK3APRVKY8GC2YRCYY,2024-04-25T19:36:37.388535613Z,"[""🐿️"",""🐇"",""🐿️"",""🐇"",""🐇"",""                                   ""]",2024-04-25T19:26:00.831318941Z,01HWBB6R1MY79WDPTRKKNJNBT8,2024-04-25T19:20:06.075564948Z,{},2024-04-25T19:20:06.41172606Z,player 1,2024-04-25T19:26:00.831318941Z,"{""age"":""44"",""gender"":""female"",""strength"":""not sure"",""fair"":""yes"",""feedback"":""took a long time to start"",""education"":""high-school"",""teammates"":""yes"",""notes"":""no"",""politics"":""left"",""geo"":""british, east anglia"",""ethnicity"":""white british""}",2024-04-25T19:38:37.137322064Z,true,2024-04-25T19:22:21.537674325Z,game ended,2024-04-25T19:37:34.437094866Z
01HWBB71RK3APRVKY8GC2YRCYY,1,2024-04-25T19:38:23.048026038Z,"{""condition"":""interactive"",""opinion"":""slider"",""playerCount"":4,""trueP"":0.7}",2024-04-25T19:22:21.504139135Z,rerun-interactive- 0.7,2024-04-25T19:22:21.504139135Z,660f662a104e370abfbb5874,2024-04-25T19:20:15.379497814Z,01HWBB57EX2MG7FVTY8VN66GR3,2024-04-25T19:22:21.504139135Z,4,2024-04-25T19:22:28.250232863Z,01HWBB7WR1AY6378C9S40HE1S6,2024-04-25T19:36:37.388535613Z,"[""                                   "",""🐿️"",""🐇"",""🐇"",""🐇"",""🐇""]",2024-04-25T19:26:00.831318941Z,01HWBB71C354J02X4T833GPDKH,2024-04-25T19:20:15.379497814Z,{},2024-04-25T19:20:15.580675524Z,player 2,2024-04-25T19:26:00.831318941Z,"{""age"":""25"",""gender"":""male"",""strength"":""pretty good"",""fair"":""yes"",""feedback"":"""",""education"":""master"",""teammates"":""yes"",""notes"":""yes"",""politics"":""left"",""geo"":""Canada"",""ethnicity"":""asian""}",2024-04-25T19:38:23.046179438Z,true,2024-04-25T19:22:38.116549115Z,game ended,2024-04-25T19:37:34.437094866Z
01HWBB7WR1AY6378C9S40HE1S6,1,2024-04-25T19:39:45.684462836Z,"{""condition"":""interactive"",""opinion"":""slider"",""playerCount"":4,""trueP"":0.7}",2024-04-25T19:22:21.504139135Z,rerun-interactive- 0.7,2024-04-25T19:22:21.504139135Z,6504565eec25bba2c8be0704,2024-04-25T19:20:43.009670448Z,01HWBB57EX2MG7FVTY8VN66GR3,2024-04-25T19:22:21.504139135Z,4,2024-04-25T19:24:25.321532406Z,01HWBBCW10WZ1JNZ5GN5N8K9S6,2024-04-25T19:36:37.388535613Z,"[""🐇"",""🐇"",""                                   "",""🐿️"",""🐇"",""🐇""]",2024-04-25T19:26:00.831318941Z,01HWBB7WEWYEPEMX8NMAJFTJJ3,2024-04-25T19:20:43.009670448Z,{},2024-04-25T19:20:43.161961193Z,player 3,2024-04-25T19:26:00.831318941Z,"{""age"":""56"",""gender"":""Male"",""strength"":""It's hard to say really. I did okay I think."",""fair"":""Yes"",""feedback"":""No problems. It was a bit different and fun."",""education"":""high-school"",""teammates"":""I think so"",""notes"":""Yes"",""politics"":""Moderate"",""geo"":""Canadian"",""ethnicity"":""White""}",2024-04-25T19:39:45.685803078Z,true,2024-04-25T19:26:00.739373544Z,game ended,2024-04-25T19:37:34.437094866Z
01HWBB8KETJVKAAKQW7D6FJ6XD,,,"{""condition"":""interactive"",""opinion"":""slider"",""playerCount"":4,""trueP"":0.7}",2024-04-25T19:22:21.504139135Z,rerun-interactive- 0.7,2024-04-25T19:22:21.504139135Z,5c1501d280023f0001aa11cf,2024-04-25T19:21:06.266301784Z,,2024-04-25T19:26:00.74652821Z,1,2024-04-25T19:21:10.379857749Z,,,,,01HWBB8JKCVAW33F2CHJVEXN6D,2024-04-25T19:21:06.266301784Z,{},2024-04-25T19:21:06.657022257Z,,,,,,,no more games,2024-04-25T19:26:01.878733912Z
01HWBBCW10WZ1JNZ5GN5N8K9S6,1,2024-04-25T19:39:18.908744289Z,"{""condition"":""interactive"",""opinion"":""slider"",""playerCount"":4,""trueP"":0.7}",2024-04-25T19:23:26.118461611Z,rerun-interactive- 0.7,2024-04-25T19:23:26.118461611Z,615a1d9297d4e05d6df9da22,2024-04-25T19:23:26.112655823Z,01HWBB57EX2MG7FVTY8VN66GR3,2024-04-25T19:23:26.118461611Z,4,2024-04-25T19:25:09.866487272Z,01HWBB6RNVBVZ5FYZ703VJ703B,2024-04-25T19:36:37.388535613Z,"[""🐿️"",""🐇"",""                                   "",""🐿️"",""🐇"",""🐇""]",2024-04-25T19:26:00.831318941Z,01HWBBCVRN34ZPJ5W6A3HNVW0K,2024-04-25T19:23:26.112655823Z,{},2024-04-25T19:23:26.250027475Z,player 4,2024-04-25T19:26:00.831318941Z,"{""age"":""30"",""gender"":""male"",""strength"":""Good overall, I realized very quickly that I could keep the stats over multiple rounds"",""fair"":""Yes, fiar enough"",""feedback"":""1st participant never responded to me, not sure if the transition timing was too quick"",""education"":""bachelor"",""teammates"":""All were cooperative except for the 1st who didnt send a message at all"",""notes"":""Yes, I kept a running tally of rabbits and bunnies"",""politics"":""moderate"",""geo"":""United States"",""ethnicity"":""Indian American""}",2024-04-25T19:39:18.910980582Z,true,2024-04-25T19:25:12.310384161Z,game ended,2024-04-25T19:37:34.437094866Z
01HWBBD039013DJRG6GNWRRG87,1,2024-04-25T19:27:46.149032173Z,"{""condition"":""interactive"",""opinion"":""slider"",""playerCount"":4,""trueP"":0.7}",2024-04-25T19:23:30.288521071Z,rerun-interactive- 0.7,2024-04-25T19:23:30.288521071Z,64f4855cac0e6b04376aad7f,2024-04-25T19:23:30.281752031Z,,2024-04-25T19:26:00.74652821Z,4,2024-04-25T19:25:57.554310047Z,,,,,01HWBBCZTN7YG13WQ5ZM47CR6P,2024-04-25T19:23:30.281752031Z,{},2024-04-25T19:23:30.434937414Z,,,"{""age"":""62"",""gender"":""female"",""strength"":""i never had an opportunity to play"",""fair"":""i never had an opportunity to play"",""feedback"":""i was jumped to this page from the consent page. i was just finishing reading the consent when i landed at the exit page. "",""education"":""bachelor"",""teammates"":""i was jumped to this page so unable to ans"",""notes"":""i was jumped to this page so unsure how to answer"",""politics"":""left"",""geo"":""canadian"",""ethnicity"":""caucasian""}",2024-04-25T19:27:46.143495967Z,,,no more games,2024-04-25T19:26:01.878733912Z
01HWBBD6ATGPDM6H8K3EZEWW6M,1,2024-04-25T19:32:48.685389398Z,"{""condition"":""slider"",""opinion"":""slider"",""playerCount"":4,""trueP"":0.3}",2024-04-25T19:23:36.675001444Z,rerun-slider- 0.3,2024-04-25T19:23:36.675001444Z,5d9452e023002d001c67bab1,2024-04-25T19:23:36.666052194Z,01HWB9X77MTXQ6W4YH9XZG7Y95,2024-04-25T19:23:36.675001444Z,3,2024-04-25T19:27:35.965578709Z,01HWBBE7X3Q0WJACAXWEBXS224,2024-04-25T19:31:24.349926286Z,"[""🐿️"",""🐇"",""                                   "",""🐿️"",""🐿️""]",2024-04-25T19:27:44.60180788Z,01HWBBD5QF7YJVHXAQWKNNNB6B,2024-04-25T19:23:36.666052194Z,{},2024-04-25T19:23:36.984964592Z,player 1,2024-04-25T19:27:44.60180788Z,"{""age"":""38"",""gender"":""female"",""strength"":""good"",""fair"":""no"",""feedback"":""I didn't encounter any issues."",""education"":""high-school"",""teammates"":""no"",""notes"":""a little bit"",""politics"":""none"",""geo"":""polish"",""ethnicity"":""white""}",2024-04-25T19:32:48.686592937Z,true,2024-04-25T19:27:38.763931807Z,game ended,2024-04-25T19:31:38.572647566Z
01HWBBDRHAGEQMNEPMAK86XG2V,1,2024-04-25T19:35:24.722324403Z,"{""condition"":""slider"",""opinion"":""slider"",""playerCount"":4,""trueP"":0.3}",2024-04-25T19:27:44.533198817Z,rerun-slider- 0.3,2024-04-25T19:27:44.533198817Z,60a7d8f45174b6633c940a15,2024-04-25T19:23:55.306717467Z,01HWBBDTRBEF7YA4SAYZSD7XET,2024-04-25T19:27:44.533198817Z,3,2024-04-25T19:27:58.899280612Z,01HWBBFW5MKCA60CA861K57ZR2,2024-04-25T19:38:25.191342839Z,"[""🐿️"",""🐿️"",""🐿️"",""                                   "",""🐿️"",""🐿️"",""🐿️""]",2024-04-25T19:32:53.252739162Z,01HWBBDQXZV90VVHTQ339YPR77,2024-04-25T19:23:55.306717467Z,{},2024-04-25T19:23:55.626542468Z,player 1,2024-04-25T19:32:53.252739162Z,"{""age"":""61"",""gender"":""Female"",""strength"":""I can't answer that."",""fair"":""Yes, if I had been able to access the game. But, unfortunately I was unable to play, because the game didn't load and went straight to the exit screen."",""feedback"":""The game did not load and the exit survey appeared instead, therefore I haven't played the game and as such have not earned the money. Although, it's not my fault as I followed the instructions very carefully. There just appears to have been a glitch."",""education"":""bachelor"",""teammates"":""Again, the game did not load and took me straight to this exit survey!"",""notes"":""No because the game did not load and took me straight to the exit survey!"",""politics"":""left"",""geo"":""United Kingdom"",""ethnicity"":""white""}",2024-04-25T19:35:24.719497281Z,true,2024-04-25T19:28:16.742653523Z,game ended,2024-04-25T19:38:55.297360147Z
01HWBBE7X3Q0WJACAXWEBXS224,1,2024-04-25T19:33:30.15658965Z,"{""condition"":""slider"",""opinion"":""slider"",""playerCount"":4,""trueP"":0.3}",2024-04-25T19:24:11.050237988Z,rerun-slider- 0.3,2024-04-25T19:24:11.050237988Z,606cabcd5c1e1e870296997e,2024-04-25T19:24:11.043134598Z,01HWB9X77MTXQ6W4YH9XZG7Y95,2024-04-25T19:24:11.050237988Z,3,2024-04-25T19:27:27.013898344Z,01HWBBEYK5K9SCEWQVXWEZF22H,2024-04-25T19:31:24.349926286Z,"[""                                   "",""🐇"",""🐿️"",""🐿️"",""🐿️""]",2024-04-25T19:27:44.60180788Z,01HWBBE70YNZ8DCSRSY5F8FH41,2024-04-25T19:24:11.043134598Z,{},2024-04-25T19:24:11.447777589Z,player 2,2024-04-25T19:27:44.60180788Z,"{""age"":""26"",""gender"":""Female"",""strength"":""6/10"",""fair"":""Not sure."",""feedback"":"""",""education"":""high-school"",""teammates"":""Yes, I think so."",""notes"":""Not physically, just mental note."",""politics"":""Left wing"",""geo"":""United Kingdom"",""ethnicity"":""Black British""}",2024-04-25T19:33:30.14829872Z,true,2024-04-25T19:27:44.517938442Z,game ended,2024-04-25T19:31:38.572647566Z
01HWBBEYK5K9SCEWQVXWEZF22H,1,2024-04-25T19:32:54.95487667Z,"{""condition"":""slider"",""opinion"":""slider"",""playerCount"":4,""trueP"":0.3}",2024-04-25T19:24:34.285482088Z,rerun-slider- 0.3,2024-04-25T19:24:34.285482088Z,63d3fd6116541b5031bd4a4d,2024-04-25T19:24:34.27734291Z,01HWB9X77MTXQ6W4YH9XZG7Y95,2024-04-25T19:24:34.285482088Z,3,2024-04-25T19:25:45.194499655Z,01HWBBF8CZX669WEE4ERT37DMD,2024-04-25T19:31:24.349926286Z,"[""                                   "",""🐇"",""🐇"",""🐿️"",""🐿️"",""🐿️"",""🐿️"",""🐇"",""🐿️""]",2024-04-25T19:27:44.60180788Z,01HWBBEYE562MSG0VY4ZVZRDMY,2024-04-25T19:24:34.27734291Z,{},2024-04-25T19:24:34.362784352Z,player 3,2024-04-25T19:27:44.60180788Z,"{""age"":""25"",""gender"":""Male"",""strength"":""My strength was analyzing the feedback from the other players and trying to get an idea of the total population."",""fair"":""Yes, the pay seemed fair."",""feedback"":""No issues, everything went well. Thank you."",""education"":""high-school"",""teammates"":""There was no way to determine this, but I would guess that they were trying their best in order to receive the reward."",""notes"":""No, I did not take notes."",""politics"":""Republican"",""geo"":""Arizona"",""ethnicity"":""White""}",2024-04-25T19:32:54.953421169Z,true,2024-04-25T19:25:47.272125189Z,game ended,2024-04-25T19:31:38.572647566Z
01HWBBF8CZX669WEE4ERT37DMD,1,2024-04-25T19:33:23.666508508Z,"{""condition"":""slider"",""opinion"":""slider"",""playerCount"":4,""trueP"":0.3}",2024-04-25T19:24:44.328522439Z,rerun-slider- 0.3,2024-04-25T19:24:44.328522439Z,66203586feb4f96a4258c6bf,2024-04-25T19:24:44.319158939Z,01HWB9X77MTXQ6W4YH9XZG7Y95,2024-04-25T19:24:44.328522439Z,3,2024-04-25T19:27:16.863397044Z,01HWBBD6ATGPDM6H8K3EZEWW6M,2024-04-25T19:31:24.349926286Z,"[""🐿️"",""🐿️"",""🐿️"",""                                   "",""🐇""]",2024-04-25T19:27:44.60180788Z,01HWBBF7ZGSKZ2CR3EXEFQM19P,2024-04-25T19:24:44.319158939Z,{},2024-04-25T19:24:44.539214272Z,player 4,2024-04-25T19:27:44.60180788Z,"{""age"":""22"",""gender"":""female"",""strength"":""bad"",""fair"":""yes"",""feedback"":""i did the study on safari because I couldn't tswitch to chrome, I tried switching and prolific wouldn't let me because it marked the study as completed. If possible, you should include that it should be done on chrome in the initial instructions when accepting the study on prolific :)"",""education"":""bachelor"",""teammates"":""no they were lying "",""notes"":""a little bit"",""politics"":""none"",""geo"":""canada"",""ethnicity"":""eastern european""}",2024-04-25T19:33:23.673314906Z,true,2024-04-25T19:27:38.150294329Z,game ended,2024-04-25T19:31:38.572647566Z
01HWBBFW5MKCA60CA861K57ZR2,,,"{""condition"":""slider"",""opinion"":""slider"",""playerCount"":4,""trueP"":0.3}",2024-04-25T19:27:44.533198817Z,rerun-slider- 0.3,2024-04-25T19:27:44.533198817Z,66291fa30c4d135bb95e06b1,2024-04-25T19:25:04.564794548Z,01HWBBDTRBEF7YA4SAYZSD7XET,2024-04-25T19:27:44.533198817Z,1,2024-04-25T19:27:37.003816996Z,01HWBBFXDG0CHMGXA7GAQ764FM,2024-04-25T19:38:25.191342839Z,"[""🐇"",""🐿️"",""🐇"",""                                   "",""🐇"",""🐿️"",""🐇""]",2024-04-25T19:32:53.252739162Z,01HWBBFVSZDW9YZB8E4KA1WH1T,2024-04-25T19:25:04.564794548Z,{},2024-04-25T19:25:04.727086902Z,player 2,2024-04-25T19:32:53.252739162Z,,,,,game ended,2024-04-25T19:38:55.297360147Z
01HWBBFXDG0CHMGXA7GAQ764FM,1,2024-04-25T19:30:07.32475116Z,"{""condition"":""slider"",""opinion"":""slider"",""playerCount"":4,""trueP"":0.3}",2024-04-25T19:27:44.533198817Z,rerun-slider- 0.3,2024-04-25T19:27:44.533198817Z,5a6b998a3fb6420001c2f97a,2024-04-25T19:25:05.840807885Z,01HWBBDTRBEF7YA4SAYZSD7XET,2024-04-25T19:27:44.533198817Z,3,2024-04-25T19:27:31.859249Z,01HWBBFYDP8T97ZT52KJ936D62,2024-04-25T19:38:25.191342839Z,"[""🐇"",""🐿️"",""🐿️"",""                                   ""]",2024-04-25T19:32:53.252739162Z,01HWBBFX8504TTC1W84VZY5XF2,2024-04-25T19:25:05.840807885Z,{},2024-04-25T19:25:05.932848795Z,player 3,2024-04-25T19:32:53.252739162Z,"{""age"":""38"",""gender"":""Male"",""strength"":""n/a"",""fair"":""n/a"",""feedback"":""the game did not load, and instead went straight to the exit survey."",""education"":""bachelor"",""teammates"":""n/a"",""notes"":""n/a"",""politics"":""unaffiliated "",""geo"":""United States"",""ethnicity"":""rather not say""}",2024-04-25T19:30:07.326142595Z,true,2024-04-25T19:27:53.170369786Z,game ended,2024-04-25T19:38:55.297360147Z
01HWBBFYDP8T97ZT52KJ936D62,1,2024-04-25T19:30:39.553409478Z,"{""condition"":""slider"",""opinion"":""slider"",""playerCount"":4,""trueP"":0.3}",2024-04-25T19:27:44.533198817Z,rerun-slider- 0.3,2024-04-25T19:27:44.533198817Z,5f63a9ce2e090a0d008d92b7,2024-04-25T19:25:06.871046109Z,01HWBBDTRBEF7YA4SAYZSD7XET,2024-04-25T19:27:44.533198817Z,3,2024-04-25T19:28:02.411103271Z,01HWBBDRHAGEQMNEPMAK86XG2V,2024-04-25T19:38:25.191342839Z,"[""🐿️"",""                                   "",""🐿️"",""🐇"",""🐿️"",""🐿️""]",2024-04-25T19:32:53.252739162Z,01HWBBFXY6RX1JHS1N4MMW2AKM,2024-04-25T19:25:06.871046109Z,{},2024-04-25T19:25:07.121272769Z,player 4,2024-04-25T19:32:53.252739162Z,"{""age"":""37"",""gender"":""Male"",""strength"":""I wish I could tell you!"",""fair"":""It would be if I played it"",""feedback"":""The game never seemed to start? I was waiting for players and then it brought me to the exit survey"",""education"":""bachelor"",""teammates"":""Again, nothing happened here :| "",""notes"":""Nothing happened? The game didn't seem to work?"",""politics"":""Liberal"",""geo"":""Canadian"",""ethnicity"":""Asian""}",2024-04-25T19:30:39.551274772Z,true,2024-04-25T19:28:13.571083407Z,game ended,2024-04-25T19:38:55.297360147Z
