﻿id,gameID,gameIDLastChangedAt,playerID,playerIDLastChangedAt,batchID,batchIDLastChangedAt
01HWBAF6KCBD81X40AB7624YER,01HWB9SVS4SMWJV23JC4ZSHMT9,2024-04-25T19:07:13.900967787Z,01HWBA3A7V3YT5FS2XTCCE1P1T,2024-04-25T19:07:13.900967787Z,01HWB9SVREZ53JJBCFE6H2KTE8,2024-04-25T19:07:13.900967787Z
01HWBAF6KHA8127HJ9BNHFW1BM,01HWB9SVS4SMWJV23JC4ZSHMT9,2024-04-25T19:07:13.905756468Z,01HWBAAK6WPSQEHZQW9D1MKCCV,2024-04-25T19:07:13.905756468Z,01HWB9SVREZ53JJBCFE6H2KTE8,2024-04-25T19:07:13.905756468Z
01HWBAF6KQ69J3P0CHFGQQ6V9R,01HWB9SVS4SMWJV23JC4ZSHMT9,2024-04-25T19:07:13.911308196Z,01HWBACYHBBN6M2RNFT6RVDYME,2024-04-25T19:07:13.911308196Z,01HWB9SVREZ53JJBCFE6H2KTE8,2024-04-25T19:07:13.911308196Z
01HWBAHN74JP0EV49HTPNZAR4S,01HWB9SVS34WVVX651QBHPKKY0,2024-04-25T19:08:34.404478907Z,01HWBA5MRGQX7FHN61Y2K8FH83,2024-04-25T19:08:34.404478907Z,01HWB9SVREZ53JJBCFE6H2KTE8,2024-04-25T19:08:34.404478907Z
01HWBAHN7AF497PGHHQXKY47H6,01HWB9SVS34WVVX651QBHPKKY0,2024-04-25T19:08:34.410148831Z,01HWBA7WEFDBN020M266RQ5D9B,2024-04-25T19:08:34.410148831Z,01HWB9SVREZ53JJBCFE6H2KTE8,2024-04-25T19:08:34.410148831Z
01HWBAHN7E33728N3B8VA8EXFC,01HWB9SVS34WVVX651QBHPKKY0,2024-04-25T19:08:34.414796779Z,01HWBA972AJ49NS7ZD8BF4DTCH,2024-04-25T19:08:34.414796779Z,01HWB9SVREZ53JJBCFE6H2KTE8,2024-04-25T19:08:34.414796779Z
01HWBAHN7K0MMF3K1DSKH49VH2,01HWB9SVS34WVVX651QBHPKKY0,2024-04-25T19:08:34.419088808Z,01HWBABKET37DZYJ7E3NHVVX2G,2024-04-25T19:08:34.419088808Z,01HWB9SVREZ53JJBCFE6H2KTE8,2024-04-25T19:08:34.419088808Z
01HWBAHN7PF8T8DZRFM4HX468V,01HWB9SVS34WVVX651QBHPKKY0,2024-04-25T19:08:34.422989795Z,01HWBABXZMSNR5EBTHEF3JBER9,2024-04-25T19:08:34.422989795Z,01HWB9SVREZ53JJBCFE6H2KTE8,2024-04-25T19:08:34.422989795Z
01HWBAHN7VJEN7Q0M7NN4WXTG1,01HWB9SVS34WVVX651QBHPKKY0,2024-04-25T19:08:34.427127597Z,01HWBAEJ2C51JGVCYQRZHD39Q6,2024-04-25T19:08:34.427127597Z,01HWB9SVREZ53JJBCFE6H2KTE8,2024-04-25T19:08:34.427127597Z
01HWBAHN80CMTTQYZ5PDGJAY5N,01HWB9SVS34WVVX651QBHPKKY0,2024-04-25T19:08:34.432163276Z,01HWBAEKTGGHNTQXVW4V9SYC2R,2024-04-25T19:08:34.432163276Z,01HWB9SVREZ53JJBCFE6H2KTE8,2024-04-25T19:08:34.432163276Z
01HWBAHN852MBY1FSTTZ1A8BFB,01HWB9SVS34WVVX651QBHPKKY0,2024-04-25T19:08:34.437707183Z,01HWBAH475G2EGG93V3TXRDPKA,2024-04-25T19:08:34.437707183Z,01HWB9SVREZ53JJBCFE6H2KTE8,2024-04-25T19:08:34.437707183Z
01HWBAHN8BG5FSV0CESVZCSFJJ,01HWB9SVS34WVVX651QBHPKKY0,2024-04-25T19:08:34.443112057Z,01HWBAHG5S80H9CCFQ14YMWGPJ,2024-04-25T19:08:34.443112057Z,01HWB9SVREZ53JJBCFE6H2KTE8,2024-04-25T19:08:34.443112057Z
01HWBB3B3KBJNNQFSETBG00PAH,01HWBAKZG34EDAK3G3QTW1T8K8,2024-04-25T19:18:13.87521186Z,01HWBANW6ERJ793N1G4JPCP9CG,2024-04-25T19:18:13.87521186Z,01HWBAKZFVH8HRRC3K5Q1F6FV2,2024-04-25T19:18:13.87521186Z
01HWBB3B3R412M633FMXYKVRX6,01HWBAKZG34EDAK3G3QTW1T8K8,2024-04-25T19:18:13.880082909Z,01HWBAPXAPADKNB0SKZJMBBF60,2024-04-25T19:18:13.880082909Z,01HWBAKZFVH8HRRC3K5Q1F6FV2,2024-04-25T19:18:13.880082909Z
01HWBB3B3YYHDGEWHX4GRCEFBB,01HWBAKZG34EDAK3G3QTW1T8K8,2024-04-25T19:18:13.886869946Z,01HWBATKFATVXH6DD8YMF5WNTN,2024-04-25T19:18:13.886869946Z,01HWBAKZFVH8HRRC3K5Q1F6FV2,2024-04-25T19:18:13.886869946Z
01HWBB3B437BE78G61ZXYY7D8G,01HWBAKZG34EDAK3G3QTW1T8K8,2024-04-25T19:18:13.891523677Z,01HWBAZFCEPJHW3JC88VRYY7T9,2024-04-25T19:18:13.891523677Z,01HWBAKZFVH8HRRC3K5Q1F6FV2,2024-04-25T19:18:13.891523677Z
01HWBBAWY5S4EM8YYMTA3SFE1G,01HWBAVBVSZ2A3HW69KXVP3RF4,2024-04-25T19:22:21.509165448Z,01HWBB486NBD382Y1A3S4T5VKH,2024-04-25T19:22:21.509165448Z,01HWBAVBVDNTD4Y2TYMH8R0C04,2024-04-25T19:22:21.509165448Z
01HWBBAWYATN0GV3E4JQC0D1QG,01HWBAVBVSZ2A3HW69KXVP3RF4,2024-04-25T19:22:21.515022796Z,01HWBB4RR7JC615056BQWTD1RH,2024-04-25T19:22:21.515022796Z,01HWBAVBVDNTD4Y2TYMH8R0C04,2024-04-25T19:22:21.515022796Z
01HWBBAWYGJ2NKMP4627X9N5V3,01HWBAVBVSZ2A3HW69KXVP3RF4,2024-04-25T19:22:21.520660848Z,01HWBB5VECY2BRJCGJ72AKM6MQ,2024-04-25T19:22:21.520660848Z,01HWBAVBVDNTD4Y2TYMH8R0C04,2024-04-25T19:22:21.520660848Z
01HWBBAWYN6JP4XKT78YCWH0NR,01HWBAVBVSZ2A3HW69KXVP3RF4,2024-04-25T19:22:21.526056094Z,01HWBB643CA5NSRTWFSMPK4S53,2024-04-25T19:22:21.526056094Z,01HWBAVBVDNTD4Y2TYMH8R0C04,2024-04-25T19:22:21.526056094Z
01HWBBHK1KGCTKS95R733BAMWW,01HWBB57EX2MG7FVTY8VN66GR3,2024-04-25T19:26:00.755905265Z,01HWBB6RNVBVZ5FYZ703VJ703B,2024-04-25T19:26:00.755905265Z,01HWBB57EGDNMN6EC7YYZSSCQC,2024-04-25T19:26:00.755905265Z
01HWBBHK1SD5G1B9W8YDH3RMK8,01HWBB57EX2MG7FVTY8VN66GR3,2024-04-25T19:26:00.761879333Z,01HWBB71RK3APRVKY8GC2YRCYY,2024-04-25T19:26:00.761879333Z,01HWBB57EGDNMN6EC7YYZSSCQC,2024-04-25T19:26:00.761879333Z
01HWBBHK20NGJHHASHM3GTY7T5,01HWBB57EX2MG7FVTY8VN66GR3,2024-04-25T19:26:00.768256297Z,01HWBB7WR1AY6378C9S40HE1S6,2024-04-25T19:26:00.768256297Z,01HWBB57EGDNMN6EC7YYZSSCQC,2024-04-25T19:26:00.768256297Z
01HWBBHK26Y0SYBEVCXSGDM6B2,01HWBB57EX2MG7FVTY8VN66GR3,2024-04-25T19:26:00.775023887Z,01HWBBCW10WZ1JNZ5GN5N8K9S6,2024-04-25T19:26:00.775023887Z,01HWBB57EGDNMN6EC7YYZSSCQC,2024-04-25T19:26:00.775023887Z
01HWBBMRCV84081TDQA5Q0Q431,01HWB9X77MTXQ6W4YH9XZG7Y95,2024-04-25T19:27:44.539561091Z,01HWBBD6ATGPDM6H8K3EZEWW6M,2024-04-25T19:27:44.539561091Z,01HWB9X77BHAF0PXNWMS2FET0R,2024-04-25T19:27:44.539561091Z
01HWBBMRD3RFFV104QX4EXZ84Z,01HWB9X77MTXQ6W4YH9XZG7Y95,2024-04-25T19:27:44.547488702Z,01HWBBE7X3Q0WJACAXWEBXS224,2024-04-25T19:27:44.547488702Z,01HWB9X77BHAF0PXNWMS2FET0R,2024-04-25T19:27:44.547488702Z
01HWBBMRD9XD1R3RFKE2ZYJD8X,01HWB9X77MTXQ6W4YH9XZG7Y95,2024-04-25T19:27:44.553362126Z,01HWBBEYK5K9SCEWQVXWEZF22H,2024-04-25T19:27:44.553362126Z,01HWB9X77BHAF0PXNWMS2FET0R,2024-04-25T19:27:44.553362126Z
01HWBBMRDF21DXB95HDSN86WGQ,01HWB9X77MTXQ6W4YH9XZG7Y95,2024-04-25T19:27:44.559184212Z,01HWBBF8CZX669WEE4ERT37DMD,2024-04-25T19:27:44.559184212Z,01HWB9X77BHAF0PXNWMS2FET0R,2024-04-25T19:27:44.559184212Z
01HWBBY5T725WM7735AGKT0EHY,01HWBBDTRBEF7YA4SAYZSD7XET,2024-04-25T19:32:53.192011882Z,01HWBBDRHAGEQMNEPMAK86XG2V,2024-04-25T19:32:53.192011882Z,01HWBBDTQR13PDZE5MX04YB18Q,2024-04-25T19:32:53.192011882Z
01HWBBY5TE6A56ET3TDZEEMCH8,01HWBBDTRBEF7YA4SAYZSD7XET,2024-04-25T19:32:53.198622882Z,01HWBBFW5MKCA60CA861K57ZR2,2024-04-25T19:32:53.198622882Z,01HWBBDTQR13PDZE5MX04YB18Q,2024-04-25T19:32:53.198622882Z
01HWBBY5TMXQ46B0M1KQEC7N8G,01HWBBDTRBEF7YA4SAYZSD7XET,2024-04-25T19:32:53.204924342Z,01HWBBFXDG0CHMGXA7GAQ764FM,2024-04-25T19:32:53.204924342Z,01HWBBDTQR13PDZE5MX04YB18Q,2024-04-25T19:32:53.204924342Z
01HWBBY5TTFP5H889KDE1V0XA0,01HWBBDTRBEF7YA4SAYZSD7XET,2024-04-25T19:32:53.210466575Z,01HWBBFYDP8T97ZT52KJ936D62,2024-04-25T19:32:53.210466575Z,01HWBBDTQR13PDZE5MX04YB18Q,2024-04-25T19:32:53.210466575Z
