id,batchID,batchIDLastChangedAt,gameID,gameIDLastChangedAt,playerID,playerIDLastChangedAt
01JHV115X2B9H9DY0FDSXEPE87,01JHTZVVDFMVHHA2T5M9CZ1092,2025-01-17T20:59:46.466478774Z,01JHTZVVDP3Y4116VVEK9V998Y,2025-01-17T20:59:46.466478774Z,01JHV0G3712KTA1JVBZ61A669W,2025-01-17T20:59:46.466478774Z
01JHV1A5AQ39NA2RR4XGG4N0K6,01JHTZVTBJMV04PPKHSG1V1YQS,2025-01-17T21:04:40.791981567Z,01JHTZVTBWK92ZX1AA5BAGPHRS,2025-01-17T21:04:40.791981567Z,01JHV12SBPYVWY5Y0WRJT0B3TQ,2025-01-17T21:04:40.791981567Z
01JHV1MZ58EM1MYXH63X97VRW6,01JHTZVSR277TNYCAVABY7D2H3,2025-01-17T21:10:34.920760005Z,01JHTZVSRB1RFPC4TVC0XG9ZA2,2025-01-17T21:10:34.920760005Z,01JHV11HJSHMZ175XR7EN8GFGW,2025-01-17T21:10:34.920760005Z
01JHV1MZ5AQ1XPPRYSW0HSMTV4,01JHTZVSR277TNYCAVABY7D2H3,2025-01-17T21:10:34.922203666Z,01JHTZVSRB1RFPC4TVC0XG9ZA2,2025-01-17T21:10:34.922203666Z,01JHV1DTBH9C0BMNW2J32MFQAV,2025-01-17T21:10:34.922203666Z
01JHV115X1NVGBS4QV6QJZXPMV,01JHTZVVDFMVHHA2T5M9CZ1092,2025-01-17T20:59:46.465913977Z,01JHTZVVDP3Y4116VVEK9V998Y,2025-01-17T20:59:46.465913977Z,01JHV0G15ACW13FRE8D19EKAVC,2025-01-17T20:59:46.465913977Z
01JHV16208QKPVPTCNVKWMH4Q0,01JHTZVTY2BH6PA7FG2K7GCXAJ,2025-01-17T21:02:26.312130221Z,01JHTZVTYBEPD5ENGBSTHKH3C5,2025-01-17T21:02:26.312130221Z,01JHV0X5840H5NVXFB3GPVGD4R,2025-01-17T21:02:26.312130221Z
01JHV16208QKPVPTCNVWA0MZF6,01JHTZVTY2BH6PA7FG2K7GCXAJ,2025-01-17T21:02:26.312730263Z,01JHTZVTYBEPD5ENGBSTHKH3C5,2025-01-17T21:02:26.312730263Z,01JHV0ZEVX4ZARQ1BWSKYG0TP6,2025-01-17T21:02:26.312730263Z
01JHV16208QKPVPTCNW3FW2R33,01JHTZVTY2BH6PA7FG2K7GCXAJ,2025-01-17T21:02:26.312983356Z,01JHTZVTYBEPD5ENGBSTHKH3C5,2025-01-17T21:02:26.312983356Z,01JHV0ZHDZTY7FMBRXKMB7V8ZH,2025-01-17T21:02:26.312983356Z
01JHV1A5AP2S8JKBRBDEPW6WFM,01JHTZVTBJMV04PPKHSG1V1YQS,2025-01-17T21:04:40.790744665Z,01JHTZVTBWK92ZX1AA5BAGPHRS,2025-01-17T21:04:40.790744665Z,01JHV104A58690FH4GSNXM0Y8Z,2025-01-17T21:04:40.790744665Z
01JHV1Z6YXPF1DSTZQH5N7TCN7,01JHTZVR71WVY5D8T7C00VZJ1H,2025-01-17T21:16:10.589796183Z,01JHTZVR7HF6BMF2X1ZCXF5VQ4,2025-01-17T21:16:10.589796183Z,01JHV1HZZ852RMCXMYBD3H03ZX,2025-01-17T21:16:10.589796183Z
01JHV0P47E8N39S37VA24EWJHQ,01JHTZVWD7TTKQEXXT0619B1XR,2025-01-17T20:53:44.3020969Z,01JHTZVWDEDPAG6PW0G7FF8J50,2025-01-17T20:53:44.3020969Z,01JHV0DMZHD9QEHQVN7PZ2VNXK,2025-01-17T20:53:44.3020969Z
01JHV0VB3YTTH92DWWVS65J0SR,01JHTZVVZ4CV5NPTM1YT383DJJ,2025-01-17T20:56:35.198875267Z,01JHTZVVZCV9EEP59HNP8RGY4M,2025-01-17T20:56:35.198875267Z,01JHV0NYJ9VDBSTKP3FN6ZGB24,2025-01-17T20:56:35.198875267Z
01JHV16209T31AJJFG1XKE347F,01JHTZVTY2BH6PA7FG2K7GCXAJ,2025-01-17T21:02:26.313241829Z,01JHTZVTYBEPD5ENGBSTHKH3C5,2025-01-17T21:02:26.313241829Z,01JHV0ZRH9VGEP6W0JF8DYBJX3,2025-01-17T21:02:26.313241829Z
01JHV1Z6YV5YTTR9P812FF5NC2,01JHTZVR71WVY5D8T7C00VZJ1H,2025-01-17T21:16:10.587686684Z,01JHTZVR7HF6BMF2X1ZCXF5VQ4,2025-01-17T21:16:10.587686684Z,01JHV10DFP5XRNF1EZH4JYE6N4,2025-01-17T21:16:10.587686684Z
01JHV1Z6YXPF1DSTZQGXR98C43,01JHTZVR71WVY5D8T7C00VZJ1H,2025-01-17T21:16:10.589195787Z,01JHTZVR7HF6BMF2X1ZCXF5VQ4,2025-01-17T21:16:10.589195787Z,01JHV19QJJYTGS34XAE534SAH5,2025-01-17T21:16:10.589195787Z
01JHV0VB3YTTH92DWWVK73W4T5,01JHTZVVZ4CV5NPTM1YT383DJJ,2025-01-17T20:56:35.198626672Z,01JHTZVVZCV9EEP59HNP8RGY4M,2025-01-17T20:56:35.198626672Z,01JHV0NMPNTG3PDWJ6W2Q1Y6MD,2025-01-17T20:56:35.198626672Z
01JHV115X2B9H9DY0FE0XXT7YD,01JHTZVVDFMVHHA2T5M9CZ1092,2025-01-17T20:59:46.466928302Z,01JHTZVVDP3Y4116VVEK9V998Y,2025-01-17T20:59:46.466928302Z,01JHV0NW35PJEM6C33Q9D607HT,2025-01-17T20:59:46.466928302Z
01JHV0VB3YTTH92DWWVADH9WBP,01JHTZVVZ4CV5NPTM1YT383DJJ,2025-01-17T20:56:35.198348235Z,01JHTZVVZCV9EEP59HNP8RGY4M,2025-01-17T20:56:35.198348235Z,01JHV0KVTPMZ3S3PBKYT1A7NP1,2025-01-17T20:56:35.198348235Z
01JHV115X3NH5M7E1KSN941DT8,01JHTZVVDFMVHHA2T5M9CZ1092,2025-01-17T20:59:46.467330891Z,01JHTZVVDP3Y4116VVEK9V998Y,2025-01-17T20:59:46.467330891Z,01JHV0TNRK7XR8QDVABPK2Y0GQ,2025-01-17T20:59:46.467330891Z
01JHV1MZ59M6A5V0WEZSWMCANE,01JHTZVSR277TNYCAVABY7D2H3,2025-01-17T21:10:34.921349144Z,01JHTZVSRB1RFPC4TVC0XG9ZA2,2025-01-17T21:10:34.921349144Z,01JHV17PAP2881HRFVSWMX9XHH,2025-01-17T21:10:34.921349144Z
01JHV1Z6YWNKZCJ502W0R86JPG,01JHTZVR71WVY5D8T7C00VZJ1H,2025-01-17T21:16:10.588513749Z,01JHTZVR7HF6BMF2X1ZCXF5VQ4,2025-01-17T21:16:10.588513749Z,01JHV17CDQXAT9HSCXKDBH7TXD,2025-01-17T21:16:10.588513749Z
01JHV0P47E8N39S37VAGW8ASKZ,01JHTZVWD7TTKQEXXT0619B1XR,2025-01-17T20:53:44.302305401Z,01JHTZVWDEDPAG6PW0G7FF8J50,2025-01-17T20:53:44.302305401Z,01JHV0FW25R79DM0T76SWSXJK0,2025-01-17T20:53:44.302305401Z
01JHV1A5AP2S8JKBRBD4PDJEDB,01JHTZVTBJMV04PPKHSG1V1YQS,2025-01-17T21:04:40.79013837Z,01JHTZVTBWK92ZX1AA5BAGPHRS,2025-01-17T21:04:40.79013837Z,01JHV0PNJ0HBSA5B9NEP0MCWAK,2025-01-17T21:04:40.79013837Z
01JHV1MZ59M6A5V0WF07153XTH,01JHTZVSR277TNYCAVABY7D2H3,2025-01-17T21:10:34.921791951Z,01JHTZVSRB1RFPC4TVC0XG9ZA2,2025-01-17T21:10:34.921791951Z,01JHV19KQM5W2339KE2EWB524F,2025-01-17T21:10:34.921791951Z
01JHV0P47DW2YDF4W4EG5HTVD7,01JHTZVWD7TTKQEXXT0619B1XR,2025-01-17T20:53:44.301930061Z,01JHTZVWDEDPAG6PW0G7FF8J50,2025-01-17T20:53:44.301930061Z,01JHV0CRH03JS42QW8BW28EGBV,2025-01-17T20:53:44.301930061Z
01JHV0P47E8N39S37VABFYQ98E,01JHTZVWD7TTKQEXXT0619B1XR,2025-01-17T20:53:44.302212469Z,01JHTZVWDEDPAG6PW0G7FF8J50,2025-01-17T20:53:44.302212469Z,01JHV0E1VVCFSP624SZ7K6E5CN,2025-01-17T20:53:44.302212469Z
01JHV0VB3ZPS8MJZG2H7FG0W1W,01JHTZVVZ4CV5NPTM1YT383DJJ,2025-01-17T20:56:35.199109943Z,01JHTZVVZCV9EEP59HNP8RGY4M,2025-01-17T20:56:35.199109943Z,01JHV0P0GTYQYD234HWZRQY6P0,2025-01-17T20:56:35.199109943Z
01JHV1A5AQ39NA2RR4X7E9CH4S,01JHTZVTBJMV04PPKHSG1V1YQS,2025-01-17T21:04:40.79134932Z,01JHTZVTBWK92ZX1AA5BAGPHRS,2025-01-17T21:04:40.79134932Z,01JHV11G5BX8AZJ0N0SSNP3BQX,2025-01-17T21:04:40.79134932Z
