id,batchID,batchIDLastChangedAt,gameID,gameIDLastChangedAt,playerID,playerIDLastChangedAt,roundID,roundIDLastChangedAt
01JHV0XCZJVCJMMGVFBN1QHY2S,01JHTZVWD7TTKQEXXT0619B1XR,2025-01-17T20:57:42.642712284Z,01JHTZVWDEDPAG6PW0G7FF8J50,2025-01-17T20:57:42.642712284Z,01JHV0FW25R79DM0T76SWSXJK0,2025-01-17T20:57:42.642712284Z,01JHV0P486WRESYKZZTH3EJ9B1,2025-01-17T20:57:42.642712284Z
01JHV0YZ0DPYABPR3W7FBZ000E,01JHTZVVZ4CV5NPTM1YT383DJJ,2025-01-17T20:58:33.869426502Z,01JHTZVVZCV9EEP59HNP8RGY4M,2025-01-17T20:58:33.869426502Z,01JHV0NYJ9VDBSTKP3FN6ZGB24,2025-01-17T20:58:33.869426502Z,01JHV0VB4KHF49R8KG9FEBGKPW,2025-01-17T20:58:33.869426502Z
01JHV1ERATQHT130KH7TF004PF,01JHTZVTBJMV04PPKHSG1V1YQS,2025-01-17T21:07:11.322524634Z,01JHTZVTBWK92ZX1AA5BAGPHRS,2025-01-17T21:07:11.322524634Z,01JHV11G5BX8AZJ0N0SSNP3BQX,2025-01-17T21:07:11.322524634Z,01JHV1A5BFQPRE3GKGSWBRRC5S,2025-01-17T21:07:11.322524634Z
01JHV0QYAWHME2524G6GX5B6C8,01JHTZVWD7TTKQEXXT0619B1XR,2025-01-17T20:54:43.804428973Z,01JHTZVWDEDPAG6PW0G7FF8J50,2025-01-17T20:54:43.804428973Z,01JHV0FW25R79DM0T76SWSXJK0,2025-01-17T20:54:43.804428973Z,01JHV0P4841GJJ72EV501T6S6B,2025-01-17T20:54:43.804428973Z
01JHV123TT92XJ6M3RM3H9RN7A,01JHTZVVZ4CV5NPTM1YT383DJJ,2025-01-17T21:00:17.114147095Z,01JHTZVVZCV9EEP59HNP8RGY4M,2025-01-17T21:00:17.114147095Z,01JHV0NMPNTG3PDWJ6W2Q1Y6MD,2025-01-17T21:00:17.114147095Z,01JHV0VB4NKND9YMD9F9CMSE14,2025-01-17T21:00:17.114147095Z
01JHV1BHCZHX0795ZDVMRQWXSX,01JHTZVTY2BH6PA7FG2K7GCXAJ,2025-01-17T21:05:25.919655121Z,01JHTZVTYBEPD5ENGBSTHKH3C5,2025-01-17T21:05:25.919655121Z,01JHV0ZEVX4ZARQ1BWSKYG0TP6,2025-01-17T21:05:25.919655121Z,01JHV1620XCHM7S1E3CVAVRDYY,2025-01-17T21:05:25.919655121Z
01JHV1PSCGDY02GSVPJJDPN929,01JHTZVSR277TNYCAVABY7D2H3,2025-01-17T21:11:34.544810268Z,01JHTZVSRB1RFPC4TVC0XG9ZA2,2025-01-17T21:11:34.544810268Z,01JHV11HJSHMZ175XR7EN8GFGW,2025-01-17T21:11:34.544810268Z,01JHV1MZ5XFZTAAVXKYY501V81,2025-01-17T21:11:34.544810268Z
01JHV1T6J6MGVXA328VF2G5G02,01JHTZVSR277TNYCAVABY7D2H3,2025-01-17T21:13:26.342542638Z,01JHTZVSRB1RFPC4TVC0XG9ZA2,2025-01-17T21:13:26.342542638Z,01JHV1DTBH9C0BMNW2J32MFQAV,2025-01-17T21:13:26.342542638Z,01JHV1MZ5Z2FN6D2E77CQGZ18T,2025-01-17T21:13:26.342542638Z
01JHV21ZAJ6GD74F8HNDAH9P42,01JHTZVR71WVY5D8T7C00VZJ1H,2025-01-17T21:17:41.07437443Z,01JHTZVR7HF6BMF2X1ZCXF5VQ4,2025-01-17T21:17:41.07437443Z,01JHV10DFP5XRNF1EZH4JYE6N4,2025-01-17T21:17:41.07437443Z,01JHV1Z6ZQ67BPZ1NV643ZEG60,2025-01-17T21:17:41.07437443Z
01JHV23KRERB492ZNBSJP3PGVY,01JHTZVR71WVY5D8T7C00VZJ1H,2025-01-17T21:18:34.766871384Z,01JHTZVR7HF6BMF2X1ZCXF5VQ4,2025-01-17T21:18:34.766871384Z,01JHV17CDQXAT9HSCXKDBH7TXD,2025-01-17T21:18:34.766871384Z,01JHV1Z6ZS3R8B2WMRYSWB4JQE,2025-01-17T21:18:34.766871384Z
01JHV0VJ99EYGMZC3MD55S9AVE,01JHTZVWD7TTKQEXXT0619B1XR,2025-01-17T20:56:42.537872901Z,01JHTZVWDEDPAG6PW0G7FF8J50,2025-01-17T20:56:42.537872901Z,01JHV0FW25R79DM0T76SWSXJK0,2025-01-17T20:56:42.537872901Z,01JHV0P485XAS8TEWMZ94FDC1N,2025-01-17T20:56:42.537872901Z
01JHV123TT92XJ6M3RMD8EDX8Q,01JHTZVVZ4CV5NPTM1YT383DJJ,2025-01-17T21:00:17.114683765Z,01JHTZVVZCV9EEP59HNP8RGY4M,2025-01-17T21:00:17.114683765Z,01JHV0KVTPMZ3S3PBKYT1A7NP1,2025-01-17T21:00:17.114683765Z,01JHV0VB4NKND9YMD9F9CMSE14,2025-01-17T21:00:17.114683765Z
01JHV1H3CQ0QYPRHW5NQ66M98P,01JHTZVTBJMV04PPKHSG1V1YQS,2025-01-17T21:08:28.183928756Z,01JHTZVTBWK92ZX1AA5BAGPHRS,2025-01-17T21:08:28.183928756Z,01JHV11G5BX8AZJ0N0SSNP3BQX,2025-01-17T21:08:28.183928756Z,01JHV1A5BFQPRE3GKGTEPRBYGN,2025-01-17T21:08:28.183928756Z
01JHV14VH929CBFXX1QN6WZDP7,01JHTZVVDFMVHHA2T5M9CZ1092,2025-01-17T21:01:46.921718953Z,01JHTZVVDP3Y4116VVEK9V998Y,2025-01-17T21:01:46.921718953Z,01JHV0G3712KTA1JVBZ61A669W,2025-01-17T21:01:46.921718953Z,01JHV115XRVXAQNMDSZ34YYHYA,2025-01-17T21:01:46.921718953Z
01JHV1PSCFK0FDGSF1MSQ3HYYQ,01JHTZVSR277TNYCAVABY7D2H3,2025-01-17T21:11:34.54387069Z,01JHTZVSRB1RFPC4TVC0XG9ZA2,2025-01-17T21:11:34.54387069Z,01JHV19KQM5W2339KE2EWB524F,2025-01-17T21:11:34.54387069Z,01JHV1MZ5XFZTAAVXKYY501V81,2025-01-17T21:11:34.54387069Z
01JHV0WFMAK8MRDND77C0YYX0S,01JHTZVWD7TTKQEXXT0619B1XR,2025-01-17T20:57:12.586652368Z,01JHTZVWDEDPAG6PW0G7FF8J50,2025-01-17T20:57:12.586652368Z,01JHV0DMZHD9QEHQVN7PZ2VNXK,2025-01-17T20:57:12.586652368Z,01JHV0P486WRESYKZZSTPKNFT9,2025-01-17T20:57:12.586652368Z
01JHV1BHD0XDJSNJRRQZ7A31GV,01JHTZVTY2BH6PA7FG2K7GCXAJ,2025-01-17T21:05:25.920192101Z,01JHTZVTYBEPD5ENGBSTHKH3C5,2025-01-17T21:05:25.920192101Z,01JHV0ZRH9VGEP6W0JF8DYBJX3,2025-01-17T21:05:25.920192101Z,01JHV1620XCHM7S1E3CVAVRDYY,2025-01-17T21:05:25.920192101Z
01JHV1FJF478G94YVSF1D4MBYV,01JHTZVTBJMV04PPKHSG1V1YQS,2025-01-17T21:07:38.085005448Z,01JHTZVTBWK92ZX1AA5BAGPHRS,2025-01-17T21:07:38.085005448Z,01JHV104A58690FH4GSNXM0Y8Z,2025-01-17T21:07:38.085005448Z,01JHV1A5BH1WEHR57A6AZ3JSWF,2025-01-17T21:07:38.085005448Z
01JHV1QPQZFB1WCE3EVAB7P327,01JHTZVSR277TNYCAVABY7D2H3,2025-01-17T21:12:04.607237264Z,01JHTZVSRB1RFPC4TVC0XG9ZA2,2025-01-17T21:12:04.607237264Z,01JHV17PAP2881HRFVSWMX9XHH,2025-01-17T21:12:04.607237264Z,01JHV1MZ5XFZTAAVXKZGJCZKMN,2025-01-17T21:12:04.607237264Z
01JHV1Z76M65SWKMFVYZGBGPDK,01JHTZVR71WVY5D8T7C00VZJ1H,2025-01-17T21:16:10.836633931Z,01JHTZVR7HF6BMF2X1ZCXF5VQ4,2025-01-17T21:16:10.836633931Z,01JHV19QJJYTGS34XAE534SAH5,2025-01-17T21:16:10.836633931Z,01JHV1Z6ZPCV471F0N249YD6ST,2025-01-17T21:16:10.836633931Z
01JHV0VJ977ABKMQGKG1GQ95PQ,01JHTZVWD7TTKQEXXT0619B1XR,2025-01-17T20:56:42.53547523Z,01JHTZVWDEDPAG6PW0G7FF8J50,2025-01-17T20:56:42.53547523Z,01JHV0DMZHD9QEHQVN7PZ2VNXK,2025-01-17T20:56:42.53547523Z,01JHV0P485XAS8TEWMZ94FDC1N,2025-01-17T20:56:42.53547523Z
01JHV11650E14G784G575RXHV1,01JHTZVVDFMVHHA2T5M9CZ1092,2025-01-17T20:59:46.720076095Z,01JHTZVVDP3Y4116VVEK9V998Y,2025-01-17T20:59:46.720076095Z,01JHV0G15ACW13FRE8D19EKAVC,2025-01-17T20:59:46.720076095Z,01JHV115XPC5GW4Z723V9Y7GMJ,2025-01-17T20:59:46.720076095Z
01JHV16ZD221C52S0HG2Z4CY1M,01JHTZVVDFMVHHA2T5M9CZ1092,2025-01-17T21:02:56.418624788Z,01JHTZVVDP3Y4116VVEK9V998Y,2025-01-17T21:02:56.418624788Z,01JHV0G15ACW13FRE8D19EKAVC,2025-01-17T21:02:56.418624788Z,01JHV115XWA32A9DGGV7RFR01V,2025-01-17T21:02:56.418624788Z
01JHV18M2E0Q52E826PMGP1PW8,01JHTZVTY2BH6PA7FG2K7GCXAJ,2025-01-17T21:03:50.35090759Z,01JHTZVTYBEPD5ENGBSTHKH3C5,2025-01-17T21:03:50.35090759Z,01JHV0ZHDZTY7FMBRXKMB7V8ZH,2025-01-17T21:03:50.35090759Z,01JHV1620YEJ50B3RMEJY3EVWE,2025-01-17T21:03:50.35090759Z
01JHV11650E14G784G5FSCG97H,01JHTZVVDFMVHHA2T5M9CZ1092,2025-01-17T20:59:46.720461667Z,01JHTZVVDP3Y4116VVEK9V998Y,2025-01-17T20:59:46.720461667Z,01JHV0G3712KTA1JVBZ61A669W,2025-01-17T20:59:46.720461667Z,01JHV115XPC5GW4Z723V9Y7GMJ,2025-01-17T20:59:46.720461667Z
01JHV17WRF2T8Y7SQCGEEHHR8D,01JHTZVVDFMVHHA2T5M9CZ1092,2025-01-17T21:03:26.479812604Z,01JHTZVVDP3Y4116VVEK9V998Y,2025-01-17T21:03:26.479812604Z,01JHV0TNRK7XR8QDVABPK2Y0GQ,2025-01-17T21:03:26.479812604Z,01JHV115XXM8BTCBE1S7A7JR1X,2025-01-17T21:03:26.479812604Z
01JHV19AV1HT9JF0YAQFAZDX65,01JHTZVTY2BH6PA7FG2K7GCXAJ,2025-01-17T21:04:13.665566843Z,01JHTZVTYBEPD5ENGBSTHKH3C5,2025-01-17T21:04:13.665566843Z,01JHV0ZEVX4ZARQ1BWSKYG0TP6,2025-01-17T21:04:13.665566843Z,01JHV1620YEJ50B3RMF11V66ND,2025-01-17T21:04:13.665566843Z
01JHV0ZWBP0BXMSR37HKTG1C2V,01JHTZVVZ4CV5NPTM1YT383DJJ,2025-01-17T20:59:03.926226718Z,01JHTZVVZCV9EEP59HNP8RGY4M,2025-01-17T20:59:03.926226718Z,01JHV0NYJ9VDBSTKP3FN6ZGB24,2025-01-17T20:59:03.926226718Z,01JHV0VB4MAV4AZ8D5B4PJTXPG,2025-01-17T20:59:03.926226718Z
01JHV116516735VTNEX7TWB2MZ,01JHTZVVDFMVHHA2T5M9CZ1092,2025-01-17T20:59:46.721195504Z,01JHTZVVDP3Y4116VVEK9V998Y,2025-01-17T20:59:46.721195504Z,01JHV0TNRK7XR8QDVABPK2Y0GQ,2025-01-17T20:59:46.721195504Z,01JHV115XPC5GW4Z723V9Y7GMJ,2025-01-17T20:59:46.721195504Z
01JHV130TR070ABA2M7RWXW766,01JHTZVVDFMVHHA2T5M9CZ1092,2025-01-17T21:00:46.808245826Z,01JHTZVVDP3Y4116VVEK9V998Y,2025-01-17T21:00:46.808245826Z,01JHV0G15ACW13FRE8D19EKAVC,2025-01-17T21:00:46.808245826Z,01JHV115XQMN93BZHDQEXJMNBS,2025-01-17T21:00:46.808245826Z
01JHV0VBC5K1ERE7WDZX7KHQ4N,01JHTZVVZ4CV5NPTM1YT383DJJ,2025-01-17T20:56:35.461579566Z,01JHTZVVZCV9EEP59HNP8RGY4M,2025-01-17T20:56:35.461579566Z,01JHV0NMPNTG3PDWJ6W2Q1Y6MD,2025-01-17T20:56:35.461579566Z,01JHV0VB4H5D6P4VEXKW98RTFD,2025-01-17T20:56:35.461579566Z
01JHV14VH929CBFXX1QF0PSWHT,01JHTZVVDFMVHHA2T5M9CZ1092,2025-01-17T21:01:46.921188309Z,01JHTZVVDP3Y4116VVEK9V998Y,2025-01-17T21:01:46.921188309Z,01JHV0G15ACW13FRE8D19EKAVC,2025-01-17T21:01:46.921188309Z,01JHV115XRVXAQNMDSZ34YYHYA,2025-01-17T21:01:46.921188309Z
01JHV1AP4AFHKGS1FED6FAD702,01JHTZVTY2BH6PA7FG2K7GCXAJ,2025-01-17T21:04:57.994493401Z,01JHTZVTYBEPD5ENGBSTHKH3C5,2025-01-17T21:04:57.994493401Z,01JHV0ZRH9VGEP6W0JF8DYBJX3,2025-01-17T21:04:57.994493401Z,01JHV1620ZRZA6ZBPQ7R2DSGCN,2025-01-17T21:04:57.994493401Z
01JHV0X6200QSMPPG9DDZ5JNFV,01JHTZVVZ4CV5NPTM1YT383DJJ,2025-01-17T20:57:35.552658342Z,01JHTZVVZCV9EEP59HNP8RGY4M,2025-01-17T20:57:35.552658342Z,01JHV0KVTPMZ3S3PBKYT1A7NP1,2025-01-17T20:57:35.552658342Z,01JHV0VB4H5D6P4VEXK973H1N6,2025-01-17T20:57:35.552658342Z
01JHV11BM41J753Z34P4RKACMH,01JHTZVVZ4CV5NPTM1YT383DJJ,2025-01-17T20:59:52.324788675Z,01JHTZVVZCV9EEP59HNP8RGY4M,2025-01-17T20:59:52.324788675Z,01JHV0NYJ9VDBSTKP3FN6ZGB24,2025-01-17T20:59:52.324788675Z,01JHV0VB4KHF49R8KGA3F4TY6N,2025-01-17T20:59:52.324788675Z
01JHV123TSDM41ZRMECCNGWQPR,01JHTZVVZ4CV5NPTM1YT383DJJ,2025-01-17T21:00:17.113813396Z,01JHTZVVZCV9EEP59HNP8RGY4M,2025-01-17T21:00:17.113813396Z,01JHV0P0GTYQYD234HWZRQY6P0,2025-01-17T21:00:17.113813396Z,01JHV0VB4NKND9YMD9F9CMSE14,2025-01-17T21:00:17.113813396Z
01JHV1VRSE26W7E9FG5PWVQ170,01JHTZVSR277TNYCAVABY7D2H3,2025-01-17T21:14:17.774117588Z,01JHTZVSRB1RFPC4TVC0XG9ZA2,2025-01-17T21:14:17.774117588Z,01JHV11HJSHMZ175XR7EN8GFGW,2025-01-17T21:14:17.774117588Z,01JHV1MZ6101Q1FXZXDVG1C87K,2025-01-17T21:14:17.774117588Z
01JHV0Y3D6GX8TZ36E6MYZ5DC8,01JHTZVVZ4CV5NPTM1YT383DJJ,2025-01-17T20:58:05.60651018Z,01JHTZVVZCV9EEP59HNP8RGY4M,2025-01-17T20:58:05.60651018Z,01JHV0NMPNTG3PDWJ6W2Q1Y6MD,2025-01-17T20:58:05.60651018Z,01JHV0VB4JRWZS144D3FZV42FQ,2025-01-17T20:58:05.60651018Z
01JHV19AV0ZBRR4TDF3WCSWE1X,01JHTZVTY2BH6PA7FG2K7GCXAJ,2025-01-17T21:04:13.664502465Z,01JHTZVTYBEPD5ENGBSTHKH3C5,2025-01-17T21:04:13.664502465Z,01JHV0X5840H5NVXFB3GPVGD4R,2025-01-17T21:04:13.664502465Z,01JHV1620YEJ50B3RMF11V66ND,2025-01-17T21:04:13.664502465Z
01JHV23KRFPCV0FA0A6B6QW2EG,01JHTZVR71WVY5D8T7C00VZJ1H,2025-01-17T21:18:34.767611127Z,01JHTZVR7HF6BMF2X1ZCXF5VQ4,2025-01-17T21:18:34.767611127Z,01JHV19QJJYTGS34XAE534SAH5,2025-01-17T21:18:34.767611127Z,01JHV1Z6ZS3R8B2WMRYSWB4JQE,2025-01-17T21:18:34.767611127Z
01JHV1SHEXXJKN7GW75J3DT0N6,01JHTZVSR277TNYCAVABY7D2H3,2025-01-17T21:13:04.733267775Z,01JHTZVSRB1RFPC4TVC0XG9ZA2,2025-01-17T21:13:04.733267775Z,01JHV19KQM5W2339KE2EWB524F,2025-01-17T21:13:04.733267775Z,01JHV1MZ6101Q1FXZXDDNXKT9S,2025-01-17T21:13:04.733267775Z
01JHV24V2B3G6WD57Y0F3HFDAH,01JHTZVR71WVY5D8T7C00VZJ1H,2025-01-17T21:19:15.019746371Z,01JHTZVR7HF6BMF2X1ZCXF5VQ4,2025-01-17T21:19:15.019746371Z,01JHV17CDQXAT9HSCXKDBH7TXD,2025-01-17T21:19:15.019746371Z,01JHV1Z6ZVHFCSM7VW64C6RE34,2025-01-17T21:19:15.019746371Z
01JHV0VJ977ABKMQGKFW2CPET8,01JHTZVWD7TTKQEXXT0619B1XR,2025-01-17T20:56:42.535247008Z,01JHTZVWDEDPAG6PW0G7FF8J50,2025-01-17T20:56:42.535247008Z,01JHV0E1VVCFSP624SZ7K6E5CN,2025-01-17T20:56:42.535247008Z,01JHV0P485XAS8TEWMZ94FDC1N,2025-01-17T20:56:42.535247008Z
01JHV0WFMAK8MRDND77RPP3QEB,01JHTZVWD7TTKQEXXT0619B1XR,2025-01-17T20:57:12.586980374Z,01JHTZVWDEDPAG6PW0G7FF8J50,2025-01-17T20:57:12.586980374Z,01JHV0E1VVCFSP624SZ7K6E5CN,2025-01-17T20:57:12.586980374Z,01JHV0P486WRESYKZZSTPKNFT9,2025-01-17T20:57:12.586980374Z
01JHV1C08T7DNZAQD5GEKFECD0,01JHTZVTBJMV04PPKHSG1V1YQS,2025-01-17T21:05:41.146110135Z,01JHTZVTBWK92ZX1AA5BAGPHRS,2025-01-17T21:05:41.146110135Z,01JHV0PNJ0HBSA5B9NEP0MCWAK,2025-01-17T21:05:41.146110135Z,01JHV1A5BED2CHG1ZH94PM5NNZ,2025-01-17T21:05:41.146110135Z
01JHV1DTZD0QBCHC57MV1B2KG3,01JHTZVTBJMV04PPKHSG1V1YQS,2025-01-17T21:06:41.261151952Z,01JHTZVTBWK92ZX1AA5BAGPHRS,2025-01-17T21:06:41.261151952Z,01JHV11G5BX8AZJ0N0SSNP3BQX,2025-01-17T21:06:41.261151952Z,01JHV1A5BGW4Y6GH7FYK7CCGFQ,2025-01-17T21:06:41.261151952Z
01JHV1H3CRHHAGPSN03RKY1GEQ,01JHTZVTBJMV04PPKHSG1V1YQS,2025-01-17T21:08:28.184862108Z,01JHTZVTBWK92ZX1AA5BAGPHRS,2025-01-17T21:08:28.184862108Z,01JHV0PNJ0HBSA5B9NEP0MCWAK,2025-01-17T21:08:28.184862108Z,01JHV1A5BFQPRE3GKGTEPRBYGN,2025-01-17T21:08:28.184862108Z
01JHV116516735VTNEXD77SD4E,01JHTZVVDFMVHHA2T5M9CZ1092,2025-01-17T20:59:46.721542574Z,01JHTZVVDP3Y4116VVEK9V998Y,2025-01-17T20:59:46.721542574Z,01JHV0NW35PJEM6C33Q9D607HT,2025-01-17T20:59:46.721542574Z,01JHV115XPC5GW4Z723V9Y7GMJ,2025-01-17T20:59:46.721542574Z
01JHV17WXXNE58MQJRYKHJ39R6,01JHTZVTY2BH6PA7FG2K7GCXAJ,2025-01-17T21:03:26.653111356Z,01JHTZVTYBEPD5ENGBSTHKH3C5,2025-01-17T21:03:26.653111356Z,01JHV0ZEVX4ZARQ1BWSKYG0TP6,2025-01-17T21:03:26.653111356Z,01JHV1620XCHM7S1E3CA9FMCEF,2025-01-17T21:03:26.653111356Z
01JHV1C08VDS3Q2D52EGSNCCM7,01JHTZVTBJMV04PPKHSG1V1YQS,2025-01-17T21:05:41.147553755Z,01JHTZVTBWK92ZX1AA5BAGPHRS,2025-01-17T21:05:41.147553755Z,01JHV12SBPYVWY5Y0WRJT0B3TQ,2025-01-17T21:05:41.147553755Z,01JHV1A5BED2CHG1ZH94PM5NNZ,2025-01-17T21:05:41.147553755Z
01JHV1T6J5GMCFMDPVKPE3TKF4,01JHTZVSR277TNYCAVABY7D2H3,2025-01-17T21:13:26.341117614Z,01JHTZVSRB1RFPC4TVC0XG9ZA2,2025-01-17T21:13:26.341117614Z,01JHV19KQM5W2339KE2EWB524F,2025-01-17T21:13:26.341117614Z,01JHV1MZ5Z2FN6D2E77CQGZ18T,2025-01-17T21:13:26.341117614Z
01JHV25Q2JTQTPXFP8E5REPD6D,01JHTZVR71WVY5D8T7C00VZJ1H,2025-01-17T21:19:43.698707357Z,01JHTZVR7HF6BMF2X1ZCXF5VQ4,2025-01-17T21:19:43.698707357Z,01JHV19QJJYTGS34XAE534SAH5,2025-01-17T21:19:43.698707357Z,01JHV1Z6ZWMAD5XSDB39AP4DE4,2025-01-17T21:19:43.698707357Z
01JHV11BM5WH1BEKD04JQYDMNG,01JHTZVVZ4CV5NPTM1YT383DJJ,2025-01-17T20:59:52.325155588Z,01JHTZVVZCV9EEP59HNP8RGY4M,2025-01-17T20:59:52.325155588Z,01JHV0P0GTYQYD234HWZRQY6P0,2025-01-17T20:59:52.325155588Z,01JHV0VB4KHF49R8KGA3F4TY6N,2025-01-17T20:59:52.325155588Z
01JHV14VHA4XFRT3QXP46CE042,01JHTZVVDFMVHHA2T5M9CZ1092,2025-01-17T21:01:46.922134541Z,01JHTZVVDP3Y4116VVEK9V998Y,2025-01-17T21:01:46.922134541Z,01JHV0NW35PJEM6C33Q9D607HT,2025-01-17T21:01:46.922134541Z,01JHV115XRVXAQNMDSZ34YYHYA,2025-01-17T21:01:46.922134541Z
01JHV18M2HQ79ZAR2DBMEB1GM3,01JHTZVTY2BH6PA7FG2K7GCXAJ,2025-01-17T21:03:50.353114817Z,01JHTZVTYBEPD5ENGBSTHKH3C5,2025-01-17T21:03:50.353114817Z,01JHV0ZRH9VGEP6W0JF8DYBJX3,2025-01-17T21:03:50.353114817Z,01JHV1620YEJ50B3RMEJY3EVWE,2025-01-17T21:03:50.353114817Z
01JHV1RM3C3TDPCZA1B2J95VA2,01JHTZVSR277TNYCAVABY7D2H3,2025-01-17T21:12:34.668374789Z,01JHTZVSRB1RFPC4TVC0XG9ZA2,2025-01-17T21:12:34.668374789Z,01JHV19KQM5W2339KE2EWB524F,2025-01-17T21:12:34.668374789Z,01JHV1MZ5YB9H2PYQZCXN412K0,2025-01-17T21:12:34.668374789Z
01JHV1ERAS3G37NMDMD5DAXVJM,01JHTZVTBJMV04PPKHSG1V1YQS,2025-01-17T21:07:11.321857638Z,01JHTZVTBWK92ZX1AA5BAGPHRS,2025-01-17T21:07:11.321857638Z,01JHV104A58690FH4GSNXM0Y8Z,2025-01-17T21:07:11.321857638Z,01JHV1A5BFQPRE3GKGSWBRRC5S,2025-01-17T21:07:11.321857638Z
01JHV23KRGCAXFZZDZ3ZR1GEP1,01JHTZVR71WVY5D8T7C00VZJ1H,2025-01-17T21:18:34.768577731Z,01JHTZVR7HF6BMF2X1ZCXF5VQ4,2025-01-17T21:18:34.768577731Z,01JHV1HZZ852RMCXMYBD3H03ZX,2025-01-17T21:18:34.768577731Z,01JHV1Z6ZS3R8B2WMRYSWB4JQE,2025-01-17T21:18:34.768577731Z
01JHV0SS18CXPT1C9QRNQXK4P3,01JHTZVWD7TTKQEXXT0619B1XR,2025-01-17T20:55:43.912266459Z,01JHTZVWDEDPAG6PW0G7FF8J50,2025-01-17T20:55:43.912266459Z,01JHV0FW25R79DM0T76SWSXJK0,2025-01-17T20:55:43.912266459Z,01JHV0P485XAS8TEWMYM9A58M9,2025-01-17T20:55:43.912266459Z
01JHV0SS18CXPT1C9QRX109899,01JHTZVWD7TTKQEXXT0619B1XR,2025-01-17T20:55:43.912669218Z,01JHTZVWDEDPAG6PW0G7FF8J50,2025-01-17T20:55:43.912669218Z,01JHV0DMZHD9QEHQVN7PZ2VNXK,2025-01-17T20:55:43.912669218Z,01JHV0P485XAS8TEWMYM9A58M9,2025-01-17T20:55:43.912669218Z
01JHV10K41A1KRPBQ072XCEDQ4,01JHTZVVZ4CV5NPTM1YT383DJJ,2025-01-17T20:59:27.233455968Z,01JHTZVVZCV9EEP59HNP8RGY4M,2025-01-17T20:59:27.233455968Z,01JHV0KVTPMZ3S3PBKYT1A7NP1,2025-01-17T20:59:27.233455968Z,01JHV0VB4MAV4AZ8D5BKQQ2KWK,2025-01-17T20:59:27.233455968Z
01JHV19YS22PXVEDB64BX38B28,01JHTZVTY2BH6PA7FG2K7GCXAJ,2025-01-17T21:04:34.082888574Z,01JHTZVTYBEPD5ENGBSTHKH3C5,2025-01-17T21:04:34.082888574Z,01JHV0ZHDZTY7FMBRXKMB7V8ZH,2025-01-17T21:04:34.082888574Z,01JHV1620ZRZA6ZBPQ72ZAXZZ7,2025-01-17T21:04:34.082888574Z
01JHV25Q2KNZ12JWKAK0VNGCAY,01JHTZVR71WVY5D8T7C00VZJ1H,2025-01-17T21:19:43.699489471Z,01JHTZVR7HF6BMF2X1ZCXF5VQ4,2025-01-17T21:19:43.699489471Z,01JHV17CDQXAT9HSCXKDBH7TXD,2025-01-17T21:19:43.699489471Z,01JHV1Z6ZWMAD5XSDB39AP4DE4,2025-01-17T21:19:43.699489471Z
01JHV0ZWBP0BXMSR37HYAG5XXR,01JHTZVVZ4CV5NPTM1YT383DJJ,2025-01-17T20:59:03.926591237Z,01JHTZVVZCV9EEP59HNP8RGY4M,2025-01-17T20:59:03.926591237Z,01JHV0NMPNTG3PDWJ6W2Q1Y6MD,2025-01-17T20:59:03.926591237Z,01JHV0VB4MAV4AZ8D5B4PJTXPG,2025-01-17T20:59:03.926591237Z
01JHV16B8YDN840M6MTW2DCHHK,01JHTZVVDFMVHHA2T5M9CZ1092,2025-01-17T21:02:35.806229231Z,01JHTZVVDP3Y4116VVEK9V998Y,2025-01-17T21:02:35.806229231Z,01JHV0NW35PJEM6C33Q9D607HT,2025-01-17T21:02:35.806229231Z,01JHV115XWA32A9DGGTPG2AQPR,2025-01-17T21:02:35.806229231Z
01JHV1A5K03A9W7XZ5B5KC1C9E,01JHTZVTBJMV04PPKHSG1V1YQS,2025-01-17T21:04:41.056945855Z,01JHTZVTBWK92ZX1AA5BAGPHRS,2025-01-17T21:04:41.056945855Z,01JHV0PNJ0HBSA5B9NEP0MCWAK,2025-01-17T21:04:41.056945855Z,01JHV1A5BDZY1Z6KRJ7430P1F8,2025-01-17T21:04:41.056945855Z
01JHV1MZBCQNX51YGJN0SWV3DT,01JHTZVSR277TNYCAVABY7D2H3,2025-01-17T21:10:35.11665785Z,01JHTZVSRB1RFPC4TVC0XG9ZA2,2025-01-17T21:10:35.11665785Z,01JHV19KQM5W2339KE2EWB524F,2025-01-17T21:10:35.11665785Z,01JHV1MZ5VJ5H2563X8DF377G2,2025-01-17T21:10:35.11665785Z
01JHV1TXK7J4HQZMRCK9Q0Y925,01JHTZVSR277TNYCAVABY7D2H3,2025-01-17T21:13:49.927029633Z,01JHTZVSRB1RFPC4TVC0XG9ZA2,2025-01-17T21:13:49.927029633Z,01JHV19KQM5W2339KE2EWB524F,2025-01-17T21:13:49.927029633Z,01JHV1MZ60BJXP6HK3D6BWMK17,2025-01-17T21:13:49.927029633Z
01JHV0YZ0CJP9QR99AFJQSE3P0,01JHTZVVZ4CV5NPTM1YT383DJJ,2025-01-17T20:58:33.868910175Z,01JHTZVVZCV9EEP59HNP8RGY4M,2025-01-17T20:58:33.868910175Z,01JHV0P0GTYQYD234HWZRQY6P0,2025-01-17T20:58:33.868910175Z,01JHV0VB4KHF49R8KG9FEBGKPW,2025-01-17T20:58:33.868910175Z
01JHV17WRE3DSVAYAEH3GY8NT6,01JHTZVVDFMVHHA2T5M9CZ1092,2025-01-17T21:03:26.478954696Z,01JHTZVVDP3Y4116VVEK9V998Y,2025-01-17T21:03:26.478954696Z,01JHV0G15ACW13FRE8D19EKAVC,2025-01-17T21:03:26.478954696Z,01JHV115XXM8BTCBE1S7A7JR1X,2025-01-17T21:03:26.478954696Z
01JHV1FJF6KYQ4T0RB33TXMRTN,01JHTZVTBJMV04PPKHSG1V1YQS,2025-01-17T21:07:38.086593344Z,01JHTZVTBWK92ZX1AA5BAGPHRS,2025-01-17T21:07:38.086593344Z,01JHV12SBPYVWY5Y0WRJT0B3TQ,2025-01-17T21:07:38.086593344Z,01JHV1A5BH1WEHR57A6AZ3JSWF,2025-01-17T21:07:38.086593344Z
01JHV1G61CXJ88NP7K8F7RZQKZ,01JHTZVTBJMV04PPKHSG1V1YQS,2025-01-17T21:07:58.124058336Z,01JHTZVTBWK92ZX1AA5BAGPHRS,2025-01-17T21:07:58.124058336Z,01JHV0PNJ0HBSA5B9NEP0MCWAK,2025-01-17T21:07:58.124058336Z,01JHV1A5BJPY9JN8YACHHCYCKY,2025-01-17T21:07:58.124058336Z
01JHV247F38WM59MY79D52C4QS,01JHTZVR71WVY5D8T7C00VZJ1H,2025-01-17T21:18:54.947892553Z,01JHTZVR7HF6BMF2X1ZCXF5VQ4,2025-01-17T21:18:54.947892553Z,01JHV17CDQXAT9HSCXKDBH7TXD,2025-01-17T21:18:54.947892553Z,01JHV1Z6ZVHFCSM7VW5DP0EDMM,2025-01-17T21:18:54.947892553Z
01JHV211YYH1FG4DEZGVQ0VEBM,01JHTZVR71WVY5D8T7C00VZJ1H,2025-01-17T21:17:11.0064536Z,01JHTZVR7HF6BMF2X1ZCXF5VQ4,2025-01-17T21:17:11.0064536Z,01JHV10DFP5XRNF1EZH4JYE6N4,2025-01-17T21:17:11.0064536Z,01JHV1Z6ZR7WTAEX9Y7B545TM8,2025-01-17T21:17:11.0064536Z
01JHV0P4G0X8SPTYAG9PDA3NAA,01JHTZVWD7TTKQEXXT0619B1XR,2025-01-17T20:53:44.576756956Z,01JHTZVWDEDPAG6PW0G7FF8J50,2025-01-17T20:53:44.576756956Z,01JHV0FW25R79DM0T76SWSXJK0,2025-01-17T20:53:44.576756956Z,01JHV0P483NWR8AP903VVAHFB6,2025-01-17T20:53:44.576756956Z
01JHV0VJ96635WMZBTMXRKC5RQ,01JHTZVWD7TTKQEXXT0619B1XR,2025-01-17T20:56:42.534910035Z,01JHTZVWDEDPAG6PW0G7FF8J50,2025-01-17T20:56:42.534910035Z,01JHV0CRH03JS42QW8BW28EGBV,2025-01-17T20:56:42.534910035Z,01JHV0P485XAS8TEWMZ94FDC1N,2025-01-17T20:56:42.534910035Z
01JHV14VHA4XFRT3QXPDEMXQNE,01JHTZVVDFMVHHA2T5M9CZ1092,2025-01-17T21:01:46.922465083Z,01JHTZVVDP3Y4116VVEK9V998Y,2025-01-17T21:01:46.922465083Z,01JHV0TNRK7XR8QDVABPK2Y0GQ,2025-01-17T21:01:46.922465083Z,01JHV115XRVXAQNMDSZ34YYHYA,2025-01-17T21:01:46.922465083Z
01JHV16B8XRX6212X2PNVG19NA,01JHTZVVDFMVHHA2T5M9CZ1092,2025-01-17T21:02:35.805144234Z,01JHTZVVDP3Y4116VVEK9V998Y,2025-01-17T21:02:35.805144234Z,01JHV0G15ACW13FRE8D19EKAVC,2025-01-17T21:02:35.805144234Z,01JHV115XWA32A9DGGTPG2AQPR,2025-01-17T21:02:35.805144234Z
01JHV1ERAV6T6R719MMCPS89GF,01JHTZVTBJMV04PPKHSG1V1YQS,2025-01-17T21:07:11.323101818Z,01JHTZVTBWK92ZX1AA5BAGPHRS,2025-01-17T21:07:11.323101818Z,01JHV0PNJ0HBSA5B9NEP0MCWAK,2025-01-17T21:07:11.323101818Z,01JHV1A5BFQPRE3GKGSWBRRC5S,2025-01-17T21:07:11.323101818Z
01JHV0QYAV7BM8CHMHZCNVFBNC,01JHTZVWD7TTKQEXXT0619B1XR,2025-01-17T20:54:43.803237912Z,01JHTZVWDEDPAG6PW0G7FF8J50,2025-01-17T20:54:43.803237912Z,01JHV0CRH03JS42QW8BW28EGBV,2025-01-17T20:54:43.803237912Z,01JHV0P4841GJJ72EV501T6S6B,2025-01-17T20:54:43.803237912Z
01JHV0X62109AJ5K87FCT4B3PW,01JHTZVVZ4CV5NPTM1YT383DJJ,2025-01-17T20:57:35.553798834Z,01JHTZVVZCV9EEP59HNP8RGY4M,2025-01-17T20:57:35.553798834Z,01JHV0NYJ9VDBSTKP3FN6ZGB24,2025-01-17T20:57:35.553798834Z,01JHV0VB4H5D6P4VEXK973H1N6,2025-01-17T20:57:35.553798834Z
01JHV17WRE3DSVAYAEGZP8XWYV,01JHTZVVDFMVHHA2T5M9CZ1092,2025-01-17T21:03:26.478475898Z,01JHTZVVDP3Y4116VVEK9V998Y,2025-01-17T21:03:26.478475898Z,01JHV0NW35PJEM6C33Q9D607HT,2025-01-17T21:03:26.478475898Z,01JHV115XXM8BTCBE1S7A7JR1X,2025-01-17T21:03:26.478475898Z
01JHV247F52ERCAGNTHQH7XRDB,01JHTZVR71WVY5D8T7C00VZJ1H,2025-01-17T21:18:54.949468935Z,01JHTZVR7HF6BMF2X1ZCXF5VQ4,2025-01-17T21:18:54.949468935Z,01JHV19QJJYTGS34XAE534SAH5,2025-01-17T21:18:54.949468935Z,01JHV1Z6ZVHFCSM7VW5DP0EDMM,2025-01-17T21:18:54.949468935Z
01JHV1CXM30ZHPKDQ1FDRKQ4MT,01JHTZVTBJMV04PPKHSG1V1YQS,2025-01-17T21:06:11.203499953Z,01JHTZVTBWK92ZX1AA5BAGPHRS,2025-01-17T21:06:11.203499953Z,01JHV104A58690FH4GSNXM0Y8Z,2025-01-17T21:06:11.203499953Z,01JHV1A5BH1WEHR57A5PFTBTNY,2025-01-17T21:06:11.203499953Z
01JHV1FJF5YFWVEAM7D74QJHN9,01JHTZVTBJMV04PPKHSG1V1YQS,2025-01-17T21:07:38.085582679Z,01JHTZVTBWK92ZX1AA5BAGPHRS,2025-01-17T21:07:38.085582679Z,01JHV0PNJ0HBSA5B9NEP0MCWAK,2025-01-17T21:07:38.085582679Z,01JHV1A5BH1WEHR57A6AZ3JSWF,2025-01-17T21:07:38.085582679Z
01JHV1G61BZFESRWQAR1CXNYSY,01JHTZVTBJMV04PPKHSG1V1YQS,2025-01-17T21:07:58.123378318Z,01JHTZVTBWK92ZX1AA5BAGPHRS,2025-01-17T21:07:58.123378318Z,01JHV11G5BX8AZJ0N0SSNP3BQX,2025-01-17T21:07:58.123378318Z,01JHV1A5BJPY9JN8YACHHCYCKY,2025-01-17T21:07:58.123378318Z
01JHV0TMY560FWNYG5F2NGN938,01JHTZVWD7TTKQEXXT0619B1XR,2025-01-17T20:56:12.485842054Z,01JHTZVWDEDPAG6PW0G7FF8J50,2025-01-17T20:56:12.485842054Z,01JHV0DMZHD9QEHQVN7PZ2VNXK,2025-01-17T20:56:12.485842054Z,01JHV0P486WRESYKZZTXKQJEGC,2025-01-17T20:56:12.485842054Z
01JHV11BM41J753Z34NSMF3AXM,01JHTZVVZ4CV5NPTM1YT383DJJ,2025-01-17T20:59:52.324252421Z,01JHTZVVZCV9EEP59HNP8RGY4M,2025-01-17T20:59:52.324252421Z,01JHV0NMPNTG3PDWJ6W2Q1Y6MD,2025-01-17T20:59:52.324252421Z,01JHV0VB4KHF49R8KGA3F4TY6N,2025-01-17T20:59:52.324252421Z
01JHV13Y60161SQ0EVPA5RYQC4,01JHTZVVDFMVHHA2T5M9CZ1092,2025-01-17T21:01:16.864749404Z,01JHTZVVDP3Y4116VVEK9V998Y,2025-01-17T21:01:16.864749404Z,01JHV0TNRK7XR8QDVABPK2Y0GQ,2025-01-17T21:01:16.864749404Z,01JHV115XSM7KF056KYYEQATJS,2025-01-17T21:01:16.864749404Z
01JHV16ZD3QFSRFCMPHTR3SR0Z,01JHTZVVDFMVHHA2T5M9CZ1092,2025-01-17T21:02:56.419181458Z,01JHTZVVDP3Y4116VVEK9V998Y,2025-01-17T21:02:56.419181458Z,01JHV0NW35PJEM6C33Q9D607HT,2025-01-17T21:02:56.419181458Z,01JHV115XWA32A9DGGV7RFR01V,2025-01-17T21:02:56.419181458Z
01JHV19YS1G7PAKXWTJHNKG0GG,01JHTZVTY2BH6PA7FG2K7GCXAJ,2025-01-17T21:04:34.081583753Z,01JHTZVTYBEPD5ENGBSTHKH3C5,2025-01-17T21:04:34.081583753Z,01JHV0X5840H5NVXFB3GPVGD4R,2025-01-17T21:04:34.081583753Z,01JHV1620ZRZA6ZBPQ72ZAXZZ7,2025-01-17T21:04:34.081583753Z
01JHV22WPDMDDM0TPF9AAX9PDZ,01JHTZVR71WVY5D8T7C00VZJ1H,2025-01-17T21:18:11.14955762Z,01JHTZVR7HF6BMF2X1ZCXF5VQ4,2025-01-17T21:18:11.14955762Z,01JHV19QJJYTGS34XAE534SAH5,2025-01-17T21:18:11.14955762Z,01JHV1Z6ZTP0AJ54SRR8KXP32X,2025-01-17T21:18:11.14955762Z
01JHV0XCZJVCJMMGVFBE9DHPX3,01JHTZVWD7TTKQEXXT0619B1XR,2025-01-17T20:57:42.642406502Z,01JHTZVWDEDPAG6PW0G7FF8J50,2025-01-17T20:57:42.642406502Z,01JHV0DMZHD9QEHQVN7PZ2VNXK,2025-01-17T20:57:42.642406502Z,01JHV0P486WRESYKZZTH3EJ9B1,2025-01-17T20:57:42.642406502Z
01JHV17WXV1MANE5PM3K2YWVT0,01JHTZVTY2BH6PA7FG2K7GCXAJ,2025-01-17T21:03:26.651221659Z,01JHTZVTYBEPD5ENGBSTHKH3C5,2025-01-17T21:03:26.651221659Z,01JHV0X5840H5NVXFB3GPVGD4R,2025-01-17T21:03:26.651221659Z,01JHV1620XCHM7S1E3CA9FMCEF,2025-01-17T21:03:26.651221659Z
01JHV1PSCH4H8KTXMEN5W0XX47,01JHTZVSR277TNYCAVABY7D2H3,2025-01-17T21:11:34.545862759Z,01JHTZVSRB1RFPC4TVC0XG9ZA2,2025-01-17T21:11:34.545862759Z,01JHV17PAP2881HRFVSWMX9XHH,2025-01-17T21:11:34.545862759Z,01JHV1MZ5XFZTAAVXKYY501V81,2025-01-17T21:11:34.545862759Z
01JHV1RM3D5KMSR14MHMGEE4EV,01JHTZVSR277TNYCAVABY7D2H3,2025-01-17T21:12:34.669887801Z,01JHTZVSRB1RFPC4TVC0XG9ZA2,2025-01-17T21:12:34.669887801Z,01JHV17PAP2881HRFVSWMX9XHH,2025-01-17T21:12:34.669887801Z,01JHV1MZ5YB9H2PYQZCXN412K0,2025-01-17T21:12:34.669887801Z
01JHV1TXK61C4EMQF0SM0MBC49,01JHTZVSR277TNYCAVABY7D2H3,2025-01-17T21:13:49.926418031Z,01JHTZVSRB1RFPC4TVC0XG9ZA2,2025-01-17T21:13:49.926418031Z,01JHV11HJSHMZ175XR7EN8GFGW,2025-01-17T21:13:49.926418031Z,01JHV1MZ60BJXP6HK3D6BWMK17,2025-01-17T21:13:49.926418031Z
01JHV10K40SKCX2142XXDVQJ3A,01JHTZVVZ4CV5NPTM1YT383DJJ,2025-01-17T20:59:27.232997537Z,01JHTZVVZCV9EEP59HNP8RGY4M,2025-01-17T20:59:27.232997537Z,01JHV0NYJ9VDBSTKP3FN6ZGB24,2025-01-17T20:59:27.232997537Z,01JHV0VB4MAV4AZ8D5BKQQ2KWK,2025-01-17T20:59:27.232997537Z
01JHV1CXM2Q9DDEWMV3AKXZZ3D,01JHTZVTBJMV04PPKHSG1V1YQS,2025-01-17T21:06:11.202689055Z,01JHTZVTBWK92ZX1AA5BAGPHRS,2025-01-17T21:06:11.202689055Z,01JHV0PNJ0HBSA5B9NEP0MCWAK,2025-01-17T21:06:11.202689055Z,01JHV1A5BH1WEHR57A5PFTBTNY,2025-01-17T21:06:11.202689055Z
01JHV1PSCJFCKYPX91JF3VX7P6,01JHTZVSR277TNYCAVABY7D2H3,2025-01-17T21:11:34.546797565Z,01JHTZVSRB1RFPC4TVC0XG9ZA2,2025-01-17T21:11:34.546797565Z,01JHV1DTBH9C0BMNW2J32MFQAV,2025-01-17T21:11:34.546797565Z,01JHV1MZ5XFZTAAVXKYY501V81,2025-01-17T21:11:34.546797565Z
01JHV1SHEWH2FBE2W3D2204G8N,01JHTZVSR277TNYCAVABY7D2H3,2025-01-17T21:13:04.732440412Z,01JHTZVSRB1RFPC4TVC0XG9ZA2,2025-01-17T21:13:04.732440412Z,01JHV1DTBH9C0BMNW2J32MFQAV,2025-01-17T21:13:04.732440412Z,01JHV1MZ6101Q1FXZXDDNXKT9S,2025-01-17T21:13:04.732440412Z
01JHV1G61CXJ88NP7K8RTT5ZWV,01JHTZVTBJMV04PPKHSG1V1YQS,2025-01-17T21:07:58.124670427Z,01JHTZVTBWK92ZX1AA5BAGPHRS,2025-01-17T21:07:58.124670427Z,01JHV104A58690FH4GSNXM0Y8Z,2025-01-17T21:07:58.124670427Z,01JHV1A5BJPY9JN8YACHHCYCKY,2025-01-17T21:07:58.124670427Z
01JHV1QPR1KFF27CQAHSY7QC6K,01JHTZVSR277TNYCAVABY7D2H3,2025-01-17T21:12:04.609372979Z,01JHTZVSRB1RFPC4TVC0XG9ZA2,2025-01-17T21:12:04.609372979Z,01JHV1DTBH9C0BMNW2J32MFQAV,2025-01-17T21:12:04.609372979Z,01JHV1MZ5XFZTAAVXKZGJCZKMN,2025-01-17T21:12:04.609372979Z
01JHV1SHEV2JNJSN2MPD43SVQ0,01JHTZVSR277TNYCAVABY7D2H3,2025-01-17T21:13:04.731679567Z,01JHTZVSRB1RFPC4TVC0XG9ZA2,2025-01-17T21:13:04.731679567Z,01JHV17PAP2881HRFVSWMX9XHH,2025-01-17T21:13:04.731679567Z,01JHV1MZ6101Q1FXZXDDNXKT9S,2025-01-17T21:13:04.731679567Z
01JHV1VRSCRQ3GHT105383528J,01JHTZVSR277TNYCAVABY7D2H3,2025-01-17T21:14:17.772633341Z,01JHTZVSRB1RFPC4TVC0XG9ZA2,2025-01-17T21:14:17.772633341Z,01JHV17PAP2881HRFVSWMX9XHH,2025-01-17T21:14:17.772633341Z,01JHV1MZ6101Q1FXZXDVG1C87K,2025-01-17T21:14:17.772633341Z
01JHV21ZAKKCQXNMBBEZ0FH1T0,01JHTZVR71WVY5D8T7C00VZJ1H,2025-01-17T21:17:41.07526349Z,01JHTZVR7HF6BMF2X1ZCXF5VQ4,2025-01-17T21:17:41.07526349Z,01JHV19QJJYTGS34XAE534SAH5,2025-01-17T21:17:41.07526349Z,01JHV1Z6ZQ67BPZ1NV643ZEG60,2025-01-17T21:17:41.07526349Z
01JHV16288BHHFBDW72Y96JPRK,01JHTZVTY2BH6PA7FG2K7GCXAJ,2025-01-17T21:02:26.568609852Z,01JHTZVTYBEPD5ENGBSTHKH3C5,2025-01-17T21:02:26.568609852Z,01JHV0X5840H5NVXFB3GPVGD4R,2025-01-17T21:02:26.568609852Z,01JHV1620WW59177XSFGNQ9Z8W,2025-01-17T21:02:26.568609852Z
01JHV1AP49106S3WRZG58YF057,01JHTZVTY2BH6PA7FG2K7GCXAJ,2025-01-17T21:04:57.993386508Z,01JHTZVTYBEPD5ENGBSTHKH3C5,2025-01-17T21:04:57.993386508Z,01JHV0ZHDZTY7FMBRXKMB7V8ZH,2025-01-17T21:04:57.993386508Z,01JHV1620ZRZA6ZBPQ7R2DSGCN,2025-01-17T21:04:57.993386508Z
01JHV1AP48DS95DZREF36SA2SG,01JHTZVTY2BH6PA7FG2K7GCXAJ,2025-01-17T21:04:57.992765358Z,01JHTZVTYBEPD5ENGBSTHKH3C5,2025-01-17T21:04:57.992765358Z,01JHV0X5840H5NVXFB3GPVGD4R,2025-01-17T21:04:57.992765358Z,01JHV1620ZRZA6ZBPQ7R2DSGCN,2025-01-17T21:04:57.992765358Z
01JHV1C08S4X6CK8K83CY0G5VM,01JHTZVTBJMV04PPKHSG1V1YQS,2025-01-17T21:05:41.145502825Z,01JHTZVTBWK92ZX1AA5BAGPHRS,2025-01-17T21:05:41.145502825Z,01JHV104A58690FH4GSNXM0Y8Z,2025-01-17T21:05:41.145502825Z,01JHV1A5BED2CHG1ZH94PM5NNZ,2025-01-17T21:05:41.145502825Z
01JHV1CERAFVRF6AJMRF9EQ5DQ,01JHTZVTY2BH6PA7FG2K7GCXAJ,2025-01-17T21:05:55.978053757Z,01JHTZVTYBEPD5ENGBSTHKH3C5,2025-01-17T21:05:55.978053757Z,01JHV0ZHDZTY7FMBRXKMB7V8ZH,2025-01-17T21:05:55.978053757Z,01JHV16210SFJP1XWYAYSERXQX,2025-01-17T21:05:55.978053757Z
01JHV0VBC4C5P2XFPT6C4NPBNG,01JHTZVVZ4CV5NPTM1YT383DJJ,2025-01-17T20:56:35.460697824Z,01JHTZVVZCV9EEP59HNP8RGY4M,2025-01-17T20:56:35.460697824Z,01JHV0KVTPMZ3S3PBKYT1A7NP1,2025-01-17T20:56:35.460697824Z,01JHV0VB4H5D6P4VEXKW98RTFD,2025-01-17T20:56:35.460697824Z
01JHV19AV1HT9JF0YAQ5T7NTEQ,01JHTZVTY2BH6PA7FG2K7GCXAJ,2025-01-17T21:04:13.665049578Z,01JHTZVTYBEPD5ENGBSTHKH3C5,2025-01-17T21:04:13.665049578Z,01JHV0ZHDZTY7FMBRXKMB7V8ZH,2025-01-17T21:04:13.665049578Z,01JHV1620YEJ50B3RMF11V66ND,2025-01-17T21:04:13.665049578Z
01JHV1TXK8KYT0S8CZT976S6JM,01JHTZVSR277TNYCAVABY7D2H3,2025-01-17T21:13:49.92845118Z,01JHTZVSRB1RFPC4TVC0XG9ZA2,2025-01-17T21:13:49.92845118Z,01JHV1DTBH9C0BMNW2J32MFQAV,2025-01-17T21:13:49.92845118Z,01JHV1MZ60BJXP6HK3D6BWMK17,2025-01-17T21:13:49.92845118Z
01JHV0WFMAK8MRDND76MWX1BS0,01JHTZVWD7TTKQEXXT0619B1XR,2025-01-17T20:57:12.586083282Z,01JHTZVWDEDPAG6PW0G7FF8J50,2025-01-17T20:57:12.586083282Z,01JHV0CRH03JS42QW8BW28EGBV,2025-01-17T20:57:12.586083282Z,01JHV0P486WRESYKZZSTPKNFT9,2025-01-17T20:57:12.586083282Z
01JHV11BM3P7BFDTF6PRQSS0W8,01JHTZVVZ4CV5NPTM1YT383DJJ,2025-01-17T20:59:52.323928552Z,01JHTZVVZCV9EEP59HNP8RGY4M,2025-01-17T20:59:52.323928552Z,01JHV0KVTPMZ3S3PBKYT1A7NP1,2025-01-17T20:59:52.323928552Z,01JHV0VB4KHF49R8KGA3F4TY6N,2025-01-17T20:59:52.323928552Z
01JHV16289C6QTQ7JAA0K2GVAC,01JHTZVTY2BH6PA7FG2K7GCXAJ,2025-01-17T21:02:26.569780681Z,01JHTZVTYBEPD5ENGBSTHKH3C5,2025-01-17T21:02:26.569780681Z,01JHV0ZEVX4ZARQ1BWSKYG0TP6,2025-01-17T21:02:26.569780681Z,01JHV1620WW59177XSFGNQ9Z8W,2025-01-17T21:02:26.569780681Z
01JHV211YZCJNREWQ67VQ7DN77,01JHTZVR71WVY5D8T7C00VZJ1H,2025-01-17T21:17:11.007167597Z,01JHTZVR7HF6BMF2X1ZCXF5VQ4,2025-01-17T21:17:11.007167597Z,01JHV1HZZ852RMCXMYBD3H03ZX,2025-01-17T21:17:11.007167597Z,01JHV1Z6ZR7WTAEX9Y7B545TM8,2025-01-17T21:17:11.007167597Z
01JHV0QYAV7BM8CHMJ00EB82DG,01JHTZVWD7TTKQEXXT0619B1XR,2025-01-17T20:54:43.80401607Z,01JHTZVWDEDPAG6PW0G7FF8J50,2025-01-17T20:54:43.80401607Z,01JHV0E1VVCFSP624SZ7K6E5CN,2025-01-17T20:54:43.80401607Z,01JHV0P4841GJJ72EV501T6S6B,2025-01-17T20:54:43.80401607Z
01JHV16ZD221C52S0HFTM6D0HP,01JHTZVVDFMVHHA2T5M9CZ1092,2025-01-17T21:02:56.418150847Z,01JHTZVVDP3Y4116VVEK9V998Y,2025-01-17T21:02:56.418150847Z,01JHV0G3712KTA1JVBZ61A669W,2025-01-17T21:02:56.418150847Z,01JHV115XWA32A9DGGV7RFR01V,2025-01-17T21:02:56.418150847Z
01JHV19YS3ZB9VGB648GSXJ7X4,01JHTZVTY2BH6PA7FG2K7GCXAJ,2025-01-17T21:04:34.083434471Z,01JHTZVTYBEPD5ENGBSTHKH3C5,2025-01-17T21:04:34.083434471Z,01JHV0ZRH9VGEP6W0JF8DYBJX3,2025-01-17T21:04:34.083434471Z,01JHV1620ZRZA6ZBPQ72ZAXZZ7,2025-01-17T21:04:34.083434471Z
01JHV22WPF0Z5S84HT151GN6CP,01JHTZVR71WVY5D8T7C00VZJ1H,2025-01-17T21:18:11.151188185Z,01JHTZVR7HF6BMF2X1ZCXF5VQ4,2025-01-17T21:18:11.151188185Z,01JHV1HZZ852RMCXMYBD3H03ZX,2025-01-17T21:18:11.151188185Z,01JHV1Z6ZTP0AJ54SRR8KXP32X,2025-01-17T21:18:11.151188185Z
01JHV23KRERB492ZNBSD6GDHX1,01JHTZVR71WVY5D8T7C00VZJ1H,2025-01-17T21:18:34.766083368Z,01JHTZVR7HF6BMF2X1ZCXF5VQ4,2025-01-17T21:18:34.766083368Z,01JHV10DFP5XRNF1EZH4JYE6N4,2025-01-17T21:18:34.766083368Z,01JHV1Z6ZS3R8B2WMRYSWB4JQE,2025-01-17T21:18:34.766083368Z
01JHV0P4G0X8SPTYAG8ZW9M5YZ,01JHTZVWD7TTKQEXXT0619B1XR,2025-01-17T20:53:44.576219934Z,01JHTZVWDEDPAG6PW0G7FF8J50,2025-01-17T20:53:44.576219934Z,01JHV0CRH03JS42QW8BW28EGBV,2025-01-17T20:53:44.576219934Z,01JHV0P483NWR8AP903VVAHFB6,2025-01-17T20:53:44.576219934Z
01JHV1BHCZHX0795ZDV8KRQ1RE,01JHTZVTY2BH6PA7FG2K7GCXAJ,2025-01-17T21:05:25.919114547Z,01JHTZVTYBEPD5ENGBSTHKH3C5,2025-01-17T21:05:25.919114547Z,01JHV0ZHDZTY7FMBRXKMB7V8ZH,2025-01-17T21:05:25.919114547Z,01JHV1620XCHM7S1E3CVAVRDYY,2025-01-17T21:05:25.919114547Z
01JHV1ERAV6T6R719MMNE5JE99,01JHTZVTBJMV04PPKHSG1V1YQS,2025-01-17T21:07:11.323769745Z,01JHTZVTBWK92ZX1AA5BAGPHRS,2025-01-17T21:07:11.323769745Z,01JHV12SBPYVWY5Y0WRJT0B3TQ,2025-01-17T21:07:11.323769745Z,01JHV1A5BFQPRE3GKGSWBRRC5S,2025-01-17T21:07:11.323769745Z
01JHV1RM3EJW7F3M9HWYBJYJWS,01JHTZVSR277TNYCAVABY7D2H3,2025-01-17T21:12:34.67050372Z,01JHTZVSRB1RFPC4TVC0XG9ZA2,2025-01-17T21:12:34.67050372Z,01JHV1DTBH9C0BMNW2J32MFQAV,2025-01-17T21:12:34.67050372Z,01JHV1MZ5YB9H2PYQZCXN412K0,2025-01-17T21:12:34.67050372Z
01JHV211YXVSWD5RQSRNJFXEAP,01JHTZVR71WVY5D8T7C00VZJ1H,2025-01-17T21:17:11.005577708Z,01JHTZVR7HF6BMF2X1ZCXF5VQ4,2025-01-17T21:17:11.005577708Z,01JHV19QJJYTGS34XAE534SAH5,2025-01-17T21:17:11.005577708Z,01JHV1Z6ZR7WTAEX9Y7B545TM8,2025-01-17T21:17:11.005577708Z
01JHV130TS5D95VRE833QVXJW5,01JHTZVVDFMVHHA2T5M9CZ1092,2025-01-17T21:00:46.809383044Z,01JHTZVVDP3Y4116VVEK9V998Y,2025-01-17T21:00:46.809383044Z,01JHV0G3712KTA1JVBZ61A669W,2025-01-17T21:00:46.809383044Z,01JHV115XQMN93BZHDQEXJMNBS,2025-01-17T21:00:46.809383044Z
01JHV247F6J289VNNKFAN5YMB3,01JHTZVR71WVY5D8T7C00VZJ1H,2025-01-17T21:18:54.950172744Z,01JHTZVR7HF6BMF2X1ZCXF5VQ4,2025-01-17T21:18:54.950172744Z,01JHV1HZZ852RMCXMYBD3H03ZX,2025-01-17T21:18:54.950172744Z,01JHV1Z6ZVHFCSM7VW5DP0EDMM,2025-01-17T21:18:54.950172744Z
01JHV10K41A1KRPBQ07J1RT5DB,01JHTZVVZ4CV5NPTM1YT383DJJ,2025-01-17T20:59:27.233897321Z,01JHTZVVZCV9EEP59HNP8RGY4M,2025-01-17T20:59:27.233897321Z,01JHV0P0GTYQYD234HWZRQY6P0,2025-01-17T20:59:27.233897321Z,01JHV0VB4MAV4AZ8D5BKQQ2KWK,2025-01-17T20:59:27.233897321Z
01JHV130TR070ABA2M83TZKG2Y,01JHTZVVDFMVHHA2T5M9CZ1092,2025-01-17T21:00:46.808766464Z,01JHTZVVDP3Y4116VVEK9V998Y,2025-01-17T21:00:46.808766464Z,01JHV0NW35PJEM6C33Q9D607HT,2025-01-17T21:00:46.808766464Z,01JHV115XQMN93BZHDQEXJMNBS,2025-01-17T21:00:46.808766464Z
01JHV1CER93BPSPQNP6YKZ0RFF,01JHTZVTY2BH6PA7FG2K7GCXAJ,2025-01-17T21:05:55.977019994Z,01JHTZVTYBEPD5ENGBSTHKH3C5,2025-01-17T21:05:55.977019994Z,01JHV0X5840H5NVXFB3GPVGD4R,2025-01-17T21:05:55.977019994Z,01JHV16210SFJP1XWYAYSERXQX,2025-01-17T21:05:55.977019994Z
01JHV1MZBBHNNHAEWE47NRVXZF,01JHTZVSR277TNYCAVABY7D2H3,2025-01-17T21:10:35.116010334Z,01JHTZVSRB1RFPC4TVC0XG9ZA2,2025-01-17T21:10:35.116010334Z,01JHV11HJSHMZ175XR7EN8GFGW,2025-01-17T21:10:35.116010334Z,01JHV1MZ5VJ5H2563X8DF377G2,2025-01-17T21:10:35.116010334Z
01JHV1MZBD8QJ56YWAVMRR0C4W,01JHTZVSR277TNYCAVABY7D2H3,2025-01-17T21:10:35.117927312Z,01JHTZVSRB1RFPC4TVC0XG9ZA2,2025-01-17T21:10:35.117927312Z,01JHV17PAP2881HRFVSWMX9XHH,2025-01-17T21:10:35.117927312Z,01JHV1MZ5VJ5H2563X8DF377G2,2025-01-17T21:10:35.117927312Z
01JHV0YZ0CJP9QR99AEXP6F5TP,01JHTZVVZ4CV5NPTM1YT383DJJ,2025-01-17T20:58:33.868406918Z,01JHTZVVZCV9EEP59HNP8RGY4M,2025-01-17T20:58:33.868406918Z,01JHV0KVTPMZ3S3PBKYT1A7NP1,2025-01-17T20:58:33.868406918Z,01JHV0VB4KHF49R8KG9FEBGKPW,2025-01-17T20:58:33.868406918Z
01JHV13Y5ZCN7JV859C8B5ER3V,01JHTZVVDFMVHHA2T5M9CZ1092,2025-01-17T21:01:16.863160764Z,01JHTZVVDP3Y4116VVEK9V998Y,2025-01-17T21:01:16.863160764Z,01JHV0G15ACW13FRE8D19EKAVC,2025-01-17T21:01:16.863160764Z,01JHV115XSM7KF056KYYEQATJS,2025-01-17T21:01:16.863160764Z
01JHV1A5K36RSY4RDGN7HVT9HD,01JHTZVTBJMV04PPKHSG1V1YQS,2025-01-17T21:04:41.059092956Z,01JHTZVTBWK92ZX1AA5BAGPHRS,2025-01-17T21:04:41.059092956Z,01JHV11G5BX8AZJ0N0SSNP3BQX,2025-01-17T21:04:41.059092956Z,01JHV1A5BDZY1Z6KRJ7430P1F8,2025-01-17T21:04:41.059092956Z
01JHV1QPQZFB1WCE3EVJHXVAPP,01JHTZVSR277TNYCAVABY7D2H3,2025-01-17T21:12:04.607983091Z,01JHTZVSRB1RFPC4TVC0XG9ZA2,2025-01-17T21:12:04.607983091Z,01JHV19KQM5W2339KE2EWB524F,2025-01-17T21:12:04.607983091Z,01JHV1MZ5XFZTAAVXKZGJCZKMN,2025-01-17T21:12:04.607983091Z
01JHV0P4G1KZ6GZGDR9G6AJZ5V,01JHTZVWD7TTKQEXXT0619B1XR,2025-01-17T20:53:44.57707622Z,01JHTZVWDEDPAG6PW0G7FF8J50,2025-01-17T20:53:44.57707622Z,01JHV0E1VVCFSP624SZ7K6E5CN,2025-01-17T20:53:44.57707622Z,01JHV0P483NWR8AP903VVAHFB6,2025-01-17T20:53:44.57707622Z
01JHV0RVP1GYNS9TH3ZA5XPDPZ,01JHTZVWD7TTKQEXXT0619B1XR,2025-01-17T20:55:13.857679327Z,01JHTZVWDEDPAG6PW0G7FF8J50,2025-01-17T20:55:13.857679327Z,01JHV0CRH03JS42QW8BW28EGBV,2025-01-17T20:55:13.857679327Z,01JHV0P4841GJJ72EV4G790VNX,2025-01-17T20:55:13.857679327Z
01JHV16ZD3QFSRFCMPJ51JJ2SA,01JHTZVVDFMVHHA2T5M9CZ1092,2025-01-17T21:02:56.419585733Z,01JHTZVVDP3Y4116VVEK9V998Y,2025-01-17T21:02:56.419585733Z,01JHV0TNRK7XR8QDVABPK2Y0GQ,2025-01-17T21:02:56.419585733Z,01JHV115XWA32A9DGGV7RFR01V,2025-01-17T21:02:56.419585733Z
01JHV22WPBMRSQJTXGK7Y876JD,01JHTZVR71WVY5D8T7C00VZJ1H,2025-01-17T21:18:11.147200265Z,01JHTZVR7HF6BMF2X1ZCXF5VQ4,2025-01-17T21:18:11.147200265Z,01JHV17CDQXAT9HSCXKDBH7TXD,2025-01-17T21:18:11.147200265Z,01JHV1Z6ZTP0AJ54SRR8KXP32X,2025-01-17T21:18:11.147200265Z
01JHV24V2AK34GEXBE0SX5SA7Z,01JHTZVR71WVY5D8T7C00VZJ1H,2025-01-17T21:19:15.018155183Z,01JHTZVR7HF6BMF2X1ZCXF5VQ4,2025-01-17T21:19:15.018155183Z,01JHV10DFP5XRNF1EZH4JYE6N4,2025-01-17T21:19:15.018155183Z,01JHV1Z6ZVHFCSM7VW64C6RE34,2025-01-17T21:19:15.018155183Z
01JHV25Q2MYC3SSBENT11114W6,01JHTZVR71WVY5D8T7C00VZJ1H,2025-01-17T21:19:43.700218755Z,01JHTZVR7HF6BMF2X1ZCXF5VQ4,2025-01-17T21:19:43.700218755Z,01JHV10DFP5XRNF1EZH4JYE6N4,2025-01-17T21:19:43.700218755Z,01JHV1Z6ZWMAD5XSDB39AP4DE4,2025-01-17T21:19:43.700218755Z
01JHV0RVP1GYNS9TH3ZNAS5PR8,01JHTZVWD7TTKQEXXT0619B1XR,2025-01-17T20:55:13.857920792Z,01JHTZVWDEDPAG6PW0G7FF8J50,2025-01-17T20:55:13.857920792Z,01JHV0E1VVCFSP624SZ7K6E5CN,2025-01-17T20:55:13.857920792Z,01JHV0P4841GJJ72EV4G790VNX,2025-01-17T20:55:13.857920792Z
01JHV15PR8J7P49FQRJK61F72J,01JHTZVVDFMVHHA2T5M9CZ1092,2025-01-17T21:02:14.792742518Z,01JHTZVVDP3Y4116VVEK9V998Y,2025-01-17T21:02:14.792742518Z,01JHV0G15ACW13FRE8D19EKAVC,2025-01-17T21:02:14.792742518Z,01JHV115XSM7KF056KZVB7QDHT,2025-01-17T21:02:14.792742518Z
01JHV1T6J5GMCFMDPVM36KGKZJ,01JHTZVSR277TNYCAVABY7D2H3,2025-01-17T21:13:26.341916081Z,01JHTZVSRB1RFPC4TVC0XG9ZA2,2025-01-17T21:13:26.341916081Z,01JHV17PAP2881HRFVSWMX9XHH,2025-01-17T21:13:26.341916081Z,01JHV1MZ5Z2FN6D2E77CQGZ18T,2025-01-17T21:13:26.341916081Z
01JHV1VRSD2QE2CVFK78VT0B0A,01JHTZVSR277TNYCAVABY7D2H3,2025-01-17T21:14:17.773415854Z,01JHTZVSRB1RFPC4TVC0XG9ZA2,2025-01-17T21:14:17.773415854Z,01JHV19KQM5W2339KE2EWB524F,2025-01-17T21:14:17.773415854Z,01JHV1MZ6101Q1FXZXDVG1C87K,2025-01-17T21:14:17.773415854Z
01JHV1Z76K4DBC2ABMYMWS4PQN,01JHTZVR71WVY5D8T7C00VZJ1H,2025-01-17T21:16:10.835833719Z,01JHTZVR7HF6BMF2X1ZCXF5VQ4,2025-01-17T21:16:10.835833719Z,01JHV1HZZ852RMCXMYBD3H03ZX,2025-01-17T21:16:10.835833719Z,01JHV1Z6ZPCV471F0N249YD6ST,2025-01-17T21:16:10.835833719Z
01JHV0WFMAK8MRDND76WAEEK7H,01JHTZVWD7TTKQEXXT0619B1XR,2025-01-17T20:57:12.5863336Z,01JHTZVWDEDPAG6PW0G7FF8J50,2025-01-17T20:57:12.5863336Z,01JHV0FW25R79DM0T76SWSXJK0,2025-01-17T20:57:12.5863336Z,01JHV0P486WRESYKZZSTPKNFT9,2025-01-17T20:57:12.5863336Z
01JHV1H3CQ0QYPRHW5NGN3H25Y,01JHTZVTBJMV04PPKHSG1V1YQS,2025-01-17T21:08:28.183350942Z,01JHTZVTBWK92ZX1AA5BAGPHRS,2025-01-17T21:08:28.183350942Z,01JHV104A58690FH4GSNXM0Y8Z,2025-01-17T21:08:28.183350942Z,01JHV1A5BFQPRE3GKGTEPRBYGN,2025-01-17T21:08:28.183350942Z
01JHV0ZWBP0BXMSR37J9AQDZ61,01JHTZVVZ4CV5NPTM1YT383DJJ,2025-01-17T20:59:03.926882461Z,01JHTZVVZCV9EEP59HNP8RGY4M,2025-01-17T20:59:03.926882461Z,01JHV0KVTPMZ3S3PBKYT1A7NP1,2025-01-17T20:59:03.926882461Z,01JHV0VB4MAV4AZ8D5B4PJTXPG,2025-01-17T20:59:03.926882461Z
01JHV1CXM4DG56MPR5PY4CRH2N,01JHTZVTBJMV04PPKHSG1V1YQS,2025-01-17T21:06:11.204188273Z,01JHTZVTBWK92ZX1AA5BAGPHRS,2025-01-17T21:06:11.204188273Z,01JHV12SBPYVWY5Y0WRJT0B3TQ,2025-01-17T21:06:11.204188273Z,01JHV1A5BH1WEHR57A5PFTBTNY,2025-01-17T21:06:11.204188273Z
01JHV1DTZFYXMCWSKC74Y774BM,01JHTZVTBJMV04PPKHSG1V1YQS,2025-01-17T21:06:41.263205666Z,01JHTZVTBWK92ZX1AA5BAGPHRS,2025-01-17T21:06:41.263205666Z,01JHV12SBPYVWY5Y0WRJT0B3TQ,2025-01-17T21:06:41.263205666Z,01JHV1A5BGW4Y6GH7FYK7CCGFQ,2025-01-17T21:06:41.263205666Z
01JHV21ZAMK3FJYB1QZ7VGZ1X4,01JHTZVR71WVY5D8T7C00VZJ1H,2025-01-17T21:17:41.076109514Z,01JHTZVR7HF6BMF2X1ZCXF5VQ4,2025-01-17T21:17:41.076109514Z,01JHV17CDQXAT9HSCXKDBH7TXD,2025-01-17T21:17:41.076109514Z,01JHV1Z6ZQ67BPZ1NV643ZEG60,2025-01-17T21:17:41.076109514Z
01JHV0X6200QSMPPG9DS2G55R6,01JHTZVVZ4CV5NPTM1YT383DJJ,2025-01-17T20:57:35.552954206Z,01JHTZVVZCV9EEP59HNP8RGY4M,2025-01-17T20:57:35.552954206Z,01JHV0NMPNTG3PDWJ6W2Q1Y6MD,2025-01-17T20:57:35.552954206Z,01JHV0VB4H5D6P4VEXK973H1N6,2025-01-17T20:57:35.552954206Z
01JHV0Y3D588JT3N8V4228FWED,01JHTZVVZ4CV5NPTM1YT383DJJ,2025-01-17T20:58:05.605701051Z,01JHTZVVZCV9EEP59HNP8RGY4M,2025-01-17T20:58:05.605701051Z,01JHV0KVTPMZ3S3PBKYT1A7NP1,2025-01-17T20:58:05.605701051Z,01JHV0VB4JRWZS144D3FZV42FQ,2025-01-17T20:58:05.605701051Z
01JHV1CERAFVRF6AJMRRWQ1V32,01JHTZVTY2BH6PA7FG2K7GCXAJ,2025-01-17T21:05:55.978500472Z,01JHTZVTYBEPD5ENGBSTHKH3C5,2025-01-17T21:05:55.978500472Z,01JHV0ZRH9VGEP6W0JF8DYBJX3,2025-01-17T21:05:55.978500472Z,01JHV16210SFJP1XWYAYSERXQX,2025-01-17T21:05:55.978500472Z
01JHV211YW15RN3KYZ4AJWMDAB,01JHTZVR71WVY5D8T7C00VZJ1H,2025-01-17T21:17:11.004777845Z,01JHTZVR7HF6BMF2X1ZCXF5VQ4,2025-01-17T21:17:11.004777845Z,01JHV17CDQXAT9HSCXKDBH7TXD,2025-01-17T21:17:11.004777845Z,01JHV1Z6ZR7WTAEX9Y7B545TM8,2025-01-17T21:17:11.004777845Z
01JHV247F4X7Q5THK1AVW45P1T,01JHTZVR71WVY5D8T7C00VZJ1H,2025-01-17T21:18:54.948698928Z,01JHTZVR7HF6BMF2X1ZCXF5VQ4,2025-01-17T21:18:54.948698928Z,01JHV10DFP5XRNF1EZH4JYE6N4,2025-01-17T21:18:54.948698928Z,01JHV1Z6ZVHFCSM7VW5DP0EDMM,2025-01-17T21:18:54.948698928Z
01JHV17WXWSRERRZKZF0X4PY03,01JHTZVTY2BH6PA7FG2K7GCXAJ,2025-01-17T21:03:26.652606947Z,01JHTZVTYBEPD5ENGBSTHKH3C5,2025-01-17T21:03:26.652606947Z,01JHV0ZHDZTY7FMBRXKMB7V8ZH,2025-01-17T21:03:26.652606947Z,01JHV1620XCHM7S1E3CA9FMCEF,2025-01-17T21:03:26.652606947Z
01JHV22WPCKSRN66FBW6SZ9QRK,01JHTZVR71WVY5D8T7C00VZJ1H,2025-01-17T21:18:11.148277216Z,01JHTZVR7HF6BMF2X1ZCXF5VQ4,2025-01-17T21:18:11.148277216Z,01JHV10DFP5XRNF1EZH4JYE6N4,2025-01-17T21:18:11.148277216Z,01JHV1Z6ZTP0AJ54SRR8KXP32X,2025-01-17T21:18:11.148277216Z
01JHV0TMY62KM9179NBE11RRZQ,01JHTZVWD7TTKQEXXT0619B1XR,2025-01-17T20:56:12.486030569Z,01JHTZVWDEDPAG6PW0G7FF8J50,2025-01-17T20:56:12.486030569Z,01JHV0FW25R79DM0T76SWSXJK0,2025-01-17T20:56:12.486030569Z,01JHV0P486WRESYKZZTXKQJEGC,2025-01-17T20:56:12.486030569Z
01JHV0XCZK889JTMYGWTYA6PHS,01JHTZVWD7TTKQEXXT0619B1XR,2025-01-17T20:57:42.643025677Z,01JHTZVWDEDPAG6PW0G7FF8J50,2025-01-17T20:57:42.643025677Z,01JHV0E1VVCFSP624SZ7K6E5CN,2025-01-17T20:57:42.643025677Z,01JHV0P486WRESYKZZTH3EJ9B1,2025-01-17T20:57:42.643025677Z
01JHV19YS22PXVEDB63YMCCDSM,01JHTZVTY2BH6PA7FG2K7GCXAJ,2025-01-17T21:04:34.08224168Z,01JHTZVTYBEPD5ENGBSTHKH3C5,2025-01-17T21:04:34.08224168Z,01JHV0ZEVX4ZARQ1BWSKYG0TP6,2025-01-17T21:04:34.08224168Z,01JHV1620ZRZA6ZBPQ72ZAXZZ7,2025-01-17T21:04:34.08224168Z
01JHV1A5K1PZ2HF44N6SHW5A88,01JHTZVTBJMV04PPKHSG1V1YQS,2025-01-17T21:04:41.057655022Z,01JHTZVTBWK92ZX1AA5BAGPHRS,2025-01-17T21:04:41.057655022Z,01JHV104A58690FH4GSNXM0Y8Z,2025-01-17T21:04:41.057655022Z,01JHV1A5BDZY1Z6KRJ7430P1F8,2025-01-17T21:04:41.057655022Z
01JHV1Z76NWB9AHTCYDVQ8Y75Z,01JHTZVR71WVY5D8T7C00VZJ1H,2025-01-17T21:16:10.837963999Z,01JHTZVR7HF6BMF2X1ZCXF5VQ4,2025-01-17T21:16:10.837963999Z,01JHV17CDQXAT9HSCXKDBH7TXD,2025-01-17T21:16:10.837963999Z,01JHV1Z6ZPCV471F0N249YD6ST,2025-01-17T21:16:10.837963999Z
01JHV15PR9QRR4HEWTX31RQQZD,01JHTZVVDFMVHHA2T5M9CZ1092,2025-01-17T21:02:14.79366438Z,01JHTZVVDP3Y4116VVEK9V998Y,2025-01-17T21:02:14.79366438Z,01JHV0G3712KTA1JVBZ61A669W,2025-01-17T21:02:14.79366438Z,01JHV115XSM7KF056KZVB7QDHT,2025-01-17T21:02:14.79366438Z
01JHV16B8XRX6212X2PZET0FR6,01JHTZVVDFMVHHA2T5M9CZ1092,2025-01-17T21:02:35.805605981Z,01JHTZVVDP3Y4116VVEK9V998Y,2025-01-17T21:02:35.805605981Z,01JHV0TNRK7XR8QDVABPK2Y0GQ,2025-01-17T21:02:35.805605981Z,01JHV115XWA32A9DGGTPG2AQPR,2025-01-17T21:02:35.805605981Z
01JHV18M2GE3JZF8QCT8ERBE86,01JHTZVTY2BH6PA7FG2K7GCXAJ,2025-01-17T21:03:50.352306995Z,01JHTZVTYBEPD5ENGBSTHKH3C5,2025-01-17T21:03:50.352306995Z,01JHV0ZEVX4ZARQ1BWSKYG0TP6,2025-01-17T21:03:50.352306995Z,01JHV1620YEJ50B3RMEJY3EVWE,2025-01-17T21:03:50.352306995Z
01JHV1VRSE26W7E9FG64PCB5NX,01JHTZVSR277TNYCAVABY7D2H3,2025-01-17T21:14:17.774848082Z,01JHTZVSRB1RFPC4TVC0XG9ZA2,2025-01-17T21:14:17.774848082Z,01JHV1DTBH9C0BMNW2J32MFQAV,2025-01-17T21:14:17.774848082Z,01JHV1MZ6101Q1FXZXDVG1C87K,2025-01-17T21:14:17.774848082Z
01JHV25Q2N6BSY5N8KVBGGEEY3,01JHTZVR71WVY5D8T7C00VZJ1H,2025-01-17T21:19:43.701118864Z,01JHTZVR7HF6BMF2X1ZCXF5VQ4,2025-01-17T21:19:43.701118864Z,01JHV1HZZ852RMCXMYBD3H03ZX,2025-01-17T21:19:43.701118864Z,01JHV1Z6ZWMAD5XSDB39AP4DE4,2025-01-17T21:19:43.701118864Z
01JHV15PR9QRR4HEWTWKF5H4EE,01JHTZVVDFMVHHA2T5M9CZ1092,2025-01-17T21:02:14.793238516Z,01JHTZVVDP3Y4116VVEK9V998Y,2025-01-17T21:02:14.793238516Z,01JHV0NW35PJEM6C33Q9D607HT,2025-01-17T21:02:14.793238516Z,01JHV115XSM7KF056KZVB7QDHT,2025-01-17T21:02:14.793238516Z
01JHV1628ARHQVAKHBHZQBWYD2,01JHTZVTY2BH6PA7FG2K7GCXAJ,2025-01-17T21:02:26.570353078Z,01JHTZVTYBEPD5ENGBSTHKH3C5,2025-01-17T21:02:26.570353078Z,01JHV0ZRH9VGEP6W0JF8DYBJX3,2025-01-17T21:02:26.570353078Z,01JHV1620WW59177XSFGNQ9Z8W,2025-01-17T21:02:26.570353078Z
01JHV21ZAMK3FJYB1QZFP6S0GC,01JHTZVR71WVY5D8T7C00VZJ1H,2025-01-17T21:17:41.076817998Z,01JHTZVR7HF6BMF2X1ZCXF5VQ4,2025-01-17T21:17:41.076817998Z,01JHV1HZZ852RMCXMYBD3H03ZX,2025-01-17T21:17:41.076817998Z,01JHV1Z6ZQ67BPZ1NV643ZEG60,2025-01-17T21:17:41.076817998Z
01JHV0RVP3PY2KG96KQYYMRKPW,01JHTZVWD7TTKQEXXT0619B1XR,2025-01-17T20:55:13.859478718Z,01JHTZVWDEDPAG6PW0G7FF8J50,2025-01-17T20:55:13.859478718Z,01JHV0FW25R79DM0T76SWSXJK0,2025-01-17T20:55:13.859478718Z,01JHV0P4841GJJ72EV4G790VNX,2025-01-17T20:55:13.859478718Z
01JHV0SS18CXPT1C9QS4HE2173,01JHTZVWD7TTKQEXXT0619B1XR,2025-01-17T20:55:43.912907967Z,01JHTZVWDEDPAG6PW0G7FF8J50,2025-01-17T20:55:43.912907967Z,01JHV0E1VVCFSP624SZ7K6E5CN,2025-01-17T20:55:43.912907967Z,01JHV0P485XAS8TEWMYM9A58M9,2025-01-17T20:55:43.912907967Z
01JHV16B8YDN840M6MV3R7TX0Z,01JHTZVVDFMVHHA2T5M9CZ1092,2025-01-17T21:02:35.806891412Z,01JHTZVVDP3Y4116VVEK9V998Y,2025-01-17T21:02:35.806891412Z,01JHV0G3712KTA1JVBZ61A669W,2025-01-17T21:02:35.806891412Z,01JHV115XWA32A9DGGTPG2AQPR,2025-01-17T21:02:35.806891412Z
01JHV24V2AK34GEXBE172XZGPX,01JHTZVR71WVY5D8T7C00VZJ1H,2025-01-17T21:19:15.018957008Z,01JHTZVR7HF6BMF2X1ZCXF5VQ4,2025-01-17T21:19:15.018957008Z,01JHV19QJJYTGS34XAE534SAH5,2025-01-17T21:19:15.018957008Z,01JHV1Z6ZVHFCSM7VW64C6RE34,2025-01-17T21:19:15.018957008Z
01JHV0TMY560FWNYG5EK9R6ANT,01JHTZVWD7TTKQEXXT0619B1XR,2025-01-17T20:56:12.485176103Z,01JHTZVWDEDPAG6PW0G7FF8J50,2025-01-17T20:56:12.485176103Z,01JHV0CRH03JS42QW8BW28EGBV,2025-01-17T20:56:12.485176103Z,01JHV0P486WRESYKZZTXKQJEGC,2025-01-17T20:56:12.485176103Z
01JHV0VBC5K1ERE7WE0BN6RX7Y,01JHTZVVZ4CV5NPTM1YT383DJJ,2025-01-17T20:56:35.461962139Z,01JHTZVVZCV9EEP59HNP8RGY4M,2025-01-17T20:56:35.461962139Z,01JHV0P0GTYQYD234HWZRQY6P0,2025-01-17T20:56:35.461962139Z,01JHV0VB4H5D6P4VEXKW98RTFD,2025-01-17T20:56:35.461962139Z
01JHV0YZ0CJP9QR99AF65ZNA4Z,01JHTZVVZ4CV5NPTM1YT383DJJ,2025-01-17T20:58:33.868686517Z,01JHTZVVZCV9EEP59HNP8RGY4M,2025-01-17T20:58:33.868686517Z,01JHV0NMPNTG3PDWJ6W2Q1Y6MD,2025-01-17T20:58:33.868686517Z,01JHV0VB4KHF49R8KG9FEBGKPW,2025-01-17T20:58:33.868686517Z
01JHV15PR9QRR4HEWTXCS7KM9R,01JHTZVVDFMVHHA2T5M9CZ1092,2025-01-17T21:02:14.794010411Z,01JHTZVVDP3Y4116VVEK9V998Y,2025-01-17T21:02:14.794010411Z,01JHV0TNRK7XR8QDVABPK2Y0GQ,2025-01-17T21:02:14.794010411Z,01JHV115XSM7KF056KZVB7QDHT,2025-01-17T21:02:14.794010411Z
01JHV0P4G0X8SPTYAG9C6GCGM5,01JHTZVWD7TTKQEXXT0619B1XR,2025-01-17T20:53:44.576469885Z,01JHTZVWDEDPAG6PW0G7FF8J50,2025-01-17T20:53:44.576469885Z,01JHV0DMZHD9QEHQVN7PZ2VNXK,2025-01-17T20:53:44.576469885Z,01JHV0P483NWR8AP903VVAHFB6,2025-01-17T20:53:44.576469885Z
01JHV0VBC5K1ERE7WDZKQ9X34C,01JHTZVVZ4CV5NPTM1YT383DJJ,2025-01-17T20:56:35.461265202Z,01JHTZVVZCV9EEP59HNP8RGY4M,2025-01-17T20:56:35.461265202Z,01JHV0NYJ9VDBSTKP3FN6ZGB24,2025-01-17T20:56:35.461265202Z,01JHV0VB4H5D6P4VEXKW98RTFD,2025-01-17T20:56:35.461265202Z
01JHV0XCZH3VW35XDQHQ4X230B,01JHTZVWD7TTKQEXXT0619B1XR,2025-01-17T20:57:42.641890689Z,01JHTZVWDEDPAG6PW0G7FF8J50,2025-01-17T20:57:42.641890689Z,01JHV0CRH03JS42QW8BW28EGBV,2025-01-17T20:57:42.641890689Z,01JHV0P486WRESYKZZTH3EJ9B1,2025-01-17T20:57:42.641890689Z
01JHV1DTZECPG0MY94R8BYQ64E,01JHTZVTBJMV04PPKHSG1V1YQS,2025-01-17T21:06:41.262594883Z,01JHTZVTBWK92ZX1AA5BAGPHRS,2025-01-17T21:06:41.262594883Z,01JHV0PNJ0HBSA5B9NEP0MCWAK,2025-01-17T21:06:41.262594883Z,01JHV1A5BGW4Y6GH7FYK7CCGFQ,2025-01-17T21:06:41.262594883Z
01JHV1Z76NWB9AHTCYDHNCYFF2,01JHTZVR71WVY5D8T7C00VZJ1H,2025-01-17T21:16:10.837370784Z,01JHTZVR7HF6BMF2X1ZCXF5VQ4,2025-01-17T21:16:10.837370784Z,01JHV10DFP5XRNF1EZH4JYE6N4,2025-01-17T21:16:10.837370784Z,01JHV1Z6ZPCV471F0N249YD6ST,2025-01-17T21:16:10.837370784Z
01JHV24V2D970QG7GWN3SC8SZF,01JHTZVR71WVY5D8T7C00VZJ1H,2025-01-17T21:19:15.021337986Z,01JHTZVR7HF6BMF2X1ZCXF5VQ4,2025-01-17T21:19:15.021337986Z,01JHV1HZZ852RMCXMYBD3H03ZX,2025-01-17T21:19:15.021337986Z,01JHV1Z6ZVHFCSM7VW64C6RE34,2025-01-17T21:19:15.021337986Z
01JHV0TMY560FWNYG5ERHHWK1Z,01JHTZVWD7TTKQEXXT0619B1XR,2025-01-17T20:56:12.485584918Z,01JHTZVWDEDPAG6PW0G7FF8J50,2025-01-17T20:56:12.485584918Z,01JHV0E1VVCFSP624SZ7K6E5CN,2025-01-17T20:56:12.485584918Z,01JHV0P486WRESYKZZTXKQJEGC,2025-01-17T20:56:12.485584918Z
01JHV0X62109AJ5K87F3PJF5RZ,01JHTZVVZ4CV5NPTM1YT383DJJ,2025-01-17T20:57:35.553422281Z,01JHTZVVZCV9EEP59HNP8RGY4M,2025-01-17T20:57:35.553422281Z,01JHV0P0GTYQYD234HWZRQY6P0,2025-01-17T20:57:35.553422281Z,01JHV0VB4H5D6P4VEXK973H1N6,2025-01-17T20:57:35.553422281Z
01JHV10K40SKCX2142XJZ6XN3D,01JHTZVVZ4CV5NPTM1YT383DJJ,2025-01-17T20:59:27.232577646Z,01JHTZVVZCV9EEP59HNP8RGY4M,2025-01-17T20:59:27.232577646Z,01JHV0NMPNTG3PDWJ6W2Q1Y6MD,2025-01-17T20:59:27.232577646Z,01JHV0VB4MAV4AZ8D5BKQQ2KWK,2025-01-17T20:59:27.232577646Z
01JHV1CXM5PB6JP0EAN5HZYEKP,01JHTZVTBJMV04PPKHSG1V1YQS,2025-01-17T21:06:11.205344789Z,01JHTZVTBWK92ZX1AA5BAGPHRS,2025-01-17T21:06:11.205344789Z,01JHV11G5BX8AZJ0N0SSNP3BQX,2025-01-17T21:06:11.205344789Z,01JHV1A5BH1WEHR57A5PFTBTNY,2025-01-17T21:06:11.205344789Z
01JHV17WRF2T8Y7SQCG48CWBMK,01JHTZVVDFMVHHA2T5M9CZ1092,2025-01-17T21:03:26.479321299Z,01JHTZVVDP3Y4116VVEK9V998Y,2025-01-17T21:03:26.479321299Z,01JHV0G3712KTA1JVBZ61A669W,2025-01-17T21:03:26.479321299Z,01JHV115XXM8BTCBE1S7A7JR1X,2025-01-17T21:03:26.479321299Z
01JHV1DTZD0QBCHC57N8VVKMTF,01JHTZVTBJMV04PPKHSG1V1YQS,2025-01-17T21:06:41.261725527Z,01JHTZVTBWK92ZX1AA5BAGPHRS,2025-01-17T21:06:41.261725527Z,01JHV104A58690FH4GSNXM0Y8Z,2025-01-17T21:06:41.261725527Z,01JHV1A5BGW4Y6GH7FYK7CCGFQ,2025-01-17T21:06:41.261725527Z
01JHV1G61D4EAW5VDJHY64B9S8,01JHTZVTBJMV04PPKHSG1V1YQS,2025-01-17T21:07:58.125280537Z,01JHTZVTBWK92ZX1AA5BAGPHRS,2025-01-17T21:07:58.125280537Z,01JHV12SBPYVWY5Y0WRJT0B3TQ,2025-01-17T21:07:58.125280537Z,01JHV1A5BJPY9JN8YACHHCYCKY,2025-01-17T21:07:58.125280537Z
01JHV0QYAV7BM8CHMHZPGXFJ0J,01JHTZVWD7TTKQEXXT0619B1XR,2025-01-17T20:54:43.803629277Z,01JHTZVWDEDPAG6PW0G7FF8J50,2025-01-17T20:54:43.803629277Z,01JHV0DMZHD9QEHQVN7PZ2VNXK,2025-01-17T20:54:43.803629277Z,01JHV0P4841GJJ72EV501T6S6B,2025-01-17T20:54:43.803629277Z
01JHV1CER93BPSPQNP7CNXN799,01JHTZVTY2BH6PA7FG2K7GCXAJ,2025-01-17T21:05:55.977576106Z,01JHTZVTYBEPD5ENGBSTHKH3C5,2025-01-17T21:05:55.977576106Z,01JHV0ZEVX4ZARQ1BWSKYG0TP6,2025-01-17T21:05:55.977576106Z,01JHV16210SFJP1XWYAYSERXQX,2025-01-17T21:05:55.977576106Z
01JHV1MZBD8QJ56YWAVCNZHHR1,01JHTZVSR277TNYCAVABY7D2H3,2025-01-17T21:10:35.117367516Z,01JHTZVSRB1RFPC4TVC0XG9ZA2,2025-01-17T21:10:35.117367516Z,01JHV1DTBH9C0BMNW2J32MFQAV,2025-01-17T21:10:35.117367516Z,01JHV1MZ5VJ5H2563X8DF377G2,2025-01-17T21:10:35.117367516Z
01JHV17WXV1MANE5PM3T3PQYNT,01JHTZVTY2BH6PA7FG2K7GCXAJ,2025-01-17T21:03:26.651788477Z,01JHTZVTYBEPD5ENGBSTHKH3C5,2025-01-17T21:03:26.651788477Z,01JHV0ZRH9VGEP6W0JF8DYBJX3,2025-01-17T21:03:26.651788477Z,01JHV1620XCHM7S1E3CA9FMCEF,2025-01-17T21:03:26.651788477Z
01JHV1H3CS21607H6KGTMW9V9X,01JHTZVTBJMV04PPKHSG1V1YQS,2025-01-17T21:08:28.185398087Z,01JHTZVTBWK92ZX1AA5BAGPHRS,2025-01-17T21:08:28.185398087Z,01JHV12SBPYVWY5Y0WRJT0B3TQ,2025-01-17T21:08:28.185398087Z,01JHV1A5BFQPRE3GKGTEPRBYGN,2025-01-17T21:08:28.185398087Z
01JHV1TXK7J4HQZMRCKN3YH4H2,01JHTZVSR277TNYCAVABY7D2H3,2025-01-17T21:13:49.927796333Z,01JHTZVSRB1RFPC4TVC0XG9ZA2,2025-01-17T21:13:49.927796333Z,01JHV17PAP2881HRFVSWMX9XHH,2025-01-17T21:13:49.927796333Z,01JHV1MZ60BJXP6HK3D6BWMK17,2025-01-17T21:13:49.927796333Z
01JHV130TS5D95VRE83GGXQBE4,01JHTZVVDFMVHHA2T5M9CZ1092,2025-01-17T21:00:46.809808025Z,01JHTZVVDP3Y4116VVEK9V998Y,2025-01-17T21:00:46.809808025Z,01JHV0TNRK7XR8QDVABPK2Y0GQ,2025-01-17T21:00:46.809808025Z,01JHV115XQMN93BZHDQEXJMNBS,2025-01-17T21:00:46.809808025Z
01JHV1628ARHQVAKHBJ849CPXR,01JHTZVTY2BH6PA7FG2K7GCXAJ,2025-01-17T21:02:26.570752255Z,01JHTZVTYBEPD5ENGBSTHKH3C5,2025-01-17T21:02:26.570752255Z,01JHV0ZHDZTY7FMBRXKMB7V8ZH,2025-01-17T21:02:26.570752255Z,01JHV1620WW59177XSFGNQ9Z8W,2025-01-17T21:02:26.570752255Z
01JHV1QPR024KEN56TCR7CRTAK,01JHTZVSR277TNYCAVABY7D2H3,2025-01-17T21:12:04.608652359Z,01JHTZVSRB1RFPC4TVC0XG9ZA2,2025-01-17T21:12:04.608652359Z,01JHV11HJSHMZ175XR7EN8GFGW,2025-01-17T21:12:04.608652359Z,01JHV1MZ5XFZTAAVXKZGJCZKMN,2025-01-17T21:12:04.608652359Z
01JHV0SS17W5FQT75YBPHP4X1S,01JHTZVWD7TTKQEXXT0619B1XR,2025-01-17T20:55:43.911974857Z,01JHTZVWDEDPAG6PW0G7FF8J50,2025-01-17T20:55:43.911974857Z,01JHV0CRH03JS42QW8BW28EGBV,2025-01-17T20:55:43.911974857Z,01JHV0P485XAS8TEWMYM9A58M9,2025-01-17T20:55:43.911974857Z
01JHV0Y3D6GX8TZ36E6Z2MKK7G,01JHTZVVZ4CV5NPTM1YT383DJJ,2025-01-17T20:58:05.606956238Z,01JHTZVVZCV9EEP59HNP8RGY4M,2025-01-17T20:58:05.606956238Z,01JHV0P0GTYQYD234HWZRQY6P0,2025-01-17T20:58:05.606956238Z,01JHV0VB4JRWZS144D3FZV42FQ,2025-01-17T20:58:05.606956238Z
01JHV13Y5ZCN7JV859CGSZ5X75,01JHTZVVDFMVHHA2T5M9CZ1092,2025-01-17T21:01:16.863614007Z,01JHTZVVDP3Y4116VVEK9V998Y,2025-01-17T21:01:16.863614007Z,01JHV0NW35PJEM6C33Q9D607HT,2025-01-17T21:01:16.863614007Z,01JHV115XSM7KF056KYYEQATJS,2025-01-17T21:01:16.863614007Z
01JHV1FJF6KYQ4T0RB2PFXT2JQ,01JHTZVTBJMV04PPKHSG1V1YQS,2025-01-17T21:07:38.086109557Z,01JHTZVTBWK92ZX1AA5BAGPHRS,2025-01-17T21:07:38.086109557Z,01JHV11G5BX8AZJ0N0SSNP3BQX,2025-01-17T21:07:38.086109557Z,01JHV1A5BH1WEHR57A6AZ3JSWF,2025-01-17T21:07:38.086109557Z
01JHV0RVP23K1Q41F15FM4VW9S,01JHTZVWD7TTKQEXXT0619B1XR,2025-01-17T20:55:13.858107973Z,01JHTZVWDEDPAG6PW0G7FF8J50,2025-01-17T20:55:13.858107973Z,01JHV0DMZHD9QEHQVN7PZ2VNXK,2025-01-17T20:55:13.858107973Z,01JHV0P4841GJJ72EV4G790VNX,2025-01-17T20:55:13.858107973Z
01JHV1BHCYE6F8AZ1N7EB37XVB,01JHTZVTY2BH6PA7FG2K7GCXAJ,2025-01-17T21:05:25.918444888Z,01JHTZVTYBEPD5ENGBSTHKH3C5,2025-01-17T21:05:25.918444888Z,01JHV0X5840H5NVXFB3GPVGD4R,2025-01-17T21:05:25.918444888Z,01JHV1620XCHM7S1E3CVAVRDYY,2025-01-17T21:05:25.918444888Z
01JHV1C08T7DNZAQD5GN9NH3P1,01JHTZVTBJMV04PPKHSG1V1YQS,2025-01-17T21:05:41.146810429Z,01JHTZVTBWK92ZX1AA5BAGPHRS,2025-01-17T21:05:41.146810429Z,01JHV11G5BX8AZJ0N0SSNP3BQX,2025-01-17T21:05:41.146810429Z,01JHV1A5BED2CHG1ZH94PM5NNZ,2025-01-17T21:05:41.146810429Z
01JHV123TSDM41ZRMEC2DKQR4P,01JHTZVVZ4CV5NPTM1YT383DJJ,2025-01-17T21:00:17.113405753Z,01JHTZVVZCV9EEP59HNP8RGY4M,2025-01-17T21:00:17.113405753Z,01JHV0NYJ9VDBSTKP3FN6ZGB24,2025-01-17T21:00:17.113405753Z,01JHV0VB4NKND9YMD9F9CMSE14,2025-01-17T21:00:17.113405753Z
01JHV18M2FVGC0D7EFTE1QGSCN,01JHTZVTY2BH6PA7FG2K7GCXAJ,2025-01-17T21:03:50.35152293Z,01JHTZVTYBEPD5ENGBSTHKH3C5,2025-01-17T21:03:50.35152293Z,01JHV0X5840H5NVXFB3GPVGD4R,2025-01-17T21:03:50.35152293Z,01JHV1620YEJ50B3RMEJY3EVWE,2025-01-17T21:03:50.35152293Z
01JHV19AV1HT9JF0YAQTC2CK9H,01JHTZVTY2BH6PA7FG2K7GCXAJ,2025-01-17T21:04:13.666015485Z,01JHTZVTYBEPD5ENGBSTHKH3C5,2025-01-17T21:04:13.666015485Z,01JHV0ZRH9VGEP6W0JF8DYBJX3,2025-01-17T21:04:13.666015485Z,01JHV1620YEJ50B3RMF11V66ND,2025-01-17T21:04:13.666015485Z
01JHV0Y3D6GX8TZ36E6C3PNEFZ,01JHTZVVZ4CV5NPTM1YT383DJJ,2025-01-17T20:58:05.606044625Z,01JHTZVVZCV9EEP59HNP8RGY4M,2025-01-17T20:58:05.606044625Z,01JHV0NYJ9VDBSTKP3FN6ZGB24,2025-01-17T20:58:05.606044625Z,01JHV0VB4JRWZS144D3FZV42FQ,2025-01-17T20:58:05.606044625Z
01JHV0ZWBQQFXXZ513WTNMJJF8,01JHTZVVZ4CV5NPTM1YT383DJJ,2025-01-17T20:59:03.927413011Z,01JHTZVVZCV9EEP59HNP8RGY4M,2025-01-17T20:59:03.927413011Z,01JHV0P0GTYQYD234HWZRQY6P0,2025-01-17T20:59:03.927413011Z,01JHV0VB4MAV4AZ8D5B4PJTXPG,2025-01-17T20:59:03.927413011Z
01JHV13Y60161SQ0EVNZJT5G4K,01JHTZVVDFMVHHA2T5M9CZ1092,2025-01-17T21:01:16.864271719Z,01JHTZVVDP3Y4116VVEK9V998Y,2025-01-17T21:01:16.864271719Z,01JHV0G3712KTA1JVBZ61A669W,2025-01-17T21:01:16.864271719Z,01JHV115XSM7KF056KYYEQATJS,2025-01-17T21:01:16.864271719Z
01JHV1A5K2KQ9DE60T3CNJYGKH,01JHTZVTBJMV04PPKHSG1V1YQS,2025-01-17T21:04:41.058296252Z,01JHTZVTBWK92ZX1AA5BAGPHRS,2025-01-17T21:04:41.058296252Z,01JHV12SBPYVWY5Y0WRJT0B3TQ,2025-01-17T21:04:41.058296252Z,01JHV1A5BDZY1Z6KRJ7430P1F8,2025-01-17T21:04:41.058296252Z
01JHV1RM3D5KMSR14MHE1JFEVG,01JHTZVSR277TNYCAVABY7D2H3,2025-01-17T21:12:34.669168731Z,01JHTZVSRB1RFPC4TVC0XG9ZA2,2025-01-17T21:12:34.669168731Z,01JHV11HJSHMZ175XR7EN8GFGW,2025-01-17T21:12:34.669168731Z,01JHV1MZ5YB9H2PYQZCXN412K0,2025-01-17T21:12:34.669168731Z
01JHV1T6J4AA77T405M33GWGX8,01JHTZVSR277TNYCAVABY7D2H3,2025-01-17T21:13:26.340404634Z,01JHTZVSRB1RFPC4TVC0XG9ZA2,2025-01-17T21:13:26.340404634Z,01JHV11HJSHMZ175XR7EN8GFGW,2025-01-17T21:13:26.340404634Z,01JHV1MZ5Z2FN6D2E77CQGZ18T,2025-01-17T21:13:26.340404634Z
01JHV1AP49106S3WRZGFK2G2BZ,01JHTZVTY2BH6PA7FG2K7GCXAJ,2025-01-17T21:04:57.993997261Z,01JHTZVTYBEPD5ENGBSTHKH3C5,2025-01-17T21:04:57.993997261Z,01JHV0ZEVX4ZARQ1BWSKYG0TP6,2025-01-17T21:04:57.993997261Z,01JHV1620ZRZA6ZBPQ7R2DSGCN,2025-01-17T21:04:57.993997261Z
01JHV1SHEYT2NX4ZA1MVEXEQJ0,01JHTZVSR277TNYCAVABY7D2H3,2025-01-17T21:13:04.734044877Z,01JHTZVSRB1RFPC4TVC0XG9ZA2,2025-01-17T21:13:04.734044877Z,01JHV11HJSHMZ175XR7EN8GFGW,2025-01-17T21:13:04.734044877Z,01JHV1MZ6101Q1FXZXDDNXKT9S,2025-01-17T21:13:04.734044877Z
