[
  {
    "N1": 11,
    "N2": 30,
    "N3": 30,
    "N4": 29,
    "Total_Percent": 100,
    "Total_information": 5,
    "true_probability": 0.7,
    "mle_distance": 0,
    "_row": "2"
  },
  {
    "N1": 22,
    "N2": 26,
    "N3": 26,
    "N4": 26,
    "Total_Percent": 100,
    "Total_information": 5,
    "true_probability": 0.7,
    "mle_distance": 0,
    "_row": "3"
  },
  {
    "N1": 33,
    "N2": 22,
    "N3": 22,
    "N4": 23,
    "Total_Percent": 100,
    "Total_information": 5,
    "true_probability": 0.7,
    "mle_distance": 0,
    "_row": "4"
  },
  {
    "N1": 44,
    "N2": 19,
    "N3": 19,
    "N4": 18,
    "Total_Percent": 100,
    "Total_information": 5,
    "true_probability": 0.7,
    "mle_distance": 0,
    "_row": "5"
  },
  {
    "N1": 56,
    "N2": 15,
    "N3": 15,
    "N4": 14,
    "Total_Percent": 100,
    "Total_information": 5,
    "true_probability": 0.7,
    "mle_distance": 0,
    "_row": "6"
  },
  {
    "N1": 67,
    "N2": 11,
    "N3": 11,
    "N4": 11,
    "Total_Percent": 100,
    "Total_information": 5,
    "true_probability": 0.7,
    "mle_distance": 0,
    "_row": "7"
  },
  {
    "N1": 78,
    "N2": 7,
    "N3": 7,
    "N4": 8,
    "Total_Percent": 100,
    "Total_information": 5,
    "true_probability": 0.7,
    "mle_distance": 0,
    "_row": "8"
  },
  {
    "N1": 89,
    "N2": 4,
    "N3": 4,
    "N4": 3,
    "Total_Percent": 100,
    "Total_information": 5,
    "true_probability": 0.7,
    "mle_distance": 0,
    "_row": "9"
  },
  {
    "N1": 11,
    "N2": 30,
    "N3": 30,
    "N4": 29,
    "Total_Percent": 100,
    "Total_information": 11,
    "true_probability": 0.7,
    "mle_distance": 0,
    "_row": "21"
  },
  {
    "N1": 22,
    "N2": 26,
    "N3": 26,
    "N4": 26,
    "Total_Percent": 100,
    "Total_information": 11,
    "true_probability": 0.7,
    "mle_distance": 0,
    "_row": "31"
  },
  {
    "N1": 33,
    "N2": 22,
    "N3": 22,
    "N4": 23,
    "Total_Percent": 100,
    "Total_information": 11,
    "true_probability": 0.7,
    "mle_distance": 0,
    "_row": "41"
  },
  {
    "N1": 44,
    "N2": 19,
    "N3": 19,
    "N4": 18,
    "Total_Percent": 100,
    "Total_information": 11,
    "true_probability": 0.7,
    "mle_distance": 0,
    "_row": "51"
  },
  {
    "N1": 56,
    "N2": 15,
    "N3": 15,
    "N4": 14,
    "Total_Percent": 100,
    "Total_information": 11,
    "true_probability": 0.7,
    "mle_distance": 0,
    "_row": "61"
  },
  {
    "N1": 67,
    "N2": 11,
    "N3": 11,
    "N4": 11,
    "Total_Percent": 100,
    "Total_information": 11,
    "true_probability": 0.7,
    "mle_distance": 0,
    "_row": "71"
  },
  {
    "N1": 78,
    "N2": 7,
    "N3": 7,
    "N4": 8,
    "Total_Percent": 100,
    "Total_information": 11,
    "true_probability": 0.7,
    "mle_distance": 0,
    "_row": "81"
  },
  {
    "N1": 89,
    "N2": 4,
    "N3": 4,
    "N4": 3,
    "Total_Percent": 100,
    "Total_information": 11,
    "true_probability": 0.7,
    "mle_distance": 0,
    "_row": "91"
  },
  {
    "N1": 11,
    "N2": 30,
    "N3": 30,
    "N4": 29,
    "Total_Percent": 100,
    "Total_information": 17,
    "true_probability": 0.7,
    "mle_distance": 0,
    "_row": "22"
  },
  {
    "N1": 22,
    "N2": 26,
    "N3": 26,
    "N4": 26,
    "Total_Percent": 100,
    "Total_information": 17,
    "true_probability": 0.7,
    "mle_distance": 0,
    "_row": "32"
  },
  {
    "N1": 33,
    "N2": 22,
    "N3": 22,
    "N4": 23,
    "Total_Percent": 100,
    "Total_information": 17,
    "true_probability": 0.7,
    "mle_distance": 0,
    "_row": "42"
  },
  {
    "N1": 44,
    "N2": 19,
    "N3": 19,
    "N4": 18,
    "Total_Percent": 100,
    "Total_information": 17,
    "true_probability": 0.7,
    "mle_distance": 0,
    "_row": "52"
  },
  {
    "N1": 56,
    "N2": 15,
    "N3": 15,
    "N4": 14,
    "Total_Percent": 100,
    "Total_information": 17,
    "true_probability": 0.7,
    "mle_distance": 0,
    "_row": "62"
  },
  {
    "N1": 67,
    "N2": 11,
    "N3": 11,
    "N4": 11,
    "Total_Percent": 100,
    "Total_information": 17,
    "true_probability": 0.7,
    "mle_distance": 0,
    "_row": "72"
  },
  {
    "N1": 78,
    "N2": 7,
    "N3": 7,
    "N4": 8,
    "Total_Percent": 100,
    "Total_information": 17,
    "true_probability": 0.7,
    "mle_distance": 0,
    "_row": "82"
  },
  {
    "N1": 89,
    "N2": 4,
    "N3": 4,
    "N4": 3,
    "Total_Percent": 100,
    "Total_information": 17,
    "true_probability": 0.7,
    "mle_distance": 0,
    "_row": "92"
  },
  {
    "N1": 11,
    "N2": 30,
    "N3": 30,
    "N4": 29,
    "Total_Percent": 100,
    "Total_information": 23,
    "true_probability": 0.7,
    "mle_distance": 0,
    "_row": "23"
  },
  {
    "N1": 22,
    "N2": 26,
    "N3": 26,
    "N4": 26,
    "Total_Percent": 100,
    "Total_information": 23,
    "true_probability": 0.7,
    "mle_distance": 0,
    "_row": "33"
  },
  {
    "N1": 33,
    "N2": 22,
    "N3": 22,
    "N4": 23,
    "Total_Percent": 100,
    "Total_information": 23,
    "true_probability": 0.7,
    "mle_distance": 0,
    "_row": "43"
  },
  {
    "N1": 44,
    "N2": 19,
    "N3": 19,
    "N4": 18,
    "Total_Percent": 100,
    "Total_information": 23,
    "true_probability": 0.7,
    "mle_distance": 0,
    "_row": "53"
  },
  {
    "N1": 56,
    "N2": 15,
    "N3": 15,
    "N4": 14,
    "Total_Percent": 100,
    "Total_information": 23,
    "true_probability": 0.7,
    "mle_distance": 0,
    "_row": "63"
  },
  {
    "N1": 67,
    "N2": 11,
    "N3": 11,
    "N4": 11,
    "Total_Percent": 100,
    "Total_information": 23,
    "true_probability": 0.7,
    "mle_distance": 0,
    "_row": "73"
  },
  {
    "N1": 78,
    "N2": 7,
    "N3": 7,
    "N4": 8,
    "Total_Percent": 100,
    "Total_information": 23,
    "true_probability": 0.7,
    "mle_distance": 0,
    "_row": "83"
  },
  {
    "N1": 89,
    "N2": 4,
    "N3": 4,
    "N4": 3,
    "Total_Percent": 100,
    "Total_information": 23,
    "true_probability": 0.7,
    "mle_distance": 0,
    "_row": "93"
  },
  {
    "N1": 11,
    "N2": 30,
    "N3": 30,
    "N4": 29,
    "Total_Percent": 100,
    "Total_information": 29,
    "true_probability": 0.7,
    "mle_distance": 0,
    "_row": "24"
  },
  {
    "N1": 22,
    "N2": 26,
    "N3": 26,
    "N4": 26,
    "Total_Percent": 100,
    "Total_information": 29,
    "true_probability": 0.7,
    "mle_distance": 0,
    "_row": "34"
  },
  {
    "N1": 33,
    "N2": 22,
    "N3": 22,
    "N4": 23,
    "Total_Percent": 100,
    "Total_information": 29,
    "true_probability": 0.7,
    "mle_distance": 0,
    "_row": "44"
  },
  {
    "N1": 44,
    "N2": 19,
    "N3": 19,
    "N4": 18,
    "Total_Percent": 100,
    "Total_information": 29,
    "true_probability": 0.7,
    "mle_distance": 0,
    "_row": "54"
  },
  {
    "N1": 56,
    "N2": 15,
    "N3": 15,
    "N4": 14,
    "Total_Percent": 100,
    "Total_information": 29,
    "true_probability": 0.7,
    "mle_distance": 0,
    "_row": "64"
  },
  {
    "N1": 67,
    "N2": 11,
    "N3": 11,
    "N4": 11,
    "Total_Percent": 100,
    "Total_information": 29,
    "true_probability": 0.7,
    "mle_distance": 0,
    "_row": "74"
  },
  {
    "N1": 78,
    "N2": 7,
    "N3": 7,
    "N4": 8,
    "Total_Percent": 100,
    "Total_information": 29,
    "true_probability": 0.7,
    "mle_distance": 0,
    "_row": "84"
  },
  {
    "N1": 89,
    "N2": 4,
    "N3": 4,
    "N4": 3,
    "Total_Percent": 100,
    "Total_information": 29,
    "true_probability": 0.7,
    "mle_distance": 0,
    "_row": "94"
  },
  {
    "N1": 11,
    "N2": 30,
    "N3": 30,
    "N4": 29,
    "Total_Percent": 100,
    "Total_information": 35,
    "true_probability": 0.7,
    "mle_distance": 0,
    "_row": "25"
  },
  {
    "N1": 22,
    "N2": 26,
    "N3": 26,
    "N4": 26,
    "Total_Percent": 100,
    "Total_information": 35,
    "true_probability": 0.7,
    "mle_distance": 0,
    "_row": "35"
  },
  {
    "N1": 33,
    "N2": 22,
    "N3": 22,
    "N4": 23,
    "Total_Percent": 100,
    "Total_information": 35,
    "true_probability": 0.7,
    "mle_distance": 0,
    "_row": "45"
  },
  {
    "N1": 44,
    "N2": 19,
    "N3": 19,
    "N4": 18,
    "Total_Percent": 100,
    "Total_information": 35,
    "true_probability": 0.7,
    "mle_distance": 0,
    "_row": "55"
  },
  {
    "N1": 56,
    "N2": 15,
    "N3": 15,
    "N4": 14,
    "Total_Percent": 100,
    "Total_information": 35,
    "true_probability": 0.7,
    "mle_distance": 0,
    "_row": "65"
  },
  {
    "N1": 67,
    "N2": 11,
    "N3": 11,
    "N4": 11,
    "Total_Percent": 100,
    "Total_information": 35,
    "true_probability": 0.7,
    "mle_distance": 0,
    "_row": "75"
  },
  {
    "N1": 78,
    "N2": 7,
    "N3": 7,
    "N4": 8,
    "Total_Percent": 100,
    "Total_information": 35,
    "true_probability": 0.7,
    "mle_distance": 0,
    "_row": "85"
  },
  {
    "N1": 89,
    "N2": 4,
    "N3": 4,
    "N4": 3,
    "Total_Percent": 100,
    "Total_information": 35,
    "true_probability": 0.7,
    "mle_distance": 0,
    "_row": "95"
  },
  {
    "N1": 11,
    "N2": 30,
    "N3": 30,
    "N4": 29,
    "Total_Percent": 100,
    "Total_information": 5,
    "true_probability": 0.7,
    "mle_distance": 0.14,
    "_row": "2.1"
  },
  {
    "N1": 22,
    "N2": 26,
    "N3": 26,
    "N4": 26,
    "Total_Percent": 100,
    "Total_information": 5,
    "true_probability": 0.7,
    "mle_distance": 0.14,
    "_row": "3.1"
  },
  {
    "N1": 33,
    "N2": 22,
    "N3": 22,
    "N4": 23,
    "Total_Percent": 100,
    "Total_information": 5,
    "true_probability": 0.7,
    "mle_distance": 0.14,
    "_row": "4.1"
  },
  {
    "N1": 44,
    "N2": 19,
    "N3": 19,
    "N4": 18,
    "Total_Percent": 100,
    "Total_information": 5,
    "true_probability": 0.7,
    "mle_distance": 0.14,
    "_row": "5.1"
  },
  {
    "N1": 56,
    "N2": 15,
    "N3": 15,
    "N4": 14,
    "Total_Percent": 100,
    "Total_information": 5,
    "true_probability": 0.7,
    "mle_distance": 0.14,
    "_row": "6.1"
  },
  {
    "N1": 67,
    "N2": 11,
    "N3": 11,
    "N4": 11,
    "Total_Percent": 100,
    "Total_information": 5,
    "true_probability": 0.7,
    "mle_distance": 0.14,
    "_row": "7.1"
  },
  {
    "N1": 78,
    "N2": 7,
    "N3": 7,
    "N4": 8,
    "Total_Percent": 100,
    "Total_information": 5,
    "true_probability": 0.7,
    "mle_distance": 0.14,
    "_row": "8.1"
  },
  {
    "N1": 89,
    "N2": 4,
    "N3": 4,
    "N4": 3,
    "Total_Percent": 100,
    "Total_information": 5,
    "true_probability": 0.7,
    "mle_distance": 0.14,
    "_row": "9.1"
  },
  {
    "N1": 11,
    "N2": 30,
    "N3": 30,
    "N4": 29,
    "Total_Percent": 100,
    "Total_information": 11,
    "true_probability": 0.7,
    "mle_distance": 0.14,
    "_row": "21.1"
  },
  {
    "N1": 22,
    "N2": 26,
    "N3": 26,
    "N4": 26,
    "Total_Percent": 100,
    "Total_information": 11,
    "true_probability": 0.7,
    "mle_distance": 0.14,
    "_row": "31.1"
  },
  {
    "N1": 33,
    "N2": 22,
    "N3": 22,
    "N4": 23,
    "Total_Percent": 100,
    "Total_information": 11,
    "true_probability": 0.7,
    "mle_distance": 0.14,
    "_row": "41.1"
  },
  {
    "N1": 44,
    "N2": 19,
    "N3": 19,
    "N4": 18,
    "Total_Percent": 100,
    "Total_information": 11,
    "true_probability": 0.7,
    "mle_distance": 0.14,
    "_row": "51.1"
  },
  {
    "N1": 56,
    "N2": 15,
    "N3": 15,
    "N4": 14,
    "Total_Percent": 100,
    "Total_information": 11,
    "true_probability": 0.7,
    "mle_distance": 0.14,
    "_row": "61.1"
  },
  {
    "N1": 67,
    "N2": 11,
    "N3": 11,
    "N4": 11,
    "Total_Percent": 100,
    "Total_information": 11,
    "true_probability": 0.7,
    "mle_distance": 0.14,
    "_row": "71.1"
  },
  {
    "N1": 78,
    "N2": 7,
    "N3": 7,
    "N4": 8,
    "Total_Percent": 100,
    "Total_information": 11,
    "true_probability": 0.7,
    "mle_distance": 0.14,
    "_row": "81.1"
  },
  {
    "N1": 89,
    "N2": 4,
    "N3": 4,
    "N4": 3,
    "Total_Percent": 100,
    "Total_information": 11,
    "true_probability": 0.7,
    "mle_distance": 0.14,
    "_row": "91.1"
  },
  {
    "N1": 11,
    "N2": 30,
    "N3": 30,
    "N4": 29,
    "Total_Percent": 100,
    "Total_information": 17,
    "true_probability": 0.7,
    "mle_distance": 0.14,
    "_row": "22.1"
  },
  {
    "N1": 22,
    "N2": 26,
    "N3": 26,
    "N4": 26,
    "Total_Percent": 100,
    "Total_information": 17,
    "true_probability": 0.7,
    "mle_distance": 0.14,
    "_row": "32.1"
  },
  {
    "N1": 33,
    "N2": 22,
    "N3": 22,
    "N4": 23,
    "Total_Percent": 100,
    "Total_information": 17,
    "true_probability": 0.7,
    "mle_distance": 0.14,
    "_row": "42.1"
  },
  {
    "N1": 44,
    "N2": 19,
    "N3": 19,
    "N4": 18,
    "Total_Percent": 100,
    "Total_information": 17,
    "true_probability": 0.7,
    "mle_distance": 0.14,
    "_row": "52.1"
  },
  {
    "N1": 56,
    "N2": 15,
    "N3": 15,
    "N4": 14,
    "Total_Percent": 100,
    "Total_information": 17,
    "true_probability": 0.7,
    "mle_distance": 0.14,
    "_row": "62.1"
  },
  {
    "N1": 67,
    "N2": 11,
    "N3": 11,
    "N4": 11,
    "Total_Percent": 100,
    "Total_information": 17,
    "true_probability": 0.7,
    "mle_distance": 0.14,
    "_row": "72.1"
  },
  {
    "N1": 78,
    "N2": 7,
    "N3": 7,
    "N4": 8,
    "Total_Percent": 100,
    "Total_information": 17,
    "true_probability": 0.7,
    "mle_distance": 0.14,
    "_row": "82.1"
  },
  {
    "N1": 89,
    "N2": 4,
    "N3": 4,
    "N4": 3,
    "Total_Percent": 100,
    "Total_information": 17,
    "true_probability": 0.7,
    "mle_distance": 0.14,
    "_row": "92.1"
  },
  {
    "N1": 11,
    "N2": 30,
    "N3": 30,
    "N4": 29,
    "Total_Percent": 100,
    "Total_information": 23,
    "true_probability": 0.7,
    "mle_distance": 0.14,
    "_row": "23.1"
  },
  {
    "N1": 22,
    "N2": 26,
    "N3": 26,
    "N4": 26,
    "Total_Percent": 100,
    "Total_information": 23,
    "true_probability": 0.7,
    "mle_distance": 0.14,
    "_row": "33.1"
  },
  {
    "N1": 33,
    "N2": 22,
    "N3": 22,
    "N4": 23,
    "Total_Percent": 100,
    "Total_information": 23,
    "true_probability": 0.7,
    "mle_distance": 0.14,
    "_row": "43.1"
  },
  {
    "N1": 44,
    "N2": 19,
    "N3": 19,
    "N4": 18,
    "Total_Percent": 100,
    "Total_information": 23,
    "true_probability": 0.7,
    "mle_distance": 0.14,
    "_row": "53.1"
  },
  {
    "N1": 56,
    "N2": 15,
    "N3": 15,
    "N4": 14,
    "Total_Percent": 100,
    "Total_information": 23,
    "true_probability": 0.7,
    "mle_distance": 0.14,
    "_row": "63.1"
  },
  {
    "N1": 67,
    "N2": 11,
    "N3": 11,
    "N4": 11,
    "Total_Percent": 100,
    "Total_information": 23,
    "true_probability": 0.7,
    "mle_distance": 0.14,
    "_row": "73.1"
  },
  {
    "N1": 78,
    "N2": 7,
    "N3": 7,
    "N4": 8,
    "Total_Percent": 100,
    "Total_information": 23,
    "true_probability": 0.7,
    "mle_distance": 0.14,
    "_row": "83.1"
  },
  {
    "N1": 89,
    "N2": 4,
    "N3": 4,
    "N4": 3,
    "Total_Percent": 100,
    "Total_information": 23,
    "true_probability": 0.7,
    "mle_distance": 0.14,
    "_row": "93.1"
  },
  {
    "N1": 11,
    "N2": 30,
    "N3": 30,
    "N4": 29,
    "Total_Percent": 100,
    "Total_information": 29,
    "true_probability": 0.7,
    "mle_distance": 0.14,
    "_row": "24.1"
  },
  {
    "N1": 22,
    "N2": 26,
    "N3": 26,
    "N4": 26,
    "Total_Percent": 100,
    "Total_information": 29,
    "true_probability": 0.7,
    "mle_distance": 0.14,
    "_row": "34.1"
  },
  {
    "N1": 33,
    "N2": 22,
    "N3": 22,
    "N4": 23,
    "Total_Percent": 100,
    "Total_information": 29,
    "true_probability": 0.7,
    "mle_distance": 0.14,
    "_row": "44.1"
  },
  {
    "N1": 44,
    "N2": 19,
    "N3": 19,
    "N4": 18,
    "Total_Percent": 100,
    "Total_information": 29,
    "true_probability": 0.7,
    "mle_distance": 0.14,
    "_row": "54.1"
  },
  {
    "N1": 56,
    "N2": 15,
    "N3": 15,
    "N4": 14,
    "Total_Percent": 100,
    "Total_information": 29,
    "true_probability": 0.7,
    "mle_distance": 0.14,
    "_row": "64.1"
  },
  {
    "N1": 67,
    "N2": 11,
    "N3": 11,
    "N4": 11,
    "Total_Percent": 100,
    "Total_information": 29,
    "true_probability": 0.7,
    "mle_distance": 0.14,
    "_row": "74.1"
  },
  {
    "N1": 78,
    "N2": 7,
    "N3": 7,
    "N4": 8,
    "Total_Percent": 100,
    "Total_information": 29,
    "true_probability": 0.7,
    "mle_distance": 0.14,
    "_row": "84.1"
  },
  {
    "N1": 89,
    "N2": 4,
    "N3": 4,
    "N4": 3,
    "Total_Percent": 100,
    "Total_information": 29,
    "true_probability": 0.7,
    "mle_distance": 0.14,
    "_row": "94.1"
  },
  {
    "N1": 11,
    "N2": 30,
    "N3": 30,
    "N4": 29,
    "Total_Percent": 100,
    "Total_information": 35,
    "true_probability": 0.7,
    "mle_distance": 0.14,
    "_row": "25.1"
  },
  {
    "N1": 22,
    "N2": 26,
    "N3": 26,
    "N4": 26,
    "Total_Percent": 100,
    "Total_information": 35,
    "true_probability": 0.7,
    "mle_distance": 0.14,
    "_row": "35.1"
  },
  {
    "N1": 33,
    "N2": 22,
    "N3": 22,
    "N4": 23,
    "Total_Percent": 100,
    "Total_information": 35,
    "true_probability": 0.7,
    "mle_distance": 0.14,
    "_row": "45.1"
  },
  {
    "N1": 44,
    "N2": 19,
    "N3": 19,
    "N4": 18,
    "Total_Percent": 100,
    "Total_information": 35,
    "true_probability": 0.7,
    "mle_distance": 0.14,
    "_row": "55.1"
  },
  {
    "N1": 56,
    "N2": 15,
    "N3": 15,
    "N4": 14,
    "Total_Percent": 100,
    "Total_information": 35,
    "true_probability": 0.7,
    "mle_distance": 0.14,
    "_row": "65.1"
  },
  {
    "N1": 67,
    "N2": 11,
    "N3": 11,
    "N4": 11,
    "Total_Percent": 100,
    "Total_information": 35,
    "true_probability": 0.7,
    "mle_distance": 0.14,
    "_row": "75.1"
  },
  {
    "N1": 78,
    "N2": 7,
    "N3": 7,
    "N4": 8,
    "Total_Percent": 100,
    "Total_information": 35,
    "true_probability": 0.7,
    "mle_distance": 0.14,
    "_row": "85.1"
  },
  {
    "N1": 89,
    "N2": 4,
    "N3": 4,
    "N4": 3,
    "Total_Percent": 100,
    "Total_information": 35,
    "true_probability": 0.7,
    "mle_distance": 0.14,
    "_row": "95.1"
  },
  {
    "N1": 11,
    "N2": 30,
    "N3": 30,
    "N4": 29,
    "Total_Percent": 100,
    "Total_information": 5,
    "true_probability": 0.7,
    "mle_distance": 0.28,
    "_row": "2.2"
  },
  {
    "N1": 22,
    "N2": 26,
    "N3": 26,
    "N4": 26,
    "Total_Percent": 100,
    "Total_information": 5,
    "true_probability": 0.7,
    "mle_distance": 0.28,
    "_row": "3.2"
  },
  {
    "N1": 33,
    "N2": 22,
    "N3": 22,
    "N4": 23,
    "Total_Percent": 100,
    "Total_information": 5,
    "true_probability": 0.7,
    "mle_distance": 0.28,
    "_row": "4.2"
  },
  {
    "N1": 44,
    "N2": 19,
    "N3": 19,
    "N4": 18,
    "Total_Percent": 100,
    "Total_information": 5,
    "true_probability": 0.7,
    "mle_distance": 0.28,
    "_row": "5.2"
  },
  {
    "N1": 56,
    "N2": 15,
    "N3": 15,
    "N4": 14,
    "Total_Percent": 100,
    "Total_information": 5,
    "true_probability": 0.7,
    "mle_distance": 0.28,
    "_row": "6.2"
  },
  {
    "N1": 67,
    "N2": 11,
    "N3": 11,
    "N4": 11,
    "Total_Percent": 100,
    "Total_information": 5,
    "true_probability": 0.7,
    "mle_distance": 0.28,
    "_row": "7.2"
  },
  {
    "N1": 78,
    "N2": 7,
    "N3": 7,
    "N4": 8,
    "Total_Percent": 100,
    "Total_information": 5,
    "true_probability": 0.7,
    "mle_distance": 0.28,
    "_row": "8.2"
  },
  {
    "N1": 89,
    "N2": 4,
    "N3": 4,
    "N4": 3,
    "Total_Percent": 100,
    "Total_information": 5,
    "true_probability": 0.7,
    "mle_distance": 0.28,
    "_row": "9.2"
  },
  {
    "N1": 11,
    "N2": 30,
    "N3": 30,
    "N4": 29,
    "Total_Percent": 100,
    "Total_information": 11,
    "true_probability": 0.7,
    "mle_distance": 0.28,
    "_row": "21.2"
  },
  {
    "N1": 22,
    "N2": 26,
    "N3": 26,
    "N4": 26,
    "Total_Percent": 100,
    "Total_information": 11,
    "true_probability": 0.7,
    "mle_distance": 0.28,
    "_row": "31.2"
  },
  {
    "N1": 33,
    "N2": 22,
    "N3": 22,
    "N4": 23,
    "Total_Percent": 100,
    "Total_information": 11,
    "true_probability": 0.7,
    "mle_distance": 0.28,
    "_row": "41.2"
  },
  {
    "N1": 44,
    "N2": 19,
    "N3": 19,
    "N4": 18,
    "Total_Percent": 100,
    "Total_information": 11,
    "true_probability": 0.7,
    "mle_distance": 0.28,
    "_row": "51.2"
  },
  {
    "N1": 56,
    "N2": 15,
    "N3": 15,
    "N4": 14,
    "Total_Percent": 100,
    "Total_information": 11,
    "true_probability": 0.7,
    "mle_distance": 0.28,
    "_row": "61.2"
  },
  {
    "N1": 67,
    "N2": 11,
    "N3": 11,
    "N4": 11,
    "Total_Percent": 100,
    "Total_information": 11,
    "true_probability": 0.7,
    "mle_distance": 0.28,
    "_row": "71.2"
  },
  {
    "N1": 78,
    "N2": 7,
    "N3": 7,
    "N4": 8,
    "Total_Percent": 100,
    "Total_information": 11,
    "true_probability": 0.7,
    "mle_distance": 0.28,
    "_row": "81.2"
  },
  {
    "N1": 89,
    "N2": 4,
    "N3": 4,
    "N4": 3,
    "Total_Percent": 100,
    "Total_information": 11,
    "true_probability": 0.7,
    "mle_distance": 0.28,
    "_row": "91.2"
  },
  {
    "N1": 11,
    "N2": 30,
    "N3": 30,
    "N4": 29,
    "Total_Percent": 100,
    "Total_information": 17,
    "true_probability": 0.7,
    "mle_distance": 0.28,
    "_row": "22.2"
  },
  {
    "N1": 22,
    "N2": 26,
    "N3": 26,
    "N4": 26,
    "Total_Percent": 100,
    "Total_information": 17,
    "true_probability": 0.7,
    "mle_distance": 0.28,
    "_row": "32.2"
  },
  {
    "N1": 33,
    "N2": 22,
    "N3": 22,
    "N4": 23,
    "Total_Percent": 100,
    "Total_information": 17,
    "true_probability": 0.7,
    "mle_distance": 0.28,
    "_row": "42.2"
  },
  {
    "N1": 44,
    "N2": 19,
    "N3": 19,
    "N4": 18,
    "Total_Percent": 100,
    "Total_information": 17,
    "true_probability": 0.7,
    "mle_distance": 0.28,
    "_row": "52.2"
  },
  {
    "N1": 56,
    "N2": 15,
    "N3": 15,
    "N4": 14,
    "Total_Percent": 100,
    "Total_information": 17,
    "true_probability": 0.7,
    "mle_distance": 0.28,
    "_row": "62.2"
  },
  {
    "N1": 67,
    "N2": 11,
    "N3": 11,
    "N4": 11,
    "Total_Percent": 100,
    "Total_information": 17,
    "true_probability": 0.7,
    "mle_distance": 0.28,
    "_row": "72.2"
  },
  {
    "N1": 78,
    "N2": 7,
    "N3": 7,
    "N4": 8,
    "Total_Percent": 100,
    "Total_information": 17,
    "true_probability": 0.7,
    "mle_distance": 0.28,
    "_row": "82.2"
  },
  {
    "N1": 89,
    "N2": 4,
    "N3": 4,
    "N4": 3,
    "Total_Percent": 100,
    "Total_information": 17,
    "true_probability": 0.7,
    "mle_distance": 0.28,
    "_row": "92.2"
  },
  {
    "N1": 11,
    "N2": 30,
    "N3": 30,
    "N4": 29,
    "Total_Percent": 100,
    "Total_information": 23,
    "true_probability": 0.7,
    "mle_distance": 0.28,
    "_row": "23.2"
  },
  {
    "N1": 22,
    "N2": 26,
    "N3": 26,
    "N4": 26,
    "Total_Percent": 100,
    "Total_information": 23,
    "true_probability": 0.7,
    "mle_distance": 0.28,
    "_row": "33.2"
  },
  {
    "N1": 33,
    "N2": 22,
    "N3": 22,
    "N4": 23,
    "Total_Percent": 100,
    "Total_information": 23,
    "true_probability": 0.7,
    "mle_distance": 0.28,
    "_row": "43.2"
  },
  {
    "N1": 44,
    "N2": 19,
    "N3": 19,
    "N4": 18,
    "Total_Percent": 100,
    "Total_information": 23,
    "true_probability": 0.7,
    "mle_distance": 0.28,
    "_row": "53.2"
  },
  {
    "N1": 56,
    "N2": 15,
    "N3": 15,
    "N4": 14,
    "Total_Percent": 100,
    "Total_information": 23,
    "true_probability": 0.7,
    "mle_distance": 0.28,
    "_row": "63.2"
  },
  {
    "N1": 67,
    "N2": 11,
    "N3": 11,
    "N4": 11,
    "Total_Percent": 100,
    "Total_information": 23,
    "true_probability": 0.7,
    "mle_distance": 0.28,
    "_row": "73.2"
  },
  {
    "N1": 78,
    "N2": 7,
    "N3": 7,
    "N4": 8,
    "Total_Percent": 100,
    "Total_information": 23,
    "true_probability": 0.7,
    "mle_distance": 0.28,
    "_row": "83.2"
  },
  {
    "N1": 89,
    "N2": 4,
    "N3": 4,
    "N4": 3,
    "Total_Percent": 100,
    "Total_information": 23,
    "true_probability": 0.7,
    "mle_distance": 0.28,
    "_row": "93.2"
  },
  {
    "N1": 11,
    "N2": 30,
    "N3": 30,
    "N4": 29,
    "Total_Percent": 100,
    "Total_information": 29,
    "true_probability": 0.7,
    "mle_distance": 0.28,
    "_row": "24.2"
  },
  {
    "N1": 22,
    "N2": 26,
    "N3": 26,
    "N4": 26,
    "Total_Percent": 100,
    "Total_information": 29,
    "true_probability": 0.7,
    "mle_distance": 0.28,
    "_row": "34.2"
  },
  {
    "N1": 33,
    "N2": 22,
    "N3": 22,
    "N4": 23,
    "Total_Percent": 100,
    "Total_information": 29,
    "true_probability": 0.7,
    "mle_distance": 0.28,
    "_row": "44.2"
  },
  {
    "N1": 44,
    "N2": 19,
    "N3": 19,
    "N4": 18,
    "Total_Percent": 100,
    "Total_information": 29,
    "true_probability": 0.7,
    "mle_distance": 0.28,
    "_row": "54.2"
  },
  {
    "N1": 56,
    "N2": 15,
    "N3": 15,
    "N4": 14,
    "Total_Percent": 100,
    "Total_information": 29,
    "true_probability": 0.7,
    "mle_distance": 0.28,
    "_row": "64.2"
  },
  {
    "N1": 67,
    "N2": 11,
    "N3": 11,
    "N4": 11,
    "Total_Percent": 100,
    "Total_information": 29,
    "true_probability": 0.7,
    "mle_distance": 0.28,
    "_row": "74.2"
  },
  {
    "N1": 78,
    "N2": 7,
    "N3": 7,
    "N4": 8,
    "Total_Percent": 100,
    "Total_information": 29,
    "true_probability": 0.7,
    "mle_distance": 0.28,
    "_row": "84.2"
  },
  {
    "N1": 89,
    "N2": 4,
    "N3": 4,
    "N4": 3,
    "Total_Percent": 100,
    "Total_information": 29,
    "true_probability": 0.7,
    "mle_distance": 0.28,
    "_row": "94.2"
  },
  {
    "N1": 11,
    "N2": 30,
    "N3": 30,
    "N4": 29,
    "Total_Percent": 100,
    "Total_information": 35,
    "true_probability": 0.7,
    "mle_distance": 0.28,
    "_row": "25.2"
  },
  {
    "N1": 22,
    "N2": 26,
    "N3": 26,
    "N4": 26,
    "Total_Percent": 100,
    "Total_information": 35,
    "true_probability": 0.7,
    "mle_distance": 0.28,
    "_row": "35.2"
  },
  {
    "N1": 33,
    "N2": 22,
    "N3": 22,
    "N4": 23,
    "Total_Percent": 100,
    "Total_information": 35,
    "true_probability": 0.7,
    "mle_distance": 0.28,
    "_row": "45.2"
  },
  {
    "N1": 44,
    "N2": 19,
    "N3": 19,
    "N4": 18,
    "Total_Percent": 100,
    "Total_information": 35,
    "true_probability": 0.7,
    "mle_distance": 0.28,
    "_row": "55.2"
  },
  {
    "N1": 56,
    "N2": 15,
    "N3": 15,
    "N4": 14,
    "Total_Percent": 100,
    "Total_information": 35,
    "true_probability": 0.7,
    "mle_distance": 0.28,
    "_row": "65.2"
  },
  {
    "N1": 67,
    "N2": 11,
    "N3": 11,
    "N4": 11,
    "Total_Percent": 100,
    "Total_information": 35,
    "true_probability": 0.7,
    "mle_distance": 0.28,
    "_row": "75.2"
  },
  {
    "N1": 78,
    "N2": 7,
    "N3": 7,
    "N4": 8,
    "Total_Percent": 100,
    "Total_information": 35,
    "true_probability": 0.7,
    "mle_distance": 0.28,
    "_row": "85.2"
  },
  {
    "N1": 89,
    "N2": 4,
    "N3": 4,
    "N4": 3,
    "Total_Percent": 100,
    "Total_information": 35,
    "true_probability": 0.7,
    "mle_distance": 0.28,
    "_row": "95.2"
  },
  {
    "N1": 11,
    "N2": 30,
    "N3": 30,
    "N4": 29,
    "Total_Percent": 100,
    "Total_information": 5,
    "true_probability": 0.7,
    "mle_distance": 0.42,
    "_row": "2.3"
  },
  {
    "N1": 22,
    "N2": 26,
    "N3": 26,
    "N4": 26,
    "Total_Percent": 100,
    "Total_information": 5,
    "true_probability": 0.7,
    "mle_distance": 0.42,
    "_row": "3.3"
  },
  {
    "N1": 33,
    "N2": 22,
    "N3": 22,
    "N4": 23,
    "Total_Percent": 100,
    "Total_information": 5,
    "true_probability": 0.7,
    "mle_distance": 0.42,
    "_row": "4.3"
  },
  {
    "N1": 44,
    "N2": 19,
    "N3": 19,
    "N4": 18,
    "Total_Percent": 100,
    "Total_information": 5,
    "true_probability": 0.7,
    "mle_distance": 0.42,
    "_row": "5.3"
  },
  {
    "N1": 56,
    "N2": 15,
    "N3": 15,
    "N4": 14,
    "Total_Percent": 100,
    "Total_information": 5,
    "true_probability": 0.7,
    "mle_distance": 0.42,
    "_row": "6.3"
  },
  {
    "N1": 67,
    "N2": 11,
    "N3": 11,
    "N4": 11,
    "Total_Percent": 100,
    "Total_information": 5,
    "true_probability": 0.7,
    "mle_distance": 0.42,
    "_row": "7.3"
  },
  {
    "N1": 78,
    "N2": 7,
    "N3": 7,
    "N4": 8,
    "Total_Percent": 100,
    "Total_information": 5,
    "true_probability": 0.7,
    "mle_distance": 0.42,
    "_row": "8.3"
  },
  {
    "N1": 89,
    "N2": 4,
    "N3": 4,
    "N4": 3,
    "Total_Percent": 100,
    "Total_information": 5,
    "true_probability": 0.7,
    "mle_distance": 0.42,
    "_row": "9.3"
  },
  {
    "N1": 11,
    "N2": 30,
    "N3": 30,
    "N4": 29,
    "Total_Percent": 100,
    "Total_information": 11,
    "true_probability": 0.7,
    "mle_distance": 0.42,
    "_row": "21.3"
  },
  {
    "N1": 22,
    "N2": 26,
    "N3": 26,
    "N4": 26,
    "Total_Percent": 100,
    "Total_information": 11,
    "true_probability": 0.7,
    "mle_distance": 0.42,
    "_row": "31.3"
  },
  {
    "N1": 33,
    "N2": 22,
    "N3": 22,
    "N4": 23,
    "Total_Percent": 100,
    "Total_information": 11,
    "true_probability": 0.7,
    "mle_distance": 0.42,
    "_row": "41.3"
  },
  {
    "N1": 44,
    "N2": 19,
    "N3": 19,
    "N4": 18,
    "Total_Percent": 100,
    "Total_information": 11,
    "true_probability": 0.7,
    "mle_distance": 0.42,
    "_row": "51.3"
  },
  {
    "N1": 56,
    "N2": 15,
    "N3": 15,
    "N4": 14,
    "Total_Percent": 100,
    "Total_information": 11,
    "true_probability": 0.7,
    "mle_distance": 0.42,
    "_row": "61.3"
  },
  {
    "N1": 67,
    "N2": 11,
    "N3": 11,
    "N4": 11,
    "Total_Percent": 100,
    "Total_information": 11,
    "true_probability": 0.7,
    "mle_distance": 0.42,
    "_row": "71.3"
  },
  {
    "N1": 78,
    "N2": 7,
    "N3": 7,
    "N4": 8,
    "Total_Percent": 100,
    "Total_information": 11,
    "true_probability": 0.7,
    "mle_distance": 0.42,
    "_row": "81.3"
  },
  {
    "N1": 89,
    "N2": 4,
    "N3": 4,
    "N4": 3,
    "Total_Percent": 100,
    "Total_information": 11,
    "true_probability": 0.7,
    "mle_distance": 0.42,
    "_row": "91.3"
  },
  {
    "N1": 11,
    "N2": 30,
    "N3": 30,
    "N4": 29,
    "Total_Percent": 100,
    "Total_information": 17,
    "true_probability": 0.7,
    "mle_distance": 0.42,
    "_row": "22.3"
  },
  {
    "N1": 22,
    "N2": 26,
    "N3": 26,
    "N4": 26,
    "Total_Percent": 100,
    "Total_information": 17,
    "true_probability": 0.7,
    "mle_distance": 0.42,
    "_row": "32.3"
  },
  {
    "N1": 33,
    "N2": 22,
    "N3": 22,
    "N4": 23,
    "Total_Percent": 100,
    "Total_information": 17,
    "true_probability": 0.7,
    "mle_distance": 0.42,
    "_row": "42.3"
  },
  {
    "N1": 44,
    "N2": 19,
    "N3": 19,
    "N4": 18,
    "Total_Percent": 100,
    "Total_information": 17,
    "true_probability": 0.7,
    "mle_distance": 0.42,
    "_row": "52.3"
  },
  {
    "N1": 56,
    "N2": 15,
    "N3": 15,
    "N4": 14,
    "Total_Percent": 100,
    "Total_information": 17,
    "true_probability": 0.7,
    "mle_distance": 0.42,
    "_row": "62.3"
  },
  {
    "N1": 67,
    "N2": 11,
    "N3": 11,
    "N4": 11,
    "Total_Percent": 100,
    "Total_information": 17,
    "true_probability": 0.7,
    "mle_distance": 0.42,
    "_row": "72.3"
  },
  {
    "N1": 78,
    "N2": 7,
    "N3": 7,
    "N4": 8,
    "Total_Percent": 100,
    "Total_information": 17,
    "true_probability": 0.7,
    "mle_distance": 0.42,
    "_row": "82.3"
  },
  {
    "N1": 89,
    "N2": 4,
    "N3": 4,
    "N4": 3,
    "Total_Percent": 100,
    "Total_information": 17,
    "true_probability": 0.7,
    "mle_distance": 0.42,
    "_row": "92.3"
  },
  {
    "N1": 11,
    "N2": 30,
    "N3": 30,
    "N4": 29,
    "Total_Percent": 100,
    "Total_information": 23,
    "true_probability": 0.7,
    "mle_distance": 0.42,
    "_row": "23.3"
  },
  {
    "N1": 22,
    "N2": 26,
    "N3": 26,
    "N4": 26,
    "Total_Percent": 100,
    "Total_information": 23,
    "true_probability": 0.7,
    "mle_distance": 0.42,
    "_row": "33.3"
  },
  {
    "N1": 33,
    "N2": 22,
    "N3": 22,
    "N4": 23,
    "Total_Percent": 100,
    "Total_information": 23,
    "true_probability": 0.7,
    "mle_distance": 0.42,
    "_row": "43.3"
  },
  {
    "N1": 44,
    "N2": 19,
    "N3": 19,
    "N4": 18,
    "Total_Percent": 100,
    "Total_information": 23,
    "true_probability": 0.7,
    "mle_distance": 0.42,
    "_row": "53.3"
  },
  {
    "N1": 56,
    "N2": 15,
    "N3": 15,
    "N4": 14,
    "Total_Percent": 100,
    "Total_information": 23,
    "true_probability": 0.7,
    "mle_distance": 0.42,
    "_row": "63.3"
  },
  {
    "N1": 67,
    "N2": 11,
    "N3": 11,
    "N4": 11,
    "Total_Percent": 100,
    "Total_information": 23,
    "true_probability": 0.7,
    "mle_distance": 0.42,
    "_row": "73.3"
  },
  {
    "N1": 78,
    "N2": 7,
    "N3": 7,
    "N4": 8,
    "Total_Percent": 100,
    "Total_information": 23,
    "true_probability": 0.7,
    "mle_distance": 0.42,
    "_row": "83.3"
  },
  {
    "N1": 89,
    "N2": 4,
    "N3": 4,
    "N4": 3,
    "Total_Percent": 100,
    "Total_information": 23,
    "true_probability": 0.7,
    "mle_distance": 0.42,
    "_row": "93.3"
  },
  {
    "N1": 11,
    "N2": 30,
    "N3": 30,
    "N4": 29,
    "Total_Percent": 100,
    "Total_information": 29,
    "true_probability": 0.7,
    "mle_distance": 0.42,
    "_row": "24.3"
  },
  {
    "N1": 22,
    "N2": 26,
    "N3": 26,
    "N4": 26,
    "Total_Percent": 100,
    "Total_information": 29,
    "true_probability": 0.7,
    "mle_distance": 0.42,
    "_row": "34.3"
  },
  {
    "N1": 33,
    "N2": 22,
    "N3": 22,
    "N4": 23,
    "Total_Percent": 100,
    "Total_information": 29,
    "true_probability": 0.7,
    "mle_distance": 0.42,
    "_row": "44.3"
  },
  {
    "N1": 44,
    "N2": 19,
    "N3": 19,
    "N4": 18,
    "Total_Percent": 100,
    "Total_information": 29,
    "true_probability": 0.7,
    "mle_distance": 0.42,
    "_row": "54.3"
  },
  {
    "N1": 56,
    "N2": 15,
    "N3": 15,
    "N4": 14,
    "Total_Percent": 100,
    "Total_information": 29,
    "true_probability": 0.7,
    "mle_distance": 0.42,
    "_row": "64.3"
  },
  {
    "N1": 67,
    "N2": 11,
    "N3": 11,
    "N4": 11,
    "Total_Percent": 100,
    "Total_information": 29,
    "true_probability": 0.7,
    "mle_distance": 0.42,
    "_row": "74.3"
  },
  {
    "N1": 78,
    "N2": 7,
    "N3": 7,
    "N4": 8,
    "Total_Percent": 100,
    "Total_information": 29,
    "true_probability": 0.7,
    "mle_distance": 0.42,
    "_row": "84.3"
  },
  {
    "N1": 89,
    "N2": 4,
    "N3": 4,
    "N4": 3,
    "Total_Percent": 100,
    "Total_information": 29,
    "true_probability": 0.7,
    "mle_distance": 0.42,
    "_row": "94.3"
  },
  {
    "N1": 11,
    "N2": 30,
    "N3": 30,
    "N4": 29,
    "Total_Percent": 100,
    "Total_information": 35,
    "true_probability": 0.7,
    "mle_distance": 0.42,
    "_row": "25.3"
  },
  {
    "N1": 22,
    "N2": 26,
    "N3": 26,
    "N4": 26,
    "Total_Percent": 100,
    "Total_information": 35,
    "true_probability": 0.7,
    "mle_distance": 0.42,
    "_row": "35.3"
  },
  {
    "N1": 33,
    "N2": 22,
    "N3": 22,
    "N4": 23,
    "Total_Percent": 100,
    "Total_information": 35,
    "true_probability": 0.7,
    "mle_distance": 0.42,
    "_row": "45.3"
  },
  {
    "N1": 44,
    "N2": 19,
    "N3": 19,
    "N4": 18,
    "Total_Percent": 100,
    "Total_information": 35,
    "true_probability": 0.7,
    "mle_distance": 0.42,
    "_row": "55.3"
  },
  {
    "N1": 56,
    "N2": 15,
    "N3": 15,
    "N4": 14,
    "Total_Percent": 100,
    "Total_information": 35,
    "true_probability": 0.7,
    "mle_distance": 0.42,
    "_row": "65.3"
  },
  {
    "N1": 67,
    "N2": 11,
    "N3": 11,
    "N4": 11,
    "Total_Percent": 100,
    "Total_information": 35,
    "true_probability": 0.7,
    "mle_distance": 0.42,
    "_row": "75.3"
  },
  {
    "N1": 78,
    "N2": 7,
    "N3": 7,
    "N4": 8,
    "Total_Percent": 100,
    "Total_information": 35,
    "true_probability": 0.7,
    "mle_distance": 0.42,
    "_row": "85.3"
  },
  {
    "N1": 89,
    "N2": 4,
    "N3": 4,
    "N4": 3,
    "Total_Percent": 100,
    "Total_information": 35,
    "true_probability": 0.7,
    "mle_distance": 0.42,
    "_row": "95.3"
  },
  {
    "N1": 11,
    "N2": 30,
    "N3": 30,
    "N4": 29,
    "Total_Percent": 100,
    "Total_information": 5,
    "true_probability": 0.7,
    "mle_distance": 0.56,
    "_row": "2.4"
  },
  {
    "N1": 22,
    "N2": 26,
    "N3": 26,
    "N4": 26,
    "Total_Percent": 100,
    "Total_information": 5,
    "true_probability": 0.7,
    "mle_distance": 0.56,
    "_row": "3.4"
  },
  {
    "N1": 33,
    "N2": 22,
    "N3": 22,
    "N4": 23,
    "Total_Percent": 100,
    "Total_information": 5,
    "true_probability": 0.7,
    "mle_distance": 0.56,
    "_row": "4.4"
  },
  {
    "N1": 44,
    "N2": 19,
    "N3": 19,
    "N4": 18,
    "Total_Percent": 100,
    "Total_information": 5,
    "true_probability": 0.7,
    "mle_distance": 0.56,
    "_row": "5.4"
  },
  {
    "N1": 56,
    "N2": 15,
    "N3": 15,
    "N4": 14,
    "Total_Percent": 100,
    "Total_information": 5,
    "true_probability": 0.7,
    "mle_distance": 0.56,
    "_row": "6.4"
  },
  {
    "N1": 67,
    "N2": 11,
    "N3": 11,
    "N4": 11,
    "Total_Percent": 100,
    "Total_information": 5,
    "true_probability": 0.7,
    "mle_distance": 0.56,
    "_row": "7.4"
  },
  {
    "N1": 78,
    "N2": 7,
    "N3": 7,
    "N4": 8,
    "Total_Percent": 100,
    "Total_information": 5,
    "true_probability": 0.7,
    "mle_distance": 0.56,
    "_row": "8.4"
  },
  {
    "N1": 89,
    "N2": 4,
    "N3": 4,
    "N4": 3,
    "Total_Percent": 100,
    "Total_information": 5,
    "true_probability": 0.7,
    "mle_distance": 0.56,
    "_row": "9.4"
  },
  {
    "N1": 11,
    "N2": 30,
    "N3": 30,
    "N4": 29,
    "Total_Percent": 100,
    "Total_information": 11,
    "true_probability": 0.7,
    "mle_distance": 0.56,
    "_row": "21.4"
  },
  {
    "N1": 22,
    "N2": 26,
    "N3": 26,
    "N4": 26,
    "Total_Percent": 100,
    "Total_information": 11,
    "true_probability": 0.7,
    "mle_distance": 0.56,
    "_row": "31.4"
  },
  {
    "N1": 33,
    "N2": 22,
    "N3": 22,
    "N4": 23,
    "Total_Percent": 100,
    "Total_information": 11,
    "true_probability": 0.7,
    "mle_distance": 0.56,
    "_row": "41.4"
  },
  {
    "N1": 44,
    "N2": 19,
    "N3": 19,
    "N4": 18,
    "Total_Percent": 100,
    "Total_information": 11,
    "true_probability": 0.7,
    "mle_distance": 0.56,
    "_row": "51.4"
  },
  {
    "N1": 56,
    "N2": 15,
    "N3": 15,
    "N4": 14,
    "Total_Percent": 100,
    "Total_information": 11,
    "true_probability": 0.7,
    "mle_distance": 0.56,
    "_row": "61.4"
  },
  {
    "N1": 67,
    "N2": 11,
    "N3": 11,
    "N4": 11,
    "Total_Percent": 100,
    "Total_information": 11,
    "true_probability": 0.7,
    "mle_distance": 0.56,
    "_row": "71.4"
  },
  {
    "N1": 78,
    "N2": 7,
    "N3": 7,
    "N4": 8,
    "Total_Percent": 100,
    "Total_information": 11,
    "true_probability": 0.7,
    "mle_distance": 0.56,
    "_row": "81.4"
  },
  {
    "N1": 89,
    "N2": 4,
    "N3": 4,
    "N4": 3,
    "Total_Percent": 100,
    "Total_information": 11,
    "true_probability": 0.7,
    "mle_distance": 0.56,
    "_row": "91.4"
  },
  {
    "N1": 11,
    "N2": 30,
    "N3": 30,
    "N4": 29,
    "Total_Percent": 100,
    "Total_information": 17,
    "true_probability": 0.7,
    "mle_distance": 0.56,
    "_row": "22.4"
  },
  {
    "N1": 22,
    "N2": 26,
    "N3": 26,
    "N4": 26,
    "Total_Percent": 100,
    "Total_information": 17,
    "true_probability": 0.7,
    "mle_distance": 0.56,
    "_row": "32.4"
  },
  {
    "N1": 33,
    "N2": 22,
    "N3": 22,
    "N4": 23,
    "Total_Percent": 100,
    "Total_information": 17,
    "true_probability": 0.7,
    "mle_distance": 0.56,
    "_row": "42.4"
  },
  {
    "N1": 44,
    "N2": 19,
    "N3": 19,
    "N4": 18,
    "Total_Percent": 100,
    "Total_information": 17,
    "true_probability": 0.7,
    "mle_distance": 0.56,
    "_row": "52.4"
  },
  {
    "N1": 56,
    "N2": 15,
    "N3": 15,
    "N4": 14,
    "Total_Percent": 100,
    "Total_information": 17,
    "true_probability": 0.7,
    "mle_distance": 0.56,
    "_row": "62.4"
  },
  {
    "N1": 67,
    "N2": 11,
    "N3": 11,
    "N4": 11,
    "Total_Percent": 100,
    "Total_information": 17,
    "true_probability": 0.7,
    "mle_distance": 0.56,
    "_row": "72.4"
  },
  {
    "N1": 78,
    "N2": 7,
    "N3": 7,
    "N4": 8,
    "Total_Percent": 100,
    "Total_information": 17,
    "true_probability": 0.7,
    "mle_distance": 0.56,
    "_row": "82.4"
  },
  {
    "N1": 89,
    "N2": 4,
    "N3": 4,
    "N4": 3,
    "Total_Percent": 100,
    "Total_information": 17,
    "true_probability": 0.7,
    "mle_distance": 0.56,
    "_row": "92.4"
  },
  {
    "N1": 11,
    "N2": 30,
    "N3": 30,
    "N4": 29,
    "Total_Percent": 100,
    "Total_information": 23,
    "true_probability": 0.7,
    "mle_distance": 0.56,
    "_row": "23.4"
  },
  {
    "N1": 22,
    "N2": 26,
    "N3": 26,
    "N4": 26,
    "Total_Percent": 100,
    "Total_information": 23,
    "true_probability": 0.7,
    "mle_distance": 0.56,
    "_row": "33.4"
  },
  {
    "N1": 33,
    "N2": 22,
    "N3": 22,
    "N4": 23,
    "Total_Percent": 100,
    "Total_information": 23,
    "true_probability": 0.7,
    "mle_distance": 0.56,
    "_row": "43.4"
  },
  {
    "N1": 44,
    "N2": 19,
    "N3": 19,
    "N4": 18,
    "Total_Percent": 100,
    "Total_information": 23,
    "true_probability": 0.7,
    "mle_distance": 0.56,
    "_row": "53.4"
  },
  {
    "N1": 56,
    "N2": 15,
    "N3": 15,
    "N4": 14,
    "Total_Percent": 100,
    "Total_information": 23,
    "true_probability": 0.7,
    "mle_distance": 0.56,
    "_row": "63.4"
  },
  {
    "N1": 67,
    "N2": 11,
    "N3": 11,
    "N4": 11,
    "Total_Percent": 100,
    "Total_information": 23,
    "true_probability": 0.7,
    "mle_distance": 0.56,
    "_row": "73.4"
  },
  {
    "N1": 78,
    "N2": 7,
    "N3": 7,
    "N4": 8,
    "Total_Percent": 100,
    "Total_information": 23,
    "true_probability": 0.7,
    "mle_distance": 0.56,
    "_row": "83.4"
  },
  {
    "N1": 89,
    "N2": 4,
    "N3": 4,
    "N4": 3,
    "Total_Percent": 100,
    "Total_information": 23,
    "true_probability": 0.7,
    "mle_distance": 0.56,
    "_row": "93.4"
  },
  {
    "N1": 11,
    "N2": 30,
    "N3": 30,
    "N4": 29,
    "Total_Percent": 100,
    "Total_information": 29,
    "true_probability": 0.7,
    "mle_distance": 0.56,
    "_row": "24.4"
  },
  {
    "N1": 22,
    "N2": 26,
    "N3": 26,
    "N4": 26,
    "Total_Percent": 100,
    "Total_information": 29,
    "true_probability": 0.7,
    "mle_distance": 0.56,
    "_row": "34.4"
  },
  {
    "N1": 33,
    "N2": 22,
    "N3": 22,
    "N4": 23,
    "Total_Percent": 100,
    "Total_information": 29,
    "true_probability": 0.7,
    "mle_distance": 0.56,
    "_row": "44.4"
  },
  {
    "N1": 44,
    "N2": 19,
    "N3": 19,
    "N4": 18,
    "Total_Percent": 100,
    "Total_information": 29,
    "true_probability": 0.7,
    "mle_distance": 0.56,
    "_row": "54.4"
  },
  {
    "N1": 56,
    "N2": 15,
    "N3": 15,
    "N4": 14,
    "Total_Percent": 100,
    "Total_information": 29,
    "true_probability": 0.7,
    "mle_distance": 0.56,
    "_row": "64.4"
  },
  {
    "N1": 67,
    "N2": 11,
    "N3": 11,
    "N4": 11,
    "Total_Percent": 100,
    "Total_information": 29,
    "true_probability": 0.7,
    "mle_distance": 0.56,
    "_row": "74.4"
  },
  {
    "N1": 78,
    "N2": 7,
    "N3": 7,
    "N4": 8,
    "Total_Percent": 100,
    "Total_information": 29,
    "true_probability": 0.7,
    "mle_distance": 0.56,
    "_row": "84.4"
  },
  {
    "N1": 89,
    "N2": 4,
    "N3": 4,
    "N4": 3,
    "Total_Percent": 100,
    "Total_information": 29,
    "true_probability": 0.7,
    "mle_distance": 0.56,
    "_row": "94.4"
  },
  {
    "N1": 11,
    "N2": 30,
    "N3": 30,
    "N4": 29,
    "Total_Percent": 100,
    "Total_information": 35,
    "true_probability": 0.7,
    "mle_distance": 0.56,
    "_row": "25.4"
  },
  {
    "N1": 22,
    "N2": 26,
    "N3": 26,
    "N4": 26,
    "Total_Percent": 100,
    "Total_information": 35,
    "true_probability": 0.7,
    "mle_distance": 0.56,
    "_row": "35.4"
  },
  {
    "N1": 33,
    "N2": 22,
    "N3": 22,
    "N4": 23,
    "Total_Percent": 100,
    "Total_information": 35,
    "true_probability": 0.7,
    "mle_distance": 0.56,
    "_row": "45.4"
  },
  {
    "N1": 44,
    "N2": 19,
    "N3": 19,
    "N4": 18,
    "Total_Percent": 100,
    "Total_information": 35,
    "true_probability": 0.7,
    "mle_distance": 0.56,
    "_row": "55.4"
  },
  {
    "N1": 56,
    "N2": 15,
    "N3": 15,
    "N4": 14,
    "Total_Percent": 100,
    "Total_information": 35,
    "true_probability": 0.7,
    "mle_distance": 0.56,
    "_row": "65.4"
  },
  {
    "N1": 67,
    "N2": 11,
    "N3": 11,
    "N4": 11,
    "Total_Percent": 100,
    "Total_information": 35,
    "true_probability": 0.7,
    "mle_distance": 0.56,
    "_row": "75.4"
  },
  {
    "N1": 78,
    "N2": 7,
    "N3": 7,
    "N4": 8,
    "Total_Percent": 100,
    "Total_information": 35,
    "true_probability": 0.7,
    "mle_distance": 0.56,
    "_row": "85.4"
  },
  {
    "N1": 89,
    "N2": 4,
    "N3": 4,
    "N4": 3,
    "Total_Percent": 100,
    "Total_information": 35,
    "true_probability": 0.7,
    "mle_distance": 0.56,
    "_row": "95.4"
  },
  {
    "N1": 11,
    "N2": 30,
    "N3": 30,
    "N4": 29,
    "Total_Percent": 100,
    "Total_information": 5,
    "true_probability": 0.7,
    "mle_distance": 0.7,
    "_row": "2.5"
  },
  {
    "N1": 22,
    "N2": 26,
    "N3": 26,
    "N4": 26,
    "Total_Percent": 100,
    "Total_information": 5,
    "true_probability": 0.7,
    "mle_distance": 0.7,
    "_row": "3.5"
  },
  {
    "N1": 33,
    "N2": 22,
    "N3": 22,
    "N4": 23,
    "Total_Percent": 100,
    "Total_information": 5,
    "true_probability": 0.7,
    "mle_distance": 0.7,
    "_row": "4.5"
  },
  {
    "N1": 44,
    "N2": 19,
    "N3": 19,
    "N4": 18,
    "Total_Percent": 100,
    "Total_information": 5,
    "true_probability": 0.7,
    "mle_distance": 0.7,
    "_row": "5.5"
  },
  {
    "N1": 56,
    "N2": 15,
    "N3": 15,
    "N4": 14,
    "Total_Percent": 100,
    "Total_information": 5,
    "true_probability": 0.7,
    "mle_distance": 0.7,
    "_row": "6.5"
  },
  {
    "N1": 67,
    "N2": 11,
    "N3": 11,
    "N4": 11,
    "Total_Percent": 100,
    "Total_information": 5,
    "true_probability": 0.7,
    "mle_distance": 0.7,
    "_row": "7.5"
  },
  {
    "N1": 78,
    "N2": 7,
    "N3": 7,
    "N4": 8,
    "Total_Percent": 100,
    "Total_information": 5,
    "true_probability": 0.7,
    "mle_distance": 0.7,
    "_row": "8.5"
  },
  {
    "N1": 89,
    "N2": 4,
    "N3": 4,
    "N4": 3,
    "Total_Percent": 100,
    "Total_information": 5,
    "true_probability": 0.7,
    "mle_distance": 0.7,
    "_row": "9.5"
  },
  {
    "N1": 11,
    "N2": 30,
    "N3": 30,
    "N4": 29,
    "Total_Percent": 100,
    "Total_information": 11,
    "true_probability": 0.7,
    "mle_distance": 0.7,
    "_row": "21.5"
  },
  {
    "N1": 22,
    "N2": 26,
    "N3": 26,
    "N4": 26,
    "Total_Percent": 100,
    "Total_information": 11,
    "true_probability": 0.7,
    "mle_distance": 0.7,
    "_row": "31.5"
  },
  {
    "N1": 33,
    "N2": 22,
    "N3": 22,
    "N4": 23,
    "Total_Percent": 100,
    "Total_information": 11,
    "true_probability": 0.7,
    "mle_distance": 0.7,
    "_row": "41.5"
  },
  {
    "N1": 44,
    "N2": 19,
    "N3": 19,
    "N4": 18,
    "Total_Percent": 100,
    "Total_information": 11,
    "true_probability": 0.7,
    "mle_distance": 0.7,
    "_row": "51.5"
  },
  {
    "N1": 56,
    "N2": 15,
    "N3": 15,
    "N4": 14,
    "Total_Percent": 100,
    "Total_information": 11,
    "true_probability": 0.7,
    "mle_distance": 0.7,
    "_row": "61.5"
  },
  {
    "N1": 67,
    "N2": 11,
    "N3": 11,
    "N4": 11,
    "Total_Percent": 100,
    "Total_information": 11,
    "true_probability": 0.7,
    "mle_distance": 0.7,
    "_row": "71.5"
  },
  {
    "N1": 78,
    "N2": 7,
    "N3": 7,
    "N4": 8,
    "Total_Percent": 100,
    "Total_information": 11,
    "true_probability": 0.7,
    "mle_distance": 0.7,
    "_row": "81.5"
  },
  {
    "N1": 89,
    "N2": 4,
    "N3": 4,
    "N4": 3,
    "Total_Percent": 100,
    "Total_information": 11,
    "true_probability": 0.7,
    "mle_distance": 0.7,
    "_row": "91.5"
  },
  {
    "N1": 11,
    "N2": 30,
    "N3": 30,
    "N4": 29,
    "Total_Percent": 100,
    "Total_information": 17,
    "true_probability": 0.7,
    "mle_distance": 0.7,
    "_row": "22.5"
  },
  {
    "N1": 22,
    "N2": 26,
    "N3": 26,
    "N4": 26,
    "Total_Percent": 100,
    "Total_information": 17,
    "true_probability": 0.7,
    "mle_distance": 0.7,
    "_row": "32.5"
  },
  {
    "N1": 33,
    "N2": 22,
    "N3": 22,
    "N4": 23,
    "Total_Percent": 100,
    "Total_information": 17,
    "true_probability": 0.7,
    "mle_distance": 0.7,
    "_row": "42.5"
  },
  {
    "N1": 44,
    "N2": 19,
    "N3": 19,
    "N4": 18,
    "Total_Percent": 100,
    "Total_information": 17,
    "true_probability": 0.7,
    "mle_distance": 0.7,
    "_row": "52.5"
  },
  {
    "N1": 56,
    "N2": 15,
    "N3": 15,
    "N4": 14,
    "Total_Percent": 100,
    "Total_information": 17,
    "true_probability": 0.7,
    "mle_distance": 0.7,
    "_row": "62.5"
  },
  {
    "N1": 67,
    "N2": 11,
    "N3": 11,
    "N4": 11,
    "Total_Percent": 100,
    "Total_information": 17,
    "true_probability": 0.7,
    "mle_distance": 0.7,
    "_row": "72.5"
  },
  {
    "N1": 78,
    "N2": 7,
    "N3": 7,
    "N4": 8,
    "Total_Percent": 100,
    "Total_information": 17,
    "true_probability": 0.7,
    "mle_distance": 0.7,
    "_row": "82.5"
  },
  {
    "N1": 89,
    "N2": 4,
    "N3": 4,
    "N4": 3,
    "Total_Percent": 100,
    "Total_information": 17,
    "true_probability": 0.7,
    "mle_distance": 0.7,
    "_row": "92.5"
  },
  {
    "N1": 11,
    "N2": 30,
    "N3": 30,
    "N4": 29,
    "Total_Percent": 100,
    "Total_information": 23,
    "true_probability": 0.7,
    "mle_distance": 0.7,
    "_row": "23.5"
  },
  {
    "N1": 22,
    "N2": 26,
    "N3": 26,
    "N4": 26,
    "Total_Percent": 100,
    "Total_information": 23,
    "true_probability": 0.7,
    "mle_distance": 0.7,
    "_row": "33.5"
  },
  {
    "N1": 33,
    "N2": 22,
    "N3": 22,
    "N4": 23,
    "Total_Percent": 100,
    "Total_information": 23,
    "true_probability": 0.7,
    "mle_distance": 0.7,
    "_row": "43.5"
  },
  {
    "N1": 44,
    "N2": 19,
    "N3": 19,
    "N4": 18,
    "Total_Percent": 100,
    "Total_information": 23,
    "true_probability": 0.7,
    "mle_distance": 0.7,
    "_row": "53.5"
  },
  {
    "N1": 56,
    "N2": 15,
    "N3": 15,
    "N4": 14,
    "Total_Percent": 100,
    "Total_information": 23,
    "true_probability": 0.7,
    "mle_distance": 0.7,
    "_row": "63.5"
  },
  {
    "N1": 67,
    "N2": 11,
    "N3": 11,
    "N4": 11,
    "Total_Percent": 100,
    "Total_information": 23,
    "true_probability": 0.7,
    "mle_distance": 0.7,
    "_row": "73.5"
  },
  {
    "N1": 78,
    "N2": 7,
    "N3": 7,
    "N4": 8,
    "Total_Percent": 100,
    "Total_information": 23,
    "true_probability": 0.7,
    "mle_distance": 0.7,
    "_row": "83.5"
  },
  {
    "N1": 89,
    "N2": 4,
    "N3": 4,
    "N4": 3,
    "Total_Percent": 100,
    "Total_information": 23,
    "true_probability": 0.7,
    "mle_distance": 0.7,
    "_row": "93.5"
  },
  {
    "N1": 11,
    "N2": 30,
    "N3": 30,
    "N4": 29,
    "Total_Percent": 100,
    "Total_information": 29,
    "true_probability": 0.7,
    "mle_distance": 0.7,
    "_row": "24.5"
  },
  {
    "N1": 22,
    "N2": 26,
    "N3": 26,
    "N4": 26,
    "Total_Percent": 100,
    "Total_information": 29,
    "true_probability": 0.7,
    "mle_distance": 0.7,
    "_row": "34.5"
  },
  {
    "N1": 33,
    "N2": 22,
    "N3": 22,
    "N4": 23,
    "Total_Percent": 100,
    "Total_information": 29,
    "true_probability": 0.7,
    "mle_distance": 0.7,
    "_row": "44.5"
  },
  {
    "N1": 44,
    "N2": 19,
    "N3": 19,
    "N4": 18,
    "Total_Percent": 100,
    "Total_information": 29,
    "true_probability": 0.7,
    "mle_distance": 0.7,
    "_row": "54.5"
  },
  {
    "N1": 56,
    "N2": 15,
    "N3": 15,
    "N4": 14,
    "Total_Percent": 100,
    "Total_information": 29,
    "true_probability": 0.7,
    "mle_distance": 0.7,
    "_row": "64.5"
  },
  {
    "N1": 67,
    "N2": 11,
    "N3": 11,
    "N4": 11,
    "Total_Percent": 100,
    "Total_information": 29,
    "true_probability": 0.7,
    "mle_distance": 0.7,
    "_row": "74.5"
  },
  {
    "N1": 78,
    "N2": 7,
    "N3": 7,
    "N4": 8,
    "Total_Percent": 100,
    "Total_information": 29,
    "true_probability": 0.7,
    "mle_distance": 0.7,
    "_row": "84.5"
  },
  {
    "N1": 89,
    "N2": 4,
    "N3": 4,
    "N4": 3,
    "Total_Percent": 100,
    "Total_information": 29,
    "true_probability": 0.7,
    "mle_distance": 0.7,
    "_row": "94.5"
  },
  {
    "N1": 11,
    "N2": 30,
    "N3": 30,
    "N4": 29,
    "Total_Percent": 100,
    "Total_information": 35,
    "true_probability": 0.7,
    "mle_distance": 0.7,
    "_row": "25.5"
  },
  {
    "N1": 22,
    "N2": 26,
    "N3": 26,
    "N4": 26,
    "Total_Percent": 100,
    "Total_information": 35,
    "true_probability": 0.7,
    "mle_distance": 0.7,
    "_row": "35.5"
  },
  {
    "N1": 33,
    "N2": 22,
    "N3": 22,
    "N4": 23,
    "Total_Percent": 100,
    "Total_information": 35,
    "true_probability": 0.7,
    "mle_distance": 0.7,
    "_row": "45.5"
  },
  {
    "N1": 44,
    "N2": 19,
    "N3": 19,
    "N4": 18,
    "Total_Percent": 100,
    "Total_information": 35,
    "true_probability": 0.7,
    "mle_distance": 0.7,
    "_row": "55.5"
  },
  {
    "N1": 56,
    "N2": 15,
    "N3": 15,
    "N4": 14,
    "Total_Percent": 100,
    "Total_information": 35,
    "true_probability": 0.7,
    "mle_distance": 0.7,
    "_row": "65.5"
  },
  {
    "N1": 67,
    "N2": 11,
    "N3": 11,
    "N4": 11,
    "Total_Percent": 100,
    "Total_information": 35,
    "true_probability": 0.7,
    "mle_distance": 0.7,
    "_row": "75.5"
  },
  {
    "N1": 78,
    "N2": 7,
    "N3": 7,
    "N4": 8,
    "Total_Percent": 100,
    "Total_information": 35,
    "true_probability": 0.7,
    "mle_distance": 0.7,
    "_row": "85.5"
  },
  {
    "N1": 89,
    "N2": 4,
    "N3": 4,
    "N4": 3,
    "Total_Percent": 100,
    "Total_information": 35,
    "true_probability": 0.7,
    "mle_distance": 0.7,
    "_row": "95.5"
  }
]
