﻿id,config,configLastChangedAt,status,statusLastChangedAt,lobbyConfig,lobbyConfigLastChangedAt,initialized,initializedLastChangedAt
01HVS9RC4ZRH444PYF463HPCV3,"{""kind"":""complete"",""config"":{""treatments"":[{""treatment"":{""name"":""debug interactive test run"",""factors"":{""condition"":""interactive"",""debug"":""debug"",""opinion"":""slider"",""playerCount"":4,""trueP"":0.3}},""count"":1}]}}",2024-04-18T19:08:26.143479537Z,terminated,2024-04-18T19:16:30.352302852Z,"{""name"":""Default shared fail"",""kind"":""shared"",""duration"":300000000000,""strategy"":""fail""}",2024-04-18T19:08:26.143479537Z,true,2024-04-18T19:08:26.168573703Z
01HVS9RJHP5FKH3MTJ0ZSD57RB,"{""kind"":""complete"",""config"":{""treatments"":[{""treatment"":{""name"":""debug slider test run"",""factors"":{""condition"":""slider"",""debug"":""debug"",""opinion"":""slider"",""playerCount"":4,""trueP"":0.3}},""count"":1}]}}",2024-04-18T19:08:32.69450424Z,terminated,2024-04-18T19:20:47.024561435Z,"{""name"":""Default shared fail"",""kind"":""shared"",""duration"":300000000000,""strategy"":""fail""}",2024-04-18T19:08:32.69450424Z,true,2024-04-18T19:08:32.708639139Z
01HVS9RS6G2V9XVV99RE84RHRP,"{""kind"":""complete"",""config"":{""treatments"":[{""treatment"":{""name"":""debug unidirectional test run"",""factors"":{""condition"":""unidirectional"",""debug"":""debug"",""opinion"":""slider"",""playerCount"":13,""trueP"":0.3}},""count"":1}]}}",2024-04-18T19:08:39.504755665Z,terminated,2024-04-18T19:09:17.411447704Z,"{""name"":""Default shared fail"",""kind"":""shared"",""duration"":300000000000,""strategy"":""fail""}",2024-04-18T19:08:39.504755665Z,true,2024-04-18T19:08:39.515589261Z
01HVS9T4TV10Y8H82X9CYTJCDC,"{""kind"":""complete"",""config"":{""treatments"":[{""treatment"":{""name"":""debug unidirectional test run"",""factors"":{""condition"":""unidirectional"",""debug"":""debug"",""opinion"":""slider"",""playerCount"":4,""trueP"":0.3}},""count"":1}]}}",2024-04-18T19:09:24.187968623Z,terminated,2024-04-18T19:24:21.688126989Z,"{""name"":""Default shared fail"",""kind"":""shared"",""duration"":300000000000,""strategy"":""fail""}",2024-04-18T19:09:24.187968623Z,true,2024-04-18T19:09:24.198451932Z
