﻿id,roundID,roundIDLastChangedAt,stageID,stageIDLastChangedAt,playerID,playerIDLastChangedAt,batchID,batchIDLastChangedAt,gameID,gameIDLastChangedAt,confidence,confidenceLastChangedAt,guess,guessLastChangedAt,submit,submitLastChangedAt
01HVSA4V2NCTAZ4SKKD79TKADZ,01HVSA4T60RVY0ET00ZDQATW3J,2024-04-18T19:15:14.646045365Z,01HVSA4TB9BKESS048CVG0CX70,2024-04-18T19:15:14.646045365Z,01HVSA3MYKMFXBJPCKZCTK334S,2024-04-18T19:15:14.646045365Z,01HVS9RC4ZRH444PYF463HPCV3,2024-04-18T19:15:14.646045365Z,01HVS9RC5SNDQA6B43BEFEETX2,2024-04-18T19:15:14.646045365Z,,,,,,
01HVSA4V2W5PVN1HVV9TZH4AGZ,01HVSA4T60RVY0ET00ZDQATW3J,2024-04-18T19:15:14.652936786Z,01HVSA4TB9BKESS048CVG0CX70,2024-04-18T19:15:14.652936786Z,01HVSA3YDSEPN6HAKTPWEM52FJ,2024-04-18T19:15:14.652936786Z,01HVS9RC4ZRH444PYF463HPCV3,2024-04-18T19:15:14.652936786Z,01HVS9RC5SNDQA6B43BEFEETX2,2024-04-18T19:15:14.652936786Z,,,,,,
01HVSA4V339JAX8SS9GDA5J7TZ,01HVSA4T60RVY0ET00ZDQATW3J,2024-04-18T19:15:14.659606277Z,01HVSA4TB9BKESS048CVG0CX70,2024-04-18T19:15:14.659606277Z,01HVSA4QFEDRMF8XHX6K523MQW,2024-04-18T19:15:14.659606277Z,01HVS9RC4ZRH444PYF463HPCV3,2024-04-18T19:15:14.659606277Z,01HVS9RC5SNDQA6B43BEFEETX2,2024-04-18T19:15:14.659606277Z,,,,,,
01HVSA4V3AB7XH2VZB8JEGRJDJ,01HVSA4T60RVY0ET00ZDQATW3J,2024-04-18T19:15:14.666106434Z,01HVSA4TB9BKESS048CVG0CX70,2024-04-18T19:15:14.666106434Z,01HVSA4SY8PWMEW2DNPE5MFSP6,2024-04-18T19:15:14.666106434Z,01HVS9RC4ZRH444PYF463HPCV3,2024-04-18T19:15:14.666106434Z,01HVS9RC5SNDQA6B43BEFEETX2,2024-04-18T19:15:14.666106434Z,,,,,,
01HVSA5REDR06GA5T1BZ21WND9,01HVSA4T60RVY0ET00ZDQATW3J,2024-04-18T19:15:44.717068029Z,01HVSA4TB9BKESS048DEPZKS9Z,2024-04-18T19:15:44.717068029Z,01HVSA3MYKMFXBJPCKZCTK334S,2024-04-18T19:15:44.717068029Z,01HVS9RC4ZRH444PYF463HPCV3,2024-04-18T19:15:44.717068029Z,01HVS9RC5SNDQA6B43BEFEETX2,2024-04-18T19:15:44.717068029Z,,,,,,
01HVSA5REK2TZAJF07CZET35AT,01HVSA4T60RVY0ET00ZDQATW3J,2024-04-18T19:15:44.723406731Z,01HVSA4TB9BKESS048DEPZKS9Z,2024-04-18T19:15:44.723406731Z,01HVSA3YDSEPN6HAKTPWEM52FJ,2024-04-18T19:15:44.723406731Z,01HVS9RC4ZRH444PYF463HPCV3,2024-04-18T19:15:44.723406731Z,01HVS9RC5SNDQA6B43BEFEETX2,2024-04-18T19:15:44.723406731Z,,,,,,
01HVSA5RETEMPY66J2AK21CRB9,01HVSA4T60RVY0ET00ZDQATW3J,2024-04-18T19:15:44.730667567Z,01HVSA4TB9BKESS048DEPZKS9Z,2024-04-18T19:15:44.730667567Z,01HVSA4QFEDRMF8XHX6K523MQW,2024-04-18T19:15:44.730667567Z,01HVS9RC4ZRH444PYF463HPCV3,2024-04-18T19:15:44.730667567Z,01HVS9RC5SNDQA6B43BEFEETX2,2024-04-18T19:15:44.730667567Z,100,2024-04-18T19:16:14.94461358Z,81,2024-04-18T19:16:14.946348246Z,true,2024-04-18T19:16:15.014522886Z
01HVSA5RF4CR1GTPQCPZWJVJ25,01HVSA4T60RVY0ET00ZDQATW3J,2024-04-18T19:15:44.740207954Z,01HVSA4TB9BKESS048DEPZKS9Z,2024-04-18T19:15:44.740207954Z,01HVSA4SY8PWMEW2DNPE5MFSP6,2024-04-18T19:15:44.740207954Z,01HVS9RC4ZRH444PYF463HPCV3,2024-04-18T19:15:44.740207954Z,01HVS9RC5SNDQA6B43BEFEETX2,2024-04-18T19:15:44.740207954Z,100,2024-04-18T19:16:13.818989141Z,78,2024-04-18T19:16:13.820277648Z,true,2024-04-18T19:16:13.885008678Z
01HVSA6NWS9J0SCNPF5FTP5QSV,01HVSA4T61DYVY6R0X2V6RKB94,2024-04-18T19:16:14.873836627Z,01HVSA4TKDAWZWKJ9N49A19SW9,2024-04-18T19:16:14.873836627Z,01HVSA3MYKMFXBJPCKZCTK334S,2024-04-18T19:16:14.873836627Z,01HVS9RC4ZRH444PYF463HPCV3,2024-04-18T19:16:14.873836627Z,01HVS9RC5SNDQA6B43BEFEETX2,2024-04-18T19:16:14.873836627Z,,,,,,
01HVSA6NX0MS9M4G980S2GX20V,01HVSA4T61DYVY6R0X2V6RKB94,2024-04-18T19:16:14.88017122Z,01HVSA4TKDAWZWKJ9N49A19SW9,2024-04-18T19:16:14.88017122Z,01HVSA3YDSEPN6HAKTPWEM52FJ,2024-04-18T19:16:14.88017122Z,01HVS9RC4ZRH444PYF463HPCV3,2024-04-18T19:16:14.88017122Z,01HVS9RC5SNDQA6B43BEFEETX2,2024-04-18T19:16:14.88017122Z,,,,,,
01HVSA6NX5MC1YQ9QE3ZJFM2MD,01HVSA4T61DYVY6R0X2V6RKB94,2024-04-18T19:16:14.885409347Z,01HVSA4TKDAWZWKJ9N49A19SW9,2024-04-18T19:16:14.885409347Z,01HVSA4QFEDRMF8XHX6K523MQW,2024-04-18T19:16:14.885409347Z,01HVS9RC4ZRH444PYF463HPCV3,2024-04-18T19:16:14.885409347Z,01HVS9RC5SNDQA6B43BEFEETX2,2024-04-18T19:16:14.885409347Z,,,,,,
01HVSA6NXC4WS7YHAQS1ZQY7A4,01HVSA4T61DYVY6R0X2V6RKB94,2024-04-18T19:16:14.892488181Z,01HVSA4TKDAWZWKJ9N49A19SW9,2024-04-18T19:16:14.892488181Z,01HVSA4SY8PWMEW2DNPE5MFSP6,2024-04-18T19:16:14.892488181Z,01HVS9RC4ZRH444PYF463HPCV3,2024-04-18T19:16:14.892488181Z,01HVS9RC5SNDQA6B43BEFEETX2,2024-04-18T19:16:14.892488181Z,,,,,,
01HVSACW6240PMBX9XX9Y38S0J,01HVSACVQYGNPB83TPFNDHSXSC,2024-04-18T19:19:37.92263493Z,01HVSACVV8ESPSGW4MWD9YDJNQ,2024-04-18T19:19:37.92263493Z,01HVSAASTAYAQ9DXFFF06MNCA1,2024-04-18T19:19:37.92263493Z,01HVS9RJHP5FKH3MTJ0ZSD57RB,2024-04-18T19:19:37.92263493Z,01HVS9RJJ41E743BRPBN1DMWCK,2024-04-18T19:19:37.92263493Z,23,2024-04-18T19:19:50.850950736Z,80,2024-04-18T19:19:50.85226515Z,true,2024-04-18T19:19:50.920939955Z
01HVSACW670S333CHXEBX3TB63,01HVSACVQYGNPB83TPFNDHSXSC,2024-04-18T19:19:37.927393776Z,01HVSACVV8ESPSGW4MWD9YDJNQ,2024-04-18T19:19:37.927393776Z,01HVSABH0YY1Y13JCR113FCPSE,2024-04-18T19:19:37.927393776Z,01HVS9RJHP5FKH3MTJ0ZSD57RB,2024-04-18T19:19:37.927393776Z,01HVS9RJJ41E743BRPBN1DMWCK,2024-04-18T19:19:37.927393776Z,76,2024-04-18T19:19:55.743541177Z,91,2024-04-18T19:19:55.744353515Z,true,2024-04-18T19:19:55.814760827Z
01HVSACW6BBJKMBNS3HXDSFZBE,01HVSACVQYGNPB83TPFNDHSXSC,2024-04-18T19:19:37.931589064Z,01HVSACVV8ESPSGW4MWD9YDJNQ,2024-04-18T19:19:37.931589064Z,01HVSACSM4ESB8XW7MZW8ZEXY5,2024-04-18T19:19:37.931589064Z,01HVS9RJHP5FKH3MTJ0ZSD57RB,2024-04-18T19:19:37.931589064Z,01HVS9RJJ41E743BRPBN1DMWCK,2024-04-18T19:19:37.931589064Z,90,2024-04-18T19:19:45.880194296Z,83,2024-04-18T19:19:45.881467471Z,true,2024-04-18T19:19:45.952623201Z
01HVSACW6K4CVBS3ZSNVHA5KJA,01HVSACVQYGNPB83TPFNDHSXSC,2024-04-18T19:19:37.939513552Z,01HVSACVV8ESPSGW4MWD9YDJNQ,2024-04-18T19:19:37.939513552Z,01HVSACVHK6J8RYEDAC2KPRDAF,2024-04-18T19:19:37.939513552Z,01HVS9RJHP5FKH3MTJ0ZSD57RB,2024-04-18T19:19:37.939513552Z,01HVS9RJJ41E743BRPBN1DMWCK,2024-04-18T19:19:37.939513552Z,76,2024-04-18T19:20:01.322897187Z,78,2024-04-18T19:20:01.323894129Z,true,2024-04-18T19:20:01.390877705Z
01HVSADK5XV0398H3EVQBR4Z4W,01HVSACVQZ5BKDKWQ71303SAD6,2024-04-18T19:20:01.469470086Z,01HVSACVV3BQY90GBPGB9CRHW5,2024-04-18T19:20:01.469470086Z,01HVSAASTAYAQ9DXFFF06MNCA1,2024-04-18T19:20:01.469470086Z,01HVS9RJHP5FKH3MTJ0ZSD57RB,2024-04-18T19:20:01.469470086Z,01HVS9RJJ41E743BRPBN1DMWCK,2024-04-18T19:20:01.469470086Z,80,2024-04-18T19:20:20.567759659Z,71,2024-04-18T19:20:20.567018918Z,true,2024-04-18T19:20:20.568228292Z
01HVSADK62NJFY979CCKZ1M4T4,01HVSACVQZ5BKDKWQ71303SAD6,2024-04-18T19:20:01.47404981Z,01HVSACVV3BQY90GBPGB9CRHW5,2024-04-18T19:20:01.47404981Z,01HVSABH0YY1Y13JCR113FCPSE,2024-04-18T19:20:01.47404981Z,01HVS9RJHP5FKH3MTJ0ZSD57RB,2024-04-18T19:20:01.47404981Z,01HVS9RJJ41E743BRPBN1DMWCK,2024-04-18T19:20:01.47404981Z,86,2024-04-18T19:20:24.795342043Z,78,2024-04-18T19:20:24.794477428Z,true,2024-04-18T19:20:24.797262114Z
01HVSADK66FWS3HZXRJMB8HMDQ,01HVSACVQZ5BKDKWQ71303SAD6,2024-04-18T19:20:01.478470252Z,01HVSACVV3BQY90GBPGB9CRHW5,2024-04-18T19:20:01.478470252Z,01HVSACSM4ESB8XW7MZW8ZEXY5,2024-04-18T19:20:01.478470252Z,01HVS9RJHP5FKH3MTJ0ZSD57RB,2024-04-18T19:20:01.478470252Z,01HVS9RJJ41E743BRPBN1DMWCK,2024-04-18T19:20:01.478470252Z,70,2024-04-18T19:20:17.140717252Z,86,2024-04-18T19:20:17.141218226Z,true,2024-04-18T19:20:17.142315343Z
01HVSADK6AHYXJA2VEWVVF7F1E,01HVSACVQZ5BKDKWQ71303SAD6,2024-04-18T19:20:01.482333702Z,01HVSACVV3BQY90GBPGB9CRHW5,2024-04-18T19:20:01.482333702Z,01HVSACVHK6J8RYEDAC2KPRDAF,2024-04-18T19:20:01.482333702Z,01HVS9RJHP5FKH3MTJ0ZSD57RB,2024-04-18T19:20:01.482333702Z,01HVS9RJJ41E743BRPBN1DMWCK,2024-04-18T19:20:01.482333702Z,81,2024-04-18T19:20:12.034093532Z,81,2024-04-18T19:20:12.033326649Z,true,2024-04-18T19:20:12.034759557Z
01HVSAEA163HT0EX76PKNGJ7KY,01HVSACVQYGNPB83TPG9PDR5EZ,2024-04-18T19:20:24.870883755Z,01HVSACVW2CHMASJWV2PG6V1YZ,2024-04-18T19:20:24.870883755Z,01HVSAASTAYAQ9DXFFF06MNCA1,2024-04-18T19:20:24.870883755Z,01HVS9RJHP5FKH3MTJ0ZSD57RB,2024-04-18T19:20:24.870883755Z,01HVS9RJJ41E743BRPBN1DMWCK,2024-04-18T19:20:24.870883755Z,,,,,,
01HVSAEA1BKD9YHW481NVRFK4F,01HVSACVQYGNPB83TPG9PDR5EZ,2024-04-18T19:20:24.875753723Z,01HVSACVW2CHMASJWV2PG6V1YZ,2024-04-18T19:20:24.875753723Z,01HVSABH0YY1Y13JCR113FCPSE,2024-04-18T19:20:24.875753723Z,01HVS9RJHP5FKH3MTJ0ZSD57RB,2024-04-18T19:20:24.875753723Z,01HVS9RJJ41E743BRPBN1DMWCK,2024-04-18T19:20:24.875753723Z,67,2024-04-18T19:20:29.503654215Z,83,2024-04-18T19:20:29.503186251Z,true,2024-04-18T19:20:29.503984931Z
01HVSAEA1HY692XDSG5D080Z5V,01HVSACVQYGNPB83TPG9PDR5EZ,2024-04-18T19:20:24.881606053Z,01HVSACVW2CHMASJWV2PG6V1YZ,2024-04-18T19:20:24.881606053Z,01HVSACSM4ESB8XW7MZW8ZEXY5,2024-04-18T19:20:24.881606053Z,01HVS9RJHP5FKH3MTJ0ZSD57RB,2024-04-18T19:20:24.881606053Z,01HVS9RJJ41E743BRPBN1DMWCK,2024-04-18T19:20:24.881606053Z,,,,,,
01HVSAEA1P584D27K8ZRWQVMQ5,01HVSACVQYGNPB83TPG9PDR5EZ,2024-04-18T19:20:24.886198133Z,01HVSACVW2CHMASJWV2PG6V1YZ,2024-04-18T19:20:24.886198133Z,01HVSACVHK6J8RYEDAC2KPRDAF,2024-04-18T19:20:24.886198133Z,01HVS9RJHP5FKH3MTJ0ZSD57RB,2024-04-18T19:20:24.886198133Z,01HVS9RJJ41E743BRPBN1DMWCK,2024-04-18T19:20:24.886198133Z,,,,,,
01HVSAJN4GA2VRDSRJFF9C5BRG,01HVSAJMD1Q4ECZ3X0TJGHA2DV,2024-04-18T19:22:47.312925314Z,01HVSAJMQA7M7604KJA4HB85YM,2024-04-18T19:22:47.312925314Z,01HVSAJBZ004F7TYPEJFER3PJ2,2024-04-18T19:22:47.312925314Z,01HVS9T4TV10Y8H82X9CYTJCDC,2024-04-18T19:22:47.312925314Z,01HVS9T4V698M3BCXQQBZ3YKFQ,2024-04-18T19:22:47.312925314Z,,,,,,
01HVSAJN4QKB8ABZ6NBSGWV4JP,01HVSAJMD1Q4ECZ3X0TJGHA2DV,2024-04-18T19:22:47.319956466Z,01HVSAJMQA7M7604KJA4HB85YM,2024-04-18T19:22:47.319956466Z,01HVSAJE1N93F07F3Y53RKK5Q4,2024-04-18T19:22:47.319956466Z,01HVS9T4TV10Y8H82X9CYTJCDC,2024-04-18T19:22:47.319956466Z,01HVS9T4V698M3BCXQQBZ3YKFQ,2024-04-18T19:22:47.319956466Z,,,,,,
01HVSAJN4ZJWXSG7Z6WYM6W3V0,01HVSAJMD1Q4ECZ3X0TJGHA2DV,2024-04-18T19:22:47.327623496Z,01HVSAJMQA7M7604KJA4HB85YM,2024-04-18T19:22:47.327623496Z,01HVSAJGHA1NA66ZPRG6HQDB8Q,2024-04-18T19:22:47.327623496Z,01HVS9T4TV10Y8H82X9CYTJCDC,2024-04-18T19:22:47.327623496Z,01HVS9T4V698M3BCXQQBZ3YKFQ,2024-04-18T19:22:47.327623496Z,,,,,,
01HVSAJN55EZ0R8SN014RGSES5,01HVSAJMD1Q4ECZ3X0TJGHA2DV,2024-04-18T19:22:47.333847821Z,01HVSAJMQA7M7604KJA4HB85YM,2024-04-18T19:22:47.333847821Z,01HVSAJM6GF4BN5A5XZESJTSFG,2024-04-18T19:22:47.333847821Z,01HVS9T4TV10Y8H82X9CYTJCDC,2024-04-18T19:22:47.333847821Z,01HVS9T4V698M3BCXQQBZ3YKFQ,2024-04-18T19:22:47.333847821Z,,,,,,
01HVSAKJGG86R8RD1ESHAJTX4N,01HVSAJMD1Q4ECZ3X0TJGHA2DV,2024-04-18T19:23:17.392473622Z,01HVSAJMQB0MG3VMT6WA8D0DP4,2024-04-18T19:23:17.392473622Z,01HVSAJBZ004F7TYPEJFER3PJ2,2024-04-18T19:23:17.392473622Z,01HVS9T4TV10Y8H82X9CYTJCDC,2024-04-18T19:23:17.392473622Z,01HVS9T4V698M3BCXQQBZ3YKFQ,2024-04-18T19:23:17.392473622Z,75,2024-04-18T19:23:22.115929917Z,80,2024-04-18T19:23:22.11474232Z,true,2024-04-18T19:23:22.181273267Z
01HVSAKJGPHS936YEBBSP9VFG4,01HVSAJMD1Q4ECZ3X0TJGHA2DV,2024-04-18T19:23:17.39830128Z,01HVSAJMQB0MG3VMT6WA8D0DP4,2024-04-18T19:23:17.39830128Z,01HVSAJE1N93F07F3Y53RKK5Q4,2024-04-18T19:23:17.39830128Z,01HVS9T4TV10Y8H82X9CYTJCDC,2024-04-18T19:23:17.39830128Z,01HVS9T4V698M3BCXQQBZ3YKFQ,2024-04-18T19:23:17.39830128Z,75,2024-04-18T19:23:34.511383477Z,79,2024-04-18T19:23:34.50904284Z,true,2024-04-18T19:23:34.578087824Z
01HVSAKJGY5Y2KPGT29XWP9EXS,01HVSAJMD1Q4ECZ3X0TJGHA2DV,2024-04-18T19:23:17.406790859Z,01HVSAJMQB0MG3VMT6WA8D0DP4,2024-04-18T19:23:17.406790859Z,01HVSAJGHA1NA66ZPRG6HQDB8Q,2024-04-18T19:23:17.406790859Z,01HVS9T4TV10Y8H82X9CYTJCDC,2024-04-18T19:23:17.406790859Z,01HVS9T4V698M3BCXQQBZ3YKFQ,2024-04-18T19:23:17.406790859Z,80,2024-04-18T19:23:30.300109196Z,88,2024-04-18T19:23:30.301102177Z,true,2024-04-18T19:23:30.369429159Z
01HVSAKJH426R6PAZSVSMMNSDH,01HVSAJMD1Q4ECZ3X0TJGHA2DV,2024-04-18T19:23:17.41221606Z,01HVSAJMQB0MG3VMT6WA8D0DP4,2024-04-18T19:23:17.41221606Z,01HVSAJM6GF4BN5A5XZESJTSFG,2024-04-18T19:23:17.41221606Z,01HVS9T4TV10Y8H82X9CYTJCDC,2024-04-18T19:23:17.41221606Z,01HVS9T4V698M3BCXQQBZ3YKFQ,2024-04-18T19:23:17.41221606Z,78,2024-04-18T19:23:26.5215139Z,93,2024-04-18T19:23:26.522683677Z,true,2024-04-18T19:23:26.588833786Z
01HVSAM3C0YMFKTMSRBYMX5AFE,01HVSAJMD1Q4ECZ3X0T4528S9M,2024-04-18T19:23:34.656922647Z,01HVSAJMHFT4KBDB239TSZ1YVQ,2024-04-18T19:23:34.656922647Z,01HVSAJBZ004F7TYPEJFER3PJ2,2024-04-18T19:23:34.656922647Z,01HVS9T4TV10Y8H82X9CYTJCDC,2024-04-18T19:23:34.656922647Z,01HVS9T4V698M3BCXQQBZ3YKFQ,2024-04-18T19:23:34.656922647Z,,,,,,
01HVSAM3C6QE3353WB36H8D462,01HVSAJMD1Q4ECZ3X0T4528S9M,2024-04-18T19:23:34.662800269Z,01HVSAJMHFT4KBDB239TSZ1YVQ,2024-04-18T19:23:34.662800269Z,01HVSAJE1N93F07F3Y53RKK5Q4,2024-04-18T19:23:34.662800269Z,01HVS9T4TV10Y8H82X9CYTJCDC,2024-04-18T19:23:34.662800269Z,01HVS9T4V698M3BCXQQBZ3YKFQ,2024-04-18T19:23:34.662800269Z,,,,,,
01HVSAM3CB44NGMEEG43FB8ESP,01HVSAJMD1Q4ECZ3X0T4528S9M,2024-04-18T19:23:34.667677797Z,01HVSAJMHFT4KBDB239TSZ1YVQ,2024-04-18T19:23:34.667677797Z,01HVSAJGHA1NA66ZPRG6HQDB8Q,2024-04-18T19:23:34.667677797Z,01HVS9T4TV10Y8H82X9CYTJCDC,2024-04-18T19:23:34.667677797Z,01HVS9T4V698M3BCXQQBZ3YKFQ,2024-04-18T19:23:34.667677797Z,,,,,,
01HVSAM3CH243JR72PZG8W7XMM,01HVSAJMD1Q4ECZ3X0T4528S9M,2024-04-18T19:23:34.673130864Z,01HVSAJMHFT4KBDB239TSZ1YVQ,2024-04-18T19:23:34.673130864Z,01HVSAJM6GF4BN5A5XZESJTSFG,2024-04-18T19:23:34.673130864Z,01HVS9T4TV10Y8H82X9CYTJCDC,2024-04-18T19:23:34.673130864Z,01HVS9T4V698M3BCXQQBZ3YKFQ,2024-04-18T19:23:34.673130864Z,,,,,,
01HVSAN0QAV07XRG2T6QJW4V9N,01HVSAJMD1Q4ECZ3X0T4528S9M,2024-04-18T19:24:04.714166958Z,01HVSAJMHG6QVDKSEKNT64N7AG,2024-04-18T19:24:04.714166958Z,01HVSAJBZ004F7TYPEJFER3PJ2,2024-04-18T19:24:04.714166958Z,01HVS9T4TV10Y8H82X9CYTJCDC,2024-04-18T19:24:04.714166958Z,01HVS9T4V698M3BCXQQBZ3YKFQ,2024-04-18T19:24:04.714166958Z,,,,,,
01HVSAN0QFC7B9XVJW101WRR57,01HVSAJMD1Q4ECZ3X0T4528S9M,2024-04-18T19:24:04.71977956Z,01HVSAJMHG6QVDKSEKNT64N7AG,2024-04-18T19:24:04.71977956Z,01HVSAJE1N93F07F3Y53RKK5Q4,2024-04-18T19:24:04.71977956Z,01HVS9T4TV10Y8H82X9CYTJCDC,2024-04-18T19:24:04.71977956Z,01HVS9T4V698M3BCXQQBZ3YKFQ,2024-04-18T19:24:04.71977956Z,,,,,,
01HVSAN0QMKD1RB08JES09PZV6,01HVSAJMD1Q4ECZ3X0T4528S9M,2024-04-18T19:24:04.724814355Z,01HVSAJMHG6QVDKSEKNT64N7AG,2024-04-18T19:24:04.724814355Z,01HVSAJGHA1NA66ZPRG6HQDB8Q,2024-04-18T19:24:04.724814355Z,01HVS9T4TV10Y8H82X9CYTJCDC,2024-04-18T19:24:04.724814355Z,01HVS9T4V698M3BCXQQBZ3YKFQ,2024-04-18T19:24:04.724814355Z,,,,,,
01HVSAN0QY3J3M8BFYZBQJAXSN,01HVSAJMD1Q4ECZ3X0T4528S9M,2024-04-18T19:24:04.734422163Z,01HVSAJMHG6QVDKSEKNT64N7AG,2024-04-18T19:24:04.734422163Z,01HVSAJM6GF4BN5A5XZESJTSFG,2024-04-18T19:24:04.734422163Z,01HVS9T4TV10Y8H82X9CYTJCDC,2024-04-18T19:24:04.734422163Z,01HVS9T4V698M3BCXQQBZ3YKFQ,2024-04-18T19:24:04.734422163Z,,,,,,
