﻿id,batchID,batchIDLastChangedAt,gameID,gameIDLastChangedAt,roundID,roundIDLastChangedAt,playerID,playerIDLastChangedAt
01HVSA4TW0WYQEGMMCJ348MKGH,01HVS9RC4ZRH444PYF463HPCV3,2024-04-18T19:15:14.433015633Z,01HVS9RC5SNDQA6B43BEFEETX2,2024-04-18T19:15:14.433015633Z,01HVSA4T60RVY0ET00ZDQATW3J,2024-04-18T19:15:14.433015633Z,01HVSA3MYKMFXBJPCKZCTK334S,2024-04-18T19:15:14.433015633Z
01HVSA4TW6FG8DZ7NCD1AXMNMV,01HVS9RC4ZRH444PYF463HPCV3,2024-04-18T19:15:14.438814414Z,01HVS9RC5SNDQA6B43BEFEETX2,2024-04-18T19:15:14.438814414Z,01HVSA4T60RVY0ET00ZDQATW3J,2024-04-18T19:15:14.438814414Z,01HVSA3YDSEPN6HAKTPWEM52FJ,2024-04-18T19:15:14.438814414Z
01HVSA4TWCF9JTES012CRWCM92,01HVS9RC4ZRH444PYF463HPCV3,2024-04-18T19:15:14.444187751Z,01HVS9RC5SNDQA6B43BEFEETX2,2024-04-18T19:15:14.444187751Z,01HVSA4T60RVY0ET00ZDQATW3J,2024-04-18T19:15:14.444187751Z,01HVSA4QFEDRMF8XHX6K523MQW,2024-04-18T19:15:14.444187751Z
01HVSA4TWP4QGYYJ6G8D86KD7M,01HVS9RC4ZRH444PYF463HPCV3,2024-04-18T19:15:14.454869447Z,01HVS9RC5SNDQA6B43BEFEETX2,2024-04-18T19:15:14.454869447Z,01HVSA4T60RVY0ET00ZDQATW3J,2024-04-18T19:15:14.454869447Z,01HVSA4SY8PWMEW2DNPE5MFSP6,2024-04-18T19:15:14.454869447Z
01HVSA6NTXVWGNMTDDKB63YVSM,01HVS9RC4ZRH444PYF463HPCV3,2024-04-18T19:16:14.814037809Z,01HVS9RC5SNDQA6B43BEFEETX2,2024-04-18T19:16:14.814037809Z,01HVSA4T61DYVY6R0X2V6RKB94,2024-04-18T19:16:14.814037809Z,01HVSA3MYKMFXBJPCKZCTK334S,2024-04-18T19:16:14.814037809Z
01HVSA6NV4ZBN6Y45MC64AQ6DR,01HVS9RC4ZRH444PYF463HPCV3,2024-04-18T19:16:14.820084913Z,01HVS9RC5SNDQA6B43BEFEETX2,2024-04-18T19:16:14.820084913Z,01HVSA4T61DYVY6R0X2V6RKB94,2024-04-18T19:16:14.820084913Z,01HVSA3YDSEPN6HAKTPWEM52FJ,2024-04-18T19:16:14.820084913Z
01HVSA6NVADGSCFD3K2G65EHA1,01HVS9RC4ZRH444PYF463HPCV3,2024-04-18T19:16:14.826176181Z,01HVS9RC5SNDQA6B43BEFEETX2,2024-04-18T19:16:14.826176181Z,01HVSA4T61DYVY6R0X2V6RKB94,2024-04-18T19:16:14.826176181Z,01HVSA4QFEDRMF8XHX6K523MQW,2024-04-18T19:16:14.826176181Z
01HVSA6NVF0K71NRX6D70C8ZDT,01HVS9RC4ZRH444PYF463HPCV3,2024-04-18T19:16:14.831769818Z,01HVS9RC5SNDQA6B43BEFEETX2,2024-04-18T19:16:14.831769818Z,01HVSA4T61DYVY6R0X2V6RKB94,2024-04-18T19:16:14.831769818Z,01HVSA4SY8PWMEW2DNPE5MFSP6,2024-04-18T19:16:14.831769818Z
01HVSACW4J7266SBAQHJFM80FB,01HVS9RJHP5FKH3MTJ0ZSD57RB,2024-04-18T19:19:37.874442862Z,01HVS9RJJ41E743BRPBN1DMWCK,2024-04-18T19:19:37.874442862Z,01HVSACVQYGNPB83TPFNDHSXSC,2024-04-18T19:19:37.874442862Z,01HVSAASTAYAQ9DXFFF06MNCA1,2024-04-18T19:19:37.874442862Z
01HVSACW4QYKAYB2XHWRHRS8K8,01HVS9RJHP5FKH3MTJ0ZSD57RB,2024-04-18T19:19:37.879262533Z,01HVS9RJJ41E743BRPBN1DMWCK,2024-04-18T19:19:37.879262533Z,01HVSACVQYGNPB83TPFNDHSXSC,2024-04-18T19:19:37.879262533Z,01HVSABH0YY1Y13JCR113FCPSE,2024-04-18T19:19:37.879262533Z
01HVSACW4V2C2V2K7GZMRE42SM,01HVS9RJHP5FKH3MTJ0ZSD57RB,2024-04-18T19:19:37.883631595Z,01HVS9RJJ41E743BRPBN1DMWCK,2024-04-18T19:19:37.883631595Z,01HVSACVQYGNPB83TPFNDHSXSC,2024-04-18T19:19:37.883631595Z,01HVSACSM4ESB8XW7MZW8ZEXY5,2024-04-18T19:19:37.883631595Z
01HVSACW4Z9X6R5P49W15H5JK0,01HVS9RJHP5FKH3MTJ0ZSD57RB,2024-04-18T19:19:37.887715224Z,01HVS9RJJ41E743BRPBN1DMWCK,2024-04-18T19:19:37.887715224Z,01HVSACVQYGNPB83TPFNDHSXSC,2024-04-18T19:19:37.887715224Z,01HVSACVHK6J8RYEDAC2KPRDAF,2024-04-18T19:19:37.887715224Z
01HVSADK4JD5HH30GYNA35YH0A,01HVS9RJHP5FKH3MTJ0ZSD57RB,2024-04-18T19:20:01.426423567Z,01HVS9RJJ41E743BRPBN1DMWCK,2024-04-18T19:20:01.426423567Z,01HVSACVQZ5BKDKWQ71303SAD6,2024-04-18T19:20:01.426423567Z,01HVSAASTAYAQ9DXFFF06MNCA1,2024-04-18T19:20:01.426423567Z
01HVSADK4RSFAG5C9153GF9N44,01HVS9RJHP5FKH3MTJ0ZSD57RB,2024-04-18T19:20:01.432620295Z,01HVS9RJJ41E743BRPBN1DMWCK,2024-04-18T19:20:01.432620295Z,01HVSACVQZ5BKDKWQ71303SAD6,2024-04-18T19:20:01.432620295Z,01HVSABH0YY1Y13JCR113FCPSE,2024-04-18T19:20:01.432620295Z
01HVSADK4YB3RECMG9716WKZC8,01HVS9RJHP5FKH3MTJ0ZSD57RB,2024-04-18T19:20:01.438181682Z,01HVS9RJJ41E743BRPBN1DMWCK,2024-04-18T19:20:01.438181682Z,01HVSACVQZ5BKDKWQ71303SAD6,2024-04-18T19:20:01.438181682Z,01HVSACSM4ESB8XW7MZW8ZEXY5,2024-04-18T19:20:01.438181682Z
01HVSADK54MHYEH0YBWJ4J6G6B,01HVS9RJHP5FKH3MTJ0ZSD57RB,2024-04-18T19:20:01.44495516Z,01HVS9RJJ41E743BRPBN1DMWCK,2024-04-18T19:20:01.44495516Z,01HVSACVQZ5BKDKWQ71303SAD6,2024-04-18T19:20:01.44495516Z,01HVSACVHK6J8RYEDAC2KPRDAF,2024-04-18T19:20:01.44495516Z
01HVSAEA02Y78GVFQ9HGVWEWY4,01HVS9RJHP5FKH3MTJ0ZSD57RB,2024-04-18T19:20:24.834868953Z,01HVS9RJJ41E743BRPBN1DMWCK,2024-04-18T19:20:24.834868953Z,01HVSACVQYGNPB83TPG9PDR5EZ,2024-04-18T19:20:24.834868953Z,01HVSAASTAYAQ9DXFFF06MNCA1,2024-04-18T19:20:24.834868953Z
01HVSAEA07W40RD865KQZ13FQC,01HVS9RJHP5FKH3MTJ0ZSD57RB,2024-04-18T19:20:24.839357787Z,01HVS9RJJ41E743BRPBN1DMWCK,2024-04-18T19:20:24.839357787Z,01HVSACVQYGNPB83TPG9PDR5EZ,2024-04-18T19:20:24.839357787Z,01HVSABH0YY1Y13JCR113FCPSE,2024-04-18T19:20:24.839357787Z
01HVSAEA0A5X2D8FX67WVD1ADP,01HVS9RJHP5FKH3MTJ0ZSD57RB,2024-04-18T19:20:24.842909615Z,01HVS9RJJ41E743BRPBN1DMWCK,2024-04-18T19:20:24.842909615Z,01HVSACVQYGNPB83TPG9PDR5EZ,2024-04-18T19:20:24.842909615Z,01HVSACSM4ESB8XW7MZW8ZEXY5,2024-04-18T19:20:24.842909615Z
01HVSAEA0F721NS2E68S9DV225,01HVS9RJHP5FKH3MTJ0ZSD57RB,2024-04-18T19:20:24.847055021Z,01HVS9RJJ41E743BRPBN1DMWCK,2024-04-18T19:20:24.847055021Z,01HVSACVQYGNPB83TPG9PDR5EZ,2024-04-18T19:20:24.847055021Z,01HVSACVHK6J8RYEDAC2KPRDAF,2024-04-18T19:20:24.847055021Z
01HVSAJN2FWCK3A8X2APEMDJPY,01HVS9T4TV10Y8H82X9CYTJCDC,2024-04-18T19:22:47.247431771Z,01HVS9T4V698M3BCXQQBZ3YKFQ,2024-04-18T19:22:47.247431771Z,01HVSAJMD1Q4ECZ3X0TJGHA2DV,2024-04-18T19:22:47.247431771Z,01HVSAJBZ004F7TYPEJFER3PJ2,2024-04-18T19:22:47.247431771Z
01HVSAJN2NV0FZM5Y72CHCBCHD,01HVS9T4TV10Y8H82X9CYTJCDC,2024-04-18T19:22:47.25319637Z,01HVS9T4V698M3BCXQQBZ3YKFQ,2024-04-18T19:22:47.25319637Z,01HVSAJMD1Q4ECZ3X0TJGHA2DV,2024-04-18T19:22:47.25319637Z,01HVSAJE1N93F07F3Y53RKK5Q4,2024-04-18T19:22:47.25319637Z
01HVSAJN2Y18XD11ABNSEZCSMV,01HVS9T4TV10Y8H82X9CYTJCDC,2024-04-18T19:22:47.262540902Z,01HVS9T4V698M3BCXQQBZ3YKFQ,2024-04-18T19:22:47.262540902Z,01HVSAJMD1Q4ECZ3X0TJGHA2DV,2024-04-18T19:22:47.262540902Z,01HVSAJGHA1NA66ZPRG6HQDB8Q,2024-04-18T19:22:47.262540902Z
01HVSAJN34GACAATS2VRMK7M19,01HVS9T4TV10Y8H82X9CYTJCDC,2024-04-18T19:22:47.268627956Z,01HVS9T4V698M3BCXQQBZ3YKFQ,2024-04-18T19:22:47.268627956Z,01HVSAJMD1Q4ECZ3X0TJGHA2DV,2024-04-18T19:22:47.268627956Z,01HVSAJM6GF4BN5A5XZESJTSFG,2024-04-18T19:22:47.268627956Z
01HVSAM3ASAK9X65YR8489CWNY,01HVS9T4TV10Y8H82X9CYTJCDC,2024-04-18T19:23:34.617947406Z,01HVS9T4V698M3BCXQQBZ3YKFQ,2024-04-18T19:23:34.617947406Z,01HVSAJMD1Q4ECZ3X0T4528S9M,2024-04-18T19:23:34.617947406Z,01HVSAJBZ004F7TYPEJFER3PJ2,2024-04-18T19:23:34.617947406Z
01HVSAM3AZGWM1G1SANWFTT7Y5,01HVS9T4TV10Y8H82X9CYTJCDC,2024-04-18T19:23:34.623186984Z,01HVS9T4V698M3BCXQQBZ3YKFQ,2024-04-18T19:23:34.623186984Z,01HVSAJMD1Q4ECZ3X0T4528S9M,2024-04-18T19:23:34.623186984Z,01HVSAJE1N93F07F3Y53RKK5Q4,2024-04-18T19:23:34.623186984Z
01HVSAM3B3FNHP92Z5PDGYEAZ3,01HVS9T4TV10Y8H82X9CYTJCDC,2024-04-18T19:23:34.627654359Z,01HVS9T4V698M3BCXQQBZ3YKFQ,2024-04-18T19:23:34.627654359Z,01HVSAJMD1Q4ECZ3X0T4528S9M,2024-04-18T19:23:34.627654359Z,01HVSAJGHA1NA66ZPRG6HQDB8Q,2024-04-18T19:23:34.627654359Z
01HVSAM3B9RFAWGYDAXWWGVTSZ,01HVS9T4TV10Y8H82X9CYTJCDC,2024-04-18T19:23:34.633490928Z,01HVS9T4V698M3BCXQQBZ3YKFQ,2024-04-18T19:23:34.633490928Z,01HVSAJMD1Q4ECZ3X0T4528S9M,2024-04-18T19:23:34.633490928Z,01HVSAJM6GF4BN5A5XZESJTSFG,2024-04-18T19:23:34.633490928Z
