﻿id,participantIdentifier,participantIdentifierLastChangedAt,urlParams,urlParamsLastChangedAt,emojiArray,emojiArrayLastChangedAt,ended,endedLastChangedAt,treatment,treatmentLastChangedAt,treatmentName,treatmentNameLastChangedAt,introDone,introDoneLastChangedAt,name,nameLastChangedAt,gameID,gameIDLastChangedAt,participantID,participantIDLastChangedAt,recipient,recipientLastChangedAt
01HVSA3MYKMFXBJPCKZCTK334S,wergwr,2024-04-18T19:14:35.603563442Z,{},2024-04-18T19:14:35.764774193Z,"[""🐿️"",""🐿️"",""🐿️"",""🐿️"",""                                   "",""🐿️"",""🐇"",""🐇"",""🐿️"",""🐿️""]",2024-04-18T19:15:13.76788244Z,game terminated,2024-04-18T19:16:30.548628398Z,"{""condition"":""interactive"",""debug"":""debug"",""opinion"":""slider"",""playerCount"":4,""trueP"":0.3}",2024-04-18T19:14:35.619523469Z,debug interactive test run,2024-04-18T19:14:35.619523469Z,true,2024-04-18T19:14:35.768080952Z,player 1,2024-04-18T19:15:13.76788244Z,01HVS9RC5SNDQA6B43BEFEETX2,2024-04-18T19:14:35.619523469Z,01HVSA3MMK9PASFHTVN50ZVNY2,2024-04-18T19:14:35.603563442Z,01HVSA4SY8PWMEW2DNPE5MFSP6,2024-04-18T19:16:14.850536647Z
01HVSA3YDSEPN6HAKTPWEM52FJ,dsgwreg,2024-04-18T19:14:45.305510959Z,{},2024-04-18T19:14:45.46799561Z,"[""🐿️"",""🐇"",""                                   "",""🐿️""]",2024-04-18T19:15:13.76788244Z,game terminated,2024-04-18T19:16:30.548628398Z,"{""condition"":""interactive"",""debug"":""debug"",""opinion"":""slider"",""playerCount"":4,""trueP"":0.3}",2024-04-18T19:14:45.316539894Z,debug interactive test run,2024-04-18T19:14:45.316539894Z,true,2024-04-18T19:14:45.535719164Z,player 2,2024-04-18T19:15:13.76788244Z,01HVS9RC5SNDQA6B43BEFEETX2,2024-04-18T19:14:45.316539894Z,01HVSA3Y4PP41BJG42EXYV6FRF,2024-04-18T19:14:45.305510959Z,01HVSA3MYKMFXBJPCKZCTK334S,2024-04-18T19:16:14.850536647Z
01HVSA4QFEDRMF8XHX6K523MQW,rbrb,2024-04-18T19:15:10.958623594Z,{},2024-04-18T19:15:11.106535284Z,"[""🐿️"",""🐇"",""                                   "",""🐇"",""🐿️""]",2024-04-18T19:15:13.76788244Z,game terminated,2024-04-18T19:16:30.548628398Z,"{""condition"":""interactive"",""debug"":""debug"",""opinion"":""slider"",""playerCount"":4,""trueP"":0.3}",2024-04-18T19:15:10.966573801Z,debug interactive test run,2024-04-18T19:15:10.966573801Z,true,2024-04-18T19:15:11.11192616Z,player 3,2024-04-18T19:15:13.76788244Z,01HVS9RC5SNDQA6B43BEFEETX2,2024-04-18T19:15:10.966573801Z,01HVSA4Q6N8DV30APP14JGJHGW,2024-04-18T19:15:10.958623594Z,01HVSA3YDSEPN6HAKTPWEM52FJ,2024-04-18T19:16:14.850536647Z
01HVSA4SY8PWMEW2DNPE5MFSP6,wvgwr,2024-04-18T19:15:13.480878386Z,{},2024-04-18T19:15:13.634846946Z,"[""🐿️"",""🐇"",""🐿️"",""                                   "",""🐿️""]",2024-04-18T19:15:13.76788244Z,game terminated,2024-04-18T19:16:30.548628398Z,"{""condition"":""interactive"",""debug"":""debug"",""opinion"":""slider"",""playerCount"":4,""trueP"":0.3}",2024-04-18T19:15:13.490450234Z,debug interactive test run,2024-04-18T19:15:13.490450234Z,true,2024-04-18T19:15:13.637925088Z,player 4,2024-04-18T19:15:13.76788244Z,01HVS9RC5SNDQA6B43BEFEETX2,2024-04-18T19:15:13.490450234Z,01HVSA4SNGHCFNMKTCAC9BTG6Q,2024-04-18T19:15:13.480878386Z,01HVSA4QFEDRMF8XHX6K523MQW,2024-04-18T19:16:14.850536647Z
01HVSAASTAYAQ9DXFFF06MNCA1,fberb,2024-04-18T19:18:29.962715055Z,{},2024-04-18T19:18:30.114446389Z,"[""🐿️"",""🐿️"",""🐇"",""🐿️"",""                                   "",""🐿️"",""🐇"",""🐇"",""🐿️""]",2024-04-18T19:19:37.473131615Z,game terminated,2024-04-18T19:20:47.040668195Z,"{""condition"":""slider"",""debug"":""debug"",""opinion"":""slider"",""playerCount"":4,""trueP"":0.3}",2024-04-18T19:18:29.972799794Z,debug slider test run,2024-04-18T19:18:29.972799794Z,true,2024-04-18T19:18:30.117497369Z,player 1,2024-04-18T19:19:37.473131615Z,01HVS9RJJ41E743BRPBN1DMWCK,2024-04-18T19:18:29.972799794Z,01HVSAASHEWCGDMH7RYA04GFMY,2024-04-18T19:18:29.962715055Z,01HVSABH0YY1Y13JCR113FCPSE,2024-04-18T19:20:24.856261343Z
01HVSABH0YY1Y13JCR113FCPSE,febeb,2024-04-18T19:18:53.726693583Z,{},2024-04-18T19:18:53.878246745Z,"[""🐿️"",""🐿️"",""🐿️"",""🐿️"",""🐿️"",""                                   ""]",2024-04-18T19:19:37.473131615Z,game terminated,2024-04-18T19:20:47.040668195Z,"{""condition"":""slider"",""debug"":""debug"",""opinion"":""slider"",""playerCount"":4,""trueP"":0.3}",2024-04-18T19:18:53.737520273Z,debug slider test run,2024-04-18T19:18:53.737520273Z,true,2024-04-18T19:18:53.880422862Z,player 2,2024-04-18T19:19:37.473131615Z,01HVS9RJJ41E743BRPBN1DMWCK,2024-04-18T19:18:53.737520273Z,01HVSABGR87ZNS5W38AD4S9TE6,2024-04-18T19:18:53.726693583Z,01HVSACSM4ESB8XW7MZW8ZEXY5,2024-04-18T19:20:24.856261343Z
01HVSACSM4ESB8XW7MZW8ZEXY5,eb,2024-04-18T19:19:35.300668043Z,{},2024-04-18T19:19:35.446873683Z,"[""🐿️"",""🐿️"",""                                   "",""🐇"",""🐿️""]",2024-04-18T19:19:37.473131615Z,game terminated,2024-04-18T19:20:47.040668195Z,"{""condition"":""slider"",""debug"":""debug"",""opinion"":""slider"",""playerCount"":4,""trueP"":0.3}",2024-04-18T19:19:35.308356496Z,debug slider test run,2024-04-18T19:19:35.308356496Z,true,2024-04-18T19:19:35.44932454Z,player 3,2024-04-18T19:19:37.473131615Z,01HVS9RJJ41E743BRPBN1DMWCK,2024-04-18T19:19:35.308356496Z,01HVSACSBBVA0NVE50Y8SX4YWQ,2024-04-18T19:19:35.300668043Z,01HVSACVHK6J8RYEDAC2KPRDAF,2024-04-18T19:20:24.856261343Z
01HVSACVHK6J8RYEDAC2KPRDAF,ebegb,2024-04-18T19:19:37.267431284Z,{},2024-04-18T19:19:37.412921597Z,"[""🐿️"",""🐇"",""                                   "",""🐇""]",2024-04-18T19:19:37.473131615Z,game terminated,2024-04-18T19:20:47.040668195Z,"{""condition"":""slider"",""debug"":""debug"",""opinion"":""slider"",""playerCount"":4,""trueP"":0.3}",2024-04-18T19:19:37.273369141Z,debug slider test run,2024-04-18T19:19:37.273369141Z,true,2024-04-18T19:19:37.416361074Z,player 4,2024-04-18T19:19:37.473131615Z,01HVS9RJJ41E743BRPBN1DMWCK,2024-04-18T19:19:37.273369141Z,01HVSACV8TP4JGWQPDF9E83N8S,2024-04-18T19:19:37.267431284Z,01HVSAASTAYAQ9DXFFF06MNCA1,2024-04-18T19:20:24.856261343Z
01HVSAJBZ004F7TYPEJFER3PJ2,etbheth,2024-04-18T19:22:37.920568173Z,{},2024-04-18T19:22:38.072842297Z,"[""🐿️"",""🐿️"",""🐇"",""🐿️"",""🐿️"",""🐇"",""🐇"",""                                   "",""🐇"",""🐿️""]",2024-04-18T19:22:46.563347494Z,game terminated,2024-04-18T19:24:21.70805318Z,"{""condition"":""unidirectional"",""debug"":""debug"",""opinion"":""slider"",""playerCount"":4,""trueP"":0.3}",2024-04-18T19:22:37.929297454Z,debug unidirectional test run,2024-04-18T19:22:37.929297454Z,true,2024-04-18T19:22:38.07701679Z,player 1,2024-04-18T19:22:46.563347494Z,01HVS9T4V698M3BCXQQBZ3YKFQ,2024-04-18T19:22:37.929297454Z,01HVSAJBP10W9R2FMFYPQA4BQZ,2024-04-18T19:22:37.920568173Z,01HVSAJM6GF4BN5A5XZESJTSFG,2024-04-18T19:23:34.643833042Z
01HVSAJE1N93F07F3Y53RKK5Q4,rgnetn,2024-04-18T19:22:40.053839463Z,{},2024-04-18T19:22:40.204532137Z,"[""                                   "",""🐿️"",""🐿️""]",2024-04-18T19:22:46.563347494Z,game terminated,2024-04-18T19:24:21.70805318Z,"{""condition"":""unidirectional"",""debug"":""debug"",""opinion"":""slider"",""playerCount"":4,""trueP"":0.3}",2024-04-18T19:22:40.06060436Z,debug unidirectional test run,2024-04-18T19:22:40.06060436Z,true,2024-04-18T19:22:40.206694285Z,player 2,2024-04-18T19:22:46.563347494Z,01HVS9T4V698M3BCXQQBZ3YKFQ,2024-04-18T19:22:40.06060436Z,01HVSAJDQVHFAEDFZNJSKANW36,2024-04-18T19:22:40.053839463Z,01HVSAJBZ004F7TYPEJFER3PJ2,2024-04-18T19:23:34.643833042Z
01HVSAJGHA1NA66ZPRG6HQDB8Q,bebb,2024-04-18T19:22:42.602764323Z,{},2024-04-18T19:22:42.7518575Z,"[""🐿️"",""🐿️"",""🐿️"",""🐿️"",""🐇"",""                                   "",""🐇"",""🐿️""]",2024-04-18T19:22:46.563347494Z,game terminated,2024-04-18T19:24:21.70805318Z,"{""condition"":""unidirectional"",""debug"":""debug"",""opinion"":""slider"",""playerCount"":4,""trueP"":0.3}",2024-04-18T19:22:42.610273673Z,debug unidirectional test run,2024-04-18T19:22:42.610273673Z,true,2024-04-18T19:22:42.755446006Z,player 3,2024-04-18T19:22:46.563347494Z,01HVS9T4V698M3BCXQQBZ3YKFQ,2024-04-18T19:22:42.610273673Z,01HVSAJG8QDP7NVACR67GX6YHT,2024-04-18T19:22:42.602764323Z,01HVSAJE1N93F07F3Y53RKK5Q4,2024-04-18T19:23:34.643833042Z
01HVSAJM6GF4BN5A5XZESJTSFG,brgbrb,2024-04-18T19:22:46.352314584Z,{},2024-04-18T19:22:46.502115725Z,"[""🐿️"",""🐿️"",""                                   ""]",2024-04-18T19:22:46.563347494Z,game terminated,2024-04-18T19:24:21.70805318Z,"{""condition"":""unidirectional"",""debug"":""debug"",""opinion"":""slider"",""playerCount"":4,""trueP"":0.3}",2024-04-18T19:22:46.358865623Z,debug unidirectional test run,2024-04-18T19:22:46.358865623Z,true,2024-04-18T19:22:46.504630082Z,player 4,2024-04-18T19:22:46.563347494Z,01HVS9T4V698M3BCXQQBZ3YKFQ,2024-04-18T19:22:46.358865623Z,01HVSAJKX98FRF1AFH9GD8W64W,2024-04-18T19:22:46.352314584Z,01HVSAJGHA1NA66ZPRG6HQDB8Q,2024-04-18T19:23:34.643833042Z
