﻿id,gameID,gameIDLastChangedAt,playerID,playerIDLastChangedAt,batchID,batchIDLastChangedAt
01HVSA4T3HW3G3HE584NGJ189X,01HVS9RC5SNDQA6B43BEFEETX2,2024-04-18T19:15:13.649637701Z,01HVSA3MYKMFXBJPCKZCTK334S,2024-04-18T19:15:13.649637701Z,01HVS9RC4ZRH444PYF463HPCV3,2024-04-18T19:15:13.649637701Z
01HVSA4T3RAQYS512SC5ZAZA5Q,01HVS9RC5SNDQA6B43BEFEETX2,2024-04-18T19:15:13.656216112Z,01HVSA3YDSEPN6HAKTPWEM52FJ,2024-04-18T19:15:13.656216112Z,01HVS9RC4ZRH444PYF463HPCV3,2024-04-18T19:15:13.656216112Z
01HVSA4T3XWG177YGWXTRQJ48J,01HVS9RC5SNDQA6B43BEFEETX2,2024-04-18T19:15:13.661405754Z,01HVSA4QFEDRMF8XHX6K523MQW,2024-04-18T19:15:13.661405754Z,01HVS9RC4ZRH444PYF463HPCV3,2024-04-18T19:15:13.661405754Z
01HVSA4T44RYH33DNH1PHJYMWC,01HVS9RC5SNDQA6B43BEFEETX2,2024-04-18T19:15:13.668137411Z,01HVSA4SY8PWMEW2DNPE5MFSP6,2024-04-18T19:15:13.668137411Z,01HVS9RC4ZRH444PYF463HPCV3,2024-04-18T19:15:13.668137411Z
01HVSACVPHGP8MA4RQB8NP73ZB,01HVS9RJJ41E743BRPBN1DMWCK,2024-04-18T19:19:37.425871813Z,01HVSAASTAYAQ9DXFFF06MNCA1,2024-04-18T19:19:37.425871813Z,01HVS9RJHP5FKH3MTJ0ZSD57RB,2024-04-18T19:19:37.425871813Z
01HVSACVPP638GPWHCHQ186HSJ,01HVS9RJJ41E743BRPBN1DMWCK,2024-04-18T19:19:37.430277775Z,01HVSABH0YY1Y13JCR113FCPSE,2024-04-18T19:19:37.430277775Z,01HVS9RJHP5FKH3MTJ0ZSD57RB,2024-04-18T19:19:37.430277775Z
01HVSACVPTG9NGE82E17KNX85M,01HVS9RJJ41E743BRPBN1DMWCK,2024-04-18T19:19:37.434098011Z,01HVSACSM4ESB8XW7MZW8ZEXY5,2024-04-18T19:19:37.434098011Z,01HVS9RJHP5FKH3MTJ0ZSD57RB,2024-04-18T19:19:37.434098011Z
01HVSACVPYD1M3NNPQ3QWA1RY6,01HVS9RJJ41E743BRPBN1DMWCK,2024-04-18T19:19:37.438487376Z,01HVSACVHK6J8RYEDAC2KPRDAF,2024-04-18T19:19:37.438487376Z,01HVS9RJHP5FKH3MTJ0ZSD57RB,2024-04-18T19:19:37.438487376Z
01HVSAJMBGECWM634R64BBVY82,01HVS9T4V698M3BCXQQBZ3YKFQ,2024-04-18T19:22:46.512795045Z,01HVSAJBZ004F7TYPEJFER3PJ2,2024-04-18T19:22:46.512795045Z,01HVS9T4TV10Y8H82X9CYTJCDC,2024-04-18T19:22:46.512795045Z
01HVSAJMBN7FXS8N9GZS1PST10,01HVS9T4V698M3BCXQQBZ3YKFQ,2024-04-18T19:22:46.517687438Z,01HVSAJE1N93F07F3Y53RKK5Q4,2024-04-18T19:22:46.517687438Z,01HVS9T4TV10Y8H82X9CYTJCDC,2024-04-18T19:22:46.517687438Z
01HVSAJMBV7SFZT3FBZGPEX3XM,01HVS9T4V698M3BCXQQBZ3YKFQ,2024-04-18T19:22:46.523617402Z,01HVSAJGHA1NA66ZPRG6HQDB8Q,2024-04-18T19:22:46.523617402Z,01HVS9T4TV10Y8H82X9CYTJCDC,2024-04-18T19:22:46.523617402Z
01HVSAJMC1WG1H7ZDG7RSZBV0H,01HVS9T4V698M3BCXQQBZ3YKFQ,2024-04-18T19:22:46.529229733Z,01HVSAJM6GF4BN5A5XZESJTSFG,2024-04-18T19:22:46.529229733Z,01HVS9T4TV10Y8H82X9CYTJCDC,2024-04-18T19:22:46.529229733Z
