﻿id,gameID,gameIDLastChangedAt,index,indexLastChangedAt,started,startedLastChangedAt,name,nameLastChangedAt,batchID,batchIDLastChangedAt,ended,endedLastChangedAt,timerID,timerIDLastChangedAt,duration,durationLastChangedAt,start,startLastChangedAt,roundID,roundIDLastChangedAt,initialized,initializedLastChangedAt,status,statusLastChangedAt,endedReason,endedReasonLastChangedAt
01HVSA4TB9BKESS048CVG0CX70,01HVS9RC5SNDQA6B43BEFEETX2,2024-04-18T19:15:13.897172016Z,0,2024-04-18T19:15:13.897172016Z,true,2024-04-18T19:15:14.685043677Z,send,2024-04-18T19:15:13.897172016Z,01HVS9RC4ZRH444PYF463HPCV3,2024-04-18T19:15:13.897172016Z,true,2024-04-18T19:15:44.691258039Z,01HVSA4T9AJP49TG5FR53Q3A32,2024-04-18T19:15:13.897172016Z,30,2024-04-18T19:15:13.897172016Z,true,2024-04-18T19:15:14.482556224Z,01HVSA4T60RVY0ET00ZDQATW3J,2024-04-18T19:15:13.897172016Z,true,2024-04-18T19:15:14.671335539Z,,,,
01HVSA4TB9BKESS048DEPZKS9Z,01HVS9RC5SNDQA6B43BEFEETX2,2024-04-18T19:15:13.897501064Z,1,2024-04-18T19:15:13.897501064Z,true,2024-04-18T19:15:44.76723692Z,observe,2024-04-18T19:15:13.897501064Z,01HVS9RC4ZRH444PYF463HPCV3,2024-04-18T19:15:13.897501064Z,true,2024-04-18T19:16:14.774479613Z,01HVSA4TAAKWEN5SNXT8NV24DR,2024-04-18T19:15:13.897501064Z,30,2024-04-18T19:15:13.897501064Z,true,2024-04-18T19:15:44.708477864Z,01HVSA4T60RVY0ET00ZDQATW3J,2024-04-18T19:15:13.897501064Z,true,2024-04-18T19:15:44.74737133Z,,,,
01HVSA4TDF37FXNA0B38Y3EMTN,01HVS9RC5SNDQA6B43BEFEETX2,2024-04-18T19:15:13.967646755Z,0,2024-04-18T19:15:13.967646755Z,,,send,2024-04-18T19:15:13.967646755Z,01HVS9RC4ZRH444PYF463HPCV3,2024-04-18T19:15:13.967646755Z,false,2024-04-18T19:15:13.967646755Z,01HVSA4T7M279HG0JZ4P5GG8S7,2024-04-18T19:15:13.967646755Z,30,2024-04-18T19:15:13.967646755Z,false,2024-04-18T19:15:13.967646755Z,01HVSA4T73MXNP0TA5CJQKNATV,2024-04-18T19:15:13.967646755Z,,,,,,
01HVSA4TDF37FXNA0B3X3EJ1GD,01HVS9RC5SNDQA6B43BEFEETX2,2024-04-18T19:15:13.967921899Z,1,2024-04-18T19:15:13.967921899Z,,,observe,2024-04-18T19:15:13.967921899Z,01HVS9RC4ZRH444PYF463HPCV3,2024-04-18T19:15:13.967921899Z,false,2024-04-18T19:15:13.967921899Z,01HVSA4TBEWQ7YXT3MEB2FCY9X,2024-04-18T19:15:13.967921899Z,30,2024-04-18T19:15:13.967921899Z,false,2024-04-18T19:15:13.967921899Z,01HVSA4T73MXNP0TA5CJQKNATV,2024-04-18T19:15:13.967921899Z,,,,,,
01HVSA4TEBQGYF3P36M1W7FW74,01HVS9RC5SNDQA6B43BEFEETX2,2024-04-18T19:15:13.995978481Z,0,2024-04-18T19:15:13.995978481Z,,,send,2024-04-18T19:15:13.995978481Z,01HVS9RC4ZRH444PYF463HPCV3,2024-04-18T19:15:13.995978481Z,false,2024-04-18T19:15:13.995978481Z,01HVSA4TBDJVR3W4KQ7H4691BH,2024-04-18T19:15:13.995978481Z,30,2024-04-18T19:15:13.995978481Z,false,2024-04-18T19:15:13.995978481Z,01HVSA4T75G53TZAKF2JSW8S6S,2024-04-18T19:15:13.995978481Z,,,,,,
01HVSA4TEC4TYTD1X8F9CG8T8Q,01HVS9RC5SNDQA6B43BEFEETX2,2024-04-18T19:15:13.996222341Z,1,2024-04-18T19:15:13.996222341Z,,,observe,2024-04-18T19:15:13.996222341Z,01HVS9RC4ZRH444PYF463HPCV3,2024-04-18T19:15:13.996222341Z,false,2024-04-18T19:15:13.996222341Z,01HVSA4TBK1T7H1FVRKPWY1K2C,2024-04-18T19:15:13.996222341Z,30,2024-04-18T19:15:13.996222341Z,false,2024-04-18T19:15:13.996222341Z,01HVSA4T75G53TZAKF2JSW8S6S,2024-04-18T19:15:13.996222341Z,,,,,,
01HVSA4TEFEDZFS9TNNMZ8NFB2,01HVS9RC5SNDQA6B43BEFEETX2,2024-04-18T19:15:13.999097815Z,0,2024-04-18T19:15:13.999097815Z,,,send,2024-04-18T19:15:13.999097815Z,01HVS9RC4ZRH444PYF463HPCV3,2024-04-18T19:15:13.999097815Z,false,2024-04-18T19:15:13.999097815Z,01HVSA4TBDJVR3W4KQ7DAZC0X1,2024-04-18T19:15:13.999097815Z,30,2024-04-18T19:15:13.999097815Z,false,2024-04-18T19:15:13.999097815Z,01HVSA4T76P59WGC8EVND516JK,2024-04-18T19:15:13.999097815Z,,,,,,
01HVSA4TEFEDZFS9TNP8HM4AA8,01HVS9RC5SNDQA6B43BEFEETX2,2024-04-18T19:15:13.999380373Z,1,2024-04-18T19:15:13.999380373Z,,,observe,2024-04-18T19:15:13.999380373Z,01HVS9RC4ZRH444PYF463HPCV3,2024-04-18T19:15:13.999380373Z,false,2024-04-18T19:15:13.999380373Z,01HVSA4TBPC9Z7YCR7SKW0A27F,2024-04-18T19:15:13.999380373Z,30,2024-04-18T19:15:13.999380373Z,false,2024-04-18T19:15:13.999380373Z,01HVSA4T76P59WGC8EVND516JK,2024-04-18T19:15:13.999380373Z,,,,,,
01HVSA4TEQ2A998W42F1E5VW48,01HVS9RC5SNDQA6B43BEFEETX2,2024-04-18T19:15:14.007849647Z,0,2024-04-18T19:15:14.007849647Z,,,send,2024-04-18T19:15:14.007849647Z,01HVS9RC4ZRH444PYF463HPCV3,2024-04-18T19:15:14.007849647Z,false,2024-04-18T19:15:14.007849647Z,01HVSA4TBCRHF7N99ZXJ6HEGGY,2024-04-18T19:15:14.007849647Z,30,2024-04-18T19:15:14.007849647Z,false,2024-04-18T19:15:14.007849647Z,01HVSA4T76P59WGC8EWCWBSWBP,2024-04-18T19:15:14.007849647Z,,,,,,
01HVSA4TERP7NPFN91M7HPFRRD,01HVS9RC5SNDQA6B43BEFEETX2,2024-04-18T19:15:14.008109648Z,1,2024-04-18T19:15:14.008109648Z,,,observe,2024-04-18T19:15:14.008109648Z,01HVS9RC4ZRH444PYF463HPCV3,2024-04-18T19:15:14.008109648Z,false,2024-04-18T19:15:14.008109648Z,01HVSA4TBZ808HZPC3CNDB66ZW,2024-04-18T19:15:14.008109648Z,30,2024-04-18T19:15:14.008109648Z,false,2024-04-18T19:15:14.008109648Z,01HVSA4T76P59WGC8EWCWBSWBP,2024-04-18T19:15:14.008109648Z,,,,,,
01HVSA4TEVFDDSMN61Y1FH3B04,01HVS9RC5SNDQA6B43BEFEETX2,2024-04-18T19:15:14.011312019Z,0,2024-04-18T19:15:14.011312019Z,,,send,2024-04-18T19:15:14.011312019Z,01HVS9RC4ZRH444PYF463HPCV3,2024-04-18T19:15:14.011312019Z,false,2024-04-18T19:15:14.011312019Z,01HVSA4TBCRHF7N99ZXH2AYRA4,2024-04-18T19:15:14.011312019Z,30,2024-04-18T19:15:14.011312019Z,false,2024-04-18T19:15:14.011312019Z,01HVSA4T76P59WGC8EWY7RY3G8,2024-04-18T19:15:14.011312019Z,,,,,,
01HVSA4TEVFDDSMN61YS4S3YZA,01HVS9RC5SNDQA6B43BEFEETX2,2024-04-18T19:15:14.011612592Z,1,2024-04-18T19:15:14.011612592Z,,,observe,2024-04-18T19:15:14.011612592Z,01HVS9RC4ZRH444PYF463HPCV3,2024-04-18T19:15:14.011612592Z,false,2024-04-18T19:15:14.011612592Z,01HVSA4TC3Z888416ZM2N53EFQ,2024-04-18T19:15:14.011612592Z,30,2024-04-18T19:15:14.011612592Z,false,2024-04-18T19:15:14.011612592Z,01HVSA4T76P59WGC8EWY7RY3G8,2024-04-18T19:15:14.011612592Z,,,,,,
01HVSA4TF7A0FP5QNKJXR98EMD,01HVS9RC5SNDQA6B43BEFEETX2,2024-04-18T19:15:14.023419648Z,0,2024-04-18T19:15:14.023419648Z,,,send,2024-04-18T19:15:14.023419648Z,01HVS9RC4ZRH444PYF463HPCV3,2024-04-18T19:15:14.023419648Z,false,2024-04-18T19:15:14.023419648Z,01HVSA4TBDJVR3W4KQ7JATGT5P,2024-04-18T19:15:14.023419648Z,30,2024-04-18T19:15:14.023419648Z,false,2024-04-18T19:15:14.023419648Z,01HVSA4T77GD14XF918PP38B9H,2024-04-18T19:15:14.023419648Z,,,,,,
01HVSA4TF7A0FP5QNKKM16VF7R,01HVS9RC5SNDQA6B43BEFEETX2,2024-04-18T19:15:14.023760309Z,1,2024-04-18T19:15:14.023760309Z,,,observe,2024-04-18T19:15:14.023760309Z,01HVS9RC4ZRH444PYF463HPCV3,2024-04-18T19:15:14.023760309Z,false,2024-04-18T19:15:14.023760309Z,01HVSA4TCBH6XG0KNSJKN9MJ9Z,2024-04-18T19:15:14.023760309Z,30,2024-04-18T19:15:14.023760309Z,false,2024-04-18T19:15:14.023760309Z,01HVSA4T77GD14XF918PP38B9H,2024-04-18T19:15:14.023760309Z,,,,,,
01HVSA4TFA87FVAG1K67AM7ZMB,01HVS9RC5SNDQA6B43BEFEETX2,2024-04-18T19:15:14.026282685Z,0,2024-04-18T19:15:14.026282685Z,,,send,2024-04-18T19:15:14.026282685Z,01HVS9RC4ZRH444PYF463HPCV3,2024-04-18T19:15:14.026282685Z,false,2024-04-18T19:15:14.026282685Z,01HVSA4TBDJVR3W4KQ7RK5Z3S5,2024-04-18T19:15:14.026282685Z,30,2024-04-18T19:15:14.026282685Z,false,2024-04-18T19:15:14.026282685Z,01HVSA4T797XE4RKSRJD03ZGG4,2024-04-18T19:15:14.026282685Z,,,,,,
01HVSA4TFA87FVAG1K6RNHEEAE,01HVS9RC5SNDQA6B43BEFEETX2,2024-04-18T19:15:14.026510983Z,1,2024-04-18T19:15:14.026510983Z,,,observe,2024-04-18T19:15:14.026510983Z,01HVS9RC4ZRH444PYF463HPCV3,2024-04-18T19:15:14.026510983Z,false,2024-04-18T19:15:14.026510983Z,01HVSA4TCE3R7BF6CJ6DV5TJ5D,2024-04-18T19:15:14.026510983Z,30,2024-04-18T19:15:14.026510983Z,false,2024-04-18T19:15:14.026510983Z,01HVSA4T797XE4RKSRJD03ZGG4,2024-04-18T19:15:14.026510983Z,,,,,,
01HVSA4TKCRFB1G2550N2JM3V1,01HVS9RC5SNDQA6B43BEFEETX2,2024-04-18T19:15:14.156172107Z,0,2024-04-18T19:15:14.156172107Z,,,send,2024-04-18T19:15:14.156172107Z,01HVS9RC4ZRH444PYF463HPCV3,2024-04-18T19:15:14.156172107Z,false,2024-04-18T19:15:14.156172107Z,01HVSA4T86QXFY321NBJ927972,2024-04-18T19:15:14.156172107Z,30,2024-04-18T19:15:14.156172107Z,false,2024-04-18T19:15:14.156172107Z,01HVSA4T75G53TZAKF31VTJKRQ,2024-04-18T19:15:14.156172107Z,,,,,,
01HVSA4TKCRFB1G25514VECPWV,01HVS9RC5SNDQA6B43BEFEETX2,2024-04-18T19:15:14.156532643Z,1,2024-04-18T19:15:14.156532643Z,,,observe,2024-04-18T19:15:14.156532643Z,01HVS9RC4ZRH444PYF463HPCV3,2024-04-18T19:15:14.156532643Z,false,2024-04-18T19:15:14.156532643Z,01HVSA4TAM9QKXBSP353FME2PR,2024-04-18T19:15:14.156532643Z,30,2024-04-18T19:15:14.156532643Z,false,2024-04-18T19:15:14.156532643Z,01HVSA4T75G53TZAKF31VTJKRQ,2024-04-18T19:15:14.156532643Z,,,,,,
01HVSA4TKDAWZWKJ9N49A19SW9,01HVS9RC5SNDQA6B43BEFEETX2,2024-04-18T19:15:14.157425781Z,0,2024-04-18T19:15:14.157425781Z,true,2024-04-18T19:16:14.914856943Z,send,2024-04-18T19:15:14.157425781Z,01HVS9RC4ZRH444PYF463HPCV3,2024-04-18T19:15:14.157425781Z,true,2024-04-18T19:16:30.542055986Z,01HVSA4T9BSP1PH6MHCBGA5Q6R,2024-04-18T19:15:14.157425781Z,30,2024-04-18T19:15:14.157425781Z,true,2024-04-18T19:16:14.860512069Z,01HVSA4T61DYVY6R0X2V6RKB94,2024-04-18T19:15:14.157425781Z,true,2024-04-18T19:16:14.898196459Z,ended,2024-04-18T19:16:30.358208332Z,batch ended,2024-04-18T19:16:30.358208332Z
01HVSA4TKGF2P8BRGTDJ2CNA8M,01HVS9RC5SNDQA6B43BEFEETX2,2024-04-18T19:15:14.160955895Z,0,2024-04-18T19:15:14.160955895Z,,,send,2024-04-18T19:15:14.160955895Z,01HVS9RC4ZRH444PYF463HPCV3,2024-04-18T19:15:14.160955895Z,false,2024-04-18T19:15:14.160955895Z,01HVSA4T9AJP49TG5FRCS9DNWR,2024-04-18T19:15:14.160955895Z,30,2024-04-18T19:15:14.160955895Z,false,2024-04-18T19:15:14.160955895Z,01HVSA4T60RVY0ET00ZZYN8JNJ,2024-04-18T19:15:14.160955895Z,,,,,,
01HVSA4TKHT0DZ5EXXHQF812ED,01HVS9RC5SNDQA6B43BEFEETX2,2024-04-18T19:15:14.161365769Z,1,2024-04-18T19:15:14.161365769Z,,,observe,2024-04-18T19:15:14.161365769Z,01HVS9RC4ZRH444PYF463HPCV3,2024-04-18T19:15:14.161365769Z,false,2024-04-18T19:15:14.161365769Z,01HVSA4TB3TCPSFSZFP3QKB3RD,2024-04-18T19:15:14.161365769Z,30,2024-04-18T19:15:14.161365769Z,false,2024-04-18T19:15:14.161365769Z,01HVSA4T61DYVY6R0X2V6RKB94,2024-04-18T19:15:14.161365769Z,,,,,,
01HVSA4TKHT0DZ5EXXJ9C04G7G,01HVS9RC5SNDQA6B43BEFEETX2,2024-04-18T19:15:14.161812274Z,1,2024-04-18T19:15:14.161812274Z,,,observe,2024-04-18T19:15:14.161812274Z,01HVS9RC4ZRH444PYF463HPCV3,2024-04-18T19:15:14.161812274Z,false,2024-04-18T19:15:14.161812274Z,01HVSA4TB0TY9Y1P7K3XRFBNYE,2024-04-18T19:15:14.161812274Z,30,2024-04-18T19:15:14.161812274Z,false,2024-04-18T19:15:14.161812274Z,01HVSA4T60RVY0ET00ZZYN8JNJ,2024-04-18T19:15:14.161812274Z,,,,,,
01HVSA4TKN7BQ9V780ND8RXZFN,01HVS9RC5SNDQA6B43BEFEETX2,2024-04-18T19:15:14.165641434Z,0,2024-04-18T19:15:14.165641434Z,,,send,2024-04-18T19:15:14.165641434Z,01HVS9RC4ZRH444PYF463HPCV3,2024-04-18T19:15:14.165641434Z,false,2024-04-18T19:15:14.165641434Z,01HVSA4TANHVQ3YJMD8YPQ6SJ4,2024-04-18T19:15:14.165641434Z,30,2024-04-18T19:15:14.165641434Z,false,2024-04-18T19:15:14.165641434Z,01HVSA4T73MXNP0TA5BWN44ETQ,2024-04-18T19:15:14.165641434Z,,,,,,
01HVSA4TKN7BQ9V780P4BHNAK5,01HVS9RC5SNDQA6B43BEFEETX2,2024-04-18T19:15:14.165907014Z,1,2024-04-18T19:15:14.165907014Z,,,observe,2024-04-18T19:15:14.165907014Z,01HVS9RC4ZRH444PYF463HPCV3,2024-04-18T19:15:14.165907014Z,false,2024-04-18T19:15:14.165907014Z,01HVSA4TKB6PNJSGHM7HRVHKF9,2024-04-18T19:15:14.165907014Z,30,2024-04-18T19:15:14.165907014Z,false,2024-04-18T19:15:14.165907014Z,01HVSA4T73MXNP0TA5BWN44ETQ,2024-04-18T19:15:14.165907014Z,,,,,,
01HVSACVTBNV396WVV9CCQPXPQ,01HVS9RJJ41E743BRPBN1DMWCK,2024-04-18T19:19:37.548056234Z,0,2024-04-18T19:19:37.548056234Z,,,observe,2024-04-18T19:19:37.548056234Z,01HVS9RJHP5FKH3MTJ0ZSD57RB,2024-04-18T19:19:37.548056234Z,false,2024-04-18T19:19:37.548056234Z,01HVSACVRQ3E50YT0W16E060CA,2024-04-18T19:19:37.548056234Z,30,2024-04-18T19:19:37.548056234Z,false,2024-04-18T19:19:37.548056234Z,01HVSACVQZ5BKDKWQ71P822KXJ,2024-04-18T19:19:37.548056234Z,,,,,,
01HVSACVTQ79AB1M5F0GV7RK1B,01HVS9RJJ41E743BRPBN1DMWCK,2024-04-18T19:19:37.5594134Z,0,2024-04-18T19:19:37.5594134Z,,,observe,2024-04-18T19:19:37.5594134Z,01HVS9RJHP5FKH3MTJ0ZSD57RB,2024-04-18T19:19:37.5594134Z,false,2024-04-18T19:19:37.5594134Z,01HVSACVTHE4HHKG67VDBXB3KZ,2024-04-18T19:19:37.5594134Z,30,2024-04-18T19:19:37.5594134Z,false,2024-04-18T19:19:37.5594134Z,01HVSACVR1RZKFYSX67MJWYVA8,2024-04-18T19:19:37.5594134Z,,,,,,
01HVSACVV3BQY90GBPGB9CRHW5,01HVS9RJJ41E743BRPBN1DMWCK,2024-04-18T19:19:37.571902543Z,0,2024-04-18T19:19:37.571902543Z,true,2024-04-18T19:20:01.497782565Z,observe,2024-04-18T19:19:37.571902543Z,01HVS9RJHP5FKH3MTJ0ZSD57RB,2024-04-18T19:19:37.571902543Z,true,2024-04-18T19:20:24.804628561Z,01HVSACVTHE4HHKG67VH8Y1EPW,2024-04-18T19:19:37.571902543Z,30,2024-04-18T19:19:37.571902543Z,true,2024-04-18T19:20:01.46281523Z,01HVSACVQZ5BKDKWQ71303SAD6,2024-04-18T19:19:37.571902543Z,true,2024-04-18T19:20:01.486178893Z,,,,
01HVSACVV8ESPSGW4MWD9YDJNQ,01HVS9RJJ41E743BRPBN1DMWCK,2024-04-18T19:19:37.577048457Z,0,2024-04-18T19:19:37.577048457Z,true,2024-04-18T19:19:37.955295389Z,observe,2024-04-18T19:19:37.577048457Z,01HVS9RJHP5FKH3MTJ0ZSD57RB,2024-04-18T19:19:37.577048457Z,true,2024-04-18T19:20:01.399470135Z,01HVSACVTJKCS73QPAS1VJFJ60,2024-04-18T19:19:37.577048457Z,30,2024-04-18T19:19:37.577048457Z,true,2024-04-18T19:19:37.903447945Z,01HVSACVQYGNPB83TPFNDHSXSC,2024-04-18T19:19:37.577048457Z,true,2024-04-18T19:19:37.945361463Z,,,,
01HVSACVVFZB05XYJZZS6CFFEF,01HVS9RJJ41E743BRPBN1DMWCK,2024-04-18T19:19:37.583130794Z,0,2024-04-18T19:19:37.583130794Z,,,observe,2024-04-18T19:19:37.583130794Z,01HVS9RJHP5FKH3MTJ0ZSD57RB,2024-04-18T19:19:37.583130794Z,false,2024-04-18T19:19:37.583130794Z,01HVSACVTJKCS73QPAS5K06YXP,2024-04-18T19:19:37.583130794Z,30,2024-04-18T19:19:37.583130794Z,false,2024-04-18T19:19:37.583130794Z,01HVSACVR2CG89WPX4ACJNBV2D,2024-04-18T19:19:37.583130794Z,,,,,,
01HVSACVVJHVF3PZQ3FXNQF24A,01HVS9RJJ41E743BRPBN1DMWCK,2024-04-18T19:19:37.586085394Z,0,2024-04-18T19:19:37.586085394Z,,,observe,2024-04-18T19:19:37.586085394Z,01HVS9RJHP5FKH3MTJ0ZSD57RB,2024-04-18T19:19:37.586085394Z,false,2024-04-18T19:19:37.586085394Z,01HVSACVTJKCS73QPAS6MTXX73,2024-04-18T19:19:37.586085394Z,30,2024-04-18T19:19:37.586085394Z,false,2024-04-18T19:19:37.586085394Z,01HVSACVR1RZKFYSX6706M1A2K,2024-04-18T19:19:37.586085394Z,,,,,,
01HVSACVVR6JJJAMJYTGHZJP5C,01HVS9RJJ41E743BRPBN1DMWCK,2024-04-18T19:19:37.592970072Z,0,2024-04-18T19:19:37.592970072Z,,,observe,2024-04-18T19:19:37.592970072Z,01HVS9RJHP5FKH3MTJ0ZSD57RB,2024-04-18T19:19:37.592970072Z,false,2024-04-18T19:19:37.592970072Z,01HVSACVTJKCS73QPASEBVNYET,2024-04-18T19:19:37.592970072Z,30,2024-04-18T19:19:37.592970072Z,false,2024-04-18T19:19:37.592970072Z,01HVSACVR2CG89WPX49NTTV7ER,2024-04-18T19:19:37.592970072Z,,,,,,
01HVSACVVZ2GK28PM5AY3JXJ0Y,01HVS9RJJ41E743BRPBN1DMWCK,2024-04-18T19:19:37.599350471Z,0,2024-04-18T19:19:37.599350471Z,,,observe,2024-04-18T19:19:37.599350471Z,01HVS9RJHP5FKH3MTJ0ZSD57RB,2024-04-18T19:19:37.599350471Z,false,2024-04-18T19:19:37.599350471Z,01HVSACVTJKCS73QPASJ60PMSB,2024-04-18T19:19:37.599350471Z,30,2024-04-18T19:19:37.599350471Z,false,2024-04-18T19:19:37.599350471Z,01HVSACVR0373RXRNWB5FYT01E,2024-04-18T19:19:37.599350471Z,,,,,,
01HVSACVW2CHMASJWV2PG6V1YZ,01HVS9RJJ41E743BRPBN1DMWCK,2024-04-18T19:19:37.602592763Z,0,2024-04-18T19:19:37.602592763Z,true,2024-04-18T19:20:24.897886386Z,observe,2024-04-18T19:19:37.602592763Z,01HVS9RJHP5FKH3MTJ0ZSD57RB,2024-04-18T19:19:37.602592763Z,true,2024-04-18T19:20:47.034488717Z,01HVSACVTKW4Z7HREDA3HRXM3A,2024-04-18T19:19:37.602592763Z,30,2024-04-18T19:19:37.602592763Z,true,2024-04-18T19:20:24.862008764Z,01HVSACVQYGNPB83TPG9PDR5EZ,2024-04-18T19:19:37.602592763Z,true,2024-04-18T19:20:24.889771277Z,ended,2024-04-18T19:20:47.032203613Z,batch ended,2024-04-18T19:20:47.032203613Z
01HVSACW0G9V7AGEKPDJ2T8T52,01HVS9RJJ41E743BRPBN1DMWCK,2024-04-18T19:19:37.744164079Z,0,2024-04-18T19:19:37.744164079Z,,,observe,2024-04-18T19:19:37.744164079Z,01HVS9RJHP5FKH3MTJ0ZSD57RB,2024-04-18T19:19:37.744164079Z,false,2024-04-18T19:19:37.744164079Z,01HVSACVTKW4Z7HREDAGNP3EGV,2024-04-18T19:19:37.744164079Z,30,2024-04-18T19:19:37.744164079Z,false,2024-04-18T19:19:37.744164079Z,01HVSACVR0373RXRNWBV75YA3D,2024-04-18T19:19:37.744164079Z,,,,,,
01HVSACW0G9V7AGEKPECT6XSBQ,01HVS9RJJ41E743BRPBN1DMWCK,2024-04-18T19:19:37.744985734Z,0,2024-04-18T19:19:37.744985734Z,,,observe,2024-04-18T19:19:37.744985734Z,01HVS9RJHP5FKH3MTJ0ZSD57RB,2024-04-18T19:19:37.744985734Z,false,2024-04-18T19:19:37.744985734Z,01HVSACVTM262AMHDK3E7SW05B,2024-04-18T19:19:37.744985734Z,30,2024-04-18T19:19:37.744985734Z,false,2024-04-18T19:19:37.744985734Z,01HVSACVQZ5BKDKWQ72F2AZMZ7,2024-04-18T19:19:37.744985734Z,,,,,,
01HVSACW0HH21WTY2RV2AW6758,01HVS9RJJ41E743BRPBN1DMWCK,2024-04-18T19:19:37.745508528Z,0,2024-04-18T19:19:37.745508528Z,,,observe,2024-04-18T19:19:37.745508528Z,01HVS9RJHP5FKH3MTJ0ZSD57RB,2024-04-18T19:19:37.745508528Z,false,2024-04-18T19:19:37.745508528Z,01HVSACVTM262AMHDK3AM55T81,2024-04-18T19:19:37.745508528Z,30,2024-04-18T19:19:37.745508528Z,false,2024-04-18T19:19:37.745508528Z,01HVSACVR0373RXRNWC9PF6HW7,2024-04-18T19:19:37.745508528Z,,,,,,
01HVSAJMGJ5ET1BXVVXKPD03JY,01HVS9T4V698M3BCXQQBZ3YKFQ,2024-04-18T19:22:46.674611995Z,0,2024-04-18T19:22:46.674611995Z,,,send,2024-04-18T19:22:46.674611995Z,01HVS9T4TV10Y8H82X9CYTJCDC,2024-04-18T19:22:46.674611995Z,false,2024-04-18T19:22:46.674611995Z,01HVSAJMEE7WTG92G65XSKSB8A,2024-04-18T19:22:46.674611995Z,30,2024-04-18T19:22:46.674611995Z,false,2024-04-18T19:22:46.674611995Z,01HVSAJMD68HS9WQ5KSR091CGS,2024-04-18T19:22:46.674611995Z,,,,,,
01HVSAJMGK76KCKN3W1V8KDV7P,01HVS9T4V698M3BCXQQBZ3YKFQ,2024-04-18T19:22:46.675176998Z,1,2024-04-18T19:22:46.675176998Z,,,observe,2024-04-18T19:22:46.675176998Z,01HVS9T4TV10Y8H82X9CYTJCDC,2024-04-18T19:22:46.675176998Z,false,2024-04-18T19:22:46.675176998Z,01HVSAJMFAMNENPMAXZ6N6VB71,2024-04-18T19:22:46.675176998Z,30,2024-04-18T19:22:46.675176998Z,false,2024-04-18T19:22:46.675176998Z,01HVSAJMD68HS9WQ5KSR091CGS,2024-04-18T19:22:46.675176998Z,,,,,,
01HVSAJMGM4X7EB7MQKF2YG44X,01HVS9T4V698M3BCXQQBZ3YKFQ,2024-04-18T19:22:46.676682729Z,0,2024-04-18T19:22:46.676682729Z,,,send,2024-04-18T19:22:46.676682729Z,01HVS9T4TV10Y8H82X9CYTJCDC,2024-04-18T19:22:46.676682729Z,false,2024-04-18T19:22:46.676682729Z,01HVSAJMEG01YVY9D9HAR13B7K,2024-04-18T19:22:46.676682729Z,30,2024-04-18T19:22:46.676682729Z,false,2024-04-18T19:22:46.676682729Z,01HVSAJMD5J74B92X0FRE78ATA,2024-04-18T19:22:46.676682729Z,,,,,,
01HVSAJMGNEEWBV75JYQ2E2Y1H,01HVS9T4V698M3BCXQQBZ3YKFQ,2024-04-18T19:22:46.677220355Z,1,2024-04-18T19:22:46.677220355Z,,,observe,2024-04-18T19:22:46.677220355Z,01HVS9T4TV10Y8H82X9CYTJCDC,2024-04-18T19:22:46.677220355Z,false,2024-04-18T19:22:46.677220355Z,01HVSAJMFGV2KXSTJ4V3ZHZYQK,2024-04-18T19:22:46.677220355Z,30,2024-04-18T19:22:46.677220355Z,false,2024-04-18T19:22:46.677220355Z,01HVSAJMD5J74B92X0FRE78ATA,2024-04-18T19:22:46.677220355Z,,,,,,
01HVSAJMGVFH6RZ86Z1PP84WA8,01HVS9T4V698M3BCXQQBZ3YKFQ,2024-04-18T19:22:46.685865952Z,0,2024-04-18T19:22:46.685865952Z,,,send,2024-04-18T19:22:46.685865952Z,01HVS9T4TV10Y8H82X9CYTJCDC,2024-04-18T19:22:46.685865952Z,false,2024-04-18T19:22:46.685865952Z,01HVSAJMES70MKQ7NGM0ME4M9D,2024-04-18T19:22:46.685865952Z,30,2024-04-18T19:22:46.685865952Z,false,2024-04-18T19:22:46.685865952Z,01HVSAJMD68HS9WQ5KT6S3VK38,2024-04-18T19:22:46.685865952Z,,,,,,
01HVSAJMGYMQJGGZ9JHNYJ9KCH,01HVS9T4V698M3BCXQQBZ3YKFQ,2024-04-18T19:22:46.686460548Z,1,2024-04-18T19:22:46.686460548Z,,,observe,2024-04-18T19:22:46.686460548Z,01HVS9T4TV10Y8H82X9CYTJCDC,2024-04-18T19:22:46.686460548Z,false,2024-04-18T19:22:46.686460548Z,01HVSAJMFKV8WJ7YFH4V74S9QT,2024-04-18T19:22:46.686460548Z,30,2024-04-18T19:22:46.686460548Z,false,2024-04-18T19:22:46.686460548Z,01HVSAJMD68HS9WQ5KT6S3VK38,2024-04-18T19:22:46.686460548Z,,,,,,
01HVSAJMH1YQA6GBTB48817MKS,01HVS9T4V698M3BCXQQBZ3YKFQ,2024-04-18T19:22:46.68907444Z,0,2024-04-18T19:22:46.68907444Z,,,send,2024-04-18T19:22:46.68907444Z,01HVS9T4TV10Y8H82X9CYTJCDC,2024-04-18T19:22:46.68907444Z,false,2024-04-18T19:22:46.68907444Z,01HVSAJMES70MKQ7NGM1Q4C2XE,2024-04-18T19:22:46.68907444Z,30,2024-04-18T19:22:46.68907444Z,false,2024-04-18T19:22:46.68907444Z,01HVSAJMD5J74B92X0F90VZZPC,2024-04-18T19:22:46.68907444Z,,,,,,
01HVSAJMH1YQA6GBTB51EKTY6J,01HVS9T4V698M3BCXQQBZ3YKFQ,2024-04-18T19:22:46.689487783Z,1,2024-04-18T19:22:46.689487783Z,,,observe,2024-04-18T19:22:46.689487783Z,01HVS9T4TV10Y8H82X9CYTJCDC,2024-04-18T19:22:46.689487783Z,false,2024-04-18T19:22:46.689487783Z,01HVSAJMFSBNFSFS6NS3BS4R3B,2024-04-18T19:22:46.689487783Z,30,2024-04-18T19:22:46.689487783Z,false,2024-04-18T19:22:46.689487783Z,01HVSAJMD5J74B92X0F90VZZPC,2024-04-18T19:22:46.689487783Z,,,,,,
01HVSAJMHFT4KBDB239TSZ1YVQ,01HVS9T4V698M3BCXQQBZ3YKFQ,2024-04-18T19:22:46.703870167Z,0,2024-04-18T19:22:46.703870167Z,true,2024-04-18T19:23:34.68912616Z,send,2024-04-18T19:22:46.703870167Z,01HVS9T4TV10Y8H82X9CYTJCDC,2024-04-18T19:22:46.703870167Z,true,2024-04-18T19:24:04.693634645Z,01HVSAJMG12NJM0CD0J0D2CKFT,2024-04-18T19:22:46.703870167Z,30,2024-04-18T19:22:46.703870167Z,true,2024-04-18T19:23:34.650379561Z,01HVSAJMD1Q4ECZ3X0T4528S9M,2024-04-18T19:22:46.703870167Z,true,2024-04-18T19:23:34.677171036Z,,,,
01HVSAJMHG6QVDKSEKNT64N7AG,01HVS9T4V698M3BCXQQBZ3YKFQ,2024-04-18T19:22:46.704486698Z,1,2024-04-18T19:22:46.704486698Z,true,2024-04-18T19:24:04.751968044Z,observe,2024-04-18T19:22:46.704486698Z,01HVS9T4TV10Y8H82X9CYTJCDC,2024-04-18T19:22:46.704486698Z,true,2024-04-18T19:24:21.702802028Z,01HVSAJMGDB8B9PC8KTP8YW52K,2024-04-18T19:22:46.704486698Z,30,2024-04-18T19:22:46.704486698Z,true,2024-04-18T19:24:04.704847209Z,01HVSAJMD1Q4ECZ3X0T4528S9M,2024-04-18T19:22:46.704486698Z,true,2024-04-18T19:24:04.739454193Z,ended,2024-04-18T19:24:21.696583011Z,batch ended,2024-04-18T19:24:21.696583011Z
01HVSAJMKMZHFV9HMRFGNXT5B7,01HVS9T4V698M3BCXQQBZ3YKFQ,2024-04-18T19:22:46.772040981Z,0,2024-04-18T19:22:46.772040981Z,,,send,2024-04-18T19:22:46.772040981Z,01HVS9T4TV10Y8H82X9CYTJCDC,2024-04-18T19:22:46.772040981Z,false,2024-04-18T19:22:46.772040981Z,01HVSAJMG35WPQEV4S1HY1VBQ1,2024-04-18T19:22:46.772040981Z,30,2024-04-18T19:22:46.772040981Z,false,2024-04-18T19:22:46.772040981Z,01HVSAJMD5J74B92X0G9E0GKDE,2024-04-18T19:22:46.772040981Z,,,,,,
01HVSAJMKMZHFV9HMRG8JFQ13Q,01HVS9T4V698M3BCXQQBZ3YKFQ,2024-04-18T19:22:46.772592346Z,1,2024-04-18T19:22:46.772592346Z,,,observe,2024-04-18T19:22:46.772592346Z,01HVS9T4TV10Y8H82X9CYTJCDC,2024-04-18T19:22:46.772592346Z,false,2024-04-18T19:22:46.772592346Z,01HVSAJMH3GCV57DGD5PG9T0QE,2024-04-18T19:22:46.772592346Z,30,2024-04-18T19:22:46.772592346Z,false,2024-04-18T19:22:46.772592346Z,01HVSAJMD5J74B92X0G9E0GKDE,2024-04-18T19:22:46.772592346Z,,,,,,
01HVSAJMP8P6SZDK38WA3FTZG6,01HVS9T4V698M3BCXQQBZ3YKFQ,2024-04-18T19:22:46.856088143Z,0,2024-04-18T19:22:46.856088143Z,,,send,2024-04-18T19:22:46.856088143Z,01HVS9T4TV10Y8H82X9CYTJCDC,2024-04-18T19:22:46.856088143Z,false,2024-04-18T19:22:46.856088143Z,01HVSAJMEY222KSR0K32DWRGDQ,2024-04-18T19:22:46.856088143Z,30,2024-04-18T19:22:46.856088143Z,false,2024-04-18T19:22:46.856088143Z,01HVSAJMD7X9E9Z6CQGPG3E7SN,2024-04-18T19:22:46.856088143Z,,,,,,
01HVSAJMP8P6SZDK38WXQ70620,01HVS9T4V698M3BCXQQBZ3YKFQ,2024-04-18T19:22:46.856708705Z,1,2024-04-18T19:22:46.856708705Z,,,observe,2024-04-18T19:22:46.856708705Z,01HVS9T4TV10Y8H82X9CYTJCDC,2024-04-18T19:22:46.856708705Z,false,2024-04-18T19:22:46.856708705Z,01HVSAJMJAAYBQPH2C9G2X0KP5,2024-04-18T19:22:46.856708705Z,30,2024-04-18T19:22:46.856708705Z,false,2024-04-18T19:22:46.856708705Z,01HVSAJMD7X9E9Z6CQGPG3E7SN,2024-04-18T19:22:46.856708705Z,,,,,,
01HVSAJMPDV992XH8Y05ANQXTG,01HVS9T4V698M3BCXQQBZ3YKFQ,2024-04-18T19:22:46.861189154Z,0,2024-04-18T19:22:46.861189154Z,,,send,2024-04-18T19:22:46.861189154Z,01HVS9T4TV10Y8H82X9CYTJCDC,2024-04-18T19:22:46.861189154Z,false,2024-04-18T19:22:46.861189154Z,01HVSAJMH0GAGTYR0FXEFRYQPX,2024-04-18T19:22:46.861189154Z,30,2024-04-18T19:22:46.861189154Z,false,2024-04-18T19:22:46.861189154Z,01HVSAJMD309AS6T5M5XTW6872,2024-04-18T19:22:46.861189154Z,,,,,,
01HVSAJMPDV992XH8Y0VAP52MM,01HVS9T4V698M3BCXQQBZ3YKFQ,2024-04-18T19:22:46.861522533Z,1,2024-04-18T19:22:46.861522533Z,,,observe,2024-04-18T19:22:46.861522533Z,01HVS9T4TV10Y8H82X9CYTJCDC,2024-04-18T19:22:46.861522533Z,false,2024-04-18T19:22:46.861522533Z,01HVSAJMJHA8X95VMHKP6KTXJD,2024-04-18T19:22:46.861522533Z,30,2024-04-18T19:22:46.861522533Z,false,2024-04-18T19:22:46.861522533Z,01HVSAJMD309AS6T5M5XTW6872,2024-04-18T19:22:46.861522533Z,,,,,,
01HVSAJMPJMFERJ1SQ05J9N30A,01HVS9T4V698M3BCXQQBZ3YKFQ,2024-04-18T19:22:46.866330257Z,0,2024-04-18T19:22:46.866330257Z,,,send,2024-04-18T19:22:46.866330257Z,01HVS9T4TV10Y8H82X9CYTJCDC,2024-04-18T19:22:46.866330257Z,false,2024-04-18T19:22:46.866330257Z,01HVSAJMH0GAGTYR0FXHGH5B0C,2024-04-18T19:22:46.866330257Z,30,2024-04-18T19:22:46.866330257Z,false,2024-04-18T19:22:46.866330257Z,01HVSAJMD68HS9WQ5KSFQA2GY8,2024-04-18T19:22:46.866330257Z,,,,,,
01HVSAJMPJMFERJ1SQ0TCGWV78,01HVS9T4V698M3BCXQQBZ3YKFQ,2024-04-18T19:22:46.866848455Z,1,2024-04-18T19:22:46.866848455Z,,,observe,2024-04-18T19:22:46.866848455Z,01HVS9T4TV10Y8H82X9CYTJCDC,2024-04-18T19:22:46.866848455Z,false,2024-04-18T19:22:46.866848455Z,01HVSAJMJPKQW4WAQBSJCXQHXC,2024-04-18T19:22:46.866848455Z,30,2024-04-18T19:22:46.866848455Z,false,2024-04-18T19:22:46.866848455Z,01HVSAJMD68HS9WQ5KSFQA2GY8,2024-04-18T19:22:46.866848455Z,,,,,,
01HVSAJMQA7M7604KJA4HB85YM,01HVS9T4V698M3BCXQQBZ3YKFQ,2024-04-18T19:22:46.890797047Z,0,2024-04-18T19:22:46.890797047Z,true,2024-04-18T19:22:47.355755048Z,send,2024-04-18T19:22:46.890797047Z,01HVS9T4TV10Y8H82X9CYTJCDC,2024-04-18T19:22:46.890797047Z,true,2024-04-18T19:23:17.361909626Z,01HVSAJMG21FN34SEBZBC99Y1D,2024-04-18T19:22:46.890797047Z,30,2024-04-18T19:22:46.890797047Z,true,2024-04-18T19:22:47.284985685Z,01HVSAJMD1Q4ECZ3X0TJGHA2DV,2024-04-18T19:22:46.890797047Z,true,2024-04-18T19:22:47.34228174Z,,,,
01HVSAJMQB0MG3VMT6WA8D0DP4,01HVS9T4V698M3BCXQQBZ3YKFQ,2024-04-18T19:22:46.891148347Z,1,2024-04-18T19:22:46.891148347Z,true,2024-04-18T19:23:17.433439683Z,observe,2024-04-18T19:22:46.891148347Z,01HVS9T4TV10Y8H82X9CYTJCDC,2024-04-18T19:22:46.891148347Z,true,2024-04-18T19:23:34.586466582Z,01HVSAJMGFZ4KZYB1PG63JVQ8R,2024-04-18T19:22:46.891148347Z,30,2024-04-18T19:22:46.891148347Z,true,2024-04-18T19:23:17.382169064Z,01HVSAJMD1Q4ECZ3X0TJGHA2DV,2024-04-18T19:22:46.891148347Z,true,2024-04-18T19:23:17.419232621Z,,,,
01HVSAJMRSCGJRXPAKKJH3Y6NY,01HVS9T4V698M3BCXQQBZ3YKFQ,2024-04-18T19:22:46.937989669Z,0,2024-04-18T19:22:46.937989669Z,,,send,2024-04-18T19:22:46.937989669Z,01HVS9T4TV10Y8H82X9CYTJCDC,2024-04-18T19:22:46.937989669Z,false,2024-04-18T19:22:46.937989669Z,01HVSAJMG4X0KW4MWHKZ11H2QR,2024-04-18T19:22:46.937989669Z,30,2024-04-18T19:22:46.937989669Z,false,2024-04-18T19:22:46.937989669Z,01HVSAJMD2XPZHQZEXNQJPFY5W,2024-04-18T19:22:46.937989669Z,,,,,,
01HVSAJMRTKFTWVW5EKZZY4B8C,01HVS9T4V698M3BCXQQBZ3YKFQ,2024-04-18T19:22:46.938507308Z,1,2024-04-18T19:22:46.938507308Z,,,observe,2024-04-18T19:22:46.938507308Z,01HVS9T4TV10Y8H82X9CYTJCDC,2024-04-18T19:22:46.938507308Z,false,2024-04-18T19:22:46.938507308Z,01HVSAJMHEBR0XHE83F1VQMHJ0,2024-04-18T19:22:46.938507308Z,30,2024-04-18T19:22:46.938507308Z,false,2024-04-18T19:22:46.938507308Z,01HVSAJMD2XPZHQZEXNQJPFY5W,2024-04-18T19:22:46.938507308Z,,,,,,
01HVSAJMRVMRYGJ9V6JFDX5TAZ,01HVS9T4V698M3BCXQQBZ3YKFQ,2024-04-18T19:22:46.939356791Z,0,2024-04-18T19:22:46.939356791Z,,,send,2024-04-18T19:22:46.939356791Z,01HVS9T4TV10Y8H82X9CYTJCDC,2024-04-18T19:22:46.939356791Z,false,2024-04-18T19:22:46.939356791Z,01HVSAJMG4X0KW4MWHKXQ1EH5Q,2024-04-18T19:22:46.939356791Z,30,2024-04-18T19:22:46.939356791Z,false,2024-04-18T19:22:46.939356791Z,01HVSAJMD2XPZHQZEXN1YC1BA5,2024-04-18T19:22:46.939356791Z,,,,,,
01HVSAJMRVMRYGJ9V6JWAA18NX,01HVS9T4V698M3BCXQQBZ3YKFQ,2024-04-18T19:22:46.939710393Z,1,2024-04-18T19:22:46.939710393Z,,,observe,2024-04-18T19:22:46.939710393Z,01HVS9T4TV10Y8H82X9CYTJCDC,2024-04-18T19:22:46.939710393Z,false,2024-04-18T19:22:46.939710393Z,01HVSAJMHAPE3DK5B0N61NMAR6,2024-04-18T19:22:46.939710393Z,30,2024-04-18T19:22:46.939710393Z,false,2024-04-18T19:22:46.939710393Z,01HVSAJMD2XPZHQZEXN1YC1BA5,2024-04-18T19:22:46.939710393Z,,,,,,
