id,batchID,batchIDLastChangedAt,gameID,gameIDLastChangedAt,playerID,playerIDLastChangedAt
01JGPWRM5KB0TVFK7THFQ9FZFB,01JGPW8RC1MCKEBZQFA98VZ4SR,2025-01-03T20:12:32.30775741Z,01JGPW8RD8MG3XZQ5ZZB9DPJ4V,2025-01-03T20:12:32.30775741Z,01JGPWAF3NXJPW6D87K4G7J0GK,2025-01-03T20:12:32.30775741Z
01JGPSHBNK27TXMV1CDDYQM85K,01JGPRTWV0YE2XYS3TFBJF6NN5,2025-01-03T19:16:08.499419894Z,01JGPRTWVA3JRYG4QRKQF2F4D5,2025-01-03T19:16:08.499419894Z,01JGPS8TXH5AC8WVXFS292QNYZ,2025-01-03T19:16:08.499419894Z
01JGPT1DJ3VK9ARA1G4MTTPV77,01JGPSMTMTKBDVBY78JV1B3A6V,2025-01-03T19:24:54.724015556Z,01JGPSMTN82FNJ8JV34BPS9FA6,2025-01-03T19:24:54.724015556Z,01JGPSTZJ5CAD4F67D1Y85K27V,2025-01-03T19:24:54.724015556Z
01JGPT1DJA2W1A4Q9K9BF2JSK4,01JGPSMTMTKBDVBY78JV1B3A6V,2025-01-03T19:24:54.730699478Z,01JGPSMTN82FNJ8JV34BPS9FA6,2025-01-03T19:24:54.730699478Z,01JGPSV60AH1C8Q1NXBWKG17C0,2025-01-03T19:24:54.730699478Z
01JGPTDCNXJVS2QXSM7RRJRJJT,01JGPSMRW5WGBVNY3PDRSMZBKA,2025-01-03T19:31:27.037521734Z,01JGPSMRWFTVDNGJAMXD44J532,2025-01-03T19:31:27.037521734Z,01JGPT24QDRK0AXDKJNPY9G540,2025-01-03T19:31:27.037521734Z
01JGPTDCP8Z0YX65MDRR7TXHKH,01JGPSMRW5WGBVNY3PDRSMZBKA,2025-01-03T19:31:27.048412253Z,01JGPSMRWFTVDNGJAMXD44J532,2025-01-03T19:31:27.048412253Z,01JGPT3YYVH7G1ZWFZJV18V8TF,2025-01-03T19:31:27.048412253Z
01JGPVRJQDT81EHQ275P4XQ2K1,01JGPVAHZY594V1N154E66DB7M,2025-01-03T19:55:02.253968931Z,01JGPVAJ0BKW1P9FREJ7BT9S0V,2025-01-03T19:55:02.253968931Z,01JGPVCFQ1G24PM7MDYYJH7WX7,2025-01-03T19:55:02.253968931Z
01JGPWKZ1DRQRERBWC3X1TR477,01JGPW7PES0CCMSKV2H431S20W,2025-01-03T20:09:59.597154568Z,01JGPW7PG2K8YKAKCNC9RMQG9Z,2025-01-03T20:09:59.597154568Z,01JGPW88EHG7HAHCM210HFT5BD,2025-01-03T20:09:59.597154568Z
01JGPXCWAC7DD4SWHWNW6083CF,01JGPW8CX5A9J2NQBKHCKH9ZDK,2025-01-03T20:23:36.012667766Z,01JGPW8CYFMFEMBM84451Q4RVR,2025-01-03T20:23:36.012667766Z,01JGPWZ61D0879N3HZJ1PMX1F4,2025-01-03T20:23:36.012667766Z
01JGPYG59VPD9CWAWBYD35QHS9,01JGPW88JTJJ06VZ2ABV0YB4JS,2025-01-03T20:42:52.091435128Z,01JGPW88KS0ZMCVF826TM0SFNX,2025-01-03T20:42:52.091435128Z,01JGPXFSDPEF27V22YJAEHMFSR,2025-01-03T20:42:52.091435128Z
01JGPTJTECN8G2CSTK7GDP5N23,01JGPSMQWF0T2TNEAMGK5V0FA8,2025-01-03T19:34:24.97287063Z,01JGPSMQWQQVY71DHKB1F1F23F,2025-01-03T19:34:24.97287063Z,01JGPSXCJXBAWGGWWG6NXWRG4P,2025-01-03T19:34:24.97287063Z
01JGPTJTF3221MR9AF0VW0NRKF,01JGPSMQWF0T2TNEAMGK5V0FA8,2025-01-03T19:34:24.995794309Z,01JGPSMQWQQVY71DHKB1F1F23F,2025-01-03T19:34:24.995794309Z,01JGPT9H8R89T0VMPE1BGFZ1DR,2025-01-03T19:34:24.995794309Z
01JGPVKEW3T2PZHDZJDYA8XPM3,01JGPSM1G3366GPFXWNPWH115B,2025-01-03T19:52:14.467830782Z,01JGPSM1GE8K07M6F7PVZC870V,2025-01-03T19:52:14.467830782Z,01JGPV5WAK5BXMH1EJNBRBBGCZ,2025-01-03T19:52:14.467830782Z
01JGPW46B2PFCK8BP74C94XVXX,01JGPSKG070MNE2EGSDHZKKNNP,2025-01-03T20:01:22.786920601Z,01JGPSKG0KJD92WRP6D6DG9YKJ,2025-01-03T20:01:22.786920601Z,01JGPVDK8518KJ59700THCCBPM,2025-01-03T20:01:22.786920601Z
01JGPWRM717KYTPH3WM4NYS7NM,01JGPW8RC1MCKEBZQFA98VZ4SR,2025-01-03T20:12:32.353183559Z,01JGPW8RD8MG3XZQ5ZZB9DPJ4V,2025-01-03T20:12:32.353183559Z,01JGPWC6GJ9NRE87382WBCM3SY,2025-01-03T20:12:32.353183559Z
01JGPWXQD8J7MG5EG2E3JEG7TC,01JGPW8EFYXJ9JAVJKNJXAPKEK,2025-01-03T20:15:19.464501275Z,01JGPW8EHEPJ8FNGW88BMD31MA,2025-01-03T20:15:19.464501275Z,01JGPWQG8WS9WTN63SMG0AQRHE,2025-01-03T20:15:19.464501275Z
01JGPXCW8NMG4J18G1JMTM428E,01JGPW8CX5A9J2NQBKHCKH9ZDK,2025-01-03T20:23:35.957956356Z,01JGPW8CYFMFEMBM84451Q4RVR,2025-01-03T20:23:35.957956356Z,01JGPWF3T4QF67W52X3Z2RC6AE,2025-01-03T20:23:35.957956356Z
01JGPYPTB4D0T844NAT9SCNDPG,01JGPW85STA0W5KK5QVK0SCN28,2025-01-03T20:46:30.244511315Z,01JGPW85V5MSPY6EHYWQ5DW4KM,2025-01-03T20:46:30.244511315Z,01JGPXJZ15CHAT5GYF0FS121AP,2025-01-03T20:46:30.244511315Z
01JGPSE68J284DE3G12E5W0GQN,01JGPRTXNXA7B3CCM786WWN757,2025-01-03T19:14:24.658335738Z,01JGPRTXP5PVBNN7TSGGX38J8S,2025-01-03T19:14:24.658335738Z,01JGPRYVZ0Z2CMMAYE6DBJ2GVK,2025-01-03T19:14:24.658335738Z
01JGPSHBNR9BFE1DXMSY9FV16V,01JGPRTWV0YE2XYS3TFBJF6NN5,2025-01-03T19:16:08.504844413Z,01JGPRTWVA3JRYG4QRKQF2F4D5,2025-01-03T19:16:08.504844413Z,01JGPS9G5MFPCB59HKPHXS7ZB3,2025-01-03T19:16:08.504844413Z
01JGPX4KCZ040Q27RMA7BVC8SF,01JGPW8DRHZ5B42MTS5NRVZWXQ,2025-01-03T20:19:04.736055373Z,01JGPW8DT6WQFXVYGYC04XC3H0,2025-01-03T20:19:04.736055373Z,01JGPWRE5SYEAKYT6RTGT44NCF,2025-01-03T20:19:04.736055373Z
01JGPX4KF9QF51SC2FZPMZ0FZ2,01JGPW8DRHZ5B42MTS5NRVZWXQ,2025-01-03T20:19:04.809741141Z,01JGPW8DT6WQFXVYGYC04XC3H0,2025-01-03T20:19:04.809741141Z,01JGPWSJRQE6JQ5V2R6X370DM9,2025-01-03T20:19:04.809741141Z
01JGPXCWBEA4269AW8EV44F1W3,01JGPW8CX5A9J2NQBKHCKH9ZDK,2025-01-03T20:23:36.046864217Z,01JGPW8CYFMFEMBM84451Q4RVR,2025-01-03T20:23:36.046864217Z,01JGPX3VZXFJX365JZYFHGMWNT,2025-01-03T20:23:36.046864217Z
01JGPY0Z4JPZAM19V7S8GWY3D3,01JGPW8B0VPW23SCNQFMRSZ8QQ,2025-01-03T20:34:34.258831127Z,01JGPW8B24HGMZFQHSMWA8WFZ1,2025-01-03T20:34:34.258831127Z,01JGPXHHKCG027F1M0NV39Q02E,2025-01-03T20:34:34.258831127Z
01JGPT6FQX3T5T7SW7MMP9YNWV,01JGPSMST0NEV2QP69DVW5C96B,2025-01-03T19:27:40.797369298Z,01JGPSMST9VP9QTDTVPS8D0087,2025-01-03T19:27:40.797369298Z,01JGPSWQ4KSTDFVNTKKF8SMZ46,2025-01-03T19:27:40.797369298Z
01JGPT6FR5GKHXM45TNBHEZXGC,01JGPSMST0NEV2QP69DVW5C96B,2025-01-03T19:27:40.805970084Z,01JGPSMST9VP9QTDTVPS8D0087,2025-01-03T19:27:40.805970084Z,01JGPSYH5QS74KS6MQPBP7WJM3,2025-01-03T19:27:40.805970084Z
01JGPTJTEV4BTZV1TTKRMG7X4Q,01JGPSMQWF0T2TNEAMGK5V0FA8,2025-01-03T19:34:24.9878851Z,01JGPSMQWQQVY71DHKB1F1F23F,2025-01-03T19:34:24.9878851Z,01JGPT95HR7CYAD0F84CKQTJ96,2025-01-03T19:34:24.9878851Z
01JGPTVDWW2T4MYKHNXMZAE0ZR,01JGPSMPVMJQ9948T7GY4HNSPZ,2025-01-03T19:39:07.036586243Z,01JGPSMPVXPEP2CK71G8CC7DN6,2025-01-03T19:39:07.036586243Z,01JGPTG9Q34DKJBMQ2SD8JPZ9J,2025-01-03T19:39:07.036586243Z
01JGPW46BST1KXXYEDY203MH8K,01JGPSKG070MNE2EGSDHZKKNNP,2025-01-03T20:01:22.809953246Z,01JGPSKG0KJD92WRP6D6DG9YKJ,2025-01-03T20:01:22.809953246Z,01JGPVH7MQD3ZGMRXDFJE0CCXQ,2025-01-03T20:01:22.809953246Z
01JGPWKZ39SX2PSJWPK4G1Q10N,01JGPW7PES0CCMSKV2H431S20W,2025-01-03T20:09:59.65753047Z,01JGPW7PG2K8YKAKCNC9RMQG9Z,2025-01-03T20:09:59.65753047Z,01JGPWAGKHJZEM4S3EXFEAQE25,2025-01-03T20:09:59.65753047Z
01JGPWXQBZTKBCW66S96FNRSFT,01JGPW8EFYXJ9JAVJKNJXAPKEK,2025-01-03T20:15:19.424036097Z,01JGPW8EHEPJ8FNGW88BMD31MA,2025-01-03T20:15:19.424036097Z,01JGPWAXP46Y3RHQ3DPA0EZMDA,2025-01-03T20:15:19.424036097Z
01JGPSHBNYEPPVQ2A6QFAS0DZ5,01JGPRTWV0YE2XYS3TFBJF6NN5,2025-01-03T19:16:08.510146287Z,01JGPRTWVA3JRYG4QRKQF2F4D5,2025-01-03T19:16:08.510146287Z,01JGPS9M93QS0C1C6BWE38CJCJ,2025-01-03T19:16:08.510146287Z
01JGPT1DJGZGGV3KG59X1H62G2,01JGPSMTMTKBDVBY78JV1B3A6V,2025-01-03T19:24:54.736793165Z,01JGPSMTN82FNJ8JV34BPS9FA6,2025-01-03T19:24:54.736793165Z,01JGPSV65QDF3DMYZW0DPDGQFY,2025-01-03T19:24:54.736793165Z
01JGPW46ANBVAYPCNV8R4A18BP,01JGPSKG070MNE2EGSDHZKKNNP,2025-01-03T20:01:22.773188663Z,01JGPSKG0KJD92WRP6D6DG9YKJ,2025-01-03T20:01:22.773188663Z,01JGPV6D7KJZQHBZ05V5WSS83D,2025-01-03T20:01:22.773188663Z
01JGPWXQE0FX9Q7H4HQ13X6F26,01JGPW8EFYXJ9JAVJKNJXAPKEK,2025-01-03T20:15:19.488238809Z,01JGPW8EHEPJ8FNGW88BMD31MA,2025-01-03T20:15:19.488238809Z,01JGPWQV8E37G6HZ5G2YTB637M,2025-01-03T20:15:19.488238809Z
01JGPX4KE0X3JJSHDT96DKSPDY,01JGPW8DRHZ5B42MTS5NRVZWXQ,2025-01-03T20:19:04.768261053Z,01JGPW8DT6WQFXVYGYC04XC3H0,2025-01-03T20:19:04.768261053Z,01JGPWRJ4RP9DSCZ9HATADRMMQ,2025-01-03T20:19:04.768261053Z
01JGPY0Z3JDZ1G902SPRYKD5A2,01JGPW8B0VPW23SCNQFMRSZ8QQ,2025-01-03T20:34:34.226160075Z,01JGPW8B24HGMZFQHSMWA8WFZ1,2025-01-03T20:34:34.226160075Z,01JGPXGSGNAR30XPJMC1AH21CD,2025-01-03T20:34:34.226160075Z
01JGPSHBNEHEDAHK0K46PYF1WY,01JGPRTWV0YE2XYS3TFBJF6NN5,2025-01-03T19:16:08.494675054Z,01JGPRTWVA3JRYG4QRKQF2F4D5,2025-01-03T19:16:08.494675054Z,01JGPS8G1FXPFJBK1YTBRNV4SP,2025-01-03T19:16:08.494675054Z
01JGPTVDWKF2G21K64RR6YRW11,01JGPSMPVMJQ9948T7GY4HNSPZ,2025-01-03T19:39:07.027231367Z,01JGPSMPVXPEP2CK71G8CC7DN6,2025-01-03T19:39:07.027231367Z,01JGPTCFCFKXJJDJWQMJWKK13K,2025-01-03T19:39:07.027231367Z
01JGPVRJPQVEFDAJK444SAE6FW,01JGPVAHZY594V1N154E66DB7M,2025-01-03T19:55:02.231903231Z,01JGPVAJ0BKW1P9FREJ7BT9S0V,2025-01-03T19:55:02.231903231Z,01JGPVC0D3JEJP73AY6QJ1JF22,2025-01-03T19:55:02.231903231Z
01JGPWRM67R2ZDTAN1W8DBF11X,01JGPW8RC1MCKEBZQFA98VZ4SR,2025-01-03T20:12:32.327465047Z,01JGPW8RD8MG3XZQ5ZZB9DPJ4V,2025-01-03T20:12:32.327465047Z,01JGPWB1Y49674EWPHAEWH8SF3,2025-01-03T20:12:32.327465047Z
01JGPTDCP2YK1D4ECYZ2ZP9FMV,01JGPSMRW5WGBVNY3PDRSMZBKA,2025-01-03T19:31:27.042851834Z,01JGPSMRWFTVDNGJAMXD44J532,2025-01-03T19:31:27.042851834Z,01JGPT28DYTM0G5D3PHTBEQ5VB,2025-01-03T19:31:27.042851834Z
01JGPV3J48CVRZA5NY0QVP7GTA,01JGPSMNQYQWKY8KEGEZZ5X4N3,2025-01-03T19:43:33.51295778Z,01JGPSMNR73EXNR3H91HC0ZF9Z,2025-01-03T19:43:33.51295778Z,01JGPTQBT5QK1VN86QEM5G20QX,2025-01-03T19:43:33.51295778Z
01JGPVKEWVV7NMWNZVZ9FSDEWZ,01JGPSM1G3366GPFXWNPWH115B,2025-01-03T19:52:14.491976975Z,01JGPSM1GE8K07M6F7PVZC870V,2025-01-03T19:52:14.491976975Z,01JGPVC5MFBVJSYJVGZ6QWK4VB,2025-01-03T19:52:14.491976975Z
01JGPXYV3SCRCNK8EM2SBFSB0M,01JGPW8C0SXJ7NQFESG0ZTW3R7,2025-01-03T20:33:24.601197232Z,01JGPW8C21FTRB5DHVK7JCWZ7H,2025-01-03T20:33:24.601197232Z,01JGPWRDKP42WM3D9H6S0DBZ2V,2025-01-03T20:33:24.601197232Z
01JGPY9FVNYDYQX7XEY7J4C06Q,01JGPW8A20WBYX6X42N7SX6EFS,2025-01-03T20:39:13.525418262Z,01JGPW8A2KP3CN3VTYEPMEMDTG,2025-01-03T20:39:13.525418262Z,01JGPXTKQP33XW9VZ4HNVKFMHH,2025-01-03T20:39:13.525418262Z
01JGPSE68VCTPTN6MX6ACH83K4,01JGPRTXNXA7B3CCM786WWN757,2025-01-03T19:14:24.667973015Z,01JGPRTXP5PVBNN7TSGGX38J8S,2025-01-03T19:14:24.667973015Z,01JGPS8Y76SQ7HBCQMMNE806F8,2025-01-03T19:14:24.667973015Z
01JGPT1DJPQFWE7K70FBF4J8KX,01JGPSMTMTKBDVBY78JV1B3A6V,2025-01-03T19:24:54.742844446Z,01JGPSMTN82FNJ8JV34BPS9FA6,2025-01-03T19:24:54.742844446Z,01JGPSVY14GQDKCXXCPB1H5HAE,2025-01-03T19:24:54.742844446Z
01JGPTDCPD1J0WZRQ5ASWBSNZP,01JGPSMRW5WGBVNY3PDRSMZBKA,2025-01-03T19:31:27.053713642Z,01JGPSMRWFTVDNGJAMXD44J532,2025-01-03T19:31:27.053713642Z,01JGPT78EFDBQD292FVDF3FK74,2025-01-03T19:31:27.053713642Z
01JGPVRJP0W2PT4CPBADTD55M3,01JGPVAHZY594V1N154E66DB7M,2025-01-03T19:55:02.208487633Z,01JGPVAJ0BKW1P9FREJ7BT9S0V,2025-01-03T19:55:02.208487633Z,01JGPVABH29PPV6PQCQP7GMNF9,2025-01-03T19:55:02.208487633Z
01JGPSSGNH8Y40H1Z8ZKNZGVT2,01JGPRTPXZF6H039PA45M78VSP,2025-01-03T19:20:35.761844787Z,01JGPRTPYBX68EAH44QVGHS3XB,2025-01-03T19:20:35.761844787Z,01JGPSAFQAYC45N3JPVA59T5F2,2025-01-03T19:20:35.761844787Z
01JGPVRJQWW34GCY0Q94DBMQKS,01JGPVAHZY594V1N154E66DB7M,2025-01-03T19:55:02.268386788Z,01JGPVAJ0BKW1P9FREJ7BT9S0V,2025-01-03T19:55:02.268386788Z,01JGPVCXT695DTK5TKDNSENMPC,2025-01-03T19:55:02.268386788Z
01JGPY9FRXH2SEK4JBZ7AP9277,01JGPW8A20WBYX6X42N7SX6EFS,2025-01-03T20:39:13.437572885Z,01JGPW8A2KP3CN3VTYEPMEMDTG,2025-01-03T20:39:13.437572885Z,01JGPX6N45M32N5CYMPWA6DRGY,2025-01-03T20:39:13.437572885Z
01JGPY9FSZYJ72DKEQ1MN13Y0F,01JGPW8A20WBYX6X42N7SX6EFS,2025-01-03T20:39:13.471594967Z,01JGPW8A2KP3CN3VTYEPMEMDTG,2025-01-03T20:39:13.471594967Z,01JGPXPPEZS3ZR79KA0W3XYNKR,2025-01-03T20:39:13.471594967Z
01JGPSE68QGX7Q0D11FH9N6KNM,01JGPRTXNXA7B3CCM786WWN757,2025-01-03T19:14:24.663229352Z,01JGPRTXP5PVBNN7TSGGX38J8S,2025-01-03T19:14:24.663229352Z,01JGPS8CADJ5Y2AZH30CYXEXNM,2025-01-03T19:14:24.663229352Z
01JGPTVDX64T6S1ESP6P5HA7KT,01JGPSMPVMJQ9948T7GY4HNSPZ,2025-01-03T19:39:07.046587323Z,01JGPSMPVXPEP2CK71G8CC7DN6,2025-01-03T19:39:07.046587323Z,01JGPTGNPSJQJGXFBXYW1Q6CMY,2025-01-03T19:39:07.046587323Z
01JGPVKEXA5C5EQRHJ1CZ0HV54,01JGPSM1G3366GPFXWNPWH115B,2025-01-03T19:52:14.506194537Z,01JGPSM1GE8K07M6F7PVZC870V,2025-01-03T19:52:14.506194537Z,01JGPVCEH4BDG2JB2RZTERY6VK,2025-01-03T19:52:14.506194537Z
01JGPWXQCKZBT46P8EK84XV2SJ,01JGPW8EFYXJ9JAVJKNJXAPKEK,2025-01-03T20:15:19.443495107Z,01JGPW8EHEPJ8FNGW88BMD31MA,2025-01-03T20:15:19.443495107Z,01JGPWDBSJG9N9N4VW09V9PGWP,2025-01-03T20:15:19.443495107Z
01JGPXCW9PFV5QCPQNJD193R51,01JGPW8CX5A9J2NQBKHCKH9ZDK,2025-01-03T20:23:35.990583402Z,01JGPW8CYFMFEMBM84451Q4RVR,2025-01-03T20:23:35.990583402Z,01JGPWQD2PVCPS6VA2PREAJX82,2025-01-03T20:23:35.990583402Z
01JGPYG58HT1YABRR6CP0CSBNZ,01JGPW88JTJJ06VZ2ABV0YB4JS,2025-01-03T20:42:52.050041115Z,01JGPW88KS0ZMCVF826TM0SFNX,2025-01-03T20:42:52.050041115Z,01JGPXFS733T1DND2DEDSQ66P7,2025-01-03T20:42:52.050041115Z
01JGPYPTDR99CQYFD1BR36G6CT,01JGPW85STA0W5KK5QVK0SCN28,2025-01-03T20:46:30.328789151Z,01JGPW85V5MSPY6EHYWQ5DW4KM,2025-01-03T20:46:30.328789151Z,01JGPYBWBGY37QZPVDF88NX2EP,2025-01-03T20:46:30.328789151Z
01JGPYPTA7R5W4MW7KYZEBB3AC,01JGPW85STA0W5KK5QVK0SCN28,2025-01-03T20:46:30.215092957Z,01JGPW85V5MSPY6EHYWQ5DW4KM,2025-01-03T20:46:30.215092957Z,01JGPX6VEBM1JST34SZ1HKFBQ5,2025-01-03T20:46:30.215092957Z
01JGPSSGNC9H8A8AK9T08MGJY4,01JGPRTPXZF6H039PA45M78VSP,2025-01-03T19:20:35.756777961Z,01JGPRTPYBX68EAH44QVGHS3XB,2025-01-03T19:20:35.756777961Z,01JGPSA7MM0C9M53N59F51S4X6,2025-01-03T19:20:35.756777961Z
01JGPSSGNVQ5XRZ53T98TCT6A1,01JGPRTPXZF6H039PA45M78VSP,2025-01-03T19:20:35.771401172Z,01JGPRTPYBX68EAH44QVGHS3XB,2025-01-03T19:20:35.771401172Z,01JGPSMPZ3FJPTAQG203S77DYV,2025-01-03T19:20:35.771401172Z
01JGPT6FQEJN5629J96PACXYFF,01JGPSMST0NEV2QP69DVW5C96B,2025-01-03T19:27:40.782841075Z,01JGPSMST9VP9QTDTVPS8D0087,2025-01-03T19:27:40.782841075Z,01JGPSV7R7BYRP35J4KS8FPPK8,2025-01-03T19:27:40.782841075Z
01JGPT6FQPXGH69WXQK1JHNGTR,01JGPSMST0NEV2QP69DVW5C96B,2025-01-03T19:27:40.79044732Z,01JGPSMST9VP9QTDTVPS8D0087,2025-01-03T19:27:40.79044732Z,01JGPSVWGRAKKCD9QKN9NESN3T,2025-01-03T19:27:40.79044732Z
01JGPTVDXGTN44SH6MA82XJ0X8,01JGPSMPVMJQ9948T7GY4HNSPZ,2025-01-03T19:39:07.056860189Z,01JGPSMPVXPEP2CK71G8CC7DN6,2025-01-03T19:39:07.056860189Z,01JGPTGZJCTFZ0PBQP1RJQZTQC,2025-01-03T19:39:07.056860189Z
01JGPWKZ2RC19CYR71G576MNAT,01JGPW7PES0CCMSKV2H431S20W,2025-01-03T20:09:59.640191073Z,01JGPW7PG2K8YKAKCNC9RMQG9Z,2025-01-03T20:09:59.640191073Z,01JGPWAC5PQ2BY28V97TT16TQJ,2025-01-03T20:09:59.640191073Z
01JGPXYV4V083H0VZKKS5QTWSG,01JGPW8C0SXJ7NQFESG0ZTW3R7,2025-01-03T20:33:24.636116029Z,01JGPW8C21FTRB5DHVK7JCWZ7H,2025-01-03T20:33:24.636116029Z,01JGPWVR089B5N99T63M4PB5J4,2025-01-03T20:33:24.636116029Z
01JGPTJTEMTKRX478EAV2FY7MB,01JGPSMQWF0T2TNEAMGK5V0FA8,2025-01-03T19:34:24.980235702Z,01JGPSMQWQQVY71DHKB1F1F23F,2025-01-03T19:34:24.980235702Z,01JGPT8K646Z1MG5D35S6TGZY9,2025-01-03T19:34:24.980235702Z
01JGPW46BEDMAZR7F5NXENCJZM,01JGPSKG070MNE2EGSDHZKKNNP,2025-01-03T20:01:22.798514319Z,01JGPSKG0KJD92WRP6D6DG9YKJ,2025-01-03T20:01:22.798514319Z,01JGPVEG26MHEEZW1WQ6T2VB11,2025-01-03T20:01:22.798514319Z
01JGPYPTCH0TBPHFQ6T2SSWXPX,01JGPW85STA0W5KK5QVK0SCN28,2025-01-03T20:46:30.289527455Z,01JGPW85V5MSPY6EHYWQ5DW4KM,2025-01-03T20:46:30.289527455Z,01JGPYBTBJWSGCJMH26GD5EE29,2025-01-03T20:46:30.289527455Z
01JGPV3J3BZ086QBMV0XN8BWK5,01JGPSMNQYQWKY8KEGEZZ5X4N3,2025-01-03T19:43:33.483445953Z,01JGPSMNR73EXNR3H91HC0ZF9Z,2025-01-03T19:43:33.483445953Z,01JGPTNC5VEEK4SWHCYHANR557,2025-01-03T19:43:33.483445953Z
01JGPY0Z5GP3Y0WTEPZQGBX8W6,01JGPW8B0VPW23SCNQFMRSZ8QQ,2025-01-03T20:34:34.288415293Z,01JGPW8B24HGMZFQHSMWA8WFZ1,2025-01-03T20:34:34.288415293Z,01JGPXHTN2EBHDEYGGZZ44Y5TK,2025-01-03T20:34:34.288415293Z
01JGPV3J30G9TSDDCG6Z3W74QZ,01JGPSMNQYQWKY8KEGEZZ5X4N3,2025-01-03T19:43:33.472758425Z,01JGPSMNR73EXNR3H91HC0ZF9Z,2025-01-03T19:43:33.472758425Z,01JGPTF5GT5Y10PV580BT5YVNV,2025-01-03T19:43:33.472758425Z
01JGPWKZ254XDM6QNQMTHYZ8Q5,01JGPW7PES0CCMSKV2H431S20W,2025-01-03T20:09:59.621124632Z,01JGPW7PG2K8YKAKCNC9RMQG9Z,2025-01-03T20:09:59.621124632Z,01JGPWAAXEH0CGF4W4DZGQMYSB,2025-01-03T20:09:59.621124632Z
01JGPWRM502YHJHRVPDW73AQYF,01JGPW8RC1MCKEBZQFA98VZ4SR,2025-01-03T20:12:32.288805564Z,01JGPW8RD8MG3XZQ5ZZB9DPJ4V,2025-01-03T20:12:32.288805564Z,01JGPWA4XWKBWNE2TEKFK090GX,2025-01-03T20:12:32.288805564Z
01JGPV3J3SNMMSYH7YK6KTW789,01JGPSMNQYQWKY8KEGEZZ5X4N3,2025-01-03T19:43:33.497648679Z,01JGPSMNR73EXNR3H91HC0ZF9Z,2025-01-03T19:43:33.497648679Z,01JGPTPPGDDW7WR8S83BV4P649,2025-01-03T19:43:33.497648679Z
01JGPVKEWFPVE11WQJA07T5CWY,01JGPSM1G3366GPFXWNPWH115B,2025-01-03T19:52:14.479601025Z,01JGPSM1GE8K07M6F7PVZC870V,2025-01-03T19:52:14.479601025Z,01JGPV89VEFEJA89XPGMGAGY7X,2025-01-03T19:52:14.479601025Z
01JGPYG5ARTZPQ8SQPDNXMQWDW,01JGPW88JTJJ06VZ2ABV0YB4JS,2025-01-03T20:42:52.120512054Z,01JGPW88KS0ZMCVF826TM0SFNX,2025-01-03T20:42:52.120512054Z,01JGPY6MDVHY6V5EZ50P81FH6M,2025-01-03T20:42:52.120512054Z
01JGPYG5BZPER0C68RHY31SWRG,01JGPW88JTJJ06VZ2ABV0YB4JS,2025-01-03T20:42:52.159537075Z,01JGPW88KS0ZMCVF826TM0SFNX,2025-01-03T20:42:52.159537075Z,01JGPY754Y3XWZM4XRS3CRAJ33,2025-01-03T20:42:52.159537075Z
01JGPSE68C2VVQR3R723V2F3MQ,01JGPRTXNXA7B3CCM786WWN757,2025-01-03T19:14:24.652269239Z,01JGPRTXP5PVBNN7TSGGX38J8S,2025-01-03T19:14:24.652269239Z,01JGPRYH4MWX98QTPWXSVS4N7X,2025-01-03T19:14:24.652269239Z
01JGPSSGNPKMR3X95W1SX9APRJ,01JGPRTPXZF6H039PA45M78VSP,2025-01-03T19:20:35.76633084Z,01JGPRTPYBX68EAH44QVGHS3XB,2025-01-03T19:20:35.76633084Z,01JGPSD56XJPJPM6ZJ7H8A77QK,2025-01-03T19:20:35.76633084Z
01JGPX4KBXQE3DXBC8VHXK61X6,01JGPW8DRHZ5B42MTS5NRVZWXQ,2025-01-03T20:19:04.701073127Z,01JGPW8DT6WQFXVYGYC04XC3H0,2025-01-03T20:19:04.701073127Z,01JGPWR4XKKDTPBJ72M4DGHATH,2025-01-03T20:19:04.701073127Z
01JGPXYV5VQ8QKAS4D5C2H7R6M,01JGPW8C0SXJ7NQFESG0ZTW3R7,2025-01-03T20:33:24.667930038Z,01JGPW8C21FTRB5DHVK7JCWZ7H,2025-01-03T20:33:24.667930038Z,01JGPX2THEYRYWJPF6N90Y50WS,2025-01-03T20:33:24.667930038Z
01JGPXYV6ZYSXHQ1BDE155TAH6,01JGPW8C0SXJ7NQFESG0ZTW3R7,2025-01-03T20:33:24.703244069Z,01JGPW8C21FTRB5DHVK7JCWZ7H,2025-01-03T20:33:24.703244069Z,01JGPXDGP6R0466TTXDYFCB8W0,2025-01-03T20:33:24.703244069Z
01JGPY0Z2DHXCP5PMD1KT9P3NM,01JGPW8B0VPW23SCNQFMRSZ8QQ,2025-01-03T20:34:34.18918596Z,01JGPW8B24HGMZFQHSMWA8WFZ1,2025-01-03T20:34:34.18918596Z,01JGPXFWHM8NQN7Q8Z85ETDQT2,2025-01-03T20:34:34.18918596Z
01JGPY9FQNZ9QNF160YR8224GD,01JGPW8A20WBYX6X42N7SX6EFS,2025-01-03T20:39:13.397356133Z,01JGPW8A2KP3CN3VTYEPMEMDTG,2025-01-03T20:39:13.397356133Z,01JGPX4PT79K440NRH9XWDNNZ4,2025-01-03T20:39:13.397356133Z
