id,batchID,batchIDLastChangedAt,gameID,gameIDLastChangedAt,playerID,playerIDLastChangedAt
01JD3EPR0HZAWC2A3W2A3E9FR8,01JD3E7JHPRTB40HWDQ4DKMJ18,2024-11-20T00:14:10.961222421Z,01JD3E7JJ890A3ER4YTHP6WDP8,2024-11-20T00:14:10.961222421Z,01JD3EH9AXA1GP58DYVFN509YQ,2024-11-20T00:14:10.961222421Z
01JD3FG5YZM9P5D1BPY5PQBZRW,01JD3F433RGZN8XYSC96R11VNS,2024-11-20T00:28:04.447986875Z,01JD3F434R5AN12WA2FQ0VRNKH,2024-11-20T00:28:04.447986875Z,01JD3EHNECKK6H460PEEW6PJAJ,2024-11-20T00:28:04.447986875Z
01JD3FVHSDCTJK0BMJZWZ568RP,01JD3F41MRYAESXYAXHBXZPN47,2024-11-20T00:34:17.005996572Z,01JD3F41NWWDGQ57F4133023D1,2024-11-20T00:34:17.005996572Z,01JD3FNDVG4QJJZX4K3A51ACM4,2024-11-20T00:34:17.005996572Z
01JD3GAC7PEXH118KWM42D89TT,01JD3FQ4J056Y3XTZN8RF3TAQB,2024-11-20T00:42:22.838739556Z,01JD3FQ4KKD1BPC852QG00JA68,2024-11-20T00:42:22.838739556Z,01JD3FSCJCRTPG2ZH33WTR3QD3,2024-11-20T00:42:22.838739556Z
01JD3GYG79R0XW0PM10BMA2C4Y,01JD3FQ3JTDWA2QFWAYKAZ66T0,2024-11-20T00:53:22.281055985Z,01JD3FQ3KJXAR9SFWCC1NGQPZE,2024-11-20T00:53:22.281055985Z,01JD3GF2RWJ8ZG0A01RJKVKTF9,2024-11-20T00:53:22.281055985Z
01JD3JG28QFK0ZDKX95GYJMEFG,01JD3HG2JWSYY87BK24740EDSH,2024-11-20T01:20:26.391507108Z,01JD3HG2MMF2RFPASNFQJA44PG,2024-11-20T01:20:26.391507108Z,01JD3J1D6ZVF7DEBFKPB7BXV09,2024-11-20T01:20:26.391507108Z
01JD3DTCE9G5BDC4085A79BP3V,01JD3D1RFFH3JHJQ8XS2GXZA26,2024-11-19T23:58:41.609412537Z,01JD3D1RFT7BE2J4A432K7ZGVR,2024-11-19T23:58:41.609412537Z,01JD3D6T7JTMBNX3HX0SW8T8KX,2024-11-19T23:58:41.609412537Z
01JD3EBVANKX9GESJBRXSD577Z,01JD3DPT3FMY5G1Z70YRBCC44Q,2024-11-20T00:08:13.909628579Z,01JD3DPT3V52F65PXZNDRNF6EN,2024-11-20T00:08:13.909628579Z,01JD3DNXKTDAT0H3HTWV0R5ACT,2024-11-20T00:08:13.909628579Z
01JD3GYG8E38YERCDXHPKW68ZE,01JD3FQ3JTDWA2QFWAYKAZ66T0,2024-11-20T00:53:22.318667569Z,01JD3FQ3KJXAR9SFWCC1NGQPZE,2024-11-20T00:53:22.318667569Z,01JD3GF8SAF79T7WQ26ET4QF7C,2024-11-20T00:53:22.318667569Z
01JD3EAAS0QHQ1KHSCCENPW8ZW,01JD3DPSJDED5J0DRERYB7TR44,2024-11-20T00:07:24.192628507Z,01JD3DPSJQMSCGC9DS6D526NQ3,2024-11-20T00:07:24.192628507Z,01JD3DZ0JJHZSRQX8PP4A5NJP2,2024-11-20T00:07:24.192628507Z
01JD3ERYBNFMJ60ZP2PRC296R3,01JD3E7HY3WNMPEXGNMG3W3FHR,2024-11-20T00:15:22.997558342Z,01JD3E7HYGK85SAZKGC9VS7GKG,2024-11-20T00:15:22.997558342Z,01JD3EJZ1BXTKMC13K0W9WN5X2,2024-11-20T00:15:22.997558342Z
01JD3F5KWR1VTH7CGJ5B5RN65G,01JD3ERZEYBWVJGA5RSYMAEF6K,2024-11-20T00:22:18.264093504Z,01JD3ERZFC21QM67B8TWEJG4VY,2024-11-20T00:22:18.264093504Z,01JD3ETVGY6KX0A02CZQTA7T1R,2024-11-20T00:22:18.264093504Z
01JD3FAFEGZVTR5XQYJNGN1055,01JD3E7GK1D8JGPTX1EZRMTDXQ,2024-11-20T00:24:57.552292503Z,01JD3E7GKDQ2NTBMZCKND9Y34D,2024-11-20T00:24:57.552292503Z,01JD3EVHN9ME0D8JFZAVKWQHK9,2024-11-20T00:24:57.552292503Z
01JD3GNTPTNGWX4BWM4TCC5FB7,01JD3FSGE61DV6NGGEHDF9XRX2,2024-11-20T00:48:38.106212629Z,01JD3FSGFK02DZYQHYHW38GY7F,2024-11-20T00:48:38.106212629Z,01JD3GFYGTYP50VVMA236YEXNE,2024-11-20T00:48:38.106212629Z
01JD3JG2BEAFR31N1G7SPVF8Y6,01JD3HG2JWSYY87BK24740EDSH,2024-11-20T01:20:26.478777569Z,01JD3HG2MMF2RFPASNFQJA44PG,2024-11-20T01:20:26.478777569Z,01JD3J3S83NXQSB28JXYPR5QTX,2024-11-20T01:20:26.478777569Z
01JD3DTCEKXSMJWXF2P5HERT55,01JD3D1RFFH3JHJQ8XS2GXZA26,2024-11-19T23:58:41.619472455Z,01JD3D1RFT7BE2J4A432K7ZGVR,2024-11-19T23:58:41.619472455Z,01JD3DME57MD661TTXWPT5CAAP,2024-11-19T23:58:41.619472455Z
01JD3E6XS09T02RJRY7N8YPFDG,01JD3DPTPE6QRD6M4SQZ04WYBT,2024-11-20T00:05:32.576755126Z,01JD3DPTPS3F900VWX7X0G3YCS,2024-11-20T00:05:32.576755126Z,01JD3DW8PMKVG7EC3RKZRB78CB,2024-11-20T00:05:32.576755126Z
01JD3G2PDCH8TFKYS080C4Z411,01JD3FQ50BN016VYWKD9291MTS,2024-11-20T00:38:11.116754169Z,01JD3FQ523B2ED01H4G9YW7PH0,2024-11-20T00:38:11.116754169Z,01JD3FPDJGM0WSRKP2PEQ1EA09,2024-11-20T00:38:11.116754169Z
01JD3HPTGW6K0286M9S4V8R2WZ,01JD3GW148JZCG9A784JKRDVE0,2024-11-20T01:06:39.260670871Z,01JD3GW16XDBKMYGZPJT5VG0D8,2024-11-20T01:06:39.260670871Z,01JD3HFHP5WJXVM5JCP14ASNGK,2024-11-20T01:06:39.260670871Z
01JD3FAFDPE50SZSDCFZFH5TB2,01JD3E7GK1D8JGPTX1EZRMTDXQ,2024-11-20T00:24:57.526883161Z,01JD3E7GKDQ2NTBMZCKND9Y34D,2024-11-20T00:24:57.526883161Z,01JD3ETYXSKH1ZJRWHEN3TJZ10,2024-11-20T00:24:57.526883161Z
01JD3FSAGETQYK8D0BFDZTAX6P,01JD3F43WH46PSBAZGXXQM33JB,2024-11-20T00:33:04.014429801Z,01JD3F43XRA902J789S1E4YRCV,2024-11-20T00:33:04.014429801Z,01JD3FBXAQHZVZNZCN0Y5GQPJA,2024-11-20T00:33:04.014429801Z
01JD3FVHQVGA5PZ5STTGDGATG9,01JD3F41MRYAESXYAXHBXZPN47,2024-11-20T00:34:16.955133653Z,01JD3F41NWWDGQ57F4133023D1,2024-11-20T00:34:16.955133653Z,01JD3FEQ1YYPYAF6DZ7V476W9H,2024-11-20T00:34:16.955133653Z
01JD3GAC5STHNSRW52W2QP34B0,01JD3FQ4J056Y3XTZN8RF3TAQB,2024-11-20T00:42:22.777390445Z,01JD3FQ4KKD1BPC852QG00JA68,2024-11-20T00:42:22.777390445Z,01JD3F1FAQ7Y0BJY6035B26DBH,2024-11-20T00:42:22.777390445Z
01JD3GNTM5MEH8E47TCYGM405V,01JD3FSGE61DV6NGGEHDF9XRX2,2024-11-20T00:48:38.021851709Z,01JD3FSGFK02DZYQHYHW38GY7F,2024-11-20T00:48:38.021851709Z,01JD3GDVVMHW6FRQ1WVA4HY83B,2024-11-20T00:48:38.021851709Z
01JD3GSP1B9ZNC191EBZG4SKN2,01JD3G5FMM1NZKME9WEE2GN35J,2024-11-20T00:50:44.395206743Z,01JD3G5FQ9MR3F1DRMWVE44CYS,2024-11-20T00:50:44.395206743Z,01JD3GK5JK2KDD9ABP8QYQ8HF1,2024-11-20T00:50:44.395206743Z
01JD3JBHHFY0NWNWGA2YND26X7,01JD3HG1WFV98TTGZ5Z04MSHYP,2024-11-20T01:17:58.191905619Z,01JD3HG1YRM7WRS72J2MEG7A5S,2024-11-20T01:17:58.191905619Z,01JD3J1FFM25M4PRSMHVJ8HSGS,2024-11-20T01:17:58.191905619Z
01JD3DPBCXM2ESFBTBRT3R53A5,01JD3D1SPC04V3F559VERF859M,2024-11-19T23:56:29.469667734Z,01JD3D1SPN6GE3Y3N7VKJBF8WD,2024-11-19T23:56:29.469667734Z,01JD3DBAWGESD9SJX413A152X1,2024-11-19T23:56:29.469667734Z
01JD3EBVBBHRV0A1CZ8AD8XFXT,01JD3DPT3FMY5G1Z70YRBCC44Q,2024-11-20T00:08:13.931587282Z,01JD3DPT3V52F65PXZNDRNF6EN,2024-11-20T00:08:13.931587282Z,01JD3E5NF3JX0HDTKFHEQNMM4E,2024-11-20T00:08:13.931587282Z
01JD3G2PCNXTG8ER2H0SDDXE6F,01JD3FQ50BN016VYWKD9291MTS,2024-11-20T00:38:11.093291758Z,01JD3FQ523B2ED01H4G9YW7PH0,2024-11-20T00:38:11.093291758Z,01JD3FPD9KAABV6NAZP1X3CV3V,2024-11-20T00:38:11.093291758Z
01JD3H8A0GB3MM4AAXEG3JTHXR,01JD3F40S4KXAH49HGACVQYP8K,2024-11-20T00:58:43.600702465Z,01JD3F40TG1SXACHZYSCVJ0CD7,2024-11-20T00:58:43.600702465Z,01JD3GXHDE5KBB73PZD9R7K456,2024-11-20T00:58:43.600702465Z
01JD3HJEQGGX3YK1EP2WG17STK,01JD3GVZRP4AW08WGECTQ463B1,2024-11-20T01:04:16.112951314Z,01JD3GVZT6HR9TF73QC40WQT9N,2024-11-20T01:04:16.112951314Z,01JD3GWF41QBS7ZN86J8FQNNW5,2024-11-20T01:04:16.112951314Z
01JD3F5KXMVTFBWVJGWD8T47C9,01JD3ERZEYBWVJGA5RSYMAEF6K,2024-11-20T00:22:18.29288485Z,01JD3ERZFC21QM67B8TWEJG4VY,2024-11-20T00:22:18.29288485Z,01JD3F0S8QQYC0D3Q0CXNT2DTA,2024-11-20T00:22:18.29288485Z
01JD3FAFE3C062J8EDVDJH6RAQ,01JD3E7GK1D8JGPTX1EZRMTDXQ,2024-11-20T00:24:57.539639943Z,01JD3E7GKDQ2NTBMZCKND9Y34D,2024-11-20T00:24:57.539639943Z,01JD3EVCWCSB4HSQ7FTWMRSG83,2024-11-20T00:24:57.539639943Z
01JD3GYG9E84BJ83R8K0ZDW99P,01JD3FQ3JTDWA2QFWAYKAZ66T0,2024-11-20T00:53:22.350896175Z,01JD3FQ3KJXAR9SFWCC1NGQPZE,2024-11-20T00:53:22.350896175Z,01JD3GFQA3QDTHQR4WDB946GXK,2024-11-20T00:53:22.350896175Z
01JD3HWEKK2TNWMWTBCCVS7JYY,01JD3HG3ZJADMPY9Q507AG44ZN,2024-11-20T01:09:43.667439969Z,01JD3HG42E3D9ZM75SVTNYH7BB,2024-11-20T01:09:43.667439969Z,01JD3HEJQQ10PDD89S91DDMT14,2024-11-20T01:09:43.667439969Z
01JD3EKW17DTMTDVCHHZTXSKEW,01JD3DPV7WZKBMXHWW312RECQX,2024-11-20T00:12:36.775962032Z,01JD3DPV87D7THG7KGC231DQT3,2024-11-20T00:12:36.775962032Z,01JD3E5N1H3D2G99H22AZA5AN0,2024-11-20T00:12:36.775962032Z
01JD3F3Q68DK3KP9FB7KQK838N,01JD3E7H93GPWD1APRME8Z12BR,2024-11-20T00:21:16.104149186Z,01JD3E7H9D0SBDME85THHTV0F0,2024-11-20T00:21:16.104149186Z,01JD3EE842JA7S5WX51429GNPQ,2024-11-20T00:21:16.104149186Z
01JD3F5KX6VMRVXC1GRW74FTZM,01JD3ERZEYBWVJGA5RSYMAEF6K,2024-11-20T00:22:18.278470678Z,01JD3ERZFC21QM67B8TWEJG4VY,2024-11-20T00:22:18.278470678Z,01JD3EVJ41P7F3SXHWPTEQWAJJ,2024-11-20T00:22:18.278470678Z
01JD3GNTN1PE3K27TGEPZCM3NB,01JD3FSGE61DV6NGGEHDF9XRX2,2024-11-20T00:48:38.049958214Z,01JD3FSGFK02DZYQHYHW38GY7F,2024-11-20T00:48:38.049958214Z,01JD3GE6K07R4C12JNQJ7NDB6W,2024-11-20T00:48:38.049958214Z
01JD3DPBCSE40BYK3QKA6GRSCH,01JD3D1SPC04V3F559VERF859M,2024-11-19T23:56:29.465912235Z,01JD3D1SPN6GE3Y3N7VKJBF8WD,2024-11-19T23:56:29.465912235Z,01JD3DAQXXF4WG6XA7ZSQDYMNV,2024-11-19T23:56:29.465912235Z
01JD3EBVB3Y1PJGD327TFRKFWT,01JD3DPT3FMY5G1Z70YRBCC44Q,2024-11-20T00:08:13.923268137Z,01JD3DPT3V52F65PXZNDRNF6EN,2024-11-20T00:08:13.923268137Z,01JD3DZQBXBDKKV79S40NE3A7W,2024-11-20T00:08:13.923268137Z
01JD3ERYAK80K2YY5F89DGXC4R,01JD3E7HY3WNMPEXGNMG3W3FHR,2024-11-20T00:15:22.963480132Z,01JD3E7HYGK85SAZKGC9VS7GKG,2024-11-20T00:15:22.963480132Z,01JD3D496FNA350BWA3FCJ0N36,2024-11-20T00:15:22.963480132Z
01JD3GGJBAWC45T8KFTQND8C4G,01JD3FQ429JN3B4TBSWQXTVMXC,2024-11-20T00:45:45.706903622Z,01JD3FQ43P5AM13THQ6278KVBM,2024-11-20T00:45:45.706903622Z,01JD3FY6HZ4ASFSWE3JDMF2TZ0,2024-11-20T00:45:45.706903622Z
01JD3GYGADKQB694VYPFH2MD3K,01JD3FQ3JTDWA2QFWAYKAZ66T0,2024-11-20T00:53:22.381453827Z,01JD3FQ3KJXAR9SFWCC1NGQPZE,2024-11-20T00:53:22.381453827Z,01JD3GRMTWWZ0BGB4R3NGKVXG0,2024-11-20T00:53:22.381453827Z
01JD3HJEV3ZSRMP5C3B1K1XDAV,01JD3GVZRP4AW08WGECTQ463B1,2024-11-20T01:04:16.227072852Z,01JD3GVZT6HR9TF73QC40WQT9N,2024-11-20T01:04:16.227072852Z,01JD3H44QGZBPA1MM9TY0NAYN4,2024-11-20T01:04:16.227072852Z
01JD3E6XSNN596C2XBB4P2M7VG,01JD3DPTPE6QRD6M4SQZ04WYBT,2024-11-20T00:05:32.597311449Z,01JD3DPTPS3F900VWX7X0G3YCS,2024-11-20T00:05:32.597311449Z,01JD3E2GRVAHPFMFB9KXVE7VJX,2024-11-20T00:05:32.597311449Z
01JD3EAARRYP4194Q9WNFS61QV,01JD3DPSJDED5J0DRERYB7TR44,2024-11-20T00:07:24.18465064Z,01JD3DPSJQMSCGC9DS6D526NQ3,2024-11-20T00:07:24.18465064Z,01JD3DVM2N3E681RJDNTGMK7C9,2024-11-20T00:07:24.18465064Z
01JD3EAARJ9XMD47PAJJY469M6,01JD3DPSJDED5J0DRERYB7TR44,2024-11-20T00:07:24.178136725Z,01JD3DPSJQMSCGC9DS6D526NQ3,2024-11-20T00:07:24.178136725Z,01JD3DQY7V8KV019AQN61BMRYK,2024-11-20T00:07:24.178136725Z
01JD3JG2CX2A707Q3TKNMVD2V7,01JD3HG2JWSYY87BK24740EDSH,2024-11-20T01:20:26.52535024Z,01JD3HG2MMF2RFPASNFQJA44PG,2024-11-20T01:20:26.52535024Z,01JD3J5Q2E69TZT65JFT9A1B8F,2024-11-20T01:20:26.52535024Z
01JD3DDB2NN17ZDRRB4HY6X6JV,01JD3CSYRM9JXMY7MZNQSR58N9,2024-11-19T23:51:34.229127638Z,01JD3CSYSGATA1GNP7YFFCMXSG,2024-11-19T23:51:34.229127638Z,01JD3D4F871GFAP0XVSPB3ZCV1,2024-11-19T23:51:34.229127638Z
01JD3DTCF3VWKVWNE8K6EC66AT,01JD3D1RFFH3JHJQ8XS2GXZA26,2024-11-19T23:58:41.63549167Z,01JD3D1RFT7BE2J4A432K7ZGVR,2024-11-19T23:58:41.63549167Z,01JD3DMM27SWJX43JH9QJPXREB,2024-11-19T23:58:41.63549167Z
01JD3H4E3N11FF2TRYVGDJAS31,01JD3GW0DQSPVQMWTHJD9Z4DQG,2024-11-20T00:56:36.725808109Z,01JD3GW0FE0NCTREHDP2P9838D,2024-11-20T00:56:36.725808109Z,01JD3FY8DWEVBXM1K4E2RNVF0S,2024-11-20T00:56:36.725808109Z
01JD3H4E98MBADFV2PGZXPJJ3R,01JD3GW0DQSPVQMWTHJD9Z4DQG,2024-11-20T00:56:36.904093951Z,01JD3GW0FE0NCTREHDP2P9838D,2024-11-20T00:56:36.904093951Z,01JD3GZPDDTB4F1AND2NMAC7Y9,2024-11-20T00:56:36.904093951Z
01JD3HYF1PB81VJH9N2D9CDKDQ,01JD3HPJVP17H5ZEFW5VDVDGMW,2024-11-20T01:10:49.654457839Z,01JD3HPK0X26M2Y0ACR2EWCV6W,2024-11-20T01:10:49.654457839Z,01JD3HFCZP76M2NYSW8HGWHTDY,2024-11-20T01:10:49.654457839Z
01JD3EPQZX52PS58MW0K9GHN65,01JD3E7JHPRTB40HWDQ4DKMJ18,2024-11-20T00:14:10.941422433Z,01JD3E7JJ890A3ER4YTHP6WDP8,2024-11-20T00:14:10.941422433Z,01JD3E74M8EM8Q31E9M1GCRJZE,2024-11-20T00:14:10.941422433Z
01JD3GSP0JVR33V6FRX7MJ3P4H,01JD3G5FMM1NZKME9WEE2GN35J,2024-11-20T00:50:44.370130833Z,01JD3G5FQ9MR3F1DRMWVE44CYS,2024-11-20T00:50:44.370130833Z,01JD3GEZFYP884JWSYQ7FQAHFZ,2024-11-20T00:50:44.370130833Z
01JD3EKW1T90B2C930E6JQE0DR,01JD3DPV7WZKBMXHWW312RECQX,2024-11-20T00:12:36.794287842Z,01JD3DPV87D7THG7KGC231DQT3,2024-11-20T00:12:36.794287842Z,01JD3E6K40J6SPXZAF878033B7,2024-11-20T00:12:36.794287842Z
01JD3EPQZHN3ZPA98RE6RMNXHY,01JD3E7JHPRTB40HWDQ4DKMJ18,2024-11-20T00:14:10.930012114Z,01JD3E7JJ890A3ER4YTHP6WDP8,2024-11-20T00:14:10.930012114Z,01JD3E6S5964NVP74CC3VSSXQ9,2024-11-20T00:14:10.930012114Z
01JD3EPR06Z6P10JY3JXNW8KQN,01JD3E7JHPRTB40HWDQ4DKMJ18,2024-11-20T00:14:10.950465515Z,01JD3E7JJ890A3ER4YTHP6WDP8,2024-11-20T00:14:10.950465515Z,01JD3E83DMDTGE82BNAMBYC1AX,2024-11-20T00:14:10.950465515Z
01JD3H4E6PB480Y25SRVG4SCHF,01JD3GW0DQSPVQMWTHJD9Z4DQG,2024-11-20T00:56:36.822947333Z,01JD3GW0FE0NCTREHDP2P9838D,2024-11-20T00:56:36.822947333Z,01JD3GYKK7GCM9S8PYSRJV4QFP,2024-11-20T00:56:36.822947333Z
01JD3HYEYAFV8JCNNXPJRBT85R,01JD3HPJVP17H5ZEFW5VDVDGMW,2024-11-20T01:10:49.54683407Z,01JD3HPK0X26M2Y0ACR2EWCV6W,2024-11-20T01:10:49.54683407Z,01JD3HEQZ079KYGFM11HP82N3F,2024-11-20T01:10:49.54683407Z
01JD3HYEZVFP7FTKRV9EBW9MGM,01JD3HPJVP17H5ZEFW5VDVDGMW,2024-11-20T01:10:49.595832943Z,01JD3HPK0X26M2Y0ACR2EWCV6W,2024-11-20T01:10:49.595832943Z,01JD3HFAA4AASTY6151WY21AQZ,2024-11-20T01:10:49.595832943Z
01JD3DDB2S9TKE1DQ6164TJDSJ,01JD3CSYRM9JXMY7MZNQSR58N9,2024-11-19T23:51:34.233920304Z,01JD3CSYSGATA1GNP7YFFCMXSG,2024-11-19T23:51:34.233920304Z,01JD3D86DCXGKW395VYVWH2ZGS,2024-11-19T23:51:34.233920304Z
01JD3DKECZ9MBC720SEVYMEM0X,01JD3D1TJHGXEGF0FCSFNW3BR9,2024-11-19T23:54:54.24893964Z,01JD3D1TJVJ8N8NRS89HKZKHSW,2024-11-19T23:54:54.24893964Z,01JD3D7VSGQYKSTAFCQRYQS4AK,2024-11-19T23:54:54.24893964Z
01JD3GSNYYF1EPQ7Z2A8YQRCYV,01JD3G5FMM1NZKME9WEE2GN35J,2024-11-20T00:50:44.318268915Z,01JD3G5FQ9MR3F1DRMWVE44CYS,2024-11-20T00:50:44.318268915Z,01JD3EZB29792P773R3M1X1KSR,2024-11-20T00:50:44.318268915Z
01JD3F3Q7BGZMRY9E3BB6JRH31,01JD3E7H93GPWD1APRME8Z12BR,2024-11-20T00:21:16.139605763Z,01JD3E7H9D0SBDME85THHTV0F0,2024-11-20T00:21:16.139605763Z,01JD3EWTTG4YJNMVR6P246JQ0V,2024-11-20T00:21:16.139605763Z
01JD3FKBM1TZ76XH4W0W4DPAAC,01JD3F42CKPJXBJ1NMQHKW661T,2024-11-20T00:29:48.545820145Z,01JD3F42DYMP60EEQQVB2YT03Q,2024-11-20T00:29:48.545820145Z,01JD3FBS5VA37GGW2WAZ18V03Y,2024-11-20T00:29:48.545820145Z
01JD3FKBK107YZWHGC94XXVDRK,01JD3F42CKPJXBJ1NMQHKW661T,2024-11-20T00:29:48.513332848Z,01JD3F42DYMP60EEQQVB2YT03Q,2024-11-20T00:29:48.513332848Z,01JD3F2WPPRMRY4EW7V9GQFB6S,2024-11-20T00:29:48.513332848Z
01JD3HP5BJ1S9VSW509YW9F5AX,01JD3GVZ354152SC662834P4JG,2024-11-20T01:06:17.586584Z,01JD3GVZ6AA4WT5ASKDV36GYS1,2024-11-20T01:06:17.586584Z,01JD3H9NS1KF6NCSC57E0D9XCR,2024-11-20T01:06:17.586584Z
01JD3HP5JVH9HSX5XE52T8B851,01JD3GVZ354152SC662834P4JG,2024-11-20T01:06:17.819276016Z,01JD3GVZ6AA4WT5ASKDV36GYS1,2024-11-20T01:06:17.819276016Z,01JD3HP4NH2MRVX77DSEHM0YNC,2024-11-20T01:06:17.819276016Z
01JD3JBHK5NTZSPR635JPEX8KM,01JD3HG1WFV98TTGZ5Z04MSHYP,2024-11-20T01:17:58.245997422Z,01JD3HG1YRM7WRS72J2MEG7A5S,2024-11-20T01:17:58.245997422Z,01JD3J1HGBBA9B1Z5QTA7VKJNR,2024-11-20T01:17:58.245997422Z
01JD3FKBKH7CMC2YTB5M8S6PPZ,01JD3F42CKPJXBJ1NMQHKW661T,2024-11-20T00:29:48.529593687Z,01JD3F42DYMP60EEQQVB2YT03Q,2024-11-20T00:29:48.529593687Z,01JD3FBGR75YMGXRH1B0FZ1M9D,2024-11-20T00:29:48.529593687Z
01JD3H21P83TMSGTSSR163WN0W,01JD3FQ346HK60PDS2GDE3R5PN,2024-11-20T00:55:18.472913099Z,01JD3FQ35V7QARXV3M1R7V0RE1,2024-11-20T00:55:18.472913099Z,01JD3GMEHPRES1J0TJ3QTYB4BR,2024-11-20T00:55:18.472913099Z
01JD3GGJADMF7H4Q83W4HEHZZD,01JD3FQ429JN3B4TBSWQXTVMXC,2024-11-20T00:45:45.67761373Z,01JD3FQ43P5AM13THQ6278KVBM,2024-11-20T00:45:45.67761373Z,01JD3FXS25EB871PACF112AS2H,2024-11-20T00:45:45.67761373Z
01JD3GSNZP8H32WSHFSRM7XYCD,01JD3G5FMM1NZKME9WEE2GN35J,2024-11-20T00:50:44.343010682Z,01JD3G5FQ9MR3F1DRMWVE44CYS,2024-11-20T00:50:44.343010682Z,01JD3GECBJ4R0WV7GPHVGPA21T,2024-11-20T00:50:44.343010682Z
01JD3H4E53DVVGF0KQB1A9RY66,01JD3GW0DQSPVQMWTHJD9Z4DQG,2024-11-20T00:56:36.771806957Z,01JD3GW0FE0NCTREHDP2P9838D,2024-11-20T00:56:36.771806957Z,01JD3GXMCYZM1F6FYAAGCBYSG2,2024-11-20T00:56:36.771806957Z
01JD3ERYBA21E1S9EJD21W6Q8G,01JD3E7HY3WNMPEXGNMG3W3FHR,2024-11-20T00:15:22.987146331Z,01JD3E7HYGK85SAZKGC9VS7GKG,2024-11-20T00:15:22.987146331Z,01JD3EGZPD31C9A16V15AVCABM,2024-11-20T00:15:22.987146331Z
01JD3FSAF99YDNVJGFMKBAWHG5,01JD3F43WH46PSBAZGXXQM33JB,2024-11-20T00:33:03.977262908Z,01JD3F43XRA902J789S1E4YRCV,2024-11-20T00:33:03.977262908Z,01JD3F3E15GZCR0V0FWCX8Z9K0,2024-11-20T00:33:03.977262908Z
01JD3H8A22NGYYBX1V383EJ7ZW,01JD3F40S4KXAH49HGACVQYP8K,2024-11-20T00:58:43.650679153Z,01JD3F40TG1SXACHZYSCVJ0CD7,2024-11-20T00:58:43.650679153Z,01JD3GXJ25A5MP76G1TNGDXFXT,2024-11-20T00:58:43.650679153Z
01JD3DPBCNTYFR8QZV4QA6PWG0,01JD3D1SPC04V3F559VERF859M,2024-11-19T23:56:29.461897799Z,01JD3D1SPN6GE3Y3N7VKJBF8WD,2024-11-19T23:56:29.461897799Z,01JD3D80X8ZP4QF8Y6RJ9RGYCR,2024-11-19T23:56:29.461897799Z
01JD3E20K5W5G7SAB501GNBMSP,01JD3D1V86TYRQBACHFCWC376E,2024-11-20T00:02:51.621177254Z,01JD3D1V8PRMQPJXDDVXGKDQG4,2024-11-20T00:02:51.621177254Z,01JD3DNZ689VR9VFN84GGMDNBJ,2024-11-20T00:02:51.621177254Z
01JD3G2PB8M0EMBCMCBYZWACHZ,01JD3FQ50BN016VYWKD9291MTS,2024-11-20T00:38:11.04894059Z,01JD3FQ523B2ED01H4G9YW7PH0,2024-11-20T00:38:11.04894059Z,01JD3FM94HWYZM7095S0PKZAK6,2024-11-20T00:38:11.04894059Z
01JD3GAC73XKAAP9XKDFKJ1PS3,01JD3FQ4J056Y3XTZN8RF3TAQB,2024-11-20T00:42:22.819727774Z,01JD3FQ4KKD1BPC852QG00JA68,2024-11-20T00:42:22.819727774Z,01JD3FPBZH9Z7QEGA8H6NDSHDG,2024-11-20T00:42:22.819727774Z
01JD3HPTEABY9CNV071AHRCK73,01JD3GW148JZCG9A784JKRDVE0,2024-11-20T01:06:39.178679636Z,01JD3GW16XDBKMYGZPJT5VG0D8,2024-11-20T01:06:39.178679636Z,01JD3HEWTKYBJ2JSPJ0REKX6WD,2024-11-20T01:06:39.178679636Z
01JD3DDB2ZBV2M5YP5V69FVE00,01JD3CSYRM9JXMY7MZNQSR58N9,2024-11-19T23:51:34.239639552Z,01JD3CSYSGATA1GNP7YFFCMXSG,2024-11-19T23:51:34.239639552Z,01JD3D8FNQMYKZSCEXQJMATBKW,2024-11-19T23:51:34.239639552Z
01JD3H21QXA2BJVPNTADNCR9C4,01JD3FQ346HK60PDS2GDE3R5PN,2024-11-20T00:55:18.52525808Z,01JD3FQ35V7QARXV3M1R7V0RE1,2024-11-20T00:55:18.52525808Z,01JD3GR94J406DEQ3PWYRF0Z9G,2024-11-20T00:55:18.52525808Z
01JD3GAC6E0HTRN4VDX0NVHPF3,01JD3FQ4J056Y3XTZN8RF3TAQB,2024-11-20T00:42:22.79820122Z,01JD3FQ4KKD1BPC852QG00JA68,2024-11-20T00:42:22.79820122Z,01JD3FDX5AAH81CTB8N4DZH6PA,2024-11-20T00:42:22.79820122Z
01JD3JG2A23AFP8DCH9YFZB42D,01JD3HG2JWSYY87BK24740EDSH,2024-11-20T01:20:26.434859314Z,01JD3HG2MMF2RFPASNFQJA44PG,2024-11-20T01:20:26.434859314Z,01JD3J3DHB7TNM6086KPC3HVGT,2024-11-20T01:20:26.434859314Z
01JD3E20JZMWNW2RM4BX985KJD,01JD3D1V86TYRQBACHFCWC376E,2024-11-20T00:02:51.615866005Z,01JD3D1V8PRMQPJXDDVXGKDQG4,2024-11-20T00:02:51.615866005Z,01JD3DNY2MTD7PD8P09J4THW0P,2024-11-20T00:02:51.615866005Z
01JD3F5KY33REV0QAJP6TZM877,01JD3ERZEYBWVJGA5RSYMAEF6K,2024-11-20T00:22:18.307922844Z,01JD3ERZFC21QM67B8TWEJG4VY,2024-11-20T00:22:18.307922844Z,01JD3F0WB8A3QRM6YXETXFRHEW,2024-11-20T00:22:18.307922844Z
01JD3FAFF0AVCEKEG33EMG6C4Z,01JD3E7GK1D8JGPTX1EZRMTDXQ,2024-11-20T00:24:57.568366016Z,01JD3E7GKDQ2NTBMZCKND9Y34D,2024-11-20T00:24:57.568366016Z,01JD3F11HGCN8PQRZR8XT30E8J,2024-11-20T00:24:57.568366016Z
01JD3FG60A5PBVWRXE1SMW047S,01JD3F433RGZN8XYSC96R11VNS,2024-11-20T00:28:04.490265874Z,01JD3F434R5AN12WA2FQ0VRNKH,2024-11-20T00:28:04.490265874Z,01JD3F1SNK9TAP91W2PQRZDEGB,2024-11-20T00:28:04.490265874Z
01JD3FVHRJC18EPMT9W09W11Y0,01JD3F41MRYAESXYAXHBXZPN47,2024-11-20T00:34:16.978740664Z,01JD3F41NWWDGQ57F4133023D1,2024-11-20T00:34:16.978740664Z,01JD3FGQA24T93XW1CA8VC4XXZ,2024-11-20T00:34:16.978740664Z
01JD3G2PBZKSQ18HEZCFYHR61Y,01JD3FQ50BN016VYWKD9291MTS,2024-11-20T00:38:11.071241032Z,01JD3FQ523B2ED01H4G9YW7PH0,2024-11-20T00:38:11.071241032Z,01JD3FNKA481JEH3FQMK382582,2024-11-20T00:38:11.071241032Z
01JD3GGJ8662324CYTDMDKTHXM,01JD3FQ429JN3B4TBSWQXTVMXC,2024-11-20T00:45:45.606348596Z,01JD3FQ43P5AM13THQ6278KVBM,2024-11-20T00:45:45.606348596Z,01JD3FD7ZHFZTNEA8S224ZAK3W,2024-11-20T00:45:45.606348596Z
01JD3H21TXTYBYB2BGV8AV7GN6,01JD3FQ346HK60PDS2GDE3R5PN,2024-11-20T00:55:18.621212669Z,01JD3FQ35V7QARXV3M1R7V0RE1,2024-11-20T00:55:18.621212669Z,01JD3GTTMBVJ0SZD8NT4GMDEWY,2024-11-20T00:55:18.621212669Z
01JD3E20JSB8HBHPNWMNXDKQCC,01JD3D1V86TYRQBACHFCWC376E,2024-11-20T00:02:51.609544469Z,01JD3D1V8PRMQPJXDDVXGKDQG4,2024-11-20T00:02:51.609544469Z,01JD3D9MVEZPQ44JX2E7FN5NT5,2024-11-20T00:02:51.609544469Z
01JD3F3Q6M0R2N5WYH9JF7DGN4,01JD3E7H93GPWD1APRME8Z12BR,2024-11-20T00:21:16.116557588Z,01JD3E7H9D0SBDME85THHTV0F0,2024-11-20T00:21:16.116557588Z,01JD3EJJDGMHQVR5WQMQ3EK95M,2024-11-20T00:21:16.116557588Z
01JD3FG60XFS4CXK3W0JF177N7,01JD3F433RGZN8XYSC96R11VNS,2024-11-20T00:28:04.509229361Z,01JD3F434R5AN12WA2FQ0VRNKH,2024-11-20T00:28:04.509229361Z,01JD3FBKKR1755JB7W649ATGXM,2024-11-20T00:28:04.509229361Z
01JD3HYF3ANMFEE37FJ4QPEMDM,01JD3HPJVP17H5ZEFW5VDVDGMW,2024-11-20T01:10:49.706890207Z,01JD3HPK0X26M2Y0ACR2EWCV6W,2024-11-20T01:10:49.706890207Z,01JD3HRPQZR9HK4GTBQD5HV8YD,2024-11-20T01:10:49.706890207Z
01JD3GGJ9BJY7EW2E6ZSNM737T,01JD3FQ429JN3B4TBSWQXTVMXC,2024-11-20T00:45:45.643727846Z,01JD3FQ43P5AM13THQ6278KVBM,2024-11-20T00:45:45.643727846Z,01JD3FQ6EFTC42WW59D02ZXQBV,2024-11-20T00:45:45.643727846Z
01JD3HWEQ0EVF3ZW09JTEX772G,01JD3HG3ZJADMPY9Q507AG44ZN,2024-11-20T01:09:43.776802003Z,01JD3HG42E3D9ZM75SVTNYH7BB,2024-11-20T01:09:43.776802003Z,01JD3HES3DY8ESSPNMYY60041Q,2024-11-20T01:09:43.776802003Z
01JD3DTCEVV9PENEGYPRHQ6V9E,01JD3D1RFFH3JHJQ8XS2GXZA26,2024-11-19T23:58:41.627442317Z,01JD3D1RFT7BE2J4A432K7ZGVR,2024-11-19T23:58:41.627442317Z,01JD3DMHPJ2ET830TNTTDSTMNN,2024-11-19T23:58:41.627442317Z
01JD3FG5ZNRWV8BTT241B241S3,01JD3F433RGZN8XYSC96R11VNS,2024-11-20T00:28:04.47000561Z,01JD3F434R5AN12WA2FQ0VRNKH,2024-11-20T00:28:04.47000561Z,01JD3F1503AQEEKN5XF7WM2AKH,2024-11-20T00:28:04.47000561Z
01JD3DKEDE28QNZ193T4PZ4KCF,01JD3D1TJHGXEGF0FCSFNW3BR9,2024-11-19T23:54:54.254242509Z,01JD3D1TJVJ8N8NRS89HKZKHSW,2024-11-19T23:54:54.254242509Z,01JD3D85R1GK0FM4S2TEZ3BV7B,2024-11-19T23:54:54.254242509Z
01JD3FVHT85TBBXPA7C94D5CNJ,01JD3F41MRYAESXYAXHBXZPN47,2024-11-20T00:34:17.032556397Z,01JD3F41NWWDGQ57F4133023D1,2024-11-20T00:34:17.032556397Z,01JD3FPDFYKRGS8DN3V4KCG2WT,2024-11-20T00:34:17.032556397Z
01JD3ERYB0P0VS6Y2SXNQ1Z4TS,01JD3E7HY3WNMPEXGNMG3W3FHR,2024-11-20T00:15:22.976530111Z,01JD3E7HYGK85SAZKGC9VS7GKG,2024-11-20T00:15:22.976530111Z,01JD3EGVEHDS80WTGTWGYTMD75,2024-11-20T00:15:22.976530111Z
01JD3HPTB502C0W7J08A01RSRR,01JD3GW148JZCG9A784JKRDVE0,2024-11-20T01:06:39.07747749Z,01JD3GW16XDBKMYGZPJT5VG0D8,2024-11-20T01:06:39.07747749Z,01JD3HD6GWRVEG3QRK2KR77XDM,2024-11-20T01:06:39.07747749Z
01JD3HWENH2PHE7KN90D81EMCF,01JD3HG3ZJADMPY9Q507AG44ZN,2024-11-20T01:09:43.730058912Z,01JD3HG42E3D9ZM75SVTNYH7BB,2024-11-20T01:09:43.730058912Z,01JD3HEKP8HKWTMH5GSG4W1STT,2024-11-20T01:09:43.730058912Z
01JD3DKECV79XA999PW67M7FWJ,01JD3D1TJHGXEGF0FCSFNW3BR9,2024-11-19T23:54:54.235522961Z,01JD3D1TJVJ8N8NRS89HKZKHSW,2024-11-19T23:54:54.235522961Z,01JD3D4YRHWTB3WVPW0AEPV7B4,2024-11-19T23:54:54.235522961Z
01JD3DKEDJECXYSX3X29K6XE52,01JD3D1TJHGXEGF0FCSFNW3BR9,2024-11-19T23:54:54.258330464Z,01JD3D1TJVJ8N8NRS89HKZKHSW,2024-11-19T23:54:54.258330464Z,01JD3D878K5Y4DATEWT4YNZFYQ,2024-11-19T23:54:54.258330464Z
01JD3HPT899X8Y5EWGQQ37Q9SB,01JD3GW148JZCG9A784JKRDVE0,2024-11-20T01:06:38.985850219Z,01JD3GW16XDBKMYGZPJT5VG0D8,2024-11-20T01:06:38.985850219Z,01JD3HAVC41E73XAJ3EM76DA9T,2024-11-20T01:06:38.985850219Z
01JD3JBHN6HJRWNSNJ21GSVEM7,01JD3HG1WFV98TTGZ5Z04MSHYP,2024-11-20T01:17:58.310351587Z,01JD3HG1YRM7WRS72J2MEG7A5S,2024-11-20T01:17:58.310351587Z,01JD3J1MV2ACBC3J5WE1ZJ35MC,2024-11-20T01:17:58.310351587Z
01JD3EBVAW21B9B2Q46Z3EWDXV,01JD3DPT3FMY5G1Z70YRBCC44Q,2024-11-20T00:08:13.916935004Z,01JD3DPT3V52F65PXZNDRNF6EN,2024-11-20T00:08:13.916935004Z,01JD3DYAMRHXDMVSJH42DJV2F9,2024-11-20T00:08:13.916935004Z
01JD3EXF8CTY7SX29TQ200MVGR,01JD3ECH0M7WDGW0E8PH2KCWR6,2024-11-20T00:17:51.372861558Z,01JD3ECH13EH4B4J8RRRPYQJAA,2024-11-20T00:17:51.372861558Z,01JD3EHB7DZJ8VKQTSHGB7W6PA,2024-11-20T00:17:51.372861558Z
01JD3F3Q71NGYVN9EYMG8SPHEJ,01JD3E7H93GPWD1APRME8Z12BR,2024-11-20T00:21:16.12950352Z,01JD3E7H9D0SBDME85THHTV0F0,2024-11-20T00:21:16.12950352Z,01JD3EV2WA1S45T39MV27WR081,2024-11-20T00:21:16.12950352Z
01JD3FSAH0TYGDXVGQJ61MN3SS,01JD3F43WH46PSBAZGXXQM33JB,2024-11-20T00:33:04.032986619Z,01JD3F43XRA902J789S1E4YRCV,2024-11-20T00:33:04.032986619Z,01JD3FCQ6B9F1JJC1D1EW6J9FC,2024-11-20T00:33:04.032986619Z
01JD3EXF7NZJMQD194FBVVA7Q9,01JD3ECH0M7WDGW0E8PH2KCWR6,2024-11-20T00:17:51.349740614Z,01JD3ECH13EH4B4J8RRRPYQJAA,2024-11-20T00:17:51.349740614Z,01JD3EH6QRKRFHJAPRM24QGCQH,2024-11-20T00:17:51.349740614Z
01JD3EXF80JMBCPXF1NSM7MC26,01JD3ECH0M7WDGW0E8PH2KCWR6,2024-11-20T00:17:51.360924951Z,01JD3ECH13EH4B4J8RRRPYQJAA,2024-11-20T00:17:51.360924951Z,01JD3EHAFT53XNQ84VKKXB8ZNP,2024-11-20T00:17:51.360924951Z
01JD3EAAS9AACP3G42N5QJ45MX,01JD3DPSJDED5J0DRERYB7TR44,2024-11-20T00:07:24.201425798Z,01JD3DPSJQMSCGC9DS6D526NQ3,2024-11-20T00:07:24.201425798Z,01JD3E66CJXFRETYM8MTASKXFT,2024-11-20T00:07:24.201425798Z
01JD3EKW1HQP9Z1K8YA48SGKFT,01JD3DPV7WZKBMXHWW312RECQX,2024-11-20T00:12:36.785109405Z,01JD3DPV87D7THG7KGC231DQT3,2024-11-20T00:12:36.785109405Z,01JD3E6JVB9HCEES7PB2GXXRKS,2024-11-20T00:12:36.785109405Z
01JD3EKW22A81GBHWJH76KXD9H,01JD3DPV7WZKBMXHWW312RECQX,2024-11-20T00:12:36.802607519Z,01JD3DPV87D7THG7KGC231DQT3,2024-11-20T00:12:36.802607519Z,01JD3E78SFX75J4J4VEH9T1TZR,2024-11-20T00:12:36.802607519Z
01JD3EXF8PXDPKQXVERZY4Q44S,01JD3ECH0M7WDGW0E8PH2KCWR6,2024-11-20T00:17:51.38301785Z,01JD3ECH13EH4B4J8RRRPYQJAA,2024-11-20T00:17:51.38301785Z,01JD3EQRT21QV1SY6EGR0RJ14E,2024-11-20T00:17:51.38301785Z
01JD3FKBJGEMS6T7H4EEJWG4CT,01JD3F42CKPJXBJ1NMQHKW661T,2024-11-20T00:29:48.49680472Z,01JD3F42DYMP60EEQQVB2YT03Q,2024-11-20T00:29:48.49680472Z,01JD3EPX2T6JQFEN92TCW1RBP2,2024-11-20T00:29:48.49680472Z
01JD3FSAFT9BZS3V2EEH6P1P43,01JD3F43WH46PSBAZGXXQM33JB,2024-11-20T00:33:03.994989577Z,01JD3F43XRA902J789S1E4YRCV,2024-11-20T00:33:03.994989577Z,01JD3FBHRD24B4EZ3F76X8WKCX,2024-11-20T00:33:03.994989577Z
01JD3DDB2FKE06PHV0HVG9E00C,01JD3CSYRM9JXMY7MZNQSR58N9,2024-11-19T23:51:34.223208612Z,01JD3CSYSGATA1GNP7YFFCMXSG,2024-11-19T23:51:34.223208612Z,01JD3D4B3JPHEW7N5VN1W4W61X,2024-11-19T23:51:34.223208612Z
01JD3E20KA9P94GT3X4YXZZ4XQ,01JD3D1V86TYRQBACHFCWC376E,2024-11-20T00:02:51.626402867Z,01JD3D1V8PRMQPJXDDVXGKDQG4,2024-11-20T00:02:51.626402867Z,01JD3DVW2063WEWN9HY5RKJMVK,2024-11-20T00:02:51.626402867Z
01JD3HP5DE3Z64JX07NZ6RN6FQ,01JD3GVZ354152SC662834P4JG,2024-11-20T01:06:17.646913862Z,01JD3GVZ6AA4WT5ASKDV36GYS1,2024-11-20T01:06:17.646913862Z,01JD3HA34XVBRFG6JJ5MWJ48S7,2024-11-20T01:06:17.646913862Z
01JD3HWERQ3QH4P7C343RDEV08,01JD3HG3ZJADMPY9Q507AG44ZN,2024-11-20T01:09:43.831843742Z,01JD3HG42E3D9ZM75SVTNYH7BB,2024-11-20T01:09:43.831843742Z,01JD3HH8EN8VQXWCX4SH2N2H9C,2024-11-20T01:09:43.831843742Z
01JD3H21SASY8YCAT92SQWES69,01JD3FQ346HK60PDS2GDE3R5PN,2024-11-20T00:55:18.570843272Z,01JD3FQ35V7QARXV3M1R7V0RE1,2024-11-20T00:55:18.570843272Z,01JD3GRNHFPKZQPMKY1S47X8MS,2024-11-20T00:55:18.570843272Z
01JD3HP57WWZ0E2GHMMDDFNCKG,01JD3GVZ354152SC662834P4JG,2024-11-20T01:06:17.468347894Z,01JD3GVZ6AA4WT5ASKDV36GYS1,2024-11-20T01:06:17.468347894Z,01JD3GYKYWJ4RWSDM2XKQ9HHS4,2024-11-20T01:06:17.468347894Z
01JD3E6XSDQ4A1RC8A7W4PNDWF,01JD3DPTPE6QRD6M4SQZ04WYBT,2024-11-20T00:05:32.589137337Z,01JD3DPTPS3F900VWX7X0G3YCS,2024-11-20T00:05:32.589137337Z,01JD3DWHJ6DHQ2JZAB8JVTXASM,2024-11-20T00:05:32.589137337Z
01JD3H8A4EBZMZFA0CAEYW8WT7,01JD3F40S4KXAH49HGACVQYP8K,2024-11-20T00:58:43.726289749Z,01JD3F40TG1SXACHZYSCVJ0CD7,2024-11-20T00:58:43.726289749Z,01JD3GYY4E8910JEY25DEX5WX0,2024-11-20T00:58:43.726289749Z
01JD3HJEESPQR5Q6Q67Y61ZC48,01JD3GVZRP4AW08WGECTQ463B1,2024-11-20T01:04:15.833971094Z,01JD3GVZT6HR9TF73QC40WQT9N,2024-11-20T01:04:15.833971094Z,01JD3GSFR3NSYKNSYNZHMTEE1N,2024-11-20T01:04:15.833971094Z
01JD3HJEJNK4XH1M26B01J8RP4,01JD3GVZRP4AW08WGECTQ463B1,2024-11-20T01:04:15.957421208Z,01JD3GVZT6HR9TF73QC40WQT9N,2024-11-20T01:04:15.957421208Z,01JD3GW30Q02V6MJVY5S699GEE,2024-11-20T01:04:15.957421208Z
01JD3JBHFZZW2DJ05Y47754V1T,01JD3HG1WFV98TTGZ5Z04MSHYP,2024-11-20T01:17:58.143195768Z,01JD3HG1YRM7WRS72J2MEG7A5S,2024-11-20T01:17:58.143195768Z,01JD3J11PB6ZY75W96X60312PK,2024-11-20T01:17:58.143195768Z
01JD3DPBD1V2BDCW2PC75JSDYE,01JD3D1SPC04V3F559VERF859M,2024-11-19T23:56:29.473654227Z,01JD3D1SPN6GE3Y3N7VKJBF8WD,2024-11-19T23:56:29.473654227Z,01JD3DFXGN2CX2HH359VG42TD2,2024-11-19T23:56:29.473654227Z
01JD3E6XS6A91AWCGZV1XHWSFM,01JD3DPTPE6QRD6M4SQZ04WYBT,2024-11-20T00:05:32.582078923Z,01JD3DPTPS3F900VWX7X0G3YCS,2024-11-20T00:05:32.582078923Z,01JD3DWD8ABE2XBDCXY3Z3B8CT,2024-11-20T00:05:32.582078923Z
01JD3HP5GG0WRPCCP79DB373A6,01JD3GVZ354152SC662834P4JG,2024-11-20T01:06:17.744722146Z,01JD3GVZ6AA4WT5ASKDV36GYS1,2024-11-20T01:06:17.744722146Z,01JD3HEBEAYCMDACHBWMBBKQ64,2024-11-20T01:06:17.744722146Z
01JD3GNTNVD4QNVDC2DPYVGAEC,01JD3FSGE61DV6NGGEHDF9XRX2,2024-11-20T00:48:38.075234958Z,01JD3FSGFK02DZYQHYHW38GY7F,2024-11-20T00:48:38.075234958Z,01JD3GET07JQF278GZYH27VNEK,2024-11-20T00:48:38.075234958Z
01JD3H8A37W7R687MN5S89P9X5,01JD3F40S4KXAH49HGACVQYP8K,2024-11-20T00:58:43.687934489Z,01JD3F40TG1SXACHZYSCVJ0CD7,2024-11-20T00:58:43.687934489Z,01JD3GY51P1DEDBX68QVG6JGFF,2024-11-20T00:58:43.687934489Z
