﻿id,gameID,gameIDLastChangedAt,roundID,roundIDLastChangedAt,stageID,stageIDLastChangedAt,playerID,playerIDLastChangedAt,batchID,batchIDLastChangedAt,guess,guessLastChangedAt,confidence,confidenceLastChangedAt,submit,submitLastChangedAt
01HTQW4H1VHJR6QE3W9YXQ9H41,01HTQVZVSGCEEEQDTYETKGV9ME,2024-04-05T19:35:28.059239823Z,01HTQW4G7NYCY6WHV35TXQ17M6,2024-04-05T19:35:28.059239823Z,01HTQW4GNCHE5QCZM6YXVR1E3A,2024-04-05T19:35:28.059239823Z,01HTQW0BADDNPZ5J13RV1A594Z,2024-04-05T19:35:28.059239823Z,01HTQVZVS420W3S3FE4GCYXFED,2024-04-05T19:35:28.059239823Z,,,,,,
01HTQW4H2049V384C4WF5MZAEX,01HTQVZVSGCEEEQDTYETKGV9ME,2024-04-05T19:35:28.064534321Z,01HTQW4G7NYCY6WHV35TXQ17M6,2024-04-05T19:35:28.064534321Z,01HTQW4GNCHE5QCZM6YXVR1E3A,2024-04-05T19:35:28.064534321Z,01HTQW0SMSYZ1RRW9T6E5BP125,2024-04-05T19:35:28.064534321Z,01HTQVZVS420W3S3FE4GCYXFED,2024-04-05T19:35:28.064534321Z,,,,,,
01HTQW4H27VHZWM5HEC1SVHKVG,01HTQVZVSGCEEEQDTYETKGV9ME,2024-04-05T19:35:28.072025398Z,01HTQW4G7NYCY6WHV35TXQ17M6,2024-04-05T19:35:28.072025398Z,01HTQW4GNCHE5QCZM6YXVR1E3A,2024-04-05T19:35:28.072025398Z,01HTQW12NM8YRFG6TMAFMA3QHV,2024-04-05T19:35:28.072025398Z,01HTQVZVS420W3S3FE4GCYXFED,2024-04-05T19:35:28.072025398Z,,,,,,
01HTQW4H2CEDKGZNYJPTY5R6XK,01HTQVZVSGCEEEQDTYETKGV9ME,2024-04-05T19:35:28.076759512Z,01HTQW4G7NYCY6WHV35TXQ17M6,2024-04-05T19:35:28.076759512Z,01HTQW4GNCHE5QCZM6YXVR1E3A,2024-04-05T19:35:28.076759512Z,01HTQW1CSES71AYHAD7FPSMW37,2024-04-05T19:35:28.076759512Z,01HTQVZVS420W3S3FE4GCYXFED,2024-04-05T19:35:28.076759512Z,,,,,,
01HTQW5EDBVD5DCGHCBC9FRYT4,01HTQVZVSGCEEEQDTYETKGV9ME,2024-04-05T19:35:58.123651433Z,01HTQW4G7NYCY6WHV35TXQ17M6,2024-04-05T19:35:58.123651433Z,01HTQW4GNCHE5QCZM6ZM6ECHDB,2024-04-05T19:35:58.123651433Z,01HTQW0BADDNPZ5J13RV1A594Z,2024-04-05T19:35:58.123651433Z,01HTQVZVS420W3S3FE4GCYXFED,2024-04-05T19:35:58.123651433Z,20,2024-04-05T19:36:17.174899007Z,89,2024-04-05T19:36:17.173930273Z,true,2024-04-05T19:36:17.174256255Z
01HTQW5EDHM70S08BGDDX0PN0P,01HTQVZVSGCEEEQDTYETKGV9ME,2024-04-05T19:35:58.129924396Z,01HTQW4G7NYCY6WHV35TXQ17M6,2024-04-05T19:35:58.129924396Z,01HTQW4GNCHE5QCZM6ZM6ECHDB,2024-04-05T19:35:58.129924396Z,01HTQW0SMSYZ1RRW9T6E5BP125,2024-04-05T19:35:58.129924396Z,01HTQVZVS420W3S3FE4GCYXFED,2024-04-05T19:35:58.129924396Z,,,,,,
01HTQW5EDQ90YTWA7PTHHWH580,01HTQVZVSGCEEEQDTYETKGV9ME,2024-04-05T19:35:58.135052226Z,01HTQW4G7NYCY6WHV35TXQ17M6,2024-04-05T19:35:58.135052226Z,01HTQW4GNCHE5QCZM6ZM6ECHDB,2024-04-05T19:35:58.135052226Z,01HTQW12NM8YRFG6TMAFMA3QHV,2024-04-05T19:35:58.135052226Z,01HTQVZVS420W3S3FE4GCYXFED,2024-04-05T19:35:58.135052226Z,83,2024-04-05T19:36:26.169771124Z,12,2024-04-05T19:36:26.170998731Z,true,2024-04-05T19:36:26.230075408Z
01HTQW5EDWDP61X3FAE1ZZXXEJ,01HTQVZVSGCEEEQDTYETKGV9ME,2024-04-05T19:35:58.140112723Z,01HTQW4G7NYCY6WHV35TXQ17M6,2024-04-05T19:35:58.140112723Z,01HTQW4GNCHE5QCZM6ZM6ECHDB,2024-04-05T19:35:58.140112723Z,01HTQW1CSES71AYHAD7FPSMW37,2024-04-05T19:35:58.140112723Z,01HTQVZVS420W3S3FE4GCYXFED,2024-04-05T19:35:58.140112723Z,24,2024-04-05T19:36:21.165106422Z,17,2024-04-05T19:36:21.163623025Z,true,2024-04-05T19:36:21.164526408Z
01HTQW6BTV3TQ3R4ASYP7T78EB,01HTQVZVSGCEEEQDTYETKGV9ME,2024-04-05T19:36:28.251193213Z,01HTQW4G7QMCEGV4Q7Y6H857P8,2024-04-05T19:36:28.251193213Z,01HTQW4GHZAW3S5FDWFJ9Z2NQ9,2024-04-05T19:36:28.251193213Z,01HTQW0BADDNPZ5J13RV1A594Z,2024-04-05T19:36:28.251193213Z,01HTQVZVS420W3S3FE4GCYXFED,2024-04-05T19:36:28.251193213Z,,,,,,
01HTQW6BV0PSXM3VHPX8SWTBAG,01HTQVZVSGCEEEQDTYETKGV9ME,2024-04-05T19:36:28.256056333Z,01HTQW4G7QMCEGV4Q7Y6H857P8,2024-04-05T19:36:28.256056333Z,01HTQW4GHZAW3S5FDWFJ9Z2NQ9,2024-04-05T19:36:28.256056333Z,01HTQW0SMSYZ1RRW9T6E5BP125,2024-04-05T19:36:28.256056333Z,01HTQVZVS420W3S3FE4GCYXFED,2024-04-05T19:36:28.256056333Z,,,,,,
01HTQW6BV60FH889SX5CDCY48K,01HTQVZVSGCEEEQDTYETKGV9ME,2024-04-05T19:36:28.262619902Z,01HTQW4G7QMCEGV4Q7Y6H857P8,2024-04-05T19:36:28.262619902Z,01HTQW4GHZAW3S5FDWFJ9Z2NQ9,2024-04-05T19:36:28.262619902Z,01HTQW12NM8YRFG6TMAFMA3QHV,2024-04-05T19:36:28.262619902Z,01HTQVZVS420W3S3FE4GCYXFED,2024-04-05T19:36:28.262619902Z,,,,,,
01HTQW6BVBBRG3CY0C3QMBXSGT,01HTQVZVSGCEEEQDTYETKGV9ME,2024-04-05T19:36:28.267795953Z,01HTQW4G7QMCEGV4Q7Y6H857P8,2024-04-05T19:36:28.267795953Z,01HTQW4GHZAW3S5FDWFJ9Z2NQ9,2024-04-05T19:36:28.267795953Z,01HTQW1CSES71AYHAD7FPSMW37,2024-04-05T19:36:28.267795953Z,01HTQVZVS420W3S3FE4GCYXFED,2024-04-05T19:36:28.267795953Z,,,,,,
01HTQW796FNVJ1BHYY9942HB30,01HTQVZVSGCEEEQDTYETKGV9ME,2024-04-05T19:36:58.319819685Z,01HTQW4G7QMCEGV4Q7Y6H857P8,2024-04-05T19:36:58.319819685Z,01HTQW4GHZAW3S5FDWG3GF41X5,2024-04-05T19:36:58.319819685Z,01HTQW0BADDNPZ5J13RV1A594Z,2024-04-05T19:36:58.319819685Z,01HTQVZVS420W3S3FE4GCYXFED,2024-04-05T19:36:58.319819685Z,,,,,,
01HTQW796KMQ7PBKRAH3AXMV6V,01HTQVZVSGCEEEQDTYETKGV9ME,2024-04-05T19:36:58.324010249Z,01HTQW4G7QMCEGV4Q7Y6H857P8,2024-04-05T19:36:58.324010249Z,01HTQW4GHZAW3S5FDWG3GF41X5,2024-04-05T19:36:58.324010249Z,01HTQW0SMSYZ1RRW9T6E5BP125,2024-04-05T19:36:58.324010249Z,01HTQVZVS420W3S3FE4GCYXFED,2024-04-05T19:36:58.324010249Z,80,2024-04-05T19:37:23.831007331Z,15,2024-04-05T19:37:23.830481892Z,true,2024-04-05T19:37:23.832320838Z
01HTQW796R4MD1Z6G98BZBV9NS,01HTQVZVSGCEEEQDTYETKGV9ME,2024-04-05T19:36:58.328135713Z,01HTQW4G7QMCEGV4Q7Y6H857P8,2024-04-05T19:36:58.328135713Z,01HTQW4GHZAW3S5FDWG3GF41X5,2024-04-05T19:36:58.328135713Z,01HTQW12NM8YRFG6TMAFMA3QHV,2024-04-05T19:36:58.328135713Z,01HTQVZVS420W3S3FE4GCYXFED,2024-04-05T19:36:58.328135713Z,74,2024-04-05T19:37:19.656631141Z,95,2024-04-05T19:37:19.657252627Z,true,2024-04-05T19:37:19.714981326Z
01HTQW796YD9XXJGTYHPESY27W,01HTQVZVSGCEEEQDTYETKGV9ME,2024-04-05T19:36:58.334064118Z,01HTQW4G7QMCEGV4Q7Y6H857P8,2024-04-05T19:36:58.334064118Z,01HTQW4GHZAW3S5FDWG3GF41X5,2024-04-05T19:36:58.334064118Z,01HTQW1CSES71AYHAD7FPSMW37,2024-04-05T19:36:58.334064118Z,01HTQVZVS420W3S3FE4GCYXFED,2024-04-05T19:36:58.334064118Z,90,2024-04-05T19:37:13.42589894Z,17,2024-04-05T19:37:13.426534259Z,true,2024-04-05T19:37:13.424802749Z
01HTQW86KN40PYQQ6VD85NKCE6,01HTQVZVSGCEEEQDTYETKGV9ME,2024-04-05T19:37:28.43771669Z,01HTQW4G7RHE00GC66CE95KD67,2024-04-05T19:37:28.43771669Z,01HTQW4GNAWES9X2TS86B150N7,2024-04-05T19:37:28.43771669Z,01HTQW0BADDNPZ5J13RV1A594Z,2024-04-05T19:37:28.43771669Z,01HTQVZVS420W3S3FE4GCYXFED,2024-04-05T19:37:28.43771669Z,,,,,,
01HTQW86KTZG11ZZWNX1A83WC4,01HTQVZVSGCEEEQDTYETKGV9ME,2024-04-05T19:37:28.442100956Z,01HTQW4G7RHE00GC66CE95KD67,2024-04-05T19:37:28.442100956Z,01HTQW4GNAWES9X2TS86B150N7,2024-04-05T19:37:28.442100956Z,01HTQW0SMSYZ1RRW9T6E5BP125,2024-04-05T19:37:28.442100956Z,01HTQVZVS420W3S3FE4GCYXFED,2024-04-05T19:37:28.442100956Z,,,,,,
01HTQW86KYSNFQ5SA9KEY04WE1,01HTQVZVSGCEEEQDTYETKGV9ME,2024-04-05T19:37:28.446212506Z,01HTQW4G7RHE00GC66CE95KD67,2024-04-05T19:37:28.446212506Z,01HTQW4GNAWES9X2TS86B150N7,2024-04-05T19:37:28.446212506Z,01HTQW12NM8YRFG6TMAFMA3QHV,2024-04-05T19:37:28.446212506Z,01HTQVZVS420W3S3FE4GCYXFED,2024-04-05T19:37:28.446212506Z,,,,,,
01HTQW86M2YCY5YM5S3YNDD2Y0,01HTQVZVSGCEEEQDTYETKGV9ME,2024-04-05T19:37:28.450869003Z,01HTQW4G7RHE00GC66CE95KD67,2024-04-05T19:37:28.450869003Z,01HTQW4GNAWES9X2TS86B150N7,2024-04-05T19:37:28.450869003Z,01HTQW1CSES71AYHAD7FPSMW37,2024-04-05T19:37:28.450869003Z,01HTQVZVS420W3S3FE4GCYXFED,2024-04-05T19:37:28.450869003Z,,,,,,
01HTQW940KRJ4CZ20Y1J2W0VDC,01HTQVZVSGCEEEQDTYETKGV9ME,2024-04-05T19:37:58.547372889Z,01HTQW4G7RHE00GC66CE95KD67,2024-04-05T19:37:58.547372889Z,01HTQW4GNAWES9X2TS8S8QADFS,2024-04-05T19:37:58.547372889Z,01HTQW0BADDNPZ5J13RV1A594Z,2024-04-05T19:37:58.547372889Z,01HTQVZVS420W3S3FE4GCYXFED,2024-04-05T19:37:58.547372889Z,,,,,,
01HTQW940T7H6WY1XF3KGCPY41,01HTQVZVSGCEEEQDTYETKGV9ME,2024-04-05T19:37:58.554833943Z,01HTQW4G7RHE00GC66CE95KD67,2024-04-05T19:37:58.554833943Z,01HTQW4GNAWES9X2TS8S8QADFS,2024-04-05T19:37:58.554833943Z,01HTQW0SMSYZ1RRW9T6E5BP125,2024-04-05T19:37:58.554833943Z,01HTQVZVS420W3S3FE4GCYXFED,2024-04-05T19:37:58.554833943Z,73,2024-04-05T19:38:16.393233482Z,75,2024-04-05T19:38:16.392776889Z,true,2024-04-05T19:38:16.391851527Z
01HTQW9416WBX2HYBKF7NSEMTX,01HTQVZVSGCEEEQDTYETKGV9ME,2024-04-05T19:37:58.566709595Z,01HTQW4G7RHE00GC66CE95KD67,2024-04-05T19:37:58.566709595Z,01HTQW4GNAWES9X2TS8S8QADFS,2024-04-05T19:37:58.566709595Z,01HTQW12NM8YRFG6TMAFMA3QHV,2024-04-05T19:37:58.566709595Z,01HTQVZVS420W3S3FE4GCYXFED,2024-04-05T19:37:58.566709595Z,86,2024-04-05T19:38:12.218668752Z,22,2024-04-05T19:38:12.218010281Z,true,2024-04-05T19:38:12.276430272Z
01HTQW941DVW365696BES3V16C,01HTQVZVSGCEEEQDTYETKGV9ME,2024-04-05T19:37:58.573777669Z,01HTQW4G7RHE00GC66CE95KD67,2024-04-05T19:37:58.573777669Z,01HTQW4GNAWES9X2TS8S8QADFS,2024-04-05T19:37:58.573777669Z,01HTQW1CSES71AYHAD7FPSMW37,2024-04-05T19:37:58.573777669Z,01HTQVZVS420W3S3FE4GCYXFED,2024-04-05T19:37:58.573777669Z,28,2024-04-05T19:38:17.95892719Z,26,2024-04-05T19:38:17.959359819Z,true,2024-04-05T19:38:17.959750242Z
01HTQWA1FTK5PB78AFE9Q8Z7FC,01HTQVZVSGCEEEQDTYETKGV9ME,2024-04-05T19:38:28.730061608Z,01HTQW4G7QMCEGV4Q7YT7RYNHP,2024-04-05T19:38:28.730061608Z,01HTQW4GN80VC77TCC7WJ9ZNKN,2024-04-05T19:38:28.730061608Z,01HTQW0BADDNPZ5J13RV1A594Z,2024-04-05T19:38:28.730061608Z,01HTQVZVS420W3S3FE4GCYXFED,2024-04-05T19:38:28.730061608Z,,,,,,
01HTQWA1FZ1K7KBRG4YT0GCGF3,01HTQVZVSGCEEEQDTYETKGV9ME,2024-04-05T19:38:28.735603741Z,01HTQW4G7QMCEGV4Q7YT7RYNHP,2024-04-05T19:38:28.735603741Z,01HTQW4GN80VC77TCC7WJ9ZNKN,2024-04-05T19:38:28.735603741Z,01HTQW0SMSYZ1RRW9T6E5BP125,2024-04-05T19:38:28.735603741Z,01HTQVZVS420W3S3FE4GCYXFED,2024-04-05T19:38:28.735603741Z,,,,,,
01HTQWA1G5JSJYJ761HZYCXNE7,01HTQVZVSGCEEEQDTYETKGV9ME,2024-04-05T19:38:28.741164078Z,01HTQW4G7QMCEGV4Q7YT7RYNHP,2024-04-05T19:38:28.741164078Z,01HTQW4GN80VC77TCC7WJ9ZNKN,2024-04-05T19:38:28.741164078Z,01HTQW12NM8YRFG6TMAFMA3QHV,2024-04-05T19:38:28.741164078Z,01HTQVZVS420W3S3FE4GCYXFED,2024-04-05T19:38:28.741164078Z,,,,,,
01HTQWA1GB3E62W7M5N9KQZKRA,01HTQVZVSGCEEEQDTYETKGV9ME,2024-04-05T19:38:28.747291908Z,01HTQW4G7QMCEGV4Q7YT7RYNHP,2024-04-05T19:38:28.747291908Z,01HTQW4GN80VC77TCC7WJ9ZNKN,2024-04-05T19:38:28.747291908Z,01HTQW1CSES71AYHAD7FPSMW37,2024-04-05T19:38:28.747291908Z,01HTQVZVS420W3S3FE4GCYXFED,2024-04-05T19:38:28.747291908Z,,,,,,
01HTQWAYVF71KEHGV5FTRDFVWC,01HTQVZVSGCEEEQDTYETKGV9ME,2024-04-05T19:38:58.799603351Z,01HTQW4G7QMCEGV4Q7YT7RYNHP,2024-04-05T19:38:58.799603351Z,01HTQW4GN80VC77TCC8BAPJ9G1,2024-04-05T19:38:58.799603351Z,01HTQW0BADDNPZ5J13RV1A594Z,2024-04-05T19:38:58.799603351Z,01HTQVZVS420W3S3FE4GCYXFED,2024-04-05T19:38:58.799603351Z,,,,,,
01HTQWAYVPGFQXHSNCN766GR8P,01HTQVZVSGCEEEQDTYETKGV9ME,2024-04-05T19:38:58.806946244Z,01HTQW4G7QMCEGV4Q7YT7RYNHP,2024-04-05T19:38:58.806946244Z,01HTQW4GN80VC77TCC8BAPJ9G1,2024-04-05T19:38:58.806946244Z,01HTQW0SMSYZ1RRW9T6E5BP125,2024-04-05T19:38:58.806946244Z,01HTQVZVS420W3S3FE4GCYXFED,2024-04-05T19:38:58.806946244Z,93,2024-04-05T19:39:20.097366556Z,75,2024-04-05T19:39:20.098956247Z,true,2024-04-05T19:39:20.098390962Z
01HTQWAYVWQ09W6YCBN0C56B6H,01HTQVZVSGCEEEQDTYETKGV9ME,2024-04-05T19:38:58.812392616Z,01HTQW4G7QMCEGV4Q7YT7RYNHP,2024-04-05T19:38:58.812392616Z,01HTQW4GN80VC77TCC8BAPJ9G1,2024-04-05T19:38:58.812392616Z,01HTQW12NM8YRFG6TMAFMA3QHV,2024-04-05T19:38:58.812392616Z,01HTQVZVS420W3S3FE4GCYXFED,2024-04-05T19:38:58.812392616Z,82,2024-04-05T19:39:25.098072713Z,19,2024-04-05T19:39:25.099230339Z,true,2024-04-05T19:39:25.099660629Z
01HTQWAYW16ZBDF5HS6DV4DSP9,01HTQVZVSGCEEEQDTYETKGV9ME,2024-04-05T19:38:58.817927646Z,01HTQW4G7QMCEGV4Q7YT7RYNHP,2024-04-05T19:38:58.817927646Z,01HTQW4GN80VC77TCC8BAPJ9G1,2024-04-05T19:38:58.817927646Z,01HTQW1CSES71AYHAD7FPSMW37,2024-04-05T19:38:58.817927646Z,01HTQVZVS420W3S3FE4GCYXFED,2024-04-05T19:38:58.817927646Z,73,2024-04-05T19:39:14.183561173Z,20,2024-04-05T19:39:14.183858352Z,true,2024-04-05T19:39:14.182595345Z
01HTQWBW8ZKPH9Z7EMCKB7KNAS,01HTQVZVSGCEEEQDTYETKGV9ME,2024-04-05T19:39:28.92712208Z,01HTQW4G7V0E998K8FETAWXPX1,2024-04-05T19:39:28.92712208Z,01HTQW4GFGX0YZV809NGYXN2C3,2024-04-05T19:39:28.92712208Z,01HTQW0BADDNPZ5J13RV1A594Z,2024-04-05T19:39:28.92712208Z,01HTQVZVS420W3S3FE4GCYXFED,2024-04-05T19:39:28.92712208Z,,,,,,
01HTQWBW93EZX0FT0FZEF55Q6W,01HTQVZVSGCEEEQDTYETKGV9ME,2024-04-05T19:39:28.931982223Z,01HTQW4G7V0E998K8FETAWXPX1,2024-04-05T19:39:28.931982223Z,01HTQW4GFGX0YZV809NGYXN2C3,2024-04-05T19:39:28.931982223Z,01HTQW0SMSYZ1RRW9T6E5BP125,2024-04-05T19:39:28.931982223Z,01HTQVZVS420W3S3FE4GCYXFED,2024-04-05T19:39:28.931982223Z,,,,,,
01HTQWBW9AQWDTF6TKQXFX1PC0,01HTQVZVSGCEEEQDTYETKGV9ME,2024-04-05T19:39:28.938802104Z,01HTQW4G7V0E998K8FETAWXPX1,2024-04-05T19:39:28.938802104Z,01HTQW4GFGX0YZV809NGYXN2C3,2024-04-05T19:39:28.938802104Z,01HTQW12NM8YRFG6TMAFMA3QHV,2024-04-05T19:39:28.938802104Z,01HTQVZVS420W3S3FE4GCYXFED,2024-04-05T19:39:28.938802104Z,,,,,,
01HTQWBW9FQCAPPQWNWVQPTMDY,01HTQVZVSGCEEEQDTYETKGV9ME,2024-04-05T19:39:28.943087961Z,01HTQW4G7V0E998K8FETAWXPX1,2024-04-05T19:39:28.943087961Z,01HTQW4GFGX0YZV809NGYXN2C3,2024-04-05T19:39:28.943087961Z,01HTQW1CSES71AYHAD7FPSMW37,2024-04-05T19:39:28.943087961Z,01HTQVZVS420W3S3FE4GCYXFED,2024-04-05T19:39:28.943087961Z,,,,,,
01HTQWCSN24Y1GGJZ7484E8Q4D,01HTQVZVSGCEEEQDTYETKGV9ME,2024-04-05T19:39:59.010695857Z,01HTQW4G7V0E998K8FETAWXPX1,2024-04-05T19:39:59.010695857Z,01HTQW4GFGX0YZV809PBEZMG2R,2024-04-05T19:39:59.010695857Z,01HTQW0BADDNPZ5J13RV1A594Z,2024-04-05T19:39:59.010695857Z,01HTQVZVS420W3S3FE4GCYXFED,2024-04-05T19:39:59.010695857Z,,,,,,
01HTQWCSNBC240XHR8NCSDT543,01HTQVZVSGCEEEQDTYETKGV9ME,2024-04-05T19:39:59.020028014Z,01HTQW4G7V0E998K8FETAWXPX1,2024-04-05T19:39:59.020028014Z,01HTQW4GFGX0YZV809PBEZMG2R,2024-04-05T19:39:59.020028014Z,01HTQW0SMSYZ1RRW9T6E5BP125,2024-04-05T19:39:59.020028014Z,01HTQVZVS420W3S3FE4GCYXFED,2024-04-05T19:39:59.020028014Z,84,2024-04-05T19:40:17.486101601Z,24,2024-04-05T19:40:17.485612759Z,true,2024-04-05T19:40:17.484845542Z
01HTQWCSNK3W1C9H4NNV0HRRXH,01HTQVZVSGCEEEQDTYETKGV9ME,2024-04-05T19:39:59.027412585Z,01HTQW4G7V0E998K8FETAWXPX1,2024-04-05T19:39:59.027412585Z,01HTQW4GFGX0YZV809PBEZMG2R,2024-04-05T19:39:59.027412585Z,01HTQW12NM8YRFG6TMAFMA3QHV,2024-04-05T19:39:59.027412585Z,01HTQVZVS420W3S3FE4GCYXFED,2024-04-05T19:39:59.027412585Z,85,2024-04-05T19:40:28.787861597Z,69,2024-04-05T19:40:28.789258131Z,true,2024-04-05T19:40:28.8460942Z
01HTQWCSNVF3N7EYHY3KMV7JXK,01HTQVZVSGCEEEQDTYETKGV9ME,2024-04-05T19:39:59.035233874Z,01HTQW4G7V0E998K8FETAWXPX1,2024-04-05T19:39:59.035233874Z,01HTQW4GFGX0YZV809PBEZMG2R,2024-04-05T19:39:59.035233874Z,01HTQW1CSES71AYHAD7FPSMW37,2024-04-05T19:39:59.035233874Z,01HTQVZVS420W3S3FE4GCYXFED,2024-04-05T19:39:59.035233874Z,83,2024-04-05T19:40:21.440478159Z,26,2024-04-05T19:40:21.44169527Z,true,2024-04-05T19:40:21.441093374Z
01HTQWDQ38ME3D0BZZDX7YDHQQ,01HTQVZVSGCEEEQDTYETKGV9ME,2024-04-05T19:40:29.160462348Z,01HTQW4G7TM6NACH49BB5SHMHT,2024-04-05T19:40:29.160462348Z,01HTQW4GFKDPFFDPMFR6B68YXC,2024-04-05T19:40:29.160462348Z,01HTQW0BADDNPZ5J13RV1A594Z,2024-04-05T19:40:29.160462348Z,01HTQVZVS420W3S3FE4GCYXFED,2024-04-05T19:40:29.160462348Z,,,,,,
01HTQWDQ3DCAQV5K6P7ME3V1FV,01HTQVZVSGCEEEQDTYETKGV9ME,2024-04-05T19:40:29.165860043Z,01HTQW4G7TM6NACH49BB5SHMHT,2024-04-05T19:40:29.165860043Z,01HTQW4GFKDPFFDPMFR6B68YXC,2024-04-05T19:40:29.165860043Z,01HTQW0SMSYZ1RRW9T6E5BP125,2024-04-05T19:40:29.165860043Z,01HTQVZVS420W3S3FE4GCYXFED,2024-04-05T19:40:29.165860043Z,,,,,,
01HTQWDQ3PH19RP6PN5GJGDCJF,01HTQVZVSGCEEEQDTYETKGV9ME,2024-04-05T19:40:29.174555164Z,01HTQW4G7TM6NACH49BB5SHMHT,2024-04-05T19:40:29.174555164Z,01HTQW4GFKDPFFDPMFR6B68YXC,2024-04-05T19:40:29.174555164Z,01HTQW12NM8YRFG6TMAFMA3QHV,2024-04-05T19:40:29.174555164Z,01HTQVZVS420W3S3FE4GCYXFED,2024-04-05T19:40:29.174555164Z,,,,,,
01HTQWDQ3ZYRCQV4237AD850SP,01HTQVZVSGCEEEQDTYETKGV9ME,2024-04-05T19:40:29.183251103Z,01HTQW4G7TM6NACH49BB5SHMHT,2024-04-05T19:40:29.183251103Z,01HTQW4GFKDPFFDPMFR6B68YXC,2024-04-05T19:40:29.183251103Z,01HTQW1CSES71AYHAD7FPSMW37,2024-04-05T19:40:29.183251103Z,01HTQVZVS420W3S3FE4GCYXFED,2024-04-05T19:40:29.183251103Z,,,,,,
01HTQWEMF8H3T1RMN62HBRQ1VM,01HTQVZVSGCEEEQDTYETKGV9ME,2024-04-05T19:40:59.24011916Z,01HTQW4G7TM6NACH49BB5SHMHT,2024-04-05T19:40:59.24011916Z,01HTQW4GFKDPFFDPMFRY4SDET0,2024-04-05T19:40:59.24011916Z,01HTQW0BADDNPZ5J13RV1A594Z,2024-04-05T19:40:59.24011916Z,01HTQVZVS420W3S3FE4GCYXFED,2024-04-05T19:40:59.24011916Z,,,,,,
01HTQWEMFDVR7Q9W89Q09Q1ED8,01HTQVZVSGCEEEQDTYETKGV9ME,2024-04-05T19:40:59.245160149Z,01HTQW4G7TM6NACH49BB5SHMHT,2024-04-05T19:40:59.245160149Z,01HTQW4GFKDPFFDPMFRY4SDET0,2024-04-05T19:40:59.245160149Z,01HTQW0SMSYZ1RRW9T6E5BP125,2024-04-05T19:40:59.245160149Z,01HTQVZVS420W3S3FE4GCYXFED,2024-04-05T19:40:59.245160149Z,81,2024-04-05T19:41:27.977800244Z,19,2024-04-05T19:41:27.977420346Z,true,2024-04-05T19:41:27.976451982Z
01HTQWEMFH4K583R24CGSF76XJ,01HTQVZVSGCEEEQDTYETKGV9ME,2024-04-05T19:40:59.249861187Z,01HTQW4G7TM6NACH49BB5SHMHT,2024-04-05T19:40:59.249861187Z,01HTQW4GFKDPFFDPMFRY4SDET0,2024-04-05T19:40:59.249861187Z,01HTQW12NM8YRFG6TMAFMA3QHV,2024-04-05T19:40:59.249861187Z,01HTQVZVS420W3S3FE4GCYXFED,2024-04-05T19:40:59.249861187Z,80,2024-04-05T19:41:20.965480269Z,73,2024-04-05T19:41:20.965007461Z,true,2024-04-05T19:41:20.966021965Z
01HTQWEMFPENZVEGA2VX5TT2F8,01HTQVZVSGCEEEQDTYETKGV9ME,2024-04-05T19:40:59.254743036Z,01HTQW4G7TM6NACH49BB5SHMHT,2024-04-05T19:40:59.254743036Z,01HTQW4GFKDPFFDPMFRY4SDET0,2024-04-05T19:40:59.254743036Z,01HTQW1CSES71AYHAD7FPSMW37,2024-04-05T19:40:59.254743036Z,01HTQVZVS420W3S3FE4GCYXFED,2024-04-05T19:40:59.254743036Z,82,2024-04-05T19:41:15.343797271Z,74,2024-04-05T19:41:15.343308887Z,true,2024-04-05T19:41:15.342539938Z
01HTQWFHWFP7Y9SYHMQC4ZXQQV,01HTQVZVSGCEEEQDTYETKGV9ME,2024-04-05T19:41:29.359429328Z,01HTQW4G7TM6NACH49A7NXY9NB,2024-04-05T19:41:29.359429328Z,01HTQW4GFVE7FH6Z3HSGPYEW7V,2024-04-05T19:41:29.359429328Z,01HTQW0BADDNPZ5J13RV1A594Z,2024-04-05T19:41:29.359429328Z,01HTQVZVS420W3S3FE4GCYXFED,2024-04-05T19:41:29.359429328Z,,,,,,
01HTQWFHWMM6FCGXP8STD4TCAB,01HTQVZVSGCEEEQDTYETKGV9ME,2024-04-05T19:41:29.364645924Z,01HTQW4G7TM6NACH49A7NXY9NB,2024-04-05T19:41:29.364645924Z,01HTQW4GFVE7FH6Z3HSGPYEW7V,2024-04-05T19:41:29.364645924Z,01HTQW0SMSYZ1RRW9T6E5BP125,2024-04-05T19:41:29.364645924Z,01HTQVZVS420W3S3FE4GCYXFED,2024-04-05T19:41:29.364645924Z,,,,,,
01HTQWFHWSSGDFNG71JZ89MD4P,01HTQVZVSGCEEEQDTYETKGV9ME,2024-04-05T19:41:29.369057058Z,01HTQW4G7TM6NACH49A7NXY9NB,2024-04-05T19:41:29.369057058Z,01HTQW4GFVE7FH6Z3HSGPYEW7V,2024-04-05T19:41:29.369057058Z,01HTQW12NM8YRFG6TMAFMA3QHV,2024-04-05T19:41:29.369057058Z,01HTQVZVS420W3S3FE4GCYXFED,2024-04-05T19:41:29.369057058Z,,,,,,
01HTQWFHWYH5PYQ4ESN69XZTSS,01HTQVZVSGCEEEQDTYETKGV9ME,2024-04-05T19:41:29.374185549Z,01HTQW4G7TM6NACH49A7NXY9NB,2024-04-05T19:41:29.374185549Z,01HTQW4GFVE7FH6Z3HSGPYEW7V,2024-04-05T19:41:29.374185549Z,01HTQW1CSES71AYHAD7FPSMW37,2024-04-05T19:41:29.374185549Z,01HTQVZVS420W3S3FE4GCYXFED,2024-04-05T19:41:29.374185549Z,,,,,,
01HTQWGF7WDY4VJN1SVJ32BY60,01HTQVZVSGCEEEQDTYETKGV9ME,2024-04-05T19:41:59.420106766Z,01HTQW4G7TM6NACH49A7NXY9NB,2024-04-05T19:41:59.420106766Z,01HTQW4GFVE7FH6Z3HSY8CF6CA,2024-04-05T19:41:59.420106766Z,01HTQW0BADDNPZ5J13RV1A594Z,2024-04-05T19:41:59.420106766Z,01HTQVZVS420W3S3FE4GCYXFED,2024-04-05T19:41:59.420106766Z,,,,,,
01HTQWGF80ZVKTAXHCSEJBA1M4,01HTQVZVSGCEEEQDTYETKGV9ME,2024-04-05T19:41:59.425546631Z,01HTQW4G7TM6NACH49A7NXY9NB,2024-04-05T19:41:59.425546631Z,01HTQW4GFVE7FH6Z3HSY8CF6CA,2024-04-05T19:41:59.425546631Z,01HTQW0SMSYZ1RRW9T6E5BP125,2024-04-05T19:41:59.425546631Z,01HTQVZVS420W3S3FE4GCYXFED,2024-04-05T19:41:59.425546631Z,88,2024-04-05T19:42:16.50268879Z,27,2024-04-05T19:42:16.503076981Z,true,2024-04-05T19:42:16.50166774Z
01HTQWGF882K946DAY16G9GS0E,01HTQVZVSGCEEEQDTYETKGV9ME,2024-04-05T19:41:59.432938685Z,01HTQW4G7TM6NACH49A7NXY9NB,2024-04-05T19:41:59.432938685Z,01HTQW4GFVE7FH6Z3HSY8CF6CA,2024-04-05T19:41:59.432938685Z,01HTQW12NM8YRFG6TMAFMA3QHV,2024-04-05T19:41:59.432938685Z,01HTQVZVS420W3S3FE4GCYXFED,2024-04-05T19:41:59.432938685Z,80,2024-04-05T19:42:26.875142327Z,74,2024-04-05T19:42:26.876146724Z,true,2024-04-05T19:42:26.876724093Z
01HTQWGF8DW6DGNJ77VPBY2CR8,01HTQVZVSGCEEEQDTYETKGV9ME,2024-04-05T19:41:59.437673733Z,01HTQW4G7TM6NACH49A7NXY9NB,2024-04-05T19:41:59.437673733Z,01HTQW4GFVE7FH6Z3HSY8CF6CA,2024-04-05T19:41:59.437673733Z,01HTQW1CSES71AYHAD7FPSMW37,2024-04-05T19:41:59.437673733Z,01HTQVZVS420W3S3FE4GCYXFED,2024-04-05T19:41:59.437673733Z,81,2024-04-05T19:42:20.232581778Z,22,2024-04-05T19:42:20.233033202Z,true,2024-04-05T19:42:20.231535198Z
01HTQWHCN962D831MA4TRRR7RR,01HTQVZVSGCEEEQDTYETKGV9ME,2024-04-05T19:42:29.545056309Z,01HTQW4G7SC2AAZN63XEF49P2D,2024-04-05T19:42:29.545056309Z,01HTQW4GEZZ4CY85RQY7Y9PAXP,2024-04-05T19:42:29.545056309Z,01HTQW0BADDNPZ5J13RV1A594Z,2024-04-05T19:42:29.545056309Z,01HTQVZVS420W3S3FE4GCYXFED,2024-04-05T19:42:29.545056309Z,,,,,,
01HTQWHCNEBAPZYYX7T4CE2TVW,01HTQVZVSGCEEEQDTYETKGV9ME,2024-04-05T19:42:29.550126564Z,01HTQW4G7SC2AAZN63XEF49P2D,2024-04-05T19:42:29.550126564Z,01HTQW4GEZZ4CY85RQY7Y9PAXP,2024-04-05T19:42:29.550126564Z,01HTQW0SMSYZ1RRW9T6E5BP125,2024-04-05T19:42:29.550126564Z,01HTQVZVS420W3S3FE4GCYXFED,2024-04-05T19:42:29.550126564Z,,,,,,
01HTQWHCNKBHQF0BMG5JK61H4G,01HTQVZVSGCEEEQDTYETKGV9ME,2024-04-05T19:42:29.555750983Z,01HTQW4G7SC2AAZN63XEF49P2D,2024-04-05T19:42:29.555750983Z,01HTQW4GEZZ4CY85RQY7Y9PAXP,2024-04-05T19:42:29.555750983Z,01HTQW12NM8YRFG6TMAFMA3QHV,2024-04-05T19:42:29.555750983Z,01HTQVZVS420W3S3FE4GCYXFED,2024-04-05T19:42:29.555750983Z,,,,,,
01HTQWHCNQ31H1EEDKYDY3EZ4F,01HTQVZVSGCEEEQDTYETKGV9ME,2024-04-05T19:42:29.559838664Z,01HTQW4G7SC2AAZN63XEF49P2D,2024-04-05T19:42:29.559838664Z,01HTQW4GEZZ4CY85RQY7Y9PAXP,2024-04-05T19:42:29.559838664Z,01HTQW1CSES71AYHAD7FPSMW37,2024-04-05T19:42:29.559838664Z,01HTQVZVS420W3S3FE4GCYXFED,2024-04-05T19:42:29.559838664Z,,,,,,
01HTQWJA0TG7D6T04GE91JN65Q,01HTQVZVSGCEEEQDTYETKGV9ME,2024-04-05T19:42:59.610213414Z,01HTQW4G7SC2AAZN63XEF49P2D,2024-04-05T19:42:59.610213414Z,01HTQW4GEZZ4CY85RQZ0Z31WCC,2024-04-05T19:42:59.610213414Z,01HTQW0BADDNPZ5J13RV1A594Z,2024-04-05T19:42:59.610213414Z,01HTQVZVS420W3S3FE4GCYXFED,2024-04-05T19:42:59.610213414Z,,,,,,
01HTQWJA0Z6C7VSEG1MZXTPA9S,01HTQVZVSGCEEEQDTYETKGV9ME,2024-04-05T19:42:59.615324525Z,01HTQW4G7SC2AAZN63XEF49P2D,2024-04-05T19:42:59.615324525Z,01HTQW4GEZZ4CY85RQZ0Z31WCC,2024-04-05T19:42:59.615324525Z,01HTQW0SMSYZ1RRW9T6E5BP125,2024-04-05T19:42:59.615324525Z,01HTQVZVS420W3S3FE4GCYXFED,2024-04-05T19:42:59.615324525Z,78,2024-04-05T19:43:29.072087269Z,34,2024-04-05T19:43:29.072430962Z,true,2024-04-05T19:43:29.070995968Z
01HTQWJA13WABQQ0Y3SZMK6FNB,01HTQVZVSGCEEEQDTYETKGV9ME,2024-04-05T19:42:59.619545049Z,01HTQW4G7SC2AAZN63XEF49P2D,2024-04-05T19:42:59.619545049Z,01HTQW4GEZZ4CY85RQZ0Z31WCC,2024-04-05T19:42:59.619545049Z,01HTQW12NM8YRFG6TMAFMA3QHV,2024-04-05T19:42:59.619545049Z,01HTQVZVS420W3S3FE4GCYXFED,2024-04-05T19:42:59.619545049Z,73,2024-04-05T19:43:19.865086493Z,12,2024-04-05T19:43:19.865516766Z,true,2024-04-05T19:43:19.921584342Z
01HTQWJA18HRZ0N3G58SSQD005,01HTQVZVSGCEEEQDTYETKGV9ME,2024-04-05T19:42:59.624317618Z,01HTQW4G7SC2AAZN63XEF49P2D,2024-04-05T19:42:59.624317618Z,01HTQW4GEZZ4CY85RQZ0Z31WCC,2024-04-05T19:42:59.624317618Z,01HTQW1CSES71AYHAD7FPSMW37,2024-04-05T19:42:59.624317618Z,01HTQVZVS420W3S3FE4GCYXFED,2024-04-05T19:42:59.624317618Z,69,2024-04-05T19:43:11.850873647Z,71,2024-04-05T19:43:11.851377654Z,true,2024-04-05T19:43:11.849688386Z
01HTQWK7E4J6H0NAE1E3JRTTA5,01HTQVZVSGCEEEQDTYETKGV9ME,2024-04-05T19:43:29.732273242Z,01HTQW4G7RHE00GC66D0135YWB,2024-04-05T19:43:29.732273242Z,01HTQW4GFAMKVA7BDFDJZ0EZVZ,2024-04-05T19:43:29.732273242Z,01HTQW0BADDNPZ5J13RV1A594Z,2024-04-05T19:43:29.732273242Z,01HTQVZVS420W3S3FE4GCYXFED,2024-04-05T19:43:29.732273242Z,,,,,,
01HTQWK7E80NDWDV8DVFQAYMQY,01HTQVZVSGCEEEQDTYETKGV9ME,2024-04-05T19:43:29.736474193Z,01HTQW4G7RHE00GC66D0135YWB,2024-04-05T19:43:29.736474193Z,01HTQW4GFAMKVA7BDFDJZ0EZVZ,2024-04-05T19:43:29.736474193Z,01HTQW0SMSYZ1RRW9T6E5BP125,2024-04-05T19:43:29.736474193Z,01HTQVZVS420W3S3FE4GCYXFED,2024-04-05T19:43:29.736474193Z,,,,,,
01HTQWK7ECZXMHMSW3NG44SJY9,01HTQVZVSGCEEEQDTYETKGV9ME,2024-04-05T19:43:29.740717695Z,01HTQW4G7RHE00GC66D0135YWB,2024-04-05T19:43:29.740717695Z,01HTQW4GFAMKVA7BDFDJZ0EZVZ,2024-04-05T19:43:29.740717695Z,01HTQW12NM8YRFG6TMAFMA3QHV,2024-04-05T19:43:29.740717695Z,01HTQVZVS420W3S3FE4GCYXFED,2024-04-05T19:43:29.740717695Z,,,,,,
01HTQWK7EGD8TR3S5C9M478RWE,01HTQVZVSGCEEEQDTYETKGV9ME,2024-04-05T19:43:29.744873735Z,01HTQW4G7RHE00GC66D0135YWB,2024-04-05T19:43:29.744873735Z,01HTQW4GFAMKVA7BDFDJZ0EZVZ,2024-04-05T19:43:29.744873735Z,01HTQW1CSES71AYHAD7FPSMW37,2024-04-05T19:43:29.744873735Z,01HTQVZVS420W3S3FE4GCYXFED,2024-04-05T19:43:29.744873735Z,,,,,,
01HTQWM4SQ94E92B5HK8ZA758B,01HTQVZVSGCEEEQDTYETKGV9ME,2024-04-05T19:43:59.799587298Z,01HTQW4G7RHE00GC66D0135YWB,2024-04-05T19:43:59.799587298Z,01HTQW4GFBKDDH0VEGN173NNV4,2024-04-05T19:43:59.799587298Z,01HTQW0BADDNPZ5J13RV1A594Z,2024-04-05T19:43:59.799587298Z,01HTQVZVS420W3S3FE4GCYXFED,2024-04-05T19:43:59.799587298Z,,,,,,
01HTQWM4SX8F4V2MHH26XG06A7,01HTQVZVSGCEEEQDTYETKGV9ME,2024-04-05T19:43:59.805759354Z,01HTQW4G7RHE00GC66D0135YWB,2024-04-05T19:43:59.805759354Z,01HTQW4GFBKDDH0VEGN173NNV4,2024-04-05T19:43:59.805759354Z,01HTQW0SMSYZ1RRW9T6E5BP125,2024-04-05T19:43:59.805759354Z,01HTQVZVS420W3S3FE4GCYXFED,2024-04-05T19:43:59.805759354Z,,,,,,
01HTQWM4T2CHPWYP5XQ9JGN9B6,01HTQVZVSGCEEEQDTYETKGV9ME,2024-04-05T19:43:59.810489192Z,01HTQW4G7RHE00GC66D0135YWB,2024-04-05T19:43:59.810489192Z,01HTQW4GFBKDDH0VEGN173NNV4,2024-04-05T19:43:59.810489192Z,01HTQW12NM8YRFG6TMAFMA3QHV,2024-04-05T19:43:59.810489192Z,01HTQVZVS420W3S3FE4GCYXFED,2024-04-05T19:43:59.810489192Z,,,,,,
01HTQWM4T7X20WW1DF8070AQQN,01HTQVZVSGCEEEQDTYETKGV9ME,2024-04-05T19:43:59.815506523Z,01HTQW4G7RHE00GC66D0135YWB,2024-04-05T19:43:59.815506523Z,01HTQW4GFBKDDH0VEGN173NNV4,2024-04-05T19:43:59.815506523Z,01HTQW1CSES71AYHAD7FPSMW37,2024-04-05T19:43:59.815506523Z,01HTQVZVS420W3S3FE4GCYXFED,2024-04-05T19:43:59.815506523Z,,,,,,
01HTQWN27BV2F5627JKN8GWS54,01HTQVZVSGCEEEQDTYETKGV9ME,2024-04-05T19:44:29.931841599Z,01HTQW4G7V0E998K8FE90GER09,2024-04-05T19:44:29.931841599Z,01HTQW4GFBKDDH0VEGNK93RZY2,2024-04-05T19:44:29.931841599Z,01HTQW0BADDNPZ5J13RV1A594Z,2024-04-05T19:44:29.931841599Z,01HTQVZVS420W3S3FE4GCYXFED,2024-04-05T19:44:29.931841599Z,,,,,,
01HTQWN27GKVATH52PVGV3D1Q4,01HTQVZVSGCEEEQDTYETKGV9ME,2024-04-05T19:44:29.936807416Z,01HTQW4G7V0E998K8FE90GER09,2024-04-05T19:44:29.936807416Z,01HTQW4GFBKDDH0VEGNK93RZY2,2024-04-05T19:44:29.936807416Z,01HTQW0SMSYZ1RRW9T6E5BP125,2024-04-05T19:44:29.936807416Z,01HTQVZVS420W3S3FE4GCYXFED,2024-04-05T19:44:29.936807416Z,,,,,,
01HTQWN27NHHR130BNATEG3R1V,01HTQVZVSGCEEEQDTYETKGV9ME,2024-04-05T19:44:29.941125964Z,01HTQW4G7V0E998K8FE90GER09,2024-04-05T19:44:29.941125964Z,01HTQW4GFBKDDH0VEGNK93RZY2,2024-04-05T19:44:29.941125964Z,01HTQW12NM8YRFG6TMAFMA3QHV,2024-04-05T19:44:29.941125964Z,01HTQVZVS420W3S3FE4GCYXFED,2024-04-05T19:44:29.941125964Z,,,,,,
01HTQWN27TFQJNJJ8T5F809RD2,01HTQVZVSGCEEEQDTYETKGV9ME,2024-04-05T19:44:29.946216971Z,01HTQW4G7V0E998K8FE90GER09,2024-04-05T19:44:29.946216971Z,01HTQW4GFBKDDH0VEGNK93RZY2,2024-04-05T19:44:29.946216971Z,01HTQW1CSES71AYHAD7FPSMW37,2024-04-05T19:44:29.946216971Z,01HTQVZVS420W3S3FE4GCYXFED,2024-04-05T19:44:29.946216971Z,,,,,,
01HTQWNZJQWZSGZWA7CQ8B1794,01HTQVZVSGCEEEQDTYETKGV9ME,2024-04-05T19:44:59.991735487Z,01HTQW4G7V0E998K8FE90GER09,2024-04-05T19:44:59.991735487Z,01HTQW4GFCM0P25BW5EHVZ3A4G,2024-04-05T19:44:59.991735487Z,01HTQW0BADDNPZ5J13RV1A594Z,2024-04-05T19:44:59.991735487Z,01HTQVZVS420W3S3FE4GCYXFED,2024-04-05T19:44:59.991735487Z,,,,,,
01HTQWNZJV3FVP5S4VK5SH76GX,01HTQVZVSGCEEEQDTYETKGV9ME,2024-04-05T19:44:59.995649384Z,01HTQW4G7V0E998K8FE90GER09,2024-04-05T19:44:59.995649384Z,01HTQW4GFCM0P25BW5EHVZ3A4G,2024-04-05T19:44:59.995649384Z,01HTQW0SMSYZ1RRW9T6E5BP125,2024-04-05T19:44:59.995649384Z,01HTQVZVS420W3S3FE4GCYXFED,2024-04-05T19:44:59.995649384Z,,,,,,
01HTQWNZK1AHN09NS1716K2DEJ,01HTQVZVSGCEEEQDTYETKGV9ME,2024-04-05T19:45:00.001215695Z,01HTQW4G7V0E998K8FE90GER09,2024-04-05T19:45:00.001215695Z,01HTQW4GFCM0P25BW5EHVZ3A4G,2024-04-05T19:45:00.001215695Z,01HTQW12NM8YRFG6TMAFMA3QHV,2024-04-05T19:45:00.001215695Z,01HTQVZVS420W3S3FE4GCYXFED,2024-04-05T19:45:00.001215695Z,,,,,,
01HTQWNZK6TN2BJ17WSXBN056E,01HTQVZVSGCEEEQDTYETKGV9ME,2024-04-05T19:45:00.006409194Z,01HTQW4G7V0E998K8FE90GER09,2024-04-05T19:45:00.006409194Z,01HTQW4GFCM0P25BW5EHVZ3A4G,2024-04-05T19:45:00.006409194Z,01HTQW1CSES71AYHAD7FPSMW37,2024-04-05T19:45:00.006409194Z,01HTQVZVS420W3S3FE4GCYXFED,2024-04-05T19:45:00.006409194Z,,,,,,
01HTQWPX0WW9AWZ7HKKCVN1246,01HTQVZVSGCEEEQDTYETKGV9ME,2024-04-05T19:45:30.140200986Z,01HTQW4G7TM6NACH49APH2DNJE,2024-04-05T19:45:30.140200986Z,01HTQW4GFEREVTNGJR424T5HFZ,2024-04-05T19:45:30.140200986Z,01HTQW0BADDNPZ5J13RV1A594Z,2024-04-05T19:45:30.140200986Z,01HTQVZVS420W3S3FE4GCYXFED,2024-04-05T19:45:30.140200986Z,,,,,,
01HTQWPX121GGN8N9X9ASSRCJS,01HTQVZVSGCEEEQDTYETKGV9ME,2024-04-05T19:45:30.146882912Z,01HTQW4G7TM6NACH49APH2DNJE,2024-04-05T19:45:30.146882912Z,01HTQW4GFEREVTNGJR424T5HFZ,2024-04-05T19:45:30.146882912Z,01HTQW0SMSYZ1RRW9T6E5BP125,2024-04-05T19:45:30.146882912Z,01HTQVZVS420W3S3FE4GCYXFED,2024-04-05T19:45:30.146882912Z,,,,,,
01HTQWPX183486175QNSBV9P6Y,01HTQVZVSGCEEEQDTYETKGV9ME,2024-04-05T19:45:30.152241487Z,01HTQW4G7TM6NACH49APH2DNJE,2024-04-05T19:45:30.152241487Z,01HTQW4GFEREVTNGJR424T5HFZ,2024-04-05T19:45:30.152241487Z,01HTQW12NM8YRFG6TMAFMA3QHV,2024-04-05T19:45:30.152241487Z,01HTQVZVS420W3S3FE4GCYXFED,2024-04-05T19:45:30.152241487Z,,,,,,
01HTQWPX1F5ABZCW373D499H1X,01HTQVZVSGCEEEQDTYETKGV9ME,2024-04-05T19:45:30.159323948Z,01HTQW4G7TM6NACH49APH2DNJE,2024-04-05T19:45:30.159323948Z,01HTQW4GFEREVTNGJR424T5HFZ,2024-04-05T19:45:30.159323948Z,01HTQW1CSES71AYHAD7FPSMW37,2024-04-05T19:45:30.159323948Z,01HTQVZVS420W3S3FE4GCYXFED,2024-04-05T19:45:30.159323948Z,,,,,,
01HTQWQTCQCPSHEM757KM0TAD4,01HTQVZVSGCEEEQDTYETKGV9ME,2024-04-05T19:46:00.215226747Z,01HTQW4G7TM6NACH49APH2DNJE,2024-04-05T19:46:00.215226747Z,01HTQW4GFFFNHYCKE0DQJDXXW6,2024-04-05T19:46:00.215226747Z,01HTQW0BADDNPZ5J13RV1A594Z,2024-04-05T19:46:00.215226747Z,01HTQVZVS420W3S3FE4GCYXFED,2024-04-05T19:46:00.215226747Z,,,,,,
01HTQWQTCV3EVMAPJANWFECVBH,01HTQVZVSGCEEEQDTYETKGV9ME,2024-04-05T19:46:00.219991005Z,01HTQW4G7TM6NACH49APH2DNJE,2024-04-05T19:46:00.219991005Z,01HTQW4GFFFNHYCKE0DQJDXXW6,2024-04-05T19:46:00.219991005Z,01HTQW0SMSYZ1RRW9T6E5BP125,2024-04-05T19:46:00.219991005Z,01HTQVZVS420W3S3FE4GCYXFED,2024-04-05T19:46:00.219991005Z,,,,,,
01HTQWQTD03175D8BYQ6RJE2NM,01HTQVZVSGCEEEQDTYETKGV9ME,2024-04-05T19:46:00.224641199Z,01HTQW4G7TM6NACH49APH2DNJE,2024-04-05T19:46:00.224641199Z,01HTQW4GFFFNHYCKE0DQJDXXW6,2024-04-05T19:46:00.224641199Z,01HTQW12NM8YRFG6TMAFMA3QHV,2024-04-05T19:46:00.224641199Z,01HTQVZVS420W3S3FE4GCYXFED,2024-04-05T19:46:00.224641199Z,,,,,,
01HTQWQTD5DM8B2WVMHC2293VP,01HTQVZVSGCEEEQDTYETKGV9ME,2024-04-05T19:46:00.229801343Z,01HTQW4G7TM6NACH49APH2DNJE,2024-04-05T19:46:00.229801343Z,01HTQW4GFFFNHYCKE0DQJDXXW6,2024-04-05T19:46:00.229801343Z,01HTQW1CSES71AYHAD7FPSMW37,2024-04-05T19:46:00.229801343Z,01HTQVZVS420W3S3FE4GCYXFED,2024-04-05T19:46:00.229801343Z,,,,,,
01HTQWRQSZNG4WD4X4FQZE8EZR,01HTQVZVSGCEEEQDTYETKGV9ME,2024-04-05T19:46:30.335718591Z,01HTQW4G7XWF7R2KSWZMMB38PG,2024-04-05T19:46:30.335718591Z,01HTQW4GFRQ593G9T6V9SMV8ZR,2024-04-05T19:46:30.335718591Z,01HTQW0BADDNPZ5J13RV1A594Z,2024-04-05T19:46:30.335718591Z,01HTQVZVS420W3S3FE4GCYXFED,2024-04-05T19:46:30.335718591Z,,,,,,
01HTQWRQT5JNH22FK2FSNTB9W4,01HTQVZVSGCEEEQDTYETKGV9ME,2024-04-05T19:46:30.341072825Z,01HTQW4G7XWF7R2KSWZMMB38PG,2024-04-05T19:46:30.341072825Z,01HTQW4GFRQ593G9T6V9SMV8ZR,2024-04-05T19:46:30.341072825Z,01HTQW0SMSYZ1RRW9T6E5BP125,2024-04-05T19:46:30.341072825Z,01HTQVZVS420W3S3FE4GCYXFED,2024-04-05T19:46:30.341072825Z,,,,,,
01HTQWRQT8G3FRET277G4VMDNV,01HTQVZVSGCEEEQDTYETKGV9ME,2024-04-05T19:46:30.345020634Z,01HTQW4G7XWF7R2KSWZMMB38PG,2024-04-05T19:46:30.345020634Z,01HTQW4GFRQ593G9T6V9SMV8ZR,2024-04-05T19:46:30.345020634Z,01HTQW12NM8YRFG6TMAFMA3QHV,2024-04-05T19:46:30.345020634Z,01HTQVZVS420W3S3FE4GCYXFED,2024-04-05T19:46:30.345020634Z,,,,,,
01HTQWRQTD5CZSQAFRN18SH6HJ,01HTQVZVSGCEEEQDTYETKGV9ME,2024-04-05T19:46:30.349686186Z,01HTQW4G7XWF7R2KSWZMMB38PG,2024-04-05T19:46:30.349686186Z,01HTQW4GFRQ593G9T6V9SMV8ZR,2024-04-05T19:46:30.349686186Z,01HTQW1CSES71AYHAD7FPSMW37,2024-04-05T19:46:30.349686186Z,01HTQVZVS420W3S3FE4GCYXFED,2024-04-05T19:46:30.349686186Z,,,,,,
01HTQWSN5DB91KGJ7MD7T4BAJ0,01HTQVZVSGCEEEQDTYETKGV9ME,2024-04-05T19:47:00.397530033Z,01HTQW4G7XWF7R2KSWZMMB38PG,2024-04-05T19:47:00.397530033Z,01HTQW4GFRQ593G9T6VSBHJM1F,2024-04-05T19:47:00.397530033Z,01HTQW0BADDNPZ5J13RV1A594Z,2024-04-05T19:47:00.397530033Z,01HTQVZVS420W3S3FE4GCYXFED,2024-04-05T19:47:00.397530033Z,,,,,,
01HTQWSN5HYRJEB4MC409CDC71,01HTQVZVSGCEEEQDTYETKGV9ME,2024-04-05T19:47:00.401697468Z,01HTQW4G7XWF7R2KSWZMMB38PG,2024-04-05T19:47:00.401697468Z,01HTQW4GFRQ593G9T6VSBHJM1F,2024-04-05T19:47:00.401697468Z,01HTQW0SMSYZ1RRW9T6E5BP125,2024-04-05T19:47:00.401697468Z,01HTQVZVS420W3S3FE4GCYXFED,2024-04-05T19:47:00.401697468Z,,,,,,
01HTQWSN5QXBJA6M0Z45RQMCCZ,01HTQVZVSGCEEEQDTYETKGV9ME,2024-04-05T19:47:00.407338392Z,01HTQW4G7XWF7R2KSWZMMB38PG,2024-04-05T19:47:00.407338392Z,01HTQW4GFRQ593G9T6VSBHJM1F,2024-04-05T19:47:00.407338392Z,01HTQW12NM8YRFG6TMAFMA3QHV,2024-04-05T19:47:00.407338392Z,01HTQVZVS420W3S3FE4GCYXFED,2024-04-05T19:47:00.407338392Z,,,,,,
01HTQWSN5ZKA9WR6ZK2TDG8NRQ,01HTQVZVSGCEEEQDTYETKGV9ME,2024-04-05T19:47:00.415518608Z,01HTQW4G7XWF7R2KSWZMMB38PG,2024-04-05T19:47:00.415518608Z,01HTQW4GFRQ593G9T6VSBHJM1F,2024-04-05T19:47:00.415518608Z,01HTQW1CSES71AYHAD7FPSMW37,2024-04-05T19:47:00.415518608Z,01HTQVZVS420W3S3FE4GCYXFED,2024-04-05T19:47:00.415518608Z,,,,,,
