﻿id,batchID,batchIDLastChangedAt,gameID,gameIDLastChangedAt,playerID,playerIDLastChangedAt
01HTQW4G5G5B9RGGNVHH6ZNXM2,01HTQVZVS420W3S3FE4GCYXFED,2024-04-05T19:35:27.152404333Z,01HTQVZVSGCEEEQDTYETKGV9ME,2024-04-05T19:35:27.152404333Z,01HTQW0BADDNPZ5J13RV1A594Z,2024-04-05T19:35:27.152404333Z
01HTQW4G5P2H3FTS3FPV65FPSB,01HTQVZVS420W3S3FE4GCYXFED,2024-04-05T19:35:27.158278014Z,01HTQVZVSGCEEEQDTYETKGV9ME,2024-04-05T19:35:27.158278014Z,01HTQW0SMSYZ1RRW9T6E5BP125,2024-04-05T19:35:27.158278014Z
01HTQW4G5VXVRGJYABVKKVJ12P,01HTQVZVS420W3S3FE4GCYXFED,2024-04-05T19:35:27.163636965Z,01HTQVZVSGCEEEQDTYETKGV9ME,2024-04-05T19:35:27.163636965Z,01HTQW12NM8YRFG6TMAFMA3QHV,2024-04-05T19:35:27.163636965Z
01HTQW4G606J4XN7B2GH1ESDEJ,01HTQVZVS420W3S3FE4GCYXFED,2024-04-05T19:35:27.168847122Z,01HTQVZVSGCEEEQDTYETKGV9ME,2024-04-05T19:35:27.168847122Z,01HTQW1CSES71AYHAD7FPSMW37,2024-04-05T19:35:27.168847122Z
