﻿id,batchID,batchIDLastChangedAt,gameID,gameIDLastChangedAt,roundID,roundIDLastChangedAt,playerID,playerIDLastChangedAt
01HTQW4H01XP2J21A04WZV1VSC,01HTQVZVS420W3S3FE4GCYXFED,2024-04-05T19:35:28.001503593Z,01HTQVZVSGCEEEQDTYETKGV9ME,2024-04-05T19:35:28.001503593Z,01HTQW4G7NYCY6WHV35TXQ17M6,2024-04-05T19:35:28.001503593Z,01HTQW0BADDNPZ5J13RV1A594Z,2024-04-05T19:35:28.001503593Z
01HTQW4H0AZPF5CJ97YJ95NYX7,01HTQVZVS420W3S3FE4GCYXFED,2024-04-05T19:35:28.010810921Z,01HTQVZVSGCEEEQDTYETKGV9ME,2024-04-05T19:35:28.010810921Z,01HTQW4G7NYCY6WHV35TXQ17M6,2024-04-05T19:35:28.010810921Z,01HTQW0SMSYZ1RRW9T6E5BP125,2024-04-05T19:35:28.010810921Z
01HTQW4H0GVQRPS96C3CZJW9ZV,01HTQVZVS420W3S3FE4GCYXFED,2024-04-05T19:35:28.016803859Z,01HTQVZVSGCEEEQDTYETKGV9ME,2024-04-05T19:35:28.016803859Z,01HTQW4G7NYCY6WHV35TXQ17M6,2024-04-05T19:35:28.016803859Z,01HTQW12NM8YRFG6TMAFMA3QHV,2024-04-05T19:35:28.016803859Z
01HTQW4H0N5XAP0F04FW3ME7ZE,01HTQVZVS420W3S3FE4GCYXFED,2024-04-05T19:35:28.022014766Z,01HTQVZVSGCEEEQDTYETKGV9ME,2024-04-05T19:35:28.022014766Z,01HTQW4G7NYCY6WHV35TXQ17M6,2024-04-05T19:35:28.022014766Z,01HTQW1CSES71AYHAD7FPSMW37,2024-04-05T19:35:28.022014766Z
01HTQW6BS7G7BDE7JN7RWPNSN6,01HTQVZVS420W3S3FE4GCYXFED,2024-04-05T19:36:28.199188122Z,01HTQVZVSGCEEEQDTYETKGV9ME,2024-04-05T19:36:28.199188122Z,01HTQW4G7QMCEGV4Q7Y6H857P8,2024-04-05T19:36:28.199188122Z,01HTQW0BADDNPZ5J13RV1A594Z,2024-04-05T19:36:28.199188122Z
01HTQW6BSBSP171C1P6N533A35,01HTQVZVS420W3S3FE4GCYXFED,2024-04-05T19:36:28.203397913Z,01HTQVZVSGCEEEQDTYETKGV9ME,2024-04-05T19:36:28.203397913Z,01HTQW4G7QMCEGV4Q7Y6H857P8,2024-04-05T19:36:28.203397913Z,01HTQW0SMSYZ1RRW9T6E5BP125,2024-04-05T19:36:28.203397913Z
01HTQW6BSFGW6WDF183SZK9VKJ,01HTQVZVS420W3S3FE4GCYXFED,2024-04-05T19:36:28.207805265Z,01HTQVZVSGCEEEQDTYETKGV9ME,2024-04-05T19:36:28.207805265Z,01HTQW4G7QMCEGV4Q7Y6H857P8,2024-04-05T19:36:28.207805265Z,01HTQW12NM8YRFG6TMAFMA3QHV,2024-04-05T19:36:28.207805265Z
01HTQW6BSM12MSA9J26Y2QRJJE,01HTQVZVS420W3S3FE4GCYXFED,2024-04-05T19:36:28.212315918Z,01HTQVZVSGCEEEQDTYETKGV9ME,2024-04-05T19:36:28.212315918Z,01HTQW4G7QMCEGV4Q7Y6H857P8,2024-04-05T19:36:28.212315918Z,01HTQW1CSES71AYHAD7FPSMW37,2024-04-05T19:36:28.212315918Z
01HTQW86J429BDC3ZB0KKYA0VA,01HTQVZVS420W3S3FE4GCYXFED,2024-04-05T19:37:28.389023633Z,01HTQVZVSGCEEEQDTYETKGV9ME,2024-04-05T19:37:28.389023633Z,01HTQW4G7RHE00GC66CE95KD67,2024-04-05T19:37:28.389023633Z,01HTQW0BADDNPZ5J13RV1A594Z,2024-04-05T19:37:28.389023633Z
01HTQW86J9EP8DP1DGH3RX2WEP,01HTQVZVS420W3S3FE4GCYXFED,2024-04-05T19:37:28.393502169Z,01HTQVZVSGCEEEQDTYETKGV9ME,2024-04-05T19:37:28.393502169Z,01HTQW4G7RHE00GC66CE95KD67,2024-04-05T19:37:28.393502169Z,01HTQW0SMSYZ1RRW9T6E5BP125,2024-04-05T19:37:28.393502169Z
01HTQW86JE07QX82AN2C5TB8ZJ,01HTQVZVS420W3S3FE4GCYXFED,2024-04-05T19:37:28.398335815Z,01HTQVZVSGCEEEQDTYETKGV9ME,2024-04-05T19:37:28.398335815Z,01HTQW4G7RHE00GC66CE95KD67,2024-04-05T19:37:28.398335815Z,01HTQW12NM8YRFG6TMAFMA3QHV,2024-04-05T19:37:28.398335815Z
01HTQW86JN13H58N2V7WC4309F,01HTQVZVS420W3S3FE4GCYXFED,2024-04-05T19:37:28.405646939Z,01HTQVZVSGCEEEQDTYETKGV9ME,2024-04-05T19:37:28.405646939Z,01HTQW4G7RHE00GC66CE95KD67,2024-04-05T19:37:28.405646939Z,01HTQW1CSES71AYHAD7FPSMW37,2024-04-05T19:37:28.405646939Z
01HTQWA1E83QND7SSRAXZVJSHP,01HTQVZVS420W3S3FE4GCYXFED,2024-04-05T19:38:28.680175813Z,01HTQVZVSGCEEEQDTYETKGV9ME,2024-04-05T19:38:28.680175813Z,01HTQW4G7QMCEGV4Q7YT7RYNHP,2024-04-05T19:38:28.680175813Z,01HTQW0BADDNPZ5J13RV1A594Z,2024-04-05T19:38:28.680175813Z
01HTQWA1EESPVPNRDV5CSRD994,01HTQVZVS420W3S3FE4GCYXFED,2024-04-05T19:38:28.686633367Z,01HTQVZVSGCEEEQDTYETKGV9ME,2024-04-05T19:38:28.686633367Z,01HTQW4G7QMCEGV4Q7YT7RYNHP,2024-04-05T19:38:28.686633367Z,01HTQW0SMSYZ1RRW9T6E5BP125,2024-04-05T19:38:28.686633367Z
01HTQWA1EKTC9XF7ZEAYXBWQ6V,01HTQVZVS420W3S3FE4GCYXFED,2024-04-05T19:38:28.691516976Z,01HTQVZVSGCEEEQDTYETKGV9ME,2024-04-05T19:38:28.691516976Z,01HTQW4G7QMCEGV4Q7YT7RYNHP,2024-04-05T19:38:28.691516976Z,01HTQW12NM8YRFG6TMAFMA3QHV,2024-04-05T19:38:28.691516976Z
01HTQWA1ES87NQF5NXZB3XA4ZQ,01HTQVZVS420W3S3FE4GCYXFED,2024-04-05T19:38:28.697223933Z,01HTQVZVSGCEEEQDTYETKGV9ME,2024-04-05T19:38:28.697223933Z,01HTQW4G7QMCEGV4Q7YT7RYNHP,2024-04-05T19:38:28.697223933Z,01HTQW1CSES71AYHAD7FPSMW37,2024-04-05T19:38:28.697223933Z
01HTQWBW7KXG2SEH7NZTN6X88A,01HTQVZVS420W3S3FE4GCYXFED,2024-04-05T19:39:28.883239537Z,01HTQVZVSGCEEEQDTYETKGV9ME,2024-04-05T19:39:28.883239537Z,01HTQW4G7V0E998K8FETAWXPX1,2024-04-05T19:39:28.883239537Z,01HTQW0BADDNPZ5J13RV1A594Z,2024-04-05T19:39:28.883239537Z
01HTQWBW7Q7WVFFCCJ18T94ZSB,01HTQVZVS420W3S3FE4GCYXFED,2024-04-05T19:39:28.887095721Z,01HTQVZVSGCEEEQDTYETKGV9ME,2024-04-05T19:39:28.887095721Z,01HTQW4G7V0E998K8FETAWXPX1,2024-04-05T19:39:28.887095721Z,01HTQW0SMSYZ1RRW9T6E5BP125,2024-04-05T19:39:28.887095721Z
01HTQWBW7VJMS57G2W442Q2C73,01HTQVZVS420W3S3FE4GCYXFED,2024-04-05T19:39:28.891259725Z,01HTQVZVSGCEEEQDTYETKGV9ME,2024-04-05T19:39:28.891259725Z,01HTQW4G7V0E998K8FETAWXPX1,2024-04-05T19:39:28.891259725Z,01HTQW12NM8YRFG6TMAFMA3QHV,2024-04-05T19:39:28.891259725Z
01HTQWBW7YCTPVR47WKSWDWQKZ,01HTQVZVS420W3S3FE4GCYXFED,2024-04-05T19:39:28.894956566Z,01HTQVZVSGCEEEQDTYETKGV9ME,2024-04-05T19:39:28.894956566Z,01HTQW4G7V0E998K8FETAWXPX1,2024-04-05T19:39:28.894956566Z,01HTQW1CSES71AYHAD7FPSMW37,2024-04-05T19:39:28.894956566Z
01HTQWDQ1YQV361CGP91Z9CH5S,01HTQVZVS420W3S3FE4GCYXFED,2024-04-05T19:40:29.118980428Z,01HTQVZVSGCEEEQDTYETKGV9ME,2024-04-05T19:40:29.118980428Z,01HTQW4G7TM6NACH49BB5SHMHT,2024-04-05T19:40:29.118980428Z,01HTQW0BADDNPZ5J13RV1A594Z,2024-04-05T19:40:29.118980428Z
01HTQWDQ23NNGCQRY0V73NW3NC,01HTQVZVS420W3S3FE4GCYXFED,2024-04-05T19:40:29.12329632Z,01HTQVZVSGCEEEQDTYETKGV9ME,2024-04-05T19:40:29.12329632Z,01HTQW4G7TM6NACH49BB5SHMHT,2024-04-05T19:40:29.12329632Z,01HTQW0SMSYZ1RRW9T6E5BP125,2024-04-05T19:40:29.12329632Z
01HTQWDQ28JT5GYDYHW89FR3J2,01HTQVZVS420W3S3FE4GCYXFED,2024-04-05T19:40:29.128157202Z,01HTQVZVSGCEEEQDTYETKGV9ME,2024-04-05T19:40:29.128157202Z,01HTQW4G7TM6NACH49BB5SHMHT,2024-04-05T19:40:29.128157202Z,01HTQW12NM8YRFG6TMAFMA3QHV,2024-04-05T19:40:29.128157202Z
01HTQWDQ2C8TTKN53NT52GKS7P,01HTQVZVS420W3S3FE4GCYXFED,2024-04-05T19:40:29.132625805Z,01HTQVZVSGCEEEQDTYETKGV9ME,2024-04-05T19:40:29.132625805Z,01HTQW4G7TM6NACH49BB5SHMHT,2024-04-05T19:40:29.132625805Z,01HTQW1CSES71AYHAD7FPSMW37,2024-04-05T19:40:29.132625805Z
01HTQWFHV83SSZ0NVGB26VFH49,01HTQVZVS420W3S3FE4GCYXFED,2024-04-05T19:41:29.320766319Z,01HTQVZVSGCEEEQDTYETKGV9ME,2024-04-05T19:41:29.320766319Z,01HTQW4G7TM6NACH49A7NXY9NB,2024-04-05T19:41:29.320766319Z,01HTQW0BADDNPZ5J13RV1A594Z,2024-04-05T19:41:29.320766319Z
01HTQWFHVCWJJD5KYAA50ZDM50,01HTQVZVS420W3S3FE4GCYXFED,2024-04-05T19:41:29.324423823Z,01HTQVZVSGCEEEQDTYETKGV9ME,2024-04-05T19:41:29.324423823Z,01HTQW4G7TM6NACH49A7NXY9NB,2024-04-05T19:41:29.324423823Z,01HTQW0SMSYZ1RRW9T6E5BP125,2024-04-05T19:41:29.324423823Z
01HTQWFHVGQJPVDH8EY7XQ1J8E,01HTQVZVS420W3S3FE4GCYXFED,2024-04-05T19:41:29.328356445Z,01HTQVZVSGCEEEQDTYETKGV9ME,2024-04-05T19:41:29.328356445Z,01HTQW4G7TM6NACH49A7NXY9NB,2024-04-05T19:41:29.328356445Z,01HTQW12NM8YRFG6TMAFMA3QHV,2024-04-05T19:41:29.328356445Z
01HTQWFHVMRP64Z2RST8YSH8GY,01HTQVZVS420W3S3FE4GCYXFED,2024-04-05T19:41:29.33285571Z,01HTQVZVSGCEEEQDTYETKGV9ME,2024-04-05T19:41:29.33285571Z,01HTQW4G7TM6NACH49A7NXY9NB,2024-04-05T19:41:29.33285571Z,01HTQW1CSES71AYHAD7FPSMW37,2024-04-05T19:41:29.33285571Z
01HTQWHCKZZ4SK4CQZGWWZRD04,01HTQVZVS420W3S3FE4GCYXFED,2024-04-05T19:42:29.503377684Z,01HTQVZVSGCEEEQDTYETKGV9ME,2024-04-05T19:42:29.503377684Z,01HTQW4G7SC2AAZN63XEF49P2D,2024-04-05T19:42:29.503377684Z,01HTQW0BADDNPZ5J13RV1A594Z,2024-04-05T19:42:29.503377684Z
01HTQWHCM4NFD9PY7NJA2N3MYJ,01HTQVZVS420W3S3FE4GCYXFED,2024-04-05T19:42:29.508387573Z,01HTQVZVSGCEEEQDTYETKGV9ME,2024-04-05T19:42:29.508387573Z,01HTQW4G7SC2AAZN63XEF49P2D,2024-04-05T19:42:29.508387573Z,01HTQW0SMSYZ1RRW9T6E5BP125,2024-04-05T19:42:29.508387573Z
01HTQWHCM9MPXAJ4G4XE8CDMC4,01HTQVZVS420W3S3FE4GCYXFED,2024-04-05T19:42:29.513260947Z,01HTQVZVSGCEEEQDTYETKGV9ME,2024-04-05T19:42:29.513260947Z,01HTQW4G7SC2AAZN63XEF49P2D,2024-04-05T19:42:29.513260947Z,01HTQW12NM8YRFG6TMAFMA3QHV,2024-04-05T19:42:29.513260947Z
01HTQWHCMCWMXM0K6EGZ3JTA3T,01HTQVZVS420W3S3FE4GCYXFED,2024-04-05T19:42:29.517037946Z,01HTQVZVSGCEEEQDTYETKGV9ME,2024-04-05T19:42:29.517037946Z,01HTQW4G7SC2AAZN63XEF49P2D,2024-04-05T19:42:29.517037946Z,01HTQW1CSES71AYHAD7FPSMW37,2024-04-05T19:42:29.517037946Z
01HTQWK7CK3Z4RB80JH2RAEE8S,01HTQVZVS420W3S3FE4GCYXFED,2024-04-05T19:43:29.683970015Z,01HTQVZVSGCEEEQDTYETKGV9ME,2024-04-05T19:43:29.683970015Z,01HTQW4G7RHE00GC66D0135YWB,2024-04-05T19:43:29.683970015Z,01HTQW0BADDNPZ5J13RV1A594Z,2024-04-05T19:43:29.683970015Z
01HTQWK7CSK9FM1QK1BSYR6ME6,01HTQVZVS420W3S3FE4GCYXFED,2024-04-05T19:43:29.689876164Z,01HTQVZVSGCEEEQDTYETKGV9ME,2024-04-05T19:43:29.689876164Z,01HTQW4G7RHE00GC66D0135YWB,2024-04-05T19:43:29.689876164Z,01HTQW0SMSYZ1RRW9T6E5BP125,2024-04-05T19:43:29.689876164Z
01HTQWK7CZF7700EDH308D73EF,01HTQVZVS420W3S3FE4GCYXFED,2024-04-05T19:43:29.695336904Z,01HTQVZVSGCEEEQDTYETKGV9ME,2024-04-05T19:43:29.695336904Z,01HTQW4G7RHE00GC66D0135YWB,2024-04-05T19:43:29.695336904Z,01HTQW12NM8YRFG6TMAFMA3QHV,2024-04-05T19:43:29.695336904Z
01HTQWK7D4M89R0QCYZ8N50W77,01HTQVZVS420W3S3FE4GCYXFED,2024-04-05T19:43:29.700297201Z,01HTQVZVSGCEEEQDTYETKGV9ME,2024-04-05T19:43:29.700297201Z,01HTQW4G7RHE00GC66D0135YWB,2024-04-05T19:43:29.700297201Z,01HTQW1CSES71AYHAD7FPSMW37,2024-04-05T19:43:29.700297201Z
01HTQWN25XBZRQWD9N83WHEY7Y,01HTQVZVS420W3S3FE4GCYXFED,2024-04-05T19:44:29.885366896Z,01HTQVZVSGCEEEQDTYETKGV9ME,2024-04-05T19:44:29.885366896Z,01HTQW4G7V0E998K8FE90GER09,2024-04-05T19:44:29.885366896Z,01HTQW0BADDNPZ5J13RV1A594Z,2024-04-05T19:44:29.885366896Z
01HTQWN262623Y30KVHDDW2S67,01HTQVZVS420W3S3FE4GCYXFED,2024-04-05T19:44:29.890690624Z,01HTQVZVSGCEEEQDTYETKGV9ME,2024-04-05T19:44:29.890690624Z,01HTQW4G7V0E998K8FE90GER09,2024-04-05T19:44:29.890690624Z,01HTQW0SMSYZ1RRW9T6E5BP125,2024-04-05T19:44:29.890690624Z
01HTQWN269VY8HB0HJF3EC4QMZ,01HTQVZVS420W3S3FE4GCYXFED,2024-04-05T19:44:29.897373871Z,01HTQVZVSGCEEEQDTYETKGV9ME,2024-04-05T19:44:29.897373871Z,01HTQW4G7V0E998K8FE90GER09,2024-04-05T19:44:29.897373871Z,01HTQW12NM8YRFG6TMAFMA3QHV,2024-04-05T19:44:29.897373871Z
01HTQWN26F1NA0ZNADC83FRNQ1,01HTQVZVS420W3S3FE4GCYXFED,2024-04-05T19:44:29.903199618Z,01HTQVZVSGCEEEQDTYETKGV9ME,2024-04-05T19:44:29.903199618Z,01HTQW4G7V0E998K8FE90GER09,2024-04-05T19:44:29.903199618Z,01HTQW1CSES71AYHAD7FPSMW37,2024-04-05T19:44:29.903199618Z
01HTQWPWYWSSB45N73XWVQGDJF,01HTQVZVS420W3S3FE4GCYXFED,2024-04-05T19:45:30.076948901Z,01HTQVZVSGCEEEQDTYETKGV9ME,2024-04-05T19:45:30.076948901Z,01HTQW4G7TM6NACH49APH2DNJE,2024-04-05T19:45:30.076948901Z,01HTQW0BADDNPZ5J13RV1A594Z,2024-04-05T19:45:30.076948901Z
01HTQWPWZ3YBWYZH37EJAH5H3W,01HTQVZVS420W3S3FE4GCYXFED,2024-04-05T19:45:30.083542852Z,01HTQVZVSGCEEEQDTYETKGV9ME,2024-04-05T19:45:30.083542852Z,01HTQW4G7TM6NACH49APH2DNJE,2024-04-05T19:45:30.083542852Z,01HTQW0SMSYZ1RRW9T6E5BP125,2024-04-05T19:45:30.083542852Z
01HTQWPWZ8MAWEN2Y608RW0HK8,01HTQVZVS420W3S3FE4GCYXFED,2024-04-05T19:45:30.088473182Z,01HTQVZVSGCEEEQDTYETKGV9ME,2024-04-05T19:45:30.088473182Z,01HTQW4G7TM6NACH49APH2DNJE,2024-04-05T19:45:30.088473182Z,01HTQW12NM8YRFG6TMAFMA3QHV,2024-04-05T19:45:30.088473182Z
01HTQWPWZF7GCF9TN2AASTKS91,01HTQVZVS420W3S3FE4GCYXFED,2024-04-05T19:45:30.095198602Z,01HTQVZVSGCEEEQDTYETKGV9ME,2024-04-05T19:45:30.095198602Z,01HTQW4G7TM6NACH49APH2DNJE,2024-04-05T19:45:30.095198602Z,01HTQW1CSES71AYHAD7FPSMW37,2024-04-05T19:45:30.095198602Z
01HTQWRQRHY4N7G6Z2CA9S2J1N,01HTQVZVS420W3S3FE4GCYXFED,2024-04-05T19:46:30.289209762Z,01HTQVZVSGCEEEQDTYETKGV9ME,2024-04-05T19:46:30.289209762Z,01HTQW4G7XWF7R2KSWZMMB38PG,2024-04-05T19:46:30.289209762Z,01HTQW0BADDNPZ5J13RV1A594Z,2024-04-05T19:46:30.289209762Z
01HTQWRQRPTQ2MQBM1N6MF61N5,01HTQVZVS420W3S3FE4GCYXFED,2024-04-05T19:46:30.294116595Z,01HTQVZVSGCEEEQDTYETKGV9ME,2024-04-05T19:46:30.294116595Z,01HTQW4G7XWF7R2KSWZMMB38PG,2024-04-05T19:46:30.294116595Z,01HTQW0SMSYZ1RRW9T6E5BP125,2024-04-05T19:46:30.294116595Z
01HTQWRQRTS3J3DTHNNX5JXB2Z,01HTQVZVS420W3S3FE4GCYXFED,2024-04-05T19:46:30.29891146Z,01HTQVZVSGCEEEQDTYETKGV9ME,2024-04-05T19:46:30.29891146Z,01HTQW4G7XWF7R2KSWZMMB38PG,2024-04-05T19:46:30.29891146Z,01HTQW12NM8YRFG6TMAFMA3QHV,2024-04-05T19:46:30.29891146Z
01HTQWRQRZZTEAWM1NNVB11R0E,01HTQVZVS420W3S3FE4GCYXFED,2024-04-05T19:46:30.30334573Z,01HTQVZVSGCEEEQDTYETKGV9ME,2024-04-05T19:46:30.30334573Z,01HTQW4G7XWF7R2KSWZMMB38PG,2024-04-05T19:46:30.30334573Z,01HTQW1CSES71AYHAD7FPSMW37,2024-04-05T19:46:30.30334573Z
