﻿id,emojiArray,emojiArrayLastChangedAt,intro,introLastChangedAt,introDone,introDoneLastChangedAt,name,nameLastChangedAt,participantIdentifier,participantIdentifierLastChangedAt,urlParams,urlParamsLastChangedAt,treatment,treatmentLastChangedAt,participantID,participantIDLastChangedAt,ended,endedLastChangedAt,gameID,gameIDLastChangedAt,treatmentName,treatmentNameLastChangedAt,recipient,recipientLastChangedAt
01HTQW0BADDNPZ5J13RV1A594Z,"[""🐿️"",""🐇"",""🐇"",""🐇"",""🐇"",""🐇"",""🐇"",""🐇"",""🐇"",""🐿️"",""🐿️"",""                                   ""]",2024-04-05T19:35:27.230307371Z,4,2024-04-05T19:34:43.098357135Z,true,2024-04-05T19:34:44.87172878Z,player 1,2024-04-05T19:35:27.230307371Z,yuliya1,2024-04-05T19:33:11.117230983Z,{},2024-04-05T19:33:11.262623786Z,"{""condition"":""unidirectional"",""opinion"":""slider"",""playerCount"":4,""trueP"":0.7}",2024-04-05T19:33:11.132171513Z,01HTQW0B2FXR25PER1BX4TYKCJ,2024-04-05T19:33:11.117230983Z,game ended,2024-04-05T19:47:30.491440394Z,01HTQVZVSGCEEEQDTYETKGV9ME,2024-04-05T19:33:11.132171513Z,experiment1-0.7,2024-04-05T19:33:11.132171513Z,01HTQW0SMSYZ1RRW9T6E5BP125,2024-04-05T19:46:30.312345639Z
01HTQW0SMSYZ1RRW9T6E5BP125,"[""                                   "",""🐇"",""🐇""]",2024-04-05T19:35:27.230307371Z,4,2024-04-05T19:35:25.435668251Z,true,2024-04-05T19:35:27.140910023Z,player 2,2024-04-05T19:35:27.230307371Z,yuliya2,2024-04-05T19:33:25.785719103Z,{},2024-04-05T19:33:25.918931748Z,"{""condition"":""unidirectional"",""opinion"":""slider"",""playerCount"":4,""trueP"":0.7}",2024-04-05T19:33:25.794211567Z,01HTQW0SD430HVYRBCCHY0J3X7,2024-04-05T19:33:25.785719103Z,game ended,2024-04-05T19:47:30.491440394Z,01HTQVZVSGCEEEQDTYETKGV9ME,2024-04-05T19:33:25.794211567Z,experiment1-0.7,2024-04-05T19:33:25.794211567Z,01HTQW12NM8YRFG6TMAFMA3QHV,2024-04-05T19:46:30.312345639Z
01HTQW12NM8YRFG6TMAFMA3QHV,"[""🐇"",""                                   "",""🐿️"",""🐇"",""🐿️"",""🐿️""]",2024-04-05T19:35:27.230307371Z,4,2024-04-05T19:35:13.38880408Z,true,2024-04-05T19:35:15.353115939Z,player 3,2024-04-05T19:35:27.230307371Z,yuliya3,2024-04-05T19:33:35.029000119Z,{},2024-04-05T19:33:35.163781582Z,"{""condition"":""unidirectional"",""opinion"":""slider"",""playerCount"":4,""trueP"":0.7}",2024-04-05T19:33:35.037803491Z,01HTQW12DWBNPQMGAN8Q1F2M9F,2024-04-05T19:33:35.029000119Z,game ended,2024-04-05T19:47:30.491440394Z,01HTQVZVSGCEEEQDTYETKGV9ME,2024-04-05T19:33:35.037803491Z,experiment1-0.7,2024-04-05T19:33:35.037803491Z,01HTQW1CSES71AYHAD7FPSMW37,2024-04-05T19:46:30.312345639Z
01HTQW1CSES71AYHAD7FPSMW37,"[""🐇"",""🐇"",""                                   ""]",2024-04-05T19:35:27.230307371Z,4,2024-04-05T19:35:02.220004847Z,true,2024-04-05T19:35:03.364224662Z,player 4,2024-04-05T19:35:27.230307371Z,yuliya4,2024-04-05T19:33:45.390301316Z,{},2024-04-05T19:33:45.520965785Z,"{""condition"":""unidirectional"",""opinion"":""slider"",""playerCount"":4,""trueP"":0.7}",2024-04-05T19:33:45.398861615Z,01HTQW1CHT229R9AQE3T4FWGE4,2024-04-05T19:33:45.390301316Z,game ended,2024-04-05T19:47:30.491440394Z,01HTQVZVSGCEEEQDTYETKGV9ME,2024-04-05T19:33:45.398861615Z,experiment1-0.7,2024-04-05T19:33:45.398861615Z,01HTQW0BADDNPZ5J13RV1A594Z,2024-04-05T19:46:30.312345639Z
