﻿id,duration,durationLastChangedAt,batchID,batchIDLastChangedAt,start,startLastChangedAt,index,indexLastChangedAt,name,nameLastChangedAt,gameID,gameIDLastChangedAt,timerID,timerIDLastChangedAt,started,startedLastChangedAt,ended,endedLastChangedAt,roundID,roundIDLastChangedAt,initialized,initializedLastChangedAt
01HTQW4GEZZ4CY85RQY7Y9PAXP,30,2024-04-05T19:35:27.455752341Z,01HTQVZVS420W3S3FE4GCYXFED,2024-04-05T19:35:27.455752341Z,true,2024-04-05T19:42:29.535660319Z,0,2024-04-05T19:35:27.455752341Z,send,2024-04-05T19:35:27.455752341Z,01HTQVZVSGCEEEQDTYETKGV9ME,2024-04-05T19:35:27.455752341Z,01HTQW4GCSR3P5A7YBH909PG5H,2024-04-05T19:35:27.455752341Z,true,2024-04-05T19:42:29.585226608Z,true,2024-04-05T19:42:59.589599567Z,01HTQW4G7SC2AAZN63XEF49P2D,2024-04-05T19:35:27.455752341Z,true,2024-04-05T19:42:29.568200434Z
01HTQW4GEZZ4CY85RQZ0Z31WCC,30,2024-04-05T19:35:27.455966587Z,01HTQVZVS420W3S3FE4GCYXFED,2024-04-05T19:35:27.455966587Z,true,2024-04-05T19:42:59.603706187Z,1,2024-04-05T19:35:27.455966587Z,observe,2024-04-05T19:35:27.455966587Z,01HTQVZVSGCEEEQDTYETKGV9ME,2024-04-05T19:35:27.455966587Z,01HTQW4GD2HNR6S5RMS9QS4CX5,2024-04-05T19:35:27.455966587Z,true,2024-04-05T19:42:59.644502192Z,true,2024-04-05T19:43:29.644015539Z,01HTQW4G7SC2AAZN63XEF49P2D,2024-04-05T19:35:27.455966587Z,true,2024-04-05T19:42:59.628122486Z
01HTQW4GFAMKVA7BDFDJZ0EZVZ,30,2024-04-05T19:35:27.466906368Z,01HTQVZVS420W3S3FE4GCYXFED,2024-04-05T19:35:27.466906368Z,true,2024-04-05T19:43:29.726136314Z,0,2024-04-05T19:35:27.466906368Z,send,2024-04-05T19:35:27.466906368Z,01HTQVZVSGCEEEQDTYETKGV9ME,2024-04-05T19:35:27.466906368Z,01HTQW4GCSR3P5A7YBH974ZMZH,2024-04-05T19:35:27.466906368Z,true,2024-04-05T19:43:29.769394787Z,true,2024-04-05T19:43:59.773586462Z,01HTQW4G7RHE00GC66D0135YWB,2024-04-05T19:35:27.466906368Z,true,2024-04-05T19:43:29.748951987Z
01HTQW4GFBKDDH0VEGN173NNV4,30,2024-04-05T19:35:27.467140048Z,01HTQVZVS420W3S3FE4GCYXFED,2024-04-05T19:35:27.467140048Z,true,2024-04-05T19:43:59.791711069Z,1,2024-04-05T19:35:27.467140048Z,observe,2024-04-05T19:35:27.467140048Z,01HTQVZVSGCEEEQDTYETKGV9ME,2024-04-05T19:35:27.467140048Z,01HTQW4GDBM6MR3ZE39RFKAK1B,2024-04-05T19:35:27.467140048Z,true,2024-04-05T19:43:59.845477159Z,true,2024-04-05T19:44:29.848694719Z,01HTQW4G7RHE00GC66D0135YWB,2024-04-05T19:35:27.467140048Z,true,2024-04-05T19:43:59.823226244Z
01HTQW4GFBKDDH0VEGNK93RZY2,30,2024-04-05T19:35:27.467912582Z,01HTQVZVS420W3S3FE4GCYXFED,2024-04-05T19:35:27.467912582Z,true,2024-04-05T19:44:29.924787093Z,0,2024-04-05T19:35:27.467912582Z,send,2024-04-05T19:35:27.467912582Z,01HTQVZVSGCEEEQDTYETKGV9ME,2024-04-05T19:35:27.467912582Z,01HTQW4GCT3HQ2Z8NM3CAQJC5G,2024-04-05T19:35:27.467912582Z,true,2024-04-05T19:44:29.965975128Z,true,2024-04-05T19:44:59.969030253Z,01HTQW4G7V0E998K8FE90GER09,2024-04-05T19:35:27.467912582Z,true,2024-04-05T19:44:29.950027766Z
01HTQW4GFCM0P25BW5EHVZ3A4G,30,2024-04-05T19:35:27.468140993Z,01HTQVZVS420W3S3FE4GCYXFED,2024-04-05T19:35:27.468140993Z,true,2024-04-05T19:44:59.98567589Z,1,2024-04-05T19:35:27.468140993Z,observe,2024-04-05T19:35:27.468140993Z,01HTQVZVSGCEEEQDTYETKGV9ME,2024-04-05T19:35:27.468140993Z,01HTQW4GDGHR9NBHD8XM1WJ7NE,2024-04-05T19:35:27.468140993Z,true,2024-04-05T19:45:00.028250798Z,true,2024-04-05T19:45:30.029181626Z,01HTQW4G7V0E998K8FE90GER09,2024-04-05T19:35:27.468140993Z,true,2024-04-05T19:45:00.011127983Z
01HTQW4GFEREVTNGJR424T5HFZ,30,2024-04-05T19:35:27.470699379Z,01HTQVZVS420W3S3FE4GCYXFED,2024-04-05T19:35:27.470699379Z,true,2024-04-05T19:45:30.124532792Z,0,2024-04-05T19:35:27.470699379Z,send,2024-04-05T19:35:27.470699379Z,01HTQVZVSGCEEEQDTYETKGV9ME,2024-04-05T19:35:27.470699379Z,01HTQW4GCVZ1G5E55MRFY6G82T,2024-04-05T19:35:27.470699379Z,true,2024-04-05T19:45:30.183783464Z,true,2024-04-05T19:46:00.188053907Z,01HTQW4G7TM6NACH49APH2DNJE,2024-04-05T19:35:27.470699379Z,true,2024-04-05T19:45:30.164072595Z
01HTQW4GFFFNHYCKE0DQJDXXW6,30,2024-04-05T19:35:27.471080858Z,01HTQVZVS420W3S3FE4GCYXFED,2024-04-05T19:35:27.471080858Z,true,2024-04-05T19:46:00.207746806Z,1,2024-04-05T19:35:27.471080858Z,observe,2024-04-05T19:35:27.471080858Z,01HTQVZVSGCEEEQDTYETKGV9ME,2024-04-05T19:35:27.471080858Z,01HTQW4GDK0X36H89P7HFVDCZ7,2024-04-05T19:35:27.471080858Z,true,2024-04-05T19:46:00.2465308Z,true,2024-04-05T19:46:30.251677513Z,01HTQW4G7TM6NACH49APH2DNJE,2024-04-05T19:35:27.471080858Z,true,2024-04-05T19:46:00.23444763Z
01HTQW4GFGX0YZV809NGYXN2C3,30,2024-04-05T19:35:27.472248969Z,01HTQVZVS420W3S3FE4GCYXFED,2024-04-05T19:35:27.472248969Z,true,2024-04-05T19:39:28.915643933Z,0,2024-04-05T19:35:27.472248969Z,send,2024-04-05T19:35:27.472248969Z,01HTQVZVSGCEEEQDTYETKGV9ME,2024-04-05T19:35:27.472248969Z,01HTQW4GCT3HQ2Z8NM35B9DGV1,2024-04-05T19:35:27.472248969Z,true,2024-04-05T19:39:28.967078503Z,true,2024-04-05T19:39:58.971157859Z,01HTQW4G7V0E998K8FETAWXPX1,2024-04-05T19:35:27.472248969Z,true,2024-04-05T19:39:28.948000158Z
01HTQW4GFGX0YZV809PBEZMG2R,30,2024-04-05T19:35:27.472500472Z,01HTQVZVS420W3S3FE4GCYXFED,2024-04-05T19:35:27.472500472Z,true,2024-04-05T19:39:58.998243709Z,1,2024-04-05T19:35:27.472500472Z,observe,2024-04-05T19:35:27.472500472Z,01HTQVZVSGCEEEQDTYETKGV9ME,2024-04-05T19:35:27.472500472Z,01HTQW4GD553JE690CD2H68QYM,2024-04-05T19:35:27.472500472Z,true,2024-04-05T19:39:59.06576838Z,true,2024-04-05T19:40:29.072800677Z,01HTQW4G7V0E998K8FETAWXPX1,2024-04-05T19:35:27.472500472Z,true,2024-04-05T19:39:59.04141128Z
01HTQW4GFKDPFFDPMFR6B68YXC,30,2024-04-05T19:35:27.475188222Z,01HTQVZVS420W3S3FE4GCYXFED,2024-04-05T19:35:27.475188222Z,true,2024-04-05T19:40:29.149925227Z,0,2024-04-05T19:35:27.475188222Z,send,2024-04-05T19:35:27.475188222Z,01HTQVZVSGCEEEQDTYETKGV9ME,2024-04-05T19:35:27.475188222Z,01HTQW4GCWT74J75HTQH9ZXKRX,2024-04-05T19:35:27.475188222Z,true,2024-04-05T19:40:29.211665188Z,true,2024-04-05T19:40:59.214887417Z,01HTQW4G7TM6NACH49BB5SHMHT,2024-04-05T19:35:27.475188222Z,true,2024-04-05T19:40:29.187951023Z
01HTQW4GFKDPFFDPMFRY4SDET0,30,2024-04-05T19:35:27.475603814Z,01HTQVZVS420W3S3FE4GCYXFED,2024-04-05T19:35:27.475603814Z,true,2024-04-05T19:40:59.226750258Z,1,2024-04-05T19:35:27.475603814Z,observe,2024-04-05T19:35:27.475603814Z,01HTQVZVSGCEEEQDTYETKGV9ME,2024-04-05T19:35:27.475603814Z,01HTQW4GDRH2W7N6BHZM0K0F5X,2024-04-05T19:35:27.475603814Z,true,2024-04-05T19:40:59.275133745Z,true,2024-04-05T19:41:29.279580829Z,01HTQW4G7TM6NACH49BB5SHMHT,2024-04-05T19:35:27.475603814Z,true,2024-04-05T19:40:59.258230569Z
01HTQW4GFRQ593G9T6V9SMV8ZR,30,2024-04-05T19:35:27.480487688Z,01HTQVZVS420W3S3FE4GCYXFED,2024-04-05T19:35:27.480487688Z,true,2024-04-05T19:46:30.319411302Z,0,2024-04-05T19:35:27.480487688Z,send,2024-04-05T19:35:27.480487688Z,01HTQVZVSGCEEEQDTYETKGV9ME,2024-04-05T19:35:27.480487688Z,01HTQW4GCX9YSWQ83VCTHPZEMC,2024-04-05T19:35:27.480487688Z,true,2024-04-05T19:46:30.372241131Z,true,2024-04-05T19:47:00.37759293Z,01HTQW4G7XWF7R2KSWZMMB38PG,2024-04-05T19:35:27.480487688Z,true,2024-04-05T19:46:30.354510164Z
01HTQW4GFRQ593G9T6VSBHJM1F,30,2024-04-05T19:35:27.480835893Z,01HTQVZVS420W3S3FE4GCYXFED,2024-04-05T19:35:27.480835893Z,true,2024-04-05T19:47:00.388613401Z,1,2024-04-05T19:35:27.480835893Z,observe,2024-04-05T19:35:27.480835893Z,01HTQVZVSGCEEEQDTYETKGV9ME,2024-04-05T19:35:27.480835893Z,01HTQW4GDXTCSNQQ14X8R97ABH,2024-04-05T19:35:27.480835893Z,true,2024-04-05T19:47:00.431461701Z,true,2024-04-05T19:47:30.434159184Z,01HTQW4G7XWF7R2KSWZMMB38PG,2024-04-05T19:35:27.480835893Z,true,2024-04-05T19:47:00.4200442Z
01HTQW4GFVE7FH6Z3HSGPYEW7V,30,2024-04-05T19:35:27.483136918Z,01HTQVZVS420W3S3FE4GCYXFED,2024-04-05T19:35:27.483136918Z,true,2024-04-05T19:41:29.350918171Z,0,2024-04-05T19:35:27.483136918Z,send,2024-04-05T19:35:27.483136918Z,01HTQVZVSGCEEEQDTYETKGV9ME,2024-04-05T19:35:27.483136918Z,01HTQW4GCX9YSWQ83VCVH75CKX,2024-04-05T19:35:27.483136918Z,true,2024-04-05T19:41:29.392537167Z,true,2024-04-05T19:41:59.39406233Z,01HTQW4G7TM6NACH49A7NXY9NB,2024-04-05T19:35:27.483136918Z,true,2024-04-05T19:41:29.377999339Z
01HTQW4GFVE7FH6Z3HSY8CF6CA,30,2024-04-05T19:35:27.483349329Z,01HTQVZVS420W3S3FE4GCYXFED,2024-04-05T19:35:27.483349329Z,true,2024-04-05T19:41:59.40744452Z,1,2024-04-05T19:35:27.483349329Z,observe,2024-04-05T19:35:27.483349329Z,01HTQVZVSGCEEEQDTYETKGV9ME,2024-04-05T19:35:27.483349329Z,01HTQW4GDZ216GX6RG9RFVGDE7,2024-04-05T19:35:27.483349329Z,true,2024-04-05T19:41:59.457260464Z,true,2024-04-05T19:42:29.463897438Z,01HTQW4G7TM6NACH49A7NXY9NB,2024-04-05T19:35:27.483349329Z,true,2024-04-05T19:41:59.441932859Z
01HTQW4GHZAW3S5FDWFJ9Z2NQ9,30,2024-04-05T19:35:27.55120851Z,01HTQVZVS420W3S3FE4GCYXFED,2024-04-05T19:35:27.55120851Z,true,2024-04-05T19:36:28.233010036Z,0,2024-04-05T19:35:27.55120851Z,send,2024-04-05T19:35:27.55120851Z,01HTQVZVSGCEEEQDTYETKGV9ME,2024-04-05T19:35:27.55120851Z,01HTQW4GC4N403Y8XJNBCATK32,2024-04-05T19:35:27.55120851Z,true,2024-04-05T19:36:28.291981111Z,true,2024-04-05T19:36:58.295650442Z,01HTQW4G7QMCEGV4Q7Y6H857P8,2024-04-05T19:35:27.55120851Z,true,2024-04-05T19:36:28.274852432Z
01HTQW4GHZAW3S5FDWG3GF41X5,30,2024-04-05T19:35:27.551401656Z,01HTQVZVS420W3S3FE4GCYXFED,2024-04-05T19:35:27.551401656Z,true,2024-04-05T19:36:58.311101564Z,1,2024-04-05T19:35:27.551401656Z,observe,2024-04-05T19:35:27.551401656Z,01HTQVZVSGCEEEQDTYETKGV9ME,2024-04-05T19:35:27.551401656Z,01HTQW4GCGCFD675T50A01KXJY,2024-04-05T19:35:27.551401656Z,true,2024-04-05T19:36:58.350293437Z,true,2024-04-05T19:37:28.354739983Z,01HTQW4G7QMCEGV4Q7Y6H857P8,2024-04-05T19:35:27.551401656Z,true,2024-04-05T19:36:58.338313502Z
01HTQW4GN80VC77TCC7WJ9ZNKN,30,2024-04-05T19:35:27.656034332Z,01HTQVZVS420W3S3FE4GCYXFED,2024-04-05T19:35:27.656034332Z,true,2024-04-05T19:38:28.717537832Z,0,2024-04-05T19:35:27.656034332Z,send,2024-04-05T19:35:27.656034332Z,01HTQVZVSGCEEEQDTYETKGV9ME,2024-04-05T19:35:27.656034332Z,01HTQW4GC6Z17R2FR31RMXPV9B,2024-04-05T19:35:27.656034332Z,true,2024-04-05T19:38:28.76843713Z,true,2024-04-05T19:38:58.772734427Z,01HTQW4G7QMCEGV4Q7YT7RYNHP,2024-04-05T19:35:27.656034332Z,true,2024-04-05T19:38:28.751784089Z
01HTQW4GN80VC77TCC8BAPJ9G1,30,2024-04-05T19:35:27.656288964Z,01HTQVZVS420W3S3FE4GCYXFED,2024-04-05T19:35:27.656288964Z,true,2024-04-05T19:38:58.786567914Z,1,2024-04-05T19:35:27.656288964Z,observe,2024-04-05T19:35:27.656288964Z,01HTQVZVSGCEEEQDTYETKGV9ME,2024-04-05T19:35:27.656288964Z,01HTQW4GHYG9PH5TEJ31M4QQWM,2024-04-05T19:35:27.656288964Z,true,2024-04-05T19:38:58.842848012Z,true,2024-04-05T19:39:28.84460643Z,01HTQW4G7QMCEGV4Q7YT7RYNHP,2024-04-05T19:35:27.656288964Z,true,2024-04-05T19:38:58.822764018Z
01HTQW4GNAWES9X2TS86B150N7,30,2024-04-05T19:35:27.658176652Z,01HTQVZVS420W3S3FE4GCYXFED,2024-04-05T19:35:27.658176652Z,true,2024-04-05T19:37:28.422932683Z,0,2024-04-05T19:35:27.658176652Z,send,2024-04-05T19:35:27.658176652Z,01HTQVZVSGCEEEQDTYETKGV9ME,2024-04-05T19:35:27.658176652Z,01HTQW4GC5VVDQ7J4GRBB7BQVW,2024-04-05T19:35:27.658176652Z,true,2024-04-05T19:37:28.473649873Z,true,2024-04-05T19:37:58.476923281Z,01HTQW4G7RHE00GC66CE95KD67,2024-04-05T19:35:27.658176652Z,true,2024-04-05T19:37:28.454688177Z
01HTQW4GNAWES9X2TS8S8QADFS,30,2024-04-05T19:35:27.658381377Z,01HTQVZVS420W3S3FE4GCYXFED,2024-04-05T19:35:27.658381377Z,true,2024-04-05T19:37:58.520731329Z,1,2024-04-05T19:35:27.658381377Z,observe,2024-04-05T19:35:27.658381377Z,01HTQVZVSGCEEEQDTYETKGV9ME,2024-04-05T19:35:27.658381377Z,01HTQW4GHZAW3S5FDWGP2MYWJ3,2024-04-05T19:35:27.658381377Z,true,2024-04-05T19:37:58.639189652Z,true,2024-04-05T19:38:28.636920712Z,01HTQW4G7RHE00GC66CE95KD67,2024-04-05T19:35:27.658381377Z,true,2024-04-05T19:37:58.589439729Z
01HTQW4GNCHE5QCZM6YXVR1E3A,30,2024-04-05T19:35:27.660635019Z,01HTQVZVS420W3S3FE4GCYXFED,2024-04-05T19:35:27.660635019Z,true,2024-04-05T19:35:28.04473417Z,0,2024-04-05T19:35:27.660635019Z,send,2024-04-05T19:35:27.660635019Z,01HTQVZVSGCEEEQDTYETKGV9ME,2024-04-05T19:35:27.660635019Z,01HTQW4GC5VVDQ7J4GR9G89PH4,2024-04-05T19:35:27.660635019Z,true,2024-04-05T19:35:28.097855476Z,true,2024-04-05T19:35:58.102148443Z,01HTQW4G7NYCY6WHV35TXQ17M6,2024-04-05T19:35:27.660635019Z,true,2024-04-05T19:35:28.081104029Z
01HTQW4GNCHE5QCZM6ZM6ECHDB,30,2024-04-05T19:35:27.660834922Z,01HTQVZVS420W3S3FE4GCYXFED,2024-04-05T19:35:27.660834922Z,true,2024-04-05T19:35:58.113984587Z,1,2024-04-05T19:35:27.660834922Z,observe,2024-04-05T19:35:27.660834922Z,01HTQVZVSGCEEEQDTYETKGV9ME,2024-04-05T19:35:27.660834922Z,01HTQW4GJ05MJVH6HA0H8CFWQ5,2024-04-05T19:35:27.660834922Z,true,2024-04-05T19:35:58.166030151Z,true,2024-04-05T19:36:28.164164342Z,01HTQW4G7NYCY6WHV35TXQ17M6,2024-04-05T19:35:27.660834922Z,true,2024-04-05T19:35:58.14468578Z
