id,ended,endedLastChangedAt,name,nameLastChangedAt,start,startLastChangedAt,index,indexLastChangedAt,stageIndex,stageIndexLastChangedAt,task,taskLastChangedAt,gameID,gameIDLastChangedAt,batchID,batchIDLastChangedAt,idx,idxLastChangedAt
01HNDD895VCKYVWGWTP8ZQ935V,true,2024-01-30T14:45:02.409948277Z,Round 2 / 9,2024-01-30T14:44:28.987888442Z,true,2024-01-30T14:44:46.501936035Z,1,2024-01-30T14:44:28.987888442Z,1,2024-01-30T14:44:29.050425997Z,Chat,2024-01-30T14:44:28.987888442Z,01HNDD7AZY23WCQMN4GZSP230E,2024-01-30T14:44:28.987888442Z,01HNDD7AZ71N8E9Q8R5MXCW09X,2024-01-30T14:44:28.987888442Z,2,2024-01-30T14:44:28.987888442Z
01HNDD895WDMZK0WDWPE2EGZZD,true,2024-01-30T14:45:16.071002703Z,Round 3 / 9,2024-01-30T14:44:28.988680657Z,true,2024-01-30T14:45:02.424485891Z,2,2024-01-30T14:44:28.988680657Z,1,2024-01-30T14:44:29.051419954Z,Chat,2024-01-30T14:44:28.988680657Z,01HNDD7AZY23WCQMN4GZSP230E,2024-01-30T14:44:28.988680657Z,01HNDD7AZ71N8E9Q8R5MXCW09X,2024-01-30T14:44:28.988680657Z,3,2024-01-30T14:44:28.988680657Z
01HNDD895X12XFY8H74FQAESVD,true,2024-01-30T14:45:29.929000112Z,Round 4 / 9,2024-01-30T14:44:28.989336624Z,true,2024-01-30T14:45:16.079893771Z,3,2024-01-30T14:44:28.989336624Z,1,2024-01-30T14:44:29.063077587Z,Chat,2024-01-30T14:44:28.989336624Z,01HNDD7AZY23WCQMN4GZSP230E,2024-01-30T14:44:28.989336624Z,01HNDD7AZ71N8E9Q8R5MXCW09X,2024-01-30T14:44:28.989336624Z,4,2024-01-30T14:44:28.989336624Z
01HNDD895X12XFY8H750B1KYJF,true,2024-01-30T14:44:46.489206254Z,Round 1 / 9,2024-01-30T14:44:28.989847684Z,true,2024-01-30T14:44:29.210918365Z,0,2024-01-30T14:44:28.989847684Z,1,2024-01-30T14:44:29.035901423Z,Chat,2024-01-30T14:44:28.989847684Z,01HNDD7AZY23WCQMN4GZSP230E,2024-01-30T14:44:28.989847684Z,01HNDD7AZ71N8E9Q8R5MXCW09X,2024-01-30T14:44:28.989847684Z,1,2024-01-30T14:44:28.989847684Z
01HNDD895YNQ2X754H3K1HFZT1,true,2024-01-30T14:45:41.221803388Z,Round 5 / 9,2024-01-30T14:44:28.99037443Z,true,2024-01-30T14:45:29.938393254Z,4,2024-01-30T14:44:28.99037443Z,1,2024-01-30T14:44:29.070498602Z,Chat,2024-01-30T14:44:28.99037443Z,01HNDD7AZY23WCQMN4GZSP230E,2024-01-30T14:44:28.99037443Z,01HNDD7AZ71N8E9Q8R5MXCW09X,2024-01-30T14:44:28.99037443Z,5,2024-01-30T14:44:28.99037443Z
01HNDD895YNQ2X754H462PRQKA,true,2024-01-30T14:45:48.233115433Z,Round 6 / 9,2024-01-30T14:44:28.990870125Z,true,2024-01-30T14:45:41.233231278Z,5,2024-01-30T14:44:28.990870125Z,1,2024-01-30T14:44:29.035901423Z,Chat,2024-01-30T14:44:28.990870125Z,01HNDD7AZY23WCQMN4GZSP230E,2024-01-30T14:44:28.990870125Z,01HNDD7AZ71N8E9Q8R5MXCW09X,2024-01-30T14:44:28.990870125Z,6,2024-01-30T14:44:28.990870125Z
01HNDD895Z34T3VKW4ZXC2S033,true,2024-01-30T14:45:56.440292313Z,Round 7 / 9,2024-01-30T14:44:28.991448301Z,true,2024-01-30T14:45:48.242482691Z,6,2024-01-30T14:44:28.991448301Z,1,2024-01-30T14:44:29.070498602Z,Chat,2024-01-30T14:44:28.991448301Z,01HNDD7AZY23WCQMN4GZSP230E,2024-01-30T14:44:28.991448301Z,01HNDD7AZ71N8E9Q8R5MXCW09X,2024-01-30T14:44:28.991448301Z,7,2024-01-30T14:44:28.991448301Z
01HNDD89604B2R58973XT8YEVS,true,2024-01-30T14:46:07.293328834Z,Round 8 / 9,2024-01-30T14:44:28.99204248Z,true,2024-01-30T14:45:56.452907406Z,7,2024-01-30T14:44:28.99204248Z,1,2024-01-30T14:44:29.075217031Z,Chat,2024-01-30T14:44:28.99204248Z,01HNDD7AZY23WCQMN4GZSP230E,2024-01-30T14:44:28.99204248Z,01HNDD7AZ71N8E9Q8R5MXCW09X,2024-01-30T14:44:28.99204248Z,8,2024-01-30T14:44:28.99204248Z
01HNDD89604B2R58974G3CKXS1,true,2024-01-30T14:46:15.254044656Z,Round 9 / 9,2024-01-30T14:44:28.992658688Z,true,2024-01-30T14:46:07.308220393Z,8,2024-01-30T14:44:28.992658688Z,1,2024-01-30T14:44:29.164398063Z,Chat,2024-01-30T14:44:28.992658688Z,01HNDD7AZY23WCQMN4GZSP230E,2024-01-30T14:44:28.992658688Z,01HNDD7AZ71N8E9Q8R5MXCW09X,2024-01-30T14:44:28.992658688Z,9,2024-01-30T14:44:28.992658688Z
01HNDDAGY8TH246PPMPEQG6Z02,true,2024-01-30T14:46:35.225078383Z,Round 1 / 9,2024-01-30T14:45:42.472893769Z,true,2024-01-30T14:45:42.647995332Z,0,2024-01-30T14:45:42.472893769Z,2,2024-01-30T14:45:42.532679841Z,Chat,2024-01-30T14:45:42.472893769Z,01HNDD7AZXPA9QVBYN9RJC9KCG,2024-01-30T14:45:42.472893769Z,01HNDD7AZ71N8E9Q8R5MXCW09X,2024-01-30T14:45:42.472893769Z,1,2024-01-30T14:45:42.472893769Z
01HNDDAGYAZF4A12E5508BD0A6,true,2024-01-30T14:47:20.952594951Z,Round 2 / 9,2024-01-30T14:45:42.474117068Z,true,2024-01-30T14:46:35.235461795Z,1,2024-01-30T14:45:42.474117068Z,2,2024-01-30T14:45:42.538500552Z,Chat,2024-01-30T14:45:42.474117068Z,01HNDD7AZXPA9QVBYN9RJC9KCG,2024-01-30T14:45:42.474117068Z,01HNDD7AZ71N8E9Q8R5MXCW09X,2024-01-30T14:45:42.474117068Z,2,2024-01-30T14:45:42.474117068Z
01HNDDAGYBNDD4155H190HHART,true,2024-01-30T14:48:09.056967049Z,Round 3 / 9,2024-01-30T14:45:42.475080014Z,true,2024-01-30T14:47:20.961958459Z,2,2024-01-30T14:45:42.475080014Z,2,2024-01-30T14:45:42.598338873Z,Chat,2024-01-30T14:45:42.475080014Z,01HNDD7AZXPA9QVBYN9RJC9KCG,2024-01-30T14:45:42.475080014Z,01HNDD7AZ71N8E9Q8R5MXCW09X,2024-01-30T14:45:42.475080014Z,3,2024-01-30T14:45:42.475080014Z
01HNDDAGYKHYN195XJQK2C8M0X,true,2024-01-30T14:48:58.106247961Z,Round 4 / 9,2024-01-30T14:45:42.483515317Z,true,2024-01-30T14:48:09.06958503Z,3,2024-01-30T14:45:42.483515317Z,2,2024-01-30T14:45:42.671467945Z,Chat,2024-01-30T14:45:42.483515317Z,01HNDD7AZXPA9QVBYN9RJC9KCG,2024-01-30T14:45:42.483515317Z,01HNDD7AZ71N8E9Q8R5MXCW09X,2024-01-30T14:45:42.483515317Z,4,2024-01-30T14:45:42.483515317Z
01HNDDAGYM8QG8HYE2BV47VVCH,true,2024-01-30T14:51:21.288751379Z,Round 7 / 9,2024-01-30T14:45:42.484599301Z,true,2024-01-30T14:50:22.066356564Z,6,2024-01-30T14:45:42.484599301Z,2,2024-01-30T14:45:42.680739181Z,Chat,2024-01-30T14:45:42.484599301Z,01HNDD7AZXPA9QVBYN9RJC9KCG,2024-01-30T14:45:42.484599301Z,01HNDD7AZ71N8E9Q8R5MXCW09X,2024-01-30T14:45:42.484599301Z,7,2024-01-30T14:45:42.484599301Z
01HNDDAGYNSKZ5DXWZ2V4Y37NB,true,2024-01-30T14:52:21.484981728Z,Round 8 / 9,2024-01-30T14:45:42.48550015Z,true,2024-01-30T14:51:21.306721993Z,7,2024-01-30T14:45:42.48550015Z,2,2024-01-30T14:45:42.680739181Z,Chat,2024-01-30T14:45:42.48550015Z,01HNDD7AZXPA9QVBYN9RJC9KCG,2024-01-30T14:45:42.48550015Z,01HNDD7AZ71N8E9Q8R5MXCW09X,2024-01-30T14:45:42.48550015Z,8,2024-01-30T14:45:42.48550015Z
01HNDDAGYP0G4HJHMVWYA5D3HJ,true,2024-01-30T14:53:04.965039382Z,Round 9 / 9,2024-01-30T14:45:42.486405901Z,true,2024-01-30T14:52:21.498575056Z,8,2024-01-30T14:45:42.486405901Z,2,2024-01-30T14:45:42.546477267Z,Chat,2024-01-30T14:45:42.486405901Z,01HNDD7AZXPA9QVBYN9RJC9KCG,2024-01-30T14:45:42.486405901Z,01HNDD7AZ71N8E9Q8R5MXCW09X,2024-01-30T14:45:42.486405901Z,9,2024-01-30T14:45:42.486405901Z
01HNDDAGYRTGS1838RBHN0EZT2,true,2024-01-30T14:49:38.633573333Z,Round 5 / 9,2024-01-30T14:45:42.489005681Z,true,2024-01-30T14:48:58.121212211Z,4,2024-01-30T14:45:42.489005681Z,2,2024-01-30T14:45:42.546477267Z,Chat,2024-01-30T14:45:42.489005681Z,01HNDD7AZXPA9QVBYN9RJC9KCG,2024-01-30T14:45:42.489005681Z,01HNDD7AZ71N8E9Q8R5MXCW09X,2024-01-30T14:45:42.489005681Z,5,2024-01-30T14:45:42.489005681Z
01HNDDAGYSMH8SM7R7RZ85V4PJ,true,2024-01-30T14:50:22.052630019Z,Round 6 / 9,2024-01-30T14:45:42.489972163Z,true,2024-01-30T14:49:38.645954584Z,5,2024-01-30T14:45:42.489972163Z,2,2024-01-30T14:45:42.546477267Z,Chat,2024-01-30T14:45:42.489972163Z,01HNDD7AZXPA9QVBYN9RJC9KCG,2024-01-30T14:45:42.489972163Z,01HNDD7AZ71N8E9Q8R5MXCW09X,2024-01-30T14:45:42.489972163Z,6,2024-01-30T14:45:42.489972163Z
01HNDDBP9CW3XXYB4KW1HPJG48,true,2024-01-30T14:46:51.027167071Z,Round 1 / 9,2024-01-30T14:46:20.716493612Z,true,2024-01-30T14:46:20.831095359Z,0,2024-01-30T14:46:20.716493612Z,1,2024-01-30T14:46:20.85971586Z,Chat,2024-01-30T14:46:20.716493612Z,01HNDD7CMVS1E9XVTQV0PC5GFG,2024-01-30T14:46:20.716493612Z,01HNDD7CMER0D7FW6SZ6T050B6,2024-01-30T14:46:20.716493612Z,1,2024-01-30T14:46:20.716493612Z
01HNDDBP9D0AN459S1M1DB45PB,true,2024-01-30T14:48:21.15901569Z,Round 5 / 9,2024-01-30T14:46:20.717851886Z,true,2024-01-30T14:48:02.734208781Z,4,2024-01-30T14:46:20.717851886Z,1,2024-01-30T14:46:20.85971586Z,Chat,2024-01-30T14:46:20.717851886Z,01HNDD7CMVS1E9XVTQV0PC5GFG,2024-01-30T14:46:20.717851886Z,01HNDD7CMER0D7FW6SZ6T050B6,2024-01-30T14:46:20.717851886Z,5,2024-01-30T14:46:20.717851886Z
01HNDDBP9ESARN3BQZP2ZRW33M,true,2024-01-30T14:47:16.494610111Z,Round 2 / 9,2024-01-30T14:46:20.719022152Z,true,2024-01-30T14:46:51.034298185Z,1,2024-01-30T14:46:20.719022152Z,1,2024-01-30T14:46:20.769039642Z,Chat,2024-01-30T14:46:20.719022152Z,01HNDD7CMVS1E9XVTQV0PC5GFG,2024-01-30T14:46:20.719022152Z,01HNDD7CMER0D7FW6SZ6T050B6,2024-01-30T14:46:20.719022152Z,2,2024-01-30T14:46:20.719022152Z
01HNDDBP9GASNAZ757KDEXGS30,true,2024-01-30T14:47:46.577978139Z,Round 3 / 9,2024-01-30T14:46:20.720962395Z,true,2024-01-30T14:47:16.5043611Z,2,2024-01-30T14:46:20.720962395Z,1,2024-01-30T14:46:20.786351244Z,Chat,2024-01-30T14:46:20.720962395Z,01HNDD7CMVS1E9XVTQV0PC5GFG,2024-01-30T14:46:20.720962395Z,01HNDD7CMER0D7FW6SZ6T050B6,2024-01-30T14:46:20.720962395Z,3,2024-01-30T14:46:20.720962395Z
01HNDDBP9HNXW670PAXF9RMS4X,true,2024-01-30T14:48:02.724708205Z,Round 4 / 9,2024-01-30T14:46:20.722004537Z,true,2024-01-30T14:47:46.589121494Z,3,2024-01-30T14:46:20.722004537Z,1,2024-01-30T14:46:20.85971586Z,Chat,2024-01-30T14:46:20.722004537Z,01HNDD7CMVS1E9XVTQV0PC5GFG,2024-01-30T14:46:20.722004537Z,01HNDD7CMER0D7FW6SZ6T050B6,2024-01-30T14:46:20.722004537Z,4,2024-01-30T14:46:20.722004537Z
01HNDDBP9K22N386783BC4NCKH,true,2024-01-30T14:48:34.950133364Z,Round 6 / 9,2024-01-30T14:46:20.723067683Z,true,2024-01-30T14:48:21.170361987Z,5,2024-01-30T14:46:20.723067683Z,1,2024-01-30T14:46:20.85971586Z,Chat,2024-01-30T14:46:20.723067683Z,01HNDD7CMVS1E9XVTQV0PC5GFG,2024-01-30T14:46:20.723067683Z,01HNDD7CMER0D7FW6SZ6T050B6,2024-01-30T14:46:20.723067683Z,6,2024-01-30T14:46:20.723067683Z
01HNDDBP9MF0VTQ8XMP09XQS29,true,2024-01-30T14:48:46.635063966Z,Round 7 / 9,2024-01-30T14:46:20.724094326Z,true,2024-01-30T14:48:34.966660248Z,6,2024-01-30T14:46:20.724094326Z,1,2024-01-30T14:46:20.864489284Z,Chat,2024-01-30T14:46:20.724094326Z,01HNDD7CMVS1E9XVTQV0PC5GFG,2024-01-30T14:46:20.724094326Z,01HNDD7CMER0D7FW6SZ6T050B6,2024-01-30T14:46:20.724094326Z,7,2024-01-30T14:46:20.724094326Z
01HNDDBP9NBFR31Y4YMAG82Y10,true,2024-01-30T14:48:55.234434492Z,Round 8 / 9,2024-01-30T14:46:20.725165943Z,true,2024-01-30T14:48:46.64763842Z,7,2024-01-30T14:46:20.725165943Z,1,2024-01-30T14:46:20.786351244Z,Chat,2024-01-30T14:46:20.725165943Z,01HNDD7CMVS1E9XVTQV0PC5GFG,2024-01-30T14:46:20.725165943Z,01HNDD7CMER0D7FW6SZ6T050B6,2024-01-30T14:46:20.725165943Z,8,2024-01-30T14:46:20.725165943Z
01HNDDBP9PNYB81TQ0JYNM8S9Y,true,2024-01-30T14:49:06.146340141Z,Round 9 / 9,2024-01-30T14:46:20.726248315Z,true,2024-01-30T14:48:55.248267946Z,8,2024-01-30T14:46:20.726248315Z,1,2024-01-30T14:46:20.85971586Z,Chat,2024-01-30T14:46:20.726248315Z,01HNDD7CMVS1E9XVTQV0PC5GFG,2024-01-30T14:46:20.726248315Z,01HNDD7CMER0D7FW6SZ6T050B6,2024-01-30T14:46:20.726248315Z,9,2024-01-30T14:46:20.726248315Z
01HNDDC3ZFRMSA1VY15Q9WDC4A,true,2024-01-30T14:47:35.168658154Z,Round 1 / 9,2024-01-30T14:46:34.735776043Z,true,2024-01-30T14:46:34.8691394Z,0,2024-01-30T14:46:34.735776043Z,2,2024-01-30T14:46:34.83919022Z,Chat,2024-01-30T14:46:34.735776043Z,01HNDD7CMS7PTDB7KKD18WWK2H,2024-01-30T14:46:34.735776043Z,01HNDD7CMER0D7FW6SZ6T050B6,2024-01-30T14:46:34.735776043Z,1,2024-01-30T14:46:34.735776043Z
01HNDDC3ZHW6C90MFZ6R3V4BRY,true,2024-01-30T14:48:35.32601418Z,Round 2 / 9,2024-01-30T14:46:34.737105005Z,true,2024-01-30T14:47:35.185557499Z,1,2024-01-30T14:46:34.737105005Z,2,2024-01-30T14:46:34.878583438Z,Chat,2024-01-30T14:46:34.737105005Z,01HNDD7CMS7PTDB7KKD18WWK2H,2024-01-30T14:46:34.737105005Z,01HNDD7CMER0D7FW6SZ6T050B6,2024-01-30T14:46:34.737105005Z,2,2024-01-30T14:46:34.737105005Z
01HNDDC3ZJGJF6P3JDXG3JFVRQ,true,2024-01-30T14:50:32.518060252Z,Round 4 / 9,2024-01-30T14:46:34.738376967Z,true,2024-01-30T14:49:35.513754642Z,3,2024-01-30T14:46:34.738376967Z,2,2024-01-30T14:46:34.841476389Z,Chat,2024-01-30T14:46:34.738376967Z,01HNDD7CMS7PTDB7KKD18WWK2H,2024-01-30T14:46:34.738376967Z,01HNDD7CMER0D7FW6SZ6T050B6,2024-01-30T14:46:34.738376967Z,4,2024-01-30T14:46:34.738376967Z
01HNDDC3ZKX6FYDZ3R3RV01ZTR,true,2024-01-30T14:51:32.693482475Z,Round 5 / 9,2024-01-30T14:46:34.739746552Z,true,2024-01-30T14:50:32.530345023Z,4,2024-01-30T14:46:34.739746552Z,2,2024-01-30T14:46:34.84364338Z,Chat,2024-01-30T14:46:34.739746552Z,01HNDD7CMS7PTDB7KKD18WWK2H,2024-01-30T14:46:34.739746552Z,01HNDD7CMER0D7FW6SZ6T050B6,2024-01-30T14:46:34.739746552Z,5,2024-01-30T14:46:34.739746552Z
01HNDDC3ZNDG651XJ90F78VXBF,true,2024-01-30T14:49:35.499289252Z,Round 3 / 9,2024-01-30T14:46:34.741307445Z,true,2024-01-30T14:48:35.341617686Z,2,2024-01-30T14:46:34.741307445Z,2,2024-01-30T14:46:34.800152744Z,Chat,2024-01-30T14:46:34.741307445Z,01HNDD7CMS7PTDB7KKD18WWK2H,2024-01-30T14:46:34.741307445Z,01HNDD7CMER0D7FW6SZ6T050B6,2024-01-30T14:46:34.741307445Z,3,2024-01-30T14:46:34.741307445Z
01HNDDC3ZP5XHHQ6YVBPTK7WZR,true,2024-01-30T14:53:14.99719643Z,Round 7 / 9,2024-01-30T14:46:34.742412308Z,true,2024-01-30T14:52:24.990578899Z,6,2024-01-30T14:46:34.742412308Z,2,2024-01-30T14:46:34.852724675Z,Chat,2024-01-30T14:46:34.742412308Z,01HNDD7CMS7PTDB7KKD18WWK2H,2024-01-30T14:46:34.742412308Z,01HNDD7CMER0D7FW6SZ6T050B6,2024-01-30T14:46:34.742412308Z,7,2024-01-30T14:46:34.742412308Z
01HNDDC3ZQG0M43T9XX30KX534,true,2024-01-30T14:52:24.978497367Z,Round 6 / 9,2024-01-30T14:46:34.74355875Z,true,2024-01-30T14:51:32.711602062Z,5,2024-01-30T14:46:34.74355875Z,2,2024-01-30T14:46:34.846375788Z,Chat,2024-01-30T14:46:34.74355875Z,01HNDD7CMS7PTDB7KKD18WWK2H,2024-01-30T14:46:34.74355875Z,01HNDD7CMER0D7FW6SZ6T050B6,2024-01-30T14:46:34.74355875Z,6,2024-01-30T14:46:34.74355875Z
01HNDDC3ZR21JXMH0N1K7ZXDSM,true,2024-01-30T14:54:01.179448619Z,Round 8 / 9,2024-01-30T14:46:34.744792785Z,true,2024-01-30T14:53:15.015204766Z,7,2024-01-30T14:46:34.744792785Z,2,2024-01-30T14:46:34.940257334Z,Chat,2024-01-30T14:46:34.744792785Z,01HNDD7CMS7PTDB7KKD18WWK2H,2024-01-30T14:46:34.744792785Z,01HNDD7CMER0D7FW6SZ6T050B6,2024-01-30T14:46:34.744792785Z,8,2024-01-30T14:46:34.744792785Z
01HNDDC3ZSPS75EJVTDW7VVF0H,true,2024-01-30T14:54:48.791499882Z,Round 9 / 9,2024-01-30T14:46:34.745969045Z,true,2024-01-30T14:54:01.200138326Z,8,2024-01-30T14:46:34.745969045Z,2,2024-01-30T14:46:34.926634046Z,Chat,2024-01-30T14:46:34.745969045Z,01HNDD7CMS7PTDB7KKD18WWK2H,2024-01-30T14:46:34.745969045Z,01HNDD7CMER0D7FW6SZ6T050B6,2024-01-30T14:46:34.745969045Z,9,2024-01-30T14:46:34.745969045Z
01HNDDDGEN01FWAWHT2VJZSE8R,true,2024-01-30T14:49:03.757886127Z,Round 2 / 9,2024-01-30T14:47:20.27706486Z,true,2024-01-30T14:48:03.609973051Z,1,2024-01-30T14:47:20.27706486Z,2,2024-01-30T14:47:20.340460471Z,Chat,2024-01-30T14:47:20.27706486Z,01HNDD7D7YVCA989M8KQ7VZEP8,2024-01-30T14:47:20.27706486Z,01HNDD7D7K1SB8JVBQNAXA59EA,2024-01-30T14:47:20.27706486Z,2,2024-01-30T14:47:20.27706486Z
01HNDDDGEPFDERF7DAPXSFFSW0,true,2024-01-30T14:50:03.933585412Z,Round 3 / 9,2024-01-30T14:47:20.278805824Z,true,2024-01-30T14:49:03.771947805Z,2,2024-01-30T14:47:20.278805824Z,2,2024-01-30T14:47:20.360936855Z,Chat,2024-01-30T14:47:20.278805824Z,01HNDD7D7YVCA989M8KQ7VZEP8,2024-01-30T14:47:20.278805824Z,01HNDD7D7K1SB8JVBQNAXA59EA,2024-01-30T14:47:20.278805824Z,3,2024-01-30T14:47:20.278805824Z
01HNDDDGERVAQB2YJC1592D0K7,true,2024-01-30T14:54:11.649498559Z,Round 9 / 9,2024-01-30T14:47:20.280225165Z,true,2024-01-30T14:53:30.593914908Z,8,2024-01-30T14:47:20.280225165Z,2,2024-01-30T14:47:20.350372824Z,Chat,2024-01-30T14:47:20.280225165Z,01HNDD7D7YVCA989M8KQ7VZEP8,2024-01-30T14:47:20.280225165Z,01HNDD7D7K1SB8JVBQNAXA59EA,2024-01-30T14:47:20.280225165Z,9,2024-01-30T14:47:20.280225165Z
01HNDDDGESCH8S7F8NCZZNGKNA,true,2024-01-30T14:48:03.596980178Z,Round 1 / 9,2024-01-30T14:47:20.28153164Z,true,2024-01-30T14:47:20.549869219Z,0,2024-01-30T14:47:20.28153164Z,2,2024-01-30T14:47:20.485334167Z,Chat,2024-01-30T14:47:20.28153164Z,01HNDD7D7YVCA989M8KQ7VZEP8,2024-01-30T14:47:20.28153164Z,01HNDD7D7K1SB8JVBQNAXA59EA,2024-01-30T14:47:20.28153164Z,1,2024-01-30T14:47:20.28153164Z
01HNDDDGEVBXBKZEV9JSQJ3WYT,true,2024-01-30T14:50:47.601755691Z,Round 4 / 9,2024-01-30T14:47:20.283186735Z,true,2024-01-30T14:50:03.947638696Z,3,2024-01-30T14:47:20.283186735Z,2,2024-01-30T14:47:20.379656918Z,Chat,2024-01-30T14:47:20.283186735Z,01HNDD7D7YVCA989M8KQ7VZEP8,2024-01-30T14:47:20.283186735Z,01HNDD7D7K1SB8JVBQNAXA59EA,2024-01-30T14:47:20.283186735Z,4,2024-01-30T14:47:20.283186735Z
01HNDDDGEWABS0G3G0MG01MT44,true,2024-01-30T14:52:03.965937957Z,Round 6 / 9,2024-01-30T14:47:20.284533789Z,true,2024-01-30T14:51:26.259186454Z,5,2024-01-30T14:47:20.284533789Z,2,2024-01-30T14:47:20.523106519Z,Chat,2024-01-30T14:47:20.284533789Z,01HNDD7D7YVCA989M8KQ7VZEP8,2024-01-30T14:47:20.284533789Z,01HNDD7D7K1SB8JVBQNAXA59EA,2024-01-30T14:47:20.284533789Z,6,2024-01-30T14:47:20.284533789Z
01HNDDDGEZTRN00FS253PHKDRC,true,2024-01-30T14:51:26.246047025Z,Round 5 / 9,2024-01-30T14:47:20.287390472Z,true,2024-01-30T14:50:47.616852368Z,4,2024-01-30T14:47:20.287390472Z,2,2024-01-30T14:47:20.420175248Z,Chat,2024-01-30T14:47:20.287390472Z,01HNDD7D7YVCA989M8KQ7VZEP8,2024-01-30T14:47:20.287390472Z,01HNDD7D7K1SB8JVBQNAXA59EA,2024-01-30T14:47:20.287390472Z,5,2024-01-30T14:47:20.287390472Z
01HNDDDGF077J2G7JHJV9K5GFF,true,2024-01-30T14:52:43.775288377Z,Round 7 / 9,2024-01-30T14:47:20.288813327Z,true,2024-01-30T14:52:03.98601407Z,6,2024-01-30T14:47:20.288813327Z,2,2024-01-30T14:47:20.517052762Z,Chat,2024-01-30T14:47:20.288813327Z,01HNDD7D7YVCA989M8KQ7VZEP8,2024-01-30T14:47:20.288813327Z,01HNDD7D7K1SB8JVBQNAXA59EA,2024-01-30T14:47:20.288813327Z,7,2024-01-30T14:47:20.288813327Z
01HNDDDGF26SRN6GCM1AZ8EPW4,true,2024-01-30T14:53:30.580919723Z,Round 8 / 9,2024-01-30T14:47:20.290480601Z,true,2024-01-30T14:52:43.790038455Z,7,2024-01-30T14:47:20.290480601Z,2,2024-01-30T14:47:20.350372824Z,Chat,2024-01-30T14:47:20.290480601Z,01HNDD7D7YVCA989M8KQ7VZEP8,2024-01-30T14:47:20.290480601Z,01HNDD7D7K1SB8JVBQNAXA59EA,2024-01-30T14:47:20.290480601Z,8,2024-01-30T14:47:20.290480601Z
01HNDDGESK6C24GYZ5KJD64S0P,true,2024-01-30T14:49:27.264430203Z,Round 1 / 9,2024-01-30T14:48:56.883900533Z,true,2024-01-30T14:48:56.978671447Z,0,2024-01-30T14:48:56.883900533Z,1,2024-01-30T14:48:56.930925045Z,Chat,2024-01-30T14:48:56.883900533Z,01HNDD7D7ZEXD82FCB8N5WJ2G0,2024-01-30T14:48:56.883900533Z,01HNDD7D7K1SB8JVBQNAXA59EA,2024-01-30T14:48:56.883900533Z,1,2024-01-30T14:48:56.883900533Z
01HNDDGESP2GY8X7DPQ5Z94SC3,true,2024-01-30T14:49:57.369775057Z,Round 2 / 9,2024-01-30T14:48:56.886262414Z,true,2024-01-30T14:49:27.277478376Z,1,2024-01-30T14:48:56.886262414Z,1,2024-01-30T14:48:56.988135394Z,Chat,2024-01-30T14:48:56.886262414Z,01HNDD7D7ZEXD82FCB8N5WJ2G0,2024-01-30T14:48:56.886262414Z,01HNDD7D7K1SB8JVBQNAXA59EA,2024-01-30T14:48:56.886262414Z,2,2024-01-30T14:48:56.886262414Z
01HNDDGESR5241KZZJS65JZN1Y,true,2024-01-30T14:50:25.333347297Z,Round 3 / 9,2024-01-30T14:48:56.888323168Z,true,2024-01-30T14:49:57.380934144Z,2,2024-01-30T14:48:56.888323168Z,1,2024-01-30T14:48:56.988135394Z,Chat,2024-01-30T14:48:56.888323168Z,01HNDD7D7ZEXD82FCB8N5WJ2G0,2024-01-30T14:48:56.888323168Z,01HNDD7D7K1SB8JVBQNAXA59EA,2024-01-30T14:48:56.888323168Z,3,2024-01-30T14:48:56.888323168Z
01HNDDGESX3ZZP4MF1X5VCS8E6,true,2024-01-30T14:51:15.870760131Z,Round 5 / 9,2024-01-30T14:48:56.893953632Z,true,2024-01-30T14:50:55.460894806Z,4,2024-01-30T14:48:56.893953632Z,1,2024-01-30T14:48:57.013532853Z,Chat,2024-01-30T14:48:56.893953632Z,01HNDD7D7ZEXD82FCB8N5WJ2G0,2024-01-30T14:48:56.893953632Z,01HNDD7D7K1SB8JVBQNAXA59EA,2024-01-30T14:48:56.893953632Z,5,2024-01-30T14:48:56.893953632Z
01HNDDGESZ8VKBASTVWWVB26GP,true,2024-01-30T14:51:52.222130183Z,Round 7 / 9,2024-01-30T14:48:56.895728366Z,true,2024-01-30T14:51:30.230489827Z,6,2024-01-30T14:48:56.895728366Z,1,2024-01-30T14:48:56.978671447Z,Chat,2024-01-30T14:48:56.895728366Z,01HNDD7D7ZEXD82FCB8N5WJ2G0,2024-01-30T14:48:56.895728366Z,01HNDD7D7K1SB8JVBQNAXA59EA,2024-01-30T14:48:56.895728366Z,7,2024-01-30T14:48:56.895728366Z
01HNDDGET4FCAAVY8AQ4RA6DWZ,true,2024-01-30T14:52:22.333202267Z,Round 8 / 9,2024-01-30T14:48:56.900439827Z,true,2024-01-30T14:51:52.237832188Z,7,2024-01-30T14:48:56.900439827Z,1,2024-01-30T14:48:57.019140224Z,Chat,2024-01-30T14:48:56.900439827Z,01HNDD7D7ZEXD82FCB8N5WJ2G0,2024-01-30T14:48:56.900439827Z,01HNDD7D7K1SB8JVBQNAXA59EA,2024-01-30T14:48:56.900439827Z,8,2024-01-30T14:48:56.900439827Z
01HNDDGET6M5XSGY814G90RQF4,true,2024-01-30T14:51:30.2183292Z,Round 6 / 9,2024-01-30T14:48:56.902386631Z,true,2024-01-30T14:51:15.883484759Z,5,2024-01-30T14:48:56.902386631Z,1,2024-01-30T14:48:57.03544222Z,Chat,2024-01-30T14:48:56.902386631Z,01HNDD7D7ZEXD82FCB8N5WJ2G0,2024-01-30T14:48:56.902386631Z,01HNDD7D7K1SB8JVBQNAXA59EA,2024-01-30T14:48:56.902386631Z,6,2024-01-30T14:48:56.902386631Z
01HNDDGET8G86MBQ84WT0G61SS,true,2024-01-30T14:52:36.171903797Z,Round 9 / 9,2024-01-30T14:48:56.904165516Z,true,2024-01-30T14:52:22.349880885Z,8,2024-01-30T14:48:56.904165516Z,1,2024-01-30T14:48:57.03544222Z,Chat,2024-01-30T14:48:56.904165516Z,01HNDD7D7ZEXD82FCB8N5WJ2G0,2024-01-30T14:48:56.904165516Z,01HNDD7D7K1SB8JVBQNAXA59EA,2024-01-30T14:48:56.904165516Z,9,2024-01-30T14:48:56.904165516Z
01HNDDGETD78R83GFFFAG1CB1X,true,2024-01-30T14:50:55.444741466Z,Round 4 / 9,2024-01-30T14:48:56.909965816Z,true,2024-01-30T14:50:25.344856817Z,3,2024-01-30T14:48:56.909965816Z,1,2024-01-30T14:48:57.019140224Z,Chat,2024-01-30T14:48:56.909965816Z,01HNDD7D7ZEXD82FCB8N5WJ2G0,2024-01-30T14:48:56.909965816Z,01HNDD7D7K1SB8JVBQNAXA59EA,2024-01-30T14:48:56.909965816Z,4,2024-01-30T14:48:56.909965816Z
01HNDDGKHZZ73WFR77W0N65ZTJ,true,2024-01-30T14:49:59.162703118Z,Round 1 / 9,2024-01-30T14:49:01.759601294Z,true,2024-01-30T14:49:01.993824602Z,0,2024-01-30T14:49:01.759601294Z,2,2024-01-30T14:49:01.850986007Z,Chat,2024-01-30T14:49:01.759601294Z,01HNDD7DD6BJR4V35QYQZTFKFC,2024-01-30T14:49:01.759601294Z,01HNDD7DCWA2H12T80JVFYY4MB,2024-01-30T14:49:01.759601294Z,1,2024-01-30T14:49:01.759601294Z
01HNDDGKJ3P36JHDPRY3JQDBVY,true,2024-01-30T14:50:51.510083658Z,Round 2 / 9,2024-01-30T14:49:01.763293091Z,true,2024-01-30T14:49:59.174214705Z,1,2024-01-30T14:49:01.763293091Z,2,2024-01-30T14:49:01.903903854Z,Chat,2024-01-30T14:49:01.763293091Z,01HNDD7DD6BJR4V35QYQZTFKFC,2024-01-30T14:49:01.763293091Z,01HNDD7DCWA2H12T80JVFYY4MB,2024-01-30T14:49:01.763293091Z,2,2024-01-30T14:49:01.763293091Z
01HNDDGKJ5TPY0YJW0BVR0DD1N,true,2024-01-30T14:51:51.69799557Z,Round 3 / 9,2024-01-30T14:49:01.765847057Z,true,2024-01-30T14:50:51.523581018Z,2,2024-01-30T14:49:01.765847057Z,2,2024-01-30T14:49:01.921820917Z,Chat,2024-01-30T14:49:01.765847057Z,01HNDD7DD6BJR4V35QYQZTFKFC,2024-01-30T14:49:01.765847057Z,01HNDD7DCWA2H12T80JVFYY4MB,2024-01-30T14:49:01.765847057Z,3,2024-01-30T14:49:01.765847057Z
01HNDDGKJ8RW00QJ8KVNEY53JN,true,2024-01-30T14:52:51.888748129Z,Round 4 / 9,2024-01-30T14:49:01.768753472Z,true,2024-01-30T14:51:51.712682756Z,3,2024-01-30T14:49:01.768753472Z,2,2024-01-30T14:49:01.917959523Z,Chat,2024-01-30T14:49:01.768753472Z,01HNDD7DD6BJR4V35QYQZTFKFC,2024-01-30T14:49:01.768753472Z,01HNDD7DCWA2H12T80JVFYY4MB,2024-01-30T14:49:01.768753472Z,4,2024-01-30T14:49:01.768753472Z
01HNDDGKJBVNHMC3E04DV96RDX,true,2024-01-30T14:53:32.678410859Z,Round 5 / 9,2024-01-30T14:49:01.77174487Z,true,2024-01-30T14:52:51.90537153Z,4,2024-01-30T14:49:01.77174487Z,2,2024-01-30T14:49:01.921820917Z,Chat,2024-01-30T14:49:01.77174487Z,01HNDD7DD6BJR4V35QYQZTFKFC,2024-01-30T14:49:01.77174487Z,01HNDD7DCWA2H12T80JVFYY4MB,2024-01-30T14:49:01.77174487Z,5,2024-01-30T14:49:01.77174487Z
01HNDDGKJF6MKHQH2MGG3RG0H5,true,2024-01-30T14:54:23.391029777Z,Round 6 / 9,2024-01-30T14:49:01.775665044Z,true,2024-01-30T14:53:32.692709363Z,5,2024-01-30T14:49:01.775665044Z,2,2024-01-30T14:49:02.043038853Z,Chat,2024-01-30T14:49:01.775665044Z,01HNDD7DD6BJR4V35QYQZTFKFC,2024-01-30T14:49:01.775665044Z,01HNDD7DCWA2H12T80JVFYY4MB,2024-01-30T14:49:01.775665044Z,6,2024-01-30T14:49:01.775665044Z
01HNDDGKJJQC1R3GTS2Q5EBDCX,true,2024-01-30T14:55:23.600642577Z,Round 7 / 9,2024-01-30T14:49:01.778414022Z,true,2024-01-30T14:54:23.408500977Z,6,2024-01-30T14:49:01.778414022Z,2,2024-01-30T14:49:02.036977856Z,Chat,2024-01-30T14:49:01.778414022Z,01HNDD7DD6BJR4V35QYQZTFKFC,2024-01-30T14:49:01.778414022Z,01HNDD7DCWA2H12T80JVFYY4MB,2024-01-30T14:49:01.778414022Z,7,2024-01-30T14:49:01.778414022Z
01HNDDGKJMFY43M1KX1EH7A61H,true,2024-01-30T14:56:19.615516071Z,Round 8 / 9,2024-01-30T14:49:01.780832937Z,true,2024-01-30T14:55:23.619888121Z,7,2024-01-30T14:49:01.780832937Z,2,2024-01-30T14:49:01.862265824Z,Chat,2024-01-30T14:49:01.780832937Z,01HNDD7DD6BJR4V35QYQZTFKFC,2024-01-30T14:49:01.780832937Z,01HNDD7DCWA2H12T80JVFYY4MB,2024-01-30T14:49:01.780832937Z,8,2024-01-30T14:49:01.780832937Z
01HNDDGKJR0HYEZP2C8Q67NE8C,true,2024-01-30T14:57:01.007444512Z,Round 9 / 9,2024-01-30T14:49:01.784113543Z,true,2024-01-30T14:56:19.634965883Z,8,2024-01-30T14:49:01.784113543Z,2,2024-01-30T14:49:01.870004041Z,Chat,2024-01-30T14:49:01.784113543Z,01HNDD7DD6BJR4V35QYQZTFKFC,2024-01-30T14:49:01.784113543Z,01HNDD7DCWA2H12T80JVFYY4MB,2024-01-30T14:49:01.784113543Z,9,2024-01-30T14:49:01.784113543Z
01HNDDJCYHZ8DTCBQBEEFMCFA2,true,2024-01-30T14:52:01.184743669Z,Round 2 / 9,2024-01-30T14:50:00.530806012Z,true,2024-01-30T14:51:01.028256912Z,1,2024-01-30T14:50:00.530806012Z,2,2024-01-30T14:50:00.650152336Z,Chat,2024-01-30T14:50:00.530806012Z,01HNDD7DJAB5GE8C0QTZC8S0GH,2024-01-30T14:50:00.530806012Z,01HNDD7DJ1NA0SSKZ1VHEG0W37,2024-01-30T14:50:00.530806012Z,2,2024-01-30T14:50:00.530806012Z
01HNDDJCYS7WR8CE8BGTKCWBXY,true,2024-01-30T14:51:01.014926385Z,Round 1 / 9,2024-01-30T14:50:00.537845095Z,true,2024-01-30T14:50:00.754699217Z,0,2024-01-30T14:50:00.537845095Z,2,2024-01-30T14:50:00.618615815Z,Chat,2024-01-30T14:50:00.537845095Z,01HNDD7DJAB5GE8C0QTZC8S0GH,2024-01-30T14:50:00.537845095Z,01HNDD7DJ1NA0SSKZ1VHEG0W37,2024-01-30T14:50:00.537845095Z,1,2024-01-30T14:50:00.537845095Z
01HNDDJCYXGVNHEKK40EZ2ZK6J,true,2024-01-30T14:52:53.421961638Z,Round 3 / 9,2024-01-30T14:50:00.541405184Z,true,2024-01-30T14:52:01.199209678Z,2,2024-01-30T14:50:00.541405184Z,2,2024-01-30T14:50:00.645082062Z,Chat,2024-01-30T14:50:00.541405184Z,01HNDD7DJAB5GE8C0QTZC8S0GH,2024-01-30T14:50:00.541405184Z,01HNDD7DJ1NA0SSKZ1VHEG0W37,2024-01-30T14:50:00.541405184Z,3,2024-01-30T14:50:00.541405184Z
01HNDDJCYZ6ESW1AJF3R51SBPW,true,2024-01-30T14:53:46.99903687Z,Round 4 / 9,2024-01-30T14:50:00.543564091Z,true,2024-01-30T14:52:53.437553476Z,3,2024-01-30T14:50:00.543564091Z,2,2024-01-30T14:50:00.656051934Z,Chat,2024-01-30T14:50:00.543564091Z,01HNDD7DJAB5GE8C0QTZC8S0GH,2024-01-30T14:50:00.543564091Z,01HNDD7DJ1NA0SSKZ1VHEG0W37,2024-01-30T14:50:00.543564091Z,4,2024-01-30T14:50:00.543564091Z
01HNDDJCZ28JMW0YDDSMYT2A9M,true,2024-01-30T14:55:28.482449996Z,Round 6 / 9,2024-01-30T14:50:00.546891642Z,true,2024-01-30T14:54:38.103823244Z,5,2024-01-30T14:50:00.546891642Z,2,2024-01-30T14:50:00.618615815Z,Chat,2024-01-30T14:50:00.546891642Z,01HNDD7DJAB5GE8C0QTZC8S0GH,2024-01-30T14:50:00.546891642Z,01HNDD7DJ1NA0SSKZ1VHEG0W37,2024-01-30T14:50:00.546891642Z,6,2024-01-30T14:50:00.546891642Z
01HNDDJCZ5NV7FNW72RXCH8J8G,true,2024-01-30T14:56:10.528776725Z,Round 7 / 9,2024-01-30T14:50:00.549043514Z,true,2024-01-30T14:55:28.499850602Z,6,2024-01-30T14:50:00.549043514Z,2,2024-01-30T14:50:00.679130295Z,Chat,2024-01-30T14:50:00.549043514Z,01HNDD7DJAB5GE8C0QTZC8S0GH,2024-01-30T14:50:00.549043514Z,01HNDD7DJ1NA0SSKZ1VHEG0W37,2024-01-30T14:50:00.549043514Z,7,2024-01-30T14:50:00.549043514Z
01HNDDJCZ624HK0F661R9EZDQW,true,2024-01-30T14:54:38.085150291Z,Round 5 / 9,2024-01-30T14:50:00.550810333Z,true,2024-01-30T14:53:47.016961373Z,4,2024-01-30T14:50:00.550810333Z,2,2024-01-30T14:50:00.62452471Z,Chat,2024-01-30T14:50:00.550810333Z,01HNDD7DJAB5GE8C0QTZC8S0GH,2024-01-30T14:50:00.550810333Z,01HNDD7DJ1NA0SSKZ1VHEG0W37,2024-01-30T14:50:00.550810333Z,5,2024-01-30T14:50:00.550810333Z
01HNDDJCZCTYTXXAVNER50EMPN,true,2024-01-30T14:57:37.458588732Z,Round 9 / 9,2024-01-30T14:50:00.557007928Z,true,2024-01-30T14:56:54.76402222Z,8,2024-01-30T14:50:00.557007928Z,2,2024-01-30T14:50:00.673411029Z,Chat,2024-01-30T14:50:00.557007928Z,01HNDD7DJAB5GE8C0QTZC8S0GH,2024-01-30T14:50:00.557007928Z,01HNDD7DJ1NA0SSKZ1VHEG0W37,2024-01-30T14:50:00.557007928Z,9,2024-01-30T14:50:00.557007928Z
01HNDDJCZFQZMJDFTW3AB9T6H3,true,2024-01-30T14:56:54.747477648Z,Round 8 / 9,2024-01-30T14:50:00.559199235Z,true,2024-01-30T14:56:10.546572865Z,7,2024-01-30T14:50:00.559199235Z,2,2024-01-30T14:50:00.718308437Z,Chat,2024-01-30T14:50:00.559199235Z,01HNDD7DJAB5GE8C0QTZC8S0GH,2024-01-30T14:50:00.559199235Z,01HNDD7DJ1NA0SSKZ1VHEG0W37,2024-01-30T14:50:00.559199235Z,8,2024-01-30T14:50:00.559199235Z
01HNDDPTBGCV1CCGWCFZVCAQ3X,true,2024-01-30T14:53:25.828908766Z,Round 2 / 9,2024-01-30T14:52:25.328231481Z,true,2024-01-30T14:52:55.729148512Z,1,2024-01-30T14:52:25.328231481Z,1,2024-01-30T14:52:25.435943631Z,Chat,2024-01-30T14:52:25.328231481Z,01HNDD7DD77N4FH8ST3K0GR846,2024-01-30T14:52:25.328231481Z,01HNDD7DCWA2H12T80JVFYY4MB,2024-01-30T14:52:25.328231481Z,2,2024-01-30T14:52:25.328231481Z
01HNDDPTBKAGK25SA6HNRR49SH,true,2024-01-30T14:53:55.967649089Z,Round 3 / 9,2024-01-30T14:52:25.331606197Z,true,2024-01-30T14:53:25.843293391Z,2,2024-01-30T14:52:25.331606197Z,1,2024-01-30T14:52:25.433506746Z,Chat,2024-01-30T14:52:25.331606197Z,01HNDD7DD77N4FH8ST3K0GR846,2024-01-30T14:52:25.331606197Z,01HNDD7DCWA2H12T80JVFYY4MB,2024-01-30T14:52:25.331606197Z,3,2024-01-30T14:52:25.331606197Z
01HNDDPTBPY6M04TJW17TVA5YY,true,2024-01-30T14:54:21.659854366Z,Round 4 / 9,2024-01-30T14:52:25.334618711Z,true,2024-01-30T14:53:55.985269766Z,3,2024-01-30T14:52:25.334618711Z,1,2024-01-30T14:52:25.400797692Z,Chat,2024-01-30T14:52:25.334618711Z,01HNDD7DD77N4FH8ST3K0GR846,2024-01-30T14:52:25.334618711Z,01HNDD7DCWA2H12T80JVFYY4MB,2024-01-30T14:52:25.334618711Z,4,2024-01-30T14:52:25.334618711Z
01HNDDPTBSWJB4HZTDAK5E8C66,true,2024-01-30T14:54:43.156268218Z,Round 5 / 9,2024-01-30T14:52:25.337945139Z,true,2024-01-30T14:54:21.678388852Z,4,2024-01-30T14:52:25.337945139Z,1,2024-01-30T14:52:25.406831628Z,Chat,2024-01-30T14:52:25.337945139Z,01HNDD7DD77N4FH8ST3K0GR846,2024-01-30T14:52:25.337945139Z,01HNDD7DCWA2H12T80JVFYY4MB,2024-01-30T14:52:25.337945139Z,5,2024-01-30T14:52:25.337945139Z
01HNDDPTBWT2D8F0WQ6K4TD0CD,true,2024-01-30T14:52:55.714178795Z,Round 1 / 9,2024-01-30T14:52:25.34071833Z,true,2024-01-30T14:52:25.538986689Z,0,2024-01-30T14:52:25.34071833Z,1,2024-01-30T14:52:25.400797692Z,Chat,2024-01-30T14:52:25.34071833Z,01HNDD7DD77N4FH8ST3K0GR846,2024-01-30T14:52:25.34071833Z,01HNDD7DCWA2H12T80JVFYY4MB,2024-01-30T14:52:25.34071833Z,1,2024-01-30T14:52:25.34071833Z
01HNDDPTBZ5VZKEK66AGG973RM,true,2024-01-30T14:55:21.878733189Z,Round 8 / 9,2024-01-30T14:52:25.343318715Z,true,2024-01-30T14:55:10.697352561Z,7,2024-01-30T14:52:25.343318715Z,1,2024-01-30T14:52:25.449225607Z,Chat,2024-01-30T14:52:25.343318715Z,01HNDD7DD77N4FH8ST3K0GR846,2024-01-30T14:52:25.343318715Z,01HNDD7DCWA2H12T80JVFYY4MB,2024-01-30T14:52:25.343318715Z,8,2024-01-30T14:52:25.343318715Z
01HNDDPTC2VT87SHKJX5018942,true,2024-01-30T14:55:10.678777864Z,Round 7 / 9,2024-01-30T14:52:25.346263566Z,true,2024-01-30T14:54:59.302615504Z,6,2024-01-30T14:52:25.346263566Z,1,2024-01-30T14:52:25.415770225Z,Chat,2024-01-30T14:52:25.346263566Z,01HNDD7DD77N4FH8ST3K0GR846,2024-01-30T14:52:25.346263566Z,01HNDD7DCWA2H12T80JVFYY4MB,2024-01-30T14:52:25.346263566Z,7,2024-01-30T14:52:25.346263566Z
01HNDDPTC57EPSEJ7ANG5MQYFH,true,2024-01-30T14:54:59.284685493Z,Round 6 / 9,2024-01-30T14:52:25.350020243Z,true,2024-01-30T14:54:43.175575285Z,5,2024-01-30T14:52:25.350020243Z,1,2024-01-30T14:52:25.400797692Z,Chat,2024-01-30T14:52:25.350020243Z,01HNDD7DD77N4FH8ST3K0GR846,2024-01-30T14:52:25.350020243Z,01HNDD7DCWA2H12T80JVFYY4MB,2024-01-30T14:52:25.350020243Z,6,2024-01-30T14:52:25.350020243Z
01HNDDPTC97M836RRH7FJHKSKH,true,2024-01-30T14:55:52.007636638Z,Round 9 / 9,2024-01-30T14:52:25.353771497Z,true,2024-01-30T14:55:21.899910601Z,8,2024-01-30T14:52:25.353771497Z,1,2024-01-30T14:52:25.400797692Z,Chat,2024-01-30T14:52:25.353771497Z,01HNDD7DD77N4FH8ST3K0GR846,2024-01-30T14:52:25.353771497Z,01HNDD7DCWA2H12T80JVFYY4MB,2024-01-30T14:52:25.353771497Z,9,2024-01-30T14:52:25.353771497Z
01HNDDSFMTMSDJJ53WV49JSN8E,true,2024-01-30T14:54:23.086135302Z,Round 1 / 9,2024-01-30T14:53:52.666160582Z,true,2024-01-30T14:53:52.86505976Z,0,2024-01-30T14:53:52.666160582Z,1,2024-01-30T14:53:52.779124492Z,Chat,2024-01-30T14:53:52.666160582Z,01HNDD7DJBQ1ER65PMZ2MP5W97,2024-01-30T14:53:52.666160582Z,01HNDD7DJ1NA0SSKZ1VHEG0W37,2024-01-30T14:53:52.666160582Z,1,2024-01-30T14:53:52.666160582Z
01HNDDSFMYRZDJ2YENH8MH4WJ1,true,2024-01-30T14:54:39.05201079Z,Round 2 / 9,2024-01-30T14:53:52.670128512Z,true,2024-01-30T14:54:23.103911143Z,1,2024-01-30T14:53:52.670128512Z,1,2024-01-30T14:53:52.80163736Z,Chat,2024-01-30T14:53:52.670128512Z,01HNDD7DJBQ1ER65PMZ2MP5W97,2024-01-30T14:53:52.670128512Z,01HNDD7DJ1NA0SSKZ1VHEG0W37,2024-01-30T14:53:52.670128512Z,2,2024-01-30T14:53:52.670128512Z
01HNDDSFN3K52VMYWGKDVGRN9K,true,2024-01-30T14:55:00.640866624Z,Round 3 / 9,2024-01-30T14:53:52.675744252Z,true,2024-01-30T14:54:39.069751854Z,2,2024-01-30T14:53:52.675744252Z,1,2024-01-30T14:53:52.80163736Z,Chat,2024-01-30T14:53:52.675744252Z,01HNDD7DJBQ1ER65PMZ2MP5W97,2024-01-30T14:53:52.675744252Z,01HNDD7DJ1NA0SSKZ1VHEG0W37,2024-01-30T14:53:52.675744252Z,3,2024-01-30T14:53:52.675744252Z
01HNDDSFN7TSJV67HBECAH63MY,true,2024-01-30T14:55:30.777544182Z,Round 4 / 9,2024-01-30T14:53:52.679685954Z,true,2024-01-30T14:55:00.655221983Z,3,2024-01-30T14:53:52.679685954Z,1,2024-01-30T14:53:52.80163736Z,Chat,2024-01-30T14:53:52.679685954Z,01HNDD7DJBQ1ER65PMZ2MP5W97,2024-01-30T14:53:52.679685954Z,01HNDD7DJ1NA0SSKZ1VHEG0W37,2024-01-30T14:53:52.679685954Z,4,2024-01-30T14:53:52.679685954Z
01HNDDSFNA4XCZQTVHRKD2RYN8,true,2024-01-30T14:55:51.054764675Z,Round 6 / 9,2024-01-30T14:53:52.6830095Z,true,2024-01-30T14:55:40.289092077Z,5,2024-01-30T14:53:52.6830095Z,1,2024-01-30T14:53:52.764970269Z,Chat,2024-01-30T14:53:52.6830095Z,01HNDD7DJBQ1ER65PMZ2MP5W97,2024-01-30T14:53:52.6830095Z,01HNDD7DJ1NA0SSKZ1VHEG0W37,2024-01-30T14:53:52.6830095Z,6,2024-01-30T14:53:52.6830095Z
01HNDDSFNENJYPN55ZCGRK0SCS,true,2024-01-30T14:55:40.268002038Z,Round 5 / 9,2024-01-30T14:53:52.686848831Z,true,2024-01-30T14:55:30.797041813Z,4,2024-01-30T14:53:52.686848831Z,1,2024-01-30T14:53:52.764970269Z,Chat,2024-01-30T14:53:52.686848831Z,01HNDD7DJBQ1ER65PMZ2MP5W97,2024-01-30T14:53:52.686848831Z,01HNDD7DJ1NA0SSKZ1VHEG0W37,2024-01-30T14:53:52.686848831Z,5,2024-01-30T14:53:52.686848831Z
01HNDDSFNJAFWG4KKRH2VNGCGZ,true,2024-01-30T14:56:01.306741373Z,Round 7 / 9,2024-01-30T14:53:52.690436765Z,true,2024-01-30T14:55:51.07404688Z,6,2024-01-30T14:53:52.690436765Z,1,2024-01-30T14:53:52.840307878Z,Chat,2024-01-30T14:53:52.690436765Z,01HNDD7DJBQ1ER65PMZ2MP5W97,2024-01-30T14:53:52.690436765Z,01HNDD7DJ1NA0SSKZ1VHEG0W37,2024-01-30T14:53:52.690436765Z,7,2024-01-30T14:53:52.690436765Z
01HNDDSFNN7QGZ0CFVJWGDYPD2,true,2024-01-30T14:56:09.181033291Z,Round 8 / 9,2024-01-30T14:53:52.693753514Z,true,2024-01-30T14:56:01.328578632Z,7,2024-01-30T14:53:52.693753514Z,1,2024-01-30T14:53:52.771424815Z,Chat,2024-01-30T14:53:52.693753514Z,01HNDD7DJBQ1ER65PMZ2MP5W97,2024-01-30T14:53:52.693753514Z,01HNDD7DJ1NA0SSKZ1VHEG0W37,2024-01-30T14:53:52.693753514Z,8,2024-01-30T14:53:52.693753514Z
01HNDDSFNSR5M3HV28ASBMVVCD,true,2024-01-30T14:56:31.134259027Z,Round 9 / 9,2024-01-30T14:53:52.697281882Z,true,2024-01-30T14:56:09.200246787Z,8,2024-01-30T14:53:52.697281882Z,1,2024-01-30T14:53:52.913206326Z,Chat,2024-01-30T14:53:52.697281882Z,01HNDD7DJBQ1ER65PMZ2MP5W97,2024-01-30T14:53:52.697281882Z,01HNDD7DJ1NA0SSKZ1VHEG0W37,2024-01-30T14:53:52.697281882Z,9,2024-01-30T14:53:52.697281882Z
01HNDDVKWCGQZ048WRDH6A7Y1N,true,2024-01-30T14:55:28.475535799Z,Round 1 / 9,2024-01-30T14:55:02.540967084Z,true,2024-01-30T14:55:02.905480705Z,0,2024-01-30T14:55:02.540967084Z,1,2024-01-30T14:55:02.742083373Z,Chat,2024-01-30T14:55:02.540967084Z,01HNDD7DR49JF9BCZN05Z2MFQW,2024-01-30T14:55:02.540967084Z,01HNDD7DQT9S31Q4XW46981XTQ,2024-01-30T14:55:02.540967084Z,1,2024-01-30T14:55:02.540967084Z
01HNDDVKWH78J0XVYA2KKWMVH1,true,2024-01-30T14:56:57.514364662Z,Round 7 / 9,2024-01-30T14:55:02.545937368Z,true,2024-01-30T14:56:49.900824782Z,6,2024-01-30T14:55:02.545937368Z,1,2024-01-30T14:55:02.754281537Z,Chat,2024-01-30T14:55:02.545937368Z,01HNDD7DR49JF9BCZN05Z2MFQW,2024-01-30T14:55:02.545937368Z,01HNDD7DQT9S31Q4XW46981XTQ,2024-01-30T14:55:02.545937368Z,7,2024-01-30T14:55:02.545937368Z
01HNDDVKWQXNZ1FV99XRVYPFNM,true,2024-01-30T14:55:43.490322939Z,Round 2 / 9,2024-01-30T14:55:02.551966347Z,true,2024-01-30T14:55:28.494474283Z,1,2024-01-30T14:55:02.551966347Z,1,2024-01-30T14:55:02.652832889Z,Chat,2024-01-30T14:55:02.551966347Z,01HNDD7DR49JF9BCZN05Z2MFQW,2024-01-30T14:55:02.551966347Z,01HNDD7DQT9S31Q4XW46981XTQ,2024-01-30T14:55:02.551966347Z,2,2024-01-30T14:55:02.551966347Z
01HNDDVKWYNSN5MG62ZHHJSYN3,true,2024-01-30T14:55:57.618251438Z,Round 3 / 9,2024-01-30T14:55:02.558441245Z,true,2024-01-30T14:55:43.511197428Z,2,2024-01-30T14:55:02.558441245Z,1,2024-01-30T14:55:02.799782988Z,Chat,2024-01-30T14:55:02.558441245Z,01HNDD7DR49JF9BCZN05Z2MFQW,2024-01-30T14:55:02.558441245Z,01HNDD7DQT9S31Q4XW46981XTQ,2024-01-30T14:55:02.558441245Z,3,2024-01-30T14:55:02.558441245Z
01HNDDVKX37S6ZFNJEMK6CBKED,true,2024-01-30T14:56:09.321961482Z,Round 4 / 9,2024-01-30T14:55:02.563090613Z,true,2024-01-30T14:55:57.63588574Z,3,2024-01-30T14:55:02.563090613Z,1,2024-01-30T14:55:02.652832889Z,Chat,2024-01-30T14:55:02.563090613Z,01HNDD7DR49JF9BCZN05Z2MFQW,2024-01-30T14:55:02.563090613Z,01HNDD7DQT9S31Q4XW46981XTQ,2024-01-30T14:55:02.563090613Z,4,2024-01-30T14:55:02.563090613Z
01HNDDVKX9T3VS1VZ7FPX7KTHB,true,2024-01-30T14:56:39.461543891Z,Round 5 / 9,2024-01-30T14:55:02.569495383Z,true,2024-01-30T14:56:09.339563019Z,4,2024-01-30T14:55:02.569495383Z,1,2024-01-30T14:55:02.799782988Z,Chat,2024-01-30T14:55:02.569495383Z,01HNDD7DR49JF9BCZN05Z2MFQW,2024-01-30T14:55:02.569495383Z,01HNDD7DQT9S31Q4XW46981XTQ,2024-01-30T14:55:02.569495383Z,5,2024-01-30T14:55:02.569495383Z
01HNDDVKXDPD9E00K6PJBPTY2S,true,2024-01-30T14:56:49.876561483Z,Round 6 / 9,2024-01-30T14:55:02.574041409Z,true,2024-01-30T14:56:39.478271391Z,5,2024-01-30T14:55:02.574041409Z,1,2024-01-30T14:55:02.706451378Z,Chat,2024-01-30T14:55:02.574041409Z,01HNDD7DR49JF9BCZN05Z2MFQW,2024-01-30T14:55:02.574041409Z,01HNDD7DQT9S31Q4XW46981XTQ,2024-01-30T14:55:02.574041409Z,6,2024-01-30T14:55:02.574041409Z
01HNDDVKXNFGS3WQMY5G6DJVJY,true,2024-01-30T14:57:10.541344887Z,Round 9 / 9,2024-01-30T14:55:02.581460431Z,true,2024-01-30T14:57:03.549458729Z,8,2024-01-30T14:55:02.581460431Z,1,2024-01-30T14:55:02.840788011Z,Chat,2024-01-30T14:55:02.581460431Z,01HNDD7DR49JF9BCZN05Z2MFQW,2024-01-30T14:55:02.581460431Z,01HNDD7DQT9S31Q4XW46981XTQ,2024-01-30T14:55:02.581460431Z,9,2024-01-30T14:55:02.581460431Z
01HNDDVKY0KPT20JAX8BVGYPN0,true,2024-01-30T14:57:03.523942477Z,Round 8 / 9,2024-01-30T14:55:02.592746489Z,true,2024-01-30T14:56:57.530012855Z,7,2024-01-30T14:55:02.592746489Z,1,2024-01-30T14:55:02.706451378Z,Chat,2024-01-30T14:55:02.592746489Z,01HNDD7DR49JF9BCZN05Z2MFQW,2024-01-30T14:55:02.592746489Z,01HNDD7DQT9S31Q4XW46981XTQ,2024-01-30T14:55:02.592746489Z,8,2024-01-30T14:55:02.592746489Z
01HNDDYNRVQEEV6EWVADX7M9KT,true,2024-01-30T14:57:43.461445592Z,Round 1 / 9,2024-01-30T14:56:42.779191886Z,true,2024-01-30T14:56:43.065745125Z,0,2024-01-30T14:56:42.779191886Z,2,2024-01-30T14:56:42.916413305Z,Chat,2024-01-30T14:56:42.779191886Z,01HNDD7DR5Y34T86SGKVHDW24J,2024-01-30T14:56:42.779191886Z,01HNDD7DQT9S31Q4XW46981XTQ,2024-01-30T14:56:42.779191886Z,1,2024-01-30T14:56:42.779191886Z
01HNDD895VCKYVWGWTP8ZQ935V,true,2024-01-30T14:45:02.409948277Z,Round 2 / 9,2024-01-30T14:44:28.987888442Z,true,2024-01-30T14:44:46.501936035Z,1,2024-01-30T14:44:28.987888442Z,1,2024-01-30T14:44:29.050425997Z,Chat,2024-01-30T14:44:28.987888442Z,01HNDD7AZY23WCQMN4GZSP230E,2024-01-30T14:44:28.987888442Z,01HNDD7AZ71N8E9Q8R5MXCW09X,2024-01-30T14:44:28.987888442Z,2,2024-01-30T14:44:28.987888442Z
01HNDD895WDMZK0WDWPE2EGZZD,true,2024-01-30T14:45:16.071002703Z,Round 3 / 9,2024-01-30T14:44:28.988680657Z,true,2024-01-30T14:45:02.424485891Z,2,2024-01-30T14:44:28.988680657Z,1,2024-01-30T14:44:29.051419954Z,Chat,2024-01-30T14:44:28.988680657Z,01HNDD7AZY23WCQMN4GZSP230E,2024-01-30T14:44:28.988680657Z,01HNDD7AZ71N8E9Q8R5MXCW09X,2024-01-30T14:44:28.988680657Z,3,2024-01-30T14:44:28.988680657Z
01HNDD895X12XFY8H74FQAESVD,true,2024-01-30T14:45:29.929000112Z,Round 4 / 9,2024-01-30T14:44:28.989336624Z,true,2024-01-30T14:45:16.079893771Z,3,2024-01-30T14:44:28.989336624Z,1,2024-01-30T14:44:29.063077587Z,Chat,2024-01-30T14:44:28.989336624Z,01HNDD7AZY23WCQMN4GZSP230E,2024-01-30T14:44:28.989336624Z,01HNDD7AZ71N8E9Q8R5MXCW09X,2024-01-30T14:44:28.989336624Z,4,2024-01-30T14:44:28.989336624Z
01HNDD895X12XFY8H750B1KYJF,true,2024-01-30T14:44:46.489206254Z,Round 1 / 9,2024-01-30T14:44:28.989847684Z,true,2024-01-30T14:44:29.210918365Z,0,2024-01-30T14:44:28.989847684Z,1,2024-01-30T14:44:29.035901423Z,Chat,2024-01-30T14:44:28.989847684Z,01HNDD7AZY23WCQMN4GZSP230E,2024-01-30T14:44:28.989847684Z,01HNDD7AZ71N8E9Q8R5MXCW09X,2024-01-30T14:44:28.989847684Z,1,2024-01-30T14:44:28.989847684Z
01HNDD895YNQ2X754H3K1HFZT1,true,2024-01-30T14:45:41.221803388Z,Round 5 / 9,2024-01-30T14:44:28.99037443Z,true,2024-01-30T14:45:29.938393254Z,4,2024-01-30T14:44:28.99037443Z,1,2024-01-30T14:44:29.070498602Z,Chat,2024-01-30T14:44:28.99037443Z,01HNDD7AZY23WCQMN4GZSP230E,2024-01-30T14:44:28.99037443Z,01HNDD7AZ71N8E9Q8R5MXCW09X,2024-01-30T14:44:28.99037443Z,5,2024-01-30T14:44:28.99037443Z
01HNDD895YNQ2X754H462PRQKA,true,2024-01-30T14:45:48.233115433Z,Round 6 / 9,2024-01-30T14:44:28.990870125Z,true,2024-01-30T14:45:41.233231278Z,5,2024-01-30T14:44:28.990870125Z,1,2024-01-30T14:44:29.035901423Z,Chat,2024-01-30T14:44:28.990870125Z,01HNDD7AZY23WCQMN4GZSP230E,2024-01-30T14:44:28.990870125Z,01HNDD7AZ71N8E9Q8R5MXCW09X,2024-01-30T14:44:28.990870125Z,6,2024-01-30T14:44:28.990870125Z
01HNDD895Z34T3VKW4ZXC2S033,true,2024-01-30T14:45:56.440292313Z,Round 7 / 9,2024-01-30T14:44:28.991448301Z,true,2024-01-30T14:45:48.242482691Z,6,2024-01-30T14:44:28.991448301Z,1,2024-01-30T14:44:29.070498602Z,Chat,2024-01-30T14:44:28.991448301Z,01HNDD7AZY23WCQMN4GZSP230E,2024-01-30T14:44:28.991448301Z,01HNDD7AZ71N8E9Q8R5MXCW09X,2024-01-30T14:44:28.991448301Z,7,2024-01-30T14:44:28.991448301Z
01HNDD89604B2R58973XT8YEVS,true,2024-01-30T14:46:07.293328834Z,Round 8 / 9,2024-01-30T14:44:28.99204248Z,true,2024-01-30T14:45:56.452907406Z,7,2024-01-30T14:44:28.99204248Z,1,2024-01-30T14:44:29.075217031Z,Chat,2024-01-30T14:44:28.99204248Z,01HNDD7AZY23WCQMN4GZSP230E,2024-01-30T14:44:28.99204248Z,01HNDD7AZ71N8E9Q8R5MXCW09X,2024-01-30T14:44:28.99204248Z,8,2024-01-30T14:44:28.99204248Z
01HNDD89604B2R58974G3CKXS1,true,2024-01-30T14:46:15.254044656Z,Round 9 / 9,2024-01-30T14:44:28.992658688Z,true,2024-01-30T14:46:07.308220393Z,8,2024-01-30T14:44:28.992658688Z,1,2024-01-30T14:44:29.164398063Z,Chat,2024-01-30T14:44:28.992658688Z,01HNDD7AZY23WCQMN4GZSP230E,2024-01-30T14:44:28.992658688Z,01HNDD7AZ71N8E9Q8R5MXCW09X,2024-01-30T14:44:28.992658688Z,9,2024-01-30T14:44:28.992658688Z
01HNDDAGY8TH246PPMPEQG6Z02,true,2024-01-30T14:46:35.225078383Z,Round 1 / 9,2024-01-30T14:45:42.472893769Z,true,2024-01-30T14:45:42.647995332Z,0,2024-01-30T14:45:42.472893769Z,2,2024-01-30T14:45:42.532679841Z,Chat,2024-01-30T14:45:42.472893769Z,01HNDD7AZXPA9QVBYN9RJC9KCG,2024-01-30T14:45:42.472893769Z,01HNDD7AZ71N8E9Q8R5MXCW09X,2024-01-30T14:45:42.472893769Z,1,2024-01-30T14:45:42.472893769Z
01HNDDAGYAZF4A12E5508BD0A6,true,2024-01-30T14:47:20.952594951Z,Round 2 / 9,2024-01-30T14:45:42.474117068Z,true,2024-01-30T14:46:35.235461795Z,1,2024-01-30T14:45:42.474117068Z,2,2024-01-30T14:45:42.538500552Z,Chat,2024-01-30T14:45:42.474117068Z,01HNDD7AZXPA9QVBYN9RJC9KCG,2024-01-30T14:45:42.474117068Z,01HNDD7AZ71N8E9Q8R5MXCW09X,2024-01-30T14:45:42.474117068Z,2,2024-01-30T14:45:42.474117068Z
01HNDDAGYBNDD4155H190HHART,true,2024-01-30T14:48:09.056967049Z,Round 3 / 9,2024-01-30T14:45:42.475080014Z,true,2024-01-30T14:47:20.961958459Z,2,2024-01-30T14:45:42.475080014Z,2,2024-01-30T14:45:42.598338873Z,Chat,2024-01-30T14:45:42.475080014Z,01HNDD7AZXPA9QVBYN9RJC9KCG,2024-01-30T14:45:42.475080014Z,01HNDD7AZ71N8E9Q8R5MXCW09X,2024-01-30T14:45:42.475080014Z,3,2024-01-30T14:45:42.475080014Z
01HNDDAGYKHYN195XJQK2C8M0X,true,2024-01-30T14:48:58.106247961Z,Round 4 / 9,2024-01-30T14:45:42.483515317Z,true,2024-01-30T14:48:09.06958503Z,3,2024-01-30T14:45:42.483515317Z,2,2024-01-30T14:45:42.671467945Z,Chat,2024-01-30T14:45:42.483515317Z,01HNDD7AZXPA9QVBYN9RJC9KCG,2024-01-30T14:45:42.483515317Z,01HNDD7AZ71N8E9Q8R5MXCW09X,2024-01-30T14:45:42.483515317Z,4,2024-01-30T14:45:42.483515317Z
01HNDDAGYM8QG8HYE2BV47VVCH,true,2024-01-30T14:51:21.288751379Z,Round 7 / 9,2024-01-30T14:45:42.484599301Z,true,2024-01-30T14:50:22.066356564Z,6,2024-01-30T14:45:42.484599301Z,2,2024-01-30T14:45:42.680739181Z,Chat,2024-01-30T14:45:42.484599301Z,01HNDD7AZXPA9QVBYN9RJC9KCG,2024-01-30T14:45:42.484599301Z,01HNDD7AZ71N8E9Q8R5MXCW09X,2024-01-30T14:45:42.484599301Z,7,2024-01-30T14:45:42.484599301Z
01HNDDAGYNSKZ5DXWZ2V4Y37NB,true,2024-01-30T14:52:21.484981728Z,Round 8 / 9,2024-01-30T14:45:42.48550015Z,true,2024-01-30T14:51:21.306721993Z,7,2024-01-30T14:45:42.48550015Z,2,2024-01-30T14:45:42.680739181Z,Chat,2024-01-30T14:45:42.48550015Z,01HNDD7AZXPA9QVBYN9RJC9KCG,2024-01-30T14:45:42.48550015Z,01HNDD7AZ71N8E9Q8R5MXCW09X,2024-01-30T14:45:42.48550015Z,8,2024-01-30T14:45:42.48550015Z
01HNDDAGYP0G4HJHMVWYA5D3HJ,true,2024-01-30T14:53:04.965039382Z,Round 9 / 9,2024-01-30T14:45:42.486405901Z,true,2024-01-30T14:52:21.498575056Z,8,2024-01-30T14:45:42.486405901Z,2,2024-01-30T14:45:42.546477267Z,Chat,2024-01-30T14:45:42.486405901Z,01HNDD7AZXPA9QVBYN9RJC9KCG,2024-01-30T14:45:42.486405901Z,01HNDD7AZ71N8E9Q8R5MXCW09X,2024-01-30T14:45:42.486405901Z,9,2024-01-30T14:45:42.486405901Z
01HNDDAGYRTGS1838RBHN0EZT2,true,2024-01-30T14:49:38.633573333Z,Round 5 / 9,2024-01-30T14:45:42.489005681Z,true,2024-01-30T14:48:58.121212211Z,4,2024-01-30T14:45:42.489005681Z,2,2024-01-30T14:45:42.546477267Z,Chat,2024-01-30T14:45:42.489005681Z,01HNDD7AZXPA9QVBYN9RJC9KCG,2024-01-30T14:45:42.489005681Z,01HNDD7AZ71N8E9Q8R5MXCW09X,2024-01-30T14:45:42.489005681Z,5,2024-01-30T14:45:42.489005681Z
01HNDDAGYSMH8SM7R7RZ85V4PJ,true,2024-01-30T14:50:22.052630019Z,Round 6 / 9,2024-01-30T14:45:42.489972163Z,true,2024-01-30T14:49:38.645954584Z,5,2024-01-30T14:45:42.489972163Z,2,2024-01-30T14:45:42.546477267Z,Chat,2024-01-30T14:45:42.489972163Z,01HNDD7AZXPA9QVBYN9RJC9KCG,2024-01-30T14:45:42.489972163Z,01HNDD7AZ71N8E9Q8R5MXCW09X,2024-01-30T14:45:42.489972163Z,6,2024-01-30T14:45:42.489972163Z
01HNDDBP9CW3XXYB4KW1HPJG48,true,2024-01-30T14:46:51.027167071Z,Round 1 / 9,2024-01-30T14:46:20.716493612Z,true,2024-01-30T14:46:20.831095359Z,0,2024-01-30T14:46:20.716493612Z,1,2024-01-30T14:46:20.85971586Z,Chat,2024-01-30T14:46:20.716493612Z,01HNDD7CMVS1E9XVTQV0PC5GFG,2024-01-30T14:46:20.716493612Z,01HNDD7CMER0D7FW6SZ6T050B6,2024-01-30T14:46:20.716493612Z,1,2024-01-30T14:46:20.716493612Z
01HNDDBP9D0AN459S1M1DB45PB,true,2024-01-30T14:48:21.15901569Z,Round 5 / 9,2024-01-30T14:46:20.717851886Z,true,2024-01-30T14:48:02.734208781Z,4,2024-01-30T14:46:20.717851886Z,1,2024-01-30T14:46:20.85971586Z,Chat,2024-01-30T14:46:20.717851886Z,01HNDD7CMVS1E9XVTQV0PC5GFG,2024-01-30T14:46:20.717851886Z,01HNDD7CMER0D7FW6SZ6T050B6,2024-01-30T14:46:20.717851886Z,5,2024-01-30T14:46:20.717851886Z
01HNDDBP9ESARN3BQZP2ZRW33M,true,2024-01-30T14:47:16.494610111Z,Round 2 / 9,2024-01-30T14:46:20.719022152Z,true,2024-01-30T14:46:51.034298185Z,1,2024-01-30T14:46:20.719022152Z,1,2024-01-30T14:46:20.769039642Z,Chat,2024-01-30T14:46:20.719022152Z,01HNDD7CMVS1E9XVTQV0PC5GFG,2024-01-30T14:46:20.719022152Z,01HNDD7CMER0D7FW6SZ6T050B6,2024-01-30T14:46:20.719022152Z,2,2024-01-30T14:46:20.719022152Z
01HNDDBP9GASNAZ757KDEXGS30,true,2024-01-30T14:47:46.577978139Z,Round 3 / 9,2024-01-30T14:46:20.720962395Z,true,2024-01-30T14:47:16.5043611Z,2,2024-01-30T14:46:20.720962395Z,1,2024-01-30T14:46:20.786351244Z,Chat,2024-01-30T14:46:20.720962395Z,01HNDD7CMVS1E9XVTQV0PC5GFG,2024-01-30T14:46:20.720962395Z,01HNDD7CMER0D7FW6SZ6T050B6,2024-01-30T14:46:20.720962395Z,3,2024-01-30T14:46:20.720962395Z
01HNDDBP9HNXW670PAXF9RMS4X,true,2024-01-30T14:48:02.724708205Z,Round 4 / 9,2024-01-30T14:46:20.722004537Z,true,2024-01-30T14:47:46.589121494Z,3,2024-01-30T14:46:20.722004537Z,1,2024-01-30T14:46:20.85971586Z,Chat,2024-01-30T14:46:20.722004537Z,01HNDD7CMVS1E9XVTQV0PC5GFG,2024-01-30T14:46:20.722004537Z,01HNDD7CMER0D7FW6SZ6T050B6,2024-01-30T14:46:20.722004537Z,4,2024-01-30T14:46:20.722004537Z
01HNDDBP9K22N386783BC4NCKH,true,2024-01-30T14:48:34.950133364Z,Round 6 / 9,2024-01-30T14:46:20.723067683Z,true,2024-01-30T14:48:21.170361987Z,5,2024-01-30T14:46:20.723067683Z,1,2024-01-30T14:46:20.85971586Z,Chat,2024-01-30T14:46:20.723067683Z,01HNDD7CMVS1E9XVTQV0PC5GFG,2024-01-30T14:46:20.723067683Z,01HNDD7CMER0D7FW6SZ6T050B6,2024-01-30T14:46:20.723067683Z,6,2024-01-30T14:46:20.723067683Z
01HNDDBP9MF0VTQ8XMP09XQS29,true,2024-01-30T14:48:46.635063966Z,Round 7 / 9,2024-01-30T14:46:20.724094326Z,true,2024-01-30T14:48:34.966660248Z,6,2024-01-30T14:46:20.724094326Z,1,2024-01-30T14:46:20.864489284Z,Chat,2024-01-30T14:46:20.724094326Z,01HNDD7CMVS1E9XVTQV0PC5GFG,2024-01-30T14:46:20.724094326Z,01HNDD7CMER0D7FW6SZ6T050B6,2024-01-30T14:46:20.724094326Z,7,2024-01-30T14:46:20.724094326Z
01HNDDBP9NBFR31Y4YMAG82Y10,true,2024-01-30T14:48:55.234434492Z,Round 8 / 9,2024-01-30T14:46:20.725165943Z,true,2024-01-30T14:48:46.64763842Z,7,2024-01-30T14:46:20.725165943Z,1,2024-01-30T14:46:20.786351244Z,Chat,2024-01-30T14:46:20.725165943Z,01HNDD7CMVS1E9XVTQV0PC5GFG,2024-01-30T14:46:20.725165943Z,01HNDD7CMER0D7FW6SZ6T050B6,2024-01-30T14:46:20.725165943Z,8,2024-01-30T14:46:20.725165943Z
01HNDDBP9PNYB81TQ0JYNM8S9Y,true,2024-01-30T14:49:06.146340141Z,Round 9 / 9,2024-01-30T14:46:20.726248315Z,true,2024-01-30T14:48:55.248267946Z,8,2024-01-30T14:46:20.726248315Z,1,2024-01-30T14:46:20.85971586Z,Chat,2024-01-30T14:46:20.726248315Z,01HNDD7CMVS1E9XVTQV0PC5GFG,2024-01-30T14:46:20.726248315Z,01HNDD7CMER0D7FW6SZ6T050B6,2024-01-30T14:46:20.726248315Z,9,2024-01-30T14:46:20.726248315Z
01HNDDC3ZFRMSA1VY15Q9WDC4A,true,2024-01-30T14:47:35.168658154Z,Round 1 / 9,2024-01-30T14:46:34.735776043Z,true,2024-01-30T14:46:34.8691394Z,0,2024-01-30T14:46:34.735776043Z,2,2024-01-30T14:46:34.83919022Z,Chat,2024-01-30T14:46:34.735776043Z,01HNDD7CMS7PTDB7KKD18WWK2H,2024-01-30T14:46:34.735776043Z,01HNDD7CMER0D7FW6SZ6T050B6,2024-01-30T14:46:34.735776043Z,1,2024-01-30T14:46:34.735776043Z
01HNDDC3ZHW6C90MFZ6R3V4BRY,true,2024-01-30T14:48:35.32601418Z,Round 2 / 9,2024-01-30T14:46:34.737105005Z,true,2024-01-30T14:47:35.185557499Z,1,2024-01-30T14:46:34.737105005Z,2,2024-01-30T14:46:34.878583438Z,Chat,2024-01-30T14:46:34.737105005Z,01HNDD7CMS7PTDB7KKD18WWK2H,2024-01-30T14:46:34.737105005Z,01HNDD7CMER0D7FW6SZ6T050B6,2024-01-30T14:46:34.737105005Z,2,2024-01-30T14:46:34.737105005Z
01HNDDC3ZJGJF6P3JDXG3JFVRQ,true,2024-01-30T14:50:32.518060252Z,Round 4 / 9,2024-01-30T14:46:34.738376967Z,true,2024-01-30T14:49:35.513754642Z,3,2024-01-30T14:46:34.738376967Z,2,2024-01-30T14:46:34.841476389Z,Chat,2024-01-30T14:46:34.738376967Z,01HNDD7CMS7PTDB7KKD18WWK2H,2024-01-30T14:46:34.738376967Z,01HNDD7CMER0D7FW6SZ6T050B6,2024-01-30T14:46:34.738376967Z,4,2024-01-30T14:46:34.738376967Z
01HNDDC3ZKX6FYDZ3R3RV01ZTR,true,2024-01-30T14:51:32.693482475Z,Round 5 / 9,2024-01-30T14:46:34.739746552Z,true,2024-01-30T14:50:32.530345023Z,4,2024-01-30T14:46:34.739746552Z,2,2024-01-30T14:46:34.84364338Z,Chat,2024-01-30T14:46:34.739746552Z,01HNDD7CMS7PTDB7KKD18WWK2H,2024-01-30T14:46:34.739746552Z,01HNDD7CMER0D7FW6SZ6T050B6,2024-01-30T14:46:34.739746552Z,5,2024-01-30T14:46:34.739746552Z
01HNDDC3ZNDG651XJ90F78VXBF,true,2024-01-30T14:49:35.499289252Z,Round 3 / 9,2024-01-30T14:46:34.741307445Z,true,2024-01-30T14:48:35.341617686Z,2,2024-01-30T14:46:34.741307445Z,2,2024-01-30T14:46:34.800152744Z,Chat,2024-01-30T14:46:34.741307445Z,01HNDD7CMS7PTDB7KKD18WWK2H,2024-01-30T14:46:34.741307445Z,01HNDD7CMER0D7FW6SZ6T050B6,2024-01-30T14:46:34.741307445Z,3,2024-01-30T14:46:34.741307445Z
01HNDDC3ZP5XHHQ6YVBPTK7WZR,true,2024-01-30T14:53:14.99719643Z,Round 7 / 9,2024-01-30T14:46:34.742412308Z,true,2024-01-30T14:52:24.990578899Z,6,2024-01-30T14:46:34.742412308Z,2,2024-01-30T14:46:34.852724675Z,Chat,2024-01-30T14:46:34.742412308Z,01HNDD7CMS7PTDB7KKD18WWK2H,2024-01-30T14:46:34.742412308Z,01HNDD7CMER0D7FW6SZ6T050B6,2024-01-30T14:46:34.742412308Z,7,2024-01-30T14:46:34.742412308Z
01HNDDC3ZQG0M43T9XX30KX534,true,2024-01-30T14:52:24.978497367Z,Round 6 / 9,2024-01-30T14:46:34.74355875Z,true,2024-01-30T14:51:32.711602062Z,5,2024-01-30T14:46:34.74355875Z,2,2024-01-30T14:46:34.846375788Z,Chat,2024-01-30T14:46:34.74355875Z,01HNDD7CMS7PTDB7KKD18WWK2H,2024-01-30T14:46:34.74355875Z,01HNDD7CMER0D7FW6SZ6T050B6,2024-01-30T14:46:34.74355875Z,6,2024-01-30T14:46:34.74355875Z
01HNDDC3ZR21JXMH0N1K7ZXDSM,true,2024-01-30T14:54:01.179448619Z,Round 8 / 9,2024-01-30T14:46:34.744792785Z,true,2024-01-30T14:53:15.015204766Z,7,2024-01-30T14:46:34.744792785Z,2,2024-01-30T14:46:34.940257334Z,Chat,2024-01-30T14:46:34.744792785Z,01HNDD7CMS7PTDB7KKD18WWK2H,2024-01-30T14:46:34.744792785Z,01HNDD7CMER0D7FW6SZ6T050B6,2024-01-30T14:46:34.744792785Z,8,2024-01-30T14:46:34.744792785Z
01HNDDC3ZSPS75EJVTDW7VVF0H,true,2024-01-30T14:54:48.791499882Z,Round 9 / 9,2024-01-30T14:46:34.745969045Z,true,2024-01-30T14:54:01.200138326Z,8,2024-01-30T14:46:34.745969045Z,2,2024-01-30T14:46:34.926634046Z,Chat,2024-01-30T14:46:34.745969045Z,01HNDD7CMS7PTDB7KKD18WWK2H,2024-01-30T14:46:34.745969045Z,01HNDD7CMER0D7FW6SZ6T050B6,2024-01-30T14:46:34.745969045Z,9,2024-01-30T14:46:34.745969045Z
01HNDDDGEN01FWAWHT2VJZSE8R,true,2024-01-30T14:49:03.757886127Z,Round 2 / 9,2024-01-30T14:47:20.27706486Z,true,2024-01-30T14:48:03.609973051Z,1,2024-01-30T14:47:20.27706486Z,2,2024-01-30T14:47:20.340460471Z,Chat,2024-01-30T14:47:20.27706486Z,01HNDD7D7YVCA989M8KQ7VZEP8,2024-01-30T14:47:20.27706486Z,01HNDD7D7K1SB8JVBQNAXA59EA,2024-01-30T14:47:20.27706486Z,2,2024-01-30T14:47:20.27706486Z
01HNDDDGEPFDERF7DAPXSFFSW0,true,2024-01-30T14:50:03.933585412Z,Round 3 / 9,2024-01-30T14:47:20.278805824Z,true,2024-01-30T14:49:03.771947805Z,2,2024-01-30T14:47:20.278805824Z,2,2024-01-30T14:47:20.360936855Z,Chat,2024-01-30T14:47:20.278805824Z,01HNDD7D7YVCA989M8KQ7VZEP8,2024-01-30T14:47:20.278805824Z,01HNDD7D7K1SB8JVBQNAXA59EA,2024-01-30T14:47:20.278805824Z,3,2024-01-30T14:47:20.278805824Z
01HNDDDGERVAQB2YJC1592D0K7,true,2024-01-30T14:54:11.649498559Z,Round 9 / 9,2024-01-30T14:47:20.280225165Z,true,2024-01-30T14:53:30.593914908Z,8,2024-01-30T14:47:20.280225165Z,2,2024-01-30T14:47:20.350372824Z,Chat,2024-01-30T14:47:20.280225165Z,01HNDD7D7YVCA989M8KQ7VZEP8,2024-01-30T14:47:20.280225165Z,01HNDD7D7K1SB8JVBQNAXA59EA,2024-01-30T14:47:20.280225165Z,9,2024-01-30T14:47:20.280225165Z
01HNDDDGESCH8S7F8NCZZNGKNA,true,2024-01-30T14:48:03.596980178Z,Round 1 / 9,2024-01-30T14:47:20.28153164Z,true,2024-01-30T14:47:20.549869219Z,0,2024-01-30T14:47:20.28153164Z,2,2024-01-30T14:47:20.485334167Z,Chat,2024-01-30T14:47:20.28153164Z,01HNDD7D7YVCA989M8KQ7VZEP8,2024-01-30T14:47:20.28153164Z,01HNDD7D7K1SB8JVBQNAXA59EA,2024-01-30T14:47:20.28153164Z,1,2024-01-30T14:47:20.28153164Z
01HNDDDGEVBXBKZEV9JSQJ3WYT,true,2024-01-30T14:50:47.601755691Z,Round 4 / 9,2024-01-30T14:47:20.283186735Z,true,2024-01-30T14:50:03.947638696Z,3,2024-01-30T14:47:20.283186735Z,2,2024-01-30T14:47:20.379656918Z,Chat,2024-01-30T14:47:20.283186735Z,01HNDD7D7YVCA989M8KQ7VZEP8,2024-01-30T14:47:20.283186735Z,01HNDD7D7K1SB8JVBQNAXA59EA,2024-01-30T14:47:20.283186735Z,4,2024-01-30T14:47:20.283186735Z
01HNDDDGEWABS0G3G0MG01MT44,true,2024-01-30T14:52:03.965937957Z,Round 6 / 9,2024-01-30T14:47:20.284533789Z,true,2024-01-30T14:51:26.259186454Z,5,2024-01-30T14:47:20.284533789Z,2,2024-01-30T14:47:20.523106519Z,Chat,2024-01-30T14:47:20.284533789Z,01HNDD7D7YVCA989M8KQ7VZEP8,2024-01-30T14:47:20.284533789Z,01HNDD7D7K1SB8JVBQNAXA59EA,2024-01-30T14:47:20.284533789Z,6,2024-01-30T14:47:20.284533789Z
01HNDDDGEZTRN00FS253PHKDRC,true,2024-01-30T14:51:26.246047025Z,Round 5 / 9,2024-01-30T14:47:20.287390472Z,true,2024-01-30T14:50:47.616852368Z,4,2024-01-30T14:47:20.287390472Z,2,2024-01-30T14:47:20.420175248Z,Chat,2024-01-30T14:47:20.287390472Z,01HNDD7D7YVCA989M8KQ7VZEP8,2024-01-30T14:47:20.287390472Z,01HNDD7D7K1SB8JVBQNAXA59EA,2024-01-30T14:47:20.287390472Z,5,2024-01-30T14:47:20.287390472Z
01HNDDDGF077J2G7JHJV9K5GFF,true,2024-01-30T14:52:43.775288377Z,Round 7 / 9,2024-01-30T14:47:20.288813327Z,true,2024-01-30T14:52:03.98601407Z,6,2024-01-30T14:47:20.288813327Z,2,2024-01-30T14:47:20.517052762Z,Chat,2024-01-30T14:47:20.288813327Z,01HNDD7D7YVCA989M8KQ7VZEP8,2024-01-30T14:47:20.288813327Z,01HNDD7D7K1SB8JVBQNAXA59EA,2024-01-30T14:47:20.288813327Z,7,2024-01-30T14:47:20.288813327Z
01HNDDDGF26SRN6GCM1AZ8EPW4,true,2024-01-30T14:53:30.580919723Z,Round 8 / 9,2024-01-30T14:47:20.290480601Z,true,2024-01-30T14:52:43.790038455Z,7,2024-01-30T14:47:20.290480601Z,2,2024-01-30T14:47:20.350372824Z,Chat,2024-01-30T14:47:20.290480601Z,01HNDD7D7YVCA989M8KQ7VZEP8,2024-01-30T14:47:20.290480601Z,01HNDD7D7K1SB8JVBQNAXA59EA,2024-01-30T14:47:20.290480601Z,8,2024-01-30T14:47:20.290480601Z
01HNDDGESK6C24GYZ5KJD64S0P,true,2024-01-30T14:49:27.264430203Z,Round 1 / 9,2024-01-30T14:48:56.883900533Z,true,2024-01-30T14:48:56.978671447Z,0,2024-01-30T14:48:56.883900533Z,1,2024-01-30T14:48:56.930925045Z,Chat,2024-01-30T14:48:56.883900533Z,01HNDD7D7ZEXD82FCB8N5WJ2G0,2024-01-30T14:48:56.883900533Z,01HNDD7D7K1SB8JVBQNAXA59EA,2024-01-30T14:48:56.883900533Z,1,2024-01-30T14:48:56.883900533Z
01HNDDGESP2GY8X7DPQ5Z94SC3,true,2024-01-30T14:49:57.369775057Z,Round 2 / 9,2024-01-30T14:48:56.886262414Z,true,2024-01-30T14:49:27.277478376Z,1,2024-01-30T14:48:56.886262414Z,1,2024-01-30T14:48:56.988135394Z,Chat,2024-01-30T14:48:56.886262414Z,01HNDD7D7ZEXD82FCB8N5WJ2G0,2024-01-30T14:48:56.886262414Z,01HNDD7D7K1SB8JVBQNAXA59EA,2024-01-30T14:48:56.886262414Z,2,2024-01-30T14:48:56.886262414Z
01HNDDGESR5241KZZJS65JZN1Y,true,2024-01-30T14:50:25.333347297Z,Round 3 / 9,2024-01-30T14:48:56.888323168Z,true,2024-01-30T14:49:57.380934144Z,2,2024-01-30T14:48:56.888323168Z,1,2024-01-30T14:48:56.988135394Z,Chat,2024-01-30T14:48:56.888323168Z,01HNDD7D7ZEXD82FCB8N5WJ2G0,2024-01-30T14:48:56.888323168Z,01HNDD7D7K1SB8JVBQNAXA59EA,2024-01-30T14:48:56.888323168Z,3,2024-01-30T14:48:56.888323168Z
01HNDDGESX3ZZP4MF1X5VCS8E6,true,2024-01-30T14:51:15.870760131Z,Round 5 / 9,2024-01-30T14:48:56.893953632Z,true,2024-01-30T14:50:55.460894806Z,4,2024-01-30T14:48:56.893953632Z,1,2024-01-30T14:48:57.013532853Z,Chat,2024-01-30T14:48:56.893953632Z,01HNDD7D7ZEXD82FCB8N5WJ2G0,2024-01-30T14:48:56.893953632Z,01HNDD7D7K1SB8JVBQNAXA59EA,2024-01-30T14:48:56.893953632Z,5,2024-01-30T14:48:56.893953632Z
01HNDDGESZ8VKBASTVWWVB26GP,true,2024-01-30T14:51:52.222130183Z,Round 7 / 9,2024-01-30T14:48:56.895728366Z,true,2024-01-30T14:51:30.230489827Z,6,2024-01-30T14:48:56.895728366Z,1,2024-01-30T14:48:56.978671447Z,Chat,2024-01-30T14:48:56.895728366Z,01HNDD7D7ZEXD82FCB8N5WJ2G0,2024-01-30T14:48:56.895728366Z,01HNDD7D7K1SB8JVBQNAXA59EA,2024-01-30T14:48:56.895728366Z,7,2024-01-30T14:48:56.895728366Z
01HNDDGET4FCAAVY8AQ4RA6DWZ,true,2024-01-30T14:52:22.333202267Z,Round 8 / 9,2024-01-30T14:48:56.900439827Z,true,2024-01-30T14:51:52.237832188Z,7,2024-01-30T14:48:56.900439827Z,1,2024-01-30T14:48:57.019140224Z,Chat,2024-01-30T14:48:56.900439827Z,01HNDD7D7ZEXD82FCB8N5WJ2G0,2024-01-30T14:48:56.900439827Z,01HNDD7D7K1SB8JVBQNAXA59EA,2024-01-30T14:48:56.900439827Z,8,2024-01-30T14:48:56.900439827Z
01HNDDGET6M5XSGY814G90RQF4,true,2024-01-30T14:51:30.2183292Z,Round 6 / 9,2024-01-30T14:48:56.902386631Z,true,2024-01-30T14:51:15.883484759Z,5,2024-01-30T14:48:56.902386631Z,1,2024-01-30T14:48:57.03544222Z,Chat,2024-01-30T14:48:56.902386631Z,01HNDD7D7ZEXD82FCB8N5WJ2G0,2024-01-30T14:48:56.902386631Z,01HNDD7D7K1SB8JVBQNAXA59EA,2024-01-30T14:48:56.902386631Z,6,2024-01-30T14:48:56.902386631Z
01HNDDGET8G86MBQ84WT0G61SS,true,2024-01-30T14:52:36.171903797Z,Round 9 / 9,2024-01-30T14:48:56.904165516Z,true,2024-01-30T14:52:22.349880885Z,8,2024-01-30T14:48:56.904165516Z,1,2024-01-30T14:48:57.03544222Z,Chat,2024-01-30T14:48:56.904165516Z,01HNDD7D7ZEXD82FCB8N5WJ2G0,2024-01-30T14:48:56.904165516Z,01HNDD7D7K1SB8JVBQNAXA59EA,2024-01-30T14:48:56.904165516Z,9,2024-01-30T14:48:56.904165516Z
01HNDDGETD78R83GFFFAG1CB1X,true,2024-01-30T14:50:55.444741466Z,Round 4 / 9,2024-01-30T14:48:56.909965816Z,true,2024-01-30T14:50:25.344856817Z,3,2024-01-30T14:48:56.909965816Z,1,2024-01-30T14:48:57.019140224Z,Chat,2024-01-30T14:48:56.909965816Z,01HNDD7D7ZEXD82FCB8N5WJ2G0,2024-01-30T14:48:56.909965816Z,01HNDD7D7K1SB8JVBQNAXA59EA,2024-01-30T14:48:56.909965816Z,4,2024-01-30T14:48:56.909965816Z
01HNDDGKHZZ73WFR77W0N65ZTJ,true,2024-01-30T14:49:59.162703118Z,Round 1 / 9,2024-01-30T14:49:01.759601294Z,true,2024-01-30T14:49:01.993824602Z,0,2024-01-30T14:49:01.759601294Z,2,2024-01-30T14:49:01.850986007Z,Chat,2024-01-30T14:49:01.759601294Z,01HNDD7DD6BJR4V35QYQZTFKFC,2024-01-30T14:49:01.759601294Z,01HNDD7DCWA2H12T80JVFYY4MB,2024-01-30T14:49:01.759601294Z,1,2024-01-30T14:49:01.759601294Z
01HNDDGKJ3P36JHDPRY3JQDBVY,true,2024-01-30T14:50:51.510083658Z,Round 2 / 9,2024-01-30T14:49:01.763293091Z,true,2024-01-30T14:49:59.174214705Z,1,2024-01-30T14:49:01.763293091Z,2,2024-01-30T14:49:01.903903854Z,Chat,2024-01-30T14:49:01.763293091Z,01HNDD7DD6BJR4V35QYQZTFKFC,2024-01-30T14:49:01.763293091Z,01HNDD7DCWA2H12T80JVFYY4MB,2024-01-30T14:49:01.763293091Z,2,2024-01-30T14:49:01.763293091Z
01HNDDGKJ5TPY0YJW0BVR0DD1N,true,2024-01-30T14:51:51.69799557Z,Round 3 / 9,2024-01-30T14:49:01.765847057Z,true,2024-01-30T14:50:51.523581018Z,2,2024-01-30T14:49:01.765847057Z,2,2024-01-30T14:49:01.921820917Z,Chat,2024-01-30T14:49:01.765847057Z,01HNDD7DD6BJR4V35QYQZTFKFC,2024-01-30T14:49:01.765847057Z,01HNDD7DCWA2H12T80JVFYY4MB,2024-01-30T14:49:01.765847057Z,3,2024-01-30T14:49:01.765847057Z
01HNDDGKJ8RW00QJ8KVNEY53JN,true,2024-01-30T14:52:51.888748129Z,Round 4 / 9,2024-01-30T14:49:01.768753472Z,true,2024-01-30T14:51:51.712682756Z,3,2024-01-30T14:49:01.768753472Z,2,2024-01-30T14:49:01.917959523Z,Chat,2024-01-30T14:49:01.768753472Z,01HNDD7DD6BJR4V35QYQZTFKFC,2024-01-30T14:49:01.768753472Z,01HNDD7DCWA2H12T80JVFYY4MB,2024-01-30T14:49:01.768753472Z,4,2024-01-30T14:49:01.768753472Z
01HNDDGKJBVNHMC3E04DV96RDX,true,2024-01-30T14:53:32.678410859Z,Round 5 / 9,2024-01-30T14:49:01.77174487Z,true,2024-01-30T14:52:51.90537153Z,4,2024-01-30T14:49:01.77174487Z,2,2024-01-30T14:49:01.921820917Z,Chat,2024-01-30T14:49:01.77174487Z,01HNDD7DD6BJR4V35QYQZTFKFC,2024-01-30T14:49:01.77174487Z,01HNDD7DCWA2H12T80JVFYY4MB,2024-01-30T14:49:01.77174487Z,5,2024-01-30T14:49:01.77174487Z
01HNDDGKJF6MKHQH2MGG3RG0H5,true,2024-01-30T14:54:23.391029777Z,Round 6 / 9,2024-01-30T14:49:01.775665044Z,true,2024-01-30T14:53:32.692709363Z,5,2024-01-30T14:49:01.775665044Z,2,2024-01-30T14:49:02.043038853Z,Chat,2024-01-30T14:49:01.775665044Z,01HNDD7DD6BJR4V35QYQZTFKFC,2024-01-30T14:49:01.775665044Z,01HNDD7DCWA2H12T80JVFYY4MB,2024-01-30T14:49:01.775665044Z,6,2024-01-30T14:49:01.775665044Z
01HNDDGKJJQC1R3GTS2Q5EBDCX,true,2024-01-30T14:55:23.600642577Z,Round 7 / 9,2024-01-30T14:49:01.778414022Z,true,2024-01-30T14:54:23.408500977Z,6,2024-01-30T14:49:01.778414022Z,2,2024-01-30T14:49:02.036977856Z,Chat,2024-01-30T14:49:01.778414022Z,01HNDD7DD6BJR4V35QYQZTFKFC,2024-01-30T14:49:01.778414022Z,01HNDD7DCWA2H12T80JVFYY4MB,2024-01-30T14:49:01.778414022Z,7,2024-01-30T14:49:01.778414022Z
01HNDDGKJMFY43M1KX1EH7A61H,true,2024-01-30T14:56:19.615516071Z,Round 8 / 9,2024-01-30T14:49:01.780832937Z,true,2024-01-30T14:55:23.619888121Z,7,2024-01-30T14:49:01.780832937Z,2,2024-01-30T14:49:01.862265824Z,Chat,2024-01-30T14:49:01.780832937Z,01HNDD7DD6BJR4V35QYQZTFKFC,2024-01-30T14:49:01.780832937Z,01HNDD7DCWA2H12T80JVFYY4MB,2024-01-30T14:49:01.780832937Z,8,2024-01-30T14:49:01.780832937Z
01HNDDGKJR0HYEZP2C8Q67NE8C,true,2024-01-30T14:57:01.007444512Z,Round 9 / 9,2024-01-30T14:49:01.784113543Z,true,2024-01-30T14:56:19.634965883Z,8,2024-01-30T14:49:01.784113543Z,2,2024-01-30T14:49:01.870004041Z,Chat,2024-01-30T14:49:01.784113543Z,01HNDD7DD6BJR4V35QYQZTFKFC,2024-01-30T14:49:01.784113543Z,01HNDD7DCWA2H12T80JVFYY4MB,2024-01-30T14:49:01.784113543Z,9,2024-01-30T14:49:01.784113543Z
01HNDDJCYHZ8DTCBQBEEFMCFA2,true,2024-01-30T14:52:01.184743669Z,Round 2 / 9,2024-01-30T14:50:00.530806012Z,true,2024-01-30T14:51:01.028256912Z,1,2024-01-30T14:50:00.530806012Z,2,2024-01-30T14:50:00.650152336Z,Chat,2024-01-30T14:50:00.530806012Z,01HNDD7DJAB5GE8C0QTZC8S0GH,2024-01-30T14:50:00.530806012Z,01HNDD7DJ1NA0SSKZ1VHEG0W37,2024-01-30T14:50:00.530806012Z,2,2024-01-30T14:50:00.530806012Z
01HNDDJCYS7WR8CE8BGTKCWBXY,true,2024-01-30T14:51:01.014926385Z,Round 1 / 9,2024-01-30T14:50:00.537845095Z,true,2024-01-30T14:50:00.754699217Z,0,2024-01-30T14:50:00.537845095Z,2,2024-01-30T14:50:00.618615815Z,Chat,2024-01-30T14:50:00.537845095Z,01HNDD7DJAB5GE8C0QTZC8S0GH,2024-01-30T14:50:00.537845095Z,01HNDD7DJ1NA0SSKZ1VHEG0W37,2024-01-30T14:50:00.537845095Z,1,2024-01-30T14:50:00.537845095Z
01HNDDJCYXGVNHEKK40EZ2ZK6J,true,2024-01-30T14:52:53.421961638Z,Round 3 / 9,2024-01-30T14:50:00.541405184Z,true,2024-01-30T14:52:01.199209678Z,2,2024-01-30T14:50:00.541405184Z,2,2024-01-30T14:50:00.645082062Z,Chat,2024-01-30T14:50:00.541405184Z,01HNDD7DJAB5GE8C0QTZC8S0GH,2024-01-30T14:50:00.541405184Z,01HNDD7DJ1NA0SSKZ1VHEG0W37,2024-01-30T14:50:00.541405184Z,3,2024-01-30T14:50:00.541405184Z
01HNDDJCYZ6ESW1AJF3R51SBPW,true,2024-01-30T14:53:46.99903687Z,Round 4 / 9,2024-01-30T14:50:00.543564091Z,true,2024-01-30T14:52:53.437553476Z,3,2024-01-30T14:50:00.543564091Z,2,2024-01-30T14:50:00.656051934Z,Chat,2024-01-30T14:50:00.543564091Z,01HNDD7DJAB5GE8C0QTZC8S0GH,2024-01-30T14:50:00.543564091Z,01HNDD7DJ1NA0SSKZ1VHEG0W37,2024-01-30T14:50:00.543564091Z,4,2024-01-30T14:50:00.543564091Z
01HNDDJCZ28JMW0YDDSMYT2A9M,true,2024-01-30T14:55:28.482449996Z,Round 6 / 9,2024-01-30T14:50:00.546891642Z,true,2024-01-30T14:54:38.103823244Z,5,2024-01-30T14:50:00.546891642Z,2,2024-01-30T14:50:00.618615815Z,Chat,2024-01-30T14:50:00.546891642Z,01HNDD7DJAB5GE8C0QTZC8S0GH,2024-01-30T14:50:00.546891642Z,01HNDD7DJ1NA0SSKZ1VHEG0W37,2024-01-30T14:50:00.546891642Z,6,2024-01-30T14:50:00.546891642Z
01HNDDJCZ5NV7FNW72RXCH8J8G,true,2024-01-30T14:56:10.528776725Z,Round 7 / 9,2024-01-30T14:50:00.549043514Z,true,2024-01-30T14:55:28.499850602Z,6,2024-01-30T14:50:00.549043514Z,2,2024-01-30T14:50:00.679130295Z,Chat,2024-01-30T14:50:00.549043514Z,01HNDD7DJAB5GE8C0QTZC8S0GH,2024-01-30T14:50:00.549043514Z,01HNDD7DJ1NA0SSKZ1VHEG0W37,2024-01-30T14:50:00.549043514Z,7,2024-01-30T14:50:00.549043514Z
01HNDDJCZ624HK0F661R9EZDQW,true,2024-01-30T14:54:38.085150291Z,Round 5 / 9,2024-01-30T14:50:00.550810333Z,true,2024-01-30T14:53:47.016961373Z,4,2024-01-30T14:50:00.550810333Z,2,2024-01-30T14:50:00.62452471Z,Chat,2024-01-30T14:50:00.550810333Z,01HNDD7DJAB5GE8C0QTZC8S0GH,2024-01-30T14:50:00.550810333Z,01HNDD7DJ1NA0SSKZ1VHEG0W37,2024-01-30T14:50:00.550810333Z,5,2024-01-30T14:50:00.550810333Z
01HNDDJCZCTYTXXAVNER50EMPN,true,2024-01-30T14:57:37.458588732Z,Round 9 / 9,2024-01-30T14:50:00.557007928Z,true,2024-01-30T14:56:54.76402222Z,8,2024-01-30T14:50:00.557007928Z,2,2024-01-30T14:50:00.673411029Z,Chat,2024-01-30T14:50:00.557007928Z,01HNDD7DJAB5GE8C0QTZC8S0GH,2024-01-30T14:50:00.557007928Z,01HNDD7DJ1NA0SSKZ1VHEG0W37,2024-01-30T14:50:00.557007928Z,9,2024-01-30T14:50:00.557007928Z
01HNDDJCZFQZMJDFTW3AB9T6H3,true,2024-01-30T14:56:54.747477648Z,Round 8 / 9,2024-01-30T14:50:00.559199235Z,true,2024-01-30T14:56:10.546572865Z,7,2024-01-30T14:50:00.559199235Z,2,2024-01-30T14:50:00.718308437Z,Chat,2024-01-30T14:50:00.559199235Z,01HNDD7DJAB5GE8C0QTZC8S0GH,2024-01-30T14:50:00.559199235Z,01HNDD7DJ1NA0SSKZ1VHEG0W37,2024-01-30T14:50:00.559199235Z,8,2024-01-30T14:50:00.559199235Z
01HNDDPTBGCV1CCGWCFZVCAQ3X,true,2024-01-30T14:53:25.828908766Z,Round 2 / 9,2024-01-30T14:52:25.328231481Z,true,2024-01-30T14:52:55.729148512Z,1,2024-01-30T14:52:25.328231481Z,1,2024-01-30T14:52:25.435943631Z,Chat,2024-01-30T14:52:25.328231481Z,01HNDD7DD77N4FH8ST3K0GR846,2024-01-30T14:52:25.328231481Z,01HNDD7DCWA2H12T80JVFYY4MB,2024-01-30T14:52:25.328231481Z,2,2024-01-30T14:52:25.328231481Z
01HNDDPTBKAGK25SA6HNRR49SH,true,2024-01-30T14:53:55.967649089Z,Round 3 / 9,2024-01-30T14:52:25.331606197Z,true,2024-01-30T14:53:25.843293391Z,2,2024-01-30T14:52:25.331606197Z,1,2024-01-30T14:52:25.433506746Z,Chat,2024-01-30T14:52:25.331606197Z,01HNDD7DD77N4FH8ST3K0GR846,2024-01-30T14:52:25.331606197Z,01HNDD7DCWA2H12T80JVFYY4MB,2024-01-30T14:52:25.331606197Z,3,2024-01-30T14:52:25.331606197Z
01HNDDPTBPY6M04TJW17TVA5YY,true,2024-01-30T14:54:21.659854366Z,Round 4 / 9,2024-01-30T14:52:25.334618711Z,true,2024-01-30T14:53:55.985269766Z,3,2024-01-30T14:52:25.334618711Z,1,2024-01-30T14:52:25.400797692Z,Chat,2024-01-30T14:52:25.334618711Z,01HNDD7DD77N4FH8ST3K0GR846,2024-01-30T14:52:25.334618711Z,01HNDD7DCWA2H12T80JVFYY4MB,2024-01-30T14:52:25.334618711Z,4,2024-01-30T14:52:25.334618711Z
01HNDDPTBSWJB4HZTDAK5E8C66,true,2024-01-30T14:54:43.156268218Z,Round 5 / 9,2024-01-30T14:52:25.337945139Z,true,2024-01-30T14:54:21.678388852Z,4,2024-01-30T14:52:25.337945139Z,1,2024-01-30T14:52:25.406831628Z,Chat,2024-01-30T14:52:25.337945139Z,01HNDD7DD77N4FH8ST3K0GR846,2024-01-30T14:52:25.337945139Z,01HNDD7DCWA2H12T80JVFYY4MB,2024-01-30T14:52:25.337945139Z,5,2024-01-30T14:52:25.337945139Z
01HNDDPTBWT2D8F0WQ6K4TD0CD,true,2024-01-30T14:52:55.714178795Z,Round 1 / 9,2024-01-30T14:52:25.34071833Z,true,2024-01-30T14:52:25.538986689Z,0,2024-01-30T14:52:25.34071833Z,1,2024-01-30T14:52:25.400797692Z,Chat,2024-01-30T14:52:25.34071833Z,01HNDD7DD77N4FH8ST3K0GR846,2024-01-30T14:52:25.34071833Z,01HNDD7DCWA2H12T80JVFYY4MB,2024-01-30T14:52:25.34071833Z,1,2024-01-30T14:52:25.34071833Z
01HNDDPTBZ5VZKEK66AGG973RM,true,2024-01-30T14:55:21.878733189Z,Round 8 / 9,2024-01-30T14:52:25.343318715Z,true,2024-01-30T14:55:10.697352561Z,7,2024-01-30T14:52:25.343318715Z,1,2024-01-30T14:52:25.449225607Z,Chat,2024-01-30T14:52:25.343318715Z,01HNDD7DD77N4FH8ST3K0GR846,2024-01-30T14:52:25.343318715Z,01HNDD7DCWA2H12T80JVFYY4MB,2024-01-30T14:52:25.343318715Z,8,2024-01-30T14:52:25.343318715Z
01HNDDPTC2VT87SHKJX5018942,true,2024-01-30T14:55:10.678777864Z,Round 7 / 9,2024-01-30T14:52:25.346263566Z,true,2024-01-30T14:54:59.302615504Z,6,2024-01-30T14:52:25.346263566Z,1,2024-01-30T14:52:25.415770225Z,Chat,2024-01-30T14:52:25.346263566Z,01HNDD7DD77N4FH8ST3K0GR846,2024-01-30T14:52:25.346263566Z,01HNDD7DCWA2H12T80JVFYY4MB,2024-01-30T14:52:25.346263566Z,7,2024-01-30T14:52:25.346263566Z
01HNDDPTC57EPSEJ7ANG5MQYFH,true,2024-01-30T14:54:59.284685493Z,Round 6 / 9,2024-01-30T14:52:25.350020243Z,true,2024-01-30T14:54:43.175575285Z,5,2024-01-30T14:52:25.350020243Z,1,2024-01-30T14:52:25.400797692Z,Chat,2024-01-30T14:52:25.350020243Z,01HNDD7DD77N4FH8ST3K0GR846,2024-01-30T14:52:25.350020243Z,01HNDD7DCWA2H12T80JVFYY4MB,2024-01-30T14:52:25.350020243Z,6,2024-01-30T14:52:25.350020243Z
01HNDDPTC97M836RRH7FJHKSKH,true,2024-01-30T14:55:52.007636638Z,Round 9 / 9,2024-01-30T14:52:25.353771497Z,true,2024-01-30T14:55:21.899910601Z,8,2024-01-30T14:52:25.353771497Z,1,2024-01-30T14:52:25.400797692Z,Chat,2024-01-30T14:52:25.353771497Z,01HNDD7DD77N4FH8ST3K0GR846,2024-01-30T14:52:25.353771497Z,01HNDD7DCWA2H12T80JVFYY4MB,2024-01-30T14:52:25.353771497Z,9,2024-01-30T14:52:25.353771497Z
01HNDDSFMTMSDJJ53WV49JSN8E,true,2024-01-30T14:54:23.086135302Z,Round 1 / 9,2024-01-30T14:53:52.666160582Z,true,2024-01-30T14:53:52.86505976Z,0,2024-01-30T14:53:52.666160582Z,1,2024-01-30T14:53:52.779124492Z,Chat,2024-01-30T14:53:52.666160582Z,01HNDD7DJBQ1ER65PMZ2MP5W97,2024-01-30T14:53:52.666160582Z,01HNDD7DJ1NA0SSKZ1VHEG0W37,2024-01-30T14:53:52.666160582Z,1,2024-01-30T14:53:52.666160582Z
01HNDDSFMYRZDJ2YENH8MH4WJ1,true,2024-01-30T14:54:39.05201079Z,Round 2 / 9,2024-01-30T14:53:52.670128512Z,true,2024-01-30T14:54:23.103911143Z,1,2024-01-30T14:53:52.670128512Z,1,2024-01-30T14:53:52.80163736Z,Chat,2024-01-30T14:53:52.670128512Z,01HNDD7DJBQ1ER65PMZ2MP5W97,2024-01-30T14:53:52.670128512Z,01HNDD7DJ1NA0SSKZ1VHEG0W37,2024-01-30T14:53:52.670128512Z,2,2024-01-30T14:53:52.670128512Z
01HNDDSFN3K52VMYWGKDVGRN9K,true,2024-01-30T14:55:00.640866624Z,Round 3 / 9,2024-01-30T14:53:52.675744252Z,true,2024-01-30T14:54:39.069751854Z,2,2024-01-30T14:53:52.675744252Z,1,2024-01-30T14:53:52.80163736Z,Chat,2024-01-30T14:53:52.675744252Z,01HNDD7DJBQ1ER65PMZ2MP5W97,2024-01-30T14:53:52.675744252Z,01HNDD7DJ1NA0SSKZ1VHEG0W37,2024-01-30T14:53:52.675744252Z,3,2024-01-30T14:53:52.675744252Z
01HNDDSFN7TSJV67HBECAH63MY,true,2024-01-30T14:55:30.777544182Z,Round 4 / 9,2024-01-30T14:53:52.679685954Z,true,2024-01-30T14:55:00.655221983Z,3,2024-01-30T14:53:52.679685954Z,1,2024-01-30T14:53:52.80163736Z,Chat,2024-01-30T14:53:52.679685954Z,01HNDD7DJBQ1ER65PMZ2MP5W97,2024-01-30T14:53:52.679685954Z,01HNDD7DJ1NA0SSKZ1VHEG0W37,2024-01-30T14:53:52.679685954Z,4,2024-01-30T14:53:52.679685954Z
01HNDDSFNA4XCZQTVHRKD2RYN8,true,2024-01-30T14:55:51.054764675Z,Round 6 / 9,2024-01-30T14:53:52.6830095Z,true,2024-01-30T14:55:40.289092077Z,5,2024-01-30T14:53:52.6830095Z,1,2024-01-30T14:53:52.764970269Z,Chat,2024-01-30T14:53:52.6830095Z,01HNDD7DJBQ1ER65PMZ2MP5W97,2024-01-30T14:53:52.6830095Z,01HNDD7DJ1NA0SSKZ1VHEG0W37,2024-01-30T14:53:52.6830095Z,6,2024-01-30T14:53:52.6830095Z
01HNDDSFNENJYPN55ZCGRK0SCS,true,2024-01-30T14:55:40.268002038Z,Round 5 / 9,2024-01-30T14:53:52.686848831Z,true,2024-01-30T14:55:30.797041813Z,4,2024-01-30T14:53:52.686848831Z,1,2024-01-30T14:53:52.764970269Z,Chat,2024-01-30T14:53:52.686848831Z,01HNDD7DJBQ1ER65PMZ2MP5W97,2024-01-30T14:53:52.686848831Z,01HNDD7DJ1NA0SSKZ1VHEG0W37,2024-01-30T14:53:52.686848831Z,5,2024-01-30T14:53:52.686848831Z
01HNDDSFNJAFWG4KKRH2VNGCGZ,true,2024-01-30T14:56:01.306741373Z,Round 7 / 9,2024-01-30T14:53:52.690436765Z,true,2024-01-30T14:55:51.07404688Z,6,2024-01-30T14:53:52.690436765Z,1,2024-01-30T14:53:52.840307878Z,Chat,2024-01-30T14:53:52.690436765Z,01HNDD7DJBQ1ER65PMZ2MP5W97,2024-01-30T14:53:52.690436765Z,01HNDD7DJ1NA0SSKZ1VHEG0W37,2024-01-30T14:53:52.690436765Z,7,2024-01-30T14:53:52.690436765Z
01HNDDSFNN7QGZ0CFVJWGDYPD2,true,2024-01-30T14:56:09.181033291Z,Round 8 / 9,2024-01-30T14:53:52.693753514Z,true,2024-01-30T14:56:01.328578632Z,7,2024-01-30T14:53:52.693753514Z,1,2024-01-30T14:53:52.771424815Z,Chat,2024-01-30T14:53:52.693753514Z,01HNDD7DJBQ1ER65PMZ2MP5W97,2024-01-30T14:53:52.693753514Z,01HNDD7DJ1NA0SSKZ1VHEG0W37,2024-01-30T14:53:52.693753514Z,8,2024-01-30T14:53:52.693753514Z
01HNDDSFNSR5M3HV28ASBMVVCD,true,2024-01-30T14:56:31.134259027Z,Round 9 / 9,2024-01-30T14:53:52.697281882Z,true,2024-01-30T14:56:09.200246787Z,8,2024-01-30T14:53:52.697281882Z,1,2024-01-30T14:53:52.913206326Z,Chat,2024-01-30T14:53:52.697281882Z,01HNDD7DJBQ1ER65PMZ2MP5W97,2024-01-30T14:53:52.697281882Z,01HNDD7DJ1NA0SSKZ1VHEG0W37,2024-01-30T14:53:52.697281882Z,9,2024-01-30T14:53:52.697281882Z
01HNDDVKWCGQZ048WRDH6A7Y1N,true,2024-01-30T14:55:28.475535799Z,Round 1 / 9,2024-01-30T14:55:02.540967084Z,true,2024-01-30T14:55:02.905480705Z,0,2024-01-30T14:55:02.540967084Z,1,2024-01-30T14:55:02.742083373Z,Chat,2024-01-30T14:55:02.540967084Z,01HNDD7DR49JF9BCZN05Z2MFQW,2024-01-30T14:55:02.540967084Z,01HNDD7DQT9S31Q4XW46981XTQ,2024-01-30T14:55:02.540967084Z,1,2024-01-30T14:55:02.540967084Z
01HNDDVKWH78J0XVYA2KKWMVH1,true,2024-01-30T14:56:57.514364662Z,Round 7 / 9,2024-01-30T14:55:02.545937368Z,true,2024-01-30T14:56:49.900824782Z,6,2024-01-30T14:55:02.545937368Z,1,2024-01-30T14:55:02.754281537Z,Chat,2024-01-30T14:55:02.545937368Z,01HNDD7DR49JF9BCZN05Z2MFQW,2024-01-30T14:55:02.545937368Z,01HNDD7DQT9S31Q4XW46981XTQ,2024-01-30T14:55:02.545937368Z,7,2024-01-30T14:55:02.545937368Z
01HNDDVKWQXNZ1FV99XRVYPFNM,true,2024-01-30T14:55:43.490322939Z,Round 2 / 9,2024-01-30T14:55:02.551966347Z,true,2024-01-30T14:55:28.494474283Z,1,2024-01-30T14:55:02.551966347Z,1,2024-01-30T14:55:02.652832889Z,Chat,2024-01-30T14:55:02.551966347Z,01HNDD7DR49JF9BCZN05Z2MFQW,2024-01-30T14:55:02.551966347Z,01HNDD7DQT9S31Q4XW46981XTQ,2024-01-30T14:55:02.551966347Z,2,2024-01-30T14:55:02.551966347Z
01HNDDVKWYNSN5MG62ZHHJSYN3,true,2024-01-30T14:55:57.618251438Z,Round 3 / 9,2024-01-30T14:55:02.558441245Z,true,2024-01-30T14:55:43.511197428Z,2,2024-01-30T14:55:02.558441245Z,1,2024-01-30T14:55:02.799782988Z,Chat,2024-01-30T14:55:02.558441245Z,01HNDD7DR49JF9BCZN05Z2MFQW,2024-01-30T14:55:02.558441245Z,01HNDD7DQT9S31Q4XW46981XTQ,2024-01-30T14:55:02.558441245Z,3,2024-01-30T14:55:02.558441245Z
01HNDDVKX37S6ZFNJEMK6CBKED,true,2024-01-30T14:56:09.321961482Z,Round 4 / 9,2024-01-30T14:55:02.563090613Z,true,2024-01-30T14:55:57.63588574Z,3,2024-01-30T14:55:02.563090613Z,1,2024-01-30T14:55:02.652832889Z,Chat,2024-01-30T14:55:02.563090613Z,01HNDD7DR49JF9BCZN05Z2MFQW,2024-01-30T14:55:02.563090613Z,01HNDD7DQT9S31Q4XW46981XTQ,2024-01-30T14:55:02.563090613Z,4,2024-01-30T14:55:02.563090613Z
01HNDDVKX9T3VS1VZ7FPX7KTHB,true,2024-01-30T14:56:39.461543891Z,Round 5 / 9,2024-01-30T14:55:02.569495383Z,true,2024-01-30T14:56:09.339563019Z,4,2024-01-30T14:55:02.569495383Z,1,2024-01-30T14:55:02.799782988Z,Chat,2024-01-30T14:55:02.569495383Z,01HNDD7DR49JF9BCZN05Z2MFQW,2024-01-30T14:55:02.569495383Z,01HNDD7DQT9S31Q4XW46981XTQ,2024-01-30T14:55:02.569495383Z,5,2024-01-30T14:55:02.569495383Z
01HNDDVKXDPD9E00K6PJBPTY2S,true,2024-01-30T14:56:49.876561483Z,Round 6 / 9,2024-01-30T14:55:02.574041409Z,true,2024-01-30T14:56:39.478271391Z,5,2024-01-30T14:55:02.574041409Z,1,2024-01-30T14:55:02.706451378Z,Chat,2024-01-30T14:55:02.574041409Z,01HNDD7DR49JF9BCZN05Z2MFQW,2024-01-30T14:55:02.574041409Z,01HNDD7DQT9S31Q4XW46981XTQ,2024-01-30T14:55:02.574041409Z,6,2024-01-30T14:55:02.574041409Z
01HNDDVKXNFGS3WQMY5G6DJVJY,true,2024-01-30T14:57:10.541344887Z,Round 9 / 9,2024-01-30T14:55:02.581460431Z,true,2024-01-30T14:57:03.549458729Z,8,2024-01-30T14:55:02.581460431Z,1,2024-01-30T14:55:02.840788011Z,Chat,2024-01-30T14:55:02.581460431Z,01HNDD7DR49JF9BCZN05Z2MFQW,2024-01-30T14:55:02.581460431Z,01HNDD7DQT9S31Q4XW46981XTQ,2024-01-30T14:55:02.581460431Z,9,2024-01-30T14:55:02.581460431Z
01HNDDVKY0KPT20JAX8BVGYPN0,true,2024-01-30T14:57:03.523942477Z,Round 8 / 9,2024-01-30T14:55:02.592746489Z,true,2024-01-30T14:56:57.530012855Z,7,2024-01-30T14:55:02.592746489Z,1,2024-01-30T14:55:02.706451378Z,Chat,2024-01-30T14:55:02.592746489Z,01HNDD7DR49JF9BCZN05Z2MFQW,2024-01-30T14:55:02.592746489Z,01HNDD7DQT9S31Q4XW46981XTQ,2024-01-30T14:55:02.592746489Z,8,2024-01-30T14:55:02.592746489Z
01HNDDYNRVQEEV6EWVADX7M9KT,true,2024-01-30T14:57:43.461445592Z,Round 1 / 9,2024-01-30T14:56:42.779191886Z,true,2024-01-30T14:56:43.065745125Z,0,2024-01-30T14:56:42.779191886Z,2,2024-01-30T14:56:42.916413305Z,Chat,2024-01-30T14:56:42.779191886Z,01HNDD7DR5Y34T86SGKVHDW24J,2024-01-30T14:56:42.779191886Z,01HNDD7DQT9S31Q4XW46981XTQ,2024-01-30T14:56:42.779191886Z,1,2024-01-30T14:56:42.779191886Z
01HNDDYNRZBF8HJR1SA43C3AQB,true,2024-01-30T14:58:43.696765114Z,Round 2 / 9,2024-01-30T14:56:42.783935375Z,true,2024-01-30T14:57:43.47804212Z,1,2024-01-30T14:56:42.783935375Z,2,2024-01-30T14:56:42.912829572Z,Chat,2024-01-30T14:56:42.783935375Z,01HNDD7DR5Y34T86SGKVHDW24J,2024-01-30T14:56:42.783935375Z,01HNDD7DQT9S31Q4XW46981XTQ,2024-01-30T14:56:42.783935375Z,2,2024-01-30T14:56:42.783935375Z
01HNDDYNS592WFV661RXFSB3NJ,true,2024-01-30T14:59:37.762452894Z,Round 3 / 9,2024-01-30T14:56:42.78911438Z,true,2024-01-30T14:58:43.717435142Z,2,2024-01-30T14:56:42.78911438Z,2,2024-01-30T14:56:42.935047322Z,Chat,2024-01-30T14:56:42.78911438Z,01HNDD7DR5Y34T86SGKVHDW24J,2024-01-30T14:56:42.78911438Z,01HNDD7DQT9S31Q4XW46981XTQ,2024-01-30T14:56:42.78911438Z,3,2024-01-30T14:56:42.78911438Z
01HNDDYNS9NR8VEZWSAMTR9P6W,true,2024-01-30T15:00:38.005275916Z,Round 4 / 9,2024-01-30T14:56:42.793386251Z,true,2024-01-30T14:59:37.778395228Z,3,2024-01-30T14:56:42.793386251Z,2,2024-01-30T14:56:42.952808916Z,Chat,2024-01-30T14:56:42.793386251Z,01HNDD7DR5Y34T86SGKVHDW24J,2024-01-30T14:56:42.793386251Z,01HNDD7DQT9S31Q4XW46981XTQ,2024-01-30T14:56:42.793386251Z,4,2024-01-30T14:56:42.793386251Z
01HNDDYNSDZJF25G8Y1D82K77N,true,2024-01-30T15:02:34.342519667Z,Round 6 / 9,2024-01-30T14:56:42.797497201Z,true,2024-01-30T15:01:34.045949915Z,5,2024-01-30T14:56:42.797497201Z,2,2024-01-30T14:56:42.959976824Z,Chat,2024-01-30T14:56:42.797497201Z,01HNDD7DR5Y34T86SGKVHDW24J,2024-01-30T14:56:42.797497201Z,01HNDD7DQT9S31Q4XW46981XTQ,2024-01-30T14:56:42.797497201Z,6,2024-01-30T14:56:42.797497201Z
01HNDDYNSHCX2JQYJF1V6V7SC2,true,2024-01-30T15:01:34.023669356Z,Round 5 / 9,2024-01-30T14:56:42.801540984Z,true,2024-01-30T15:00:38.026002942Z,4,2024-01-30T14:56:42.801540984Z,2,2024-01-30T14:56:42.952808916Z,Chat,2024-01-30T14:56:42.801540984Z,01HNDD7DR5Y34T86SGKVHDW24J,2024-01-30T14:56:42.801540984Z,01HNDD7DQT9S31Q4XW46981XTQ,2024-01-30T14:56:42.801540984Z,5,2024-01-30T14:56:42.801540984Z
01HNDDYNSNGJ4YFGNXS1TABGWY,true,2024-01-30T15:04:25.102179926Z,Round 8 / 9,2024-01-30T14:56:42.805568938Z,true,2024-01-30T15:03:34.703954894Z,7,2024-01-30T14:56:42.805568938Z,2,2024-01-30T14:56:42.978561314Z,Chat,2024-01-30T14:56:42.805568938Z,01HNDD7DR5Y34T86SGKVHDW24J,2024-01-30T14:56:42.805568938Z,01HNDD7DQT9S31Q4XW46981XTQ,2024-01-30T14:56:42.805568938Z,8,2024-01-30T14:56:42.805568938Z
01HNDDYNSST77EMCB4041YGQRG,true,2024-01-30T15:05:25.363732733Z,Round 9 / 9,2024-01-30T14:56:42.81003617Z,true,2024-01-30T15:04:25.121091064Z,8,2024-01-30T14:56:42.81003617Z,2,2024-01-30T14:56:42.994813277Z,Chat,2024-01-30T14:56:42.81003617Z,01HNDD7DR5Y34T86SGKVHDW24J,2024-01-30T14:56:42.81003617Z,01HNDD7DQT9S31Q4XW46981XTQ,2024-01-30T14:56:42.81003617Z,9,2024-01-30T14:56:42.81003617Z
01HNDDYNSXB7VZRTF56RGQ3CEJ,true,2024-01-30T15:03:34.67407064Z,Round 7 / 9,2024-01-30T14:56:42.814014615Z,true,2024-01-30T15:02:34.370994947Z,6,2024-01-30T14:56:42.814014615Z,2,2024-01-30T14:56:42.978561314Z,Chat,2024-01-30T14:56:42.814014615Z,01HNDD7DR5Y34T86SGKVHDW24J,2024-01-30T14:56:42.814014615Z,01HNDD7DQT9S31Q4XW46981XTQ,2024-01-30T14:56:42.814014615Z,7,2024-01-30T14:56:42.814014615Z
01HNDE5PCSNWRYSYKD6B0MPG4F,true,2024-01-30T15:01:03.444499759Z,Round 1 / 9,2024-01-30T15:00:32.793698964Z,true,2024-01-30T15:00:32.994273893Z,0,2024-01-30T15:00:32.793698964Z,1,2024-01-30T15:00:32.907595385Z,Chat,2024-01-30T15:00:32.793698964Z,01HNDD7DXEY52MT0111F6MSBFB,2024-01-30T15:00:32.793698964Z,01HNDD7DX2PF9FH47ZVK6YBVEG,2024-01-30T15:00:32.793698964Z,1,2024-01-30T15:00:32.793698964Z
01HNDE5PD2SFVFJEPYVW5SHSJK,true,2024-01-30T15:01:29.430951072Z,Round 2 / 9,2024-01-30T15:00:32.802209282Z,true,2024-01-30T15:01:03.473946915Z,1,2024-01-30T15:00:32.802209282Z,1,2024-01-30T15:00:33.005145123Z,Chat,2024-01-30T15:00:32.802209282Z,01HNDD7DXEY52MT0111F6MSBFB,2024-01-30T15:00:32.802209282Z,01HNDD7DX2PF9FH47ZVK6YBVEG,2024-01-30T15:00:32.802209282Z,2,2024-01-30T15:00:32.802209282Z
01HNDE5PD9TCX8EW11VDMTK7D6,true,2024-01-30T15:01:52.188982765Z,Round 3 / 9,2024-01-30T15:00:32.809746528Z,true,2024-01-30T15:01:29.456476685Z,2,2024-01-30T15:00:32.809746528Z,1,2024-01-30T15:00:32.930801172Z,Chat,2024-01-30T15:00:32.809746528Z,01HNDD7DXEY52MT0111F6MSBFB,2024-01-30T15:00:32.809746528Z,01HNDD7DX2PF9FH47ZVK6YBVEG,2024-01-30T15:00:32.809746528Z,3,2024-01-30T15:00:32.809746528Z
01HNDE5PDFTW92THT1D5CKC11T,true,2024-01-30T15:02:15.820085176Z,Round 4 / 9,2024-01-30T15:00:32.815326837Z,true,2024-01-30T15:01:52.212394494Z,3,2024-01-30T15:00:32.815326837Z,1,2024-01-30T15:00:32.964229084Z,Chat,2024-01-30T15:00:32.815326837Z,01HNDD7DXEY52MT0111F6MSBFB,2024-01-30T15:00:32.815326837Z,01HNDD7DX2PF9FH47ZVK6YBVEG,2024-01-30T15:00:32.815326837Z,4,2024-01-30T15:00:32.815326837Z
01HNDE5PDMF3QN6RKJ78EXRYXG,true,2024-01-30T15:02:54.559852689Z,Round 6 / 9,2024-01-30T15:00:32.820063226Z,true,2024-01-30T15:02:41.399246134Z,5,2024-01-30T15:00:32.820063226Z,1,2024-01-30T15:00:32.930801172Z,Chat,2024-01-30T15:00:32.820063226Z,01HNDD7DXEY52MT0111F6MSBFB,2024-01-30T15:00:32.820063226Z,01HNDD7DX2PF9FH47ZVK6YBVEG,2024-01-30T15:00:32.820063226Z,6,2024-01-30T15:00:32.820063226Z
01HNDE5PDT6DP9SGHMWCHC3XRY,true,2024-01-30T15:03:20.075291874Z,Round 8 / 9,2024-01-30T15:00:32.826901172Z,true,2024-01-30T15:03:04.332707588Z,7,2024-01-30T15:00:32.826901172Z,1,2024-01-30T15:00:32.975494808Z,Chat,2024-01-30T15:00:32.826901172Z,01HNDD7DXEY52MT0111F6MSBFB,2024-01-30T15:00:32.826901172Z,01HNDD7DX2PF9FH47ZVK6YBVEG,2024-01-30T15:00:32.826901172Z,8,2024-01-30T15:00:32.826901172Z
01HNDE5PDZXBZZXZAWS3PB7QHG,true,2024-01-30T15:03:04.304818151Z,Round 7 / 9,2024-01-30T15:00:32.831116129Z,true,2024-01-30T15:02:54.579364664Z,6,2024-01-30T15:00:32.831116129Z,1,2024-01-30T15:00:32.975494808Z,Chat,2024-01-30T15:00:32.831116129Z,01HNDD7DXEY52MT0111F6MSBFB,2024-01-30T15:00:32.831116129Z,01HNDD7DX2PF9FH47ZVK6YBVEG,2024-01-30T15:00:32.831116129Z,7,2024-01-30T15:00:32.831116129Z
01HNDE5PE5BC3V3NGAZ2GEKWXW,true,2024-01-30T15:02:41.378254761Z,Round 5 / 9,2024-01-30T15:00:32.837198165Z,true,2024-01-30T15:02:15.843981506Z,4,2024-01-30T15:00:32.837198165Z,1,2024-01-30T15:00:32.930801172Z,Chat,2024-01-30T15:00:32.837198165Z,01HNDD7DXEY52MT0111F6MSBFB,2024-01-30T15:00:32.837198165Z,01HNDD7DX2PF9FH47ZVK6YBVEG,2024-01-30T15:00:32.837198165Z,5,2024-01-30T15:00:32.837198165Z
01HNDE5PECF1DKH4HQPRWRHPM9,true,2024-01-30T15:03:48.660309327Z,Round 9 / 9,2024-01-30T15:00:32.844874498Z,true,2024-01-30T15:03:20.103902817Z,8,2024-01-30T15:00:32.844874498Z,1,2024-01-30T15:00:32.930801172Z,Chat,2024-01-30T15:00:32.844874498Z,01HNDD7DXEY52MT0111F6MSBFB,2024-01-30T15:00:32.844874498Z,01HNDD7DX2PF9FH47ZVK6YBVEG,2024-01-30T15:00:32.844874498Z,9,2024-01-30T15:00:32.844874498Z
01HNDEB073TAGD2N88D7SN02FW,true,2024-01-30T15:04:26.334708392Z,Round 1 / 9,2024-01-30T15:03:26.691645389Z,true,2024-01-30T15:03:27.068814775Z,0,2024-01-30T15:03:26.691645389Z,2,2024-01-30T15:03:26.88223536Z,Chat,2024-01-30T15:03:26.691645389Z,01HNDD7DXD8928Q9XV76EK0YKS,2024-01-30T15:03:26.691645389Z,01HNDD7DX2PF9FH47ZVK6YBVEG,2024-01-30T15:03:26.691645389Z,1,2024-01-30T15:03:26.691645389Z
01HNDEB07CQ8C65K830TT81DFW,true,2024-01-30T15:06:14.397044854Z,Round 3 / 9,2024-01-30T15:03:26.700189677Z,true,2024-01-30T15:05:19.878039087Z,2,2024-01-30T15:03:26.700189677Z,2,2024-01-30T15:03:26.901966372Z,Chat,2024-01-30T15:03:26.700189677Z,01HNDD7DXD8928Q9XV76EK0YKS,2024-01-30T15:03:26.700189677Z,01HNDD7DX2PF9FH47ZVK6YBVEG,2024-01-30T15:03:26.700189677Z,3,2024-01-30T15:03:26.700189677Z
01HNDEB07G0P61Z2RNSH46E8T5,true,2024-01-30T15:05:19.854350755Z,Round 2 / 9,2024-01-30T15:03:26.704755707Z,true,2024-01-30T15:04:26.358471857Z,1,2024-01-30T15:03:26.704755707Z,2,2024-01-30T15:03:26.95851801Z,Chat,2024-01-30T15:03:26.704755707Z,01HNDD7DXD8928Q9XV76EK0YKS,2024-01-30T15:03:26.704755707Z,01HNDD7DX2PF9FH47ZVK6YBVEG,2024-01-30T15:03:26.704755707Z,2,2024-01-30T15:03:26.704755707Z
01HNDEB07M22ADF3SFJTDFGBBF,true,2024-01-30T15:08:01.084995045Z,Round 5 / 9,2024-01-30T15:03:26.709000023Z,true,2024-01-30T15:07:10.012664185Z,4,2024-01-30T15:03:26.709000023Z,2,2024-01-30T15:03:26.86809301Z,Chat,2024-01-30T15:03:26.709000023Z,01HNDD7DXD8928Q9XV76EK0YKS,2024-01-30T15:03:26.709000023Z,01HNDD7DX2PF9FH47ZVK6YBVEG,2024-01-30T15:03:26.709000023Z,5,2024-01-30T15:03:26.709000023Z
01HNDEB07TAT6MHEZ7W0FXKENM,true,2024-01-30T15:07:09.99015129Z,Round 4 / 9,2024-01-30T15:03:26.714070588Z,true,2024-01-30T15:06:14.425995132Z,3,2024-01-30T15:03:26.714070588Z,2,2024-01-30T15:03:26.910390736Z,Chat,2024-01-30T15:03:26.714070588Z,01HNDD7DXD8928Q9XV76EK0YKS,2024-01-30T15:03:26.714070588Z,01HNDD7DX2PF9FH47ZVK6YBVEG,2024-01-30T15:03:26.714070588Z,4,2024-01-30T15:03:26.714070588Z
01HNDEB07YW0WNHN5G32H7VHTG,true,2024-01-30T15:08:42.922719426Z,Round 6 / 9,2024-01-30T15:03:26.718657303Z,true,2024-01-30T15:08:01.112840631Z,5,2024-01-30T15:03:26.718657303Z,2,2024-01-30T15:03:26.977584842Z,Chat,2024-01-30T15:03:26.718657303Z,01HNDD7DXD8928Q9XV76EK0YKS,2024-01-30T15:03:26.718657303Z,01HNDD7DX2PF9FH47ZVK6YBVEG,2024-01-30T15:03:26.718657303Z,6,2024-01-30T15:03:26.718657303Z
01HNDEB084WHTG9Q0FA9MTQY6E,true,2024-01-30T15:09:32.321304862Z,Round 7 / 9,2024-01-30T15:03:26.724054631Z,true,2024-01-30T15:08:42.9473079Z,6,2024-01-30T15:03:26.724054631Z,2,2024-01-30T15:03:27.015588905Z,Chat,2024-01-30T15:03:26.724054631Z,01HNDD7DXD8928Q9XV76EK0YKS,2024-01-30T15:03:26.724054631Z,01HNDD7DX2PF9FH47ZVK6YBVEG,2024-01-30T15:03:26.724054631Z,7,2024-01-30T15:03:26.724054631Z
01HNDEB088KC5E19W2X1611Z37,true,2024-01-30T15:10:57.78357293Z,Round 9 / 9,2024-01-30T15:03:26.728339609Z,true,2024-01-30T15:10:15.261163408Z,8,2024-01-30T15:03:26.728339609Z,2,2024-01-30T15:03:26.88223536Z,Chat,2024-01-30T15:03:26.728339609Z,01HNDD7DXD8928Q9XV76EK0YKS,2024-01-30T15:03:26.728339609Z,01HNDD7DX2PF9FH47ZVK6YBVEG,2024-01-30T15:03:26.728339609Z,9,2024-01-30T15:03:26.728339609Z
01HNDEB08C5NJANEP1PX8Y8FQJ,true,2024-01-30T15:10:15.233215314Z,Round 8 / 9,2024-01-30T15:03:26.73299458Z,true,2024-01-30T15:09:32.343250624Z,7,2024-01-30T15:03:26.73299458Z,2,2024-01-30T15:03:26.993921789Z,Chat,2024-01-30T15:03:26.73299458Z,01HNDD7DXD8928Q9XV76EK0YKS,2024-01-30T15:03:26.73299458Z,01HNDD7DX2PF9FH47ZVK6YBVEG,2024-01-30T15:03:26.73299458Z,8,2024-01-30T15:03:26.73299458Z
01HNDECVHW4MG9RMNPZKN0ZMBY,true,2024-01-30T15:05:16.944313861Z,Round 1 / 9,2024-01-30T15:04:27.4526927Z,true,2024-01-30T15:04:27.809664641Z,0,2024-01-30T15:04:27.4526927Z,2,2024-01-30T15:04:27.647246787Z,Chat,2024-01-30T15:04:27.4526927Z,01HNDDJWG0GP6R93VGA7WEB9GS,2024-01-30T15:04:27.4526927Z,01HNDDJWFHTJ5VK732VD4T6AW0,2024-01-30T15:04:27.4526927Z,1,2024-01-30T15:04:27.4526927Z
01HNDECVJ17PSSHSXZAQQ9R9BN,true,2024-01-30T15:06:16.028835932Z,Round 2 / 9,2024-01-30T15:04:27.457963883Z,true,2024-01-30T15:05:16.975760356Z,1,2024-01-30T15:04:27.457963883Z,2,2024-01-30T15:04:27.607603136Z,Chat,2024-01-30T15:04:27.457963883Z,01HNDDJWG0GP6R93VGA7WEB9GS,2024-01-30T15:04:27.457963883Z,01HNDDJWFHTJ5VK732VD4T6AW0,2024-01-30T15:04:27.457963883Z,2,2024-01-30T15:04:27.457963883Z
01HNDECVJ8XG0BP19B2TEZWC18,true,2024-01-30T15:07:03.262762394Z,Round 3 / 9,2024-01-30T15:04:27.464292483Z,true,2024-01-30T15:06:16.049411002Z,2,2024-01-30T15:04:27.464292483Z,2,2024-01-30T15:04:27.634121217Z,Chat,2024-01-30T15:04:27.464292483Z,01HNDDJWG0GP6R93VGA7WEB9GS,2024-01-30T15:04:27.464292483Z,01HNDDJWFHTJ5VK732VD4T6AW0,2024-01-30T15:04:27.464292483Z,3,2024-01-30T15:04:27.464292483Z
01HNDECVJDM0VCMNQEN6HYWYQ9,true,2024-01-30T15:10:06.871716758Z,Round 7 / 9,2024-01-30T15:04:27.469300911Z,true,2024-01-30T15:09:23.463039593Z,6,2024-01-30T15:04:27.469300911Z,2,2024-01-30T15:04:27.643308471Z,Chat,2024-01-30T15:04:27.469300911Z,01HNDDJWG0GP6R93VGA7WEB9GS,2024-01-30T15:04:27.469300911Z,01HNDDJWFHTJ5VK732VD4T6AW0,2024-01-30T15:04:27.469300911Z,7,2024-01-30T15:04:27.469300911Z
01HNDECVJRKH4RJE83B9E787PD,true,2024-01-30T15:07:47.748534754Z,Round 4 / 9,2024-01-30T15:04:27.480326215Z,true,2024-01-30T15:07:03.300201644Z,3,2024-01-30T15:04:27.480326215Z,2,2024-01-30T15:04:27.658979346Z,Chat,2024-01-30T15:04:27.480326215Z,01HNDDJWG0GP6R93VGA7WEB9GS,2024-01-30T15:04:27.480326215Z,01HNDDJWFHTJ5VK732VD4T6AW0,2024-01-30T15:04:27.480326215Z,4,2024-01-30T15:04:27.480326215Z
01HNDECVJX1Q5NFJ8XDVKZNTSE,true,2024-01-30T15:08:34.502505641Z,Round 5 / 9,2024-01-30T15:04:27.485204448Z,true,2024-01-30T15:07:47.768969705Z,4,2024-01-30T15:04:27.485204448Z,2,2024-01-30T15:04:27.663071114Z,Chat,2024-01-30T15:04:27.485204448Z,01HNDDJWG0GP6R93VGA7WEB9GS,2024-01-30T15:04:27.485204448Z,01HNDDJWFHTJ5VK732VD4T6AW0,2024-01-30T15:04:27.485204448Z,5,2024-01-30T15:04:27.485204448Z
01HNDECVK4Z9GZCVTX6ADKAF52,true,2024-01-30T15:09:23.44206904Z,Round 6 / 9,2024-01-30T15:04:27.492655446Z,true,2024-01-30T15:08:34.525108254Z,5,2024-01-30T15:04:27.492655446Z,2,2024-01-30T15:04:27.695277465Z,Chat,2024-01-30T15:04:27.492655446Z,01HNDDJWG0GP6R93VGA7WEB9GS,2024-01-30T15:04:27.492655446Z,01HNDDJWFHTJ5VK732VD4T6AW0,2024-01-30T15:04:27.492655446Z,6,2024-01-30T15:04:27.492655446Z
01HNDECVKDVYS8X02EN0FPT6DW,true,2024-01-30T15:11:29.761113931Z,Round 9 / 9,2024-01-30T15:04:27.50131301Z,true,2024-01-30T15:10:46.852467065Z,8,2024-01-30T15:04:27.50131301Z,2,2024-01-30T15:04:27.695277465Z,Chat,2024-01-30T15:04:27.50131301Z,01HNDDJWG0GP6R93VGA7WEB9GS,2024-01-30T15:04:27.50131301Z,01HNDDJWFHTJ5VK732VD4T6AW0,2024-01-30T15:04:27.50131301Z,9,2024-01-30T15:04:27.50131301Z
01HNDECVKH22DQE61YZ6WY65PH,true,2024-01-30T15:10:46.830345766Z,Round 8 / 9,2024-01-30T15:04:27.505781708Z,true,2024-01-30T15:10:06.891774788Z,7,2024-01-30T15:04:27.505781708Z,2,2024-01-30T15:04:27.712569962Z,Chat,2024-01-30T15:04:27.505781708Z,01HNDDJWG0GP6R93VGA7WEB9GS,2024-01-30T15:04:27.505781708Z,01HNDDJWFHTJ5VK732VD4T6AW0,2024-01-30T15:04:27.505781708Z,8,2024-01-30T15:04:27.505781708Z
01HNDER9TQCNS7QMX07NTM9WRK,true,2024-01-30T15:11:13.094014202Z,Round 1 / 9,2024-01-30T15:10:42.519287065Z,true,2024-01-30T15:10:42.761666755Z,0,2024-01-30T15:10:42.519287065Z,1,2024-01-30T15:10:42.631389664Z,Chat,2024-01-30T15:10:42.519287065Z,01HNDDJWFXYQ2TT4BFCT9D05DC,2024-01-30T15:10:42.519287065Z,01HNDDJWFHTJ5VK732VD4T6AW0,2024-01-30T15:10:42.519287065Z,1,2024-01-30T15:10:42.519287065Z
01HNDER9TW64HY8D8XCK3Z7EKV,true,2024-01-30T15:11:43.2728716Z,Round 2 / 9,2024-01-30T15:10:42.524644707Z,true,2024-01-30T15:11:13.115722302Z,1,2024-01-30T15:10:42.524644707Z,1,2024-01-30T15:10:42.645569564Z,Chat,2024-01-30T15:10:42.524644707Z,01HNDDJWFXYQ2TT4BFCT9D05DC,2024-01-30T15:10:42.524644707Z,01HNDDJWFHTJ5VK732VD4T6AW0,2024-01-30T15:10:42.524644707Z,2,2024-01-30T15:10:42.524644707Z
01HNDER9V1EXKC42AC6CXW7HBA,true,2024-01-30T15:12:07.855937427Z,Round 3 / 9,2024-01-30T15:10:42.529232175Z,true,2024-01-30T15:11:43.300637292Z,2,2024-01-30T15:10:42.529232175Z,1,2024-01-30T15:10:42.659273043Z,Chat,2024-01-30T15:10:42.529232175Z,01HNDDJWFXYQ2TT4BFCT9D05DC,2024-01-30T15:10:42.529232175Z,01HNDDJWFHTJ5VK732VD4T6AW0,2024-01-30T15:10:42.529232175Z,3,2024-01-30T15:10:42.529232175Z
01HNDER9V5RD1X3RDR402CBZC9,true,2024-01-30T15:12:23.38861136Z,Round 4 / 9,2024-01-30T15:10:42.533951613Z,true,2024-01-30T15:12:07.881358213Z,3,2024-01-30T15:10:42.533951613Z,1,2024-01-30T15:10:42.709505025Z,Chat,2024-01-30T15:10:42.533951613Z,01HNDDJWFXYQ2TT4BFCT9D05DC,2024-01-30T15:10:42.533951613Z,01HNDDJWFHTJ5VK732VD4T6AW0,2024-01-30T15:10:42.533951613Z,4,2024-01-30T15:10:42.533951613Z
01HNDER9VAWN63DV9QRNFWPGWD,true,2024-01-30T15:12:38.790980425Z,Round 5 / 9,2024-01-30T15:10:42.538337504Z,true,2024-01-30T15:12:23.417718369Z,4,2024-01-30T15:10:42.538337504Z,1,2024-01-30T15:10:42.673694671Z,Chat,2024-01-30T15:10:42.538337504Z,01HNDDJWFXYQ2TT4BFCT9D05DC,2024-01-30T15:10:42.538337504Z,01HNDDJWFHTJ5VK732VD4T6AW0,2024-01-30T15:10:42.538337504Z,5,2024-01-30T15:10:42.538337504Z
01HNDER9VGQQAYXBVH9M84R169,true,2024-01-30T15:12:51.508406535Z,Round 6 / 9,2024-01-30T15:10:42.544048875Z,true,2024-01-30T15:12:38.814140992Z,5,2024-01-30T15:10:42.544048875Z,1,2024-01-30T15:10:42.673694671Z,Chat,2024-01-30T15:10:42.544048875Z,01HNDDJWFXYQ2TT4BFCT9D05DC,2024-01-30T15:10:42.544048875Z,01HNDDJWFHTJ5VK732VD4T6AW0,2024-01-30T15:10:42.544048875Z,6,2024-01-30T15:10:42.544048875Z
01HNDER9VMT6RZXADY8CQV7GFV,true,2024-01-30T15:13:10.168369811Z,Round 7 / 9,2024-01-30T15:10:42.548868664Z,true,2024-01-30T15:12:51.528085622Z,6,2024-01-30T15:10:42.548868664Z,1,2024-01-30T15:10:42.705110505Z,Chat,2024-01-30T15:10:42.548868664Z,01HNDDJWFXYQ2TT4BFCT9D05DC,2024-01-30T15:10:42.548868664Z,01HNDDJWFHTJ5VK732VD4T6AW0,2024-01-30T15:10:42.548868664Z,7,2024-01-30T15:10:42.548868664Z
01HNDER9VSB546SHPWG1D77AWT,true,2024-01-30T15:13:26.174396306Z,Round 8 / 9,2024-01-30T15:10:42.553978451Z,true,2024-01-30T15:13:10.186790039Z,7,2024-01-30T15:10:42.553978451Z,1,2024-01-30T15:10:42.735144431Z,Chat,2024-01-30T15:10:42.553978451Z,01HNDDJWFXYQ2TT4BFCT9D05DC,2024-01-30T15:10:42.553978451Z,01HNDDJWFHTJ5VK732VD4T6AW0,2024-01-30T15:10:42.553978451Z,8,2024-01-30T15:10:42.553978451Z
01HNDER9VZ5XAVV9NASXQFTHYH,true,2024-01-30T15:13:49.020562174Z,Round 9 / 9,2024-01-30T15:10:42.559172149Z,true,2024-01-30T15:13:26.197965389Z,8,2024-01-30T15:10:42.559172149Z,1,2024-01-30T15:10:42.709505025Z,Chat,2024-01-30T15:10:42.559172149Z,01HNDDJWFXYQ2TT4BFCT9D05DC,2024-01-30T15:10:42.559172149Z,01HNDDJWFHTJ5VK732VD4T6AW0,2024-01-30T15:10:42.559172149Z,9,2024-01-30T15:10:42.559172149Z
