﻿id,batchID,batchIDLastChangedAt,gameID,gameIDLastChangedAt,playerID,playerIDLastChangedAt
01HNDBB5SX17YAW2VDAV3R2Q5C,01HNDB3WB30T3HSXFKYVFDZJVJ,2024-01-30T14:11:06.685446672Z,01HNDB3WBW63N14TZR8HZ0DZ7H,2024-01-30T14:11:06.685446672Z,01HNDB70WRRWZRX93F98SA6HXG,2024-01-30T14:11:06.685446672Z
01HNDBB5SY06YQ24A3PPW753F3,01HNDB3WB30T3HSXFKYVFDZJVJ,2024-01-30T14:11:06.686325789Z,01HNDB3WBW63N14TZR8HZ0DZ7H,2024-01-30T14:11:06.686325789Z,01HNDB762M5M8Z9H1NJ54J1PNA,2024-01-30T14:11:06.686325789Z
01HNDBB5SY06YQ24A3PTMVX235,01HNDB3WB30T3HSXFKYVFDZJVJ,2024-01-30T14:11:06.686944002Z,01HNDB3WBW63N14TZR8HZ0DZ7H,2024-01-30T14:11:06.686944002Z,01HNDB7C0ZKF6306S76E99GBZA,2024-01-30T14:11:06.686944002Z
01HNDBB5SZDPSN6MK8Y5JDNAZ1,01HNDB3WB30T3HSXFKYVFDZJVJ,2024-01-30T14:11:06.687407619Z,01HNDB3WBW63N14TZR8HZ0DZ7H,2024-01-30T14:11:06.687407619Z,01HNDB95MW9DEJB0M9CG208G2K,2024-01-30T14:11:06.687407619Z
01HNDBF04B606MDVEMGFEA15E5,01HNDB3XT775V20QG3EE6AAZMS,2024-01-30T14:13:11.94733664Z,01HNDB3XTQF66NKEQ7HBCBY9BJ,2024-01-30T14:13:11.94733664Z,01HNDB7M8Y6J4MSBAEXKPBE52C,2024-01-30T14:13:11.94733664Z
01HNDBF04C16AEAVRK21XKFRW6,01HNDB3XT775V20QG3EE6AAZMS,2024-01-30T14:13:11.948759334Z,01HNDB3XTQF66NKEQ7HBCBY9BJ,2024-01-30T14:13:11.948759334Z,01HNDB913QZHG1VEDN317EXRMK,2024-01-30T14:13:11.948759334Z
01HNDBF04D50GNGX7HWYQKJV9P,01HNDB3XT775V20QG3EE6AAZMS,2024-01-30T14:13:11.949914584Z,01HNDB3XTQF66NKEQ7HBCBY9BJ,2024-01-30T14:13:11.949914584Z,01HNDB92QFC2MQXDVH505RNN81,2024-01-30T14:13:11.949914584Z
01HNDBF04F8AMJ1NE5TZVV9C58,01HNDB3XT775V20QG3EE6AAZMS,2024-01-30T14:13:11.951103925Z,01HNDB3XTQF66NKEQ7HBCBY9BJ,2024-01-30T14:13:11.951103925Z,01HNDBA9G4GH1RKT6Z9GDAG8W8,2024-01-30T14:13:11.951103925Z
01HNDBFZB2Q216M85XTEBJH4YD,01HNDB3WB30T3HSXFKYVFDZJVJ,2024-01-30T14:13:43.906634397Z,01HNDB3WBW63N14TZR84GFRT86,2024-01-30T14:13:43.906634397Z,01HNDBB7TV21JG5MZYX6KNMBHP,2024-01-30T14:13:43.906634397Z
01HNDBFZB30Z51H6BE4Z9MNE64,01HNDB3WB30T3HSXFKYVFDZJVJ,2024-01-30T14:13:43.907853561Z,01HNDB3WBW63N14TZR84GFRT86,2024-01-30T14:13:43.907853561Z,01HNDBBG1ZAHRVJ99AK6GR19QK,2024-01-30T14:13:43.907853561Z
01HNDBFZB4RZPNA1SB1CV6ES55,01HNDB3WB30T3HSXFKYVFDZJVJ,2024-01-30T14:13:43.908739698Z,01HNDB3WBW63N14TZR84GFRT86,2024-01-30T14:13:43.908739698Z,01HNDBBSTHEXR7JGQ3HQ9KMVE5,2024-01-30T14:13:43.908739698Z
01HNDBFZB66DPHCPY5Y4DVBNEG,01HNDB3WB30T3HSXFKYVFDZJVJ,2024-01-30T14:13:43.91100964Z,01HNDB3WBW63N14TZR84GFRT86,2024-01-30T14:13:43.91100964Z,01HNDBBWYS0VTT6GTQT00GCCPT,2024-01-30T14:13:43.91100964Z
01HNDBGA51PKS2XHEXMFXV7FWT,01HNDB3Y5567ZKBSA8QGT8SQRB,2024-01-30T14:13:54.97767576Z,01HNDB3Y5G1M5Z6YSEG0D9343K,2024-01-30T14:13:54.97767576Z,01HNDB4NRT9JV9F06AK3XEG78S,2024-01-30T14:13:54.97767576Z
01HNDBGA5315WE04MK99Y0RJCY,01HNDB3Y5567ZKBSA8QGT8SQRB,2024-01-30T14:13:54.97905389Z,01HNDB3Y5G1M5Z6YSEG0D9343K,2024-01-30T14:13:54.97905389Z,01HNDB97QN9RVMBTZQ75DZ3S4T,2024-01-30T14:13:54.97905389Z
01HNDBGA5315WE04MK9EE8HW37,01HNDB3Y5567ZKBSA8QGT8SQRB,2024-01-30T14:13:54.979777867Z,01HNDB3Y5G1M5Z6YSEG0D9343K,2024-01-30T14:13:54.979777867Z,01HNDBANEV9AQYQ1J0QQ3ZFXPK,2024-01-30T14:13:54.979777867Z
01HNDBGA54E0CN27NBPG6CEWVQ,01HNDB3Y5567ZKBSA8QGT8SQRB,2024-01-30T14:13:54.980443142Z,01HNDB3Y5G1M5Z6YSEG0D9343K,2024-01-30T14:13:54.980443142Z,01HNDBAVAV3A0J2S164RB382YB,2024-01-30T14:13:54.980443142Z
01HNDBGZPR8XE10N15JAZ4FTM6,01HNDB3XT775V20QG3EE6AAZMS,2024-01-30T14:14:17.04897232Z,01HNDB3XTRMS2GR15H7G3EFQWY,2024-01-30T14:14:17.04897232Z,01HNDB7T8BVMRZQEF8W46KTDBC,2024-01-30T14:14:17.04897232Z
01HNDBGZPTJ3K65TSY0Q0ET89A,01HNDB3XT775V20QG3EE6AAZMS,2024-01-30T14:14:17.050460802Z,01HNDB3XTRMS2GR15H7G3EFQWY,2024-01-30T14:14:17.050460802Z,01HNDB93RA7FN1VF2492GN6BBW,2024-01-30T14:14:17.050460802Z
01HNDBGZPVBEMH7HFSZAV6Q323,01HNDB3XT775V20QG3EE6AAZMS,2024-01-30T14:14:17.051402119Z,01HNDB3XTRMS2GR15H7G3EFQWY,2024-01-30T14:14:17.051402119Z,01HNDBAQPHNEHQ3R6YPFPTC7FF,2024-01-30T14:14:17.051402119Z
01HNDBGZPWS64MJR8MY5M7EPAJ,01HNDB3XT775V20QG3EE6AAZMS,2024-01-30T14:14:17.052190858Z,01HNDB3XTRMS2GR15H7G3EFQWY,2024-01-30T14:14:17.052190858Z,01HNDBBME8F3NXXY2M7B4SV0DT,2024-01-30T14:14:17.052190858Z
01HNDBJ9CGH4V9DKPPNS6B9YHC,01HNDB3Y5567ZKBSA8QGT8SQRB,2024-01-30T14:14:59.728119801Z,01HNDB3Y5HJFMF97DC9SHA61FR,2024-01-30T14:14:59.728119801Z,01HNDB8DKC7YKQ41FZ9DH396HC,2024-01-30T14:14:59.728119801Z
01HNDBJ9CK7BXJS21KSN34HTEJ,01HNDB3Y5567ZKBSA8QGT8SQRB,2024-01-30T14:14:59.731365141Z,01HNDB3Y5HJFMF97DC9SHA61FR,2024-01-30T14:14:59.731365141Z,01HNDBBMJ5MQPXS1WKQM1C9ARZ,2024-01-30T14:14:59.731365141Z
01HNDBJ9CPGAF34WYDB8GD0TTC,01HNDB3Y5567ZKBSA8QGT8SQRB,2024-01-30T14:14:59.734265741Z,01HNDB3Y5HJFMF97DC9SHA61FR,2024-01-30T14:14:59.734265741Z,01HNDBD43NQD1VTEW7CAEAKF64,2024-01-30T14:14:59.734265741Z
01HNDBJ9CR4W48AYVK9ZV7BG8Z,01HNDB3Y5567ZKBSA8QGT8SQRB,2024-01-30T14:14:59.736896611Z,01HNDB3Y5HJFMF97DC9SHA61FR,2024-01-30T14:14:59.736896611Z,01HNDBENSKN9N915TZJKJ9QHS9,2024-01-30T14:14:59.736896611Z
01HNDBK9PXC812QCTA5W3BH7P0,01HNDB3YAA8GPV8TCY2YPC4DSG,2024-01-30T14:15:32.829376464Z,01HNDB3YANKKRNDPCBT2V4525A,2024-01-30T14:15:32.829376464Z,01HNDBAGPXVHDD8Q8DD9QWREKX,2024-01-30T14:15:32.829376464Z
01HNDBK9Q2JMC1Z33BDGTA58RZ,01HNDB3YAA8GPV8TCY2YPC4DSG,2024-01-30T14:15:32.834472387Z,01HNDB3YANKKRNDPCBT2V4525A,2024-01-30T14:15:32.834472387Z,01HNDBFQ2NSDNG91PTXRCWABTX,2024-01-30T14:15:32.834472387Z
01HNDBK9Q76KS6G53XBHDB52ZZ,01HNDB3YAA8GPV8TCY2YPC4DSG,2024-01-30T14:15:32.839654596Z,01HNDB3YANKKRNDPCBT2V4525A,2024-01-30T14:15:32.839654596Z,01HNDBFYR4Q7MYWPK871SG19VG,2024-01-30T14:15:32.839654596Z
01HNDBK9QB9Z0YCGARJXVDE4F0,01HNDB3YAA8GPV8TCY2YPC4DSG,2024-01-30T14:15:32.843595503Z,01HNDB3YANKKRNDPCBT2V4525A,2024-01-30T14:15:32.843595503Z,01HNDBH1M5RF2PHCF6A4NC45AY,2024-01-30T14:15:32.843595503Z
01HNDBM6R1DX9SV4RPKSWG2TPY,01HNDB3YG3XEJMGM60GYJ06B6A,2024-01-30T14:16:02.562021321Z,01HNDB3YGFB8FF1TK5AXM5CHHA,2024-01-30T14:16:02.562021321Z,01HNDBCJ6GRCGEGK2EJ79V35P4,2024-01-30T14:16:02.562021321Z
01HNDBM6R6G01TEDHDS5HNWNM3,01HNDB3YG3XEJMGM60GYJ06B6A,2024-01-30T14:16:02.567025851Z,01HNDB3YGFB8FF1TK5AXM5CHHA,2024-01-30T14:16:02.567025851Z,01HNDBEEEAF8V4SJH5CHGEXJBT,2024-01-30T14:16:02.567025851Z
01HNDBM6RAYJ0WMGH5DV8MJJGM,01HNDB3YG3XEJMGM60GYJ06B6A,2024-01-30T14:16:02.570832361Z,01HNDB3YGFB8FF1TK5AXM5CHHA,2024-01-30T14:16:02.570832361Z,01HNDBEP3WFCX7R6WHMFHDRYSM,2024-01-30T14:16:02.570832361Z
01HNDBM6REX9C78AFQZ931ERCH,01HNDB3YG3XEJMGM60GYJ06B6A,2024-01-30T14:16:02.574759446Z,01HNDB3YGFB8FF1TK5AXM5CHHA,2024-01-30T14:16:02.574759446Z,01HNDBEQK83YZFEJPEBNH852TR,2024-01-30T14:16:02.574759446Z
01HNDBMTRAEPX7QDC1645TDGNF,01HNDB3YN9S8XAXV63J7H20C6N,2024-01-30T14:16:23.050071129Z,01HNDB3YNMX1HKK7Y9CH8TNPRX,2024-01-30T14:16:23.050071129Z,01HNDBCD019267CET8Y7Y0JF9P,2024-01-30T14:16:23.050071129Z
01HNDBMTRE3S81W2GQPGW1MEWG,01HNDB3YN9S8XAXV63J7H20C6N,2024-01-30T14:16:23.054943898Z,01HNDB3YNMX1HKK7Y9CH8TNPRX,2024-01-30T14:16:23.054943898Z,01HNDBFVKXETP6XSS0328XSSZX,2024-01-30T14:16:23.054943898Z
01HNDBMTRKSMY80BVPK1M0XJX2,01HNDB3YN9S8XAXV63J7H20C6N,2024-01-30T14:16:23.059309946Z,01HNDB3YNMX1HKK7Y9CH8TNPRX,2024-01-30T14:16:23.059309946Z,01HNDBG92VDATT7SWBKPYW2WHG,2024-01-30T14:16:23.059309946Z
01HNDBMTRQVKA2TSPH4YHE0BND,01HNDB3YN9S8XAXV63J7H20C6N,2024-01-30T14:16:23.063593665Z,01HNDB3YNMX1HKK7Y9CH8TNPRX,2024-01-30T14:16:23.063593665Z,01HNDBHSPD837TQ0D3KRR22DPW,2024-01-30T14:16:23.063593665Z
01HNDBP2RYVB4GQNNG6QHVMSJ5,01HNDB3YTFQ2CN641FXXKRYXGD,2024-01-30T14:17:04.030544603Z,01HNDB3YTVNQJMVF73FJ0MQQNQ,2024-01-30T14:17:04.030544603Z,01HNDBF1349KYBX385BFQ22W7D,2024-01-30T14:17:04.030544603Z
01HNDBP2S6CAFYQBQQNZE78GQH,01HNDB3YTFQ2CN641FXXKRYXGD,2024-01-30T14:17:04.038375196Z,01HNDB3YTVNQJMVF73FJ0MQQNQ,2024-01-30T14:17:04.038375196Z,01HNDBFQHCNC1XTGNDM3F95FTE,2024-01-30T14:17:04.038375196Z
01HNDBP2SB7DQ8098KXR2R8ANF,01HNDB3YTFQ2CN641FXXKRYXGD,2024-01-30T14:17:04.043099245Z,01HNDB3YTVNQJMVF73FJ0MQQNQ,2024-01-30T14:17:04.043099245Z,01HNDBFRV0W5D13VPEN764RBKE,2024-01-30T14:17:04.043099245Z
01HNDBP2SG575D86E2GH9SXZK5,01HNDB3YTFQ2CN641FXXKRYXGD,2024-01-30T14:17:04.048084868Z,01HNDB3YTVNQJMVF73FJ0MQQNQ,2024-01-30T14:17:04.048084868Z,01HNDBG06TSBE6VPGHKSWPT4EY,2024-01-30T14:17:04.048084868Z
01HNDBPWVYYJVEBV93NRR74J9D,01HNDB5A6AJ09E68SSNGTD4HAC,2024-01-30T14:17:30.750338894Z,01HNDB5A6RNP5V4NQ3PFM6P99T,2024-01-30T14:17:30.750338894Z,01HNDBGMHBJ0NDWNMTJ9DEGBVY,2024-01-30T14:17:30.750338894Z
01HNDBPWW1WH137VXD2Q764BFR,01HNDB5A6AJ09E68SSNGTD4HAC,2024-01-30T14:17:30.754012985Z,01HNDB5A6RNP5V4NQ3PFM6P99T,2024-01-30T14:17:30.754012985Z,01HNDBGXHXVYG2NE4ED713P856,2024-01-30T14:17:30.754012985Z
01HNDBPWW5YWHGNM6A4A0B4C4Q,01HNDB5A6AJ09E68SSNGTD4HAC,2024-01-30T14:17:30.757615901Z,01HNDB5A6RNP5V4NQ3PFM6P99T,2024-01-30T14:17:30.757615901Z,01HNDBHAQHE0B2A25KACRJK2ET,2024-01-30T14:17:30.757615901Z
01HNDBPWW9J07TNH554RAQF757,01HNDB5A6AJ09E68SSNGTD4HAC,2024-01-30T14:17:30.761126841Z,01HNDB5A6RNP5V4NQ3PFM6P99T,2024-01-30T14:17:30.761126841Z,01HNDBJXHCV0MJ9YPX84Q9A2DK,2024-01-30T14:17:30.761126841Z
01HNDBQW5HESTQJP5YGA6VM2ZD,01HNDB3YAA8GPV8TCY2YPC4DSG,2024-01-30T14:18:02.801659865Z,01HNDB3YAPCY4QFVSXJ267CX7K,2024-01-30T14:18:02.801659865Z,01HNDBJF6GDRHZ1H90WXQTFH4J,2024-01-30T14:18:02.801659865Z
01HNDBQW5PSZNJ5ENZPWSAE3WJ,01HNDB3YAA8GPV8TCY2YPC4DSG,2024-01-30T14:18:02.806571126Z,01HNDB3YAPCY4QFVSXJ267CX7K,2024-01-30T14:18:02.806571126Z,01HNDBJKMGFGJFWK5ZQQHN7TVG,2024-01-30T14:18:02.806571126Z
01HNDBQW5VNB5KDXMNJ2SP5ADR,01HNDB3YAA8GPV8TCY2YPC4DSG,2024-01-30T14:18:02.811197779Z,01HNDB3YAPCY4QFVSXJ267CX7K,2024-01-30T14:18:02.811197779Z,01HNDBM7T961N64QM751W9TSPE,2024-01-30T14:18:02.811197779Z
01HNDBQW5ZEQGY7JK8097AQTKZ,01HNDB3YAA8GPV8TCY2YPC4DSG,2024-01-30T14:18:02.81548756Z,01HNDB3YAPCY4QFVSXJ267CX7K,2024-01-30T14:18:02.81548756Z,01HNDBMYV80WFMYA4XQBX2CVMP,2024-01-30T14:18:02.81548756Z
01HNDBR7HGC303W9HX3BF23B08,01HNDB5ASVD62A8EQ1T8PGXK0A,2024-01-30T14:18:14.448593829Z,01HNDB5AT5WJ801J44Z9THYH78,2024-01-30T14:18:14.448593829Z,01HNDBH82B318JHHCQT6K90Q8S,2024-01-30T14:18:14.448593829Z
01HNDBR7HYMDD149GW1EZ43C4F,01HNDB5ASVD62A8EQ1T8PGXK0A,2024-01-30T14:18:14.462190451Z,01HNDB5AT5WJ801J44Z9THYH78,2024-01-30T14:18:14.462190451Z,01HNDBHAXTNC0PSYMZZKC5W30S,2024-01-30T14:18:14.462190451Z
01HNDBR7JA2ZR0YV12PY2YTJ51,01HNDB5ASVD62A8EQ1T8PGXK0A,2024-01-30T14:18:14.47431342Z,01HNDB5AT5WJ801J44Z9THYH78,2024-01-30T14:18:14.47431342Z,01HNDBK1HRMV6DR429NZZW17X9,2024-01-30T14:18:14.47431342Z
01HNDBR7JMMHTYKC6YEF2DV9WY,01HNDB5ASVD62A8EQ1T8PGXK0A,2024-01-30T14:18:14.485036864Z,01HNDB5AT5WJ801J44Z9THYH78,2024-01-30T14:18:14.485036864Z,01HNDBK943FG3TRJJD2AK6HDPC,2024-01-30T14:18:14.485036864Z
01HNDBR9K08C5ED7GHSESY7P4N,01HNDB3YG3XEJMGM60GYJ06B6A,2024-01-30T14:18:16.544509821Z,01HNDB3YGG0QGA4BW6QCGMQ33N,2024-01-30T14:18:16.544509821Z,01HNDBM3XV6S65VJSBTDHQKXFN,2024-01-30T14:18:16.544509821Z
01HNDBR9K5FR24M73TCJ2M2VD9,01HNDB3YG3XEJMGM60GYJ06B6A,2024-01-30T14:18:16.549496617Z,01HNDB3YGG0QGA4BW6QCGMQ33N,2024-01-30T14:18:16.549496617Z,01HNDBMTFNH8228CXAF6WT2TPJ,2024-01-30T14:18:16.549496617Z
01HNDBR9KAET4ERTK86QK0T46X,01HNDB3YG3XEJMGM60GYJ06B6A,2024-01-30T14:18:16.554191792Z,01HNDB3YGG0QGA4BW6QCGMQ33N,2024-01-30T14:18:16.554191792Z,01HNDBMWHFR5X9EE6EYJ04V179,2024-01-30T14:18:16.554191792Z
01HNDBR9KE385JZDXY51S91W7R,01HNDB3YG3XEJMGM60GYJ06B6A,2024-01-30T14:18:16.558779706Z,01HNDB3YGG0QGA4BW6QCGMQ33N,2024-01-30T14:18:16.558779706Z,01HNDBNJMS4VS2GSYHX5B6S2JX,2024-01-30T14:18:16.558779706Z
01HNDBRZ7A354SPW2TEXXV8GYZ,01HNDB3YN9S8XAXV63J7H20C6N,2024-01-30T14:18:38.698730025Z,01HNDB3YNMX1HKK7Y9CYMWZWXX,2024-01-30T14:18:38.698730025Z,01HNDBKBRAVGZQG45Y16XKGM4X,2024-01-30T14:18:38.698730025Z
01HNDBRZ7RE5SEVW5A4Z2ZFG13,01HNDB3YN9S8XAXV63J7H20C6N,2024-01-30T14:18:38.712709016Z,01HNDB3YNMX1HKK7Y9CYMWZWXX,2024-01-30T14:18:38.712709016Z,01HNDBKXGMK6N9N44SG86EENB0,2024-01-30T14:18:38.712709016Z
01HNDBRZ8HG2N71EM06CCAQQQB,01HNDB3YN9S8XAXV63J7H20C6N,2024-01-30T14:18:38.737548865Z,01HNDB3YNMX1HKK7Y9CYMWZWXX,2024-01-30T14:18:38.737548865Z,01HNDBNHSZQ7N6E5PYHMH4EZQW,2024-01-30T14:18:38.737548865Z
01HNDBRZ8QJZVSQFFFNQ8JG1JB,01HNDB3YN9S8XAXV63J7H20C6N,2024-01-30T14:18:38.743551709Z,01HNDB3YNMX1HKK7Y9CYMWZWXX,2024-01-30T14:18:38.743551709Z,01HNDBNSKVCKKMC5MMSQCZX4WF,2024-01-30T14:18:38.743551709Z
01HNDBSN4G1DHMNN2QZ97EA178,01HNDB3YTFQ2CN641FXXKRYXGD,2024-01-30T14:19:01.136566962Z,01HNDB3YTW2H8HS9RNZ9K2NE17,2024-01-30T14:19:01.136566962Z,01HNDBJXCE9PT76E8SZTK8QG6W,2024-01-30T14:19:01.136566962Z
01HNDBSN57JZSWN8BJ195N39JQ,01HNDB3YTFQ2CN641FXXKRYXGD,2024-01-30T14:19:01.159334283Z,01HNDB3YTW2H8HS9RNZ9K2NE17,2024-01-30T14:19:01.159334283Z,01HNDBMFSCVKGQH7F1QGJRYAH6,2024-01-30T14:19:01.159334283Z
01HNDBSN5N9MBH1J15GP6P4V0P,01HNDB3YTFQ2CN641FXXKRYXGD,2024-01-30T14:19:01.173961389Z,01HNDB3YTW2H8HS9RNZ9K2NE17,2024-01-30T14:19:01.173961389Z,01HNDBMV7EMZ08W8TMGGQ1WP0G,2024-01-30T14:19:01.173961389Z
01HNDBSN63D73MC32KYW1CB9S1,01HNDB3YTFQ2CN641FXXKRYXGD,2024-01-30T14:19:01.188063297Z,01HNDB3YTW2H8HS9RNZ9K2NE17,2024-01-30T14:19:01.188063297Z,01HNDBN231CSG6MJKZREWVSR12,2024-01-30T14:19:01.188063297Z
01HNDBTEWDGM4XCV1VBGZ7ZGNR,01HNDB5A6AJ09E68SSNGTD4HAC,2024-01-30T14:19:27.501424616Z,01HNDB5A6SGHMW23JHQVGHGA1F,2024-01-30T14:19:27.501424616Z,01HNDBK9EW5B2JTCZN1C9BNMN2,2024-01-30T14:19:27.501424616Z
01HNDBTEWYQGDGZH5NSE79GDYD,01HNDB5A6AJ09E68SSNGTD4HAC,2024-01-30T14:19:27.518592347Z,01HNDB5A6SGHMW23JHQVGHGA1F,2024-01-30T14:19:27.518592347Z,01HNDBNYN99NYNP00AMQGJVQJY,2024-01-30T14:19:27.518592347Z
01HNDBTEXERXQF6MYTFS5YN0Y5,01HNDB5A6AJ09E68SSNGTD4HAC,2024-01-30T14:19:27.534461085Z,01HNDB5A6SGHMW23JHQVGHGA1F,2024-01-30T14:19:27.534461085Z,01HNDBP0B204WBQ22DWRPFB9D0,2024-01-30T14:19:27.534461085Z
01HNDBTEXY0N36CTN64WBMZ29A,01HNDB5A6AJ09E68SSNGTD4HAC,2024-01-30T14:19:27.550370715Z,01HNDB5A6SGHMW23JHQVGHGA1F,2024-01-30T14:19:27.550370715Z,01HNDBPFT76NZST0YW18WRBS8G,2024-01-30T14:19:27.550370715Z
01HNDBV3V06JXEQG6H3FG51WWA,01HNDB5ASVD62A8EQ1T8PGXK0A,2024-01-30T14:19:48.960149175Z,01HNDB5AT6P4PJKECNJ3RM7N6C,2024-01-30T14:19:48.960149175Z,01HNDBM4CXB9QNAY0CH9V2GV6B,2024-01-30T14:19:48.960149175Z
01HNDBV3VA0DKE3QD2PEWF1K9Y,01HNDB5ASVD62A8EQ1T8PGXK0A,2024-01-30T14:19:48.970493904Z,01HNDB5AT6P4PJKECNJ3RM7N6C,2024-01-30T14:19:48.970493904Z,01HNDBP9WGXSBNN9RW4ENQGA4C,2024-01-30T14:19:48.970493904Z
01HNDBV3VN23M6E7Q2EE05MXW6,01HNDB5ASVD62A8EQ1T8PGXK0A,2024-01-30T14:19:48.981463733Z,01HNDB5AT6P4PJKECNJ3RM7N6C,2024-01-30T14:19:48.981463733Z,01HNDBQP8PSMWWXNX02KD5THVS,2024-01-30T14:19:48.981463733Z
01HNDBV3W1B7YCDCJ333KS0622,01HNDB5ASVD62A8EQ1T8PGXK0A,2024-01-30T14:19:48.993801336Z,01HNDB5AT6P4PJKECNJ3RM7N6C,2024-01-30T14:19:48.993801336Z,01HNDBR0X9CRKDFK7XEA92XWMW,2024-01-30T14:19:48.993801336Z
01HNDBVM7FGHS5H4ERQ2KJ0PT6,01HNDB5B7WTJYFDJ3M6W00HH2T,2024-01-30T14:20:05.743755452Z,01HNDB5B886BNVXWEWV3F0K57F,2024-01-30T14:20:05.743755452Z,01HNDBQXRCBPQ784JN6RSJ0CJ4,2024-01-30T14:20:05.743755452Z
01HNDBVM7W1S32BBWPM65CCM5X,01HNDB5B7WTJYFDJ3M6W00HH2T,2024-01-30T14:20:05.756457867Z,01HNDB5B886BNVXWEWV3F0K57F,2024-01-30T14:20:05.756457867Z,01HNDBR8M0BHJQHPZTX7KDFXS2,2024-01-30T14:20:05.756457867Z
01HNDBVM896R7EJ1PV52VY8XRB,01HNDB5B7WTJYFDJ3M6W00HH2T,2024-01-30T14:20:05.769364416Z,01HNDB5B886BNVXWEWV3F0K57F,2024-01-30T14:20:05.769364416Z,01HNDBRYY43EH0J18XRQ8AF3WH,2024-01-30T14:20:05.769364416Z
01HNDBVM8NE0JWNTHDQZW19B7T,01HNDB5B7WTJYFDJ3M6W00HH2T,2024-01-30T14:20:05.781472144Z,01HNDB5B886BNVXWEWV3F0K57F,2024-01-30T14:20:05.781472144Z,01HNDBS57HZXQ1W02W1FCS7S62,2024-01-30T14:20:05.781472144Z
01HNDBVRG8J5V9C42G9MQPGN02,01HNDB5B7WTJYFDJ3M6W00HH2T,2024-01-30T14:20:10.120440962Z,01HNDB5B87GKY6TZ6FVP830MD8,2024-01-30T14:20:10.120440962Z,01HNDB95ZKSSXABFQP5ZWQ5KSY,2024-01-30T14:20:10.120440962Z
01HNDBVRH1WJ3B86PC8D754TR4,01HNDB5B7WTJYFDJ3M6W00HH2T,2024-01-30T14:20:10.145166457Z,01HNDB5B87GKY6TZ6FVP830MD8,2024-01-30T14:20:10.145166457Z,01HNDBE2XNS715MCPWB124ECJA,2024-01-30T14:20:10.145166457Z
01HNDBVRHP08F9WKY9650TT426,01HNDB5B7WTJYFDJ3M6W00HH2T,2024-01-30T14:20:10.166472245Z,01HNDB5B87GKY6TZ6FVP830MD8,2024-01-30T14:20:10.166472245Z,01HNDBFH5V9K8HAZ7ABNR3DH5R,2024-01-30T14:20:10.166472245Z
01HNDBVRJB82CG3BK95B5C8RG0,01HNDB5B7WTJYFDJ3M6W00HH2T,2024-01-30T14:20:10.18815276Z,01HNDB5B87GKY6TZ6FVP830MD8,2024-01-30T14:20:10.18815276Z,01HNDBGVDQCK3PGAMYF50RR8MN,2024-01-30T14:20:10.18815276Z
01HNDBW3VX1SKRWVFM8X49V1HB,01HNDB5BTDJSGZRSXF0ZBW6605,2024-01-30T14:20:21.757889038Z,01HNDB5BTP18FSP7QRZQ2AJV31,2024-01-30T14:20:21.757889038Z,01HNDBN7KNEN1KM9JX9HRTGQE2,2024-01-30T14:20:21.757889038Z
01HNDBW3WWTTK0M1N9YNYDMBE5,01HNDB5BTDJSGZRSXF0ZBW6605,2024-01-30T14:20:21.78834555Z,01HNDB5BTP18FSP7QRZQ2AJV31,2024-01-30T14:20:21.78834555Z,01HNDBQ6WPXHQJ00DKSBF6K387,2024-01-30T14:20:21.78834555Z
01HNDBW3Z4CXSVHW8RFDDAHJBF,01HNDB5BTDJSGZRSXF0ZBW6605,2024-01-30T14:20:21.860917571Z,01HNDB5BTP18FSP7QRZQ2AJV31,2024-01-30T14:20:21.860917571Z,01HNDBR8XPF383XAD3TSZE174C,2024-01-30T14:20:21.860917571Z
01HNDBWJ8M8C28A18HNYDPDWTP,01HNDB5C7AE94BDGGT9MTJ79XF,2024-01-30T14:20:36.500569675Z,01HNDB5C7P11S25CX6NMK59PEE,2024-01-30T14:20:36.500569675Z,01HNDBM5N6PS27BS4HCH59Y75G,2024-01-30T14:20:36.500569675Z
01HNDBWJ92YVDTH70CQKFNVZF2,01HNDB5C7AE94BDGGT9MTJ79XF,2024-01-30T14:20:36.514986044Z,01HNDB5C7P11S25CX6NMK59PEE,2024-01-30T14:20:36.514986044Z,01HNDBPSH0WM2D3BHY5Z0G0H4S,2024-01-30T14:20:36.514986044Z
01HNDBWJ9HQ8H83VMVFHGJF2NE,01HNDB5C7AE94BDGGT9MTJ79XF,2024-01-30T14:20:36.529245634Z,01HNDB5C7P11S25CX6NMK59PEE,2024-01-30T14:20:36.529245634Z,01HNDBRS3QGZVFZRA5C8GP167A,2024-01-30T14:20:36.529245634Z
01HNDBWJ9Z8FQPGVCXFG0CX2NX,01HNDB5C7AE94BDGGT9MTJ79XF,2024-01-30T14:20:36.543836889Z,01HNDB5C7P11S25CX6NMK59PEE,2024-01-30T14:20:36.543836889Z,01HNDBRX7RRX6Y3EQ19P5AMJ05,2024-01-30T14:20:36.543836889Z
01HNDBWZ9G6D7TTE67Y8QX2XV1,01HNDB5CKWJKY2SEXMBPH7K3BN,2024-01-30T14:20:49.840682428Z,01HNDB5CM6CJ85EGBT6YHSN3B0,2024-01-30T14:20:49.840682428Z,01HNDBR8RET9PX6KJF9RYEQJHB,2024-01-30T14:20:49.840682428Z
01HNDBWZA507B17PJQY2PPYX46,01HNDB5CKWJKY2SEXMBPH7K3BN,2024-01-30T14:20:49.86179717Z,01HNDB5CM6CJ85EGBT6YHSN3B0,2024-01-30T14:20:49.86179717Z,01HNDBR95C6ZKAWM047JY1FCQC,2024-01-30T14:20:49.86179717Z
01HNDBWZAQ7KNPJ3HTM54MDSNS,01HNDB5CKWJKY2SEXMBPH7K3BN,2024-01-30T14:20:49.879242467Z,01HNDB5CM6CJ85EGBT6YHSN3B0,2024-01-30T14:20:49.879242467Z,01HNDBRXB377VC7PMXFBKMGDGS,2024-01-30T14:20:49.879242467Z
01HNDBWZB94KFV9NKVAHDYW9G7,01HNDB5CKWJKY2SEXMBPH7K3BN,2024-01-30T14:20:49.897866956Z,01HNDB5CM6CJ85EGBT6YHSN3B0,2024-01-30T14:20:49.897866956Z,01HNDBS13PE03XE6KQBF2FW3HV,2024-01-30T14:20:49.897866956Z
