id,batchID,batchIDLastChangedAt,duration,durationLastChangedAt,ended,endedLastChangedAt,gameID,gameIDLastChangedAt,index,indexLastChangedAt,initialized,initializedLastChangedAt,name,nameLastChangedAt,roundID,roundIDLastChangedAt,start,startLastChangedAt,started,startedLastChangedAt,timerID,timerIDLastChangedAt
01JGQ04XATFBPVQBXX123ZVVMD,01JGPZ7DS26HBF8BHY8DZZHA96,2025-01-03T21:11:40.634429881Z,30,2025-01-03T21:11:40.634429881Z,true,2025-01-03T21:15:41.749507903Z,01JGPZ7DST3QHP58DW1G013V4K,2025-01-03T21:11:40.634429881Z,0,2025-01-03T21:11:40.634429881Z,true,2025-01-03T21:15:11.734154245Z,observe,2025-01-03T21:11:40.634429881Z,01JGQ04X8RCSCJMGQRWQTNW713,2025-01-03T21:11:40.634429881Z,true,2025-01-03T21:15:11.705150134Z,true,2025-01-03T21:15:11.74616485Z,01JGQ04XAJF0TN3EP04CYZCZ0Q,2025-01-03T21:11:40.634429881Z
01JGQ0B3H600QVK9BYAHVWMRY0,01JGQ02DY4Q8SKCPFS9SM3QK03,2025-01-03T21:15:03.590891972Z,30,2025-01-03T21:15:03.590891972Z,true,2025-01-03T21:18:26.037079249Z,01JGQ02DYKMTB890CVSBZ0JJ03,2025-01-03T21:15:03.590891972Z,0,2025-01-03T21:15:03.590891972Z,true,2025-01-03T21:18:07.025724978Z,observe,2025-01-03T21:15:03.590891972Z,01JGQ0B3DA57XQNGXEYCK06HKN,2025-01-03T21:15:03.590891972Z,true,2025-01-03T21:18:06.999120877Z,true,2025-01-03T21:18:07.037050168Z,01JGQ0B3E62AAJN2G55CFR4QSZ,2025-01-03T21:15:03.590891972Z
01JGQ0B3J1GPSSXYFF912G8EJ1,01JGQ02DY4Q8SKCPFS9SM3QK03,2025-01-03T21:15:03.617202757Z,30,2025-01-03T21:15:03.617202757Z,true,2025-01-03T21:18:06.930066335Z,01JGQ02DYKMTB890CVSBZ0JJ03,2025-01-03T21:15:03.617202757Z,0,2025-01-03T21:15:03.617202757Z,true,2025-01-03T21:17:49.38576768Z,observe,2025-01-03T21:15:03.617202757Z,01JGQ0B3DCA8VZZ0K83XCQFPE2,2025-01-03T21:15:03.617202757Z,true,2025-01-03T21:17:49.358644517Z,true,2025-01-03T21:17:49.401121018Z,01JGQ0B3GC245HMMQZXHSY5N63,2025-01-03T21:15:03.617202757Z
01JGQ0B3J5YQSMAN90KHFBB5C1,01JGQ02DY4Q8SKCPFS9SM3QK03,2025-01-03T21:15:03.621819175Z,30,2025-01-03T21:15:03.621819175Z,true,2025-01-03T21:17:24.907841128Z,01JGQ02DYKMTB890CVSBZ0JJ03,2025-01-03T21:15:03.621819175Z,0,2025-01-03T21:15:03.621819175Z,true,2025-01-03T21:17:01.679978499Z,observe,2025-01-03T21:15:03.621819175Z,01JGQ0B3DQ46XNAV02WJCDGY4V,2025-01-03T21:15:03.621819175Z,true,2025-01-03T21:17:01.625885843Z,true,2025-01-03T21:17:01.703826012Z,01JGQ0B3GD5BJVKV62TGWY1FAW,2025-01-03T21:15:03.621819175Z
01JGQ0X97BBMTHA4X42XZ8DW9V,01JGQ0C849F94EV3HQD9RE40JS,2025-01-03T21:24:59.243236391Z,30,2025-01-03T21:24:59.243236391Z,true,2025-01-03T21:27:29.250691429Z,01JGQ0C84J0QJJZJ4NFSFVRA5T,2025-01-03T21:24:59.243236391Z,0,2025-01-03T21:24:59.243236391Z,true,2025-01-03T21:27:14.296434277Z,observe,2025-01-03T21:24:59.243236391Z,01JGQ0X95F207YNDH053RGNWSG,2025-01-03T21:24:59.243236391Z,true,2025-01-03T21:27:14.259772743Z,true,2025-01-03T21:27:14.309844534Z,01JGQ0X96EM9VH2WCBDJASE0T5,2025-01-03T21:24:59.243236391Z
01JGQ12QX37CR0F4N8DQ5HFTNC,01JGQ0C7ETEFBZD4VJK84VZHCX,2025-01-03T21:27:58.11569592Z,30,2025-01-03T21:27:58.11569592Z,true,2025-01-03T21:28:28.416454772Z,01JGQ0C7F7RS6KD043DRQ14HW4,2025-01-03T21:27:58.11569592Z,0,2025-01-03T21:27:58.11569592Z,true,2025-01-03T21:27:58.401607829Z,looking at your yard,2025-01-03T21:27:58.11569592Z,01JGQ12QTTNNB6JWK8HT92H4YQ,2025-01-03T21:27:58.11569592Z,true,2025-01-03T21:27:58.369512641Z,true,2025-01-03T21:27:58.412809275Z,01JGQ12QVD4JKV9VTKHY94HG7T,2025-01-03T21:27:58.11569592Z
01JGQ1YW49Z2W0W6HKHNBSD7NF,01JGQ1F3BN8EC002R2C6SDZHA8,2025-01-03T21:43:19.945993626Z,30,2025-01-03T21:43:19.945993626Z,true,2025-01-03T21:45:58.795977858Z,01JGQ1F3C4DVPQMKEVJM2J69Y3,2025-01-03T21:43:19.945993626Z,0,2025-01-03T21:43:19.945993626Z,true,2025-01-03T21:45:39.186493493Z,observe,2025-01-03T21:43:19.945993626Z,01JGQ1YW2RRRHHV3MAGH6SHQH9,2025-01-03T21:43:19.945993626Z,true,2025-01-03T21:45:39.138805576Z,true,2025-01-03T21:45:39.203974657Z,01JGQ1YW3KCRFBXV9DBHKSR37V,2025-01-03T21:43:19.945993626Z
01JGQ04XB56VCV3370FH4NATN2,01JGPZ7DS26HBF8BHY8DZZHA96,2025-01-03T21:11:40.645513627Z,30,2025-01-03T21:11:40.645513627Z,true,2025-01-03T21:15:11.643265958Z,01JGPZ7DST3QHP58DW1G013V4K,2025-01-03T21:11:40.645513627Z,0,2025-01-03T21:11:40.645513627Z,true,2025-01-03T21:14:41.627401831Z,observe,2025-01-03T21:11:40.645513627Z,01JGQ04X8Q27NF8JQ1AC0AAWA0,2025-01-03T21:11:40.645513627Z,true,2025-01-03T21:14:41.603922851Z,true,2025-01-03T21:14:41.641137148Z,01JGQ04XANMA6C9TAC0TDD6RVK,2025-01-03T21:11:40.645513627Z
01JGQ0B3G2Y3TWZC24VPM0VN0Q,01JGQ02DY4Q8SKCPFS9SM3QK03,2025-01-03T21:15:03.554580385Z,30,2025-01-03T21:15:03.554580385Z,true,2025-01-03T21:17:49.282305496Z,01JGQ02DYKMTB890CVSBZ0JJ03,2025-01-03T21:15:03.554580385Z,0,2025-01-03T21:15:03.554580385Z,true,2025-01-03T21:17:25.023868515Z,observe,2025-01-03T21:15:03.554580385Z,01JGQ0B3DE2D00V1FXNVWKDBR7,2025-01-03T21:15:03.554580385Z,true,2025-01-03T21:17:24.983528518Z,true,2025-01-03T21:17:25.047907075Z,01JGQ0B3EPW5PPKQPRT06FPM41,2025-01-03T21:15:03.554580385Z
01JGQ0B3GJCDCZK41TSS6G9WR4,01JGQ02DY4Q8SKCPFS9SM3QK03,2025-01-03T21:15:03.570107557Z,30,2025-01-03T21:15:03.570107557Z,true,2025-01-03T21:17:01.508461838Z,01JGQ02DYKMTB890CVSBZ0JJ03,2025-01-03T21:15:03.570107557Z,0,2025-01-03T21:15:03.570107557Z,true,2025-01-03T21:16:34.263305814Z,observe,2025-01-03T21:15:03.570107557Z,01JGQ0B3CYD51ZK7HACCZV92VH,2025-01-03T21:15:03.570107557Z,true,2025-01-03T21:16:34.23559349Z,true,2025-01-03T21:16:34.276202872Z,01JGQ0B3DV5A409RAS633T1TC6,2025-01-03T21:15:03.570107557Z
01JGQ0X98MTVJ8R684EXTNPNQQ,01JGQ0C849F94EV3HQD9RE40JS,2025-01-03T21:24:59.284870248Z,30,2025-01-03T21:24:59.284870248Z,true,2025-01-03T21:26:38.155386596Z,01JGQ0C84J0QJJZJ4NFSFVRA5T,2025-01-03T21:24:59.284870248Z,0,2025-01-03T21:24:59.284870248Z,true,2025-01-03T21:26:12.890750035Z,observe,2025-01-03T21:24:59.284870248Z,01JGQ0X95KJJ17QR7XPETRDYWE,2025-01-03T21:24:59.284870248Z,true,2025-01-03T21:26:12.854794042Z,true,2025-01-03T21:26:12.90334148Z,01JGQ0X97TDYEHYR1JFAW7QV1H,2025-01-03T21:24:59.284870248Z
01JGQ0X9945DMYSXXY3DAK5T2G,01JGQ0C849F94EV3HQD9RE40JS,2025-01-03T21:24:59.300125464Z,30,2025-01-03T21:24:59.300125464Z,true,2025-01-03T21:27:59.738865825Z,01JGQ0C84J0QJJZJ4NFSFVRA5T,2025-01-03T21:24:59.300125464Z,0,2025-01-03T21:24:59.300125464Z,true,2025-01-03T21:27:44.027379381Z,observe,2025-01-03T21:24:59.300125464Z,01JGQ0X95VF9EE55RX4M9J24AZ,2025-01-03T21:24:59.300125464Z,true,2025-01-03T21:27:43.995827514Z,true,2025-01-03T21:27:44.040990742Z,01JGQ0X9882CGR0BFGX3RWDR9P,2025-01-03T21:24:59.300125464Z
01JGQ0X9BM7R9B0K1P3TJ10NCW,01JGQ0C849F94EV3HQD9RE40JS,2025-01-03T21:24:59.380944465Z,30,2025-01-03T21:24:59.380944465Z,true,2025-01-03T21:25:29.62978923Z,01JGQ0C84J0QJJZJ4NFSFVRA5T,2025-01-03T21:24:59.380944465Z,0,2025-01-03T21:24:59.380944465Z,true,2025-01-03T21:24:59.609479428Z,looking at your yard,2025-01-03T21:24:59.380944465Z,01JGQ0X95CC0HHA9EHCRKJBGJP,2025-01-03T21:24:59.380944465Z,true,2025-01-03T21:24:59.576231954Z,true,2025-01-03T21:24:59.622719767Z,01JGQ0X95ZK1XD4PKYH8WDP4PY,2025-01-03T21:24:59.380944465Z
01JGQ0X97MTXDGSPWK2EP0P5MT,01JGQ0C849F94EV3HQD9RE40JS,2025-01-03T21:24:59.253010202Z,30,2025-01-03T21:24:59.253010202Z,true,2025-01-03T21:26:54.280553788Z,01JGQ0C84J0QJJZJ4NFSFVRA5T,2025-01-03T21:24:59.253010202Z,0,2025-01-03T21:24:59.253010202Z,true,2025-01-03T21:26:38.260074982Z,observe,2025-01-03T21:24:59.253010202Z,01JGQ0X95MR639AGYNAC5F7X2T,2025-01-03T21:24:59.253010202Z,true,2025-01-03T21:26:38.229258079Z,true,2025-01-03T21:26:38.27541488Z,01JGQ0X96G8856VNTW28CX0W7N,2025-01-03T21:24:59.253010202Z
01JGQ1YW56Z07XKKMR02N4WPYK,01JGQ1F3BN8EC002R2C6SDZHA8,2025-01-03T21:43:19.974908196Z,30,2025-01-03T21:43:19.974908196Z,true,2025-01-03T21:45:01.436926383Z,01JGQ1F3C4DVPQMKEVJM2J69Y3,2025-01-03T21:43:19.974908196Z,0,2025-01-03T21:43:19.974908196Z,true,2025-01-03T21:44:38.190111438Z,observe,2025-01-03T21:43:19.974908196Z,01JGQ1YW2FD50RSKQS1VYX0VRJ,2025-01-03T21:43:19.974908196Z,true,2025-01-03T21:44:38.152726857Z,true,2025-01-03T21:44:38.209107981Z,01JGQ1YW33KYTV9ZER2END1GE7,2025-01-03T21:43:19.974908196Z
01JGQ1YW8XQ8CVSTJWQK1TTE0B,01JGQ1F3BN8EC002R2C6SDZHA8,2025-01-03T21:43:20.093415135Z,30,2025-01-03T21:43:20.093415135Z,true,2025-01-03T21:46:25.267510523Z,01JGQ1F3C4DVPQMKEVJM2J69Y3,2025-01-03T21:43:20.093415135Z,0,2025-01-03T21:43:20.093415135Z,true,2025-01-03T21:45:58.925391739Z,observe,2025-01-03T21:43:20.093415135Z,01JGQ1YW2PX0WFBKTVSN5KC68A,2025-01-03T21:43:20.093415135Z,true,2025-01-03T21:45:58.886073489Z,true,2025-01-03T21:45:58.945860684Z,01JGQ1YW4TAKR6RN5CQRWWBDFT,2025-01-03T21:43:20.093415135Z
01JGQ04XAXZ9E52TGRQF1YS263,01JGPZ7DS26HBF8BHY8DZZHA96,2025-01-03T21:11:40.637918312Z,30,2025-01-03T21:11:40.637918312Z,true,2025-01-03T21:12:10.983682871Z,01JGPZ7DST3QHP58DW1G013V4K,2025-01-03T21:11:40.637918312Z,0,2025-01-03T21:11:40.637918312Z,true,2025-01-03T21:11:40.960731067Z,looking at your yard,2025-01-03T21:11:40.637918312Z,01JGQ04X81JXY0KDRB232S2JFW,2025-01-03T21:11:40.637918312Z,true,2025-01-03T21:11:40.915644875Z,true,2025-01-03T21:11:40.976891334Z,01JGQ04X8MDQ7J32E2TD0ZSRFW,2025-01-03T21:11:40.637918312Z
01JGQ04XAYYSE45CWKSHXWMVX5,01JGPZ7DS26HBF8BHY8DZZHA96,2025-01-03T21:11:40.638811896Z,30,2025-01-03T21:11:40.638811896Z,true,2025-01-03T21:12:41.047909199Z,01JGPZ7DST3QHP58DW1G013V4K,2025-01-03T21:11:40.638811896Z,1,2025-01-03T21:11:40.638811896Z,true,2025-01-03T21:12:11.031181064Z,observe,2025-01-03T21:11:40.638811896Z,01JGQ04X81JXY0KDRB232S2JFW,2025-01-03T21:11:40.638811896Z,true,2025-01-03T21:12:10.997386355Z,true,2025-01-03T21:12:11.045043598Z,01JGQ04X8YHVRVCREN15REFSMB,2025-01-03T21:11:40.638811896Z
01JGQ0Q56W6666E93G00VJZX88,01JGQ09HBX8MC4DGNHX3FZ8EDY,2025-01-03T21:21:38.524154376Z,30,2025-01-03T21:21:38.524154376Z,true,2025-01-03T21:25:36.036946231Z,01JGQ09HCAQGMY5WGVV276K2K7,2025-01-03T21:21:38.524154376Z,0,2025-01-03T21:21:38.524154376Z,true,2025-01-03T21:25:07.023371602Z,observe,2025-01-03T21:21:38.524154376Z,01JGQ0Q55HHN8FSWP53GMPVKD9,2025-01-03T21:21:38.524154376Z,true,2025-01-03T21:25:06.952979163Z,true,2025-01-03T21:25:07.04061661Z,01JGQ0Q564DDCQ7PCT4FVYKYVK,2025-01-03T21:21:38.524154376Z
01JGQ0X98VN2EY2JBPCVADTQR7,01JGQ0C849F94EV3HQD9RE40JS,2025-01-03T21:24:59.291512875Z,30,2025-01-03T21:24:59.291512875Z,true,2025-01-03T21:26:12.778082594Z,01JGQ0C84J0QJJZJ4NFSFVRA5T,2025-01-03T21:24:59.291512875Z,0,2025-01-03T21:24:59.291512875Z,true,2025-01-03T21:25:51.766009886Z,observe,2025-01-03T21:24:59.291512875Z,01JGQ0X95Q15GZQNNAAAVFJ3JS,2025-01-03T21:24:59.291512875Z,true,2025-01-03T21:25:51.729230936Z,true,2025-01-03T21:25:51.778413035Z,01JGQ0X986VN57V2T7FXAFVVM0,2025-01-03T21:24:59.291512875Z
01JGQ12QXZ86SWSQJ0696SVNFS,01JGQ0C7ETEFBZD4VJK84VZHCX,2025-01-03T21:27:58.143074959Z,30,2025-01-03T21:27:58.143074959Z,true,2025-01-03T21:30:37.539876091Z,01JGQ0C7F7RS6KD043DRQ14HW4,2025-01-03T21:27:58.143074959Z,0,2025-01-03T21:27:58.143074959Z,true,2025-01-03T21:30:17.672155333Z,observe,2025-01-03T21:27:58.143074959Z,01JGQ12QTZ8RA7AHB8SET5390F,2025-01-03T21:27:58.143074959Z,true,2025-01-03T21:30:17.642996054Z,true,2025-01-03T21:30:17.686592588Z,01JGQ12QWXMNFJN86A3T0WF3WR,2025-01-03T21:27:58.143074959Z
01JGQ1YW4EEC3FYS7FMFXA3XCS,01JGQ1F3BN8EC002R2C6SDZHA8,2025-01-03T21:43:19.950295187Z,30,2025-01-03T21:43:19.950295187Z,true,2025-01-03T21:43:50.332587569Z,01JGQ1F3C4DVPQMKEVJM2J69Y3,2025-01-03T21:43:19.950295187Z,0,2025-01-03T21:43:19.950295187Z,true,2025-01-03T21:43:20.313059499Z,looking at your yard,2025-01-03T21:43:19.950295187Z,01JGQ1YW22CC7CH4RRQPN6FTE9,2025-01-03T21:43:19.950295187Z,true,2025-01-03T21:43:20.260518119Z,true,2025-01-03T21:43:20.328557431Z,01JGQ1YW2Y8GP33Y9K79X4QVM2,2025-01-03T21:43:19.950295187Z
01JGQ0X9BJGFDWTR467B2THXHV,01JGQ0C849F94EV3HQD9RE40JS,2025-01-03T21:24:59.378655081Z,30,2025-01-03T21:24:59.378655081Z,true,2025-01-03T21:27:43.918143477Z,01JGQ0C84J0QJJZJ4NFSFVRA5T,2025-01-03T21:24:59.378655081Z,0,2025-01-03T21:24:59.378655081Z,true,2025-01-03T21:27:29.381996478Z,observe,2025-01-03T21:24:59.378655081Z,01JGQ0X95GD32YNB7VFN5C9K62,2025-01-03T21:24:59.378655081Z,true,2025-01-03T21:27:29.34763802Z,true,2025-01-03T21:27:29.397329285Z,01JGQ0X98EE968HP8CDXBFE11N,2025-01-03T21:24:59.378655081Z
01JGQ1YW4HC15YKMT7QADF8CC8,01JGQ1F3BN8EC002R2C6SDZHA8,2025-01-03T21:43:19.953563388Z,30,2025-01-03T21:43:19.953563388Z,true,2025-01-03T21:44:09.958160032Z,01JGQ1F3C4DVPQMKEVJM2J69Y3,2025-01-03T21:43:19.953563388Z,1,2025-01-03T21:43:19.953563388Z,true,2025-01-03T21:43:50.384039745Z,observe,2025-01-03T21:43:19.953563388Z,01JGQ1YW22CC7CH4RRQPN6FTE9,2025-01-03T21:43:19.953563388Z,true,2025-01-03T21:43:50.347904979Z,true,2025-01-03T21:43:50.397338052Z,01JGQ1YW3KCRFBXV9DBJG8JSYC,2025-01-03T21:43:19.953563388Z
01JGQ04XB27S87H2HA7CNE955V,01JGPZ7DS26HBF8BHY8DZZHA96,2025-01-03T21:11:40.642761233Z,30,2025-01-03T21:11:40.642761233Z,true,2025-01-03T21:14:41.543594205Z,01JGPZ7DST3QHP58DW1G013V4K,2025-01-03T21:11:40.642761233Z,0,2025-01-03T21:11:40.642761233Z,true,2025-01-03T21:14:11.524445629Z,observe,2025-01-03T21:11:40.642761233Z,01JGQ04X8S6DPYE9QCR43KZX51,2025-01-03T21:11:40.642761233Z,true,2025-01-03T21:14:11.493902511Z,true,2025-01-03T21:14:11.540290538Z,01JGQ04XAMX7B81QG3104Q47PS,2025-01-03T21:11:40.642761233Z
01JGQ0B3HR0S6M9721TMQZWP6W,01JGQ02DY4Q8SKCPFS9SM3QK03,2025-01-03T21:15:03.609005799Z,30,2025-01-03T21:15:03.609005799Z,true,2025-01-03T21:18:48.272411197Z,01JGQ02DYKMTB890CVSBZ0JJ03,2025-01-03T21:15:03.609005799Z,0,2025-01-03T21:15:03.609005799Z,true,2025-01-03T21:18:26.127347482Z,observe,2025-01-03T21:15:03.609005799Z,01JGQ0B3D9MT63TKFK87V1C9CG,2025-01-03T21:15:03.609005799Z,true,2025-01-03T21:18:26.10140398Z,true,2025-01-03T21:18:26.139869084Z,01JGQ0B3GA949QE3RSVGWDVW5C,2025-01-03T21:15:03.609005799Z
01JGQ0Q583RW5GF409P7Q3ZMDP,01JGQ09HBX8MC4DGNHX3FZ8EDY,2025-01-03T21:21:38.563934206Z,30,2025-01-03T21:21:38.563934206Z,true,2025-01-03T21:22:38.937067795Z,01JGQ09HCAQGMY5WGVV276K2K7,2025-01-03T21:21:38.563934206Z,1,2025-01-03T21:21:38.563934206Z,true,2025-01-03T21:22:08.917823414Z,observe,2025-01-03T21:21:38.563934206Z,01JGQ0Q5553HHE1ZB41E7093YF,2025-01-03T21:21:38.563934206Z,true,2025-01-03T21:22:08.884943854Z,true,2025-01-03T21:22:08.93312155Z,01JGQ0Q574PFNMRZQQWDZBRAT3,2025-01-03T21:21:38.563934206Z
01JGQ0Q58EMNBQDFFK2H8F3183,01JGQ09HBX8MC4DGNHX3FZ8EDY,2025-01-03T21:21:38.574709868Z,30,2025-01-03T21:21:38.574709868Z,true,2025-01-03T21:26:06.166596583Z,01JGQ09HCAQGMY5WGVV276K2K7,2025-01-03T21:21:38.574709868Z,0,2025-01-03T21:21:38.574709868Z,true,2025-01-03T21:25:36.149079966Z,observe,2025-01-03T21:21:38.574709868Z,01JGQ0Q55KFW14FH0FMB3XJWYH,2025-01-03T21:21:38.574709868Z,true,2025-01-03T21:25:36.11740109Z,true,2025-01-03T21:25:36.162784076Z,01JGQ0Q57M1CDDJPKVTKQ97R9N,2025-01-03T21:21:38.574709868Z
01JGQ0Q58RBKM9ZNF8467APXMY,01JGQ09HBX8MC4DGNHX3FZ8EDY,2025-01-03T21:21:38.584850183Z,30,2025-01-03T21:21:38.584850183Z,true,2025-01-03T21:23:06.852234319Z,01JGQ09HCAQGMY5WGVV276K2K7,2025-01-03T21:21:38.584850183Z,0,2025-01-03T21:21:38.584850183Z,true,2025-01-03T21:22:39.043946698Z,observe,2025-01-03T21:21:38.584850183Z,01JGQ0Q55N5G6QG7RWVFFRV5X2,2025-01-03T21:21:38.584850183Z,true,2025-01-03T21:22:39.008023935Z,true,2025-01-03T21:22:39.062794954Z,01JGQ0Q57QK8A86YW2D7S3QH29,2025-01-03T21:21:38.584850183Z
01JGQ0Q57AY9403Q6CFFX54D6J,01JGQ09HBX8MC4DGNHX3FZ8EDY,2025-01-03T21:21:38.538585519Z,30,2025-01-03T21:21:38.538585519Z,true,2025-01-03T21:24:07.090535673Z,01JGQ09HCAQGMY5WGVV276K2K7,2025-01-03T21:21:38.538585519Z,0,2025-01-03T21:21:38.538585519Z,true,2025-01-03T21:23:37.070372349Z,observe,2025-01-03T21:21:38.538585519Z,01JGQ0Q558KT28R6KVPSTKTBKD,2025-01-03T21:21:38.538585519Z,true,2025-01-03T21:23:37.030142757Z,true,2025-01-03T21:23:37.084456477Z,01JGQ0Q56RXHYD7TBDVFP0KFK9,2025-01-03T21:21:38.538585519Z
01JGQ0Q57WVGTVBG8VDVGZKCHX,01JGQ09HBX8MC4DGNHX3FZ8EDY,2025-01-03T21:21:38.556716364Z,30,2025-01-03T21:21:38.556716364Z,true,2025-01-03T21:23:36.956121488Z,01JGQ09HCAQGMY5WGVV276K2K7,2025-01-03T21:21:38.556716364Z,0,2025-01-03T21:21:38.556716364Z,true,2025-01-03T21:23:06.939504831Z,observe,2025-01-03T21:21:38.556716364Z,01JGQ0Q55FWGCK7C0F6EEQQT1X,2025-01-03T21:21:38.556716364Z,true,2025-01-03T21:23:06.915895742Z,true,2025-01-03T21:23:06.950892987Z,01JGQ0Q570EMTMQ87HPB50ZS7F,2025-01-03T21:21:38.556716364Z
01JGQ0X9BPY7BBJYXDCP793RJ2,01JGQ0C849F94EV3HQD9RE40JS,2025-01-03T21:24:59.382312546Z,30,2025-01-03T21:24:59.382312546Z,true,2025-01-03T21:25:51.652971925Z,01JGQ0C84J0QJJZJ4NFSFVRA5T,2025-01-03T21:24:59.382312546Z,1,2025-01-03T21:24:59.382312546Z,true,2025-01-03T21:25:29.687692719Z,observe,2025-01-03T21:24:59.382312546Z,01JGQ0X95CC0HHA9EHCRKJBGJP,2025-01-03T21:24:59.382312546Z,true,2025-01-03T21:25:29.647982354Z,true,2025-01-03T21:25:29.702337197Z,01JGQ0X98CJ4SBJ5GMVYTKRY0Y,2025-01-03T21:24:59.382312546Z
01JGQ12QX5S5C793AGJKAZ8ABM,01JGQ0C7ETEFBZD4VJK84VZHCX,2025-01-03T21:27:58.117395039Z,30,2025-01-03T21:27:58.117395039Z,true,2025-01-03T21:28:58.433236284Z,01JGQ0C7F7RS6KD043DRQ14HW4,2025-01-03T21:27:58.117395039Z,1,2025-01-03T21:27:58.117395039Z,true,2025-01-03T21:28:28.466921582Z,observe,2025-01-03T21:27:58.117395039Z,01JGQ12QTTNNB6JWK8HT92H4YQ,2025-01-03T21:27:58.117395039Z,true,2025-01-03T21:28:28.429718211Z,true,2025-01-03T21:28:28.480464213Z,01JGQ12QW6WFZP3C88VFVSBDGE,2025-01-03T21:27:58.117395039Z
01JGQ12QXBTRH7TRCEA4AT3SVG,01JGQ0C7ETEFBZD4VJK84VZHCX,2025-01-03T21:27:58.123691566Z,30,2025-01-03T21:27:58.123691566Z,true,2025-01-03T21:29:27.309646273Z,01JGQ0C7F7RS6KD043DRQ14HW4,2025-01-03T21:27:58.123691566Z,0,2025-01-03T21:27:58.123691566Z,true,2025-01-03T21:28:58.532669559Z,observe,2025-01-03T21:27:58.123691566Z,01JGQ12QTXV8QTKCC0RWM6JNYQ,2025-01-03T21:27:58.123691566Z,true,2025-01-03T21:28:58.504748837Z,true,2025-01-03T21:28:58.544902265Z,01JGQ12QVD4JKV9VTKJ05QCERC,2025-01-03T21:27:58.123691566Z
01JGQ1YW6G9Q2NGJXNVT72HXVY,01JGQ1F3BN8EC002R2C6SDZHA8,2025-01-03T21:43:20.016919633Z,30,2025-01-03T21:43:20.016919633Z,true,2025-01-03T21:45:19.246554242Z,01JGQ1F3C4DVPQMKEVJM2J69Y3,2025-01-03T21:43:20.016919633Z,0,2025-01-03T21:43:20.016919633Z,true,2025-01-03T21:45:01.588769277Z,observe,2025-01-03T21:43:20.016919633Z,01JGQ1YW2C4GBQPHZ1CKXTGP4X,2025-01-03T21:43:20.016919633Z,true,2025-01-03T21:45:01.540776759Z,true,2025-01-03T21:45:01.606915339Z,01JGQ1YW4WV6KTD6MARKRMDYST,2025-01-03T21:43:20.016919633Z
01JGQ04XB8B05S9EWR8HSZ3AD4,01JGPZ7DS26HBF8BHY8DZZHA96,2025-01-03T21:11:40.648318743Z,30,2025-01-03T21:11:40.648318743Z,true,2025-01-03T21:14:11.425045503Z,01JGPZ7DST3QHP58DW1G013V4K,2025-01-03T21:11:40.648318743Z,0,2025-01-03T21:11:40.648318743Z,true,2025-01-03T21:13:41.408049053Z,observe,2025-01-03T21:11:40.648318743Z,01JGQ04X8TF2PZZPTQWT25BXJJ,2025-01-03T21:11:40.648318743Z,true,2025-01-03T21:13:41.37803877Z,true,2025-01-03T21:13:41.419045269Z,01JGQ04XANMA6C9TAC0WVAH6CT,2025-01-03T21:11:40.648318743Z
01JGQ12QX8HH1CJ4G0G1G7TCC2,01JGQ0C7ETEFBZD4VJK84VZHCX,2025-01-03T21:27:58.120623919Z,30,2025-01-03T21:27:58.120623919Z,true,2025-01-03T21:31:46.211204685Z,01JGQ0C7F7RS6KD043DRQ14HW4,2025-01-03T21:27:58.120623919Z,0,2025-01-03T21:27:58.120623919Z,true,2025-01-03T21:31:19.050698182Z,observe,2025-01-03T21:27:58.120623919Z,01JGQ12QV8WHNC9HBMFDZWYAYB,2025-01-03T21:27:58.120623919Z,true,2025-01-03T21:31:19.019723645Z,true,2025-01-03T21:31:19.064509511Z,01JGQ12QW3F3AGRE2EFH3DWMPH,2025-01-03T21:27:58.120623919Z
01JGQ1YW6BANJA8RD2EECRK4WH,01JGQ1F3BN8EC002R2C6SDZHA8,2025-01-03T21:43:20.011635882Z,30,2025-01-03T21:43:20.011635882Z,true,2025-01-03T21:45:39.032252205Z,01JGQ1F3C4DVPQMKEVJM2J69Y3,2025-01-03T21:43:20.011635882Z,0,2025-01-03T21:43:20.011635882Z,true,2025-01-03T21:45:19.38234315Z,observe,2025-01-03T21:43:20.011635882Z,01JGQ1YW2JTVM6T0N8XH897AS9,2025-01-03T21:43:20.011635882Z,true,2025-01-03T21:45:19.346028621Z,true,2025-01-03T21:45:19.39817079Z,01JGQ1YW4TAKR6RN5CQV8BGTDA,2025-01-03T21:43:20.011635882Z
01JGQ1YW6NGY630N3FVJVG0PYH,01JGQ1F3BN8EC002R2C6SDZHA8,2025-01-03T21:43:20.021854274Z,30,2025-01-03T21:43:20.021854274Z,true,2025-01-03T21:46:37.117503323Z,01JGQ1F3C4DVPQMKEVJM2J69Y3,2025-01-03T21:43:20.021854274Z,0,2025-01-03T21:43:20.021854274Z,true,2025-01-03T21:46:25.407070436Z,observe,2025-01-03T21:43:20.021854274Z,01JGQ1YW2VK6Q1TK3GBKANVMN7,2025-01-03T21:43:20.021854274Z,true,2025-01-03T21:46:25.364422662Z,true,2025-01-03T21:46:25.426943045Z,01JGQ1YW51GJ0EDMPW23F4Z39K,2025-01-03T21:43:20.021854274Z
01JGQ04XAKE2S8304HJYW5X8N7,01JGPZ7DS26HBF8BHY8DZZHA96,2025-01-03T21:11:40.627961713Z,30,2025-01-03T21:11:40.627961713Z,true,2025-01-03T21:13:11.165497123Z,01JGPZ7DST3QHP58DW1G013V4K,2025-01-03T21:11:40.627961713Z,0,2025-01-03T21:11:40.627961713Z,true,2025-01-03T21:12:41.147085885Z,observe,2025-01-03T21:11:40.627961713Z,01JGQ04X85NJHFV34CN37KHAS9,2025-01-03T21:11:40.627961713Z,true,2025-01-03T21:12:41.118450467Z,true,2025-01-03T21:12:41.161102174Z,01JGQ04X8TF2PZZPTQWSNQNHGX,2025-01-03T21:11:40.627961713Z
01JGQ04XBBMPPFW0GJQFMWTYWN,01JGPZ7DS26HBF8BHY8DZZHA96,2025-01-03T21:11:40.651503315Z,30,2025-01-03T21:11:40.651503315Z,true,2025-01-03T21:13:41.305819219Z,01JGPZ7DST3QHP58DW1G013V4K,2025-01-03T21:11:40.651503315Z,0,2025-01-03T21:11:40.651503315Z,true,2025-01-03T21:13:11.286136829Z,observe,2025-01-03T21:11:40.651503315Z,01JGQ04X8V95ZN0FVACG6SJFXA,2025-01-03T21:11:40.651503315Z,true,2025-01-03T21:13:11.254805932Z,true,2025-01-03T21:13:11.299462662Z,01JGQ04XANMA6C9TAC12XP88G8,2025-01-03T21:11:40.651503315Z
01JGQ0X99538S4K2BRVB885ANE,01JGQ0C849F94EV3HQD9RE40JS,2025-01-03T21:24:59.301654103Z,30,2025-01-03T21:24:59.301654103Z,true,2025-01-03T21:27:14.159228881Z,01JGQ0C84J0QJJZJ4NFSFVRA5T,2025-01-03T21:24:59.301654103Z,0,2025-01-03T21:24:59.301654103Z,true,2025-01-03T21:26:54.377657906Z,observe,2025-01-03T21:24:59.301654103Z,01JGQ0X95SJXCYCE3EXZW0M8V4,2025-01-03T21:24:59.301654103Z,true,2025-01-03T21:26:54.349348874Z,true,2025-01-03T21:26:54.391835741Z,01JGQ0X98AX8GZE5E3FMZPJVZM,2025-01-03T21:24:59.301654103Z
01JGQ1YW4ZNJMVX49T4XVA0C3T,01JGQ1F3BN8EC002R2C6SDZHA8,2025-01-03T21:43:19.967297473Z,30,2025-01-03T21:43:19.967297473Z,true,2025-01-03T21:44:38.073282649Z,01JGQ1F3C4DVPQMKEVJM2J69Y3,2025-01-03T21:43:19.967297473Z,0,2025-01-03T21:43:19.967297473Z,true,2025-01-03T21:44:10.086756049Z,observe,2025-01-03T21:43:19.967297473Z,01JGQ1YW28GN3SDRNZPTBG5GM8,2025-01-03T21:43:19.967297473Z,true,2025-01-03T21:44:10.044813992Z,true,2025-01-03T21:44:10.100624302Z,01JGQ1YW2Y8GP33Y9K7DM99HSD,2025-01-03T21:43:19.967297473Z
01JGQ0B3GMZRFSGFBT6TFAKN20,01JGQ02DY4Q8SKCPFS9SM3QK03,2025-01-03T21:15:03.572839194Z,30,2025-01-03T21:15:03.572839194Z,true,2025-01-03T21:16:04.061108939Z,01JGQ02DYKMTB890CVSBZ0JJ03,2025-01-03T21:15:03.572839194Z,1,2025-01-03T21:15:03.572839194Z,true,2025-01-03T21:15:34.042566064Z,observe,2025-01-03T21:15:03.572839194Z,01JGQ0B3CEA9EPCX857GJFM3MZ,2025-01-03T21:15:03.572839194Z,true,2025-01-03T21:15:34.007136971Z,true,2025-01-03T21:15:34.055206489Z,01JGQ0B3DTSBS3G48GDNENTC0N,2025-01-03T21:15:03.572839194Z
01JGQ04XFT6R1V0PCP4Y6WGE87,01JGPZ7DS26HBF8BHY8DZZHA96,2025-01-03T21:11:40.794345574Z,30,2025-01-03T21:11:40.794345574Z,true,2025-01-03T21:16:11.113194447Z,01JGPZ7DST3QHP58DW1G013V4K,2025-01-03T21:11:40.794345574Z,0,2025-01-03T21:11:40.794345574Z,true,2025-01-03T21:15:41.837190376Z,observe,2025-01-03T21:11:40.794345574Z,01JGQ04X8PF0AECJ9K9V6BH359,2025-01-03T21:11:40.794345574Z,true,2025-01-03T21:15:41.807539473Z,true,2025-01-03T21:15:41.846334755Z,01JGQ04XAPHJK6X2DRPN6CY5GR,2025-01-03T21:11:40.794345574Z
01JGQ0Q58JCJQT45XYBWQ69M1H,01JGQ09HBX8MC4DGNHX3FZ8EDY,2025-01-03T21:21:38.578087664Z,30,2025-01-03T21:21:38.578087664Z,true,2025-01-03T21:25:06.821944338Z,01JGQ09HCAQGMY5WGVV276K2K7,2025-01-03T21:21:38.578087664Z,0,2025-01-03T21:21:38.578087664Z,true,2025-01-03T21:24:36.802359127Z,observe,2025-01-03T21:21:38.578087664Z,01JGQ0Q55PY3BXK33RJJNZ4836,2025-01-03T21:21:38.578087664Z,true,2025-01-03T21:24:36.763469636Z,true,2025-01-03T21:24:36.819837433Z,01JGQ0Q57NN6NVY5M1EMW6Y501,2025-01-03T21:21:38.578087664Z
01JGQ0B3H5PWS4JF14GBWBKZ69,01JGQ02DY4Q8SKCPFS9SM3QK03,2025-01-03T21:15:03.589400706Z,30,2025-01-03T21:15:03.589400706Z,true,2025-01-03T21:16:34.170893136Z,01JGQ02DYKMTB890CVSBZ0JJ03,2025-01-03T21:15:03.589400706Z,0,2025-01-03T21:15:03.589400706Z,true,2025-01-03T21:16:04.152547674Z,observe,2025-01-03T21:15:03.589400706Z,01JGQ0B3D51QBKQ8KP3G9X0D7H,2025-01-03T21:15:03.589400706Z,true,2025-01-03T21:16:04.123908763Z,true,2025-01-03T21:16:04.164247673Z,01JGQ0B3G94QDNZG56TYNZ0YGD,2025-01-03T21:15:03.589400706Z
01JGQ12QXV8XDM8QJFVCDD4610,01JGQ0C7ETEFBZD4VJK84VZHCX,2025-01-03T21:27:58.139192238Z,30,2025-01-03T21:27:58.139192238Z,true,2025-01-03T21:29:53.603126178Z,01JGQ0C7F7RS6KD043DRQ14HW4,2025-01-03T21:27:58.139192238Z,0,2025-01-03T21:27:58.139192238Z,true,2025-01-03T21:29:27.426711293Z,observe,2025-01-03T21:27:58.139192238Z,01JGQ12QV5A9S2WYN1811BZ688,2025-01-03T21:27:58.139192238Z,true,2025-01-03T21:29:27.384640011Z,true,2025-01-03T21:29:27.44143717Z,01JGQ12QWXMNFJN86A3SZ2CYPW,2025-01-03T21:27:58.139192238Z
01JGQ12QXMXWYW56RC0R24BMNG,01JGQ0C7ETEFBZD4VJK84VZHCX,2025-01-03T21:27:58.132793139Z,30,2025-01-03T21:27:58.132793139Z,true,2025-01-03T21:30:17.566419213Z,01JGQ0C7F7RS6KD043DRQ14HW4,2025-01-03T21:27:58.132793139Z,0,2025-01-03T21:27:58.132793139Z,true,2025-01-03T21:29:53.699009271Z,observe,2025-01-03T21:27:58.132793139Z,01JGQ12QV1D8X86VEKZ43VMG0A,2025-01-03T21:27:58.132793139Z,true,2025-01-03T21:29:53.668385082Z,true,2025-01-03T21:29:53.711926365Z,01JGQ12QVHKHRYCQNTXM0WQW28,2025-01-03T21:27:58.132793139Z
01JGQ12QY49X6M6BGAKRW3ZE4D,01JGQ0C7ETEFBZD4VJK84VZHCX,2025-01-03T21:27:58.148478362Z,30,2025-01-03T21:27:58.148478362Z,true,2025-01-03T21:30:58.697537749Z,01JGQ0C7F7RS6KD043DRQ14HW4,2025-01-03T21:27:58.148478362Z,0,2025-01-03T21:27:58.148478362Z,true,2025-01-03T21:30:37.665379743Z,observe,2025-01-03T21:27:58.148478362Z,01JGQ12QV480N3PCN9781QKJEE,2025-01-03T21:27:58.148478362Z,true,2025-01-03T21:30:37.629265969Z,true,2025-01-03T21:30:37.679726214Z,01JGQ12QX37CR0F4N8DQ421EQN,2025-01-03T21:27:58.148478362Z
01JGQ12R1KXDFGX26FPTZJ0S5K,01JGQ0C7ETEFBZD4VJK84VZHCX,2025-01-03T21:27:58.259137805Z,30,2025-01-03T21:27:58.259137805Z,true,2025-01-03T21:31:18.940477607Z,01JGQ0C7F7RS6KD043DRQ14HW4,2025-01-03T21:27:58.259137805Z,0,2025-01-03T21:27:58.259137805Z,true,2025-01-03T21:30:58.832617457Z,observe,2025-01-03T21:27:58.259137805Z,01JGQ12QVBVKFV22PP9BKJKTA3,2025-01-03T21:27:58.259137805Z,true,2025-01-03T21:30:58.784925159Z,true,2025-01-03T21:30:58.847389156Z,01JGQ12QXHXW8PSCS2E5E09R61,2025-01-03T21:27:58.259137805Z
01JGQ0B3GK34SXTWE8KH8P31QG,01JGQ02DY4Q8SKCPFS9SM3QK03,2025-01-03T21:15:03.571620245Z,30,2025-01-03T21:15:03.571620245Z,true,2025-01-03T21:15:33.996378471Z,01JGQ02DYKMTB890CVSBZ0JJ03,2025-01-03T21:15:03.571620245Z,0,2025-01-03T21:15:03.571620245Z,true,2025-01-03T21:15:03.976034413Z,looking at your yard,2025-01-03T21:15:03.571620245Z,01JGQ0B3CEA9EPCX857GJFM3MZ,2025-01-03T21:15:03.571620245Z,true,2025-01-03T21:15:03.90999352Z,true,2025-01-03T21:15:03.992166929Z,01JGQ0B3D8001R54WEW0K26R8Q,2025-01-03T21:15:03.571620245Z
01JGQ0Q57VTGWHY0EBPZK067R8,01JGQ09HBX8MC4DGNHX3FZ8EDY,2025-01-03T21:21:38.555442107Z,30,2025-01-03T21:21:38.555442107Z,true,2025-01-03T21:24:36.686690112Z,01JGQ09HCAQGMY5WGVV276K2K7,2025-01-03T21:21:38.555442107Z,0,2025-01-03T21:21:38.555442107Z,true,2025-01-03T21:24:07.205515118Z,observe,2025-01-03T21:21:38.555442107Z,01JGQ0Q55AGX05ETJQR7BS8Q6P,2025-01-03T21:21:38.555442107Z,true,2025-01-03T21:24:07.169026822Z,true,2025-01-03T21:24:07.218859915Z,01JGQ0Q55VWYN0X5BF7RMZAF24,2025-01-03T21:21:38.555442107Z
01JGQ0Q58221NYNK9C3EEVK412,01JGQ09HBX8MC4DGNHX3FZ8EDY,2025-01-03T21:21:38.562662793Z,30,2025-01-03T21:21:38.562662793Z,true,2025-01-03T21:22:08.869954531Z,01JGQ09HCAQGMY5WGVV276K2K7,2025-01-03T21:21:38.562662793Z,0,2025-01-03T21:21:38.562662793Z,true,2025-01-03T21:21:38.853520938Z,looking at your yard,2025-01-03T21:21:38.562662793Z,01JGQ0Q5553HHE1ZB41E7093YF,2025-01-03T21:21:38.562662793Z,true,2025-01-03T21:21:38.804353141Z,true,2025-01-03T21:21:38.865094379Z,01JGQ0Q56RXHYD7TBDVCW6DN9E,2025-01-03T21:21:38.562662793Z
