id,batchID,batchIDLastChangedAt,gameID,gameIDLastChangedAt,playerID,playerIDLastChangedAt
01JGMG3CVKX9MVD7PVYG5V54NY,01JGMFH3RQY60CFR1HXMT0QMZ9,2025-01-02T21:52:44.9152562Z,01JGMFH3RZ8FYC2SSVKV06ARMH,2025-01-02T21:52:44.9152562Z,01JGMFTRTS5NW0W64K3X48FSRZ,2025-01-02T21:52:44.9152562Z
01JGMG3CVPY0273XC22E9SW4ZZ,01JGMFH3RQY60CFR1HXMT0QMZ9,2025-01-02T21:52:44.91891327Z,01JGMFH3RZ8FYC2SSVKV06ARMH,2025-01-02T21:52:44.91891327Z,01JGMFV7CM3TKM2NANYH3JA006,2025-01-02T21:52:44.91891327Z
01JGMG3CVAQE82V7BZE7CW5CFZ,01JGMFH3RQY60CFR1HXMT0QMZ9,2025-01-02T21:52:44.906519502Z,01JGMFH3RZ8FYC2SSVKV06ARMH,2025-01-02T21:52:44.906519502Z,01JGMFT7VEG51E3F3D4YARKG2P,2025-01-02T21:52:44.906519502Z
01JGMG3CVG2SX8VKR4T3F5DPPK,01JGMFH3RQY60CFR1HXMT0QMZ9,2025-01-02T21:52:44.912044049Z,01JGMFH3RZ8FYC2SSVKV06ARMH,2025-01-02T21:52:44.912044049Z,01JGMFTQ876RRPVGR84MYJC3KF,2025-01-02T21:52:44.912044049Z
