id,batchID,batchIDLastChangedAt,gameID,gameIDLastChangedAt,playerID,playerIDLastChangedAt,roundID,roundIDLastChangedAt
01JGMGB0BBPGYFC3RP9MWYJQFP,01JGMFH3RQY60CFR1HXMT0QMZ9,2025-01-02T21:56:54.251722639Z,01JGMFH3RZ8FYC2SSVKV06ARMH,2025-01-02T21:56:54.251722639Z,01JGMFTRTS5NW0W64K3X48FSRZ,2025-01-02T21:56:54.251722639Z,01JGMG3CX7CAHE6WMGY5XWVBQ2,2025-01-02T21:56:54.251722639Z
01JGMGCDYHQHJ8NC9G3VQ7DPNA,01JGMFH3RQY60CFR1HXMT0QMZ9,2025-01-02T21:57:40.946052963Z,01JGMFH3RZ8FYC2SSVKV06ARMH,2025-01-02T21:57:40.946052963Z,01JGMFTQ876RRPVGR84MYJC3KF,2025-01-02T21:57:40.946052963Z,01JGMG3CX7CAHE6WMGX425QGNR,2025-01-02T21:57:40.946052963Z
01JGMGB0B755G9SV2VVZ7YZR0Z,01JGMFH3RQY60CFR1HXMT0QMZ9,2025-01-02T21:56:54.24759162Z,01JGMFH3RZ8FYC2SSVKV06ARMH,2025-01-02T21:56:54.24759162Z,01JGMFTQ876RRPVGR84MYJC3KF,2025-01-02T21:56:54.24759162Z,01JGMG3CX7CAHE6WMGY5XWVBQ2,2025-01-02T21:56:54.24759162Z
01JGMG804SPFBH9SETS42VY2HC,01JGMFH3RQY60CFR1HXMT0QMZ9,2025-01-02T21:55:15.737691705Z,01JGMFH3RZ8FYC2SSVKV06ARMH,2025-01-02T21:55:15.737691705Z,01JGMFTQ876RRPVGR84MYJC3KF,2025-01-02T21:55:15.737691705Z,01JGMG3CX6G26EQDHSS66162FX,2025-01-02T21:55:15.737691705Z
01JGMG804XCN1VG5CAJ33CGQVN,01JGMFH3RQY60CFR1HXMT0QMZ9,2025-01-02T21:55:15.741688524Z,01JGMFH3RZ8FYC2SSVKV06ARMH,2025-01-02T21:55:15.741688524Z,01JGMFTRTS5NW0W64K3X48FSRZ,2025-01-02T21:55:15.741688524Z,01JGMG3CX6G26EQDHSS66162FX,2025-01-02T21:55:15.741688524Z
01JGMGE0JV5PDW8JKKHYK7JEN3,01JGMFH3RQY60CFR1HXMT0QMZ9,2025-01-02T21:58:32.795736947Z,01JGMFH3RZ8FYC2SSVKV06ARMH,2025-01-02T21:58:32.795736947Z,01JGMFV7CM3TKM2NANYH3JA006,2025-01-02T21:58:32.795736947Z,01JGMG3CX8E7TQ8EDYT6JDXKQD,2025-01-02T21:58:32.795736947Z
01JGMG3DAVKANE2AJ4T59BYJZ3,01JGMFH3RQY60CFR1HXMT0QMZ9,2025-01-02T21:52:45.403248926Z,01JGMFH3RZ8FYC2SSVKV06ARMH,2025-01-02T21:52:45.403248926Z,01JGMFTRTS5NW0W64K3X48FSRZ,2025-01-02T21:52:45.403248926Z,01JGMG3CWSK6BZB7HG6D7791HQ,2025-01-02T21:52:45.403248926Z
01JGMG9MCRH19RZJT6HGBYNXKP,01JGMFH3RQY60CFR1HXMT0QMZ9,2025-01-02T21:56:09.240922862Z,01JGMFH3RZ8FYC2SSVKV06ARMH,2025-01-02T21:56:09.240922862Z,01JGMFTRTS5NW0W64K3X48FSRZ,2025-01-02T21:56:09.240922862Z,01JGMG3CX7CAHE6WMGXN0TTVGH,2025-01-02T21:56:09.240922862Z
01JGMGCDYVV083J15RGVEGT6X5,01JGMFH3RQY60CFR1HXMT0QMZ9,2025-01-02T21:57:40.955606845Z,01JGMFH3RZ8FYC2SSVKV06ARMH,2025-01-02T21:57:40.955606845Z,01JGMFV7CM3TKM2NANYH3JA006,2025-01-02T21:57:40.955606845Z,01JGMG3CX7CAHE6WMGX425QGNR,2025-01-02T21:57:40.955606845Z
01JGMGE0JAVWRD7B66F91K7FHF,01JGMFH3RQY60CFR1HXMT0QMZ9,2025-01-02T21:58:32.778858067Z,01JGMFH3RZ8FYC2SSVKV06ARMH,2025-01-02T21:58:32.778858067Z,01JGMFT7VEG51E3F3D4YARKG2P,2025-01-02T21:58:32.778858067Z,01JGMG3CX8E7TQ8EDYT6JDXKQD,2025-01-02T21:58:32.778858067Z
01JGMGFC8BVERMBX0MZD0B3DY3,01JGMFH3RQY60CFR1HXMT0QMZ9,2025-01-02T21:59:17.515610697Z,01JGMFH3RZ8FYC2SSVKV06ARMH,2025-01-02T21:59:17.515610697Z,01JGMFT7VEG51E3F3D4YARKG2P,2025-01-02T21:59:17.515610697Z,01JGMG3CX8E7TQ8EDYTW4HYN6D,2025-01-02T21:59:17.515610697Z
01JGMGFC8QPE4QYGYGYYDPDXET,01JGMFH3RQY60CFR1HXMT0QMZ9,2025-01-02T21:59:17.527089369Z,01JGMFH3RZ8FYC2SSVKV06ARMH,2025-01-02T21:59:17.527089369Z,01JGMFV7CM3TKM2NANYH3JA006,2025-01-02T21:59:17.527089369Z,01JGMG3CX8E7TQ8EDYTW4HYN6D,2025-01-02T21:59:17.527089369Z
01JGMG3DAH0HA74KGG84AK7AZQ,01JGMFH3RQY60CFR1HXMT0QMZ9,2025-01-02T21:52:45.393277625Z,01JGMFH3RZ8FYC2SSVKV06ARMH,2025-01-02T21:52:45.393277625Z,01JGMFT7VEG51E3F3D4YARKG2P,2025-01-02T21:52:45.393277625Z,01JGMG3CWSK6BZB7HG6D7791HQ,2025-01-02T21:52:45.393277625Z
01JGMGB0BF9K8E40J51A37TSDV,01JGMFH3RQY60CFR1HXMT0QMZ9,2025-01-02T21:56:54.255669387Z,01JGMFH3RZ8FYC2SSVKV06ARMH,2025-01-02T21:56:54.255669387Z,01JGMFV7CM3TKM2NANYH3JA006,2025-01-02T21:56:54.255669387Z,01JGMG3CX7CAHE6WMGY5XWVBQ2,2025-01-02T21:56:54.255669387Z
01JGMGCDYDE28N31YGX19N54EC,01JGMFH3RQY60CFR1HXMT0QMZ9,2025-01-02T21:57:40.941193857Z,01JGMFH3RZ8FYC2SSVKV06ARMH,2025-01-02T21:57:40.941193857Z,01JGMFT7VEG51E3F3D4YARKG2P,2025-01-02T21:57:40.941193857Z,01JGMG3CX7CAHE6WMGX425QGNR,2025-01-02T21:57:40.941193857Z
01JGMGE0JKNBWGHZ4EZ3W7HEES,01JGMFH3RQY60CFR1HXMT0QMZ9,2025-01-02T21:58:32.787538142Z,01JGMFH3RZ8FYC2SSVKV06ARMH,2025-01-02T21:58:32.787538142Z,01JGMFTQ876RRPVGR84MYJC3KF,2025-01-02T21:58:32.787538142Z,01JGMG3CX8E7TQ8EDYT6JDXKQD,2025-01-02T21:58:32.787538142Z
01JGMG8053SKWWD7Q6QGN1T7D1,01JGMFH3RQY60CFR1HXMT0QMZ9,2025-01-02T21:55:15.747083787Z,01JGMFH3RZ8FYC2SSVKV06ARMH,2025-01-02T21:55:15.747083787Z,01JGMFV7CM3TKM2NANYH3JA006,2025-01-02T21:55:15.747083787Z,01JGMG3CX6G26EQDHSS66162FX,2025-01-02T21:55:15.747083787Z
01JGMG65DYTKW04G8GRK9W9EPB,01JGMFH3RQY60CFR1HXMT0QMZ9,2025-01-02T21:54:15.614231941Z,01JGMFH3RZ8FYC2SSVKV06ARMH,2025-01-02T21:54:15.614231941Z,01JGMFV7CM3TKM2NANYH3JA006,2025-01-02T21:54:15.614231941Z,01JGMG3CWSK6BZB7HG71QSQABS,2025-01-02T21:54:15.614231941Z
01JGMGFC8FWQH841A3Y5AAJPSH,01JGMFH3RQY60CFR1HXMT0QMZ9,2025-01-02T21:59:17.519775238Z,01JGMFH3RZ8FYC2SSVKV06ARMH,2025-01-02T21:59:17.519775238Z,01JGMFTQ876RRPVGR84MYJC3KF,2025-01-02T21:59:17.519775238Z,01JGMG3CX8E7TQ8EDYTW4HYN6D,2025-01-02T21:59:17.519775238Z
01JGMGFC8KRY3Z4X31SPTP0K88,01JGMFH3RQY60CFR1HXMT0QMZ9,2025-01-02T21:59:17.523554428Z,01JGMFH3RZ8FYC2SSVKV06ARMH,2025-01-02T21:59:17.523554428Z,01JGMFTRTS5NW0W64K3X48FSRZ,2025-01-02T21:59:17.523554428Z,01JGMG3CX8E7TQ8EDYTW4HYN6D,2025-01-02T21:59:17.523554428Z
01JGMG3DAZD2JWK3216KCE96RG,01JGMFH3RQY60CFR1HXMT0QMZ9,2025-01-02T21:52:45.40793636Z,01JGMFH3RZ8FYC2SSVKV06ARMH,2025-01-02T21:52:45.40793636Z,01JGMFV7CM3TKM2NANYH3JA006,2025-01-02T21:52:45.40793636Z,01JGMG3CWSK6BZB7HG6D7791HQ,2025-01-02T21:52:45.40793636Z
01JGMG804NJW4QJE53MWQA2FJ8,01JGMFH3RQY60CFR1HXMT0QMZ9,2025-01-02T21:55:15.733058388Z,01JGMFH3RZ8FYC2SSVKV06ARMH,2025-01-02T21:55:15.733058388Z,01JGMFT7VEG51E3F3D4YARKG2P,2025-01-02T21:55:15.733058388Z,01JGMG3CX6G26EQDHSS66162FX,2025-01-02T21:55:15.733058388Z
01JGMG65DH87G52C7XJ56AAZNT,01JGMFH3RQY60CFR1HXMT0QMZ9,2025-01-02T21:54:15.601182671Z,01JGMFH3RZ8FYC2SSVKV06ARMH,2025-01-02T21:54:15.601182671Z,01JGMFT7VEG51E3F3D4YARKG2P,2025-01-02T21:54:15.601182671Z,01JGMG3CWSK6BZB7HG71QSQABS,2025-01-02T21:54:15.601182671Z
01JGMG65DN93ECYYRN8QR60Z6G,01JGMFH3RQY60CFR1HXMT0QMZ9,2025-01-02T21:54:15.605946907Z,01JGMFH3RZ8FYC2SSVKV06ARMH,2025-01-02T21:54:15.605946907Z,01JGMFTQ876RRPVGR84MYJC3KF,2025-01-02T21:54:15.605946907Z,01JGMG3CWSK6BZB7HG71QSQABS,2025-01-02T21:54:15.605946907Z
01JGMG9MCD61NV1XQ20GF4GWAD,01JGMFH3RQY60CFR1HXMT0QMZ9,2025-01-02T21:56:09.229377467Z,01JGMFH3RZ8FYC2SSVKV06ARMH,2025-01-02T21:56:09.229377467Z,01JGMFT7VEG51E3F3D4YARKG2P,2025-01-02T21:56:09.229377467Z,01JGMG3CX7CAHE6WMGXN0TTVGH,2025-01-02T21:56:09.229377467Z
01JGMG9MCK43YBJR34PDFMJCHC,01JGMFH3RQY60CFR1HXMT0QMZ9,2025-01-02T21:56:09.235840159Z,01JGMFH3RZ8FYC2SSVKV06ARMH,2025-01-02T21:56:09.235840159Z,01JGMFTQ876RRPVGR84MYJC3KF,2025-01-02T21:56:09.235840159Z,01JGMG3CX7CAHE6WMGXN0TTVGH,2025-01-02T21:56:09.235840159Z
01JGMG9MCYABZDSQYQ3NJ2NBMH,01JGMFH3RQY60CFR1HXMT0QMZ9,2025-01-02T21:56:09.246420082Z,01JGMFH3RZ8FYC2SSVKV06ARMH,2025-01-02T21:56:09.246420082Z,01JGMFV7CM3TKM2NANYH3JA006,2025-01-02T21:56:09.246420082Z,01JGMG3CX7CAHE6WMGXN0TTVGH,2025-01-02T21:56:09.246420082Z
01JGMGCDYQ7BKR43PNCEG06BPN,01JGMFH3RQY60CFR1HXMT0QMZ9,2025-01-02T21:57:40.951100956Z,01JGMFH3RZ8FYC2SSVKV06ARMH,2025-01-02T21:57:40.951100956Z,01JGMFTRTS5NW0W64K3X48FSRZ,2025-01-02T21:57:40.951100956Z,01JGMG3CX7CAHE6WMGX425QGNR,2025-01-02T21:57:40.951100956Z
01JGMG3DAPW528T04CX35VG5CC,01JGMFH3RQY60CFR1HXMT0QMZ9,2025-01-02T21:52:45.398294792Z,01JGMFH3RZ8FYC2SSVKV06ARMH,2025-01-02T21:52:45.398294792Z,01JGMFTQ876RRPVGR84MYJC3KF,2025-01-02T21:52:45.398294792Z,01JGMG3CWSK6BZB7HG6D7791HQ,2025-01-02T21:52:45.398294792Z
01JGMGB0B3X4811NW63PQDK4BZ,01JGMFH3RQY60CFR1HXMT0QMZ9,2025-01-02T21:56:54.24331153Z,01JGMFH3RZ8FYC2SSVKV06ARMH,2025-01-02T21:56:54.24331153Z,01JGMFT7VEG51E3F3D4YARKG2P,2025-01-02T21:56:54.24331153Z,01JGMG3CX7CAHE6WMGY5XWVBQ2,2025-01-02T21:56:54.24331153Z
01JGMGE0JQFVS5EENT6A1YRFBQ,01JGMFH3RQY60CFR1HXMT0QMZ9,2025-01-02T21:58:32.791389172Z,01JGMFH3RZ8FYC2SSVKV06ARMH,2025-01-02T21:58:32.791389172Z,01JGMFTRTS5NW0W64K3X48FSRZ,2025-01-02T21:58:32.791389172Z,01JGMG3CX8E7TQ8EDYT6JDXKQD,2025-01-02T21:58:32.791389172Z
01JGMG65DTRGWAQBXDTPJYN666,01JGMFH3RQY60CFR1HXMT0QMZ9,2025-01-02T21:54:15.610040248Z,01JGMFH3RZ8FYC2SSVKV06ARMH,2025-01-02T21:54:15.610040248Z,01JGMFTRTS5NW0W64K3X48FSRZ,2025-01-02T21:54:15.610040248Z,01JGMG3CWSK6BZB7HG71QSQABS,2025-01-02T21:54:15.610040248Z
