﻿id,ended,endedLastChangedAt,treatmentName,treatmentNameLastChangedAt,intro,introLastChangedAt,participantIdentifier,participantIdentifierLastChangedAt,urlParams,urlParamsLastChangedAt,introDone,introDoneLastChangedAt,emojiArray,emojiArrayLastChangedAt,name,nameLastChangedAt,recipient,recipientLastChangedAt,participantID,participantIDLastChangedAt,gameID,gameIDLastChangedAt,treatment,treatmentLastChangedAt,exitSurvey,exitSurveyLastChangedAt,exitStep,exitStepLastChangedAt
01HW3P2XW8QFHVJWC9TZJBARSJ,game terminated,2024-04-22T20:03:07.289357962Z,rerun-slider- 0.3,2024-04-22T19:56:19.218426223Z,3,2024-04-22T19:58:37.935387457Z,608196f1ca3b6d9fd9e8b728,2024-04-22T19:56:19.208925539Z,{},2024-04-22T19:56:19.371884166Z,true,2024-04-22T19:58:43.892786409Z,"[""🐇"",""🐇"",""🐿️"",""🐿️"",""🐿️"",""                                   "",""🐿️""]",2024-04-22T20:02:17.30316771Z,player 1,2024-04-22T20:02:17.30316771Z,01HW3PAKJ9PT24JEQWG59ZRQ14,2024-04-22T20:02:47.920657427Z,01HW3P2XK2DBB1E38HZQ2G2N86,2024-04-22T19:56:19.208925539Z,01HW3P173ZXEK1M8YGPFDKAETQ,2024-04-22T19:56:19.218426223Z,"{""condition"":""slider"",""opinion"":""slider"",""playerCount"":4,""trueP"":0.3}",2024-04-22T19:56:19.218426223Z,,,,
01HW3P31M1A3PJ2TS814G595E0,game terminated,2024-04-22T20:03:07.289357962Z,rerun-slider- 0.3,2024-04-22T19:56:23.048863081Z,3,2024-04-22T19:59:14.260893612Z,65183ba5855e8baf0247c1a8,2024-04-22T19:56:23.042027321Z,{},2024-04-22T19:56:23.15757599Z,true,2024-04-22T19:59:17.663375133Z,"[""🐇"",""                                   "",""🐿️"",""🐿️"",""🐿️"",""🐇"",""🐿️"",""🐿️""]",2024-04-22T20:02:17.30316771Z,player 2,2024-04-22T20:02:17.30316771Z,01HW3P2XW8QFHVJWC9TZJBARSJ,2024-04-22T20:02:47.920657427Z,01HW3P31D17T9DSHW3Y0M0FZJ0,2024-04-22T19:56:23.042027321Z,01HW3P173ZXEK1M8YGPFDKAETQ,2024-04-22T19:56:23.048863081Z,"{""condition"":""slider"",""opinion"":""slider"",""playerCount"":4,""trueP"":0.3}",2024-04-22T19:56:23.048863081Z,,,,
01HW3P57J5JZH4ARBA0ZMNDRW0,game terminated,2024-04-22T20:20:47.024657654Z,rerun-slider- 0.3,2024-04-22T20:19:25.703225709Z,1,2024-04-22T19:57:36.269094501Z,6580a3d47c7add0a97f302ed,2024-04-22T19:57:34.661295196Z,{},2024-04-22T19:57:34.875112906Z,,,,,,,,,01HW3P578QNA4F4446TTS0RKWB,2024-04-22T19:57:34.661295196Z,01HW3P120HPSK99SRNP38B9ZG1,2024-04-22T20:19:25.703225709Z,"{""condition"":""slider"",""opinion"":""slider"",""playerCount"":4,""trueP"":0.3}",2024-04-22T20:19:25.703225709Z,,,,
01HW3P66GSH8NBTRMRDM3MPBFT,game terminated,2024-04-22T20:03:07.289357962Z,rerun-slider- 0.3,2024-04-22T19:58:06.373022919Z,3,2024-04-22T20:00:27.279338667Z,5d54785ed98e450001b3ea90,2024-04-22T19:58:06.361759163Z,{},2024-04-22T19:58:06.713616488Z,true,2024-04-22T20:00:32.115593914Z,"[""                                   "",""🐿️"",""🐿️"",""🐿️"",""🐇""]",2024-04-22T20:02:17.30316771Z,player 3,2024-04-22T20:02:17.30316771Z,01HW3P31M1A3PJ2TS814G595E0,2024-04-22T20:02:47.920657427Z,01HW3P65VF3C5YXKBSG40Y9XPC,2024-04-22T19:58:06.361759163Z,01HW3P173ZXEK1M8YGPFDKAETQ,2024-04-22T19:58:06.373022919Z,"{""condition"":""slider"",""opinion"":""slider"",""playerCount"":4,""trueP"":0.3}",2024-04-22T19:58:06.373022919Z,,,,
01HW3P97YSHFMPRRPZRJVF2366,game ended,2024-04-22T20:09:24.547690734Z,rerun-slider- 0.3,2024-04-22T20:02:17.232677129Z,3,2024-04-22T20:03:01.486892907Z,5aeb19454211e100011f2e9d,2024-04-22T19:59:46.137182349Z,{},2024-04-22T19:59:46.454430008Z,true,2024-04-22T20:03:03.91304201Z,"[""🐿️"",""                                   "",""🐿️""]",2024-04-22T20:05:36.076235895Z,player 1,2024-04-22T20:05:36.076235895Z,01HW3PBT7BKA7KA2D2HHM3BPX1,2024-04-22T20:09:12.795036385Z,01HW3P97BP6RDV2JJ1XR16NH2D,2024-04-22T19:59:46.137182349Z,01HW3P6XB34VZ4RBNTRNYTSSYK,2024-04-22T20:02:17.232677129Z,"{""condition"":""slider"",""opinion"":""slider"",""playerCount"":4,""trueP"":0.3}",2024-04-22T20:02:17.232677129Z,"{""age"":""29"",""gender"":""Female"",""strength"":"""",""fair"":"""",""feedback"":"""",""education"":""other"",""teammates"":""Not sure"",""notes"":""No"",""politics"":""Left"",""geo"":""British"",""ethnicity"":""White""}",2024-04-22T20:10:16.915740477Z,1,2024-04-22T20:10:16.914284973Z
01HW3PAKJ9PT24JEQWG59ZRQ14,game terminated,2024-04-22T20:03:07.289357962Z,rerun-slider- 0.3,2024-04-22T20:00:30.800112986Z,3,2024-04-22T20:02:13.775228037Z,658050b8b9967cdee12d906d,2024-04-22T20:00:30.793785717Z,{},2024-04-22T20:00:30.989660909Z,true,2024-04-22T20:02:17.221489234Z,"[""🐇"",""🐿️"",""                                   "",""🐿️""]",2024-04-22T20:02:17.30316771Z,player 4,2024-04-22T20:02:17.30316771Z,01HW3P66GSH8NBTRMRDM3MPBFT,2024-04-22T20:02:47.920657427Z,01HW3PAK5SX67SASFE1XYWSCXN,2024-04-22T20:00:30.793785717Z,01HW3P173ZXEK1M8YGPFDKAETQ,2024-04-22T20:00:30.800112986Z,"{""condition"":""slider"",""opinion"":""slider"",""playerCount"":4,""trueP"":0.3}",2024-04-22T20:00:30.800112986Z,"{""age"":""26"",""gender"":""Female"",""strength"":""not sure"",""fair"":""yeah"",""feedback"":"""",""education"":""other"",""teammates"":""I think they are fine, but not sure if they are telling the truth."",""notes"":""I dont, I only look at the picture"",""politics"":"""",""geo"":"""",""ethnicity"":""Vietnamese""}",2024-04-22T20:04:21.790610932Z,1,2024-04-22T20:04:21.790085129Z
01HW3PBT7BKA7KA2D2HHM3BPX1,game ended,2024-04-22T20:09:24.547690734Z,rerun-slider- 0.3,2024-04-22T20:02:17.232677129Z,3,2024-04-22T20:02:12.18209824Z,5f032da8d02aa11ef3ccabeb,2024-04-22T20:01:10.379411401Z,{},2024-04-22T20:01:10.726662428Z,true,2024-04-22T20:02:39.938847891Z,"[""🐇"",""🐿️"",""                                   "",""🐿️"",""🐿️"",""🐇"",""🐇"",""🐿️""]",2024-04-22T20:05:36.076235895Z,player 2,2024-04-22T20:05:36.076235895Z,01HW3PE7CD3NXYAN758T6V2XE4,2024-04-22T20:09:12.795036385Z,01HW3PBSK8523JQEP56F7DV6AA,2024-04-22T20:01:10.379411401Z,01HW3P6XB34VZ4RBNTRNYTSSYK,2024-04-22T20:02:17.232677129Z,"{""condition"":""slider"",""opinion"":""slider"",""playerCount"":4,""trueP"":0.3}",2024-04-22T20:02:17.232677129Z,"{""age"":""27"",""gender"":""Female"",""strength"":""I focused on what I knew and adapted as I received new information."",""fair"":""Yes."",""feedback"":""N/A"",""education"":""other"",""teammates"":""I think so, but I don't know for sure. They did all seem to have very similar answers."",""notes"":""Yes, they all seemed to have less rabbits than me consistently, so I did bring my initial guess down"",""politics"":""Left"",""geo"":""United Kingdom"",""ethnicity"":""White British""}",2024-04-22T20:10:44.652740088Z,1,2024-04-22T20:10:44.651650613Z
01HW3PE7CD3NXYAN758T6V2XE4,game ended,2024-04-22T20:09:24.547690734Z,rerun-slider- 0.3,2024-04-22T20:02:29.398467878Z,3,2024-04-22T20:04:10.651991378Z,612d3e13048ec2b299126be6,2024-04-22T20:02:29.390016993Z,{},2024-04-22T20:02:29.701366437Z,true,2024-04-22T20:04:13.723178008Z,"[""🐇"",""🐿️"",""🐿️"",""🐿️"",""🐿️"",""                                   "",""🐇""]",2024-04-22T20:05:36.076235895Z,player 3,2024-04-22T20:05:36.076235895Z,01HW3PGFF9YPGKTY2RDX16E7CZ,2024-04-22T20:09:12.795036385Z,01HW3PE6SN1PCXD1H5GHF9CQ0S,2024-04-22T20:02:29.390016993Z,01HW3P6XB34VZ4RBNTRNYTSSYK,2024-04-22T20:02:29.398467878Z,"{""condition"":""slider"",""opinion"":""slider"",""playerCount"":4,""trueP"":0.3}",2024-04-22T20:02:29.398467878Z,"{""age"":""35"",""gender"":""Male"",""strength"":"""",""fair"":"""",""feedback"":"""",""education"":""high-school"",""teammates"":"""",""notes"":"""",""politics"":""Left"",""geo"":""UK"",""ethnicity"":""White""}",2024-04-22T20:09:41.652136876Z,1,2024-04-22T20:09:41.651181258Z
01HW3PGFF9YPGKTY2RDX16E7CZ,game ended,2024-04-22T20:09:24.547690734Z,rerun-slider- 0.3,2024-04-22T20:03:43.217420237Z,3,2024-04-22T20:05:28.20847367Z,5c05e8394c14cf00019dac1a,2024-04-22T20:03:43.209418406Z,{},2024-04-22T20:03:43.409826223Z,true,2024-04-22T20:05:36.000945132Z,"[""🐿️"",""🐿️"",""                                   "",""🐿️"",""🐿️"",""🐇""]",2024-04-22T20:05:36.076235895Z,player 4,2024-04-22T20:05:36.076235895Z,01HW3P97YSHFMPRRPZRJVF2366,2024-04-22T20:09:12.795036385Z,01HW3PGF37217MR3VNAWFW9JPV,2024-04-22T20:03:43.209418406Z,01HW3P6XB34VZ4RBNTRNYTSSYK,2024-04-22T20:03:43.217420237Z,"{""condition"":""slider"",""opinion"":""slider"",""playerCount"":4,""trueP"":0.3}",2024-04-22T20:03:43.217420237Z,"{""age"":""39"",""gender"":""male"",""strength"":""Accurately estimating the %."",""fair"":""I felt the other person was not consistent in there estimates."",""feedback"":""No."",""education"":""bachelor"",""teammates"":""No"",""notes"":""Yes"",""politics"":""Conservative"",""geo"":""Canada"",""ethnicity"":""White""}",2024-04-22T20:10:54.050271237Z,1,2024-04-22T20:10:54.051824786Z
01HW3PH19QXGHWDY52MK5BTRVP,game ended,2024-04-22T20:14:50.701810976Z,rerun-slider- 0.3,2024-04-22T20:08:40.646479212Z,3,2024-04-22T20:08:51.769612951Z,5a7c5444ae9a0b0001a9994e,2024-04-22T20:04:01.463580166Z,{},2024-04-22T20:04:01.831625461Z,true,2024-04-22T20:09:04.814747136Z,"[""                                   "",""🐇"",""🐿️"",""🐇"",""🐿️"",""🐿️""]",2024-04-22T20:10:42.983966073Z,player 1,2024-04-22T20:10:42.983966073Z,01HW3PMMPWKE5TBMJ34JZNJ5DC,2024-04-22T20:14:37.6812124Z,01HW3PH0KJK2GMTAVHRMJPAJ3M,2024-04-22T20:04:01.463580166Z,01HW3P14566GAGD7QQT89CRJ3R,2024-04-22T20:08:40.646479212Z,"{""condition"":""slider"",""opinion"":""slider"",""playerCount"":4,""trueP"":0.3}",2024-04-22T20:08:40.646479212Z,"{""age"":""54"",""gender"":""Female"",""strength"":""fair"",""fair"":""yes"",""feedback"":""all was good"",""education"":""high-school"",""teammates"":""yes, I tried to be, so expected others to be too"",""notes"":""at times"",""politics"":""none"",""geo"":""Europe"",""ethnicity"":""white""}",2024-04-22T20:17:00.021111461Z,1,2024-04-22T20:17:00.026337635Z
01HW3PHA6XCSMMQ7XCG19T1KD6,game terminated,2024-04-22T20:20:47.024657654Z,rerun-slider- 0.3,2024-04-22T20:19:25.703225709Z,2,2024-04-22T20:06:15.93465042Z,5d1e70384a8a0c00015cb200,2024-04-22T20:04:10.589714077Z,{},2024-04-22T20:04:10.93122732Z,,,,,,,,,01HW3PH9J903CP2W3XJGHX6Z9F,2024-04-22T20:04:10.589714077Z,01HW3P120HPSK99SRNP38B9ZG1,2024-04-22T20:19:25.703225709Z,"{""condition"":""slider"",""opinion"":""slider"",""playerCount"":4,""trueP"":0.3}",2024-04-22T20:19:25.703225709Z,,,,
01HW3PJY7CDNFY1EZNPG031P0R,game ended,2024-04-22T20:12:15.703658541Z,rerun-slider- 0.3,2024-04-22T20:05:36.016160941Z,3,2024-04-22T20:08:13.899159284Z,613a587c12eb153c16c310c2,2024-04-22T20:05:03.852672514Z,{},2024-04-22T20:05:04.022953353Z,true,2024-04-22T20:08:40.630645638Z,"[""                                   "",""🐇"",""🐿️"",""🐿️"",""🐿️""]",2024-04-22T20:08:40.702443829Z,player 1,2024-04-22T20:08:40.702443829Z,01HW3PMWC9NSWWJR2JWKHP34FD,2024-04-22T20:12:00.090991314Z,01HW3PJXWWDQXXMPXNKA3T5JKT,2024-04-22T20:05:03.852672514Z,01HW3PE9R68Y9AQWRWZPQZD4JK,2024-04-22T20:05:36.016160941Z,"{""condition"":""slider"",""opinion"":""slider"",""playerCount"":4,""trueP"":0.3}",2024-04-22T20:05:36.016160941Z,"{""age"":""35"",""gender"":""x"",""strength"":""i think i'm alright at tallying percentages in my head and noting whether someone is wrong or not."",""fair"":""absolutely."",""feedback"":""no problems!"",""education"":""high-school"",""teammates"":""generally, some people. others i took with a grain of salt. most neighbors comments were accurate to each other (i believe)"",""notes"":""only mentally"",""politics"":""liberal"",""geo"":""USA"",""ethnicity"":""white""}",2024-04-22T20:14:31.18607367Z,1,2024-04-22T20:14:31.187614041Z
01HW3PMMPWKE5TBMJ34JZNJ5DC,game ended,2024-04-22T20:14:50.701810976Z,rerun-slider- 0.3,2024-04-22T20:08:40.646479212Z,3,2024-04-22T20:10:20.656803301Z,59ee44b13e4b5a00016aa99b,2024-04-22T20:05:59.644791041Z,{},2024-04-22T20:05:59.975403492Z,true,2024-04-22T20:10:23.114566369Z,"[""🐿️"",""                                   "",""🐿️"",""🐿️""]",2024-04-22T20:10:42.983966073Z,player 2,2024-04-22T20:10:42.983966073Z,01HW3PN7EEMW0WMA76WHPAX5BW,2024-04-22T20:14:37.6812124Z,01HW3PMKYW9ACMYYG3RWBYA8X8,2024-04-22T20:05:59.644791041Z,01HW3P14566GAGD7QQT89CRJ3R,2024-04-22T20:08:40.646479212Z,"{""condition"":""slider"",""opinion"":""slider"",""playerCount"":4,""trueP"":0.3}",2024-04-22T20:08:40.646479212Z,"{""age"":""48"",""gender"":""female"",""strength"":""quite good"",""fair"":""yes"",""feedback"":""none"",""education"":""high-school"",""teammates"":""not really"",""notes"":""no"",""politics"":"""",""geo"":"""",""ethnicity"":""british""}",2024-04-22T20:15:43.839646807Z,1,2024-04-22T20:15:43.841820988Z
01HW3PMWC9NSWWJR2JWKHP34FD,game ended,2024-04-22T20:12:15.703658541Z,rerun-slider- 0.3,2024-04-22T20:06:07.502213361Z,3,2024-04-22T20:07:45.260218739Z,5f89bd7ce9a9b50bd4d347c9,2024-04-22T20:06:07.497188281Z,{},2024-04-22T20:06:07.820460473Z,true,2024-04-22T20:07:53.884308995Z,"[""                                   "",""🐇"",""🐿️"",""🐿️"",""🐿️"",""🐿️""]",2024-04-22T20:08:40.702443829Z,player 2,2024-04-22T20:08:40.702443829Z,01HW3PMY35HVQSX6YHXW1YXS64,2024-04-22T20:12:00.090991314Z,01HW3PMVQX1GRYSJAXMD3Y1W6G,2024-04-22T20:06:07.497188281Z,01HW3PE9R68Y9AQWRWZPQZD4JK,2024-04-22T20:06:07.502213361Z,"{""condition"":""slider"",""opinion"":""slider"",""playerCount"":4,""trueP"":0.3}",2024-04-22T20:06:07.502213361Z,"{""age"":""22"",""gender"":""Female"",""strength"":"""",""fair"":"""",""feedback"":"""",""education"":""bachelor"",""teammates"":""Not really"",""notes"":""Kind of"",""politics"":"""",""geo"":"""",""ethnicity"":""Asian""}",2024-04-22T20:12:58.180506923Z,1,2024-04-22T20:12:58.182027927Z
01HW3PMY35HVQSX6YHXW1YXS64,game ended,2024-04-22T20:12:15.703658541Z,rerun-slider- 0.3,2024-04-22T20:06:09.259619077Z,3,2024-04-22T20:08:15.176168906Z,5cd8996bdf739100011b1f3e,2024-04-22T20:06:09.253123408Z,{},2024-04-22T20:06:09.450840768Z,true,2024-04-22T20:08:19.329313741Z,"[""🐿️"",""🐇"",""🐿️"",""                                   "",""🐿️"",""🐿️""]",2024-04-22T20:08:40.702443829Z,player 3,2024-04-22T20:08:40.702443829Z,01HW3PMZR7MQ5GSEX4B42HM0E1,2024-04-22T20:12:00.090991314Z,01HW3PMXQH8WF2N2M3GNPRPB5P,2024-04-22T20:06:09.253123408Z,01HW3PE9R68Y9AQWRWZPQZD4JK,2024-04-22T20:06:09.259619077Z,"{""condition"":""slider"",""opinion"":""slider"",""playerCount"":4,""trueP"":0.3}",2024-04-22T20:06:09.259619077Z,"{""age"":""42"",""gender"":""female"",""strength"":""average"",""fair"":""yes"",""feedback"":""na"",""education"":""bachelor"",""teammates"":""I think so, dont know why they would lie."",""notes"":""yes"",""politics"":""conservagtive"",""geo"":""canadian"",""ethnicity"":""white""}",2024-04-22T20:13:13.429044494Z,1,2024-04-22T20:13:13.423924784Z
01HW3PMZR7MQ5GSEX4B42HM0E1,game ended,2024-04-22T20:12:15.703658541Z,rerun-slider- 0.3,2024-04-22T20:06:10.958064991Z,3,2024-04-22T20:07:30.066448889Z,5ed51b1808865206f3d88900,2024-04-22T20:06:10.951987985Z,{},2024-04-22T20:06:11.325564653Z,true,2024-04-22T20:07:34.13450237Z,"[""🐿️"",""                                   "",""🐇"",""🐇"",""🐇"",""🐿️"",""🐿️""]",2024-04-22T20:08:40.702443829Z,player 4,2024-04-22T20:08:40.702443829Z,01HW3PJY7CDNFY1EZNPG031P0R,2024-04-22T20:12:00.090991314Z,01HW3PMZ1ENFG21VE6NE7PTB0T,2024-04-22T20:06:10.951987985Z,01HW3PE9R68Y9AQWRWZPQZD4JK,2024-04-22T20:06:10.958064991Z,"{""condition"":""slider"",""opinion"":""slider"",""playerCount"":4,""trueP"":0.3}",2024-04-22T20:06:10.958064991Z,"{""age"":"""",""gender"":"""",""strength"":"""",""fair"":"""",""feedback"":"""",""education"":"""",""teammates"":"""",""notes"":"""",""politics"":"""",""geo"":"""",""ethnicity"":""""}",2024-04-22T20:12:26.829689894Z,1,2024-04-22T20:12:26.891547555Z
01HW3PN7EEMW0WMA76WHPAX5BW,game ended,2024-04-22T20:14:50.701810976Z,rerun-slider- 0.3,2024-04-22T20:08:40.646479212Z,3,2024-04-22T20:08:34.105857089Z,634722c376aabd6070ac0a68,2024-04-22T20:06:18.830394082Z,{},2024-04-22T20:06:19.160086719Z,true,2024-04-22T20:08:46.542243419Z,"[""🐿️"",""🐇"",""                                   "",""🐿️"",""🐿️""]",2024-04-22T20:10:42.983966073Z,player 3,2024-04-22T20:10:42.983966073Z,01HW3PSHE8BRCKQXRT71HV6338,2024-04-22T20:14:37.6812124Z,01HW3PN6T63A1Y5KC1G79EHVVM,2024-04-22T20:06:18.830394082Z,01HW3P14566GAGD7QQT89CRJ3R,2024-04-22T20:08:40.646479212Z,"{""condition"":""slider"",""opinion"":""slider"",""playerCount"":4,""trueP"":0.3}",2024-04-22T20:08:40.646479212Z,"{""age"":""31"",""gender"":""Non-binary"",""strength"":""Diplomacy and balancing teamwork with being rational"",""fair"":""Yes"",""feedback"":""I now want to know the answer!"",""education"":""master"",""teammates"":""Some were clearly not, for example one said 0% and there was a rabbit in my window"",""notes"":""Yes but I did not base my decision entirely on their opinions"",""politics"":""Left"",""geo"":""British"",""ethnicity"":""Mixed""}",2024-04-22T20:17:05.653762964Z,1,2024-04-22T20:17:05.656020727Z
01HW3PSHE8BRCKQXRT71HV6338,game ended,2024-04-22T20:14:50.701810976Z,rerun-slider- 0.3,2024-04-22T20:08:40.142400786Z,3,2024-04-22T20:10:27.204307457Z,5a21aabb2b98bc0001a67c65,2024-04-22T20:08:40.136242516Z,{},2024-04-22T20:08:40.454682798Z,true,2024-04-22T20:10:42.892133387Z,"[""🐇"",""🐿️"",""🐿️"",""🐇"",""🐿️"",""🐿️"",""                                   "",""🐇"",""🐿️""]",2024-04-22T20:10:42.983966073Z,player 4,2024-04-22T20:10:42.983966073Z,01HW3PH19QXGHWDY52MK5BTRVP,2024-04-22T20:14:37.6812124Z,01HW3PSGTK5G1Q9RF8RH8MK4F3,2024-04-22T20:08:40.136242516Z,01HW3P14566GAGD7QQT89CRJ3R,2024-04-22T20:08:40.142400786Z,"{""condition"":""slider"",""opinion"":""slider"",""playerCount"":4,""trueP"":0.3}",2024-04-22T20:08:40.142400786Z,"{""age"":""56"",""gender"":""male"",""strength"":""mid"",""fair"":""mmm"",""feedback"":"""",""education"":""master"",""teammates"":""yes"",""notes"":""no"",""politics"":"""",""geo"":""United Kingdom"",""ethnicity"":""white""}",2024-04-22T20:15:31.176757321Z,1,2024-04-22T20:15:31.219658827Z
01HW3PTV0FSAEFBVRRPD3J7N5R,game ended,2024-04-22T20:18:21.805086906Z,rerun-slider- 0.3,2024-04-22T20:10:42.908352377Z,3,2024-04-22T20:13:54.764572115Z,65831b8106f8adf4fbd55697,2024-04-22T20:09:22.703796638Z,{},2024-04-22T20:09:22.922955784Z,true,2024-04-22T20:13:57.741064733Z,"[""🐇"",""🐿️"",""🐿️"",""                                   ""]",2024-04-22T20:13:57.827482523Z,player 1,2024-04-22T20:13:57.827482523Z,01HW3PW2CWVKT01DKRC24X745Y,2024-04-22T20:18:09.141274895Z,01HW3PTTKS3FYDSBVC6P4WE79S,2024-04-22T20:09:22.703796638Z,01HW3P1328TQXPJ14PMT99G2H0,2024-04-22T20:10:42.908352377Z,"{""condition"":""slider"",""opinion"":""slider"",""playerCount"":4,""trueP"":0.3}",2024-04-22T20:10:42.908352377Z,"{""age"":""22"",""gender"":""Male"",""strength"":"""",""fair"":"""",""feedback"":"""",""education"":""high-school"",""teammates"":"""",""notes"":"""",""politics"":"""",""geo"":""Canada"",""ethnicity"":""African""}",2024-04-22T20:18:54.267839299Z,1,2024-04-22T20:18:54.272984945Z
01HW3PW2CWVKT01DKRC24X745Y,game ended,2024-04-22T20:18:21.805086906Z,rerun-slider- 0.3,2024-04-22T20:10:42.908352377Z,3,2024-04-22T20:12:09.059872474Z,610b81a257f7fe15a5f59393,2024-04-22T20:10:03.036775555Z,{},2024-04-22T20:10:03.251937297Z,true,2024-04-22T20:12:32.734165332Z,"[""                                   "",""🐿️"",""🐿️""]",2024-04-22T20:13:57.827482523Z,player 2,2024-04-22T20:13:57.827482523Z,01HW3PX4BQ18MZRRASBW8SP6QW,2024-04-22T20:18:09.141274895Z,01HW3PW202VDHNGTKFC0YP81W0,2024-04-22T20:10:03.036775555Z,01HW3P1328TQXPJ14PMT99G2H0,2024-04-22T20:10:42.908352377Z,"{""condition"":""slider"",""opinion"":""slider"",""playerCount"":4,""trueP"":0.3}",2024-04-22T20:10:42.908352377Z,"{""age"":""32"",""gender"":""Female"",""strength"":""weak"",""fair"":""yes"",""feedback"":""I was a little confused  at times"",""education"":""high-school"",""teammates"":""no"",""notes"":""no"",""politics"":""left"",""geo"":""Canada"",""ethnicity"":""white""}",2024-04-22T20:22:29.307079323Z,1,2024-04-22T20:22:29.304545419Z
01HW3PX4BQ18MZRRASBW8SP6QW,game ended,2024-04-22T20:18:21.805086906Z,rerun-slider- 0.3,2024-04-22T20:10:37.823202796Z,3,2024-04-22T20:13:00.397701973Z,61002db58920b51da825d9e8,2024-04-22T20:10:37.815814415Z,{},2024-04-22T20:10:37.994288962Z,true,2024-04-22T20:13:05.487839195Z,"[""🐿️"",""                                   "",""🐿️"",""🐇"",""🐿️"",""🐇""]",2024-04-22T20:13:57.827482523Z,player 3,2024-04-22T20:13:57.827482523Z,01HW3PXFETPXJZFB179GNKS7TF,2024-04-22T20:18:09.141274895Z,01HW3PX3WRB9NZXCH1JH3T47Z0,2024-04-22T20:10:37.815814415Z,01HW3P1328TQXPJ14PMT99G2H0,2024-04-22T20:10:37.823202796Z,"{""condition"":""slider"",""opinion"":""slider"",""playerCount"":4,""trueP"":0.3}",2024-04-22T20:10:37.823202796Z,"{""age"":""32"",""gender"":""Female"",""strength"":""Poor"",""fair"":""Yes"",""feedback"":""None"",""education"":""master"",""teammates"":""Not really"",""notes"":""No"",""politics"":""Neutral"",""geo"":""South African"",""ethnicity"":""White""}",2024-04-22T20:19:11.886895972Z,1,2024-04-22T20:19:11.890310105Z
01HW3PX7W5V8YXW9QA3X1FDDM6,game ended,2024-04-22T20:21:26.298881438Z,rerun-slider- 0.3,2024-04-22T20:13:57.761644484Z,3,2024-04-22T20:13:59.130813858Z,59d3eb2e719adb0001235aff,2024-04-22T20:10:41.413083335Z,{},2024-04-22T20:10:41.725384254Z,true,2024-04-22T20:14:03.959093723Z,"[""🐇"",""🐿️"",""🐿️"",""🐇"",""🐿️"",""🐇"",""🐿️"",""                                   "",""🐿️""]",2024-04-22T20:16:53.43805539Z,player 1,2024-04-22T20:16:53.43805539Z,01HW3PZJEJW3EMWQN3JY9ZF0T7,2024-04-22T20:21:14.185478844Z,01HW3PX71XJ85H18C38M2XYDJP,2024-04-22T20:10:41.413083335Z,01HW3P10W35XT40GJBY4ZSG46V,2024-04-22T20:13:57.761644484Z,"{""condition"":""slider"",""opinion"":""slider"",""playerCount"":4,""trueP"":0.3}",2024-04-22T20:13:57.761644484Z,"{""age"":""43"",""gender"":""female"",""strength"":""middle"",""fair"":""yes"",""feedback"":""no problems"",""education"":""bachelor"",""teammates"":""yes"",""notes"":""no"",""politics"":""none"",""geo"":""United Kingdom"",""ethnicity"":""british""}",2024-04-22T20:22:20.473912201Z,1,2024-04-22T20:22:20.486184764Z
01HW3PXFETPXJZFB179GNKS7TF,game ended,2024-04-22T20:18:21.805086906Z,rerun-slider- 0.3,2024-04-22T20:10:49.187834912Z,3,2024-04-22T20:13:03.598382787Z,5b0d0beed282ff00015b9972,2024-04-22T20:10:49.17829822Z,{},2024-04-22T20:10:49.398947836Z,true,2024-04-22T20:13:10.561287514Z,"[""🐿️"",""🐇"",""🐇"",""🐇"",""                                   "",""🐿️"",""🐿️"",""🐿️"",""🐿️"",""🐿️"",""🐿️""]",2024-04-22T20:13:57.827482523Z,player 4,2024-04-22T20:13:57.827482523Z,01HW3PTV0FSAEFBVRRPD3J7N5R,2024-04-22T20:18:09.141274895Z,01HW3PXF208JKRH5HBCN2G5419,2024-04-22T20:10:49.17829822Z,01HW3P1328TQXPJ14PMT99G2H0,2024-04-22T20:10:49.187834912Z,"{""condition"":""slider"",""opinion"":""slider"",""playerCount"":4,""trueP"":0.3}",2024-04-22T20:10:49.187834912Z,"{""age"":""41"",""gender"":""Male"",""strength"":""I was pretty pragmatic which I think was a strength. "",""fair"":""Yes, I do."",""feedback"":""No other feedback. Thank you!"",""education"":""bachelor"",""teammates"":""I think they were telling the truth, yes."",""notes"":""Yes, I did. "",""politics"":""Left of Center"",""geo"":""Canada"",""ethnicity"":""White""}",2024-04-22T20:19:22.255353102Z,1,2024-04-22T20:19:22.257543691Z
01HW3PZJEJW3EMWQN3JY9ZF0T7,game ended,2024-04-22T20:21:26.298881438Z,rerun-slider- 0.3,2024-04-22T20:13:57.761644484Z,3,2024-04-22T20:15:17.787920618Z,65453253bc5bdf5e764ee25d,2024-04-22T20:11:57.778706048Z,{},2024-04-22T20:11:57.945442381Z,true,2024-04-22T20:15:30.815705898Z,"[""🐿️"",""                                   "",""🐇""]",2024-04-22T20:16:53.43805539Z,player 2,2024-04-22T20:16:53.43805539Z,01HW3Q21G35S2JQ2KHWM2QG44M,2024-04-22T20:21:14.185478844Z,01HW3PZJ47VQ56PN16FECE3JEX,2024-04-22T20:11:57.778706048Z,01HW3P10W35XT40GJBY4ZSG46V,2024-04-22T20:13:57.761644484Z,"{""condition"":""slider"",""opinion"":""slider"",""playerCount"":4,""trueP"":0.3}",2024-04-22T20:13:57.761644484Z,"{""age"":""41"",""gender"":""male"",""strength"":""My strength was consistency based on my view - this was hopefully helpful in determining accurate info"",""fair"":""yes the pay was fair for the amount of time it took"",""feedback"":""No problems that I noted"",""education"":""master"",""teammates"":""It seemed like they were being truthful - no reason for them to not tell the truth based on their vantage point"",""notes"":""I noted what was said before making my decision"",""politics"":""progressive"",""geo"":""canada "",""ethnicity"":""white""}",2024-04-22T20:23:16.109288574Z,1,2024-04-22T20:23:16.1134925Z
01HW3Q06N112052QQPQDQGR4ZH,game terminated,2024-04-22T20:20:47.024657654Z,rerun-slider- 0.3,2024-04-22T20:12:18.474858573Z,3,2024-04-22T20:14:42.161189651Z,5ed6ad6d923c090fbbe04b2a,2024-04-22T20:12:18.46533941Z,{},2024-04-22T20:12:18.658459048Z,true,2024-04-22T20:14:46.833475226Z,,,,,,,01HW3Q0699R379QY0JRQEXNB5M,2024-04-22T20:12:18.46533941Z,01HW3P120HPSK99SRNP38B9ZG1,2024-04-22T20:12:18.474858573Z,"{""condition"":""slider"",""opinion"":""slider"",""playerCount"":4,""trueP"":0.3}",2024-04-22T20:12:18.474858573Z,"{""age"":""44"",""gender"":""Male"",""strength"":""NA"",""fair"":""NA"",""feedback"":""Game never loaded. It said waiting for other players. Then after several minutes it took me to this exit survey. "",""education"":""high-school"",""teammates"":""NA"",""notes"":""Game never loaded. It said waiting for other players. Then after several minutes it took me to this exit survey. "",""politics"":"""",""geo"":""Canada"",""ethnicity"":""Caucasian""}",2024-04-22T20:21:42.434636455Z,1,2024-04-22T20:21:42.440843161Z
01HW3Q0EV4AC5SNT6YKY68797P,game terminated,2024-04-22T20:20:47.024657654Z,rerun-slider- 0.3,2024-04-22T20:12:26.862774535Z,3,2024-04-22T20:17:24.991620661Z,ymarangwanda@gmail.com,2024-04-22T20:12:26.852820291Z,{},2024-04-22T20:12:27.209171819Z,,,,,,,,,01HW3Q0E4XEBD83VPDV7NVJMEF,2024-04-22T20:12:26.852820291Z,01HW3P120HPSK99SRNP38B9ZG1,2024-04-22T20:12:26.862774535Z,"{""condition"":""slider"",""opinion"":""slider"",""playerCount"":4,""trueP"":0.3}",2024-04-22T20:12:26.862774535Z,,,,
01HW3Q1PDZ8PWDS4ARMXQTJA09,game terminated,2024-04-22T20:20:47.024657654Z,rerun-slider- 0.3,2024-04-22T20:13:07.400232755Z,3,2024-04-22T20:19:11.809481667Z,62c5ca2ab3fa26ff1e37d054,2024-04-22T20:13:07.391722603Z,{},2024-04-22T20:13:07.745306863Z,true,2024-04-22T20:19:17.239410608Z,,,,,,,01HW3Q1NRBNCSVGYAVWVNF8RPK,2024-04-22T20:13:07.391722603Z,01HW3P120HPSK99SRNP38B9ZG1,2024-04-22T20:13:07.400232755Z,"{""condition"":""slider"",""opinion"":""slider"",""playerCount"":4,""trueP"":0.3}",2024-04-22T20:13:07.400232755Z,"{""age"":""35"",""gender"":""Male"",""strength"":""I think i just tried my best at an average level"",""fair"":""I believe so"",""feedback"":""Everything went smoothly."",""education"":""master"",""teammates"":""Yes, i did."",""notes"":""No"",""politics"":""Republican"",""geo"":""Nigerian"",""ethnicity"":""African""}",2024-04-22T20:23:35.113501162Z,1,2024-04-22T20:23:35.117600817Z
01HW3Q1TA08NA1ET62GE7839AN,game terminated,2024-04-22T20:20:47.024657654Z,rerun-slider- 0.3,2024-04-22T20:13:11.368707921Z,3,2024-04-22T20:14:50.893724136Z,5dfe77c2f9e750afd4f58dda,2024-04-22T20:13:11.360717213Z,{},2024-04-22T20:13:11.919654822Z,true,2024-04-22T20:15:19.826248037Z,,,,,,,01HW3Q1SKMAR1SC3EGQYJ92762,2024-04-22T20:13:11.360717213Z,01HW3P120HPSK99SRNP38B9ZG1,2024-04-22T20:13:11.368707921Z,"{""condition"":""slider"",""opinion"":""slider"",""playerCount"":4,""trueP"":0.3}",2024-04-22T20:13:11.368707921Z,"{""age"":""50"",""gender"":""Female"",""strength"":""N/A"",""fair"":""N/A"",""feedback"":""The game didn't play for me.  I had a message for a long time that we were waiting for other players and then it went to this exit screen, with no game inbetween."",""education"":""master"",""teammates"":""N/A"",""notes"":""N/A"",""politics"":""None"",""geo"":""British"",""ethnicity"":""White""}",2024-04-22T20:23:04.163885654Z,1,2024-04-22T20:23:04.170650759Z
01HW3Q21G35S2JQ2KHWM2QG44M,game ended,2024-04-22T20:21:26.298881438Z,rerun-slider- 0.3,2024-04-22T20:13:18.735470777Z,3,2024-04-22T20:14:53.601707193Z,5db6b92c38744d000ba0b7b9,2024-04-22T20:13:18.723565331Z,{},2024-04-22T20:13:18.805647159Z,true,2024-04-22T20:16:04.585828203Z,"[""🐿️"",""                                   "",""🐿️"",""🐿️"",""🐇"",""🐿️"",""🐿️""]",2024-04-22T20:16:53.43805539Z,player 3,2024-04-22T20:16:53.43805539Z,01HW3Q64QS9RR2RR8BDDM8S7P3,2024-04-22T20:21:14.185478844Z,01HW3Q21BK3HEVWNMHFYDSBH4P,2024-04-22T20:13:18.723565331Z,01HW3P10W35XT40GJBY4ZSG46V,2024-04-22T20:13:18.735470777Z,"{""condition"":""slider"",""opinion"":""slider"",""playerCount"":4,""trueP"":0.3}",2024-04-22T20:13:18.735470777Z,"{""age"":""37"",""gender"":""male"",""strength"":""okay"",""fair"":""yes"",""feedback"":"""",""education"":""high-school"",""teammates"":""not sure i just put in the answers i thought were correct"",""notes"":""yes"",""politics"":""conservative"",""geo"":""Canada"",""ethnicity"":""white""}",2024-04-22T20:22:28.490738729Z,1,2024-04-22T20:22:28.495118572Z
01HW3Q4Q0PBZ86EJ39TWMV4ZY8,game terminated,2024-04-22T20:20:47.024657654Z,rerun-slider- 0.3,2024-04-22T20:19:25.703225709Z,,,62ce02451e149b98fe2cb077,2024-04-22T20:14:46.294798704Z,{},2024-04-22T20:14:46.624711577Z,,,,,,,,,01HW3Q4PCCJCTSKMCTS08JNCPN,2024-04-22T20:14:46.294798704Z,01HW3P120HPSK99SRNP38B9ZG1,2024-04-22T20:19:25.703225709Z,"{""condition"":""slider"",""opinion"":""slider"",""playerCount"":4,""trueP"":0.3}",2024-04-22T20:19:25.703225709Z,,,,
01HW3Q5KW7558AY3JNK4DJBQ8Q,game ended,2024-04-22T20:22:47.474309903Z,rerun-slider- 0.3,2024-04-22T20:16:53.372522289Z,3,2024-04-22T20:17:42.286092424Z,5a6a206f3fb6420001c2d9ef,2024-04-22T20:15:15.847574291Z,{},2024-04-22T20:15:15.93834348Z,true,2024-04-22T20:17:56.047214446Z,"[""🐿️"",""🐿️"",""                                   "",""🐿️""]",2024-04-22T20:19:25.813284963Z,player 1,2024-04-22T20:19:25.813284963Z,01HW3Q5P4XFP8ZNCNFGYTZ68SC,2024-04-22T20:22:39.604615321Z,01HW3Q5KQQW9Q3MMPQ090D4NWA,2024-04-22T20:15:15.847574291Z,01HW3P0ZRV6TYF4CRG5RDQYDYJ,2024-04-22T20:16:53.372522289Z,"{""condition"":""slider"",""opinion"":""slider"",""playerCount"":4,""trueP"":0.3}",2024-04-22T20:16:53.372522289Z,"{""age"":""42"",""gender"":""female"",""strength"":""Taking others' opinions into account."",""fair"":""Yes"",""feedback"":"""",""education"":""master"",""teammates"":""Yes"",""notes"":""No"",""politics"":""Liberal"",""geo"":""Canadian"",""ethnicity"":""Asian""}",2024-04-22T20:23:33.701799601Z,1,2024-04-22T20:23:33.696107795Z
01HW3Q5P4XFP8ZNCNFGYTZ68SC,game ended,2024-04-22T20:22:47.474309903Z,rerun-slider- 0.3,2024-04-22T20:16:53.372522289Z,3,2024-04-22T20:16:45.743015558Z,65ba5413f4cb9fac08d22e46,2024-04-22T20:15:18.173733307Z,{},2024-04-22T20:15:18.357001868Z,true,2024-04-22T20:17:04.568963109Z,"[""🐿️"",""🐿️"",""🐿️"",""                                   ""]",2024-04-22T20:19:25.813284963Z,player 2,2024-04-22T20:19:25.813284963Z,01HW3Q7FJ5A6N62T8DDV3F17TR,2024-04-22T20:22:39.604615321Z,01HW3Q5NSMJJAKCYEXXSJ4N4D1,2024-04-22T20:15:18.173733307Z,01HW3P0ZRV6TYF4CRG5RDQYDYJ,2024-04-22T20:16:53.372522289Z,"{""condition"":""slider"",""opinion"":""slider"",""playerCount"":4,""trueP"":0.3}",2024-04-22T20:16:53.372522289Z,"{""age"":""25"",""gender"":""female"",""strength"":""I felt good about my strengths."",""fair"":""Yes very fair. "",""feedback"":""It would have been good to see what percentage I was saying, rather than just the sliding scale. "",""education"":""master"",""teammates"":""I hope they were telling the truth, as I based my answers on what I saw and what they said to me. "",""notes"":""No I did not. "",""politics"":""liberal"",""geo"":""canada"",""ethnicity"":""white""}",2024-04-22T20:24:14.650775187Z,1,2024-04-22T20:24:14.654747053Z
01HW3Q64QS9RR2RR8BDDM8S7P3,game ended,2024-04-22T20:21:26.298881438Z,rerun-slider- 0.3,2024-04-22T20:15:33.123678599Z,3,2024-04-22T20:16:51.905117553Z,55cd5ed834e90600108d1f13,2024-04-22T20:15:33.113402793Z,{},2024-04-22T20:15:33.247731655Z,true,2024-04-22T20:16:53.351696161Z,"[""🐿️"",""🐿️"",""🐿️"",""                                   "",""🐇""]",2024-04-22T20:16:53.43805539Z,player 4,2024-04-22T20:16:53.43805539Z,01HW3PX7W5V8YXW9QA3X1FDDM6,2024-04-22T20:21:14.185478844Z,01HW3Q64GH7WHCC7CAZ5CEQNWR,2024-04-22T20:15:33.113402793Z,01HW3P10W35XT40GJBY4ZSG46V,2024-04-22T20:15:33.123678599Z,"{""condition"":""slider"",""opinion"":""slider"",""playerCount"":4,""trueP"":0.3}",2024-04-22T20:15:33.123678599Z,"{""age"":""42"",""gender"":""Male"",""strength"":""unwavering confidence"",""fair"":""yes"",""feedback"":"""",""education"":""bachelor"",""teammates"":""They ddin't seem to be truthful"",""notes"":""no"",""politics"":""Liberal"",""geo"":""Canada"",""ethnicity"":""Asian""}",2024-04-22T20:21:58.067419263Z,1,2024-04-22T20:21:58.072261187Z
01HW3Q7FJ5A6N62T8DDV3F17TR,game ended,2024-04-22T20:22:47.474309903Z,rerun-slider- 0.3,2024-04-22T20:16:53.372522289Z,3,2024-04-22T20:17:28.189360664Z,62b055a21e169809861b173d,2024-04-22T20:16:16.965594676Z,{},2024-04-22T20:16:17.441492482Z,true,2024-04-22T20:17:35.77881042Z,"[""🐿️"",""🐇"",""🐿️"",""🐿️"",""🐇"",""                                   ""]",2024-04-22T20:19:25.813284963Z,player 3,2024-04-22T20:19:25.813284963Z,01HW3QBTH0S84FN88VFA8D0K1V,2024-04-22T20:22:39.604615321Z,01HW3Q7EY4W6RE2J5VJPQBB64M,2024-04-22T20:16:16.965594676Z,01HW3P0ZRV6TYF4CRG5RDQYDYJ,2024-04-22T20:16:53.372522289Z,"{""condition"":""slider"",""opinion"":""slider"",""playerCount"":4,""trueP"":0.3}",2024-04-22T20:16:53.372522289Z,"{""age"":""32"",""gender"":""Male"",""strength"":""I think I did OK"",""fair"":""Yes"",""feedback"":"""",""education"":""other"",""teammates"":""Yes, most of the answers were around the same figure"",""notes"":""No"",""politics"":""Left"",""geo"":""UK"",""ethnicity"":""White""}",2024-04-22T20:23:38.555720564Z,1,2024-04-22T20:23:38.558851469Z
01HW3QAJFK88BRPZ2TYTW1RRV5,game terminated,2024-04-22T20:20:47.024657654Z,rerun-slider- 0.3,2024-04-22T20:19:25.703225709Z,,,59ada0805ea0f30001281732,2024-04-22T20:17:58.259987902Z,{},2024-04-22T20:17:58.581715701Z,,,,,,,,,01HW3QAHW19C8WK4FYRD43BGDB,2024-04-22T20:17:58.259987902Z,01HW3P120HPSK99SRNP38B9ZG1,2024-04-22T20:19:25.703225709Z,"{""condition"":""slider"",""opinion"":""slider"",""playerCount"":4,""trueP"":0.3}",2024-04-22T20:19:25.703225709Z,,,,
01HW3QANR4YZ26XZAVYPHHANG0,game terminated,2024-04-22T20:20:47.024657654Z,rerun-slider- 0.3,2024-04-22T20:19:25.703225709Z,1,2024-04-22T20:18:20.235944503Z,61fa9118d42cb19beec492c4,2024-04-22T20:18:01.604376881Z,{},2024-04-22T20:18:01.974726899Z,,,,,,,,,01HW3QAN0ZPJYGG3N1WRQ51CFP,2024-04-22T20:18:01.604376881Z,01HW3P120HPSK99SRNP38B9ZG1,2024-04-22T20:19:25.703225709Z,"{""condition"":""slider"",""opinion"":""slider"",""playerCount"":4,""trueP"":0.3}",2024-04-22T20:19:25.703225709Z,"{""age"":""39"",""gender"":""Male"",""strength"":""Unknown"",""fair"":""Yes?"",""feedback"":""I was taken to the exit survey without playing the game."",""education"":""master"",""teammates"":"""",""notes"":""No"",""politics"":""Left"",""geo"":""UK"",""ethnicity"":""White""}",2024-04-22T20:21:03.082491087Z,1,2024-04-22T20:21:03.091083402Z
01HW3QBB9NTXBACABTANZR0YGW,game terminated,2024-04-22T20:20:47.024657654Z,rerun-slider- 0.3,2024-04-22T20:19:25.703225709Z,2,2024-04-22T20:19:05.712832767Z,61533356ce435e5a4a4addd0,2024-04-22T20:18:23.669888903Z,{},2024-04-22T20:18:24.002837021Z,,,,,,,,,01HW3QBANTXZX5ENT0YHCYKV9T,2024-04-22T20:18:23.669888903Z,01HW3P120HPSK99SRNP38B9ZG1,2024-04-22T20:19:25.703225709Z,"{""condition"":""slider"",""opinion"":""slider"",""playerCount"":4,""trueP"":0.3}",2024-04-22T20:19:25.703225709Z,"{""age"":""21"",""gender"":""male"",""strength"":"""",""fair"":"""",""feedback"":"""",""education"":""high-school"",""teammates"":"""",""notes"":"""",""politics"":""left middle "",""geo"":""british"",""ethnicity"":""indian""}",2024-04-22T20:20:49.479244683Z,1,2024-04-22T20:20:49.476699398Z
01HW3QBTH0S84FN88VFA8D0K1V,game ended,2024-04-22T20:22:47.474309903Z,rerun-slider- 0.3,2024-04-22T20:18:39.275562008Z,3,2024-04-22T20:19:22.949153958Z,5c33da29221fad0001cc605a,2024-04-22T20:18:39.264944666Z,{},2024-04-22T20:18:39.580190191Z,true,2024-04-22T20:19:25.672427537Z,"[""                                   "",""🐇"",""🐇"",""🐿️"",""🐇"",""🐿️"",""🐿️"",""🐇"",""🐿️"",""🐿️""]",2024-04-22T20:19:25.813284963Z,player 4,2024-04-22T20:19:25.813284963Z,01HW3Q5KW7558AY3JNK4DJBQ8Q,2024-04-22T20:22:39.604615321Z,01HW3QBSXEMF6SB8XVPTY2CHEY,2024-04-22T20:18:39.264944666Z,01HW3P0ZRV6TYF4CRG5RDQYDYJ,2024-04-22T20:18:39.275562008Z,"{""condition"":""slider"",""opinion"":""slider"",""playerCount"":4,""trueP"":0.3}",2024-04-22T20:18:39.275562008Z,"{""age"":""34"",""gender"":""F"",""strength"":""Good, I took into account each person's message as I went along and increased in confidence"",""fair"":""Yes"",""feedback"":""No problems, it was fun"",""education"":""master"",""teammates"":""How would I know if they were telling the truth? I don't see what motivation they would have to lie"",""notes"":""No"",""politics"":""Centre"",""geo"":""UK"",""ethnicity"":""White""}",2024-04-22T20:23:48.946645022Z,1,2024-04-22T20:23:48.94954591Z
01HW3QC6T77YBSVS9Q2HZNM891,game terminated,2024-04-22T20:20:47.024657654Z,rerun-slider- 0.3,2024-04-22T20:19:25.703225709Z,1,2024-04-22T20:19:01.051501915Z,5c66b2e27d17f800013f5ba3,2024-04-22T20:18:51.847919478Z,{},2024-04-22T20:18:52.169064661Z,,,,,,,,,01HW3QC671ZGEFRNGXCSKVRY26,2024-04-22T20:18:51.847919478Z,01HW3P120HPSK99SRNP38B9ZG1,2024-04-22T20:19:25.703225709Z,"{""condition"":""slider"",""opinion"":""slider"",""playerCount"":4,""trueP"":0.3}",2024-04-22T20:19:25.703225709Z,,,,
01HW3QD8A20RKEEMXGHB5E8V77,game terminated,2024-04-22T20:20:47.024657654Z,rerun-slider- 0.3,2024-04-22T20:19:26.152651472Z,1,2024-04-22T20:19:37.1749614Z,657fc51a68c10e5855c15591,2024-04-22T20:19:26.146647511Z,{},2024-04-22T20:19:26.346904941Z,,,,,,,,,01HW3QD7N80QXY7TTAQT6A4YTC,2024-04-22T20:19:26.146647511Z,01HW3P120HPSK99SRNP38B9ZG1,2024-04-22T20:19:26.152651472Z,"{""condition"":""slider"",""opinion"":""slider"",""playerCount"":4,""trueP"":0.3}",2024-04-22T20:19:26.152651472Z,,,,
01HW3QE2HR02XQV90AVPFX4MET,game terminated,2024-04-22T20:26:22.902185885Z,rerun-slider- 0.3,2024-04-22T20:25:51.720576115Z,3,2024-04-22T20:24:26.442581871Z,Bee,2024-04-22T20:19:53.016422562Z,{},2024-04-22T20:19:53.240866605Z,,,,,,,,,01HW3QE244MGMBV5YX42X0FFJB,2024-04-22T20:19:53.016422562Z,01HW3QQWWST5SYYATWG3W86P6S,2024-04-22T20:25:51.720576115Z,"{""condition"":""slider"",""opinion"":""slider"",""playerCount"":4,""trueP"":0.3}",2024-04-22T20:25:51.720576115Z,,,,
01HW3QEFR9Q1ESMF9XWFHY2YFZ,game ended,2024-04-22T20:29:57.214614462Z,rerun-slider- 0.3,2024-04-22T20:20:06.548440477Z,3,2024-04-22T20:23:06.207121384Z,611e8bbe52b050f81208f7ea,2024-04-22T20:20:06.537081043Z,{},2024-04-22T20:20:06.866815643Z,true,2024-04-22T20:23:09.950643366Z,"[""                                   "",""🐿️"",""🐿️""]",2024-04-22T20:24:47.778661123Z,player 1,2024-04-22T20:24:47.778661123Z,01HW3QESG0NQF8P0NQKEZRKY73,2024-04-22T20:29:36.829878689Z,01HW3QEF3XWABZEDNPC45KYWEA,2024-04-22T20:20:06.537081043Z,01HW3QBNAKC288GF6W7C58AV9S,2024-04-22T20:20:06.548440477Z,"{""condition"":""slider"",""opinion"":""slider"",""playerCount"":4,""trueP"":0.3}",2024-04-22T20:20:06.548440477Z,"{""age"":""40"",""gender"":""Female"",""strength"":""es"",""fair"":""Yes"",""feedback"":""Yes"",""education"":""bachelor"",""teammates"":""Yes"",""notes"":""Yes"",""politics"":""Left"",""geo"":""Wales"",""ethnicity"":""White""}",2024-04-22T20:30:57.803047673Z,1,2024-04-22T20:30:57.814232036Z
01HW3QESG0NQF8P0NQKEZRKY73,game ended,2024-04-22T20:29:57.214614462Z,rerun-slider- 0.3,2024-04-22T20:20:16.519882675Z,3,2024-04-22T20:23:33.150969015Z,605e1045db1e78400f8121dc,2024-04-22T20:20:16.512240875Z,{},2024-04-22T20:20:16.943971049Z,true,2024-04-22T20:23:52.922700202Z,"[""🐿️"",""🐿️"",""                                   "",""🐿️"",""🐿️""]",2024-04-22T20:24:47.778661123Z,player 2,2024-04-22T20:24:47.778661123Z,01HW3QJ8N7PSM0PF7SJ8JSDVR8,2024-04-22T20:29:36.829878689Z,01HW3QERN2D8WGD16N22HMV5A5,2024-04-22T20:20:16.512240875Z,01HW3QBNAKC288GF6W7C58AV9S,2024-04-22T20:20:16.519882675Z,"{""condition"":""slider"",""opinion"":""slider"",""playerCount"":4,""trueP"":0.3}",2024-04-22T20:20:16.519882675Z,,,,
01HW3QG33P9GJ01WCWEAZS48BJ,game ended,2024-04-22T20:30:22.896692327Z,rerun-slider- 0.3,2024-04-22T20:24:47.697724075Z,3,2024-04-22T20:24:41.958628231Z,60eb14724415442253f984d5,2024-04-22T20:20:59.126585904Z,{},2024-04-22T20:20:59.500391641Z,true,2024-04-22T20:24:52.193438384Z,"[""🐿️"",""🐇"",""🐇"",""🐿️"",""🐿️"",""                                   ""]",2024-04-22T20:25:50.980054173Z,player 1,2024-04-22T20:25:50.980054173Z,01HW3QHNNGQ3969BS5PQJVJ1S7,2024-04-22T20:30:02.650027411Z,01HW3QG2BE88NXJG4GG6261KXX,2024-04-22T20:20:59.126585904Z,01HW3P0871DNEMJ9YD7B6RN3B8,2024-04-22T20:24:47.697724075Z,"{""condition"":""slider"",""opinion"":""slider"",""playerCount"":4,""trueP"":0.3}",2024-04-22T20:24:47.697724075Z,,,,
01HW3QG3SG2T5TCZKERDEG2KZ8,game ended,2024-04-22T20:28:51.676413049Z,rerun-slider- 0.3,2024-04-22T20:20:59.83382226Z,3,2024-04-22T20:22:54.923969269Z,59fc8a30087f2e0001ead66d,2024-04-22T20:20:59.824093189Z,{},2024-04-22T20:21:00.148038814Z,true,2024-04-22T20:23:02.981882071Z,"[""🐿️"",""🐿️"",""🐿️"",""🐇"",""🐿️"",""🐇"",""🐿️"",""                                   ""]",2024-04-22T20:24:07.360669504Z,player 1,2024-04-22T20:24:07.360669504Z,01HW3QJEEKWJ6KN1BBK6CM960A,2024-04-22T20:28:40.447690359Z,01HW3QG359J67WWFB1GFNKT0E3,2024-04-22T20:20:59.824093189Z,01HW3P0YMB0CSCS6TZJERT85DX,2024-04-22T20:20:59.83382226Z,"{""condition"":""slider"",""opinion"":""slider"",""playerCount"":4,""trueP"":0.3}",2024-04-22T20:20:59.83382226Z,"{""age"":""56"",""gender"":""female"",""strength"":""Not good.. we seemed to be at cross purposes"",""fair"":""yes"",""feedback"":""I don't think we could all come to the right conclusion only hearing from one person at the time."",""education"":""high-school"",""teammates"":""I could always see more squirrels however they kept leaning towards there being more rabbits so I went along with them even though I tried to sway towards more squirrels. "",""notes"":""Yes"",""politics"":""Conservative"",""geo"":""British "",""ethnicity"":""White British""}",2024-04-22T20:31:00.192022198Z,1,2024-04-22T20:31:00.187567167Z
01HW3QGHK9F3SKJ1X5GBYMXFNY,game terminated,2024-04-22T20:26:22.902185885Z,rerun-slider- 0.3,2024-04-22T20:25:51.720576115Z,2,2024-04-22T20:25:20.035282106Z,660468d8f51cb018fda893d6,2024-04-22T20:21:13.961907171Z,{},2024-04-22T20:21:14.16169279Z,,,,,,,,,01HW3QGH7B5ASEMBVBNB0JXECJ,2024-04-22T20:21:13.961907171Z,01HW3QQWWST5SYYATWG3W86P6S,2024-04-22T20:25:51.720576115Z,"{""condition"":""slider"",""opinion"":""slider"",""playerCount"":4,""trueP"":0.3}",2024-04-22T20:25:51.720576115Z,,,,
01HW3QHC1ZW0BRF341AKYV0S20,game terminated,2024-04-22T20:26:22.902185885Z,rerun-slider- 0.3,2024-04-22T20:25:51.720576115Z,1,2024-04-22T20:22:14.130021511Z,60fde8dbe39d162f35b7396a,2024-04-22T20:21:41.055789237Z,{},2024-04-22T20:21:41.259442016Z,,,,,,,,,01HW3QHBP6JPF7C22AM6TPD9FE,2024-04-22T20:21:41.055789237Z,01HW3QQWWST5SYYATWG3W86P6S,2024-04-22T20:25:51.720576115Z,"{""condition"":""slider"",""opinion"":""slider"",""playerCount"":4,""trueP"":0.3}",2024-04-22T20:25:51.720576115Z,,,,
01HW3QHNNGQ3969BS5PQJVJ1S7,game ended,2024-04-22T20:30:22.896692327Z,rerun-slider- 0.3,2024-04-22T20:24:47.697724075Z,3,2024-04-22T20:25:10.116098255Z,5d95dfca33f8930017e85486,2024-04-22T20:21:50.896867106Z,{},2024-04-22T20:21:51.378281386Z,true,2024-04-22T20:25:50.836666518Z,"[""🐿️"",""🐿️"",""🐿️"",""                                   "",""🐇"",""🐿️"",""🐿️"",""🐿️"",""🐿️"",""🐿️"",""🐿️""]",2024-04-22T20:25:50.980054173Z,player 2,2024-04-22T20:25:50.980054173Z,01HW3QJFJ5YFDB23GV745PD9T9,2024-04-22T20:30:02.650027411Z,01HW3QHN5H4Z040ZZE4AT5VKAW,2024-04-22T20:21:50.896867106Z,01HW3P0871DNEMJ9YD7B6RN3B8,2024-04-22T20:24:47.697724075Z,"{""condition"":""slider"",""opinion"":""slider"",""playerCount"":4,""trueP"":0.3}",2024-04-22T20:24:47.697724075Z,,,,
01HW3QHSY6VJHNZ12XBNGSXH9D,game terminated,2024-04-22T20:26:22.902185885Z,rerun-slider- 0.3,2024-04-22T20:25:51.720576115Z,2,2024-04-22T20:22:06.58397307Z,5c91268fe2d9fb0012385d1d,2024-04-22T20:21:55.270378705Z,{},2024-04-22T20:21:55.640453761Z,,,,,,,,,01HW3QHS8BX1D1QK7CK5CN01CG,2024-04-22T20:21:55.270378705Z,01HW3QQWWST5SYYATWG3W86P6S,2024-04-22T20:25:51.720576115Z,"{""condition"":""slider"",""opinion"":""slider"",""playerCount"":4,""trueP"":0.3}",2024-04-22T20:25:51.720576115Z,,,,
01HW3QJ8N7PSM0PF7SJ8JSDVR8,game ended,2024-04-22T20:29:57.214614462Z,rerun-slider- 0.3,2024-04-22T20:24:07.225344065Z,3,2024-04-22T20:24:35.97600836Z,5e3b48fcc202a4360445283d,2024-04-22T20:22:10.343165Z,{},2024-04-22T20:22:10.481384587Z,true,2024-04-22T20:24:38.023420599Z,"[""🐿️"",""                                   "",""🐇"",""🐇"",""🐿️"",""🐿️"",""🐇"",""🐿️"",""🐿️"",""🐿️"",""🐿️""]",2024-04-22T20:24:47.778661123Z,player 3,2024-04-22T20:24:47.778661123Z,01HW3QJJBT4VFZZ2RF5HSJ6NQX,2024-04-22T20:29:36.829878689Z,01HW3QJ8D0RCW1M92ADM5NKZWV,2024-04-22T20:22:10.343165Z,01HW3QBNAKC288GF6W7C58AV9S,2024-04-22T20:24:07.225344065Z,"{""condition"":""slider"",""opinion"":""slider"",""playerCount"":4,""trueP"":0.3}",2024-04-22T20:24:07.225344065Z,"{""age"":""36"",""gender"":""Female"",""strength"":""I believe I was able to determine an average"",""fair"":""yes"",""feedback"":""none"",""education"":""bachelor"",""teammates"":""I believe they were telling the truth"",""notes"":""Did not take notes - remembered what they said"",""politics"":""Middle"",""geo"":""Canadian"",""ethnicity"":""White""}",2024-04-22T20:30:58.500273058Z,1,2024-04-22T20:30:58.505859842Z
01HW3QJBP1687ZZPQ6VQG47Y7Q,game terminated,2024-04-22T20:26:22.902185885Z,rerun-slider- 0.3,2024-04-22T20:25:51.720576115Z,1,2024-04-22T20:22:17.846356515Z,610074329088b3e63b1ce2f1,2024-04-22T20:22:13.441140016Z,{},2024-04-22T20:22:13.766500781Z,,,,,,,,,01HW3QJB2G0F3QPZJ2PP5YES1J,2024-04-22T20:22:13.441140016Z,01HW3QQWWST5SYYATWG3W86P6S,2024-04-22T20:25:51.720576115Z,"{""condition"":""slider"",""opinion"":""slider"",""playerCount"":4,""trueP"":0.3}",2024-04-22T20:25:51.720576115Z,,,,
01HW3QJEEKWJ6KN1BBK6CM960A,game ended,2024-04-22T20:28:51.676413049Z,rerun-slider- 0.3,2024-04-22T20:22:16.286104312Z,3,2024-04-22T20:23:37.987970981Z,5e93b11003fcc31e98668579,2024-04-22T20:22:16.275529563Z,{},2024-04-22T20:22:16.577696624Z,true,2024-04-22T20:23:40.355382378Z,"[""🐿️"",""                                   "",""🐇""]",2024-04-22T20:24:07.360669504Z,player 2,2024-04-22T20:24:07.360669504Z,01HW3QJRYJ8EPTFR116EYB23Y1,2024-04-22T20:28:40.447690359Z,01HW3QJDWBF0QKT3RD44QP1Y28,2024-04-22T20:22:16.275529563Z,01HW3P0YMB0CSCS6TZJERT85DX,2024-04-22T20:22:16.286104312Z,"{""condition"":""slider"",""opinion"":""slider"",""playerCount"":4,""trueP"":0.3}",2024-04-22T20:22:16.286104312Z,"{""age"":""22"",""gender"":""Female"",""strength"":""Pretty average"",""fair"":""Yes"",""feedback"":""N/A"",""education"":""master"",""teammates"":""I think so"",""notes"":""No"",""politics"":""Left"",""geo"":""British"",""ethnicity"":""White""}",2024-04-22T20:29:35.219732025Z,1,2024-04-22T20:29:35.225812427Z
01HW3QJFJ5YFDB23GV745PD9T9,game ended,2024-04-22T20:30:22.896692327Z,rerun-slider- 0.3,2024-04-22T20:24:47.697724075Z,3,2024-04-22T20:25:13.910113387Z,57f18e976c19420001438a1b,2024-04-22T20:22:17.413565951Z,{},2024-04-22T20:22:17.740747898Z,true,2024-04-22T20:25:24.721340394Z,"[""🐿️"",""                                   "",""🐇""]",2024-04-22T20:25:50.980054173Z,player 3,2024-04-22T20:25:50.980054173Z,01HW3QMDKBMXC7W9YNVEQ3XZQA,2024-04-22T20:30:02.650027411Z,01HW3QJEY11YF4X03YY8R10Z34,2024-04-22T20:22:17.413565951Z,01HW3P0871DNEMJ9YD7B6RN3B8,2024-04-22T20:24:47.697724075Z,"{""condition"":""slider"",""opinion"":""slider"",""playerCount"":4,""trueP"":0.3}",2024-04-22T20:24:47.697724075Z,,,,
01HW3QJJBT4VFZZ2RF5HSJ6NQX,game ended,2024-04-22T20:29:57.214614462Z,rerun-slider- 0.3,2024-04-22T20:24:07.225344065Z,3,2024-04-22T20:24:40.399932336Z,588d4876b08cc30001b77a5e,2024-04-22T20:22:20.282100618Z,{},2024-04-22T20:22:20.597949985Z,true,2024-04-22T20:24:47.662768036Z,"[""🐇"",""🐿️"",""🐇"",""🐇"",""                                   ""]",2024-04-22T20:24:47.778661123Z,player 4,2024-04-22T20:24:47.778661123Z,01HW3QEFR9Q1ESMF9XWFHY2YFZ,2024-04-22T20:29:36.829878689Z,01HW3QJHRZ6DWPHG61MEJ2SQHQ,2024-04-22T20:22:20.282100618Z,01HW3QBNAKC288GF6W7C58AV9S,2024-04-22T20:24:07.225344065Z,"{""condition"":""slider"",""opinion"":""slider"",""playerCount"":4,""trueP"":0.3}",2024-04-22T20:24:07.225344065Z,,,,
01HW3QJRYJ8EPTFR116EYB23Y1,game ended,2024-04-22T20:28:51.676413049Z,rerun-slider- 0.3,2024-04-22T20:22:27.035778875Z,3,2024-04-22T20:23:38.785445344Z,613a5cffb2911279076b5709,2024-04-22T20:22:27.026194384Z,{},2024-04-22T20:22:27.409928867Z,true,2024-04-22T20:23:42.436481068Z,"[""🐇"",""🐇"",""🐿️"",""                                   "",""🐇""]",2024-04-22T20:24:07.360669504Z,player 3,2024-04-22T20:24:07.360669504Z,01HW3QKM87HM9EQMP0RHJ8P8M8,2024-04-22T20:28:40.447690359Z,01HW3QJR6GZ03BZ4XFTFB0FABW,2024-04-22T20:22:27.026194384Z,01HW3P0YMB0CSCS6TZJERT85DX,2024-04-22T20:22:27.035778875Z,"{""condition"":""slider"",""opinion"":""slider"",""playerCount"":4,""trueP"":0.3}",2024-04-22T20:22:27.035778875Z,"{""age"":""24"",""gender"":""Female"",""strength"":""Fairly strong"",""fair"":""Yes"",""feedback"":"""",""education"":""high-school"",""teammates"":""Most agreed with each other so yes"",""notes"":""Yes"",""politics"":""Left"",""geo"":""UK"",""ethnicity"":""White""}",2024-04-22T20:29:44.511535481Z,1,2024-04-22T20:29:44.516590967Z
01HW3QK2SA8JTH6R6G66HQK9V7,game terminated,2024-04-22T20:26:22.902185885Z,rerun-slider- 0.3,2024-04-22T20:25:51.720576115Z,2,2024-04-22T20:22:48.346559567Z,5f1d33793e85b262ec88556e,2024-04-22T20:22:37.098339569Z,{},2024-04-22T20:22:37.410674609Z,,,,,,,,,01HW3QK25PZYSXHZYS00V822N4,2024-04-22T20:22:37.098339569Z,01HW3QQWWST5SYYATWG3W86P6S,2024-04-22T20:25:51.720576115Z,"{""condition"":""slider"",""opinion"":""slider"",""playerCount"":4,""trueP"":0.3}",2024-04-22T20:25:51.720576115Z,,,,
01HW3QKM87HM9EQMP0RHJ8P8M8,game ended,2024-04-22T20:28:51.676413049Z,rerun-slider- 0.3,2024-04-22T20:22:54.992478963Z,3,2024-04-22T20:24:05.114260698Z,65d9ff6e2daef3142e22a375,2024-04-22T20:22:54.983739338Z,{},2024-04-22T20:22:55.131142443Z,true,2024-04-22T20:24:07.186468962Z,"[""🐿️"",""🐿️"",""🐿️"",""🐿️"",""🐿️"",""🐿️"",""                                   "",""🐿️""]",2024-04-22T20:24:07.360669504Z,player 4,2024-04-22T20:24:07.360669504Z,01HW3QG3SG2T5TCZKERDEG2KZ8,2024-04-22T20:28:40.447690359Z,01HW3QKM038ZFHGEDHX0VYA1TM,2024-04-22T20:22:54.983739338Z,01HW3P0YMB0CSCS6TZJERT85DX,2024-04-22T20:22:54.992478963Z,"{""condition"":""slider"",""opinion"":""slider"",""playerCount"":4,""trueP"":0.3}",2024-04-22T20:22:54.992478963Z,"{""age"":""35"",""gender"":""female"",""strength"":""OK"",""fair"":""YES"",""feedback"":"""",""education"":""high-school"",""teammates"":""NO"",""notes"":""NO"",""politics"":""REPUBLICAN"",""geo"":"""",""ethnicity"":""WHITE""}",2024-04-22T20:29:29.427799786Z,1,2024-04-22T20:29:29.436238255Z
01HW3QMDKBMXC7W9YNVEQ3XZQA,game ended,2024-04-22T20:30:22.896692327Z,rerun-slider- 0.3,2024-04-22T20:24:47.697724075Z,3,2024-04-22T20:24:57.578214215Z,653d6967561059011cba09d3,2024-04-22T20:23:20.939136694Z,{},2024-04-22T20:23:21.138126644Z,true,2024-04-22T20:25:00.788016922Z,"[""🐇"",""🐇"",""🐿️"",""                                   ""]",2024-04-22T20:25:50.980054173Z,player 4,2024-04-22T20:25:50.980054173Z,01HW3QG33P9GJ01WCWEAZS48BJ,2024-04-22T20:30:02.650027411Z,01HW3QMD6VW922XSPWH15JKT97,2024-04-22T20:23:20.939136694Z,01HW3P0871DNEMJ9YD7B6RN3B8,2024-04-22T20:24:47.697724075Z,"{""condition"":""slider"",""opinion"":""slider"",""playerCount"":4,""trueP"":0.3}",2024-04-22T20:24:47.697724075Z,,,,
01HW3QR15KRJT08AEY1Z82G3Y8,game terminated,2024-04-22T20:26:22.902185885Z,rerun-slider- 0.3,2024-04-22T20:25:51.720576115Z,1,2024-04-22T20:25:32.255003212Z,59d585d3d1ab390001da2f35,2024-04-22T20:25:19.283770408Z,{},2024-04-22T20:25:19.597543919Z,,,,,,,,,01HW3QR0J5YK9PK50MV096VVTJ,2024-04-22T20:25:19.283770408Z,01HW3QQWWST5SYYATWG3W86P6S,2024-04-22T20:25:51.720576115Z,"{""condition"":""slider"",""opinion"":""slider"",""playerCount"":4,""trueP"":0.3}",2024-04-22T20:25:51.720576115Z,,,,
