id,batchID,batchIDLastChangedAt,gameID,gameIDLastChangedAt,playerID,playerIDLastChangedAt
01JH6P0NC2AJADDDMPSG765NP7,01JH6N3B2ZW9NKC6DH61J7TVNY,2025-01-09T23:22:26.562957011Z,01JH6N3B3815V7P35V26N3F3B4,2025-01-09T23:22:26.562957011Z,01JH6NRX1J06GE0E7SZFBKJGCV,2025-01-09T23:22:26.562957011Z
01JH6W9TVQB4WWYVEVVZYNMRRT,01JH6VMB5WGA2RB6MNY6RMY2GY,2025-01-10T01:12:18.55169833Z,01JH6VMB8VWQ2WPCQHTDJBSGHG,2025-01-10T01:12:18.55169833Z,01JH6VMK4Q2F9VJXAJPVBC4JQN,2025-01-10T01:12:18.55169833Z
01JH6MTB0XZSC99YSKFXEC033V,01JH6MCKXGGPVYMKENCMZTJDJ5,2025-01-09T23:01:30.781433581Z,01JH6MCKXXE8N7Q71XRYBJE3J7,2025-01-09T23:01:30.781433581Z,01JH6MG54TFGME8W8AR03ZXVSX,2025-01-09T23:01:30.781433581Z
01JH6NS9Q6CPQG7VTD9FPQMHNJ,01JH6N3BNHCCYE6CK84S50E7VQ,2025-01-09T23:18:25.254632737Z,01JH6N3BNTW761HC94YS5ESCDR,2025-01-09T23:18:25.254632737Z,01JH6N5FJ7TG7GSVC2CM3VVCYC,2025-01-09T23:18:25.254632737Z
01JH6RD9RNAA3WXXKB85ZXA0QB,01JH6N32QX3B0E4A8WWZFW1J4T,2025-01-10T00:04:17.813540872Z,01JH6N32R6X3N4GCJNSYJC2MJS,2025-01-10T00:04:17.813540872Z,01JH6QBC4D3K709XYKA3G3B631,2025-01-10T00:04:17.813540872Z
01JH6RS42YCS51BD46QEWR8X8M,01JH6N325J7DDMQ89WVERYD8MK,2025-01-10T00:10:45.214441118Z,01JH6N325X6GMYQ6AMQY3C3DD5,2025-01-10T00:10:45.214441118Z,01JH6QC436HDD0851BWCQG1KM1,2025-01-10T00:10:45.214441118Z
01JH6SQYEPJHSDK18GJD29CD0K,01JH6RKP5K1E2CKHW3613HT0YT,2025-01-10T00:27:35.254150366Z,01JH6RKP6R6V9YRX50D8NHPRN6,2025-01-10T00:27:35.254150366Z,01JH6SE1TJ4SZVJDE1R9ZYK80Y,2025-01-10T00:27:35.254150366Z
01JH6TWF7VRQVKMAVBPGWEF5MJ,01JH6RKJ2SKX5620TZ297Y58C9,2025-01-10T00:47:32.09106446Z,01JH6RKJ3WZ5E56FEMXCHPK1QC,2025-01-10T00:47:32.09106446Z,01JH6SYX028S0YRTR32P0EYVAA,2025-01-10T00:47:32.09106446Z
01JH6PDE6NZAK2MS0S7FNB43CE,01JH6N39CWGSD9RR06TPM3X4KG,2025-01-09T23:29:25.205211008Z,01JH6N39D86CM3Q0A62B1P07K1,2025-01-09T23:29:25.205211008Z,01JH6P293W3V3H7FWX2QKKCABA,2025-01-09T23:29:25.205211008Z
01JH6STPK65ZC4TN70TMQ8M5T8,01JH6RKNJRXVP0EZV9GESKF8VP,2025-01-10T00:29:05.510859871Z,01JH6RKNMBMFBHCXNSTGWCQ0TW,2025-01-10T00:29:05.510859871Z,01JH6S8V73E3WMP0HWY51BDM3C,2025-01-10T00:29:05.510859871Z
01JH6V0NY2A1003ESGW917VADJ,01JH6RKHH8DRMPKM7YG94D9NWK,2025-01-10T00:49:50.018238068Z,01JH6RKHJR2EFJ6K54EWAKQXGS,2025-01-10T00:49:50.018238068Z,01JH6T8G53S8JCW9HEH114A858,2025-01-10T00:49:50.018238068Z
01JH6PN29AAC472HJZC6S025XC,01JH6N38SEQGAZ7QMVEDN2JA95,2025-01-09T23:33:35.146061455Z,01JH6N38SQKRZXBDJ2ZEZP5958,2025-01-09T23:33:35.146061455Z,01JH6PASAT3Q4FPFSTK4DTK7BY,2025-01-09T23:33:35.146061455Z
01JH6PDE6SSM4B9HXMAH5KP8A1,01JH6N39CWGSD9RR06TPM3X4KG,2025-01-09T23:29:25.209546876Z,01JH6N39D86CM3Q0A62B1P07K1,2025-01-09T23:29:25.209546876Z,01JH6P4228WMFEPX8EA5RWA75H,2025-01-09T23:29:25.209546876Z
01JH6QJEZS52VHCCQBQBMM71T4,01JH6N34WX3Z2658X0DW5PR3N3,2025-01-09T23:49:38.425613804Z,01JH6N34X5M5P7Z81JEPYZ1FYC,2025-01-09T23:49:38.425613804Z,01JH6PDYBS16SW2BJ47A90FY7K,2025-01-09T23:49:38.425613804Z
01JH6SGBEHTBMBJJNY15TPKJBD,01JH6RKPPMEBYJ3N5Y4WX7QR47,2025-01-10T00:23:26.41773579Z,01JH6RKPR804HF7XRH59JG6APP,2025-01-10T00:23:26.41773579Z,01JH6S8NG7ZR6S0YKJ73K143GZ,2025-01-10T00:23:26.41773579Z
01JH6XHGRZ0W8A2V50K5EW86F8,01JH6VM8Z3SHAQE3VNR61MH3SB,2025-01-10T01:33:58.943094966Z,01JH6VM92389NVYM9NH7284BKX,2025-01-10T01:33:58.943094966Z,01JH6WP6BX7M9HCWR95XAT6C0G,2025-01-10T01:33:58.943094966Z
01JH6P0NC4MC6D1Y48DMSVWZFC,01JH6N3B2ZW9NKC6DH61J7TVNY,2025-01-09T23:22:26.564632684Z,01JH6N3B3815V7P35V26N3F3B4,2025-01-09T23:22:26.564632684Z,01JH6NRYY65C1Z8JMYS48KHXJM,2025-01-09T23:22:26.564632684Z
01JH6MTB0XZSC99YSKG4MCZX6T,01JH6MCKXGGPVYMKENCMZTJDJ5,2025-01-09T23:01:30.781596784Z,01JH6MCKXXE8N7Q71XRYBJE3J7,2025-01-09T23:01:30.781596784Z,01JH6MNKXSHZ6TQF6M9YTNK3F9,2025-01-09T23:01:30.781596784Z
01JH6PDE6KMANR0QM8BZCEEXN6,01JH6N39CWGSD9RR06TPM3X4KG,2025-01-09T23:29:25.203151846Z,01JH6N39D86CM3Q0A62B1P07K1,2025-01-09T23:29:25.203151846Z,01JH6N70BRPP9CNJFVMWGF71KN,2025-01-09T23:29:25.203151846Z
01JH6PN2903DDS9V63VR2YEZ32,01JH6N38SEQGAZ7QMVEDN2JA95,2025-01-09T23:33:35.136564604Z,01JH6N38SQKRZXBDJ2ZEZP5958,2025-01-09T23:33:35.136564604Z,01JH6P2TD4GWJSWSGEJJ4TKK13,2025-01-09T23:33:35.136564604Z
01JH6Q8WNRJ1SRPWEB9PEQS4SR,01JH6N3622603A24K1ZPX8CDN6,2025-01-09T23:44:24.760783636Z,01JH6N362BF4DKXMH9ABQHYQTE,2025-01-09T23:44:24.760783636Z,01JH6PWRVC4Q9QZGHHZBEA7BB6,2025-01-09T23:44:24.760783636Z
01JH6TC7VKTX4RHYJHZKE8H1PY,01JH6RKK6A0MZ0P5A1F75QK3E4,2025-01-10T00:38:40.243507478Z,01JH6RKK7TGC6TNVNEWZVZBX7Y,2025-01-10T00:38:40.243507478Z,01JH6SKY0Z6GYVY0YFJ2SEW709,2025-01-10T00:38:40.243507478Z
01JH6MTB0XZSC99YSKFKDZQHSK,01JH6MCKXGGPVYMKENCMZTJDJ5,2025-01-09T23:01:30.781278395Z,01JH6MCKXXE8N7Q71XRYBJE3J7,2025-01-09T23:01:30.781278395Z,01JH6MFQHKZXZZ4DPJTNW5XS6P,2025-01-09T23:01:30.781278395Z
01JH6NJAT8N9DBTEMM8STB7GP7,01JH6M4T8NCJSRNWB4N6A9QMES,2025-01-09T23:14:37.000805537Z,01JH6M4T8ZMRBNN8MGQMJX544Y,2025-01-09T23:14:37.000805537Z,01JH6N53Q93BWWBZAGQHKB5YK3,2025-01-09T23:14:37.000805537Z
01JH6NJAT96VC118FA6TRYCP3A,01JH6M4T8NCJSRNWB4N6A9QMES,2025-01-09T23:14:37.001849167Z,01JH6M4T8ZMRBNN8MGQMJX544Y,2025-01-09T23:14:37.001849167Z,01JH6N556KAJ8AERH25GNYVN8X,2025-01-09T23:14:37.001849167Z
01JH6NJATARMPXCPRFS1QPAP2C,01JH6M4T8NCJSRNWB4N6A9QMES,2025-01-09T23:14:37.002978524Z,01JH6M4T8ZMRBNN8MGQMJX544Y,2025-01-09T23:14:37.002978524Z,01JH6N8PW57X7PPAXEC0VC9NF7,2025-01-09T23:14:37.002978524Z
01JH6PTJ3MX1B903FYYW8QBWVA,01JH6N37MWS53T3C7H5MX9W66T,2025-01-09T23:36:35.188553403Z,01JH6N37N43Q9TY7HAC2F0HV5N,2025-01-09T23:36:35.188553403Z,01JH6PGZ4Z9KKSSKSDSVYHVBT0,2025-01-09T23:36:35.188553403Z
01JH6Q5435P91YQ50X3JEP14Q1,01JH6N36JMJN5GBDG92N2658JW,2025-01-09T23:42:21.285735068Z,01JH6N36JZ155FNT0F86MYE3JX,2025-01-09T23:42:21.285735068Z,01JH6PWAYVCPG1M48C12N7J2NZ,2025-01-09T23:42:21.285735068Z
01JH6QJF00YEXGDMRKJJYT1CV2,01JH6N34WX3Z2658X0DW5PR3N3,2025-01-09T23:49:38.433012632Z,01JH6N34X5M5P7Z81JEPYZ1FYC,2025-01-09T23:49:38.433012632Z,01JH6Q23CY7R1ZP02CYSJCWSQZ,2025-01-09T23:49:38.433012632Z
01JH6S539CK3D3H3XN1P67GDQQ,01JH6N318ABT84ZZ32HJ8MWC04,2025-01-10T00:17:17.612824617Z,01JH6N318NS9ZQC1AAXWFNTGXC,2025-01-10T00:17:17.612824617Z,01JH6QJ852XYEABASTMMD1BFYX,2025-01-10T00:17:17.612824617Z
01JH6MTB0XZSC99YSKFCP1K8HP,01JH6MCKXGGPVYMKENCMZTJDJ5,2025-01-09T23:01:30.781090495Z,01JH6MCKXXE8N7Q71XRYBJE3J7,2025-01-09T23:01:30.781090495Z,01JH6MEZ3RFZSSDD3MWTPK96D6,2025-01-09T23:01:30.781090495Z
01JH6TWF9PM060DWBERRASHW67,01JH6RKJ2SKX5620TZ297Y58C9,2025-01-10T00:47:32.150459078Z,01JH6RKJ3WZ5E56FEMXCHPK1QC,2025-01-10T00:47:32.150459078Z,01JH6TCSB1D0SPA7SWZWZ1RNBK,2025-01-10T00:47:32.150459078Z
01JH6Q543A2N7ESS1MFW0H5HG7,01JH6N36JMJN5GBDG92N2658JW,2025-01-09T23:42:21.290577987Z,01JH6N36JZ155FNT0F86MYE3JX,2025-01-09T23:42:21.290577987Z,01JH6PYXYEHPRMBMEQ68JGKFX9,2025-01-09T23:42:21.290577987Z
01JH6XQMZJD92HCJT0BRYBSGTT,01JH6VM8B7Q0XFZ5YK6BRT1C4V,2025-01-10T01:37:19.858314144Z,01JH6VM8D8Y12SQMNYD8F0G665,2025-01-10T01:37:19.858314144Z,01JH6WJVM63RCK5Q95SYPMY29D,2025-01-10T01:37:19.858314144Z
01JH6XVNP88ARWZZAT1KCN1P61,01JH6VM7R0YW69S3E075406Z2S,2025-01-10T01:39:31.656820035Z,01JH6VM7TXZ5HY73SVJDN4H9T2,2025-01-10T01:39:31.656820035Z,01JH6WKQKQDJ5WVX0KGQBA5THN,2025-01-10T01:39:31.656820035Z
01JH6MQTK7ZMWPZ9SGS3Q69KFQ,01JH6MCMC83CZG16XMSMBMP1T5,2025-01-09T23:00:08.423675954Z,01JH6MCMCH0Q0WGC8HNS0PX5BC,2025-01-09T23:00:08.423675954Z,01JH6MFA8V2Y1T39ZP9VRJWK7Q,2025-01-09T23:00:08.423675954Z
01JH6STPKRP0V92YYNNY9SS45F,01JH6RKNJRXVP0EZV9GESKF8VP,2025-01-10T00:29:05.52890895Z,01JH6RKNMBMFBHCXNSTGWCQ0TW,2025-01-10T00:29:05.52890895Z,01JH6SJ14V008FMTPAMK4D46PH,2025-01-10T00:29:05.52890895Z
01JH6T98FRJJBR0VRPXF9XKA33,01JH6RKKTMMAZZQ6JD4C2MK72M,2025-01-10T00:37:02.584263776Z,01JH6RKKVQFSB193FY0KH2J7F0,2025-01-10T00:37:02.584263776Z,01JH6T18F292N1NZYH2QVSWC19,2025-01-10T00:37:02.584263776Z
01JH6TWF8E7R70CKRRDSJBW3JX,01JH6RKJ2SKX5620TZ297Y58C9,2025-01-10T00:47:32.110496949Z,01JH6RKJ3WZ5E56FEMXCHPK1QC,2025-01-10T00:47:32.110496949Z,01JH6T5C9CYR2V1THS05ZWF8H7,2025-01-10T00:47:32.110496949Z
01JH6VZAM4JXRFG3PCEX0FMH1Z,01JH6V2X6CF2SDSSSC6SKP18DR,2025-01-10T01:06:34.244358808Z,01JH6V2X8Z6RH6D0NP9BG7J98Y,2025-01-10T01:06:34.244358808Z,01JH6VPZA8XFQXD5DBEQDXTHNT,2025-01-10T01:06:34.244358808Z
01JH6NS9Q745Y3K4GBHZ8WM4KX,01JH6N3BNHCCYE6CK84S50E7VQ,2025-01-09T23:18:25.255384986Z,01JH6N3BNTW761HC94YS5ESCDR,2025-01-09T23:18:25.255384986Z,01JH6N6CYVZYQKNKDK50TJND84,2025-01-09T23:18:25.255384986Z
01JH6PN296VZT5ANW3BYPBGV1E,01JH6N38SEQGAZ7QMVEDN2JA95,2025-01-09T23:33:35.142515315Z,01JH6N38SQKRZXBDJ2ZEZP5958,2025-01-09T23:33:35.142515315Z,01JH6P3HE4DFXYER0RWGWGR2M9,2025-01-09T23:33:35.142515315Z
01JH6QF0RJP3F7W15RN4BJTPKD,01JH6N35GGMKBDDBGV29YY11EH,2025-01-09T23:47:45.554089903Z,01JH6N35GRM0FY6K39X87EGQQD,2025-01-09T23:47:45.554089903Z,01JH6Q45922VYWB20SGKW7QNJ2,2025-01-09T23:47:45.554089903Z
01JH6R6GGD5WWT5BX02W2WSVBB,01JH6N338WG6H8NSHEB5EPSSRW,2025-01-10T00:00:35.341935187Z,01JH6N33943WW42B9SA5XF4T2Y,2025-01-10T00:00:35.341935187Z,01JH6QT6XSR0WR4AVX88AJ0PNZ,2025-01-10T00:00:35.341935187Z
01JH6RD9R7TD2SWHE7AQRNKM6Z,01JH6N32QX3B0E4A8WWZFW1J4T,2025-01-10T00:04:17.799840198Z,01JH6N32R6X3N4GCJNSYJC2MJS,2025-01-10T00:04:17.799840198Z,01JH6QAJ09QQ8RTPKJ0H9SRJXA,2025-01-10T00:04:17.799840198Z
01JH6SY9RJADA04D9556B8ZD5Z,01JH6RKN04Q2PWN0VFFQCAENR5,2025-01-10T00:31:03.442297Z,01JH6RKN1SRZ4EN4AXR8RSPF05,2025-01-10T00:31:03.442297Z,01JH6S9RSGVFWMQQ1MMDSDCBA6,2025-01-10T00:31:03.442297Z
01JH6XHGRADZ5M31QDAD9ZA5JY,01JH6VM8Z3SHAQE3VNR61MH3SB,2025-01-10T01:33:58.922979607Z,01JH6VM92389NVYM9NH7284BKX,2025-01-10T01:33:58.922979607Z,01JH6WCVKSY52Q8H0YTCXQP38C,2025-01-10T01:33:58.922979607Z
01JH6XVNP1E6CS6Y1XEB4455TJ,01JH6VM7R0YW69S3E075406Z2S,2025-01-10T01:39:31.64912788Z,01JH6VM7TXZ5HY73SVJDN4H9T2,2025-01-10T01:39:31.64912788Z,01JH6W5V2RNHTKYM3V06MPNMAY,2025-01-10T01:39:31.64912788Z
01JH6P24CDMZ6X0P3RTR2K3KZB,01JH6N3AGM6Z3CXHXC2XC1NDYV,2025-01-09T23:23:14.70109798Z,01JH6N3AGYHRR277R99NMV3A0Y,2025-01-09T23:23:14.70109798Z,01JH6NSN41YVN9T6HSQNHE8S1V,2025-01-09T23:23:14.70109798Z
01JH6Q1Q20GQN4M7D7P3TGPP1Q,01JH6N373KE53Q3ESEM7AN5AB5,2025-01-09T23:40:29.632162314Z,01JH6N3743G9G1JX5K0Z20N74V,2025-01-09T23:40:29.632162314Z,01JH6PWF7X60YQNBCKRG6QKKGH,2025-01-09T23:40:29.632162314Z
01JH6Q54319W7PW09XNBBFBBTZ,01JH6N36JMJN5GBDG92N2658JW,2025-01-09T23:42:21.2812892Z,01JH6N36JZ155FNT0F86MYE3JX,2025-01-09T23:42:21.2812892Z,01JH6PPGYSJZNARWBTH3CJK3GJ,2025-01-09T23:42:21.2812892Z
01JH6R6GEPY669XZC3SM8YD4KT,01JH6N338WG6H8NSHEB5EPSSRW,2025-01-10T00:00:35.286359204Z,01JH6N33943WW42B9SA5XF4T2Y,2025-01-10T00:00:35.286359204Z,01JH6QC9CW9TJ2A2ZPJFAPWN23,2025-01-10T00:00:35.286359204Z
01JH6W9TSZHB7QFV820XPKVH4W,01JH6VMB5WGA2RB6MNY6RMY2GY,2025-01-10T01:12:18.495729255Z,01JH6VMB8VWQ2WPCQHTDJBSGHG,2025-01-10T01:12:18.495729255Z,01JH6VJXNGXC3C6SGQBHCST23M,2025-01-10T01:12:18.495729255Z
01JH6XQMZSSPQC45E057N9FT5D,01JH6VM8B7Q0XFZ5YK6BRT1C4V,2025-01-10T01:37:19.865593991Z,01JH6VM8D8Y12SQMNYD8F0G665,2025-01-10T01:37:19.865593991Z,01JH6WN7H94XR0ZQ770T37CC3F,2025-01-10T01:37:19.865593991Z
01JH6NS9Q80B2K1A1XFW120G28,01JH6N3BNHCCYE6CK84S50E7VQ,2025-01-09T23:18:25.256042599Z,01JH6N3BNTW761HC94YS5ESCDR,2025-01-09T23:18:25.256042599Z,01JH6N6VDJCDA1KN25YGG2W0D1,2025-01-09T23:18:25.256042599Z
01JH6PRM40RKA59JEAGSVJWT9J,01JH6N387KNJX6TJW7KX51TGAA,2025-01-09T23:35:31.71211271Z,01JH6N387WPVZ8G2625ZPCC2HT,2025-01-09T23:35:31.71211271Z,01JH6P61FMB46KEJ1M037JEHST,2025-01-09T23:35:31.71211271Z
01JH6Q542VESZ95KPSA6RZ8CFT,01JH6N36JMJN5GBDG92N2658JW,2025-01-09T23:42:21.275938457Z,01JH6N36JZ155FNT0F86MYE3JX,2025-01-09T23:42:21.275938457Z,01JH6PGC2Z511256C31AQQMT01,2025-01-09T23:42:21.275938457Z
01JH6Q8WNKY5Q4W806X7VH262W,01JH6N3622603A24K1ZPX8CDN6,2025-01-09T23:44:24.755261533Z,01JH6N362BF4DKXMH9ABQHYQTE,2025-01-09T23:44:24.755261533Z,01JH6PW46QHCSRJNKYW9PSP4KQ,2025-01-09T23:44:24.755261533Z
01JH6SY9R1H7BES9D1P42GPAGA,01JH6RKN04Q2PWN0VFFQCAENR5,2025-01-10T00:31:03.425895986Z,01JH6RKN1SRZ4EN4AXR8RSPF05,2025-01-10T00:31:03.425895986Z,01JH6S99CJDXPM58K9P3QYRT4B,2025-01-10T00:31:03.425895986Z
01JH6W56628EFYMSEXT6A3B02Q,01JH6VMBPFK7BXCR92NS2RRPRV,2025-01-10T01:09:46.306268441Z,01JH6VMBRQ75HC05JB1HN7HRMX,2025-01-10T01:09:46.306268441Z,01JH6VMNCV2D9KDGHRGJ5SZD4H,2025-01-10T01:09:46.306268441Z
01JH6P24CG3X8DBDW0V6CXWCHE,01JH6N3AGM6Z3CXHXC2XC1NDYV,2025-01-09T23:23:14.704097317Z,01JH6N3AGYHRR277R99NMV3A0Y,2025-01-09T23:23:14.704097317Z,01JH6NVSVE4P7E8VBMNM5GVS19,2025-01-09T23:23:14.704097317Z
01JH6T98DW4B8GPZSHXA58XY6X,01JH6RKKTMMAZZQ6JD4C2MK72M,2025-01-10T00:37:02.524508369Z,01JH6RKKVQFSB193FY0KH2J7F0,2025-01-10T00:37:02.524508369Z,01JH6SXB9AYF2S3JVHHST88FAP,2025-01-10T00:37:02.524508369Z
01JH6TC7WRQNDARTEHEQNZA11D,01JH6RKK6A0MZ0P5A1F75QK3E4,2025-01-10T00:38:40.280999279Z,01JH6RKK7TGC6TNVNEWZVZBX7Y,2025-01-10T00:38:40.280999279Z,01JH6SZ9Z59H2KH8BYZK9B36F8,2025-01-10T00:38:40.280999279Z
01JH6WRRDP70RG6XJMDRMZZ2EX,01JH6VMA1XY9ZJMYQBERC6D2M7,2025-01-10T01:20:27.575025182Z,01JH6VMA4119E650M4NNGYTS1C,2025-01-10T01:20:27.575025182Z,01JH6WBQ213M26E882EQ3AKKXX,2025-01-10T01:20:27.575025182Z
01JH6X5WQGCXFPZA23SK7QY8JX,01JH6VM9GXEPT4J88JHA1VBX5Q,2025-01-10T01:27:37.968893153Z,01JH6VM9KTR8W1KJYPHA9GPZXZ,2025-01-10T01:27:37.968893153Z,01JH6W1JPRVQQZJYWQ2P3FDXMB,2025-01-10T01:27:37.968893153Z
01JH6PTJ3HKZZJZDBW2XDFZV2E,01JH6N37MWS53T3C7H5MX9W66T,2025-01-09T23:36:35.18534573Z,01JH6N37N43Q9TY7HAC2F0HV5N,2025-01-09T23:36:35.18534573Z,01JH6PEF3MBGFJPPM5XYRDVMGN,2025-01-09T23:36:35.18534573Z
01JH6Q8WNY6QB755DG6K5948CR,01JH6N3622603A24K1ZPX8CDN6,2025-01-09T23:44:24.766670818Z,01JH6N362BF4DKXMH9ABQHYQTE,2025-01-09T23:44:24.766670818Z,01JH6PY1NEN0DFDEVVC0YV0JH3,2025-01-09T23:44:24.766670818Z
01JH6RS4461DQ4RRWEXCCNSXEE,01JH6N325J7DDMQ89WVERYD8MK,2025-01-10T00:10:45.254262472Z,01JH6N325X6GMYQ6AMQY3C3DD5,2025-01-10T00:10:45.254262472Z,01JH6RBGYD07S0H7RW1VQXMHEK,2025-01-10T00:10:45.254262472Z
01JH6TC7W69DC7CBRYG22CCFDH,01JH6RKK6A0MZ0P5A1F75QK3E4,2025-01-10T00:38:40.262313435Z,01JH6RKK7TGC6TNVNEWZVZBX7Y,2025-01-10T00:38:40.262313435Z,01JH6SNQ88TRMXPAADP59XQHG2,2025-01-10T00:38:40.262313435Z
01JH6TKAXNQD1M1JZF4HNEYAPT,01JH6RKJM3BK4MTSQ4V6W26Y53,2025-01-10T00:42:32.757462054Z,01JH6RKJNHWW9DXY4B471M1HD8,2025-01-10T00:42:32.757462054Z,01JH6SXZ1CBSH4K9A7TVS4C39G,2025-01-10T00:42:32.757462054Z
01JH6W563K132C9JGH2R2574J0,01JH6VMBPFK7BXCR92NS2RRPRV,2025-01-10T01:09:46.227628374Z,01JH6VMBRQ75HC05JB1HN7HRMX,2025-01-10T01:09:46.227628374Z,01JH6VJVPYYPEEXPBTF8M3NS1Y,2025-01-10T01:09:46.227628374Z
01JH6W9TWG7BV605YKTH2TPV9E,01JH6VMB5WGA2RB6MNY6RMY2GY,2025-01-10T01:12:18.576837956Z,01JH6VMB8VWQ2WPCQHTDJBSGHG,2025-01-10T01:12:18.576837956Z,01JH6W0S335T4FJ88N55Q8RR1R,2025-01-10T01:12:18.576837956Z
01JH6XVNNSWP4EZR0F9NF8MXSR,01JH6VM7R0YW69S3E075406Z2S,2025-01-10T01:39:31.641799101Z,01JH6VM7TXZ5HY73SVJDN4H9T2,2025-01-10T01:39:31.641799101Z,01JH6WFAFVYQ11H36VZKCZY29Z,2025-01-10T01:39:31.641799101Z
01JH6P8KZFQFV9HY52HCT7GJFP,01JH6N39Z9X9N8WPSSQY296EKW,2025-01-09T23:26:47.279975409Z,01JH6N39ZH806RKTXTRGXYK569,2025-01-09T23:26:47.279975409Z,01JH6NSHQ5V00V9V0Z3TF7KD61,2025-01-09T23:26:47.279975409Z
01JH6QVP4200B4F6ZZ5JDKQ2MZ,01JH6N34BAT5TFZPMNQ8J884B1,2025-01-09T23:54:40.642098015Z,01JH6N34BK7K85MW7VYM5XBZC2,2025-01-09T23:54:40.642098015Z,01JH6PANPC5CC2W3WNNP0TFWMH,2025-01-09T23:54:40.642098015Z
01JH6RS43R03AHV224ATKHTZTS,01JH6N325J7DDMQ89WVERYD8MK,2025-01-10T00:10:45.240421375Z,01JH6N325X6GMYQ6AMQY3C3DD5,2025-01-10T00:10:45.240421375Z,01JH6R8GQ0S04EP1ZXDNSQ0HC4,2025-01-10T00:10:45.240421375Z
01JH6P8KZBASGN9EBTR9S5Y4WC,01JH6N39Z9X9N8WPSSQY296EKW,2025-01-09T23:26:47.275624691Z,01JH6N39ZH806RKTXTRGXYK569,2025-01-09T23:26:47.275624691Z,01JH6N900P9JJVQH6VNFJ7JG8E,2025-01-09T23:26:47.275624691Z
01JH6NS9Q5B2EPREM82MJH72VT,01JH6N3BNHCCYE6CK84S50E7VQ,2025-01-09T23:18:25.253667022Z,01JH6N3BNTW761HC94YS5ESCDR,2025-01-09T23:18:25.253667022Z,01JH6N56JCWPP70NBANKB19W9P,2025-01-09T23:18:25.253667022Z
01JH6PRM46D3M2A95JCPBBWS52,01JH6N387KNJX6TJW7KX51TGAA,2025-01-09T23:35:31.718391941Z,01JH6N387WPVZ8G2625ZPCC2HT,2025-01-09T23:35:31.718391941Z,01JH6PEKSF04YRJSWAEWF2W580,2025-01-09T23:35:31.718391941Z
01JH6Q8WP31S5C9ZCB4EH2SDCV,01JH6N3622603A24K1ZPX8CDN6,2025-01-09T23:44:24.771739216Z,01JH6N362BF4DKXMH9ABQHYQTE,2025-01-09T23:44:24.771739216Z,01JH6PYNDXEBFV2APMD7Z4WPZC,2025-01-09T23:44:24.771739216Z
01JH6R2TTRX8QEAWG9P2CCGRP5,01JH6N33SQWEDYES9VX609BB0K,2025-01-09T23:58:34.84061162Z,01JH6N33T81R0VMPWM1Z1K4PVE,2025-01-09T23:58:34.84061162Z,01JH6QSK8HCS2ZNCEM93DXSNA8,2025-01-09T23:58:34.84061162Z
01JH6S53A8BN4AVW4VF4B5DRYY,01JH6N318ABT84ZZ32HJ8MWC04,2025-01-10T00:17:17.640859284Z,01JH6N318NS9ZQC1AAXWFNTGXC,2025-01-10T00:17:17.640859284Z,01JH6R9FYWGET4224VNEJKTF1T,2025-01-10T00:17:17.640859284Z
01JH6T2YK8SS0BWM87M60XEXGH,01JH6RKME1AXBRAS53WAJ202RS,2025-01-10T00:33:35.848217627Z,01JH6RKMFKDE2E97RT1CNEVN23,2025-01-10T00:33:35.848217627Z,01JH6S8YFMT619AWVTM99P1JDD,2025-01-10T00:33:35.848217627Z
01JH6VFY0XNQ4SHYX4A60VY868,01JH6RK29GBMEA5K6XF1XGNRRH,2025-01-10T00:58:09.821417798Z,01JH6RK2B0ZP83XJH8T0X6AQTB,2025-01-10T00:58:09.821417798Z,01JH6TJW4AGJ4YJWS2NQK574PN,2025-01-10T00:58:09.821417798Z
01JH6N2WDGGGPP9BC27HNYBMSP,01JH6MCJ55E2ENG5WFJKVVYGGS,2025-01-09T23:06:10.736082259Z,01JH6MCJ5J1FESW1H8V4DS0EMR,2025-01-09T23:06:10.736082259Z,01JH6MEMFVZX3EYJY01DY30Y6S,2025-01-09T23:06:10.736082259Z
01JH6WK44H0E15T1BE690N2CVB,01JH6VMAJVCFCJ9W2B8Q9EZH7P,2025-01-10T01:17:22.961581497Z,01JH6VMAN0S8D2F1VMJZ5BBK9Y,2025-01-10T01:17:22.961581497Z,01JH6W9GJFV5S9WENKRPZV3KD1,2025-01-10T01:17:22.961581497Z
01JH6T2YMKC4HHFTSSN2D3J1PX,01JH6RKME1AXBRAS53WAJ202RS,2025-01-10T00:33:35.891226965Z,01JH6RKMFKDE2E97RT1CNEVN23,2025-01-10T00:33:35.891226965Z,01JH6SJAV26D5907DSJFXR7T1R,2025-01-10T00:33:35.891226965Z
01JH6T98EG739M8TQYEV1JSG6Z,01JH6RKKTMMAZZQ6JD4C2MK72M,2025-01-10T00:37:02.544929447Z,01JH6RKKVQFSB193FY0KH2J7F0,2025-01-10T00:37:02.544929447Z,01JH6SXP06JC4S7C44JSZ853XD,2025-01-10T00:37:02.544929447Z
01JH6T98F5SK9K2CD8E49HD13Z,01JH6RKKTMMAZZQ6JD4C2MK72M,2025-01-10T00:37:02.565920714Z,01JH6RKKVQFSB193FY0KH2J7F0,2025-01-10T00:37:02.565920714Z,01JH6SXQDJDFTDHYVFH3FQ963H,2025-01-10T00:37:02.565920714Z
01JH6TC7XDS0KREKK38SWY8630,01JH6RKK6A0MZ0P5A1F75QK3E4,2025-01-10T00:38:40.301466327Z,01JH6RKK7TGC6TNVNEWZVZBX7Y,2025-01-10T00:38:40.301466327Z,01JH6T3C8VSP1T4VGPVBQVNE8D,2025-01-10T00:38:40.301466327Z
01JH6V0NZV4YGTMGWHF4Z703AC,01JH6RKHH8DRMPKM7YG94D9NWK,2025-01-10T00:49:50.075569634Z,01JH6RKHJR2EFJ6K54EWAKQXGS,2025-01-10T00:49:50.075569634Z,01JH6TRRYYA2CCQN55AYYQSM60,2025-01-10T00:49:50.075569634Z
01JH6VFY1KK0661Q0S8QTT13AE,01JH6RK29GBMEA5K6XF1XGNRRH,2025-01-10T00:58:09.843863167Z,01JH6RK2B0ZP83XJH8T0X6AQTB,2025-01-10T00:58:09.843863167Z,01JH6VAXEWMGEYF28J7PB7C1ZQ,2025-01-10T00:58:09.843863167Z
01JH6X5WQ2PJASQFJFXW8E0T6J,01JH6VM9GXEPT4J88JHA1VBX5Q,2025-01-10T01:27:37.954615477Z,01JH6VM9KTR8W1KJYPHA9GPZXZ,2025-01-10T01:27:37.954615477Z,01JH6WKE3KWEQ6VCWWPMFKP271,2025-01-10T01:27:37.954615477Z
01JH6Q1Q1W74YRG8KVGXHV5M1R,01JH6N373KE53Q3ESEM7AN5AB5,2025-01-09T23:40:29.628329471Z,01JH6N3743G9G1JX5K0Z20N74V,2025-01-09T23:40:29.628329471Z,01JH6PG1KQF28K4AASW8K54TVR,2025-01-09T23:40:29.628329471Z
01JH6Q1Q1R81X1SAKMY0NVZY4H,01JH6N373KE53Q3ESEM7AN5AB5,2025-01-09T23:40:29.624304248Z,01JH6N3743G9G1JX5K0Z20N74V,2025-01-09T23:40:29.624304248Z,01JH6PENWFNMW8E0THWAFZ302H,2025-01-09T23:40:29.624304248Z
01JH6QF0RRHFKXR3PKZ0DCDQ9B,01JH6N35GGMKBDDBGV29YY11EH,2025-01-09T23:47:45.560870373Z,01JH6N35GRM0FY6K39X87EGQQD,2025-01-09T23:47:45.560870373Z,01JH6QA873SC6MWARS056NN05W,2025-01-09T23:47:45.560870373Z
01JH6SY9S2Q5T122KF5MYDJ0GY,01JH6RKN04Q2PWN0VFFQCAENR5,2025-01-10T00:31:03.458276816Z,01JH6RKN1SRZ4EN4AXR8RSPF05,2025-01-10T00:31:03.458276816Z,01JH6SJ92BNMNKXS3P31X129TK,2025-01-10T00:31:03.458276816Z
01JH6T2YKYF1FQYB5NK8JNJX0X,01JH6RKME1AXBRAS53WAJ202RS,2025-01-10T00:33:35.870824753Z,01JH6RKMFKDE2E97RT1CNEVN23,2025-01-10T00:33:35.870824753Z,01JH6SJ9P5KQPA15VC05VDW06G,2025-01-10T00:33:35.870824753Z
01JH6XQN0610SCY0PWHVTFKQSN,01JH6VM8B7Q0XFZ5YK6BRT1C4V,2025-01-10T01:37:19.878520532Z,01JH6VM8D8Y12SQMNYD8F0G665,2025-01-10T01:37:19.878520532Z,01JH6X5KPDHYF8X4VNERN60R9B,2025-01-10T01:37:19.878520532Z
01JH6PTJ3RK053SWS58RXS9EHZ,01JH6N37MWS53T3C7H5MX9W66T,2025-01-09T23:36:35.192032797Z,01JH6N37N43Q9TY7HAC2F0HV5N,2025-01-09T23:36:35.192032797Z,01JH6PKRH758Y4KBMBE9BJP3XJ,2025-01-09T23:36:35.192032797Z
01JH6Q1Q1M0B3HN5YHVVE4YCMK,01JH6N373KE53Q3ESEM7AN5AB5,2025-01-09T23:40:29.620299162Z,01JH6N3743G9G1JX5K0Z20N74V,2025-01-09T23:40:29.620299162Z,01JH6PE5Q604Y10X5PK0WVXY1W,2025-01-09T23:40:29.620299162Z
01JH6QVP49XRHSA69Z741ER9TM,01JH6N34BAT5TFZPMNQ8J884B1,2025-01-09T23:54:40.649976048Z,01JH6N34BK7K85MW7VYM5XBZC2,2025-01-09T23:54:40.649976048Z,01JH6QC07B5RNQBEPN074SASSC,2025-01-09T23:54:40.649976048Z
01JH6QVP4HYRYHV7V1A3VYTC7P,01JH6N34BAT5TFZPMNQ8J884B1,2025-01-09T23:54:40.657589559Z,01JH6N34BK7K85MW7VYM5XBZC2,2025-01-09T23:54:40.657589559Z,01JH6QE51Q5A4H3C83DSV0FRGX,2025-01-09T23:54:40.657589559Z
01JH6R2TT6A0RK4B4ACG5MHM6V,01JH6N33SQWEDYES9VX609BB0K,2025-01-09T23:58:34.8229548Z,01JH6N33T81R0VMPWM1Z1K4PVE,2025-01-09T23:58:34.8229548Z,01JH6Q2QAN5A7RJMM0C208HW96,2025-01-09T23:58:34.8229548Z
01JH6VZAMYZTXHEJNBAG4BKA48,01JH6V2X6CF2SDSSSC6SKP18DR,2025-01-10T01:06:34.270146268Z,01JH6V2X8Z6RH6D0NP9BG7J98Y,2025-01-10T01:06:34.270146268Z,01JH6VQ9W75RYKHT304W36H49N,2025-01-10T01:06:34.270146268Z
01JH6XVNNJ211ZT6ZRQDVXCB59,01JH6VM7R0YW69S3E075406Z2S,2025-01-10T01:39:31.634115344Z,01JH6VM7TXZ5HY73SVJDN4H9T2,2025-01-10T01:39:31.634115344Z,01JH6WQJT7GTZ1SGNB37PZD5PE,2025-01-10T01:39:31.634115344Z
01JH6MQTK7ZMWPZ9SGRN3MANYE,01JH6MCMC83CZG16XMSMBMP1T5,2025-01-09T23:00:08.423492958Z,01JH6MCMCH0Q0WGC8HNS0PX5BC,2025-01-09T23:00:08.423492958Z,01JH6MEHKCVR0GF7WTGFCZ6BVC,2025-01-09T23:00:08.423492958Z
01JH6QF0R1J1YW9FEYEVRTWTMA,01JH6N35GGMKBDDBGV29YY11EH,2025-01-09T23:47:45.53800572Z,01JH6N35GRM0FY6K39X87EGQQD,2025-01-09T23:47:45.53800572Z,01JH6NRH5A601TVH9EM5KFTVWY,2025-01-09T23:47:45.53800572Z
01JH6V0NZ83J43NMVH7X9NS8TB,01JH6RKHH8DRMPKM7YG94D9NWK,2025-01-10T00:49:50.056949503Z,01JH6RKHJR2EFJ6K54EWAKQXGS,2025-01-10T00:49:50.056949503Z,01JH6TMZ6NHG2N5VD2F4DM2AQC,2025-01-10T00:49:50.056949503Z
01JH6PTJ3DPS0T1ZT1MQS35ER7,01JH6N37MWS53T3C7H5MX9W66T,2025-01-09T23:36:35.181620238Z,01JH6N37N43Q9TY7HAC2F0HV5N,2025-01-09T23:36:35.181620238Z,01JH6PE2XXWBD5BNNZ2HHEM8PF,2025-01-09T23:36:35.181620238Z
01JH6P0NC06HA3XDNCGFWYX0XK,01JH6N3B2ZW9NKC6DH61J7TVNY,2025-01-09T23:22:26.56008688Z,01JH6N3B3815V7P35V26N3F3B4,2025-01-09T23:22:26.56008688Z,01JH6N69537QKPPEPK0BGW9987,2025-01-09T23:22:26.56008688Z
01JH6P0NC1T22GC6CHG01GCSKJ,01JH6N3B2ZW9NKC6DH61J7TVNY,2025-01-09T23:22:26.561627994Z,01JH6N3B3815V7P35V26N3F3B4,2025-01-09T23:22:26.561627994Z,01JH6NRPSP1TY5Q89ZYNT99ET1,2025-01-09T23:22:26.561627994Z
01JH6P24CEQTA99Q8BH21NS6Y4,01JH6N3AGM6Z3CXHXC2XC1NDYV,2025-01-09T23:23:14.702646273Z,01JH6N3AGYHRR277R99NMV3A0Y,2025-01-09T23:23:14.702646273Z,01JH6NT0QNQ6ZXXPEG5XNFPRGR,2025-01-09T23:23:14.702646273Z
01JH6SGBD0BAV8XPEWHA3YY6J8,01JH6RKPPMEBYJ3N5Y4WX7QR47,2025-01-10T00:23:26.368113233Z,01JH6RKPR804HF7XRH59JG6APP,2025-01-10T00:23:26.368113233Z,01JH6S878Y2F6BB4R4B2W8DGF4,2025-01-10T00:23:26.368113233Z
01JH6SGBFMRR21E1Y1ABQQ3V1A,01JH6RKPPMEBYJ3N5Y4WX7QR47,2025-01-10T00:23:26.453014973Z,01JH6RKPR804HF7XRH59JG6APP,2025-01-10T00:23:26.453014973Z,01JH6S9AP8NZ2KDMQM6TPBA3W3,2025-01-10T00:23:26.453014973Z
01JH6STPMA76EVA8EA4SE3AGDV,01JH6RKNJRXVP0EZV9GESKF8VP,2025-01-10T00:29:05.546912386Z,01JH6RKNMBMFBHCXNSTGWCQ0TW,2025-01-10T00:29:05.546912386Z,01JH6SPQ7J3BCAS18Q64TWSW01,2025-01-10T00:29:05.546912386Z
01JH6SY9SJQ21A1VED8RG3W1HJ,01JH6RKN04Q2PWN0VFFQCAENR5,2025-01-10T00:31:03.475162681Z,01JH6RKN1SRZ4EN4AXR8RSPF05,2025-01-10T00:31:03.475162681Z,01JH6SKSHK22Y8V6RPKKK39571,2025-01-10T00:31:03.475162681Z
01JH6N2WDGGGPP9BC280YQE7JS,01JH6MCJ55E2ENG5WFJKVVYGGS,2025-01-09T23:06:10.736782576Z,01JH6MCJ5J1FESW1H8V4DS0EMR,2025-01-09T23:06:10.736782576Z,01JH6MVHZ88B652P1YZZX1PADT,2025-01-09T23:06:10.736782576Z
01JH6WK45D6ZYKJKP2QHSQECP2,01JH6VMAJVCFCJ9W2B8Q9EZH7P,2025-01-10T01:17:22.98950842Z,01JH6VMAN0S8D2F1VMJZ5BBK9Y,2025-01-10T01:17:22.98950842Z,01JH6WAP1CY7XPYJYFKSCJ8G2R,2025-01-10T01:17:22.98950842Z
01JH6XHGRR7J3ED47DYER7Y0MA,01JH6VM8Z3SHAQE3VNR61MH3SB,2025-01-10T01:33:58.936782433Z,01JH6VM92389NVYM9NH7284BKX,2025-01-10T01:33:58.936782433Z,01JH6WDP0RP57TK5K6PP5PAS5K,2025-01-10T01:33:58.936782433Z
01JH6V0NYNZ4BFV92C9AXVB5M4,01JH6RKHH8DRMPKM7YG94D9NWK,2025-01-10T00:49:50.037988415Z,01JH6RKHJR2EFJ6K54EWAKQXGS,2025-01-10T00:49:50.037988415Z,01JH6TE9PX8A73PKRXV2QVWBEG,2025-01-10T00:49:50.037988415Z
01JH6R6GF6HW36WNPA16SJ095F,01JH6N338WG6H8NSHEB5EPSSRW,2025-01-10T00:00:35.302677258Z,01JH6N33943WW42B9SA5XF4T2Y,2025-01-10T00:00:35.302677258Z,01JH6QD67J15YNHAJT9MKYNAWD,2025-01-10T00:00:35.302677258Z
01JH6VFY06B2PYYTS1N34E68ZJ,01JH6RK29GBMEA5K6XF1XGNRRH,2025-01-10T00:58:09.798713042Z,01JH6RK2B0ZP83XJH8T0X6AQTB,2025-01-10T00:58:09.798713042Z,01JH6TFRA30DKFJYCF7QDZYBT7,2025-01-10T00:58:09.798713042Z
01JH6PN29CNYJZ093E313RQB9Q,01JH6N38SEQGAZ7QMVEDN2JA95,2025-01-09T23:33:35.148470806Z,01JH6N38SQKRZXBDJ2ZEZP5958,2025-01-09T23:33:35.148470806Z,01JH6PDQDVYXZV1T97ZDN8J70W,2025-01-09T23:33:35.148470806Z
01JH6SQYD5HZ41S04KKWB73W17,01JH6RKP5K1E2CKHW3613HT0YT,2025-01-10T00:27:35.205709096Z,01JH6RKP6R6V9YRX50D8NHPRN6,2025-01-10T00:27:35.205709096Z,01JH6S8MF57Y0QRAA3DNT2FQVD,2025-01-10T00:27:35.205709096Z
01JH6SQYDMQ0B70TG3Y5T0X7DW,01JH6RKP5K1E2CKHW3613HT0YT,2025-01-10T00:27:35.22073496Z,01JH6RKP6R6V9YRX50D8NHPRN6,2025-01-10T00:27:35.22073496Z,01JH6S95MTNGK2PJFSEV2B5NX2,2025-01-10T00:27:35.22073496Z
01JH6TKAY8YSNNSYYNHZEVNS77,01JH6RKJM3BK4MTSQ4V6W26Y53,2025-01-10T00:42:32.776646666Z,01JH6RKJNHWW9DXY4B471M1HD8,2025-01-10T00:42:32.776646666Z,01JH6T69WKF9BTXQ6CM7BCEABC,2025-01-10T00:42:32.776646666Z
01JH6TKAYV5M6TEAPHD1X0B30A,01JH6RKJM3BK4MTSQ4V6W26Y53,2025-01-10T00:42:32.795508306Z,01JH6RKJNHWW9DXY4B471M1HD8,2025-01-10T00:42:32.795508306Z,01JH6TDD18DH1T5ATX6DAMG7K3,2025-01-10T00:42:32.795508306Z
01JH6TKAZD98V989D5VX3NVBYY,01JH6RKJM3BK4MTSQ4V6W26Y53,2025-01-10T00:42:32.813765163Z,01JH6RKJNHWW9DXY4B471M1HD8,2025-01-10T00:42:32.813765163Z,01JH6TDZTMB0FNX6M82MGHHTXN,2025-01-10T00:42:32.813765163Z
01JH6VFXZF03VZWJ3041XQRYH6,01JH6RK29GBMEA5K6XF1XGNRRH,2025-01-10T00:58:09.775929273Z,01JH6RK2B0ZP83XJH8T0X6AQTB,2025-01-10T00:58:09.775929273Z,01JH6TCPGBP786P5K9DVN3C7QN,2025-01-10T00:58:09.775929273Z
01JH6QVP4SEM8185JJ2DD8GJEE,01JH6N34BAT5TFZPMNQ8J884B1,2025-01-09T23:54:40.665372549Z,01JH6N34BK7K85MW7VYM5XBZC2,2025-01-09T23:54:40.665372549Z,01JH6QGG6E7HQJBMKGYRTR97CQ,2025-01-09T23:54:40.665372549Z
01JH6QJF08YM24HVR6SZWRBX5Z,01JH6N34WX3Z2658X0DW5PR3N3,2025-01-09T23:49:38.440600891Z,01JH6N34X5M5P7Z81JEPYZ1FYC,2025-01-09T23:49:38.440600891Z,01JH6QAA3SF81B2Y7PCPW25175,2025-01-09T23:49:38.440600891Z
01JH6R2TV1G99KCM2T0D6GE95H,01JH6N33SQWEDYES9VX609BB0K,2025-01-09T23:58:34.849434117Z,01JH6N33T81R0VMPWM1Z1K4PVE,2025-01-09T23:58:34.849434117Z,01JH6QSTWK0RYARAC9E819QZD8,2025-01-09T23:58:34.849434117Z
01JH6VZAJFXWCAXSW9NM0FRYRA,01JH6V2X6CF2SDSSSC6SKP18DR,2025-01-10T01:06:34.191778929Z,01JH6V2X8Z6RH6D0NP9BG7J98Y,2025-01-10T01:06:34.191778929Z,01JH6VPBA94D2N4MA8C1A0CAHW,2025-01-10T01:06:34.191778929Z
01JH6X5WQ9H3V2PT45D2JHV86S,01JH6VM9GXEPT4J88JHA1VBX5Q,2025-01-10T01:27:37.962011027Z,01JH6VM9KTR8W1KJYPHA9GPZXZ,2025-01-10T01:27:37.962011027Z,01JH6WR6EN9HB9R9Y1DRJ30P3E,2025-01-10T01:27:37.962011027Z
01JH6QF0RAMP6ZHSGY23RXPFTP,01JH6N35GGMKBDDBGV29YY11EH,2025-01-09T23:47:45.54682556Z,01JH6N35GRM0FY6K39X87EGQQD,2025-01-09T23:47:45.54682556Z,01JH6Q3XDEVMQXHP8KBK7XS9VB,2025-01-09T23:47:45.54682556Z
01JH6TWF918F64BGXS1JPW1EGR,01JH6RKJ2SKX5620TZ297Y58C9,2025-01-10T00:47:32.12934243Z,01JH6RKJ3WZ5E56FEMXCHPK1QC,2025-01-10T00:47:32.12934243Z,01JH6TBH6FPF29YGRGB484A5ZA,2025-01-10T00:47:32.12934243Z
01JH6W9TTYS2TH6S84VJ38ZT57,01JH6VMB5WGA2RB6MNY6RMY2GY,2025-01-10T01:12:18.526602077Z,01JH6VMB8VWQ2WPCQHTDJBSGHG,2025-01-10T01:12:18.526602077Z,01JH6VKVMKCN3K9EN1453NNRKA,2025-01-10T01:12:18.526602077Z
01JH6XQN00EDEPTS29AVHWS3R8,01JH6VM8B7Q0XFZ5YK6BRT1C4V,2025-01-10T01:37:19.872370817Z,01JH6VM8D8Y12SQMNYD8F0G665,2025-01-10T01:37:19.872370817Z,01JH6WK84RDQZNR3MVCHDTRB4Y,2025-01-10T01:37:19.872370817Z
01JH6P8KZHMRJ6J4FY8A05GAGV,01JH6N39Z9X9N8WPSSQY296EKW,2025-01-09T23:26:47.281856315Z,01JH6N39ZH806RKTXTRGXYK569,2025-01-09T23:26:47.281856315Z,01JH6P3WCQQ365J7X3NYXVW0Q4,2025-01-09T23:26:47.281856315Z
01JH6N2WDHPVFBG5SSYKM63TFV,01JH6MCJ55E2ENG5WFJKVVYGGS,2025-01-09T23:06:10.737063612Z,01JH6MCJ5J1FESW1H8V4DS0EMR,2025-01-09T23:06:10.737063612Z,01JH6MXTWJFZZJVCNB8GNHCC0B,2025-01-09T23:06:10.737063612Z
01JH6P24CBGKV6QP79SYVPBDPE,01JH6N3AGM6Z3CXHXC2XC1NDYV,2025-01-09T23:23:14.699878711Z,01JH6N3AGYHRR277R99NMV3A0Y,2025-01-09T23:23:14.699878711Z,01JH6NS9CB3TX4GBV8NAA401RT,2025-01-09T23:23:14.699878711Z
01JH6PRM3WSN24W5F0QYFD5EFP,01JH6N387KNJX6TJW7KX51TGAA,2025-01-09T23:35:31.708442474Z,01JH6N387WPVZ8G2625ZPCC2HT,2025-01-09T23:35:31.708442474Z,01JH6P3CGQCYF7T7G27NG28FT8,2025-01-09T23:35:31.708442474Z
01JH6RS43B9B3GZVGBWW75NPWP,01JH6N325J7DDMQ89WVERYD8MK,2025-01-10T00:10:45.227785065Z,01JH6N325X6GMYQ6AMQY3C3DD5,2025-01-10T00:10:45.227785065Z,01JH6QTY7NQNXD7Q6XMQ4QSP95,2025-01-10T00:10:45.227785065Z
01JH6S539TVBGZVJ1JAMR4BTZE,01JH6N318ABT84ZZ32HJ8MWC04,2025-01-10T00:17:17.626179972Z,01JH6N318NS9ZQC1AAXWFNTGXC,2025-01-10T00:17:17.626179972Z,01JH6R0PMB27D2PTN3WBNMJ7Q6,2025-01-10T00:17:17.626179972Z
01JH6VZAK9C4Y3A1V59CY6FN3V,01JH6V2X6CF2SDSSSC6SKP18DR,2025-01-10T01:06:34.217304257Z,01JH6V2X8Z6RH6D0NP9BG7J98Y,2025-01-10T01:06:34.217304257Z,01JH6VPBEGR24XH3HZGCESVP40,2025-01-10T01:06:34.217304257Z
01JH6W566W88ZKMGV7MR41BK1A,01JH6VMBPFK7BXCR92NS2RRPRV,2025-01-10T01:09:46.332256654Z,01JH6VMBRQ75HC05JB1HN7HRMX,2025-01-10T01:09:46.332256654Z,01JH6VNEVMHJV77KPX6WXDZSA4,2025-01-10T01:09:46.332256654Z
01JH6MQTK7ZMWPZ9SGRJZFSRK9,01JH6MCMC83CZG16XMSMBMP1T5,2025-01-09T23:00:08.423356691Z,01JH6MCMCH0Q0WGC8HNS0PX5BC,2025-01-09T23:00:08.423356691Z,01JH6MDZ458J12Y4MT2P25G7Q7,2025-01-09T23:00:08.423356691Z
01JH6STPJK9SCA623CMGM6XJTD,01JH6RKNJRXVP0EZV9GESKF8VP,2025-01-10T00:29:05.491397944Z,01JH6RKNMBMFBHCXNSTGWCQ0TW,2025-01-10T00:29:05.491397944Z,01JH6S8P22E35H4QX3ZD4WAFC7,2025-01-10T00:29:05.491397944Z
01JH6WK43MHKV00QZJS2YJ6970,01JH6VMAJVCFCJ9W2B8Q9EZH7P,2025-01-10T01:17:22.933005707Z,01JH6VMAN0S8D2F1VMJZ5BBK9Y,2025-01-10T01:17:22.933005707Z,01JH6W93AF56G338K5RWX2WCNV,2025-01-10T01:17:22.933005707Z
01JH6RD9S099SCS27EF14PWEK3,01JH6N32QX3B0E4A8WWZFW1J4T,2025-01-10T00:04:17.824128803Z,01JH6N32R6X3N4GCJNSYJC2MJS,2025-01-10T00:04:17.824128803Z,01JH6QT0ASNA78T8SH65AD5CD4,2025-01-10T00:04:17.824128803Z
01JH6P8KZDNW60J3EHK3APMZH2,01JH6N39Z9X9N8WPSSQY296EKW,2025-01-09T23:26:47.277942737Z,01JH6N39ZH806RKTXTRGXYK569,2025-01-09T23:26:47.277942737Z,01JH6NSH4VH0MMXJ9YGEQQ9AKF,2025-01-09T23:26:47.277942737Z
01JH6PDE6QDSN3T4NCTWYB6CJW,01JH6N39CWGSD9RR06TPM3X4KG,2025-01-09T23:29:25.207051942Z,01JH6N39D86CM3Q0A62B1P07K1,2025-01-09T23:29:25.207051942Z,01JH6P3A3ZZQ9GM7K6NEH96MQX,2025-01-09T23:29:25.207051942Z
01JH6PRM42GK9Y1WFPDQMFKF11,01JH6N387KNJX6TJW7KX51TGAA,2025-01-09T23:35:31.714931544Z,01JH6N387WPVZ8G2625ZPCC2HT,2025-01-09T23:35:31.714931544Z,01JH6PD7CW0EQPFW796RBTZ6TN,2025-01-09T23:35:31.714931544Z
01JH6R2TTFQZ3QQ7Q4GT1F123K,01JH6N33SQWEDYES9VX609BB0K,2025-01-09T23:58:34.831622616Z,01JH6N33T81R0VMPWM1Z1K4PVE,2025-01-09T23:58:34.831622616Z,01JH6QS81R3VRR8Q7X54VCFG2M,2025-01-09T23:58:34.831622616Z
01JH6S538YDTYEKSQVJA3G5DZY,01JH6N318ABT84ZZ32HJ8MWC04,2025-01-10T00:17:17.598957962Z,01JH6N318NS9ZQC1AAXWFNTGXC,2025-01-10T00:17:17.598957962Z,01JH6Q4S248500S92CEP4JQZ4Z,2025-01-10T00:17:17.598957962Z
01JH6WRRFM06B2VJS65S0FXRXN,01JH6VMA1XY9ZJMYQBERC6D2M7,2025-01-10T01:20:27.636342669Z,01JH6VMA4119E650M4NNGYTS1C,2025-01-10T01:20:27.636342669Z,01JH6WBZQD7N80SX3FDPP1N2ZM,2025-01-10T01:20:27.636342669Z
01JH6MQTK7ZMWPZ9SGRV25SY80,01JH6MCMC83CZG16XMSMBMP1T5,2025-01-09T23:00:08.423587457Z,01JH6MCMCH0Q0WGC8HNS0PX5BC,2025-01-09T23:00:08.423587457Z,01JH6MF3X8CDPEJN5VGT1F0Y0D,2025-01-09T23:00:08.423587457Z
01JH6SGBDFPYV2SHCRHAE5S7BD,01JH6RKPPMEBYJ3N5Y4WX7QR47,2025-01-10T00:23:26.38371919Z,01JH6RKPR804HF7XRH59JG6APP,2025-01-10T00:23:26.38371919Z,01JH6S8H7NHKSD1FWY2KT57H6C,2025-01-10T00:23:26.38371919Z
01JH6SQYE5DD2EMRA6W94QZHBH,01JH6RKP5K1E2CKHW3613HT0YT,2025-01-10T00:27:35.237398016Z,01JH6RKP6R6V9YRX50D8NHPRN6,2025-01-10T00:27:35.237398016Z,01JH6S9V90NZ70DP8SG2W7XJK2,2025-01-10T00:27:35.237398016Z
01JH6T2YN7SGSDWM7AMFA4SZ41,01JH6RKME1AXBRAS53WAJ202RS,2025-01-10T00:33:35.911436763Z,01JH6RKMFKDE2E97RT1CNEVN23,2025-01-10T00:33:35.911436763Z,01JH6SX6T407F6YD7CCS0EA59P,2025-01-10T00:33:35.911436763Z
01JH6WRRCGBCMGV1Y1AJH1JJ13,01JH6VMA1XY9ZJMYQBERC6D2M7,2025-01-10T01:20:27.536998894Z,01JH6VMA4119E650M4NNGYTS1C,2025-01-10T01:20:27.536998894Z,01JH6WB86G4C2MVD5FG03AR813,2025-01-10T01:20:27.536998894Z
01JH6R6GFTFZSFMXQVYCMYM2P6,01JH6N338WG6H8NSHEB5EPSSRW,2025-01-10T00:00:35.323013494Z,01JH6N33943WW42B9SA5XF4T2Y,2025-01-10T00:00:35.323013494Z,01JH6QSZ27BT9N1B68P5AK2E7S,2025-01-10T00:00:35.323013494Z
01JH6NJAT73W6GDDQGYBEJHRGA,01JH6M4T8NCJSRNWB4N6A9QMES,2025-01-09T23:14:36.999904784Z,01JH6M4T8ZMRBNN8MGQMJX544Y,2025-01-09T23:14:36.999904784Z,01JH6N508R5B3FYBAV45VR50F7,2025-01-09T23:14:36.999904784Z
01JH6RD9SARN9SEFYM1F255P3B,01JH6N32QX3B0E4A8WWZFW1J4T,2025-01-10T00:04:17.834771703Z,01JH6N32R6X3N4GCJNSYJC2MJS,2025-01-10T00:04:17.834771703Z,01JH6QTED80ZPH2VN9Z5R36SPW,2025-01-10T00:04:17.834771703Z
01JH6WRREQR06HWA38Z5PAN5D0,01JH6VMA1XY9ZJMYQBERC6D2M7,2025-01-10T01:20:27.607629716Z,01JH6VMA4119E650M4NNGYTS1C,2025-01-10T01:20:27.607629716Z,01JH6WBQZVKAPXAAH8SCJ6WPZY,2025-01-10T01:20:27.607629716Z
01JH6N2WDGGGPP9BC27V590BCS,01JH6MCJ55E2ENG5WFJKVVYGGS,2025-01-09T23:06:10.736464551Z,01JH6MCJ5J1FESW1H8V4DS0EMR,2025-01-09T23:06:10.736464551Z,01JH6MM449KYSDYSCC8G0HR7DG,2025-01-09T23:06:10.736464551Z
01JH6W564ED49SAC8NKBZ9TYHX,01JH6VMBPFK7BXCR92NS2RRPRV,2025-01-10T01:09:46.254247638Z,01JH6VMBRQ75HC05JB1HN7HRMX,2025-01-10T01:09:46.254247638Z,01JH6VJYA6HRRC4P9QMX4R1F1P,2025-01-10T01:09:46.254247638Z
01JH6WK42JS0NR4HAWZG2FHVB1,01JH6VMAJVCFCJ9W2B8Q9EZH7P,2025-01-10T01:17:22.898774217Z,01JH6VMAN0S8D2F1VMJZ5BBK9Y,2025-01-10T01:17:22.898774217Z,01JH6W12JMCSB4BBVDJHJQ7M4T,2025-01-10T01:17:22.898774217Z
01JH6X5WQQDNS2JQWZP1TWKK0Q,01JH6VM9GXEPT4J88JHA1VBX5Q,2025-01-10T01:27:37.975565927Z,01JH6VM9KTR8W1KJYPHA9GPZXZ,2025-01-10T01:27:37.975565927Z,01JH6WDJATP6SS1QBJSE2QZHMP,2025-01-10T01:27:37.975565927Z
01JH6XHGRJXB56FE7MB63AREXJ,01JH6VM8Z3SHAQE3VNR61MH3SB,2025-01-10T01:33:58.930521063Z,01JH6VM92389NVYM9NH7284BKX,2025-01-10T01:33:58.930521063Z,01JH6WCT6D1MEZ85EWGSMZQTEV,2025-01-10T01:33:58.930521063Z
01JH6QJF0GVVSKC9EWN9KHYEGB,01JH6N34WX3Z2658X0DW5PR3N3,2025-01-09T23:49:38.448097494Z,01JH6N34X5M5P7Z81JEPYZ1FYC,2025-01-09T23:49:38.448097494Z,01JH6QACHNH8XS7HKNSDS0NTGX,2025-01-09T23:49:38.448097494Z
