﻿id,batchID,batchIDLastChangedAt,gameID,gameIDLastChangedAt,playerID,playerIDLastChangedAt
01HWE2RTS7A5REZ6081XB4DARZ,01HWE21TS1F71GTVEYMTP8KCJQ,2024-04-26T20:50:24.167106094Z,01HWE21TSBGYD1J8WMBWFWMYH0,2024-04-26T20:50:24.167106094Z,01HWE2BJRE2HRZ30BWE37E0812,2024-04-26T20:50:24.167106094Z
01HWE2RTSDMGNNG6588QNDJMTB,01HWE21TS1F71GTVEYMTP8KCJQ,2024-04-26T20:50:24.17352632Z,01HWE21TSBGYD1J8WMBWFWMYH0,2024-04-26T20:50:24.17352632Z,01HWE2D830HD2AGKCHDS5T67A1,2024-04-26T20:50:24.17352632Z
01HWE2RTSM9SANQYE198DJY1XN,01HWE21TS1F71GTVEYMTP8KCJQ,2024-04-26T20:50:24.180631913Z,01HWE21TSBGYD1J8WMBWFWMYH0,2024-04-26T20:50:24.180631913Z,01HWE2K4P42T602HAS5TC1R4HT,2024-04-26T20:50:24.180631913Z
01HWE2RTSTG8ABV5P6QFVGS0JD,01HWE21TS1F71GTVEYMTP8KCJQ,2024-04-26T20:50:24.186230072Z,01HWE21TSBGYD1J8WMBWFWMYH0,2024-04-26T20:50:24.186230072Z,01HWE2KHXSQ44FPJAKC5XRBSG9,2024-04-26T20:50:24.186230072Z
01HWE37W7PEZ0A2JRXZGRFM3J3,01HWE2RYC3WSR576QJJMA7YG8X,2024-04-26T20:58:37.17435006Z,01HWE2RYCC39QCVNWDZQ83Y290,2024-04-26T20:58:37.17435006Z,01HWE2Y2PAVDSWJCNAAKYSDWR3,2024-04-26T20:58:37.17435006Z
01HWE37W82E770HJDQEKGQTAV1,01HWE2RYC3WSR576QJJMA7YG8X,2024-04-26T20:58:37.186336837Z,01HWE2RYCC39QCVNWDZQ83Y290,2024-04-26T20:58:37.186336837Z,01HWE2YM1N9693J8T85YKWQVN4,2024-04-26T20:58:37.186336837Z
01HWE37W888W6YM9829GPAN4EH,01HWE2RYC3WSR576QJJMA7YG8X,2024-04-26T20:58:37.193004115Z,01HWE2RYCC39QCVNWDZQ83Y290,2024-04-26T20:58:37.193004115Z,01HWE2YT2N5BVVBGG3354C286K,2024-04-26T20:58:37.193004115Z
01HWE37W8FTQANQR6KJP0XH9B2,01HWE2RYC3WSR576QJJMA7YG8X,2024-04-26T20:58:37.199657637Z,01HWE2RYCC39QCVNWDZQ83Y290,2024-04-26T20:58:37.199657637Z,01HWE341BFDADAJ6CWQFNV5N12,2024-04-26T20:58:37.199657637Z
01HWE3B7E46ZZCTYHTJRGWY7W4,01HWE2YYEYHTJ1HWVW73N9JHFC,2024-04-26T21:00:26.948946681Z,01HWE2YYFC7E70Q6D0G2DP4QGR,2024-04-26T21:00:26.948946681Z,01HWE2Z6C0W77S7GV7WHFQ58RA,2024-04-26T21:00:26.948946681Z
01HWE3B7E9Z6SKZH4AB82245TG,01HWE2YYEYHTJ1HWVW73N9JHFC,2024-04-26T21:00:26.953202523Z,01HWE2YYFC7E70Q6D0G2DP4QGR,2024-04-26T21:00:26.953202523Z,01HWE30FBEMMQDWJGWHTPNAM0M,2024-04-26T21:00:26.953202523Z
01HWE3B7EDGWHPG41J0XBFWTF2,01HWE2YYEYHTJ1HWVW73N9JHFC,2024-04-26T21:00:26.957431022Z,01HWE2YYFC7E70Q6D0G2DP4QGR,2024-04-26T21:00:26.957431022Z,01HWE310XCBQHZ00YD3TN2PFQ2,2024-04-26T21:00:26.957431022Z
01HWE3B7EH2W6F7AHX1RZBBBZD,01HWE2YYEYHTJ1HWVW73N9JHFC,2024-04-26T21:00:26.961179247Z,01HWE2YYFC7E70Q6D0G2DP4QGR,2024-04-26T21:00:26.961179247Z,01HWE336QCSMY12NZ7QHBHFRTK,2024-04-26T21:00:26.961179247Z
01HWE3N7BG21E43YXQATB8EV0B,01HWE3CGR8JCW6HT53V6BN35M7,2024-04-26T21:05:54.544200612Z,01HWE3CGRP2AFHTDN15QRTEHP9,2024-04-26T21:05:54.544200612Z,01HWE3CR8QAYX50ZM3065R2P1X,2024-04-26T21:05:54.544200612Z
01HWE3N7BQAT1PQQG54F65GWS7,01HWE3CGR8JCW6HT53V6BN35M7,2024-04-26T21:05:54.551670969Z,01HWE3CGRP2AFHTDN15QRTEHP9,2024-04-26T21:05:54.551670969Z,01HWE3ET0XYR51M29G8TK2HFC4,2024-04-26T21:05:54.551670969Z
01HWE3N7BY237BM30669T2CFA4,01HWE3CGR8JCW6HT53V6BN35M7,2024-04-26T21:05:54.558251096Z,01HWE3CGRP2AFHTDN15QRTEHP9,2024-04-26T21:05:54.558251096Z,01HWE3EY81VNBY1G48DN5SXM88,2024-04-26T21:05:54.558251096Z
01HWE3N7C4V9KGWDYN120H5GPB,01HWE3CGR8JCW6HT53V6BN35M7,2024-04-26T21:05:54.564491375Z,01HWE3CGRP2AFHTDN15QRTEHP9,2024-04-26T21:05:54.564491375Z,01HWE3F174B88HQPCPZGG0ABJX,2024-04-26T21:05:54.564491375Z
01HWE3RV77K54XK4EYNCF13TMB,01HWE3KPA5326EMSR8YHP9MX1B,2024-04-26T21:07:53.19122171Z,01HWE3KPAH8XJ8RCJKNM7XWY28,2024-04-26T21:07:53.19122171Z,01HWE3CZ171N6GFV6J581N5A59,2024-04-26T21:07:53.19122171Z
01HWE3RV7GNDPZYE7NXDBMZ3JB,01HWE3KPA5326EMSR8YHP9MX1B,2024-04-26T21:07:53.200725143Z,01HWE3KPAH8XJ8RCJKNM7XWY28,2024-04-26T21:07:53.200725143Z,01HWE3FCEPM106P81B6HY2NYQE,2024-04-26T21:07:53.200725143Z
01HWE3RV7R4M4MEC3GJQM3BG6B,01HWE3KPA5326EMSR8YHP9MX1B,2024-04-26T21:07:53.208792876Z,01HWE3KPAH8XJ8RCJKNM7XWY28,2024-04-26T21:07:53.208792876Z,01HWE3HQZ3JZZJF8W83547KZXX,2024-04-26T21:07:53.208792876Z
01HWE3RV80SSFHTG8T61M4ZP5N,01HWE3KPA5326EMSR8YHP9MX1B,2024-04-26T21:07:53.216914162Z,01HWE3KPAH8XJ8RCJKNM7XWY28,2024-04-26T21:07:53.216914162Z,01HWE3HT5W13JRQ3MM7RHW5H0B,2024-04-26T21:07:53.216914162Z
