id,avatar,avatarLastChangedAt,emojiArray,emojiArrayLastChangedAt,ended,endedLastChangedAt,exitStep,exitStepLastChangedAt,exitSurvey,exitSurveyLastChangedAt,gameID,gameIDLastChangedAt,intro,introLastChangedAt,introDone,introDoneLastChangedAt,name,nameLastChangedAt,participantID,participantIDLastChangedAt,participantIdentifier,participantIdentifierLastChangedAt,recipient,recipientLastChangedAt,treatment,treatmentLastChangedAt,treatmentName,treatmentNameLastChangedAt,urlParams,urlParamsLastChangedAt
01JD35CHTQVENCAZFWDM5S93XV,https://api.dicebear.com/9.x/personas/svg?seed=01JD35CHTQVENCAZFWDM5S93XV,2024-11-19T21:34:16.227887477Z,"[""🐿️"",""                                   ""]",2024-11-19T21:34:16.227887477Z,game ended,2024-11-19T21:42:48.315985404Z,1,2024-11-19T21:42:50.868672494Z,"{""usedCalculator"":""no""}",2024-11-19T21:42:50.869126643Z,01JD35AYC7K350PRPEQMH3F99C,2024-11-19T21:31:19.777643021Z,4,2024-11-19T21:31:57.724023896Z,true,2024-11-19T21:31:59.477149743Z,player 1,2024-11-19T21:34:16.227887477Z,01JD35CHSEPCYX5T2H8CPTQC9V,2024-11-19T21:31:19.767914507Z,egfd,2024-11-19T21:31:19.767914507Z,01JD35H2T964091GQK6NP424D5,2024-11-19T21:41:48.14436Z,"{""condition"":""interactive"",""opinion"":""slider"",""playerCount"":4,""sliderDirection"":""SquirrelsRabbits""}",2024-11-19T21:31:19.777643021Z,trial_0_SR_text,2024-11-19T21:31:19.777643021Z,{},2024-11-19T21:31:19.804196944Z
01JD35EE9RZQ012GXKYWD0QZAQ,https://api.dicebear.com/9.x/personas/svg?seed=01JD35EE9RZQ012GXKYWD0QZAQ,2024-11-19T21:34:16.227887477Z,"[""🐇"",""🐇"",""🐇"",""🐇"",""🐿️"",""🐇"",""🐇"",""🐇"",""🐇"",""🐇"",""🐿️"",""🐇"",""🐇"",""🐇"",""                                   ""]",2024-11-19T21:34:16.227887477Z,game ended,2024-11-19T21:42:48.315985404Z,1,2024-11-19T21:42:53.259421625Z,"{""usedCalculator"":""no""}",2024-11-19T21:42:53.258920232Z,01JD35AYC7K350PRPEQMH3F99C,2024-11-19T21:32:21.697219286Z,4,2024-11-19T21:32:48.421434509Z,true,2024-11-19T21:32:49.967606145Z,player 2,2024-11-19T21:34:16.227887477Z,01JD35EE85EB34BKQ295ZR8987,2024-11-19T21:32:21.688582014Z,brebeb,2024-11-19T21:32:21.688582014Z,01JD35CHTQVENCAZFWDM5S93XV,2024-11-19T21:41:48.14436Z,"{""condition"":""interactive"",""opinion"":""slider"",""playerCount"":4,""sliderDirection"":""SquirrelsRabbits""}",2024-11-19T21:32:21.697219286Z,trial_0_SR_text,2024-11-19T21:32:21.697219286Z,{},2024-11-19T21:32:21.720061915Z
01JD35FRVNY9E1ZQDJHV7FJQB0,https://api.dicebear.com/9.x/personas/svg?seed=01JD35FRVNY9E1ZQDJHV7FJQB0,2024-11-19T21:34:16.227887477Z,"[""🐿️"",""                                   ""]",2024-11-19T21:34:16.227887477Z,game ended,2024-11-19T21:42:48.315985404Z,1,2024-11-19T21:43:08.811719225Z,"{""usedCalculator"":""yes""}",2024-11-19T21:43:08.812175472Z,01JD35AYC7K350PRPEQMH3F99C,2024-11-19T21:33:05.277099429Z,4,2024-11-19T21:33:32.18249938Z,true,2024-11-19T21:33:33.856694701Z,player 3,2024-11-19T21:34:16.227887477Z,01JD35FRT1DXVEHGTSNHXQJVWY,2024-11-19T21:33:05.269637413Z,rbfv,2024-11-19T21:33:05.269637413Z,01JD35EE9RZQ012GXKYWD0QZAQ,2024-11-19T21:41:48.14436Z,"{""condition"":""interactive"",""opinion"":""slider"",""playerCount"":4,""sliderDirection"":""SquirrelsRabbits""}",2024-11-19T21:33:05.277099429Z,trial_0_SR_text,2024-11-19T21:33:05.277099429Z,{},2024-11-19T21:33:05.296228495Z
01JD35H2T964091GQK6NP424D5,https://api.dicebear.com/9.x/personas/svg?seed=01JD35H2T964091GQK6NP424D5,2024-11-19T21:34:16.227887477Z,"[""🐿️"",""                                   ""]",2024-11-19T21:34:16.227887477Z,game ended,2024-11-19T21:42:48.315985404Z,1,2024-11-19T21:43:03.303036602Z,"{""usedCalculator"":""no""}",2024-11-19T21:43:03.302663753Z,01JD35AYC7K350PRPEQMH3F99C,2024-11-19T21:33:48.243319234Z,4,2024-11-19T21:34:14.40790175Z,true,2024-11-19T21:34:16.167819612Z,player 4,2024-11-19T21:34:16.227887477Z,01JD35H2RTSK3VEP0D929PQVHJ,2024-11-19T21:33:48.233631746Z,rwwrwrbbbbbbbbbbbbbbbbbbb,2024-11-19T21:33:48.233631746Z,01JD35FRVNY9E1ZQDJHV7FJQB0,2024-11-19T21:41:48.14436Z,"{""condition"":""interactive"",""opinion"":""slider"",""playerCount"":4,""sliderDirection"":""SquirrelsRabbits""}",2024-11-19T21:33:48.243319234Z,trial_0_SR_text,2024-11-19T21:33:48.243319234Z,{},2024-11-19T21:33:48.265624741Z
