id,batchID,batchIDLastChangedAt,gameID,gameIDLastChangedAt,playerID,playerIDLastChangedAt,roundID,roundIDLastChangedAt
01JD35PHH2H6C6RFEAK4PA60FA,01JD35AYBVQQVKKTE0Z4BTK0MR,2024-11-19T21:36:47.138909978Z,01JD35AYC7K350PRPEQMH3F99C,2024-11-19T21:36:47.138909978Z,01JD35EE9RZQ012GXKYWD0QZAQ,2024-11-19T21:36:47.138909978Z,01JD35HY52E527ARYCXV59DDDW,2024-11-19T21:36:47.138909978Z
01JD35RC9ETBDBEBCCDKKRPBK7,01JD35AYBVQQVKKTE0Z4BTK0MR,2024-11-19T21:37:47.310451754Z,01JD35AYC7K350PRPEQMH3F99C,2024-11-19T21:37:47.310451754Z,01JD35EE9RZQ012GXKYWD0QZAQ,2024-11-19T21:37:47.310451754Z,01JD35HY53QK3HPKHPHMWA87DP,2024-11-19T21:37:47.310451754Z
01JD35W1TZ5FHVSFGF38JETG8N,01JD35AYBVQQVKKTE0Z4BTK0MR,2024-11-19T21:39:47.679229153Z,01JD35AYC7K350PRPEQMH3F99C,2024-11-19T21:39:47.679229153Z,01JD35EE9RZQ012GXKYWD0QZAQ,2024-11-19T21:39:47.679229153Z,01JD35HY54Q682DDC6PS3EBKMF,2024-11-19T21:39:47.679229153Z
01JD35ZQF3AHKW8RZAHMKFDKDV,01JD35AYBVQQVKKTE0Z4BTK0MR,2024-11-19T21:41:48.131070983Z,01JD35AYC7K350PRPEQMH3F99C,2024-11-19T21:41:48.131070983Z,01JD35H2T964091GQK6NP424D5,2024-11-19T21:41:48.131070983Z,01JD35HY55FS7RBBZJKHBN46EV,2024-11-19T21:41:48.131070983Z
01JD35HYNQF08CKM0FEF9TP09A,01JD35AYBVQQVKKTE0Z4BTK0MR,2024-11-19T21:34:16.75956188Z,01JD35AYC7K350PRPEQMH3F99C,2024-11-19T21:34:16.75956188Z,01JD35CHTQVENCAZFWDM5S93XV,2024-11-19T21:34:16.75956188Z,01JD35HY51SFPFYDBMS3BK4CA3,2024-11-19T21:34:16.75956188Z
01JD35HYP8JTQFA2CZW3EB9BHM,01JD35AYBVQQVKKTE0Z4BTK0MR,2024-11-19T21:34:16.776755512Z,01JD35AYC7K350PRPEQMH3F99C,2024-11-19T21:34:16.776755512Z,01JD35H2T964091GQK6NP424D5,2024-11-19T21:34:16.776755512Z,01JD35HY51SFPFYDBMS3BK4CA3,2024-11-19T21:34:16.776755512Z
01JD35MPS5AT0HHVG6MF3G7Y4X,01JD35AYBVQQVKKTE0Z4BTK0MR,2024-11-19T21:35:46.981157966Z,01JD35AYC7K350PRPEQMH3F99C,2024-11-19T21:35:46.981157966Z,01JD35H2T964091GQK6NP424D5,2024-11-19T21:35:46.981157966Z,01JD35HY56FYC5N84AWB59VS79,2024-11-19T21:35:46.981157966Z
01JD35T722SJ6NZKBE1SKETE7F,01JD35AYBVQQVKKTE0Z4BTK0MR,2024-11-19T21:38:47.490541314Z,01JD35AYC7K350PRPEQMH3F99C,2024-11-19T21:38:47.490541314Z,01JD35H2T964091GQK6NP424D5,2024-11-19T21:38:47.490541314Z,01JD35HY56FYC5N84AWTJ1DBE7,2024-11-19T21:38:47.490541314Z
01JD35PHGYVCT5CB815EQ2XH06,01JD35AYBVQQVKKTE0Z4BTK0MR,2024-11-19T21:36:47.134440881Z,01JD35AYC7K350PRPEQMH3F99C,2024-11-19T21:36:47.134440881Z,01JD35CHTQVENCAZFWDM5S93XV,2024-11-19T21:36:47.134440881Z,01JD35HY52E527ARYCXV59DDDW,2024-11-19T21:36:47.134440881Z
01JD35W1V47QN5175BCBYFW307,01JD35AYBVQQVKKTE0Z4BTK0MR,2024-11-19T21:39:47.684479682Z,01JD35AYC7K350PRPEQMH3F99C,2024-11-19T21:39:47.684479682Z,01JD35FRVNY9E1ZQDJHV7FJQB0,2024-11-19T21:39:47.684479682Z,01JD35HY54Q682DDC6PS3EBKMF,2024-11-19T21:39:47.684479682Z
01JD35ZQEH1QTR1NKAR9BJ1D92,01JD35AYBVQQVKKTE0Z4BTK0MR,2024-11-19T21:41:48.113240612Z,01JD35AYC7K350PRPEQMH3F99C,2024-11-19T21:41:48.113240612Z,01JD35CHTQVENCAZFWDM5S93XV,2024-11-19T21:41:48.113240612Z,01JD35HY55FS7RBBZJKHBN46EV,2024-11-19T21:41:48.113240612Z
01JD35MPRQ1DSJ80HYTGDJ84PV,01JD35AYBVQQVKKTE0Z4BTK0MR,2024-11-19T21:35:46.96760209Z,01JD35AYC7K350PRPEQMH3F99C,2024-11-19T21:35:46.96760209Z,01JD35CHTQVENCAZFWDM5S93XV,2024-11-19T21:35:46.96760209Z,01JD35HY56FYC5N84AWB59VS79,2024-11-19T21:35:46.96760209Z
01JD35T71M58BBGH7B26HCY0TM,01JD35AYBVQQVKKTE0Z4BTK0MR,2024-11-19T21:38:47.476155086Z,01JD35AYC7K350PRPEQMH3F99C,2024-11-19T21:38:47.476155086Z,01JD35CHTQVENCAZFWDM5S93XV,2024-11-19T21:38:47.476155086Z,01JD35HY56FYC5N84AWTJ1DBE7,2024-11-19T21:38:47.476155086Z
01JD35T71SA3N9HFWA5X4GW66S,01JD35AYBVQQVKKTE0Z4BTK0MR,2024-11-19T21:38:47.481224025Z,01JD35AYC7K350PRPEQMH3F99C,2024-11-19T21:38:47.481224025Z,01JD35EE9RZQ012GXKYWD0QZAQ,2024-11-19T21:38:47.481224025Z,01JD35HY56FYC5N84AWTJ1DBE7,2024-11-19T21:38:47.481224025Z
01JD35W1V9N0XEWW8VVYZ7J7YH,01JD35AYBVQQVKKTE0Z4BTK0MR,2024-11-19T21:39:47.689182958Z,01JD35AYC7K350PRPEQMH3F99C,2024-11-19T21:39:47.689182958Z,01JD35H2T964091GQK6NP424D5,2024-11-19T21:39:47.689182958Z,01JD35HY54Q682DDC6PS3EBKMF,2024-11-19T21:39:47.689182958Z
01JD35XWM6KX0EXW2X5AVE7W2N,01JD35AYBVQQVKKTE0Z4BTK0MR,2024-11-19T21:40:47.878306082Z,01JD35AYC7K350PRPEQMH3F99C,2024-11-19T21:40:47.878306082Z,01JD35EE9RZQ012GXKYWD0QZAQ,2024-11-19T21:40:47.878306082Z,01JD35HY53QK3HPKHPJ7GRQ0N0,2024-11-19T21:40:47.878306082Z
01JD35PHH7G0S41RWPFTTXGJ3J,01JD35AYBVQQVKKTE0Z4BTK0MR,2024-11-19T21:36:47.143994601Z,01JD35AYC7K350PRPEQMH3F99C,2024-11-19T21:36:47.143994601Z,01JD35FRVNY9E1ZQDJHV7FJQB0,2024-11-19T21:36:47.143994601Z,01JD35HY52E527ARYCXV59DDDW,2024-11-19T21:36:47.143994601Z
01JD35RC9QQ0BBDXQ1YH1XP1W2,01JD35AYBVQQVKKTE0Z4BTK0MR,2024-11-19T21:37:47.319498809Z,01JD35AYC7K350PRPEQMH3F99C,2024-11-19T21:37:47.319498809Z,01JD35H2T964091GQK6NP424D5,2024-11-19T21:37:47.319498809Z,01JD35HY53QK3HPKHPHMWA87DP,2024-11-19T21:37:47.319498809Z
01JD35T71YM0123DAGWSVTE54N,01JD35AYBVQQVKKTE0Z4BTK0MR,2024-11-19T21:38:47.486145271Z,01JD35AYC7K350PRPEQMH3F99C,2024-11-19T21:38:47.486145271Z,01JD35FRVNY9E1ZQDJHV7FJQB0,2024-11-19T21:38:47.486145271Z,01JD35HY56FYC5N84AWTJ1DBE7,2024-11-19T21:38:47.486145271Z
01JD35W1TQ40DS1TMVXTKTETXK,01JD35AYBVQQVKKTE0Z4BTK0MR,2024-11-19T21:39:47.67174224Z,01JD35AYC7K350PRPEQMH3F99C,2024-11-19T21:39:47.67174224Z,01JD35CHTQVENCAZFWDM5S93XV,2024-11-19T21:39:47.67174224Z,01JD35HY54Q682DDC6PS3EBKMF,2024-11-19T21:39:47.67174224Z
01JD35HYNXDZM7PBJN8MN73HTV,01JD35AYBVQQVKKTE0Z4BTK0MR,2024-11-19T21:34:16.765464625Z,01JD35AYC7K350PRPEQMH3F99C,2024-11-19T21:34:16.765464625Z,01JD35EE9RZQ012GXKYWD0QZAQ,2024-11-19T21:34:16.765464625Z,01JD35HY51SFPFYDBMS3BK4CA3,2024-11-19T21:34:16.765464625Z
01JD35RC99C6MGWQZB5GQ6Q158,01JD35AYBVQQVKKTE0Z4BTK0MR,2024-11-19T21:37:47.305614061Z,01JD35AYC7K350PRPEQMH3F99C,2024-11-19T21:37:47.305614061Z,01JD35CHTQVENCAZFWDM5S93XV,2024-11-19T21:37:47.305614061Z,01JD35HY53QK3HPKHPHMWA87DP,2024-11-19T21:37:47.305614061Z
01JD35RC9JB5K6PVWAH8X7DY2X,01JD35AYBVQQVKKTE0Z4BTK0MR,2024-11-19T21:37:47.315018032Z,01JD35AYC7K350PRPEQMH3F99C,2024-11-19T21:37:47.315018032Z,01JD35FRVNY9E1ZQDJHV7FJQB0,2024-11-19T21:37:47.315018032Z,01JD35HY53QK3HPKHPHMWA87DP,2024-11-19T21:37:47.315018032Z
01JD35XWM1T5E05K6XQRW27SK5,01JD35AYBVQQVKKTE0Z4BTK0MR,2024-11-19T21:40:47.873894043Z,01JD35AYC7K350PRPEQMH3F99C,2024-11-19T21:40:47.873894043Z,01JD35CHTQVENCAZFWDM5S93XV,2024-11-19T21:40:47.873894043Z,01JD35HY53QK3HPKHPJ7GRQ0N0,2024-11-19T21:40:47.873894043Z
01JD35XWMASV1SH907HZD9QFZQ,01JD35AYBVQQVKKTE0Z4BTK0MR,2024-11-19T21:40:47.882860135Z,01JD35AYC7K350PRPEQMH3F99C,2024-11-19T21:40:47.882860135Z,01JD35FRVNY9E1ZQDJHV7FJQB0,2024-11-19T21:40:47.882860135Z,01JD35HY53QK3HPKHPJ7GRQ0N0,2024-11-19T21:40:47.882860135Z
01JD35ZQEQDB60SZ9Q2952WX8Z,01JD35AYBVQQVKKTE0Z4BTK0MR,2024-11-19T21:41:48.119627173Z,01JD35AYC7K350PRPEQMH3F99C,2024-11-19T21:41:48.119627173Z,01JD35EE9RZQ012GXKYWD0QZAQ,2024-11-19T21:41:48.119627173Z,01JD35HY55FS7RBBZJKHBN46EV,2024-11-19T21:41:48.119627173Z
01JD35ZQEXNN0G5P5KTWS2VS3J,01JD35AYBVQQVKKTE0Z4BTK0MR,2024-11-19T21:41:48.125917876Z,01JD35AYC7K350PRPEQMH3F99C,2024-11-19T21:41:48.125917876Z,01JD35FRVNY9E1ZQDJHV7FJQB0,2024-11-19T21:41:48.125917876Z,01JD35HY55FS7RBBZJKHBN46EV,2024-11-19T21:41:48.125917876Z
01JD35MPRVJSZ5BBA4DE36YADR,01JD35AYBVQQVKKTE0Z4BTK0MR,2024-11-19T21:35:46.971837657Z,01JD35AYC7K350PRPEQMH3F99C,2024-11-19T21:35:46.971837657Z,01JD35EE9RZQ012GXKYWD0QZAQ,2024-11-19T21:35:46.971837657Z,01JD35HY56FYC5N84AWB59VS79,2024-11-19T21:35:46.971837657Z
01JD35MPS02Q4ASVMC7M6EYAGJ,01JD35AYBVQQVKKTE0Z4BTK0MR,2024-11-19T21:35:46.976878601Z,01JD35AYC7K350PRPEQMH3F99C,2024-11-19T21:35:46.976878601Z,01JD35FRVNY9E1ZQDJHV7FJQB0,2024-11-19T21:35:46.976878601Z,01JD35HY56FYC5N84AWB59VS79,2024-11-19T21:35:46.976878601Z
01JD35PHHCP2TEFK924QZ23M67,01JD35AYBVQQVKKTE0Z4BTK0MR,2024-11-19T21:36:47.148555174Z,01JD35AYC7K350PRPEQMH3F99C,2024-11-19T21:36:47.148555174Z,01JD35H2T964091GQK6NP424D5,2024-11-19T21:36:47.148555174Z,01JD35HY52E527ARYCXV59DDDW,2024-11-19T21:36:47.148555174Z
01JD35HYP2SDNP41AER7STRMPN,01JD35AYBVQQVKKTE0Z4BTK0MR,2024-11-19T21:34:16.770910617Z,01JD35AYC7K350PRPEQMH3F99C,2024-11-19T21:34:16.770910617Z,01JD35FRVNY9E1ZQDJHV7FJQB0,2024-11-19T21:34:16.770910617Z,01JD35HY51SFPFYDBMS3BK4CA3,2024-11-19T21:34:16.770910617Z
01JD35XWMFB0ZED0SD7ETAVASN,01JD35AYBVQQVKKTE0Z4BTK0MR,2024-11-19T21:40:47.887409235Z,01JD35AYC7K350PRPEQMH3F99C,2024-11-19T21:40:47.887409235Z,01JD35H2T964091GQK6NP424D5,2024-11-19T21:40:47.887409235Z,01JD35HY53QK3HPKHPJ7GRQ0N0,2024-11-19T21:40:47.887409235Z
