id,batchID,batchIDLastChangedAt,confidence,confidenceLastChangedAt,gameID,gameIDLastChangedAt,guess,guessLastChangedAt,playerID,playerIDLastChangedAt,roundID,roundIDLastChangedAt,stageID,stageIDLastChangedAt,submit,submitLastChangedAt
01JD35QEXY7ZWMDXZ78PM3FGJK,01JD35AYBVQQVKKTE0Z4BTK0MR,2024-11-19T21:37:17.248827471Z,,,01JD35AYC7K350PRPEQMH3F99C,2024-11-19T21:37:17.248827471Z,,,01JD35FRVNY9E1ZQDJHV7FJQB0,2024-11-19T21:37:17.248827471Z,01JD35HY52E527ARYCXV59DDDW,2024-11-19T21:37:17.248827471Z,01JD35HY8CTZXJGHKW39C0V45X,2024-11-19T21:37:17.248827471Z,,
01JD35W1WNKB99M9B3BW0DVHHZ,01JD35AYBVQQVKKTE0Z4BTK0MR,2024-11-19T21:39:47.733106243Z,,,01JD35AYC7K350PRPEQMH3F99C,2024-11-19T21:39:47.733106243Z,,,01JD35EE9RZQ012GXKYWD0QZAQ,2024-11-19T21:39:47.733106243Z,01JD35HY54Q682DDC6PS3EBKMF,2024-11-19T21:39:47.733106243Z,01JD35HY8VKW2RGCYAHEGNRTQS,2024-11-19T21:39:47.733106243Z,,
01JD35YT2880714D8KN8R1NB1D,01JD35AYBVQQVKKTE0Z4BTK0MR,2024-11-19T21:41:18.024204222Z,,,01JD35AYC7K350PRPEQMH3F99C,2024-11-19T21:41:18.024204222Z,,,01JD35FRVNY9E1ZQDJHV7FJQB0,2024-11-19T21:41:18.024204222Z,01JD35HY53QK3HPKHPJ7GRQ0N0,2024-11-19T21:41:18.024204222Z,01JD35HYAK96M10SDWCDS8HHDZ,2024-11-19T21:41:18.024204222Z,,
01JD35ZQGQPCB3A30D2ZS3AKEE,01JD35AYBVQQVKKTE0Z4BTK0MR,2024-11-19T21:41:48.183896282Z,,,01JD35AYC7K350PRPEQMH3F99C,2024-11-19T21:41:48.183896282Z,,,01JD35FRVNY9E1ZQDJHV7FJQB0,2024-11-19T21:41:48.183896282Z,01JD35HY55FS7RBBZJKHBN46EV,2024-11-19T21:41:48.183896282Z,01JD35HY9A5J3GBHG8F9NDSSF2,2024-11-19T21:41:48.183896282Z,,
01JD360MW2MRXQS8Z1Z17YXFV8,01JD35AYBVQQVKKTE0Z4BTK0MR,2024-11-19T21:42:18.242325377Z,30,2024-11-19T21:42:38.834909715Z,01JD35AYC7K350PRPEQMH3F99C,2024-11-19T21:42:18.242325377Z,13,2024-11-19T21:42:38.834463546Z,01JD35EE9RZQ012GXKYWD0QZAQ,2024-11-19T21:42:18.242325377Z,01JD35HY55FS7RBBZJKHBN46EV,2024-11-19T21:42:18.242325377Z,01JD35HY9BJTQ5KYWZ4DXY3RPF,2024-11-19T21:42:18.242325377Z,true,2024-11-19T21:42:38.835211547Z
01JD35PHJKPADKDZ9ZAVWK08V5,01JD35AYBVQQVKKTE0Z4BTK0MR,2024-11-19T21:36:47.187679457Z,,,01JD35AYC7K350PRPEQMH3F99C,2024-11-19T21:36:47.187679457Z,,,01JD35FRVNY9E1ZQDJHV7FJQB0,2024-11-19T21:36:47.187679457Z,01JD35HY52E527ARYCXV59DDDW,2024-11-19T21:36:47.187679457Z,01JD35HY8CTZXJGHKW2MPV1W16,2024-11-19T21:36:47.187679457Z,,
01JD35T73C9XKZ9K4RAXWFFB0V,01JD35AYBVQQVKKTE0Z4BTK0MR,2024-11-19T21:38:47.53210941Z,,,01JD35AYC7K350PRPEQMH3F99C,2024-11-19T21:38:47.53210941Z,,,01JD35FRVNY9E1ZQDJHV7FJQB0,2024-11-19T21:38:47.53210941Z,01JD35HY56FYC5N84AWTJ1DBE7,2024-11-19T21:38:47.53210941Z,01JD35HY9987ARNF75FTXR87J8,2024-11-19T21:38:47.53210941Z,,
01JD35WZ8KWM3ZRP7N3B77C42M,01JD35AYBVQQVKKTE0Z4BTK0MR,2024-11-19T21:40:17.811305163Z,,,01JD35AYC7K350PRPEQMH3F99C,2024-11-19T21:40:17.811305163Z,,,01JD35EE9RZQ012GXKYWD0QZAQ,2024-11-19T21:40:17.811305163Z,01JD35HY54Q682DDC6PS3EBKMF,2024-11-19T21:40:17.811305163Z,01JD35HY8VKW2RGCYAJ4TMP9XC,2024-11-19T21:40:17.811305163Z,,
01JD35ZQGWN8B489J3NVARV53R,01JD35AYBVQQVKKTE0Z4BTK0MR,2024-11-19T21:41:48.188862966Z,,,01JD35AYC7K350PRPEQMH3F99C,2024-11-19T21:41:48.188862966Z,,,01JD35H2T964091GQK6NP424D5,2024-11-19T21:41:48.188862966Z,01JD35HY55FS7RBBZJKHBN46EV,2024-11-19T21:41:48.188862966Z,01JD35HY9A5J3GBHG8F9NDSSF2,2024-11-19T21:41:48.188862966Z,,
01JD360MW7TJD67MW9RBZ5A11E,01JD35AYBVQQVKKTE0Z4BTK0MR,2024-11-19T21:42:18.248042534Z,,,01JD35AYC7K350PRPEQMH3F99C,2024-11-19T21:42:18.248042534Z,,,01JD35FRVNY9E1ZQDJHV7FJQB0,2024-11-19T21:42:18.248042534Z,01JD35HY55FS7RBBZJKHBN46EV,2024-11-19T21:42:18.248042534Z,01JD35HY9BJTQ5KYWZ4DXY3RPF,2024-11-19T21:42:18.248042534Z,,
01JD35S9P5P8QTFDCX3EFM0XAY,01JD35AYBVQQVKKTE0Z4BTK0MR,2024-11-19T21:38:17.413291392Z,,,01JD35AYC7K350PRPEQMH3F99C,2024-11-19T21:38:17.413291392Z,,,01JD35CHTQVENCAZFWDM5S93XV,2024-11-19T21:38:17.413291392Z,01JD35HY53QK3HPKHPHMWA87DP,2024-11-19T21:38:17.413291392Z,01JD35HY8J4ANN23VHK9AN3BBH,2024-11-19T21:38:17.413291392Z,,
01JD35S9PD4E6GKPC0TZ5R9CRP,01JD35AYBVQQVKKTE0Z4BTK0MR,2024-11-19T21:38:17.421821618Z,,,01JD35AYC7K350PRPEQMH3F99C,2024-11-19T21:38:17.421821618Z,,,01JD35FRVNY9E1ZQDJHV7FJQB0,2024-11-19T21:38:17.421821618Z,01JD35HY53QK3HPKHPHMWA87DP,2024-11-19T21:38:17.421821618Z,01JD35HY8J4ANN23VHK9AN3BBH,2024-11-19T21:38:17.421821618Z,,
01JD35S9PHCWS2PH3WKBK116EY,01JD35AYBVQQVKKTE0Z4BTK0MR,2024-11-19T21:38:17.425912991Z,,,01JD35AYC7K350PRPEQMH3F99C,2024-11-19T21:38:17.425912991Z,,,01JD35H2T964091GQK6NP424D5,2024-11-19T21:38:17.425912991Z,01JD35HY53QK3HPKHPHMWA87DP,2024-11-19T21:38:17.425912991Z,01JD35HY8J4ANN23VHK9AN3BBH,2024-11-19T21:38:17.425912991Z,,
01JD35W1WE1H60F19JK9K7JQQP,01JD35AYBVQQVKKTE0Z4BTK0MR,2024-11-19T21:39:47.726271322Z,,,01JD35AYC7K350PRPEQMH3F99C,2024-11-19T21:39:47.726271322Z,,,01JD35CHTQVENCAZFWDM5S93XV,2024-11-19T21:39:47.726271322Z,01JD35HY54Q682DDC6PS3EBKMF,2024-11-19T21:39:47.726271322Z,01JD35HY8VKW2RGCYAHEGNRTQS,2024-11-19T21:39:47.726271322Z,,
01JD35W1WTM7AJAR3WB44YM837,01JD35AYBVQQVKKTE0Z4BTK0MR,2024-11-19T21:39:47.739037882Z,,,01JD35AYC7K350PRPEQMH3F99C,2024-11-19T21:39:47.739037882Z,,,01JD35FRVNY9E1ZQDJHV7FJQB0,2024-11-19T21:39:47.739037882Z,01JD35HY54Q682DDC6PS3EBKMF,2024-11-19T21:39:47.739037882Z,01JD35HY8VKW2RGCYAHEGNRTQS,2024-11-19T21:39:47.739037882Z,,
01JD35YT1QTDQBZJTHVKD72WX4,01JD35AYBVQQVKKTE0Z4BTK0MR,2024-11-19T21:41:18.007915602Z,,,01JD35AYC7K350PRPEQMH3F99C,2024-11-19T21:41:18.007915602Z,,,01JD35CHTQVENCAZFWDM5S93XV,2024-11-19T21:41:18.007915602Z,01JD35HY53QK3HPKHPJ7GRQ0N0,2024-11-19T21:41:18.007915602Z,01JD35HYAK96M10SDWCDS8HHDZ,2024-11-19T21:41:18.007915602Z,,
01JD35HYQAD1PPE2HEKEKSXPDW,01JD35AYBVQQVKKTE0Z4BTK0MR,2024-11-19T21:34:16.810881987Z,,,01JD35AYC7K350PRPEQMH3F99C,2024-11-19T21:34:16.810881987Z,,,01JD35EE9RZQ012GXKYWD0QZAQ,2024-11-19T21:34:16.810881987Z,01JD35HY51SFPFYDBMS3BK4CA3,2024-11-19T21:34:16.810881987Z,01JD35HYEPQ06TMT3SBXMXJRAY,2024-11-19T21:34:16.810881987Z,,
01JD35JW2G2VKF15101DKXYVDW,01JD35AYBVQQVKKTE0Z4BTK0MR,2024-11-19T21:34:46.864294925Z,,,01JD35AYC7K350PRPEQMH3F99C,2024-11-19T21:34:46.864294925Z,,,01JD35FRVNY9E1ZQDJHV7FJQB0,2024-11-19T21:34:46.864294925Z,01JD35HY51SFPFYDBMS3BK4CA3,2024-11-19T21:34:46.864294925Z,01JD35HYEPQ06TMT3SCKQA2465,2024-11-19T21:34:46.864294925Z,,
01JD35KSDH18VHFAVPBZ1MKV9Z,01JD35AYBVQQVKKTE0Z4BTK0MR,2024-11-19T21:35:16.913410908Z,92,2024-11-19T21:35:30.467699804Z,01JD35AYC7K350PRPEQMH3F99C,2024-11-19T21:35:16.913410908Z,81,2024-11-19T21:35:30.46478526Z,01JD35EE9RZQ012GXKYWD0QZAQ,2024-11-19T21:35:16.913410908Z,01JD35HY51SFPFYDBMS3BK4CA3,2024-11-19T21:35:16.913410908Z,01JD35HYEPQ06TMT3SDCRRVA2A,2024-11-19T21:35:16.913410908Z,true,2024-11-19T21:35:30.468149512Z
01JD35MPT9M81R3EYC5WT3NYK7,01JD35AYBVQQVKKTE0Z4BTK0MR,2024-11-19T21:35:47.017832286Z,,,01JD35AYC7K350PRPEQMH3F99C,2024-11-19T21:35:47.017832286Z,,,01JD35FRVNY9E1ZQDJHV7FJQB0,2024-11-19T21:35:47.017832286Z,01JD35HY56FYC5N84AWB59VS79,2024-11-19T21:35:47.017832286Z,01JD35HY95SH1M7EC1QD8CCHXK,2024-11-19T21:35:47.017832286Z,,
01JD35MPTFSGZ0CRWDWN1J85SQ,01JD35AYBVQQVKKTE0Z4BTK0MR,2024-11-19T21:35:47.023414108Z,,,01JD35AYC7K350PRPEQMH3F99C,2024-11-19T21:35:47.023414108Z,,,01JD35H2T964091GQK6NP424D5,2024-11-19T21:35:47.023414108Z,01JD35HY56FYC5N84AWB59VS79,2024-11-19T21:35:47.023414108Z,01JD35HY95SH1M7EC1QD8CCHXK,2024-11-19T21:35:47.023414108Z,,
01JD35HYQ5H7C4BREM9314EM8T,01JD35AYBVQQVKKTE0Z4BTK0MR,2024-11-19T21:34:16.805586501Z,,,01JD35AYC7K350PRPEQMH3F99C,2024-11-19T21:34:16.805586501Z,,,01JD35CHTQVENCAZFWDM5S93XV,2024-11-19T21:34:16.805586501Z,01JD35HY51SFPFYDBMS3BK4CA3,2024-11-19T21:34:16.805586501Z,01JD35HYEPQ06TMT3SBXMXJRAY,2024-11-19T21:34:16.805586501Z,,
01JD35MPSZ7DME8T7Z8X6MQH8Q,01JD35AYBVQQVKKTE0Z4BTK0MR,2024-11-19T21:35:47.007288107Z,,,01JD35AYC7K350PRPEQMH3F99C,2024-11-19T21:35:47.007288107Z,,,01JD35CHTQVENCAZFWDM5S93XV,2024-11-19T21:35:47.007288107Z,01JD35HY56FYC5N84AWB59VS79,2024-11-19T21:35:47.007288107Z,01JD35HY95SH1M7EC1QD8CCHXK,2024-11-19T21:35:47.007288107Z,,
01JD35T736EQZVD7MN4DYZKRWV,01JD35AYBVQQVKKTE0Z4BTK0MR,2024-11-19T21:38:47.526770726Z,,,01JD35AYC7K350PRPEQMH3F99C,2024-11-19T21:38:47.526770726Z,,,01JD35EE9RZQ012GXKYWD0QZAQ,2024-11-19T21:38:47.526770726Z,01JD35HY56FYC5N84AWTJ1DBE7,2024-11-19T21:38:47.526770726Z,01JD35HY9987ARNF75FTXR87J8,2024-11-19T21:38:47.526770726Z,,
01JD35V4ERPH2DAD0H67372K2H,01JD35AYBVQQVKKTE0Z4BTK0MR,2024-11-19T21:39:17.592217056Z,92,2024-11-19T21:39:37.982959939Z,01JD35AYC7K350PRPEQMH3F99C,2024-11-19T21:39:17.592217056Z,72,2024-11-19T21:39:37.980926029Z,01JD35FRVNY9E1ZQDJHV7FJQB0,2024-11-19T21:39:17.592217056Z,01JD35HY56FYC5N84AWTJ1DBE7,2024-11-19T21:39:17.592217056Z,01JD35HY9A5J3GBHG8EQPJMN01,2024-11-19T21:39:17.592217056Z,true,2024-11-19T21:39:37.982192401Z
01JD35W1X28PNTBRAK85FF0734,01JD35AYBVQQVKKTE0Z4BTK0MR,2024-11-19T21:39:47.746451001Z,,,01JD35AYC7K350PRPEQMH3F99C,2024-11-19T21:39:47.746451001Z,,,01JD35H2T964091GQK6NP424D5,2024-11-19T21:39:47.746451001Z,01JD35HY54Q682DDC6PS3EBKMF,2024-11-19T21:39:47.746451001Z,01JD35HY8VKW2RGCYAHEGNRTQS,2024-11-19T21:39:47.746451001Z,,
01JD35NM5EF8AMNF0ABNJ4SBAF,01JD35AYBVQQVKKTE0Z4BTK0MR,2024-11-19T21:36:17.070973485Z,26,2024-11-19T21:36:31.396543479Z,01JD35AYC7K350PRPEQMH3F99C,2024-11-19T21:36:17.070973485Z,88,2024-11-19T21:36:31.396142697Z,01JD35EE9RZQ012GXKYWD0QZAQ,2024-11-19T21:36:17.070973485Z,01JD35HY56FYC5N84AWB59VS79,2024-11-19T21:36:17.070973485Z,01JD35HY96JF72XFHXVAN9HQJM,2024-11-19T21:36:17.070973485Z,true,2024-11-19T21:36:31.398249813Z
01JD35S9P9MMXTYQ4QZ2V14SJY,01JD35AYBVQQVKKTE0Z4BTK0MR,2024-11-19T21:38:17.417679815Z,,,01JD35AYC7K350PRPEQMH3F99C,2024-11-19T21:38:17.417679815Z,,,01JD35EE9RZQ012GXKYWD0QZAQ,2024-11-19T21:38:17.417679815Z,01JD35HY53QK3HPKHPHMWA87DP,2024-11-19T21:38:17.417679815Z,01JD35HY8J4ANN23VHK9AN3BBH,2024-11-19T21:38:17.417679815Z,,
01JD35V4EK94YNDXMVY7TVPRHS,01JD35AYBVQQVKKTE0Z4BTK0MR,2024-11-19T21:39:17.587064956Z,78,2024-11-19T21:39:42.126413918Z,01JD35AYC7K350PRPEQMH3F99C,2024-11-19T21:39:17.587064956Z,96,2024-11-19T21:39:42.127395203Z,01JD35EE9RZQ012GXKYWD0QZAQ,2024-11-19T21:39:17.587064956Z,01JD35HY56FYC5N84AWTJ1DBE7,2024-11-19T21:39:17.587064956Z,01JD35HY9A5J3GBHG8EQPJMN01,2024-11-19T21:39:17.587064956Z,true,2024-11-19T21:39:42.126888295Z
01JD35YT20E9FR6XX6B0E7FA3E,01JD35AYBVQQVKKTE0Z4BTK0MR,2024-11-19T21:41:18.016600821Z,,,01JD35AYC7K350PRPEQMH3F99C,2024-11-19T21:41:18.016600821Z,,,01JD35EE9RZQ012GXKYWD0QZAQ,2024-11-19T21:41:18.016600821Z,01JD35HY53QK3HPKHPJ7GRQ0N0,2024-11-19T21:41:18.016600821Z,01JD35HYAK96M10SDWCDS8HHDZ,2024-11-19T21:41:18.016600821Z,,
01JD35JW288D2TMZ9XQE5TB1GN,01JD35AYBVQQVKKTE0Z4BTK0MR,2024-11-19T21:34:46.856520789Z,,,01JD35AYC7K350PRPEQMH3F99C,2024-11-19T21:34:46.856520789Z,,,01JD35CHTQVENCAZFWDM5S93XV,2024-11-19T21:34:46.856520789Z,01JD35HY51SFPFYDBMS3BK4CA3,2024-11-19T21:34:46.856520789Z,01JD35HYEPQ06TMT3SCKQA2465,2024-11-19T21:34:46.856520789Z,,
01JD35QEXR9QQGPGY0AAZ08RP0,01JD35AYBVQQVKKTE0Z4BTK0MR,2024-11-19T21:37:17.240718425Z,,,01JD35AYC7K350PRPEQMH3F99C,2024-11-19T21:37:17.240718425Z,,,01JD35EE9RZQ012GXKYWD0QZAQ,2024-11-19T21:37:17.240718425Z,01JD35HY52E527ARYCXV59DDDW,2024-11-19T21:37:17.240718425Z,01JD35HY8CTZXJGHKW39C0V45X,2024-11-19T21:37:17.240718425Z,,
01JD35V4EX09BVEFVJ6XJDSBHG,01JD35AYBVQQVKKTE0Z4BTK0MR,2024-11-19T21:39:17.597286823Z,,,01JD35AYC7K350PRPEQMH3F99C,2024-11-19T21:39:17.597286823Z,,,01JD35H2T964091GQK6NP424D5,2024-11-19T21:39:17.597286823Z,01JD35HY56FYC5N84AWTJ1DBE7,2024-11-19T21:39:17.597286823Z,01JD35HY9A5J3GBHG8EQPJMN01,2024-11-19T21:39:17.597286823Z,,
01JD35WZ8BQA25H4Z8JPQ4CC19,01JD35AYBVQQVKKTE0Z4BTK0MR,2024-11-19T21:40:17.804009Z,,,01JD35AYC7K350PRPEQMH3F99C,2024-11-19T21:40:17.804009Z,,,01JD35CHTQVENCAZFWDM5S93XV,2024-11-19T21:40:17.804009Z,01JD35HY54Q682DDC6PS3EBKMF,2024-11-19T21:40:17.804009Z,01JD35HY8VKW2RGCYAJ4TMP9XC,2024-11-19T21:40:17.804009Z,,
01JD35HYQKTSFQJXE24G6CB9BB,01JD35AYBVQQVKKTE0Z4BTK0MR,2024-11-19T21:34:16.820025947Z,,,01JD35AYC7K350PRPEQMH3F99C,2024-11-19T21:34:16.820025947Z,,,01JD35H2T964091GQK6NP424D5,2024-11-19T21:34:16.820025947Z,01JD35HY51SFPFYDBMS3BK4CA3,2024-11-19T21:34:16.820025947Z,01JD35HYEPQ06TMT3SBXMXJRAY,2024-11-19T21:34:16.820025947Z,,
01JD35NM5VQ5D42A9TZMBBJBSD,01JD35AYBVQQVKKTE0Z4BTK0MR,2024-11-19T21:36:17.08340448Z,87,2024-11-19T21:36:22.174864388Z,01JD35AYC7K350PRPEQMH3F99C,2024-11-19T21:36:17.08340448Z,91,2024-11-19T21:36:22.174402078Z,01JD35H2T964091GQK6NP424D5,2024-11-19T21:36:17.08340448Z,01JD35HY56FYC5N84AWB59VS79,2024-11-19T21:36:17.08340448Z,01JD35HY96JF72XFHXVAN9HQJM,2024-11-19T21:36:17.08340448Z,true,2024-11-19T21:36:22.18244652Z
01JD35PHJE7SQ37NRMND60J2NN,01JD35AYBVQQVKKTE0Z4BTK0MR,2024-11-19T21:36:47.182476843Z,,,01JD35AYC7K350PRPEQMH3F99C,2024-11-19T21:36:47.182476843Z,,,01JD35EE9RZQ012GXKYWD0QZAQ,2024-11-19T21:36:47.182476843Z,01JD35HY52E527ARYCXV59DDDW,2024-11-19T21:36:47.182476843Z,01JD35HY8CTZXJGHKW2MPV1W16,2024-11-19T21:36:47.182476843Z,,
01JD35QEXK4T6TVAHJAZAMVW6J,01JD35AYBVQQVKKTE0Z4BTK0MR,2024-11-19T21:37:17.23556995Z,,,01JD35AYC7K350PRPEQMH3F99C,2024-11-19T21:37:17.23556995Z,,,01JD35CHTQVENCAZFWDM5S93XV,2024-11-19T21:37:17.23556995Z,01JD35HY52E527ARYCXV59DDDW,2024-11-19T21:37:17.23556995Z,01JD35HY8CTZXJGHKW39C0V45X,2024-11-19T21:37:17.23556995Z,,
01JD35YT2HBFGGWBWBWZ3F0C40,01JD35AYBVQQVKKTE0Z4BTK0MR,2024-11-19T21:41:18.03395801Z,,,01JD35AYC7K350PRPEQMH3F99C,2024-11-19T21:41:18.03395801Z,,,01JD35H2T964091GQK6NP424D5,2024-11-19T21:41:18.03395801Z,01JD35HY53QK3HPKHPJ7GRQ0N0,2024-11-19T21:41:18.03395801Z,01JD35HYAK96M10SDWCDS8HHDZ,2024-11-19T21:41:18.03395801Z,,
01JD35XWP2GJBMH44A11SP0045,01JD35AYBVQQVKKTE0Z4BTK0MR,2024-11-19T21:40:47.938552813Z,,,01JD35AYC7K350PRPEQMH3F99C,2024-11-19T21:40:47.938552813Z,,,01JD35H2T964091GQK6NP424D5,2024-11-19T21:40:47.938552813Z,01JD35HY53QK3HPKHPJ7GRQ0N0,2024-11-19T21:40:47.938552813Z,01JD35HYAJR7T05Y8V8VPK758K,2024-11-19T21:40:47.938552813Z,,
01JD35JW2K1S1KJGQXE58NJFXX,01JD35AYBVQQVKKTE0Z4BTK0MR,2024-11-19T21:34:46.867742195Z,,,01JD35AYC7K350PRPEQMH3F99C,2024-11-19T21:34:46.867742195Z,,,01JD35H2T964091GQK6NP424D5,2024-11-19T21:34:46.867742195Z,01JD35HY51SFPFYDBMS3BK4CA3,2024-11-19T21:34:46.867742195Z,01JD35HYEPQ06TMT3SCKQA2465,2024-11-19T21:34:46.867742195Z,,
01JD35KSDBMCNA8XPM1KW37CBE,01JD35AYBVQQVKKTE0Z4BTK0MR,2024-11-19T21:35:16.907228808Z,100,2024-11-19T21:35:21.519995841Z,01JD35AYC7K350PRPEQMH3F99C,2024-11-19T21:35:16.907228808Z,95,2024-11-19T21:35:21.519538184Z,01JD35CHTQVENCAZFWDM5S93XV,2024-11-19T21:35:16.907228808Z,01JD35HY51SFPFYDBMS3BK4CA3,2024-11-19T21:35:16.907228808Z,01JD35HYEPQ06TMT3SDCRRVA2A,2024-11-19T21:35:16.907228808Z,true,2024-11-19T21:35:21.526383351Z
01JD35NM58MTW7HZ1NEEBXQV60,01JD35AYBVQQVKKTE0Z4BTK0MR,2024-11-19T21:36:17.064916183Z,94,2024-11-19T21:36:39.919378326Z,01JD35AYC7K350PRPEQMH3F99C,2024-11-19T21:36:17.064916183Z,100,2024-11-19T21:36:39.918663122Z,01JD35CHTQVENCAZFWDM5S93XV,2024-11-19T21:36:17.064916183Z,01JD35HY56FYC5N84AWB59VS79,2024-11-19T21:36:17.064916183Z,01JD35HY96JF72XFHXVAN9HQJM,2024-11-19T21:36:17.064916183Z,true,2024-11-19T21:36:39.926017772Z
01JD35RCB0J4Z632HAE4WJ3AT8,01JD35AYBVQQVKKTE0Z4BTK0MR,2024-11-19T21:37:47.360034612Z,,,01JD35AYC7K350PRPEQMH3F99C,2024-11-19T21:37:47.360034612Z,,,01JD35EE9RZQ012GXKYWD0QZAQ,2024-11-19T21:37:47.360034612Z,01JD35HY53QK3HPKHPHMWA87DP,2024-11-19T21:37:47.360034612Z,01JD35HY8J4ANN23VHJQ72VSTN,2024-11-19T21:37:47.360034612Z,,
01JD35XWNAM34VNX5BQRQDGDS6,01JD35AYBVQQVKKTE0Z4BTK0MR,2024-11-19T21:40:47.914056379Z,,,01JD35AYC7K350PRPEQMH3F99C,2024-11-19T21:40:47.914056379Z,,,01JD35CHTQVENCAZFWDM5S93XV,2024-11-19T21:40:47.914056379Z,01JD35HY53QK3HPKHPJ7GRQ0N0,2024-11-19T21:40:47.914056379Z,01JD35HYAJR7T05Y8V8VPK758K,2024-11-19T21:40:47.914056379Z,,
01JD35T73H2HH7X6NX6005F0XQ,01JD35AYBVQQVKKTE0Z4BTK0MR,2024-11-19T21:38:47.53765811Z,,,01JD35AYC7K350PRPEQMH3F99C,2024-11-19T21:38:47.53765811Z,,,01JD35H2T964091GQK6NP424D5,2024-11-19T21:38:47.53765811Z,01JD35HY56FYC5N84AWTJ1DBE7,2024-11-19T21:38:47.53765811Z,01JD35HY9987ARNF75FTXR87J8,2024-11-19T21:38:47.53765811Z,,
01JD360MVVY845WWK1QRTSZDKS,01JD35AYBVQQVKKTE0Z4BTK0MR,2024-11-19T21:42:18.235327059Z,84,2024-11-19T21:42:44.515413542Z,01JD35AYC7K350PRPEQMH3F99C,2024-11-19T21:42:18.235327059Z,96,2024-11-19T21:42:44.514361146Z,01JD35CHTQVENCAZFWDM5S93XV,2024-11-19T21:42:18.235327059Z,01JD35HY55FS7RBBZJKHBN46EV,2024-11-19T21:42:18.235327059Z,01JD35HY9BJTQ5KYWZ4DXY3RPF,2024-11-19T21:42:18.235327059Z,true,2024-11-19T21:42:44.514960764Z
01JD35ZQGJ07N4BXTN4K3BCFAC,01JD35AYBVQQVKKTE0Z4BTK0MR,2024-11-19T21:41:48.178788613Z,,,01JD35AYC7K350PRPEQMH3F99C,2024-11-19T21:41:48.178788613Z,,,01JD35EE9RZQ012GXKYWD0QZAQ,2024-11-19T21:41:48.178788613Z,01JD35HY55FS7RBBZJKHBN46EV,2024-11-19T21:41:48.178788613Z,01JD35HY9A5J3GBHG8F9NDSSF2,2024-11-19T21:41:48.178788613Z,,
01JD35JW2C600DCJ4Y5FBNESBW,01JD35AYBVQQVKKTE0Z4BTK0MR,2024-11-19T21:34:46.860628174Z,,,01JD35AYC7K350PRPEQMH3F99C,2024-11-19T21:34:46.860628174Z,,,01JD35EE9RZQ012GXKYWD0QZAQ,2024-11-19T21:34:46.860628174Z,01JD35HY51SFPFYDBMS3BK4CA3,2024-11-19T21:34:46.860628174Z,01JD35HYEPQ06TMT3SCKQA2465,2024-11-19T21:34:46.860628174Z,,
01JD35T730GQG8QXYM7Q28GWYZ,01JD35AYBVQQVKKTE0Z4BTK0MR,2024-11-19T21:38:47.520460113Z,,,01JD35AYC7K350PRPEQMH3F99C,2024-11-19T21:38:47.520460113Z,,,01JD35CHTQVENCAZFWDM5S93XV,2024-11-19T21:38:47.520460113Z,01JD35HY56FYC5N84AWTJ1DBE7,2024-11-19T21:38:47.520460113Z,01JD35HY9987ARNF75FTXR87J8,2024-11-19T21:38:47.520460113Z,,
01JD35WZ8QZAFY53J2QRHYQFV7,01JD35AYBVQQVKKTE0Z4BTK0MR,2024-11-19T21:40:17.815703441Z,,,01JD35AYC7K350PRPEQMH3F99C,2024-11-19T21:40:17.815703441Z,,,01JD35FRVNY9E1ZQDJHV7FJQB0,2024-11-19T21:40:17.815703441Z,01JD35HY54Q682DDC6PS3EBKMF,2024-11-19T21:40:17.815703441Z,01JD35HY8VKW2RGCYAJ4TMP9XC,2024-11-19T21:40:17.815703441Z,,
01JD35XWNFH7PNKR8P21GG1KRS,01JD35AYBVQQVKKTE0Z4BTK0MR,2024-11-19T21:40:47.919930307Z,,,01JD35AYC7K350PRPEQMH3F99C,2024-11-19T21:40:47.919930307Z,,,01JD35EE9RZQ012GXKYWD0QZAQ,2024-11-19T21:40:47.919930307Z,01JD35HY53QK3HPKHPJ7GRQ0N0,2024-11-19T21:40:47.919930307Z,01JD35HYAJR7T05Y8V8VPK758K,2024-11-19T21:40:47.919930307Z,,
01JD35ZQGC1SNPYMVFV3JCP2WQ,01JD35AYBVQQVKKTE0Z4BTK0MR,2024-11-19T21:41:48.172621653Z,,,01JD35AYC7K350PRPEQMH3F99C,2024-11-19T21:41:48.172621653Z,,,01JD35CHTQVENCAZFWDM5S93XV,2024-11-19T21:41:48.172621653Z,01JD35HY55FS7RBBZJKHBN46EV,2024-11-19T21:41:48.172621653Z,01JD35HY9A5J3GBHG8F9NDSSF2,2024-11-19T21:41:48.172621653Z,,
01JD35KSDSC4TV8AHN8MWZ6MCS,01JD35AYBVQQVKKTE0Z4BTK0MR,2024-11-19T21:35:16.921886901Z,,,01JD35AYC7K350PRPEQMH3F99C,2024-11-19T21:35:16.921886901Z,,,01JD35H2T964091GQK6NP424D5,2024-11-19T21:35:16.921886901Z,01JD35HY51SFPFYDBMS3BK4CA3,2024-11-19T21:35:16.921886901Z,01JD35HYEPQ06TMT3SDCRRVA2A,2024-11-19T21:35:16.921886901Z,,
01JD35QEY6PYR2SXQVE2X5822N,01JD35AYBVQQVKKTE0Z4BTK0MR,2024-11-19T21:37:17.254167382Z,,,01JD35AYC7K350PRPEQMH3F99C,2024-11-19T21:37:17.254167382Z,,,01JD35H2T964091GQK6NP424D5,2024-11-19T21:37:17.254167382Z,01JD35HY52E527ARYCXV59DDDW,2024-11-19T21:37:17.254167382Z,01JD35HY8CTZXJGHKW39C0V45X,2024-11-19T21:37:17.254167382Z,,
01JD35RCAKNX9Q5XWRYZXXHZBV,01JD35AYBVQQVKKTE0Z4BTK0MR,2024-11-19T21:37:47.347617629Z,,,01JD35AYC7K350PRPEQMH3F99C,2024-11-19T21:37:47.347617629Z,,,01JD35CHTQVENCAZFWDM5S93XV,2024-11-19T21:37:47.347617629Z,01JD35HY53QK3HPKHPHMWA87DP,2024-11-19T21:37:47.347617629Z,01JD35HY8J4ANN23VHJQ72VSTN,2024-11-19T21:37:47.347617629Z,,
01JD35RCB914JGR9VE3S65YW7F,01JD35AYBVQQVKKTE0Z4BTK0MR,2024-11-19T21:37:47.369841952Z,,,01JD35AYC7K350PRPEQMH3F99C,2024-11-19T21:37:47.369841952Z,,,01JD35FRVNY9E1ZQDJHV7FJQB0,2024-11-19T21:37:47.369841952Z,01JD35HY53QK3HPKHPHMWA87DP,2024-11-19T21:37:47.369841952Z,01JD35HY8J4ANN23VHJQ72VSTN,2024-11-19T21:37:47.369841952Z,,
01JD360MWD2TGHXTM3PKXE10JC,01JD35AYBVQQVKKTE0Z4BTK0MR,2024-11-19T21:42:18.25309366Z,87,2024-11-19T21:42:35.002030198Z,01JD35AYC7K350PRPEQMH3F99C,2024-11-19T21:42:18.25309366Z,98,2024-11-19T21:42:35.001606195Z,01JD35H2T964091GQK6NP424D5,2024-11-19T21:42:18.25309366Z,01JD35HY55FS7RBBZJKHBN46EV,2024-11-19T21:42:18.25309366Z,01JD35HY9BJTQ5KYWZ4DXY3RPF,2024-11-19T21:42:18.25309366Z,true,2024-11-19T21:42:35.002730185Z
01JD35MPT5T14A08WSR6YGEYTN,01JD35AYBVQQVKKTE0Z4BTK0MR,2024-11-19T21:35:47.0134787Z,,,01JD35AYC7K350PRPEQMH3F99C,2024-11-19T21:35:47.0134787Z,,,01JD35EE9RZQ012GXKYWD0QZAQ,2024-11-19T21:35:47.0134787Z,01JD35HY56FYC5N84AWB59VS79,2024-11-19T21:35:47.0134787Z,01JD35HY95SH1M7EC1QD8CCHXK,2024-11-19T21:35:47.0134787Z,,
01JD35NM5N0Y24SHV8CVJF469X,01JD35AYBVQQVKKTE0Z4BTK0MR,2024-11-19T21:36:17.077180095Z,,,01JD35AYC7K350PRPEQMH3F99C,2024-11-19T21:36:17.077180095Z,,,01JD35FRVNY9E1ZQDJHV7FJQB0,2024-11-19T21:36:17.077180095Z,01JD35HY56FYC5N84AWB59VS79,2024-11-19T21:36:17.077180095Z,01JD35HY96JF72XFHXVAN9HQJM,2024-11-19T21:36:17.077180095Z,,
01JD35PHJ9NN7FFYBYDY1D430F,01JD35AYBVQQVKKTE0Z4BTK0MR,2024-11-19T21:36:47.177253464Z,,,01JD35AYC7K350PRPEQMH3F99C,2024-11-19T21:36:47.177253464Z,,,01JD35CHTQVENCAZFWDM5S93XV,2024-11-19T21:36:47.177253464Z,01JD35HY52E527ARYCXV59DDDW,2024-11-19T21:36:47.177253464Z,01JD35HY8CTZXJGHKW2MPV1W16,2024-11-19T21:36:47.177253464Z,,
01JD35RCBFC5MW0N7TJV55R3D8,01JD35AYBVQQVKKTE0Z4BTK0MR,2024-11-19T21:37:47.375917217Z,,,01JD35AYC7K350PRPEQMH3F99C,2024-11-19T21:37:47.375917217Z,,,01JD35H2T964091GQK6NP424D5,2024-11-19T21:37:47.375917217Z,01JD35HY53QK3HPKHPHMWA87DP,2024-11-19T21:37:47.375917217Z,01JD35HY8J4ANN23VHJQ72VSTN,2024-11-19T21:37:47.375917217Z,,
01JD35WZ8WS6P5A4R0VXVC8TDA,01JD35AYBVQQVKKTE0Z4BTK0MR,2024-11-19T21:40:17.820404402Z,,,01JD35AYC7K350PRPEQMH3F99C,2024-11-19T21:40:17.820404402Z,,,01JD35H2T964091GQK6NP424D5,2024-11-19T21:40:17.820404402Z,01JD35HY54Q682DDC6PS3EBKMF,2024-11-19T21:40:17.820404402Z,01JD35HY8VKW2RGCYAJ4TMP9XC,2024-11-19T21:40:17.820404402Z,,
01JD35HYQF2T8EEWMFC6MB8D0F,01JD35AYBVQQVKKTE0Z4BTK0MR,2024-11-19T21:34:16.815628143Z,,,01JD35AYC7K350PRPEQMH3F99C,2024-11-19T21:34:16.815628143Z,,,01JD35FRVNY9E1ZQDJHV7FJQB0,2024-11-19T21:34:16.815628143Z,01JD35HY51SFPFYDBMS3BK4CA3,2024-11-19T21:34:16.815628143Z,01JD35HYEPQ06TMT3SBXMXJRAY,2024-11-19T21:34:16.815628143Z,,
01JD35KSDNAY41Z39GD195AWNT,01JD35AYBVQQVKKTE0Z4BTK0MR,2024-11-19T21:35:16.917365345Z,25,2024-11-19T21:35:26.386851026Z,01JD35AYC7K350PRPEQMH3F99C,2024-11-19T21:35:16.917365345Z,24,2024-11-19T21:35:26.387395413Z,01JD35FRVNY9E1ZQDJHV7FJQB0,2024-11-19T21:35:16.917365345Z,01JD35HY51SFPFYDBMS3BK4CA3,2024-11-19T21:35:16.917365345Z,01JD35HYEPQ06TMT3SDCRRVA2A,2024-11-19T21:35:16.917365345Z,true,2024-11-19T21:35:26.392123498Z
01JD35PHJREQZDC0M7QCRR5MZK,01JD35AYBVQQVKKTE0Z4BTK0MR,2024-11-19T21:36:47.192571797Z,,,01JD35AYC7K350PRPEQMH3F99C,2024-11-19T21:36:47.192571797Z,,,01JD35H2T964091GQK6NP424D5,2024-11-19T21:36:47.192571797Z,01JD35HY52E527ARYCXV59DDDW,2024-11-19T21:36:47.192571797Z,01JD35HY8CTZXJGHKW2MPV1W16,2024-11-19T21:36:47.192571797Z,,
01JD35V4ECVMZF5HKFHWSVZEC7,01JD35AYBVQQVKKTE0Z4BTK0MR,2024-11-19T21:39:17.580606469Z,,,01JD35AYC7K350PRPEQMH3F99C,2024-11-19T21:39:17.580606469Z,,,01JD35CHTQVENCAZFWDM5S93XV,2024-11-19T21:39:17.580606469Z,01JD35HY56FYC5N84AWTJ1DBE7,2024-11-19T21:39:17.580606469Z,01JD35HY9A5J3GBHG8EQPJMN01,2024-11-19T21:39:17.580606469Z,,
01JD35XWNQAS7B0ZHWVMP20XDS,01JD35AYBVQQVKKTE0Z4BTK0MR,2024-11-19T21:40:47.927597038Z,,,01JD35AYC7K350PRPEQMH3F99C,2024-11-19T21:40:47.927597038Z,,,01JD35FRVNY9E1ZQDJHV7FJQB0,2024-11-19T21:40:47.927597038Z,01JD35HY53QK3HPKHPJ7GRQ0N0,2024-11-19T21:40:47.927597038Z,01JD35HYAJR7T05Y8V8VPK758K,2024-11-19T21:40:47.927597038Z,,
