id,batchID,batchIDLastChangedAt,gameID,gameIDLastChangedAt,playerID,playerIDLastChangedAt
01JD35HY449RFJMB6AV8ZF50H8,01JD35AYBVQQVKKTE0Z4BTK0MR,2024-11-19T21:34:16.196107467Z,01JD35AYC7K350PRPEQMH3F99C,2024-11-19T21:34:16.196107467Z,01JD35H2T964091GQK6NP424D5,2024-11-19T21:34:16.196107467Z
01JD35HY3J7EK7R8TKWM2CT3V9,01JD35AYBVQQVKKTE0Z4BTK0MR,2024-11-19T21:34:16.178801593Z,01JD35AYC7K350PRPEQMH3F99C,2024-11-19T21:34:16.178801593Z,01JD35CHTQVENCAZFWDM5S93XV,2024-11-19T21:34:16.178801593Z
01JD35HY3SQAHSFWT491XTHQ0T,01JD35AYBVQQVKKTE0Z4BTK0MR,2024-11-19T21:34:16.185604858Z,01JD35AYC7K350PRPEQMH3F99C,2024-11-19T21:34:16.185604858Z,01JD35EE9RZQ012GXKYWD0QZAQ,2024-11-19T21:34:16.185604858Z
01JD35HY3YT8JYH4ABJC52MZXF,01JD35AYBVQQVKKTE0Z4BTK0MR,2024-11-19T21:34:16.190784637Z,01JD35AYC7K350PRPEQMH3F99C,2024-11-19T21:34:16.190784637Z,01JD35FRVNY9E1ZQDJHV7FJQB0,2024-11-19T21:34:16.190784637Z
