id,batchID,batchIDLastChangedAt,gameID,gameIDLastChangedAt,playerID,playerIDLastChangedAt
01JGQNRX3S440QHY6FH75SPX0M,01JGQN6PD9ETGKE29MHY3NVMYG,2025-01-04T03:29:35.865265551Z,01JGQN6PDJX2AMV6D7XVGKA52P,2025-01-04T03:29:35.865265551Z,01JGQNC1BTAAAWC8D96CPBWBC1,2025-01-04T03:29:35.865265551Z
01JGQNRX3XHYC61H0A7EE2RBCF,01JGQN6PD9ETGKE29MHY3NVMYG,2025-01-04T03:29:35.869696219Z,01JGQN6PDJX2AMV6D7XVGKA52P,2025-01-04T03:29:35.869696219Z,01JGQNC4HREG1QX5JAQQ088BJ6,2025-01-04T03:29:35.869696219Z
01JGQQ39RWVPZZ9XDX08NWGT2R,01JGQN6HRJWW1KWVV2ENHHH4YQ,2025-01-04T03:52:45.084998787Z,01JGQN6HRV9WC2S1SA1FKCNRW7,2025-01-04T03:52:45.084998787Z,01JGQPN09AHYWZ03G1WBFBNCVK,2025-01-04T03:52:45.084998787Z
01JGQQ7EDGTHS4HN5J19CJPNF9,01JGQN6H4SJHBA63J3Q3XNJ08Z,2025-01-04T03:55:00.912591967Z,01JGQN6H51VVPKH8JK4RNC2G7B,2025-01-04T03:55:00.912591967Z,01JGQPJAGAPG5ENGBHG61QQ493,2025-01-04T03:55:00.912591967Z
01JGQR5WHW9K5TY5KC1JPTAZZN,01JGQN69J2ZZ2YBGSQRJSFP8Z1,2025-01-04T04:11:38.428401818Z,01JGQN69JTZES0CQFSZJZQB6VC,2025-01-04T04:11:38.428401818Z,01JGQQX623MDS3MNZ9JTXEW860,2025-01-04T04:11:38.428401818Z
01JGQNMXFG28WFAHHGTHCMZVAM,01JGQN6NSNFC0AA3615DT146GN,2025-01-04T03:27:25.168620742Z,01JGQN6NSWQ6QBDVXWPKB8EHYJ,2025-01-04T03:27:25.168620742Z,01JGQN9EAVW9Z9QCSXD3WVYB7J,2025-01-04T03:27:25.168620742Z
01JGQQXMQ7ZZ2G6ZN6NFEK94QY,01JGQN6F07W0F2M6XYBHP4B2BY,2025-01-04T04:07:08.263453967Z,01JGQN6F0GZ40C2945NY2RAGHM,2025-01-04T04:07:08.263453967Z,01JGQQKREWXEPYGW47XNV6M660,2025-01-04T04:07:08.263453967Z
01JGQR0AKG3R7BR4CCSD3WTJ0Y,01JGQN6E4C2CS4TK2X8C2X7854,2025-01-04T04:08:36.208629358Z,01JGQN6E4PZYQW2YP2JJMZMCQ1,2025-01-04T04:08:36.208629358Z,01JGQPQT9WBH6WGHT8C6PV0AC8,2025-01-04T04:08:36.208629358Z
01JGQR0AMF1W94179YB26NPG09,01JGQN6E4C2CS4TK2X8C2X7854,2025-01-04T04:08:36.239056281Z,01JGQN6E4PZYQW2YP2JJMZMCQ1,2025-01-04T04:08:36.239056281Z,01JGQQQ2G4VX2PJEPRY4PYRZ82,2025-01-04T04:08:36.239056281Z
01JGQNWZ75T066QZB8AWZYTRQV,01JGQN6N6ZD0N87MWSG78C1ZJT,2025-01-04T03:31:49.093795849Z,01JGQN6N75REDW2HT5QWGDBSQX,2025-01-04T03:31:49.093795849Z,01JGQNETDEE6CRRRZ48CZ1WREP,2025-01-04T03:31:49.093795849Z
01JGQQ0HYDF7Q2A2GHQMKWM78B,01JGQN6JCW5XFTXS88HCKCF1B3,2025-01-04T03:51:15.149178954Z,01JGQN6JD587697NPG2SFQKVYT,2025-01-04T03:51:15.149178954Z,01JGQPJZA3H97PF7MVRWYM79WV,2025-01-04T03:51:15.149178954Z
01JGQQ7EDWTMC9ZR062T1KWSSR,01JGQN6H4SJHBA63J3Q3XNJ08Z,2025-01-04T03:55:00.924321115Z,01JGQN6H51VVPKH8JK4RNC2G7B,2025-01-04T03:55:00.924321115Z,01JGQPKK0NF9CAQ0E9KV6SEWAM,2025-01-04T03:55:00.924321115Z
01JGQQSENMQXW4PEF9JPRYE4GM,01JGQN6FQPPX57374XCDH9XACY,2025-01-04T04:04:50.99692612Z,01JGQN6FQYM8SA7W5K2DDKD4B1,2025-01-04T04:04:50.99692612Z,01JGQQD6J9NWHVYXSH3AY9E674,2025-01-04T04:04:50.99692612Z
01JGQR0AM06V7JM643CY7NEPSG,01JGQN6E4C2CS4TK2X8C2X7854,2025-01-04T04:08:36.224618972Z,01JGQN6E4PZYQW2YP2JJMZMCQ1,2025-01-04T04:08:36.224618972Z,01JGQQPXN9MSGN8WQFG3EFYVXP,2025-01-04T04:08:36.224618972Z
01JGQNHCDS9S5VM43BPXA0CX11,01JGQN6Q06JA1XZ710BERNRPEQ,2025-01-04T03:25:29.401369075Z,01JGQN6Q0EQGCV317N3E1ZWK5C,2025-01-04T03:25:29.401369075Z,01JGQN8VHB9RXK0QHXMHTE1SDD,2025-01-04T03:25:29.401369075Z
01JGQNZXJBJ6FSNCRTTZQNTZ77,01JGQN6MQ8FPTSRNX1S0D2KFER,2025-01-04T03:33:25.707187416Z,01JGQN6MQG6XQMNGNFH6CVRM17,2025-01-04T03:33:25.707187416Z,01JGQN9AYWC0EG1EH6TMYMAQEG,2025-01-04T03:33:25.707187416Z
01JGQPFQBZX5F9878KC95B3FYE,01JGQN6M4PG7DV9YQHF1FJ1PBM,2025-01-04T03:42:03.647477535Z,01JGQN6M4YYY6RKNGWXCMRGHF1,2025-01-04T03:42:03.647477535Z,01JGQNBCRN0AC8H7HA0CE1V2JA,2025-01-04T03:42:03.647477535Z
01JGQNMXF9045M2P101BGMWPVA,01JGQN6NSNFC0AA3615DT146GN,2025-01-04T03:27:25.161115052Z,01JGQN6NSWQ6QBDVXWPKB8EHYJ,2025-01-04T03:27:25.161115052Z,01JGQN8WPB1GGWVJP8P9QSR6KV,2025-01-04T03:27:25.161115052Z
01JGQNWZ6V9ZAED673T6T525XC,01JGQN6N6ZD0N87MWSG78C1ZJT,2025-01-04T03:31:49.083238382Z,01JGQN6N75REDW2HT5QWGDBSQX,2025-01-04T03:31:49.083238382Z,01JGQN9J5QTAS9G5CVHDBHZ51F,2025-01-04T03:31:49.083238382Z
01JGQNWZ71HSCZS0QNJP07MKME,01JGQN6N6ZD0N87MWSG78C1ZJT,2025-01-04T03:31:49.089179164Z,01JGQN6N75REDW2HT5QWGDBSQX,2025-01-04T03:31:49.089179164Z,01JGQNB0DG75PXMG1BE7673SKR,2025-01-04T03:31:49.089179164Z
01JGQPFQBJD2SJQYXNZS91WDHT,01JGQN6M4PG7DV9YQHF1FJ1PBM,2025-01-04T03:42:03.634136891Z,01JGQN6M4YYY6RKNGWXCMRGHF1,2025-01-04T03:42:03.634136891Z,01JGQN9RB605XHYCVT9M5DCZHA,2025-01-04T03:42:03.634136891Z
01JGQPJTR9S8SBQ6XY7Y7NX6E2,01JGQN6KGZXD498J5FW8G3KXAG,2025-01-04T03:43:45.417430128Z,01JGQN6KH5XWF5M44PT56K5P9Q,2025-01-04T03:43:45.417430128Z,01JGQP8J2Y76Z855H8X3GR1KTH,2025-01-04T03:43:45.417430128Z
01JGQQ0HYPJFE8BD94DYRJKER7,01JGQN6JCW5XFTXS88HCKCF1B3,2025-01-04T03:51:15.158883853Z,01JGQN6JD587697NPG2SFQKVYT,2025-01-04T03:51:15.158883853Z,01JGQPKVRJJXV2QJZBHEQKPC03,2025-01-04T03:51:15.158883853Z
01JGQNMXF4W55EXYK7E4J9PT22,01JGQN6NSNFC0AA3615DT146GN,2025-01-04T03:27:25.156363152Z,01JGQN6NSWQ6QBDVXWPKB8EHYJ,2025-01-04T03:27:25.156363152Z,01JGQN8DASE279450FCAGVDDGH,2025-01-04T03:27:25.156363152Z
01JGQPV7EWYV26FZ1ZGKA1J88Q,01JGQN6JY5KFQGQW2710YA1DJ8,2025-01-04T03:48:20.572970542Z,01JGQN6JYCCYTD00X7SSASGME4,2025-01-04T03:48:20.572970542Z,01JGQP8YFVYVCD9ST28JWNZYY5,2025-01-04T03:48:20.572970542Z
01JGQQ39RF609GNAYZM9VSQDM9,01JGQN6HRJWW1KWVV2ENHHH4YQ,2025-01-04T03:52:45.071246962Z,01JGQN6HRV9WC2S1SA1FKCNRW7,2025-01-04T03:52:45.071246962Z,01JGQPJ3Q65M4S5MXAGD88FY5P,2025-01-04T03:52:45.071246962Z
01JGQQM9C18ZHZJACZNFN9AP8C,01JGQN6GJNGCAHXWA9BHTVKTHV,2025-01-04T04:02:01.729040649Z,01JGQN6GK1YC028VN449S35EYW,2025-01-04T04:02:01.729040649Z,01JGQPQE31959EVYMQCB22QPDV,2025-01-04T04:02:01.729040649Z
01JGQQSEM5J3RSEBJWNPS93NYK,01JGQN6FQPPX57374XCDH9XACY,2025-01-04T04:04:50.949091956Z,01JGQN6FQYM8SA7W5K2DDKD4B1,2025-01-04T04:04:50.949091956Z,01JGQQ8206FP6123S7MNCK2TFE,2025-01-04T04:04:50.949091956Z
01JGQR0AMWP5BDFVMWVHG6E2E2,01JGQN6E4C2CS4TK2X8C2X7854,2025-01-04T04:08:36.252979399Z,01JGQN6E4PZYQW2YP2JJMZMCQ1,2025-01-04T04:08:36.252979399Z,01JGQQVVB2A8AW1Q8JDEG3CT10,2025-01-04T04:08:36.252979399Z
01JGQQM9BNY3FPF91YQ1DBG8X3,01JGQN6GJNGCAHXWA9BHTVKTHV,2025-01-04T04:02:01.717648171Z,01JGQN6GK1YC028VN449S35EYW,2025-01-04T04:02:01.717648171Z,01JGQPHRPETDTTP35SN5SZXH8A,2025-01-04T04:02:01.717648171Z
01JGQR5WG890R1W78QS6ATW5CR,01JGQN69J2ZZ2YBGSQRJSFP8Z1,2025-01-04T04:11:38.376623073Z,01JGQN69JTZES0CQFSZJZQB6VC,2025-01-04T04:11:38.376623073Z,01JGQQHRVR4P3NC15PAA22PPMY,2025-01-04T04:11:38.376623073Z
01JGQNMXFCQEH7NFA13YYE82MP,01JGQN6NSNFC0AA3615DT146GN,2025-01-04T03:27:25.164574173Z,01JGQN6NSWQ6QBDVXWPKB8EHYJ,2025-01-04T03:27:25.164574173Z,01JGQN93T5XP3HH099ZN8X4JCA,2025-01-04T03:27:25.164574173Z
01JGQNRX3KNMV9P0CX4TTQESNN,01JGQN6PD9ETGKE29MHY3NVMYG,2025-01-04T03:29:35.859405998Z,01JGQN6PDJX2AMV6D7XVGKA52P,2025-01-04T03:29:35.859405998Z,01JGQNA09GBDKGJQ5NSJYNWK3Y,2025-01-04T03:29:35.859405998Z
01JGQPJTR1DXP6843CEMPKY5JS,01JGQN6KGZXD498J5FW8G3KXAG,2025-01-04T03:43:45.4097898Z,01JGQN6KH5XWF5M44PT56K5P9Q,2025-01-04T03:43:45.4097898Z,01JGQN9EWV7AY2JPYM3KE78JAX,2025-01-04T03:43:45.4097898Z
01JGQQ0HZBAAG7ZKA6QC9NC476,01JGQN6JCW5XFTXS88HCKCF1B3,2025-01-04T03:51:15.179482171Z,01JGQN6JD587697NPG2SFQKVYT,2025-01-04T03:51:15.179482171Z,01JGQPR6WGVTTBRGQVTAXNAW4S,2025-01-04T03:51:15.179482171Z
01JGQR5WGRAQR2GGMB3W5AM9XV,01JGQN69J2ZZ2YBGSQRJSFP8Z1,2025-01-04T04:11:38.392081749Z,01JGQN69JTZES0CQFSZJZQB6VC,2025-01-04T04:11:38.392081749Z,01JGQQPJCKK87TMP7NZ1HDS3SX,2025-01-04T04:11:38.392081749Z
01JGQNRX3EDWD24PBEA5SZGA45,01JGQN6PD9ETGKE29MHY3NVMYG,2025-01-04T03:29:35.85448008Z,01JGQN6PDJX2AMV6D7XVGKA52P,2025-01-04T03:29:35.85448008Z,01JGQN8XPGB66B2304510P27JH,2025-01-04T03:29:35.85448008Z
01JGQNZXK3QWZ9EY915GYPXPN0,01JGQN6MQ8FPTSRNX1S0D2KFER,2025-01-04T03:33:25.731470076Z,01JGQN6MQG6XQMNGNFH6CVRM17,2025-01-04T03:33:25.731470076Z,01JGQNAZEQZGQBDKMHY2BSB3E7,2025-01-04T03:33:25.731470076Z
01JGQQXMR6Y9D0S2H8462M15DG,01JGQN6F07W0F2M6XYBHP4B2BY,2025-01-04T04:07:08.294802676Z,01JGQN6F0GZ40C2945NY2RAGHM,2025-01-04T04:07:08.294802676Z,01JGQQPQ05DDZYH9CJYNJETNMZ,2025-01-04T04:07:08.294802676Z
01JGQR5WHA0PX5YW3EWNZ4DFJ3,01JGQN69J2ZZ2YBGSQRJSFP8Z1,2025-01-04T04:11:38.41037915Z,01JGQN69JTZES0CQFSZJZQB6VC,2025-01-04T04:11:38.41037915Z,01JGQQQDP9XC5YX57F2E49DZX2,2025-01-04T04:11:38.41037915Z
01JGQPJTRJT2C43YFSWMRFCFGT,01JGQN6KGZXD498J5FW8G3KXAG,2025-01-04T03:43:45.426556982Z,01JGQN6KH5XWF5M44PT56K5P9Q,2025-01-04T03:43:45.426556982Z,01JGQP8RYXJ6CYSW59YSP84A20,2025-01-04T03:43:45.426556982Z
01JGQQ0HZ2547WN74MBM9YKC1E,01JGQN6JCW5XFTXS88HCKCF1B3,2025-01-04T03:51:15.170111623Z,01JGQN6JD587697NPG2SFQKVYT,2025-01-04T03:51:15.170111623Z,01JGQPN8D3P4VNRDA0370ABP9Q,2025-01-04T03:51:15.170111623Z
01JGQQ39SM17C7R8BT362BGH5P,01JGQN6HRJWW1KWVV2ENHHH4YQ,2025-01-04T03:52:45.108771327Z,01JGQN6HRV9WC2S1SA1FKCNRW7,2025-01-04T03:52:45.108771327Z,01JGQPVSJ4TWJM4WKH9D53HQD4,2025-01-04T03:52:45.108771327Z
01JGQQM9CDA1FZ1K1WGVR7MFMZ,01JGQN6GJNGCAHXWA9BHTVKTHV,2025-01-04T04:02:01.741779Z,01JGQN6GK1YC028VN449S35EYW,2025-01-04T04:02:01.741779Z,01JGQQ7N6308CQVSKKF5QBVXWY,2025-01-04T04:02:01.741779Z
01JGQQSEN032AS2DE9PA2NF5KV,01JGQN6FQPPX57374XCDH9XACY,2025-01-04T04:04:50.976820727Z,01JGQN6FQYM8SA7W5K2DDKD4B1,2025-01-04T04:04:50.976820727Z,01JGQQCYY98D7XPQ6946YW892A,2025-01-04T04:04:50.976820727Z
01JGQNZXJKD9CZAE5X11E25CJP,01JGQN6MQ8FPTSRNX1S0D2KFER,2025-01-04T03:33:25.715794273Z,01JGQN6MQG6XQMNGNFH6CVRM17,2025-01-04T03:33:25.715794273Z,01JGQN9SZZ0MCQ7V415M97YJ1K,2025-01-04T03:33:25.715794273Z
01JGQPFQBCANFPYQ7GYPV98C6N,01JGQN6M4PG7DV9YQHF1FJ1PBM,2025-01-04T03:42:03.628318725Z,01JGQN6M4YYY6RKNGWXCMRGHF1,2025-01-04T03:42:03.628318725Z,01JGQN9DXY9VS1TZ45STRSPDA3,2025-01-04T03:42:03.628318725Z
01JGQQ39S7W8XHR28W7QV60XSA,01JGQN6HRJWW1KWVV2ENHHH4YQ,2025-01-04T03:52:45.095319563Z,01JGQN6HRV9WC2S1SA1FKCNRW7,2025-01-04T03:52:45.095319563Z,01JGQPPMF5QJ1EFZQVBR5NZ218,2025-01-04T03:52:45.095319563Z
01JGQNHCDGXXJMJFPCRQH4WRZF,01JGQN6Q06JA1XZ710BERNRPEQ,2025-01-04T03:25:29.392600095Z,01JGQN6Q0EQGCV317N3E1ZWK5C,2025-01-04T03:25:29.392600095Z,01JGQN8N16WPTNSMRFT9BKYJ0A,2025-01-04T03:25:29.392600095Z
01JGQNZXJTXNM2VV1BCCXSHCQ1,01JGQN6MQ8FPTSRNX1S0D2KFER,2025-01-04T03:33:25.722848001Z,01JGQN6MQG6XQMNGNFH6CVRM17,2025-01-04T03:33:25.722848001Z,01JGQNAYZN11MG8H4T83SBPCTA,2025-01-04T03:33:25.722848001Z
01JGQPV7EMV9FPYWA8DQW6KD5G,01JGQN6JY5KFQGQW2710YA1DJ8,2025-01-04T03:48:20.56484954Z,01JGQN6JYCCYTD00X7SSASGME4,2025-01-04T03:48:20.56484954Z,01JGQNCAVXSJE2FSW0QJ8TGWTK,2025-01-04T03:48:20.56484954Z
01JGQPV7FDW1K6WXVH0EG8M13E,01JGQN6JY5KFQGQW2710YA1DJ8,2025-01-04T03:48:20.589551054Z,01JGQN6JYCCYTD00X7SSASGME4,2025-01-04T03:48:20.589551054Z,01JGQPE17V7A6J47JKDFK3FKD4,2025-01-04T03:48:20.589551054Z
01JGQQXMRS1VXVZEZM6X5FC7D0,01JGQN6F07W0F2M6XYBHP4B2BY,2025-01-04T04:07:08.313373723Z,01JGQN6F0GZ40C2945NY2RAGHM,2025-01-04T04:07:08.313373723Z,01JGQQPRTZA2ASA5XVNJ9X1ZGT,2025-01-04T04:07:08.313373723Z
01JGQNWZ79FF788EF3YHBFNCP5,01JGQN6N6ZD0N87MWSG78C1ZJT,2025-01-04T03:31:49.098017784Z,01JGQN6N75REDW2HT5QWGDBSQX,2025-01-04T03:31:49.098017784Z,01JGQNQ41J84MVZD235DB35RKG,2025-01-04T03:31:49.098017784Z
01JGQPV7F4XXY5J9BQGNE2QP3N,01JGQN6JY5KFQGQW2710YA1DJ8,2025-01-04T03:48:20.58094029Z,01JGQN6JYCCYTD00X7SSASGME4,2025-01-04T03:48:20.58094029Z,01JGQPA3VP3BAHR4K81AZJB283,2025-01-04T03:48:20.58094029Z
01JGQQ7ED6Z07ZF899A39TDJB0,01JGQN6H4SJHBA63J3Q3XNJ08Z,2025-01-04T03:55:00.902297489Z,01JGQN6H51VVPKH8JK4RNC2G7B,2025-01-04T03:55:00.902297489Z,01JGQNBKH27386NXFVWD4MBGGV,2025-01-04T03:55:00.902297489Z
01JGQQSEMJT3ARPZ0MHW6RY1HK,01JGQN6FQPPX57374XCDH9XACY,2025-01-04T04:04:50.962814418Z,01JGQN6FQYM8SA7W5K2DDKD4B1,2025-01-04T04:04:50.962814418Z,01JGQQ95YP8HYTTKR3VQTYZW41,2025-01-04T04:04:50.962814418Z
01JGQNHCDC4BN0H3DH62R1MZXB,01JGQN6Q06JA1XZ710BERNRPEQ,2025-01-04T03:25:29.38866092Z,01JGQN6Q0EQGCV317N3E1ZWK5C,2025-01-04T03:25:29.38866092Z,01JGQN7QY4RX8F7KMVQ4SSZCGZ,2025-01-04T03:25:29.38866092Z
01JGQNHCDM69KB1NKVYPY52ZHC,01JGQN6Q06JA1XZ710BERNRPEQ,2025-01-04T03:25:29.396457438Z,01JGQN6Q0EQGCV317N3E1ZWK5C,2025-01-04T03:25:29.396457438Z,01JGQN8QRJ45P92YRYXFKCBXCW,2025-01-04T03:25:29.396457438Z
01JGQPFQBRHC1X8QCYW09KZHPD,01JGQN6M4PG7DV9YQHF1FJ1PBM,2025-01-04T03:42:03.640965383Z,01JGQN6M4YYY6RKNGWXCMRGHF1,2025-01-04T03:42:03.640965383Z,01JGQNA1K91XB91DYRAQPCKQA8,2025-01-04T03:42:03.640965383Z
01JGQPJTRWE3C7NZE4QRAVDDCJ,01JGQN6KGZXD498J5FW8G3KXAG,2025-01-04T03:43:45.436431562Z,01JGQN6KH5XWF5M44PT56K5P9Q,2025-01-04T03:43:45.436431562Z,01JGQPBSC3T5FRZ890Y4044X87,2025-01-04T03:43:45.436431562Z
01JGQQ7EE7GJ973M6TGC0RRYY3,01JGQN6H4SJHBA63J3Q3XNJ08Z,2025-01-04T03:55:00.935444667Z,01JGQN6H51VVPKH8JK4RNC2G7B,2025-01-04T03:55:00.935444667Z,01JGQPWM0V5M1NJWQK47J39H8W,2025-01-04T03:55:00.935444667Z
01JGQQM9CVZDT0WB9H7D0GJ3V8,01JGQN6GJNGCAHXWA9BHTVKTHV,2025-01-04T04:02:01.755947772Z,01JGQN6GK1YC028VN449S35EYW,2025-01-04T04:02:01.755947772Z,01JGQQ80AF4F4YHN4G9YTKY04C,2025-01-04T04:02:01.755947772Z
01JGQQXMQPBY8QB9NHBTVM8M6W,01JGQN6F07W0F2M6XYBHP4B2BY,2025-01-04T04:07:08.278051629Z,01JGQN6F0GZ40C2945NY2RAGHM,2025-01-04T04:07:08.278051629Z,01JGQQPGQMTGN7JKQH305QEEW5,2025-01-04T04:07:08.278051629Z
