﻿id,endedReason,endedReasonLastChangedAt,config,configLastChangedAt,status,statusLastChangedAt,lobbyConfig,lobbyConfigLastChangedAt,initialized,initializedLastChangedAt
01HWDP39KSCCM7MPGXPHST1Z9T,all games finished,2024-04-26T17:28:47.515390163Z,"{""kind"":""complete"",""config"":{""treatments"":[{""treatment"":{""name"":""rerun-interactive-0.3"",""factors"":{""condition"":""interactive"",""opinion"":""slider"",""playerCount"":4,""trueP"":0.3}},""count"":1}]}}",2024-04-26T17:08:55.545072587Z,ended,2024-04-26T17:28:47.515390163Z,"{""name"":""Default individual"",""kind"":""individual"",""duration"":300000000000}",2024-04-26T17:08:55.545072587Z,true,2024-04-26T17:08:55.565691084Z
01HWDP3DT4YXBP3DYDVGM7VJGR,all games finished,2024-04-26T17:33:51.074431725Z,"{""kind"":""complete"",""config"":{""treatments"":[{""treatment"":{""name"":""rerun-interactive-0.3"",""factors"":{""condition"":""interactive"",""opinion"":""slider"",""playerCount"":4,""trueP"":0.3}},""count"":1}]}}",2024-04-26T17:08:59.84446296Z,ended,2024-04-26T17:33:51.074431725Z,"{""name"":""Default individual"",""kind"":""individual"",""duration"":300000000000}",2024-04-26T17:08:59.84446296Z,true,2024-04-26T17:08:59.85593578Z
01HWDP3Q7FXE47D3D82CPXVR5K,all games finished,2024-04-26T17:59:23.887134947Z,"{""kind"":""complete"",""config"":{""treatments"":[{""treatment"":{""name"":""rerun-slider- 0.3"",""factors"":{""condition"":""slider"",""opinion"":""slider"",""playerCount"":4,""trueP"":0.3}},""count"":1}]}}",2024-04-26T17:09:09.487205932Z,ended,2024-04-26T17:59:23.887134947Z,"{""name"":""Default individual"",""kind"":""individual"",""duration"":300000000000}",2024-04-26T17:09:09.487205932Z,true,2024-04-26T17:09:09.502524384Z
01HWDP3TTKJEHS8D5KH363J23P,all games finished,2024-04-26T17:59:56.776138926Z,"{""kind"":""complete"",""config"":{""treatments"":[{""treatment"":{""name"":""rerun-slider- 0.3"",""factors"":{""condition"":""slider"",""opinion"":""slider"",""playerCount"":4,""trueP"":0.3}},""count"":1}]}}",2024-04-26T17:09:13.171199953Z,ended,2024-04-26T17:59:56.776138926Z,"{""name"":""Default individual"",""kind"":""individual"",""duration"":300000000000}",2024-04-26T17:09:13.171199953Z,true,2024-04-26T17:09:13.182725374Z
01HWDP3W7VQ6D1P01B7E1JV1DS,all games finished,2024-04-26T17:58:30.364197891Z,"{""kind"":""complete"",""config"":{""treatments"":[{""treatment"":{""name"":""rerun-slider- 0.3"",""factors"":{""condition"":""slider"",""opinion"":""slider"",""playerCount"":4,""trueP"":0.3}},""count"":1}]}}",2024-04-26T17:09:14.619781634Z,ended,2024-04-26T17:58:30.364197891Z,"{""name"":""Default individual"",""kind"":""individual"",""duration"":300000000000}",2024-04-26T17:09:14.619781634Z,true,2024-04-26T17:09:14.629687173Z
01HWDP49GA5CRBB5SD30K7CGT7,all games finished,2024-04-26T18:09:21.294213111Z,"{""kind"":""complete"",""config"":{""treatments"":[{""treatment"":{""name"":""rerun-slider- 0.7"",""factors"":{""condition"":""slider"",""opinion"":""slider"",""playerCount"":4,""trueP"":0.7}},""count"":1}]}}",2024-04-26T17:09:28.202213056Z,ended,2024-04-26T18:09:21.294213111Z,"{""name"":""Default individual"",""kind"":""individual"",""duration"":300000000000}",2024-04-26T17:09:28.202213056Z,true,2024-04-26T17:09:28.214655265Z
01HWDP4BAH2TXQVE2HB769ND71,all games finished,2024-04-26T18:12:13.807003914Z,"{""kind"":""complete"",""config"":{""treatments"":[{""treatment"":{""name"":""rerun-slider- 0.7"",""factors"":{""condition"":""slider"",""opinion"":""slider"",""playerCount"":4,""trueP"":0.7}},""count"":1}]}}",2024-04-26T17:09:30.065863256Z,ended,2024-04-26T18:12:13.807003914Z,"{""name"":""Default individual"",""kind"":""individual"",""duration"":300000000000}",2024-04-26T17:09:30.065863256Z,true,2024-04-26T17:09:30.075343554Z
01HWDP5F40M8JFYGVBZ3BQVYVR,all games finished,2024-04-26T18:28:22.663909419Z,"{""kind"":""complete"",""config"":{""treatments"":[{""treatment"":{""name"":""rerun-unidirectional- 0.3"",""factors"":{""condition"":""unidirectional"",""opinion"":""slider"",""playerCount"":4,""trueP"":0.3}},""count"":1}]}}",2024-04-26T17:10:06.72061994Z,ended,2024-04-26T18:28:22.663909419Z,"{""name"":""Default individual"",""kind"":""individual"",""duration"":300000000000}",2024-04-26T17:10:06.72061994Z,true,2024-04-26T17:10:06.732085762Z
01HWDP5JC50CNFAMKSGPM95QNG,all games finished,2024-04-26T18:31:24.469670957Z,"{""kind"":""complete"",""config"":{""treatments"":[{""treatment"":{""name"":""rerun-unidirectional- 0.3"",""factors"":{""condition"":""unidirectional"",""opinion"":""slider"",""playerCount"":4,""trueP"":0.3}},""count"":1}]}}",2024-04-26T17:10:10.053391945Z,ended,2024-04-26T18:31:24.469670957Z,"{""name"":""Default individual"",""kind"":""individual"",""duration"":300000000000}",2024-04-26T17:10:10.053391945Z,true,2024-04-26T17:10:10.064456098Z
01HWDP5KMTXR7Q69DTJTCPFAFE,all games finished,2024-04-26T18:28:33.314407042Z,"{""kind"":""complete"",""config"":{""treatments"":[{""treatment"":{""name"":""rerun-unidirectional- 0.3"",""factors"":{""condition"":""unidirectional"",""opinion"":""slider"",""playerCount"":4,""trueP"":0.3}},""count"":1}]}}",2024-04-26T17:10:11.354053123Z,ended,2024-04-26T18:28:33.314407042Z,"{""name"":""Default individual"",""kind"":""individual"",""duration"":300000000000}",2024-04-26T17:10:11.354053123Z,true,2024-04-26T17:10:11.364162505Z
01HWDP5MS15ATFG0DP50D78YAX,all games finished,2024-04-26T18:25:27.096742685Z,"{""kind"":""complete"",""config"":{""treatments"":[{""treatment"":{""name"":""rerun-unidirectional- 0.3"",""factors"":{""condition"":""unidirectional"",""opinion"":""slider"",""playerCount"":4,""trueP"":0.3}},""count"":1}]}}",2024-04-26T17:10:12.513440689Z,ended,2024-04-26T18:25:27.096742685Z,"{""name"":""Default individual"",""kind"":""individual"",""duration"":300000000000}",2024-04-26T17:10:12.513440689Z,true,2024-04-26T17:10:12.522505918Z
01HWDP5NYDS3HJWC3V2AV6W110,all games finished,2024-04-26T18:21:55.642102079Z,"{""kind"":""complete"",""config"":{""treatments"":[{""treatment"":{""name"":""rerun-unidirectional- 0.3"",""factors"":{""condition"":""unidirectional"",""opinion"":""slider"",""playerCount"":4,""trueP"":0.3}},""count"":1}]}}",2024-04-26T17:10:13.709959736Z,ended,2024-04-26T18:21:55.642102079Z,"{""name"":""Default individual"",""kind"":""individual"",""duration"":300000000000}",2024-04-26T17:10:13.709959736Z,true,2024-04-26T17:10:13.717216967Z
01HWDP5QAT9FRB8ZTXEHAV9YZ5,all games finished,2024-04-26T18:24:18.606364791Z,"{""kind"":""complete"",""config"":{""treatments"":[{""treatment"":{""name"":""rerun-unidirectional- 0.3"",""factors"":{""condition"":""unidirectional"",""opinion"":""slider"",""playerCount"":4,""trueP"":0.3}},""count"":1}]}}",2024-04-26T17:10:15.130567997Z,ended,2024-04-26T18:24:18.606364791Z,"{""name"":""Default individual"",""kind"":""individual"",""duration"":300000000000}",2024-04-26T17:10:15.130567997Z,true,2024-04-26T17:10:15.142613828Z
01HWDP67EYFHMSKVAKKB0SXA9M,all games finished,2024-04-26T18:56:03.326024086Z,"{""kind"":""complete"",""config"":{""treatments"":[{""treatment"":{""name"":""rerun-unidirectional- 0.7"",""factors"":{""condition"":""unidirectional"",""opinion"":""slider"",""playerCount"":4,""trueP"":0.7}},""count"":1}]}}",2024-04-26T17:10:31.646863059Z,ended,2024-04-26T18:56:03.326024086Z,"{""name"":""Default individual"",""kind"":""individual"",""duration"":300000000000}",2024-04-26T17:10:31.646863059Z,true,2024-04-26T17:10:31.662573079Z
01HWDP6ARFSKR8D84R7374BEM1,all games finished,2024-04-26T18:45:58.107459395Z,"{""kind"":""complete"",""config"":{""treatments"":[{""treatment"":{""name"":""rerun-unidirectional- 0.7"",""factors"":{""condition"":""unidirectional"",""opinion"":""slider"",""playerCount"":4,""trueP"":0.7}},""count"":1}]}}",2024-04-26T17:10:35.023075204Z,ended,2024-04-26T18:45:58.107459395Z,"{""name"":""Default individual"",""kind"":""individual"",""duration"":300000000000}",2024-04-26T17:10:35.023075204Z,true,2024-04-26T17:10:35.031893751Z
01HWDP6BHJTCKW79DN1ZW59F9M,all games finished,2024-04-26T18:45:20.559928648Z,"{""kind"":""complete"",""config"":{""treatments"":[{""treatment"":{""name"":""rerun-unidirectional- 0.7"",""factors"":{""condition"":""unidirectional"",""opinion"":""slider"",""playerCount"":4,""trueP"":0.7}},""count"":1}]}}",2024-04-26T17:10:35.826430816Z,ended,2024-04-26T18:45:20.559928648Z,"{""name"":""Default individual"",""kind"":""individual"",""duration"":300000000000}",2024-04-26T17:10:35.826430816Z,true,2024-04-26T17:10:35.835518284Z
01HWDP6CN2Q2NJGRPNBZ8PMT3H,all games finished,2024-04-26T18:42:11.913907486Z,"{""kind"":""complete"",""config"":{""treatments"":[{""treatment"":{""name"":""rerun-unidirectional- 0.7"",""factors"":{""condition"":""unidirectional"",""opinion"":""slider"",""playerCount"":4,""trueP"":0.7}},""count"":1}]}}",2024-04-26T17:10:36.962462318Z,ended,2024-04-26T18:42:11.913907486Z,"{""name"":""Default individual"",""kind"":""individual"",""duration"":300000000000}",2024-04-26T17:10:36.962462318Z,true,2024-04-26T17:10:36.970441799Z
01HWDP6DGCBZWY64KQJWF4YCBN,all games finished,2024-04-26T18:40:06.313491146Z,"{""kind"":""complete"",""config"":{""treatments"":[{""treatment"":{""name"":""rerun-unidirectional- 0.7"",""factors"":{""condition"":""unidirectional"",""opinion"":""slider"",""playerCount"":4,""trueP"":0.7}},""count"":1}]}}",2024-04-26T17:10:37.836834207Z,ended,2024-04-26T18:40:06.313491146Z,"{""name"":""Default individual"",""kind"":""individual"",""duration"":300000000000}",2024-04-26T17:10:37.836834207Z,true,2024-04-26T17:10:37.845368099Z
01HWDP6EBD2PMW6C83DTZ074MV,all games finished,2024-04-26T18:43:07.364007495Z,"{""kind"":""complete"",""config"":{""treatments"":[{""treatment"":{""name"":""rerun-unidirectional- 0.7"",""factors"":{""condition"":""unidirectional"",""opinion"":""slider"",""playerCount"":4,""trueP"":0.7}},""count"":1}]}}",2024-04-26T17:10:38.701584965Z,ended,2024-04-26T18:43:07.364007495Z,"{""name"":""Default individual"",""kind"":""individual"",""duration"":300000000000}",2024-04-26T17:10:38.701584965Z,true,2024-04-26T17:10:38.711210451Z
01HWDP6F6EZYSFGZWDN5JPF6ZY,,,"{""kind"":""complete"",""config"":{""treatments"":[{""treatment"":{""name"":""rerun-unidirectional- 0.7"",""factors"":{""condition"":""unidirectional"",""opinion"":""slider"",""playerCount"":4,""trueP"":0.7}},""count"":1}]}}",2024-04-26T17:10:39.566599149Z,terminated,2024-04-26T18:06:28.647593542Z,"{""name"":""Default individual"",""kind"":""individual"",""duration"":300000000000}",2024-04-26T17:10:39.566599149Z,true,2024-04-26T17:10:39.575494515Z
01HWDP6FZ8WEF3339XNVV9SQ0E,all games finished,2024-04-26T18:04:31.041801191Z,"{""kind"":""complete"",""config"":{""treatments"":[{""treatment"":{""name"":""rerun-unidirectional- 0.7"",""factors"":{""condition"":""unidirectional"",""opinion"":""slider"",""playerCount"":4,""trueP"":0.7}},""count"":1}]}}",2024-04-26T17:10:40.360668812Z,ended,2024-04-26T18:04:31.041801191Z,"{""name"":""Default individual"",""kind"":""individual"",""duration"":300000000000}",2024-04-26T17:10:40.360668812Z,true,2024-04-26T17:10:40.369012359Z
01HWDP6GNK2FTPK33ER7CE7H6Y,all games finished,2024-04-26T17:56:42.95556167Z,"{""kind"":""complete"",""config"":{""treatments"":[{""treatment"":{""name"":""rerun-unidirectional- 0.7"",""factors"":{""condition"":""unidirectional"",""opinion"":""slider"",""playerCount"":4,""trueP"":0.7}},""count"":1}]}}",2024-04-26T17:10:41.075555626Z,ended,2024-04-26T17:56:42.95556167Z,"{""name"":""Default individual"",""kind"":""individual"",""duration"":300000000000}",2024-04-26T17:10:41.075555626Z,true,2024-04-26T17:10:41.084162903Z
01HWDP6HH8ST7H7MGVMKRWB4N6,all games finished,2024-04-26T17:54:02.336271221Z,"{""kind"":""complete"",""config"":{""treatments"":[{""treatment"":{""name"":""rerun-unidirectional- 0.7"",""factors"":{""condition"":""unidirectional"",""opinion"":""slider"",""playerCount"":4,""trueP"":0.7}},""count"":1}]}}",2024-04-26T17:10:41.960338485Z,ended,2024-04-26T17:54:02.336271221Z,"{""name"":""Default individual"",""kind"":""individual"",""duration"":300000000000}",2024-04-26T17:10:41.960338485Z,true,2024-04-26T17:10:41.968014141Z
01HWDP6JDQF0H0JJE8Q4CJGXJZ,all games finished,2024-04-26T17:51:58.451898455Z,"{""kind"":""complete"",""config"":{""treatments"":[{""treatment"":{""name"":""rerun-unidirectional- 0.7"",""factors"":{""condition"":""unidirectional"",""opinion"":""slider"",""playerCount"":4,""trueP"":0.7}},""count"":1}]}}",2024-04-26T17:10:42.871575685Z,ended,2024-04-26T17:51:58.451898455Z,"{""name"":""Default individual"",""kind"":""individual"",""duration"":300000000000}",2024-04-26T17:10:42.871575685Z,true,2024-04-26T17:10:42.878932384Z
01HWDP6K9PHTQNCC0M5ZQQ9229,all games finished,2024-04-26T17:48:35.14455117Z,"{""kind"":""complete"",""config"":{""treatments"":[{""treatment"":{""name"":""rerun-unidirectional- 0.7"",""factors"":{""condition"":""unidirectional"",""opinion"":""slider"",""playerCount"":4,""trueP"":0.7}},""count"":1}]}}",2024-04-26T17:10:43.766250084Z,ended,2024-04-26T17:48:35.14455117Z,"{""name"":""Default individual"",""kind"":""individual"",""duration"":300000000000}",2024-04-26T17:10:43.766250084Z,true,2024-04-26T17:10:43.782789679Z
01HWDP6M1CBG1GQWKB36RARCXV,all games finished,2024-04-26T17:47:50.703771717Z,"{""kind"":""complete"",""config"":{""treatments"":[{""treatment"":{""name"":""rerun-unidirectional- 0.7"",""factors"":{""condition"":""unidirectional"",""opinion"":""slider"",""playerCount"":4,""trueP"":0.7}},""count"":1}]}}",2024-04-26T17:10:44.524135483Z,ended,2024-04-26T17:47:50.703771717Z,"{""name"":""Default individual"",""kind"":""individual"",""duration"":300000000000}",2024-04-26T17:10:44.524135483Z,true,2024-04-26T17:10:44.53469735Z
01HWDP6MSNBT7TGZZ7344GHN1A,all games finished,2024-04-26T17:41:41.338418929Z,"{""kind"":""complete"",""config"":{""treatments"":[{""treatment"":{""name"":""rerun-unidirectional- 0.7"",""factors"":{""condition"":""unidirectional"",""opinion"":""slider"",""playerCount"":4,""trueP"":0.7}},""count"":1}]}}",2024-04-26T17:10:45.301675184Z,ended,2024-04-26T17:41:41.338418929Z,"{""name"":""Default individual"",""kind"":""individual"",""duration"":300000000000}",2024-04-26T17:10:45.301675184Z,true,2024-04-26T17:10:45.317261423Z
01HWDPQQD0R1KD8EYAKTKZ2WEE,all games finished,2024-04-26T17:36:47.97370528Z,"{""kind"":""complete"",""config"":{""treatments"":[{""treatment"":{""name"":""rerun-interactive-0.3"",""factors"":{""condition"":""interactive"",""opinion"":""slider"",""playerCount"":4,""trueP"":0.3}},""count"":1}]}}",2024-04-26T17:20:05.024548989Z,ended,2024-04-26T17:36:47.97370528Z,"{""name"":""Default individual"",""kind"":""individual"",""duration"":300000000000}",2024-04-26T17:20:05.024548989Z,true,2024-04-26T17:20:05.046828155Z
01HWDQD50H3JE92DNDAFRPWRY8,all games finished,2024-04-26T17:46:20.113329401Z,"{""kind"":""complete"",""config"":{""treatments"":[{""treatment"":{""name"":""rerun-unidirectional- 0.7"",""factors"":{""condition"":""unidirectional"",""opinion"":""slider"",""playerCount"":4,""trueP"":0.7}},""count"":1}]}}",2024-04-26T17:31:47.08919134Z,ended,2024-04-26T17:46:20.113329401Z,"{""name"":""Default individual"",""kind"":""individual"",""duration"":300000000000}",2024-04-26T17:31:47.08919134Z,true,2024-04-26T17:31:47.106191816Z
01HWDRPKQCAA8Z3P36EHYYMHNM,all games finished,2024-04-26T18:04:09.37477642Z,"{""kind"":""complete"",""config"":{""treatments"":[{""treatment"":{""name"":""rerun-slider- 0.3"",""factors"":{""condition"":""slider"",""opinion"":""slider"",""playerCount"":4,""trueP"":0.3}},""count"":1}]}}",2024-04-26T17:54:25.644439012Z,ended,2024-04-26T18:04:09.37477642Z,"{""name"":""Default individual"",""kind"":""individual"",""duration"":300000000000}",2024-04-26T17:54:25.644439012Z,true,2024-04-26T17:54:25.709531485Z
01HWDSCSA0V9MCAKQW9RQT23SM,all games finished,2024-04-26T18:37:05.919761603Z,"{""kind"":""complete"",""config"":{""treatments"":[{""treatment"":{""name"":""rerun-unidirectional- 0.7"",""factors"":{""condition"":""unidirectional"",""opinion"":""slider"",""playerCount"":4,""trueP"":0.7}},""count"":1}]}}",2024-04-26T18:06:32.256324251Z,ended,2024-04-26T18:37:05.919761603Z,"{""name"":""Default individual"",""kind"":""individual"",""duration"":300000000000}",2024-04-26T18:06:32.256324251Z,true,2024-04-26T18:06:32.316915519Z
01HWDSF8T01PXGF3T420DEMNYM,,,"{""kind"":""complete"",""config"":{""treatments"":[{""treatment"":{""name"":""rerun-slider- 0.7"",""factors"":{""condition"":""slider"",""opinion"":""slider"",""playerCount"":4,""trueP"":0.7}},""count"":1}]}}",2024-04-26T18:07:53.664123701Z,terminated,2024-04-26T18:08:04.538069856Z,"{""name"":""Default individual"",""kind"":""individual"",""duration"":300000000000}",2024-04-26T18:07:53.664123701Z,true,2024-04-26T18:07:53.69670487Z
01HWDSTT2XSEAMVVVF2SPFM9H8,all games finished,2024-04-26T18:34:33.010504359Z,"{""kind"":""complete"",""config"":{""treatments"":[{""treatment"":{""name"":""rerun-unidirectional- 0.3"",""factors"":{""condition"":""unidirectional"",""opinion"":""slider"",""playerCount"":4,""trueP"":0.3}},""count"":1}]}}",2024-04-26T18:14:11.805406006Z,ended,2024-04-26T18:34:33.010504359Z,"{""name"":""Default individual"",""kind"":""individual"",""duration"":300000000000}",2024-04-26T18:14:11.805406006Z,true,2024-04-26T18:14:11.949142462Z
01HWDT4BXPWWX7801SC8QQPVQZ,,,"{""kind"":""complete"",""config"":{""treatments"":[{""treatment"":{""name"":""rerun-unidirectional- 0.3"",""factors"":{""condition"":""unidirectional"",""opinion"":""slider"",""playerCount"":4,""trueP"":0.3}},""count"":1}]}}",2024-04-26T18:19:24.982941812Z,terminated,2024-04-26T18:19:30.508784559Z,"{""name"":""Default individual"",""kind"":""individual"",""duration"":300000000000}",2024-04-26T18:19:24.982941812Z,true,2024-04-26T18:19:25.094628347Z
01HWDTGS56CEX79QGC0WJFCSE2,all games finished,2024-04-26T18:46:30.802553049Z,"{""kind"":""complete"",""config"":{""treatments"":[{""treatment"":{""name"":""rerun-unidirectional- 0.7"",""factors"":{""condition"":""unidirectional"",""opinion"":""slider"",""playerCount"":4,""trueP"":0.7}},""count"":1}]}}",2024-04-26T18:26:11.750196141Z,ended,2024-04-26T18:46:30.802553049Z,"{""name"":""Default individual"",""kind"":""individual"",""duration"":300000000000}",2024-04-26T18:26:11.750196141Z,true,2024-04-26T18:26:11.897908186Z
01HWDTPPE47SGTKQMBM4NBSNY5,,,"{""kind"":""complete"",""config"":{""treatments"":[{""treatment"":{""name"":""rerun-unidirectional- 0.7"",""factors"":{""condition"":""unidirectional"",""opinion"":""slider"",""playerCount"":4,""trueP"":0.7}},""count"":1}]}}",2024-04-26T18:29:25.572404893Z,terminated,2024-04-26T18:43:28.394094682Z,"{""name"":""Default individual"",""kind"":""individual"",""duration"":300000000000}",2024-04-26T18:29:25.572404893Z,true,2024-04-26T18:29:25.861229594Z
01HWDVG9YZ3M4DWMBSWB1SZC6G,all games finished,2024-04-26T19:02:32.715076224Z,"{""kind"":""complete"",""config"":{""treatments"":[{""treatment"":{""name"":""rerun-unidirectional- 0.7"",""factors"":{""condition"":""unidirectional"",""opinion"":""slider"",""playerCount"":4,""trueP"":0.7}},""count"":1}]}}",2024-04-26T18:43:24.767721095Z,ended,2024-04-26T19:02:32.715076224Z,"{""name"":""Default individual"",""kind"":""individual"",""duration"":300000000000}",2024-04-26T18:43:24.767721095Z,true,2024-04-26T18:43:31.511347232Z
01HWDVH4VGTVR7KWDCX6VD694V,all games finished,2024-04-26T19:04:43.381732747Z,"{""kind"":""complete"",""config"":{""treatments"":[{""treatment"":{""name"":""rerun-unidirectional- 0.7"",""factors"":{""condition"":""unidirectional"",""opinion"":""slider"",""playerCount"":4,""trueP"":0.7}},""count"":1}]}}",2024-04-26T18:43:52.3050779Z,ended,2024-04-26T19:04:43.381732747Z,"{""name"":""Default individual"",""kind"":""individual"",""duration"":300000000000}",2024-04-26T18:43:52.3050779Z,true,2024-04-26T18:44:03.188505181Z
