﻿id,batchID,batchIDLastChangedAt,gameID,gameIDLastChangedAt,playerID,playerIDLastChangedAt
01HWDPPQXAVWW84G7NYCN7S1ED,01HWDP39KSCCM7MPGXPHST1Z9T,2024-04-26T17:19:32.778304769Z,01HWDP39MDQ4EJ18DDSHEFDB0S,2024-04-26T17:19:32.778304769Z,01HWDP9V69T71HA415X8044TBK,2024-04-26T17:19:32.778304769Z
01HWDPPQXN60WJPSY2N9T53E9R,01HWDP39KSCCM7MPGXPHST1Z9T,2024-04-26T17:19:32.789894134Z,01HWDP39MDQ4EJ18DDSHEFDB0S,2024-04-26T17:19:32.789894134Z,01HWDPE8AYQPY2SM83HVFFP96X,2024-04-26T17:19:32.789894134Z
01HWDPPQXT6CEXQHNKNV7K3R01,01HWDP39KSCCM7MPGXPHST1Z9T,2024-04-26T17:19:32.794752931Z,01HWDP39MDQ4EJ18DDSHEFDB0S,2024-04-26T17:19:32.794752931Z,01HWDPFSB24HBGGCPWC4Z908SA,2024-04-26T17:19:32.794752931Z
01HWDPPQY0ZBYM8GW274P5P42N,01HWDP39KSCCM7MPGXPHST1Z9T,2024-04-26T17:19:32.80072379Z,01HWDP39MDQ4EJ18DDSHEFDB0S,2024-04-26T17:19:32.80072379Z,01HWDPGN7MDBHRD24V3VKPFTWY,2024-04-26T17:19:32.80072379Z
01HWDPX8JK02RXV3C41Q7E9QVD,01HWDP3DT4YXBP3DYDVGM7VJGR,2024-04-26T17:23:06.451966589Z,01HWDP3DTG6NCKJ6WWN5MS9JFY,2024-04-26T17:23:06.451966589Z,01HWDPJTZD33DHCRYYMJNAF1WW,2024-04-26T17:23:06.451966589Z
01HWDPX8JSHJB5YYHENYRV1RW1,01HWDP3DT4YXBP3DYDVGM7VJGR,2024-04-26T17:23:06.457639117Z,01HWDP3DTG6NCKJ6WWN5MS9JFY,2024-04-26T17:23:06.457639117Z,01HWDPMJXT0DSFHR062ZN357Q1,2024-04-26T17:23:06.457639117Z
01HWDPX8K21RTTSKC7BE5C9MXZ,01HWDP3DT4YXBP3DYDVGM7VJGR,2024-04-26T17:23:06.466256618Z,01HWDP3DTG6NCKJ6WWN5MS9JFY,2024-04-26T17:23:06.466256618Z,01HWDPRJVW83N44JFVSA3J5HTY,2024-04-26T17:23:06.466256618Z
01HWDPX8K7JVWF1T733B60XMA5,01HWDP3DT4YXBP3DYDVGM7VJGR,2024-04-26T17:23:06.471859592Z,01HWDP3DTG6NCKJ6WWN5MS9JFY,2024-04-26T17:23:06.471859592Z,01HWDPSGQWRP9NBEQ3DQX4ZZWW,2024-04-26T17:23:06.471859592Z
01HWDQ4ZHNAJ5QWSBZ8RS12E1E,01HWDPQQD0R1KD8EYAKTKZ2WEE,2024-04-26T17:27:19.349352821Z,01HWDPQQDQ6CTSH0F9288Z5DNJ,2024-04-26T17:27:19.349352821Z,01HWDPKZATVN0QTN2M84QNQ0AR,2024-04-26T17:27:19.349352821Z
01HWDQ4ZHYF5TXBQ4EW46VHD05,01HWDPQQD0R1KD8EYAKTKZ2WEE,2024-04-26T17:27:19.358965098Z,01HWDPQQDQ6CTSH0F9288Z5DNJ,2024-04-26T17:27:19.358965098Z,01HWDPR8V8AFPCN63VZ0RRMWFE,2024-04-26T17:27:19.358965098Z
01HWDQ4ZJACWX27P8PV3RVK3F9,01HWDPQQD0R1KD8EYAKTKZ2WEE,2024-04-26T17:27:19.370221858Z,01HWDPQQDQ6CTSH0F9288Z5DNJ,2024-04-26T17:27:19.370221858Z,01HWDPS8HFRDXXW6RJM4XMBZYX,2024-04-26T17:27:19.370221858Z
01HWDQ4ZJJ2RGC5MHTFWMC33VK,01HWDPQQD0R1KD8EYAKTKZ2WEE,2024-04-26T17:27:19.378931066Z,01HWDPQQDQ6CTSH0F9288Z5DNJ,2024-04-26T17:27:19.378931066Z,01HWDPSNMNQ8X9PMF6B7BVBCHF,2024-04-26T17:27:19.378931066Z
01HWDQD1EZJG0T3QJG3GXC6YKC,01HWDP6MSNBT7TGZZ7344GHN1A,2024-04-26T17:31:43.455267231Z,01HWDP6MT76GJHYQ3ZNSA34G9K,2024-04-26T17:31:43.455267231Z,01HWDQ4HY9BPPADZWDP7NPNP49,2024-04-26T17:31:43.455267231Z
01HWDQD1F7Z0A22VWNQ7W2TRCG,01HWDP6MSNBT7TGZZ7344GHN1A,2024-04-26T17:31:43.463650953Z,01HWDP6MT76GJHYQ3ZNSA34G9K,2024-04-26T17:31:43.463650953Z,01HWDQ614QMVRB2X11EB2W8WZY,2024-04-26T17:31:43.463650953Z
01HWDQD1FGDPQ5D23PTQ2FT52C,01HWDP6MSNBT7TGZZ7344GHN1A,2024-04-26T17:31:43.472425146Z,01HWDP6MT76GJHYQ3ZNSA34G9K,2024-04-26T17:31:43.472425146Z,01HWDQ6J7YBW3M1ME8NHWDYF3K,2024-04-26T17:31:43.472425146Z
01HWDQD1FRHDGPHFDSN8WXPBZW,01HWDP6MSNBT7TGZZ7344GHN1A,2024-04-26T17:31:43.480850347Z,01HWDP6MT76GJHYQ3ZNSA34G9K,2024-04-26T17:31:43.480850347Z,01HWDQ6NFP1V656JGWQZ7GTGKY,2024-04-26T17:31:43.480850347Z
01HWDQMBFX540EXWC8J6CKB39B,01HWDP6M1CBG1GQWKB36RARCXV,2024-04-26T17:35:43.10143163Z,01HWDP6M1QBG7W2CCS8BGXG6HT,2024-04-26T17:35:43.10143163Z,01HWDQ9FQX7TWRZ35ZWRNEYGNZ,2024-04-26T17:35:43.10143163Z
01HWDQMBGAESZGYXHCNYWG5KXG,01HWDP6M1CBG1GQWKB36RARCXV,2024-04-26T17:35:43.11428062Z,01HWDP6M1QBG7W2CCS8BGXG6HT,2024-04-26T17:35:43.11428062Z,01HWDQA0EWWYQBG0GHD55JNP7C,2024-04-26T17:35:43.11428062Z
01HWDQMBGKNT5EC0YKYF5XCVTG,01HWDP6M1CBG1GQWKB36RARCXV,2024-04-26T17:35:43.123958536Z,01HWDP6M1QBG7W2CCS8BGXG6HT,2024-04-26T17:35:43.123958536Z,01HWDQA8E6BRG4KMW7XCY77J1K,2024-04-26T17:35:43.123958536Z
01HWDQMBGWB57FZ2QHHXYTE273,01HWDP6M1CBG1GQWKB36RARCXV,2024-04-26T17:35:43.13277627Z,01HWDP6M1QBG7W2CCS8BGXG6HT,2024-04-26T17:35:43.13277627Z,01HWDQBA5RJ2NRY9V3H7HCTTVR,2024-04-26T17:35:43.13277627Z
01HWDQNVSJVBPYH98HSR12HA9C,01HWDQD50H3JE92DNDAFRPWRY8,2024-04-26T17:36:32.562278874Z,01HWDQD50ZATPME14E53TC1C09,2024-04-26T17:36:32.562278874Z,01HWDQ75BFD6VBD50447SWWGD2,2024-04-26T17:36:32.562278874Z
01HWDQNVSYS4NW1BKRWT2JSQYB,01HWDQD50H3JE92DNDAFRPWRY8,2024-04-26T17:36:32.574354311Z,01HWDQD50ZATPME14E53TC1C09,2024-04-26T17:36:32.574354311Z,01HWDQDR49CH9DFDA0VFSWC801,2024-04-26T17:36:32.574354311Z
01HWDQNVT8QRNSX4WYTDX7ZEXP,01HWDQD50H3JE92DNDAFRPWRY8,2024-04-26T17:36:32.584253747Z,01HWDQD50ZATPME14E53TC1C09,2024-04-26T17:36:32.584253747Z,01HWDQGDSX49XTBKSNJ404TEEA,2024-04-26T17:36:32.584253747Z
01HWDQNVTHW6M0N2QGYN1JEW1H,01HWDQD50H3JE92DNDAFRPWRY8,2024-04-26T17:36:32.593668484Z,01HWDQD50ZATPME14E53TC1C09,2024-04-26T17:36:32.593668484Z,01HWDQHEKRBT0Y5F6HRWGNM31G,2024-04-26T17:36:32.593668484Z
01HWDQPXFAQ8984M8MDH4M8CTA,01HWDP6K9PHTQNCC0M5ZQQ9229,2024-04-26T17:37:07.050413232Z,01HWDP6KA5EXRA4KS4CNGYQDZP,2024-04-26T17:37:07.050413232Z,01HWDQG7S4KNGW16X5C8VN3V28,2024-04-26T17:37:07.050413232Z
01HWDQPXFMGVCQ8P9Q8K397ADP,01HWDP6K9PHTQNCC0M5ZQQ9229,2024-04-26T17:37:07.060393782Z,01HWDP6KA5EXRA4KS4CNGYQDZP,2024-04-26T17:37:07.060393782Z,01HWDQHV0EBDMFJBJQTYFGTP1G,2024-04-26T17:37:07.060393782Z
01HWDQPXFX6JVMEMBQFEBNB6W2,01HWDP6K9PHTQNCC0M5ZQQ9229,2024-04-26T17:37:07.069837171Z,01HWDP6KA5EXRA4KS4CNGYQDZP,2024-04-26T17:37:07.069837171Z,01HWDQK5VD3KSSYXPSRNP9HKPD,2024-04-26T17:37:07.069837171Z
01HWDQPXG8C21P5ZWHRTARGDEC,01HWDP6K9PHTQNCC0M5ZQQ9229,2024-04-26T17:37:07.080392742Z,01HWDP6KA5EXRA4KS4CNGYQDZP,2024-04-26T17:37:07.080392742Z,01HWDQK7WY3A6VZAM3SZC51QRB,2024-04-26T17:37:07.080392742Z
01HWDQXXZSB431WY411SJP1TDM,01HWDP6JDQF0H0JJE8Q4CJGXJZ,2024-04-26T17:40:56.953102174Z,01HWDP6JDZBQSWSPER62K8MFDB,2024-04-26T17:40:56.953102174Z,01HWDQRJN02XJ6PKAKMHM2G04Z,2024-04-26T17:40:56.953102174Z
01HWDQXY0977ENJE78P19ZQ3W6,01HWDP6JDQF0H0JJE8Q4CJGXJZ,2024-04-26T17:40:56.969289115Z,01HWDP6JDZBQSWSPER62K8MFDB,2024-04-26T17:40:56.969289115Z,01HWDQRZA5VH1THVE0B9J483GZ,2024-04-26T17:40:56.969289115Z
01HWDQXY0QTKBR42W5ZY9BZQRW,01HWDP6JDQF0H0JJE8Q4CJGXJZ,2024-04-26T17:40:56.984013908Z,01HWDP6JDZBQSWSPER62K8MFDB,2024-04-26T17:40:56.984013908Z,01HWDQS6XYR4PARY3H4ZAM7KSY,2024-04-26T17:40:56.984013908Z
01HWDQXY177238YACY1X5GM20W,01HWDP6JDQF0H0JJE8Q4CJGXJZ,2024-04-26T17:40:56.999940771Z,01HWDP6JDZBQSWSPER62K8MFDB,2024-04-26T17:40:56.999940771Z,01HWDQSFJVK9G9C22WH2MC1WHZ,2024-04-26T17:40:56.999940771Z
01HWDR2GAMZTN9DQ3SBY2H4K2V,01HWDP6HH8ST7H7MGVMKRWB4N6,2024-04-26T17:43:26.804835217Z,01HWDP6HHG9HYS8Z23XH6KZPBD,2024-04-26T17:43:26.804835217Z,01HWDQSE51N79WS55RNF17HY46,2024-04-26T17:43:26.804835217Z
01HWDR2GBA9K57WZWJJD75QBVF,01HWDP6HH8ST7H7MGVMKRWB4N6,2024-04-26T17:43:26.82613106Z,01HWDP6HHG9HYS8Z23XH6KZPBD,2024-04-26T17:43:26.82613106Z,01HWDQSG4K5JVDWTE2H5SQP1R0,2024-04-26T17:43:26.82613106Z
01HWDR2GBT2KTGYQDHPEV6QJVT,01HWDP6HH8ST7H7MGVMKRWB4N6,2024-04-26T17:43:26.843110481Z,01HWDP6HHG9HYS8Z23XH6KZPBD,2024-04-26T17:43:26.843110481Z,01HWDQV0AWS4M6B1YCB2HZ45A4,2024-04-26T17:43:26.843110481Z
01HWDR2GCBA4MG66A8J6CD1SXG,01HWDP6HH8ST7H7MGVMKRWB4N6,2024-04-26T17:43:26.859363365Z,01HWDP6HHG9HYS8Z23XH6KZPBD,2024-04-26T17:43:26.859363365Z,01HWDQVBETE6H908Y751R46AVC,2024-04-26T17:43:26.859363365Z
01HWDR77KX3987T8BH1YNANZNG,01HWDP6GNK2FTPK33ER7CE7H6Y,2024-04-26T17:46:01.725820908Z,01HWDP6GNW4G7BAJ72TQ5MK6A3,2024-04-26T17:46:01.725820908Z,01HWDQVNVNDQRBZ35E4N88YC6B,2024-04-26T17:46:01.725820908Z
01HWDR77MFRCEFQC246EEG4KS0,01HWDP6GNK2FTPK33ER7CE7H6Y,2024-04-26T17:46:01.743650017Z,01HWDP6GNW4G7BAJ72TQ5MK6A3,2024-04-26T17:46:01.743650017Z,01HWDR0203TD8JYBMSABQ5NV9S,2024-04-26T17:46:01.743650017Z
01HWDR77N0V0H5GZZNANBW6D0D,01HWDP6GNK2FTPK33ER7CE7H6Y,2024-04-26T17:46:01.760067856Z,01HWDP6GNW4G7BAJ72TQ5MK6A3,2024-04-26T17:46:01.760067856Z,01HWDR02WQP7TG035AC5ZDYB8D,2024-04-26T17:46:01.760067856Z
01HWDR77NG6EYG85JPMYSWH2RN,01HWDP6GNK2FTPK33ER7CE7H6Y,2024-04-26T17:46:01.776668662Z,01HWDP6GNW4G7BAJ72TQ5MK6A3,2024-04-26T17:46:01.776668662Z,01HWDR318DF4G7C50PCJTB8WF3,2024-04-26T17:46:01.776668662Z
01HWDRM38MRE91GF6C4HHX5XAF,01HWDP6FZ8WEF3339XNVV9SQ0E,2024-04-26T17:53:03.252851446Z,01HWDP6FZGX1A489Z2J6FDVCVQ,2024-04-26T17:53:03.252851446Z,01HWDQRZ1PZK70Q21GEA0WNKFE,2024-04-26T17:53:03.252851446Z
01HWDRM39F3F2VDHFK47ERCPAB,01HWDP6FZ8WEF3339XNVV9SQ0E,2024-04-26T17:53:03.279667829Z,01HWDP6FZGX1A489Z2J6FDVCVQ,2024-04-26T17:53:03.279667829Z,01HWDR05JM6F9WEGCZ5GZRAY0S,2024-04-26T17:53:03.279667829Z
01HWDRM3A3TFJ1EW02WYMF6JPF,01HWDP6FZ8WEF3339XNVV9SQ0E,2024-04-26T17:53:03.299186212Z,01HWDP6FZGX1A489Z2J6FDVCVQ,2024-04-26T17:53:03.299186212Z,01HWDR0SCD33E37B1RK9T6YB9S,2024-04-26T17:53:03.299186212Z
01HWDRM3AQN02FBCBE5D5E5EBB,01HWDP6FZ8WEF3339XNVV9SQ0E,2024-04-26T17:53:03.319859123Z,01HWDP6FZGX1A489Z2J6FDVCVQ,2024-04-26T17:53:03.319859123Z,01HWDR0V5DFC5QZPH99ZPSS9GQ,2024-04-26T17:53:03.319859123Z
01HWDRPGNEHS8DVWXRGFFG50C6,01HWDP3W7VQ6D1P01B7E1JV1DS,2024-04-26T17:54:22.510554963Z,01HWDP3W860XBWVMP6YAPYYN3W,2024-04-26T17:54:22.510554963Z,01HWDRGHK1GQ7CF0FK22WBXQTK,2024-04-26T17:54:22.510554963Z
01HWDRPGP2KXRDA1DADFNJ5777,01HWDP3W7VQ6D1P01B7E1JV1DS,2024-04-26T17:54:22.530383389Z,01HWDP3W860XBWVMP6YAPYYN3W,2024-04-26T17:54:22.530383389Z,01HWDRGSF90N1GS8EYW5694F5N,2024-04-26T17:54:22.530383389Z
01HWDRPGPRRMDZ4JA7T528FMPT,01HWDP3W7VQ6D1P01B7E1JV1DS,2024-04-26T17:54:22.552178956Z,01HWDP3W860XBWVMP6YAPYYN3W,2024-04-26T17:54:22.552178956Z,01HWDRGWZHVV5SEGZZQNV70A0P,2024-04-26T17:54:22.552178956Z
01HWDRPGQCJSVCA3097ZYN4ZQA,01HWDP3W7VQ6D1P01B7E1JV1DS,2024-04-26T17:54:22.572644173Z,01HWDP3W860XBWVMP6YAPYYN3W,2024-04-26T17:54:22.572644173Z,01HWDRHE656BCB5JFX9HAV7APF,2024-04-26T17:54:22.572644173Z
01HWDRRHB4CYVFV5J6HMZ1AJKE,01HWDP3Q7FXE47D3D82CPXVR5K,2024-04-26T17:55:28.740762771Z,01HWDP3Q7Y9A8RJSXVN90VGEHX,2024-04-26T17:55:28.740762771Z,01HWDRMJ9FBVNPJ9D23D7BYE2M,2024-04-26T17:55:28.740762771Z
01HWDRRHBXTZKAQXPFVH0GTB2Q,01HWDP3Q7FXE47D3D82CPXVR5K,2024-04-26T17:55:28.765721368Z,01HWDP3Q7Y9A8RJSXVN90VGEHX,2024-04-26T17:55:28.765721368Z,01HWDRMVRARQJFKNABEKSD2C4Z,2024-04-26T17:55:28.765721368Z
01HWDRRHCJG4EDP3JCV16RQZTZ,01HWDP3Q7FXE47D3D82CPXVR5K,2024-04-26T17:55:28.786926456Z,01HWDP3Q7Y9A8RJSXVN90VGEHX,2024-04-26T17:55:28.786926456Z,01HWDRN052DE9SX4Q7V1B311JC,2024-04-26T17:55:28.786926456Z
01HWDRRHD7VDXX2RNRYETTPHKC,01HWDP3Q7FXE47D3D82CPXVR5K,2024-04-26T17:55:28.807497286Z,01HWDP3Q7Y9A8RJSXVN90VGEHX,2024-04-26T17:55:28.807497286Z,01HWDRNPF61ZSF6VPAWJJFTRGT,2024-04-26T17:55:28.807497286Z
01HWDRSJ317MB1PKM04VCPAEJ6,01HWDP3TTKJEHS8D5KH363J23P,2024-04-26T17:56:02.27402141Z,01HWDP3TTY70AJ1HRSJS4M2BZE,2024-04-26T17:56:02.27402141Z,01HWDRN5DFR7JH3HX5EDBVTW3J,2024-04-26T17:56:02.27402141Z
01HWDRSJ445ZF629CNF2TW524F,01HWDP3TTKJEHS8D5KH363J23P,2024-04-26T17:56:02.309710025Z,01HWDP3TTY70AJ1HRSJS4M2BZE,2024-04-26T17:56:02.309710025Z,01HWDRNMJ5HJN3RST815970G1Q,2024-04-26T17:56:02.309710025Z
01HWDRSJ5BR8B1NS2PN2P7M8D8,01HWDP3TTKJEHS8D5KH363J23P,2024-04-26T17:56:02.347106517Z,01HWDP3TTY70AJ1HRSJS4M2BZE,2024-04-26T17:56:02.347106517Z,01HWDRNP3JNMETPQP3YBR0CX85,2024-04-26T17:56:02.347106517Z
01HWDRSJ6FTYDBPYXZ0F3HR509,01HWDP3TTKJEHS8D5KH363J23P,2024-04-26T17:56:02.38317893Z,01HWDP3TTY70AJ1HRSJS4M2BZE,2024-04-26T17:56:02.38317893Z,01HWDRQ32F1AVNBV1FCKC5PHB9,2024-04-26T17:56:02.38317893Z
01HWDS0FC5F7TVNEA07A83FPB8,01HWDRPKQCAA8Z3P36EHYYMHNM,2024-04-26T17:59:48.869123665Z,01HWDRPKRNAYFSFDZM9JEMMVCE,2024-04-26T17:59:48.869123665Z,01HWDRMQZM3S6AEZEEM2NP64RP,2024-04-26T17:59:48.869123665Z
01HWDS0FD6PFCFP13VP4SHQ5HQ,01HWDRPKQCAA8Z3P36EHYYMHNM,2024-04-26T17:59:48.902932547Z,01HWDRPKRNAYFSFDZM9JEMMVCE,2024-04-26T17:59:48.902932547Z,01HWDRN2ZX40CR08VJN16EW7V7,2024-04-26T17:59:48.902932547Z
01HWDS0FE1Z4K3Z0MMWTB67YKW,01HWDRPKQCAA8Z3P36EHYYMHNM,2024-04-26T17:59:48.929435808Z,01HWDRPKRNAYFSFDZM9JEMMVCE,2024-04-26T17:59:48.929435808Z,01HWDRNCKYEG6S7NWWTPJD1C03,2024-04-26T17:59:48.929435808Z
01HWDS0FET05RS0GQPZ6C13ZYK,01HWDRPKQCAA8Z3P36EHYYMHNM,2024-04-26T17:59:48.954502709Z,01HWDRPKRNAYFSFDZM9JEMMVCE,2024-04-26T17:59:48.954502709Z,01HWDRQM2HK8FJGWNYTVZAK8F1,2024-04-26T17:59:48.954502709Z
01HWDSB7KAVQFM70A2HSPW7FMW,01HWDP49GA5CRBB5SD30K7CGT7,2024-04-26T18:05:41.354598988Z,01HWDP49GPMWA0ST6112JYN9WY,2024-04-26T18:05:41.354598988Z,01HWDS26A4S0P2KAECB9Q9KZ08,2024-04-26T18:05:41.354598988Z
01HWDSB7MV23D0HDKEK2NGM0MK,01HWDP49GA5CRBB5SD30K7CGT7,2024-04-26T18:05:41.40334712Z,01HWDP49GPMWA0ST6112JYN9WY,2024-04-26T18:05:41.40334712Z,01HWDS42EC06YK0W7310MTM5Z0,2024-04-26T18:05:41.40334712Z
01HWDSB7P9WRZY37CTQ14SJ1DY,01HWDP49GA5CRBB5SD30K7CGT7,2024-04-26T18:05:41.449219838Z,01HWDP49GPMWA0ST6112JYN9WY,2024-04-26T18:05:41.449219838Z,01HWDS5H64C4CCHH6XN3R4FMM0,2024-04-26T18:05:41.449219838Z
01HWDSB7QCCRATHGY2Q3B807ND,01HWDP49GA5CRBB5SD30K7CGT7,2024-04-26T18:05:41.48455607Z,01HWDP49GPMWA0ST6112JYN9WY,2024-04-26T18:05:41.48455607Z,01HWDS5SYE2V2DRMQ8YB2T3RNF,2024-04-26T18:05:41.48455607Z
01HWDSCVD47JSQWJ1FTKP2K4PH,01HWDP4BAH2TXQVE2HB769ND71,2024-04-26T18:06:34.404614792Z,01HWDP4BATKCSJN2NZNE47HB8F,2024-04-26T18:06:34.404614792Z,01HWDS0KRCA7KC9HEAT2XZ5V5V,2024-04-26T18:06:34.404614792Z
01HWDSCVE311RDJD62NZG1HYBJ,01HWDP4BAH2TXQVE2HB769ND71,2024-04-26T18:06:34.435679374Z,01HWDP4BATKCSJN2NZNE47HB8F,2024-04-26T18:06:34.435679374Z,01HWDS36Z2DNT9H797GG03208Y,2024-04-26T18:06:34.435679374Z
01HWDSCVF077GCK5RG3447D106,01HWDP4BAH2TXQVE2HB769ND71,2024-04-26T18:06:34.465061096Z,01HWDP4BATKCSJN2NZNE47HB8F,2024-04-26T18:06:34.465061096Z,01HWDS51T88MFYY39JWNV0CR82,2024-04-26T18:06:34.465061096Z
01HWDSCVFYKA6DRMRBS8CD0RHY,01HWDP4BAH2TXQVE2HB769ND71,2024-04-26T18:06:34.494644781Z,01HWDP4BATKCSJN2NZNE47HB8F,2024-04-26T18:06:34.494644781Z,01HWDS5ZFMG1MMQAJJ0HP5N5MD,2024-04-26T18:06:34.494644781Z
01HWDSMH4BE6F1WMQD0BPBWQBD,01HWDP5NYDS3HJWC3V2AV6W110,2024-04-26T18:10:46.027988062Z,01HWDP5NYM7S9KKQ21HG5SYFE7,2024-04-26T18:10:46.027988062Z,01HWDSDJ1JR1EEWT24PC6A1RE9,2024-04-26T18:10:46.027988062Z
01HWDSMH5BX8RCRJVM66RJ3E87,01HWDP5NYDS3HJWC3V2AV6W110,2024-04-26T18:10:46.059906046Z,01HWDP5NYM7S9KKQ21HG5SYFE7,2024-04-26T18:10:46.059906046Z,01HWDSEQZ5NXGD89X096JMQK42,2024-04-26T18:10:46.059906046Z
01HWDSMH696NXJFCRYYK9EFG7T,01HWDP5NYDS3HJWC3V2AV6W110,2024-04-26T18:10:46.089906807Z,01HWDP5NYM7S9KKQ21HG5SYFE7,2024-04-26T18:10:46.089906807Z,01HWDSF425RSMXA0B73DGSE6Q0,2024-04-26T18:10:46.089906807Z
01HWDSMH7CAXHGCFCN4PD0QAJP,01HWDP5NYDS3HJWC3V2AV6W110,2024-04-26T18:10:46.12454903Z,01HWDP5NYM7S9KKQ21HG5SYFE7,2024-04-26T18:10:46.12454903Z,01HWDSF5KQQVX1D4KM2SQVEGEM,2024-04-26T18:10:46.12454903Z
01HWDSPP2BKGA1J28D278AT772,01HWDP5QAT9FRB8ZTXEHAV9YZ5,2024-04-26T18:11:56.619264778Z,01HWDP5QB44N44KV2SMXNHNR3P,2024-04-26T18:11:56.619264778Z,01HWDSEJKB269MQ87JXHSBPD0R,2024-04-26T18:11:56.619264778Z
01HWDSPP3BM0Q39B68TD6W7VV0,01HWDP5QAT9FRB8ZTXEHAV9YZ5,2024-04-26T18:11:56.651726545Z,01HWDP5QB44N44KV2SMXNHNR3P,2024-04-26T18:11:56.651726545Z,01HWDSEZZVHCMCDVC98B2K8BEP,2024-04-26T18:11:56.651726545Z
01HWDSPP4CFSF2CBJEZ9Z9ECB7,01HWDP5QAT9FRB8ZTXEHAV9YZ5,2024-04-26T18:11:56.684463384Z,01HWDP5QB44N44KV2SMXNHNR3P,2024-04-26T18:11:56.684463384Z,01HWDSF74QKB6CYY3BBHEW1BMS,2024-04-26T18:11:56.684463384Z
01HWDSPP5BAMAM0RGFTAHHX5D1,01HWDP5QAT9FRB8ZTXEHAV9YZ5,2024-04-26T18:11:56.715562731Z,01HWDP5QB44N44KV2SMXNHNR3P,2024-04-26T18:11:56.715562731Z,01HWDSGP7KJSKJFM8JE5A0YG7V,2024-04-26T18:11:56.715562731Z
01HWDSQ74STGVVT39E9Y3MK030,01HWDP5MS15ATFG0DP50D78YAX,2024-04-26T18:12:14.105175542Z,01HWDP5MS9ZHZ0DQNYQBZTXXED,2024-04-26T18:12:14.105175542Z,01HWDSED5CK3NFNWPBQW8GGQQ1,2024-04-26T18:12:14.105175542Z
01HWDSQ75Q3240VF1YZSSJ3E1Y,01HWDP5MS15ATFG0DP50D78YAX,2024-04-26T18:12:14.135315936Z,01HWDP5MS9ZHZ0DQNYQBZTXXED,2024-04-26T18:12:14.135315936Z,01HWDSFJD1B5BEYFJKGR2S69NJ,2024-04-26T18:12:14.135315936Z
01HWDSQ76R84JQ37G6E77YJZA1,01HWDP5MS15ATFG0DP50D78YAX,2024-04-26T18:12:14.16840824Z,01HWDP5MS9ZHZ0DQNYQBZTXXED,2024-04-26T18:12:14.16840824Z,01HWDSHDD474FQT0E2J4X3WNBP,2024-04-26T18:12:14.16840824Z
01HWDSQ77P59R2N7GVSCV63H38,01HWDP5MS15ATFG0DP50D78YAX,2024-04-26T18:12:14.198778552Z,01HWDP5MS9ZHZ0DQNYQBZTXXED,2024-04-26T18:12:14.198778552Z,01HWDSHGAVZEX4MWSYN0ZMY71V,2024-04-26T18:12:14.198778552Z
01HWDSXJEEJVX7VYT17GXZ4E5J,01HWDP5KMTXR7Q69DTJTCPFAFE,2024-04-26T18:15:42.286637905Z,01HWDP5KN48YM006XBHRHG61BR,2024-04-26T18:15:42.286637905Z,01HWDSKSDZWB0R9BPJ3DY5CR5M,2024-04-26T18:15:42.286637905Z
01HWDSXJJ8Y49A5N4T23DV6HHP,01HWDP5KMTXR7Q69DTJTCPFAFE,2024-04-26T18:15:42.408779798Z,01HWDP5KN48YM006XBHRHG61BR,2024-04-26T18:15:42.408779798Z,01HWDSMMDFDY880RRZRAY63Z39,2024-04-26T18:15:42.408779798Z
01HWDSXJP81QEQQ2QSDFQE3C67,01HWDP5KMTXR7Q69DTJTCPFAFE,2024-04-26T18:15:42.53632365Z,01HWDP5KN48YM006XBHRHG61BR,2024-04-26T18:15:42.53632365Z,01HWDSQXH0CABTRTGD6K0BV110,2024-04-26T18:15:42.53632365Z
01HWDSXJSEAAQ07CZJAJH9NKH4,01HWDP5KMTXR7Q69DTJTCPFAFE,2024-04-26T18:15:42.638796256Z,01HWDP5KN48YM006XBHRHG61BR,2024-04-26T18:15:42.638796256Z,01HWDSRC5S0HXET9HQPNZ777Q5,2024-04-26T18:15:42.638796256Z
01HWDSYHC9FQC8BASGCWG73EM7,01HWDP5F40M8JFYGVBZ3BQVYVR,2024-04-26T18:16:13.961393388Z,01HWDP5F4CAKWKQT7NW2GXCXG6,2024-04-26T18:16:13.961393388Z,01HWDSGMSQB3D2JW5MG0KYJPXA,2024-04-26T18:16:13.961393388Z
01HWDSYHE1JMFRZFJMK9FQFKZD,01HWDP5F40M8JFYGVBZ3BQVYVR,2024-04-26T18:16:14.017179986Z,01HWDP5F4CAKWKQT7NW2GXCXG6,2024-04-26T18:16:14.017179986Z,01HWDSR88MPZS4ZNAKWSVNH7AT,2024-04-26T18:16:14.017179986Z
01HWDSYHFK4YJZ4JD5A7NEJYAZ,01HWDP5F40M8JFYGVBZ3BQVYVR,2024-04-26T18:16:14.067661257Z,01HWDP5F4CAKWKQT7NW2GXCXG6,2024-04-26T18:16:14.067661257Z,01HWDSREDEY2AMC72GRNXJCK2Y,2024-04-26T18:16:14.067661257Z
01HWDSYHGWPG86RW7ZPWQD8PWB,01HWDP5F40M8JFYGVBZ3BQVYVR,2024-04-26T18:16:14.108244175Z,01HWDP5F4CAKWKQT7NW2GXCXG6,2024-04-26T18:16:14.108244175Z,01HWDSVHZ9Z3SBDYQ7ACSBFSRC,2024-04-26T18:16:14.108244175Z
01HWDT0FW8W7KP5GZPZZ081JTQ,01HWDP5JC50CNFAMKSGPM95QNG,2024-04-26T18:17:17.960155414Z,01HWDP5JCGTBT17MFRMQD2C70B,2024-04-26T18:17:17.960155414Z,01HWDSNH5YB6VNH3CMZ0XJKDKS,2024-04-26T18:17:17.960155414Z
01HWDT0G0C23F89Z8BTDCY6MYY,01HWDP5JC50CNFAMKSGPM95QNG,2024-04-26T18:17:18.092118096Z,01HWDP5JCGTBT17MFRMQD2C70B,2024-04-26T18:17:18.092118096Z,01HWDSR0SPGEC0RE08FF0NCDAD,2024-04-26T18:17:18.092118096Z
01HWDT0G3099E9B3CTAE5NYV90,01HWDP5JC50CNFAMKSGPM95QNG,2024-04-26T18:17:18.176955731Z,01HWDP5JCGTBT17MFRMQD2C70B,2024-04-26T18:17:18.176955731Z,01HWDSRR5HSSRS9GZRZDSK53CJ,2024-04-26T18:17:18.176955731Z
01HWDT0G66362X0E3F1SS9QKF1,01HWDP5JC50CNFAMKSGPM95QNG,2024-04-26T18:17:18.278129867Z,01HWDP5JCGTBT17MFRMQD2C70B,2024-04-26T18:17:18.278129867Z,01HWDSS8VWECK4HG175JNKRJ4H,2024-04-26T18:17:18.278129867Z
01HWDT32MS88EAPRS49QEQQY23,01HWDSTT2XSEAMVVVF2SPFM9H8,2024-04-26T18:18:42.71355293Z,01HWDSTT5Z2H6AXQHZ8SSJFFPC,2024-04-26T18:18:42.71355293Z,01HWDSRMW47NQT51SEVMY81TQX,2024-04-26T18:18:42.71355293Z
01HWDT32PJ9TA7ATD7C9GN32RW,01HWDSTT2XSEAMVVVF2SPFM9H8,2024-04-26T18:18:42.770563643Z,01HWDSTT5Z2H6AXQHZ8SSJFFPC,2024-04-26T18:18:42.770563643Z,01HWDSS7HNA5YQ5BQ7TXEZ61XF,2024-04-26T18:18:42.770563643Z
01HWDT32R3ARRTQKAE2199R2JB,01HWDSTT2XSEAMVVVF2SPFM9H8,2024-04-26T18:18:42.819774581Z,01HWDSTT5Z2H6AXQHZ8SSJFFPC,2024-04-26T18:18:42.819774581Z,01HWDSS7X33XJR2CJYEYCYPK3P,2024-04-26T18:18:42.819774581Z
01HWDT32SKFBPZMFXPZ2MTG8KH,01HWDSTT2XSEAMVVVF2SPFM9H8,2024-04-26T18:18:42.867615864Z,01HWDSTT5Z2H6AXQHZ8SSJFFPC,2024-04-26T18:18:42.867615864Z,01HWDSTNVFS0J3HS32D1H4KF9E,2024-04-26T18:18:42.867615864Z
01HWDT9A0HEXJQ1NJEVH45MJP0,01HWDSCSA0V9MCAKQW9RQT23SM,2024-04-26T18:22:06.865412906Z,01HWDSCSCN4RSWBHAFJKDXAAZG,2024-04-26T18:22:06.865412906Z,01HWDT4VN5368SGVV4F7SBAV99,2024-04-26T18:22:06.865412906Z
01HWDT9A28JAXKYCW22HQHGFS0,01HWDSCSA0V9MCAKQW9RQT23SM,2024-04-26T18:22:06.922876984Z,01HWDSCSCN4RSWBHAFJKDXAAZG,2024-04-26T18:22:06.922876984Z,01HWDT4WGAW2MWBQRHW3SQ6003,2024-04-26T18:22:06.922876984Z
01HWDT9A46SMGHAMNDDWJPTSCK,01HWDSCSA0V9MCAKQW9RQT23SM,2024-04-26T18:22:06.982626222Z,01HWDSCSCN4RSWBHAFJKDXAAZG,2024-04-26T18:22:06.982626222Z,01HWDT4YAJ5CPW3ZW4ER5VN1F9,2024-04-26T18:22:06.982626222Z
01HWDT9A5TR1ZP31BN1GSM7FHC,01HWDSCSA0V9MCAKQW9RQT23SM,2024-04-26T18:22:07.034485591Z,01HWDSCSCN4RSWBHAFJKDXAAZG,2024-04-26T18:22:07.034485591Z,01HWDT518VQPFJ06X48YR5BQ6P,2024-04-26T18:22:07.034485591Z
01HWDPPQXAVWW84G7NYCN7S1ED,01HWDP39KSCCM7MPGXPHST1Z9T,2024-04-26T17:19:32.778304769Z,01HWDP39MDQ4EJ18DDSHEFDB0S,2024-04-26T17:19:32.778304769Z,01HWDP9V69T71HA415X8044TBK,2024-04-26T17:19:32.778304769Z
01HWDPPQXN60WJPSY2N9T53E9R,01HWDP39KSCCM7MPGXPHST1Z9T,2024-04-26T17:19:32.789894134Z,01HWDP39MDQ4EJ18DDSHEFDB0S,2024-04-26T17:19:32.789894134Z,01HWDPE8AYQPY2SM83HVFFP96X,2024-04-26T17:19:32.789894134Z
01HWDPPQXT6CEXQHNKNV7K3R01,01HWDP39KSCCM7MPGXPHST1Z9T,2024-04-26T17:19:32.794752931Z,01HWDP39MDQ4EJ18DDSHEFDB0S,2024-04-26T17:19:32.794752931Z,01HWDPFSB24HBGGCPWC4Z908SA,2024-04-26T17:19:32.794752931Z
01HWDPPQY0ZBYM8GW274P5P42N,01HWDP39KSCCM7MPGXPHST1Z9T,2024-04-26T17:19:32.80072379Z,01HWDP39MDQ4EJ18DDSHEFDB0S,2024-04-26T17:19:32.80072379Z,01HWDPGN7MDBHRD24V3VKPFTWY,2024-04-26T17:19:32.80072379Z
01HWDPX8JK02RXV3C41Q7E9QVD,01HWDP3DT4YXBP3DYDVGM7VJGR,2024-04-26T17:23:06.451966589Z,01HWDP3DTG6NCKJ6WWN5MS9JFY,2024-04-26T17:23:06.451966589Z,01HWDPJTZD33DHCRYYMJNAF1WW,2024-04-26T17:23:06.451966589Z
01HWDPX8JSHJB5YYHENYRV1RW1,01HWDP3DT4YXBP3DYDVGM7VJGR,2024-04-26T17:23:06.457639117Z,01HWDP3DTG6NCKJ6WWN5MS9JFY,2024-04-26T17:23:06.457639117Z,01HWDPMJXT0DSFHR062ZN357Q1,2024-04-26T17:23:06.457639117Z
01HWDPX8K21RTTSKC7BE5C9MXZ,01HWDP3DT4YXBP3DYDVGM7VJGR,2024-04-26T17:23:06.466256618Z,01HWDP3DTG6NCKJ6WWN5MS9JFY,2024-04-26T17:23:06.466256618Z,01HWDPRJVW83N44JFVSA3J5HTY,2024-04-26T17:23:06.466256618Z
01HWDPX8K7JVWF1T733B60XMA5,01HWDP3DT4YXBP3DYDVGM7VJGR,2024-04-26T17:23:06.471859592Z,01HWDP3DTG6NCKJ6WWN5MS9JFY,2024-04-26T17:23:06.471859592Z,01HWDPSGQWRP9NBEQ3DQX4ZZWW,2024-04-26T17:23:06.471859592Z
01HWDQ4ZHNAJ5QWSBZ8RS12E1E,01HWDPQQD0R1KD8EYAKTKZ2WEE,2024-04-26T17:27:19.349352821Z,01HWDPQQDQ6CTSH0F9288Z5DNJ,2024-04-26T17:27:19.349352821Z,01HWDPKZATVN0QTN2M84QNQ0AR,2024-04-26T17:27:19.349352821Z
01HWDQ4ZHYF5TXBQ4EW46VHD05,01HWDPQQD0R1KD8EYAKTKZ2WEE,2024-04-26T17:27:19.358965098Z,01HWDPQQDQ6CTSH0F9288Z5DNJ,2024-04-26T17:27:19.358965098Z,01HWDPR8V8AFPCN63VZ0RRMWFE,2024-04-26T17:27:19.358965098Z
01HWDQ4ZJACWX27P8PV3RVK3F9,01HWDPQQD0R1KD8EYAKTKZ2WEE,2024-04-26T17:27:19.370221858Z,01HWDPQQDQ6CTSH0F9288Z5DNJ,2024-04-26T17:27:19.370221858Z,01HWDPS8HFRDXXW6RJM4XMBZYX,2024-04-26T17:27:19.370221858Z
01HWDQ4ZJJ2RGC5MHTFWMC33VK,01HWDPQQD0R1KD8EYAKTKZ2WEE,2024-04-26T17:27:19.378931066Z,01HWDPQQDQ6CTSH0F9288Z5DNJ,2024-04-26T17:27:19.378931066Z,01HWDPSNMNQ8X9PMF6B7BVBCHF,2024-04-26T17:27:19.378931066Z
01HWDQD1EZJG0T3QJG3GXC6YKC,01HWDP6MSNBT7TGZZ7344GHN1A,2024-04-26T17:31:43.455267231Z,01HWDP6MT76GJHYQ3ZNSA34G9K,2024-04-26T17:31:43.455267231Z,01HWDQ4HY9BPPADZWDP7NPNP49,2024-04-26T17:31:43.455267231Z
01HWDQD1F7Z0A22VWNQ7W2TRCG,01HWDP6MSNBT7TGZZ7344GHN1A,2024-04-26T17:31:43.463650953Z,01HWDP6MT76GJHYQ3ZNSA34G9K,2024-04-26T17:31:43.463650953Z,01HWDQ614QMVRB2X11EB2W8WZY,2024-04-26T17:31:43.463650953Z
01HWDQD1FGDPQ5D23PTQ2FT52C,01HWDP6MSNBT7TGZZ7344GHN1A,2024-04-26T17:31:43.472425146Z,01HWDP6MT76GJHYQ3ZNSA34G9K,2024-04-26T17:31:43.472425146Z,01HWDQ6J7YBW3M1ME8NHWDYF3K,2024-04-26T17:31:43.472425146Z
01HWDQD1FRHDGPHFDSN8WXPBZW,01HWDP6MSNBT7TGZZ7344GHN1A,2024-04-26T17:31:43.480850347Z,01HWDP6MT76GJHYQ3ZNSA34G9K,2024-04-26T17:31:43.480850347Z,01HWDQ6NFP1V656JGWQZ7GTGKY,2024-04-26T17:31:43.480850347Z
01HWDQMBFX540EXWC8J6CKB39B,01HWDP6M1CBG1GQWKB36RARCXV,2024-04-26T17:35:43.10143163Z,01HWDP6M1QBG7W2CCS8BGXG6HT,2024-04-26T17:35:43.10143163Z,01HWDQ9FQX7TWRZ35ZWRNEYGNZ,2024-04-26T17:35:43.10143163Z
01HWDQMBGAESZGYXHCNYWG5KXG,01HWDP6M1CBG1GQWKB36RARCXV,2024-04-26T17:35:43.11428062Z,01HWDP6M1QBG7W2CCS8BGXG6HT,2024-04-26T17:35:43.11428062Z,01HWDQA0EWWYQBG0GHD55JNP7C,2024-04-26T17:35:43.11428062Z
01HWDQMBGKNT5EC0YKYF5XCVTG,01HWDP6M1CBG1GQWKB36RARCXV,2024-04-26T17:35:43.123958536Z,01HWDP6M1QBG7W2CCS8BGXG6HT,2024-04-26T17:35:43.123958536Z,01HWDQA8E6BRG4KMW7XCY77J1K,2024-04-26T17:35:43.123958536Z
01HWDQMBGWB57FZ2QHHXYTE273,01HWDP6M1CBG1GQWKB36RARCXV,2024-04-26T17:35:43.13277627Z,01HWDP6M1QBG7W2CCS8BGXG6HT,2024-04-26T17:35:43.13277627Z,01HWDQBA5RJ2NRY9V3H7HCTTVR,2024-04-26T17:35:43.13277627Z
01HWDQNVSJVBPYH98HSR12HA9C,01HWDQD50H3JE92DNDAFRPWRY8,2024-04-26T17:36:32.562278874Z,01HWDQD50ZATPME14E53TC1C09,2024-04-26T17:36:32.562278874Z,01HWDQ75BFD6VBD50447SWWGD2,2024-04-26T17:36:32.562278874Z
01HWDQNVSYS4NW1BKRWT2JSQYB,01HWDQD50H3JE92DNDAFRPWRY8,2024-04-26T17:36:32.574354311Z,01HWDQD50ZATPME14E53TC1C09,2024-04-26T17:36:32.574354311Z,01HWDQDR49CH9DFDA0VFSWC801,2024-04-26T17:36:32.574354311Z
01HWDQNVT8QRNSX4WYTDX7ZEXP,01HWDQD50H3JE92DNDAFRPWRY8,2024-04-26T17:36:32.584253747Z,01HWDQD50ZATPME14E53TC1C09,2024-04-26T17:36:32.584253747Z,01HWDQGDSX49XTBKSNJ404TEEA,2024-04-26T17:36:32.584253747Z
01HWDQNVTHW6M0N2QGYN1JEW1H,01HWDQD50H3JE92DNDAFRPWRY8,2024-04-26T17:36:32.593668484Z,01HWDQD50ZATPME14E53TC1C09,2024-04-26T17:36:32.593668484Z,01HWDQHEKRBT0Y5F6HRWGNM31G,2024-04-26T17:36:32.593668484Z
01HWDQPXFAQ8984M8MDH4M8CTA,01HWDP6K9PHTQNCC0M5ZQQ9229,2024-04-26T17:37:07.050413232Z,01HWDP6KA5EXRA4KS4CNGYQDZP,2024-04-26T17:37:07.050413232Z,01HWDQG7S4KNGW16X5C8VN3V28,2024-04-26T17:37:07.050413232Z
01HWDQPXFMGVCQ8P9Q8K397ADP,01HWDP6K9PHTQNCC0M5ZQQ9229,2024-04-26T17:37:07.060393782Z,01HWDP6KA5EXRA4KS4CNGYQDZP,2024-04-26T17:37:07.060393782Z,01HWDQHV0EBDMFJBJQTYFGTP1G,2024-04-26T17:37:07.060393782Z
01HWDQPXFX6JVMEMBQFEBNB6W2,01HWDP6K9PHTQNCC0M5ZQQ9229,2024-04-26T17:37:07.069837171Z,01HWDP6KA5EXRA4KS4CNGYQDZP,2024-04-26T17:37:07.069837171Z,01HWDQK5VD3KSSYXPSRNP9HKPD,2024-04-26T17:37:07.069837171Z
01HWDQPXG8C21P5ZWHRTARGDEC,01HWDP6K9PHTQNCC0M5ZQQ9229,2024-04-26T17:37:07.080392742Z,01HWDP6KA5EXRA4KS4CNGYQDZP,2024-04-26T17:37:07.080392742Z,01HWDQK7WY3A6VZAM3SZC51QRB,2024-04-26T17:37:07.080392742Z
01HWDQXXZSB431WY411SJP1TDM,01HWDP6JDQF0H0JJE8Q4CJGXJZ,2024-04-26T17:40:56.953102174Z,01HWDP6JDZBQSWSPER62K8MFDB,2024-04-26T17:40:56.953102174Z,01HWDQRJN02XJ6PKAKMHM2G04Z,2024-04-26T17:40:56.953102174Z
01HWDQXY0977ENJE78P19ZQ3W6,01HWDP6JDQF0H0JJE8Q4CJGXJZ,2024-04-26T17:40:56.969289115Z,01HWDP6JDZBQSWSPER62K8MFDB,2024-04-26T17:40:56.969289115Z,01HWDQRZA5VH1THVE0B9J483GZ,2024-04-26T17:40:56.969289115Z
01HWDQXY0QTKBR42W5ZY9BZQRW,01HWDP6JDQF0H0JJE8Q4CJGXJZ,2024-04-26T17:40:56.984013908Z,01HWDP6JDZBQSWSPER62K8MFDB,2024-04-26T17:40:56.984013908Z,01HWDQS6XYR4PARY3H4ZAM7KSY,2024-04-26T17:40:56.984013908Z
01HWDQXY177238YACY1X5GM20W,01HWDP6JDQF0H0JJE8Q4CJGXJZ,2024-04-26T17:40:56.999940771Z,01HWDP6JDZBQSWSPER62K8MFDB,2024-04-26T17:40:56.999940771Z,01HWDQSFJVK9G9C22WH2MC1WHZ,2024-04-26T17:40:56.999940771Z
01HWDR2GAMZTN9DQ3SBY2H4K2V,01HWDP6HH8ST7H7MGVMKRWB4N6,2024-04-26T17:43:26.804835217Z,01HWDP6HHG9HYS8Z23XH6KZPBD,2024-04-26T17:43:26.804835217Z,01HWDQSE51N79WS55RNF17HY46,2024-04-26T17:43:26.804835217Z
01HWDR2GBA9K57WZWJJD75QBVF,01HWDP6HH8ST7H7MGVMKRWB4N6,2024-04-26T17:43:26.82613106Z,01HWDP6HHG9HYS8Z23XH6KZPBD,2024-04-26T17:43:26.82613106Z,01HWDQSG4K5JVDWTE2H5SQP1R0,2024-04-26T17:43:26.82613106Z
01HWDR2GBT2KTGYQDHPEV6QJVT,01HWDP6HH8ST7H7MGVMKRWB4N6,2024-04-26T17:43:26.843110481Z,01HWDP6HHG9HYS8Z23XH6KZPBD,2024-04-26T17:43:26.843110481Z,01HWDQV0AWS4M6B1YCB2HZ45A4,2024-04-26T17:43:26.843110481Z
01HWDR2GCBA4MG66A8J6CD1SXG,01HWDP6HH8ST7H7MGVMKRWB4N6,2024-04-26T17:43:26.859363365Z,01HWDP6HHG9HYS8Z23XH6KZPBD,2024-04-26T17:43:26.859363365Z,01HWDQVBETE6H908Y751R46AVC,2024-04-26T17:43:26.859363365Z
01HWDR77KX3987T8BH1YNANZNG,01HWDP6GNK2FTPK33ER7CE7H6Y,2024-04-26T17:46:01.725820908Z,01HWDP6GNW4G7BAJ72TQ5MK6A3,2024-04-26T17:46:01.725820908Z,01HWDQVNVNDQRBZ35E4N88YC6B,2024-04-26T17:46:01.725820908Z
01HWDR77MFRCEFQC246EEG4KS0,01HWDP6GNK2FTPK33ER7CE7H6Y,2024-04-26T17:46:01.743650017Z,01HWDP6GNW4G7BAJ72TQ5MK6A3,2024-04-26T17:46:01.743650017Z,01HWDR0203TD8JYBMSABQ5NV9S,2024-04-26T17:46:01.743650017Z
01HWDR77N0V0H5GZZNANBW6D0D,01HWDP6GNK2FTPK33ER7CE7H6Y,2024-04-26T17:46:01.760067856Z,01HWDP6GNW4G7BAJ72TQ5MK6A3,2024-04-26T17:46:01.760067856Z,01HWDR02WQP7TG035AC5ZDYB8D,2024-04-26T17:46:01.760067856Z
01HWDR77NG6EYG85JPMYSWH2RN,01HWDP6GNK2FTPK33ER7CE7H6Y,2024-04-26T17:46:01.776668662Z,01HWDP6GNW4G7BAJ72TQ5MK6A3,2024-04-26T17:46:01.776668662Z,01HWDR318DF4G7C50PCJTB8WF3,2024-04-26T17:46:01.776668662Z
01HWDRM38MRE91GF6C4HHX5XAF,01HWDP6FZ8WEF3339XNVV9SQ0E,2024-04-26T17:53:03.252851446Z,01HWDP6FZGX1A489Z2J6FDVCVQ,2024-04-26T17:53:03.252851446Z,01HWDQRZ1PZK70Q21GEA0WNKFE,2024-04-26T17:53:03.252851446Z
01HWDRM39F3F2VDHFK47ERCPAB,01HWDP6FZ8WEF3339XNVV9SQ0E,2024-04-26T17:53:03.279667829Z,01HWDP6FZGX1A489Z2J6FDVCVQ,2024-04-26T17:53:03.279667829Z,01HWDR05JM6F9WEGCZ5GZRAY0S,2024-04-26T17:53:03.279667829Z
01HWDRM3A3TFJ1EW02WYMF6JPF,01HWDP6FZ8WEF3339XNVV9SQ0E,2024-04-26T17:53:03.299186212Z,01HWDP6FZGX1A489Z2J6FDVCVQ,2024-04-26T17:53:03.299186212Z,01HWDR0SCD33E37B1RK9T6YB9S,2024-04-26T17:53:03.299186212Z
01HWDRM3AQN02FBCBE5D5E5EBB,01HWDP6FZ8WEF3339XNVV9SQ0E,2024-04-26T17:53:03.319859123Z,01HWDP6FZGX1A489Z2J6FDVCVQ,2024-04-26T17:53:03.319859123Z,01HWDR0V5DFC5QZPH99ZPSS9GQ,2024-04-26T17:53:03.319859123Z
01HWDRPGNEHS8DVWXRGFFG50C6,01HWDP3W7VQ6D1P01B7E1JV1DS,2024-04-26T17:54:22.510554963Z,01HWDP3W860XBWVMP6YAPYYN3W,2024-04-26T17:54:22.510554963Z,01HWDRGHK1GQ7CF0FK22WBXQTK,2024-04-26T17:54:22.510554963Z
01HWDRPGP2KXRDA1DADFNJ5777,01HWDP3W7VQ6D1P01B7E1JV1DS,2024-04-26T17:54:22.530383389Z,01HWDP3W860XBWVMP6YAPYYN3W,2024-04-26T17:54:22.530383389Z,01HWDRGSF90N1GS8EYW5694F5N,2024-04-26T17:54:22.530383389Z
01HWDRPGPRRMDZ4JA7T528FMPT,01HWDP3W7VQ6D1P01B7E1JV1DS,2024-04-26T17:54:22.552178956Z,01HWDP3W860XBWVMP6YAPYYN3W,2024-04-26T17:54:22.552178956Z,01HWDRGWZHVV5SEGZZQNV70A0P,2024-04-26T17:54:22.552178956Z
01HWDRPGQCJSVCA3097ZYN4ZQA,01HWDP3W7VQ6D1P01B7E1JV1DS,2024-04-26T17:54:22.572644173Z,01HWDP3W860XBWVMP6YAPYYN3W,2024-04-26T17:54:22.572644173Z,01HWDRHE656BCB5JFX9HAV7APF,2024-04-26T17:54:22.572644173Z
01HWDRRHB4CYVFV5J6HMZ1AJKE,01HWDP3Q7FXE47D3D82CPXVR5K,2024-04-26T17:55:28.740762771Z,01HWDP3Q7Y9A8RJSXVN90VGEHX,2024-04-26T17:55:28.740762771Z,01HWDRMJ9FBVNPJ9D23D7BYE2M,2024-04-26T17:55:28.740762771Z
01HWDRRHBXTZKAQXPFVH0GTB2Q,01HWDP3Q7FXE47D3D82CPXVR5K,2024-04-26T17:55:28.765721368Z,01HWDP3Q7Y9A8RJSXVN90VGEHX,2024-04-26T17:55:28.765721368Z,01HWDRMVRARQJFKNABEKSD2C4Z,2024-04-26T17:55:28.765721368Z
01HWDRRHCJG4EDP3JCV16RQZTZ,01HWDP3Q7FXE47D3D82CPXVR5K,2024-04-26T17:55:28.786926456Z,01HWDP3Q7Y9A8RJSXVN90VGEHX,2024-04-26T17:55:28.786926456Z,01HWDRN052DE9SX4Q7V1B311JC,2024-04-26T17:55:28.786926456Z
01HWDRRHD7VDXX2RNRYETTPHKC,01HWDP3Q7FXE47D3D82CPXVR5K,2024-04-26T17:55:28.807497286Z,01HWDP3Q7Y9A8RJSXVN90VGEHX,2024-04-26T17:55:28.807497286Z,01HWDRNPF61ZSF6VPAWJJFTRGT,2024-04-26T17:55:28.807497286Z
01HWDRSJ317MB1PKM04VCPAEJ6,01HWDP3TTKJEHS8D5KH363J23P,2024-04-26T17:56:02.27402141Z,01HWDP3TTY70AJ1HRSJS4M2BZE,2024-04-26T17:56:02.27402141Z,01HWDRN5DFR7JH3HX5EDBVTW3J,2024-04-26T17:56:02.27402141Z
01HWDRSJ445ZF629CNF2TW524F,01HWDP3TTKJEHS8D5KH363J23P,2024-04-26T17:56:02.309710025Z,01HWDP3TTY70AJ1HRSJS4M2BZE,2024-04-26T17:56:02.309710025Z,01HWDRNMJ5HJN3RST815970G1Q,2024-04-26T17:56:02.309710025Z
01HWDRSJ5BR8B1NS2PN2P7M8D8,01HWDP3TTKJEHS8D5KH363J23P,2024-04-26T17:56:02.347106517Z,01HWDP3TTY70AJ1HRSJS4M2BZE,2024-04-26T17:56:02.347106517Z,01HWDRNP3JNMETPQP3YBR0CX85,2024-04-26T17:56:02.347106517Z
01HWDRSJ6FTYDBPYXZ0F3HR509,01HWDP3TTKJEHS8D5KH363J23P,2024-04-26T17:56:02.38317893Z,01HWDP3TTY70AJ1HRSJS4M2BZE,2024-04-26T17:56:02.38317893Z,01HWDRQ32F1AVNBV1FCKC5PHB9,2024-04-26T17:56:02.38317893Z
01HWDS0FC5F7TVNEA07A83FPB8,01HWDRPKQCAA8Z3P36EHYYMHNM,2024-04-26T17:59:48.869123665Z,01HWDRPKRNAYFSFDZM9JEMMVCE,2024-04-26T17:59:48.869123665Z,01HWDRMQZM3S6AEZEEM2NP64RP,2024-04-26T17:59:48.869123665Z
01HWDS0FD6PFCFP13VP4SHQ5HQ,01HWDRPKQCAA8Z3P36EHYYMHNM,2024-04-26T17:59:48.902932547Z,01HWDRPKRNAYFSFDZM9JEMMVCE,2024-04-26T17:59:48.902932547Z,01HWDRN2ZX40CR08VJN16EW7V7,2024-04-26T17:59:48.902932547Z
01HWDS0FE1Z4K3Z0MMWTB67YKW,01HWDRPKQCAA8Z3P36EHYYMHNM,2024-04-26T17:59:48.929435808Z,01HWDRPKRNAYFSFDZM9JEMMVCE,2024-04-26T17:59:48.929435808Z,01HWDRNCKYEG6S7NWWTPJD1C03,2024-04-26T17:59:48.929435808Z
01HWDS0FET05RS0GQPZ6C13ZYK,01HWDRPKQCAA8Z3P36EHYYMHNM,2024-04-26T17:59:48.954502709Z,01HWDRPKRNAYFSFDZM9JEMMVCE,2024-04-26T17:59:48.954502709Z,01HWDRQM2HK8FJGWNYTVZAK8F1,2024-04-26T17:59:48.954502709Z
01HWDSB7KAVQFM70A2HSPW7FMW,01HWDP49GA5CRBB5SD30K7CGT7,2024-04-26T18:05:41.354598988Z,01HWDP49GPMWA0ST6112JYN9WY,2024-04-26T18:05:41.354598988Z,01HWDS26A4S0P2KAECB9Q9KZ08,2024-04-26T18:05:41.354598988Z
01HWDSB7MV23D0HDKEK2NGM0MK,01HWDP49GA5CRBB5SD30K7CGT7,2024-04-26T18:05:41.40334712Z,01HWDP49GPMWA0ST6112JYN9WY,2024-04-26T18:05:41.40334712Z,01HWDS42EC06YK0W7310MTM5Z0,2024-04-26T18:05:41.40334712Z
01HWDSB7P9WRZY37CTQ14SJ1DY,01HWDP49GA5CRBB5SD30K7CGT7,2024-04-26T18:05:41.449219838Z,01HWDP49GPMWA0ST6112JYN9WY,2024-04-26T18:05:41.449219838Z,01HWDS5H64C4CCHH6XN3R4FMM0,2024-04-26T18:05:41.449219838Z
01HWDSB7QCCRATHGY2Q3B807ND,01HWDP49GA5CRBB5SD30K7CGT7,2024-04-26T18:05:41.48455607Z,01HWDP49GPMWA0ST6112JYN9WY,2024-04-26T18:05:41.48455607Z,01HWDS5SYE2V2DRMQ8YB2T3RNF,2024-04-26T18:05:41.48455607Z
01HWDSCVD47JSQWJ1FTKP2K4PH,01HWDP4BAH2TXQVE2HB769ND71,2024-04-26T18:06:34.404614792Z,01HWDP4BATKCSJN2NZNE47HB8F,2024-04-26T18:06:34.404614792Z,01HWDS0KRCA7KC9HEAT2XZ5V5V,2024-04-26T18:06:34.404614792Z
01HWDSCVE311RDJD62NZG1HYBJ,01HWDP4BAH2TXQVE2HB769ND71,2024-04-26T18:06:34.435679374Z,01HWDP4BATKCSJN2NZNE47HB8F,2024-04-26T18:06:34.435679374Z,01HWDS36Z2DNT9H797GG03208Y,2024-04-26T18:06:34.435679374Z
01HWDSCVF077GCK5RG3447D106,01HWDP4BAH2TXQVE2HB769ND71,2024-04-26T18:06:34.465061096Z,01HWDP4BATKCSJN2NZNE47HB8F,2024-04-26T18:06:34.465061096Z,01HWDS51T88MFYY39JWNV0CR82,2024-04-26T18:06:34.465061096Z
01HWDSCVFYKA6DRMRBS8CD0RHY,01HWDP4BAH2TXQVE2HB769ND71,2024-04-26T18:06:34.494644781Z,01HWDP4BATKCSJN2NZNE47HB8F,2024-04-26T18:06:34.494644781Z,01HWDS5ZFMG1MMQAJJ0HP5N5MD,2024-04-26T18:06:34.494644781Z
01HWDSMH4BE6F1WMQD0BPBWQBD,01HWDP5NYDS3HJWC3V2AV6W110,2024-04-26T18:10:46.027988062Z,01HWDP5NYM7S9KKQ21HG5SYFE7,2024-04-26T18:10:46.027988062Z,01HWDSDJ1JR1EEWT24PC6A1RE9,2024-04-26T18:10:46.027988062Z
01HWDSMH5BX8RCRJVM66RJ3E87,01HWDP5NYDS3HJWC3V2AV6W110,2024-04-26T18:10:46.059906046Z,01HWDP5NYM7S9KKQ21HG5SYFE7,2024-04-26T18:10:46.059906046Z,01HWDSEQZ5NXGD89X096JMQK42,2024-04-26T18:10:46.059906046Z
01HWDSMH696NXJFCRYYK9EFG7T,01HWDP5NYDS3HJWC3V2AV6W110,2024-04-26T18:10:46.089906807Z,01HWDP5NYM7S9KKQ21HG5SYFE7,2024-04-26T18:10:46.089906807Z,01HWDSF425RSMXA0B73DGSE6Q0,2024-04-26T18:10:46.089906807Z
01HWDSMH7CAXHGCFCN4PD0QAJP,01HWDP5NYDS3HJWC3V2AV6W110,2024-04-26T18:10:46.12454903Z,01HWDP5NYM7S9KKQ21HG5SYFE7,2024-04-26T18:10:46.12454903Z,01HWDSF5KQQVX1D4KM2SQVEGEM,2024-04-26T18:10:46.12454903Z
01HWDSPP2BKGA1J28D278AT772,01HWDP5QAT9FRB8ZTXEHAV9YZ5,2024-04-26T18:11:56.619264778Z,01HWDP5QB44N44KV2SMXNHNR3P,2024-04-26T18:11:56.619264778Z,01HWDSEJKB269MQ87JXHSBPD0R,2024-04-26T18:11:56.619264778Z
01HWDSPP3BM0Q39B68TD6W7VV0,01HWDP5QAT9FRB8ZTXEHAV9YZ5,2024-04-26T18:11:56.651726545Z,01HWDP5QB44N44KV2SMXNHNR3P,2024-04-26T18:11:56.651726545Z,01HWDSEZZVHCMCDVC98B2K8BEP,2024-04-26T18:11:56.651726545Z
01HWDSPP4CFSF2CBJEZ9Z9ECB7,01HWDP5QAT9FRB8ZTXEHAV9YZ5,2024-04-26T18:11:56.684463384Z,01HWDP5QB44N44KV2SMXNHNR3P,2024-04-26T18:11:56.684463384Z,01HWDSF74QKB6CYY3BBHEW1BMS,2024-04-26T18:11:56.684463384Z
01HWDSPP5BAMAM0RGFTAHHX5D1,01HWDP5QAT9FRB8ZTXEHAV9YZ5,2024-04-26T18:11:56.715562731Z,01HWDP5QB44N44KV2SMXNHNR3P,2024-04-26T18:11:56.715562731Z,01HWDSGP7KJSKJFM8JE5A0YG7V,2024-04-26T18:11:56.715562731Z
01HWDSQ74STGVVT39E9Y3MK030,01HWDP5MS15ATFG0DP50D78YAX,2024-04-26T18:12:14.105175542Z,01HWDP5MS9ZHZ0DQNYQBZTXXED,2024-04-26T18:12:14.105175542Z,01HWDSED5CK3NFNWPBQW8GGQQ1,2024-04-26T18:12:14.105175542Z
01HWDSQ75Q3240VF1YZSSJ3E1Y,01HWDP5MS15ATFG0DP50D78YAX,2024-04-26T18:12:14.135315936Z,01HWDP5MS9ZHZ0DQNYQBZTXXED,2024-04-26T18:12:14.135315936Z,01HWDSFJD1B5BEYFJKGR2S69NJ,2024-04-26T18:12:14.135315936Z
01HWDSQ76R84JQ37G6E77YJZA1,01HWDP5MS15ATFG0DP50D78YAX,2024-04-26T18:12:14.16840824Z,01HWDP5MS9ZHZ0DQNYQBZTXXED,2024-04-26T18:12:14.16840824Z,01HWDSHDD474FQT0E2J4X3WNBP,2024-04-26T18:12:14.16840824Z
01HWDSQ77P59R2N7GVSCV63H38,01HWDP5MS15ATFG0DP50D78YAX,2024-04-26T18:12:14.198778552Z,01HWDP5MS9ZHZ0DQNYQBZTXXED,2024-04-26T18:12:14.198778552Z,01HWDSHGAVZEX4MWSYN0ZMY71V,2024-04-26T18:12:14.198778552Z
01HWDSXJEEJVX7VYT17GXZ4E5J,01HWDP5KMTXR7Q69DTJTCPFAFE,2024-04-26T18:15:42.286637905Z,01HWDP5KN48YM006XBHRHG61BR,2024-04-26T18:15:42.286637905Z,01HWDSKSDZWB0R9BPJ3DY5CR5M,2024-04-26T18:15:42.286637905Z
01HWDSXJJ8Y49A5N4T23DV6HHP,01HWDP5KMTXR7Q69DTJTCPFAFE,2024-04-26T18:15:42.408779798Z,01HWDP5KN48YM006XBHRHG61BR,2024-04-26T18:15:42.408779798Z,01HWDSMMDFDY880RRZRAY63Z39,2024-04-26T18:15:42.408779798Z
01HWDSXJP81QEQQ2QSDFQE3C67,01HWDP5KMTXR7Q69DTJTCPFAFE,2024-04-26T18:15:42.53632365Z,01HWDP5KN48YM006XBHRHG61BR,2024-04-26T18:15:42.53632365Z,01HWDSQXH0CABTRTGD6K0BV110,2024-04-26T18:15:42.53632365Z
01HWDSXJSEAAQ07CZJAJH9NKH4,01HWDP5KMTXR7Q69DTJTCPFAFE,2024-04-26T18:15:42.638796256Z,01HWDP5KN48YM006XBHRHG61BR,2024-04-26T18:15:42.638796256Z,01HWDSRC5S0HXET9HQPNZ777Q5,2024-04-26T18:15:42.638796256Z
01HWDSYHC9FQC8BASGCWG73EM7,01HWDP5F40M8JFYGVBZ3BQVYVR,2024-04-26T18:16:13.961393388Z,01HWDP5F4CAKWKQT7NW2GXCXG6,2024-04-26T18:16:13.961393388Z,01HWDSGMSQB3D2JW5MG0KYJPXA,2024-04-26T18:16:13.961393388Z
01HWDSYHE1JMFRZFJMK9FQFKZD,01HWDP5F40M8JFYGVBZ3BQVYVR,2024-04-26T18:16:14.017179986Z,01HWDP5F4CAKWKQT7NW2GXCXG6,2024-04-26T18:16:14.017179986Z,01HWDSR88MPZS4ZNAKWSVNH7AT,2024-04-26T18:16:14.017179986Z
01HWDSYHFK4YJZ4JD5A7NEJYAZ,01HWDP5F40M8JFYGVBZ3BQVYVR,2024-04-26T18:16:14.067661257Z,01HWDP5F4CAKWKQT7NW2GXCXG6,2024-04-26T18:16:14.067661257Z,01HWDSREDEY2AMC72GRNXJCK2Y,2024-04-26T18:16:14.067661257Z
01HWDSYHGWPG86RW7ZPWQD8PWB,01HWDP5F40M8JFYGVBZ3BQVYVR,2024-04-26T18:16:14.108244175Z,01HWDP5F4CAKWKQT7NW2GXCXG6,2024-04-26T18:16:14.108244175Z,01HWDSVHZ9Z3SBDYQ7ACSBFSRC,2024-04-26T18:16:14.108244175Z
01HWDT0FW8W7KP5GZPZZ081JTQ,01HWDP5JC50CNFAMKSGPM95QNG,2024-04-26T18:17:17.960155414Z,01HWDP5JCGTBT17MFRMQD2C70B,2024-04-26T18:17:17.960155414Z,01HWDSNH5YB6VNH3CMZ0XJKDKS,2024-04-26T18:17:17.960155414Z
01HWDT0G0C23F89Z8BTDCY6MYY,01HWDP5JC50CNFAMKSGPM95QNG,2024-04-26T18:17:18.092118096Z,01HWDP5JCGTBT17MFRMQD2C70B,2024-04-26T18:17:18.092118096Z,01HWDSR0SPGEC0RE08FF0NCDAD,2024-04-26T18:17:18.092118096Z
01HWDT0G3099E9B3CTAE5NYV90,01HWDP5JC50CNFAMKSGPM95QNG,2024-04-26T18:17:18.176955731Z,01HWDP5JCGTBT17MFRMQD2C70B,2024-04-26T18:17:18.176955731Z,01HWDSRR5HSSRS9GZRZDSK53CJ,2024-04-26T18:17:18.176955731Z
01HWDT0G66362X0E3F1SS9QKF1,01HWDP5JC50CNFAMKSGPM95QNG,2024-04-26T18:17:18.278129867Z,01HWDP5JCGTBT17MFRMQD2C70B,2024-04-26T18:17:18.278129867Z,01HWDSS8VWECK4HG175JNKRJ4H,2024-04-26T18:17:18.278129867Z
01HWDT32MS88EAPRS49QEQQY23,01HWDSTT2XSEAMVVVF2SPFM9H8,2024-04-26T18:18:42.71355293Z,01HWDSTT5Z2H6AXQHZ8SSJFFPC,2024-04-26T18:18:42.71355293Z,01HWDSRMW47NQT51SEVMY81TQX,2024-04-26T18:18:42.71355293Z
01HWDT32PJ9TA7ATD7C9GN32RW,01HWDSTT2XSEAMVVVF2SPFM9H8,2024-04-26T18:18:42.770563643Z,01HWDSTT5Z2H6AXQHZ8SSJFFPC,2024-04-26T18:18:42.770563643Z,01HWDSS7HNA5YQ5BQ7TXEZ61XF,2024-04-26T18:18:42.770563643Z
01HWDT32R3ARRTQKAE2199R2JB,01HWDSTT2XSEAMVVVF2SPFM9H8,2024-04-26T18:18:42.819774581Z,01HWDSTT5Z2H6AXQHZ8SSJFFPC,2024-04-26T18:18:42.819774581Z,01HWDSS7X33XJR2CJYEYCYPK3P,2024-04-26T18:18:42.819774581Z
01HWDT32SKFBPZMFXPZ2MTG8KH,01HWDSTT2XSEAMVVVF2SPFM9H8,2024-04-26T18:18:42.867615864Z,01HWDSTT5Z2H6AXQHZ8SSJFFPC,2024-04-26T18:18:42.867615864Z,01HWDSTNVFS0J3HS32D1H4KF9E,2024-04-26T18:18:42.867615864Z
01HWDT9A0HEXJQ1NJEVH45MJP0,01HWDSCSA0V9MCAKQW9RQT23SM,2024-04-26T18:22:06.865412906Z,01HWDSCSCN4RSWBHAFJKDXAAZG,2024-04-26T18:22:06.865412906Z,01HWDT4VN5368SGVV4F7SBAV99,2024-04-26T18:22:06.865412906Z
01HWDT9A28JAXKYCW22HQHGFS0,01HWDSCSA0V9MCAKQW9RQT23SM,2024-04-26T18:22:06.922876984Z,01HWDSCSCN4RSWBHAFJKDXAAZG,2024-04-26T18:22:06.922876984Z,01HWDT4WGAW2MWBQRHW3SQ6003,2024-04-26T18:22:06.922876984Z
01HWDT9A46SMGHAMNDDWJPTSCK,01HWDSCSA0V9MCAKQW9RQT23SM,2024-04-26T18:22:06.982626222Z,01HWDSCSCN4RSWBHAFJKDXAAZG,2024-04-26T18:22:06.982626222Z,01HWDT4YAJ5CPW3ZW4ER5VN1F9,2024-04-26T18:22:06.982626222Z
01HWDT9A5TR1ZP31BN1GSM7FHC,01HWDSCSA0V9MCAKQW9RQT23SM,2024-04-26T18:22:07.034485591Z,01HWDSCSCN4RSWBHAFJKDXAAZG,2024-04-26T18:22:07.034485591Z,01HWDT518VQPFJ06X48YR5BQ6P,2024-04-26T18:22:07.034485591Z
01HWDTCK5J0QZJBXA4CDDYFX7M,01HWDP6DGCBZWY64KQJWF4YCBN,2024-04-26T18:23:54.546299381Z,01HWDP6DGMHX5DEQX4XYGJMTAJ,2024-04-26T18:23:54.546299381Z,01HWDT56D8JNE7QTFR1X2HTR0A,2024-04-26T18:23:54.546299381Z
01HWDTCKAW7VDTA2CSSJ88X981,01HWDP6DGCBZWY64KQJWF4YCBN,2024-04-26T18:23:54.716837014Z,01HWDP6DGMHX5DEQX4XYGJMTAJ,2024-04-26T18:23:54.716837014Z,01HWDT5737N2J5VR33Y1A8GVMR,2024-04-26T18:23:54.716837014Z
01HWDTCKKPQYFXPBZ0QDPEF5HM,01HWDP6DGCBZWY64KQJWF4YCBN,2024-04-26T18:23:54.998971746Z,01HWDP6DGMHX5DEQX4XYGJMTAJ,2024-04-26T18:23:54.998971746Z,01HWDT59YTND69F8W31HD7ZBV3,2024-04-26T18:23:54.998971746Z
01HWDTCKQV3CP5GBD5DFFR2ZA5,01HWDP6DGCBZWY64KQJWF4YCBN,2024-04-26T18:23:55.131976027Z,01HWDP6DGMHX5DEQX4XYGJMTAJ,2024-04-26T18:23:55.131976027Z,01HWDT5NNAVRGDSPHMVPGVC2VE,2024-04-26T18:23:55.131976027Z
01HWDTHQBZW4Q776H0ECS5B5HY,01HWDP6CN2Q2NJGRPNBZ8PMT3H,2024-04-26T18:26:42.687876602Z,01HWDP6CN9Y3MXPZJT12FKB01X,2024-04-26T18:26:42.687876602Z,01HWDT4ZP85722Q4JS98V4FBE1,2024-04-26T18:26:42.687876602Z
01HWDTHQGACM5ACHG11SX8VK69,01HWDP6CN2Q2NJGRPNBZ8PMT3H,2024-04-26T18:26:42.826959425Z,01HWDP6CN9Y3MXPZJT12FKB01X,2024-04-26T18:26:42.826959425Z,01HWDT5M1ZF46YWVCSQ1SN0T6B,2024-04-26T18:26:42.826959425Z
01HWDTHQR4TK0JEWHE30YTPH4Z,01HWDP6CN2Q2NJGRPNBZ8PMT3H,2024-04-26T18:26:43.076847806Z,01HWDP6CN9Y3MXPZJT12FKB01X,2024-04-26T18:26:43.076847806Z,01HWDT5RWPVAV467W8Y4DKGVS4,2024-04-26T18:26:43.076847806Z
01HWDTHQX7GWHYJ3PQQHJFJGKS,01HWDP6CN2Q2NJGRPNBZ8PMT3H,2024-04-26T18:26:43.239938733Z,01HWDP6CN9Y3MXPZJT12FKB01X,2024-04-26T18:26:43.239938733Z,01HWDTD8T0JPCB44DAEH4BJ5YJ,2024-04-26T18:26:43.239938733Z
01HWDTK1J33KWHZXG93V9MGVAQ,01HWDP6EBD2PMW6C83DTZ074MV,2024-04-26T18:27:25.89175615Z,01HWDP6EBP6BTQ2D92A3H7PCP0,2024-04-26T18:27:25.89175615Z,01HWDT6BY3CZZ46W3KQXAAWRXG,2024-04-26T18:27:25.89175615Z
01HWDTK1SJPJ5AAYCG3YQHT3X6,01HWDP6EBD2PMW6C83DTZ074MV,2024-04-26T18:27:26.130762485Z,01HWDP6EBP6BTQ2D92A3H7PCP0,2024-04-26T18:27:26.130762485Z,01HWDT6N4ZEJTP6DB0XBAE8Y0Y,2024-04-26T18:27:26.130762485Z
01HWDTK1X4S2YN87BMPH73DRHW,01HWDP6EBD2PMW6C83DTZ074MV,2024-04-26T18:27:26.245018058Z,01HWDP6EBP6BTQ2D92A3H7PCP0,2024-04-26T18:27:26.245018058Z,01HWDT84DRWN8T8NP1HK6JK9KQ,2024-04-26T18:27:26.245018058Z
01HWDTK1Z77ZTKWN8A0B04NJ7M,01HWDP6EBD2PMW6C83DTZ074MV,2024-04-26T18:27:26.311680018Z,01HWDP6EBP6BTQ2D92A3H7PCP0,2024-04-26T18:27:26.311680018Z,01HWDT8S29K0S9JTM53DR3PEXK,2024-04-26T18:27:26.311680018Z
01HWDTNAPJDKD8Q04A3RTBT9JQ,01HWDP6BHJTCKW79DN1ZW59F9M,2024-04-26T18:28:40.786366789Z,01HWDP6BHWKE548RPYM9JDXR9V,2024-04-26T18:28:40.786366789Z,01HWDT5T8KX4P87SW04F5KGSFT,2024-04-26T18:28:40.786366789Z
01HWDTNAZQ1Z9AWBZP7JFEHDY8,01HWDP6BHJTCKW79DN1ZW59F9M,2024-04-26T18:28:41.079800548Z,01HWDP6BHWKE548RPYM9JDXR9V,2024-04-26T18:28:41.079800548Z,01HWDTA9178NCB9GR1VV22E3R6,2024-04-26T18:28:41.079800548Z
01HWDTNBA45KW2C8RPQYTB9W0Q,01HWDP6BHJTCKW79DN1ZW59F9M,2024-04-26T18:28:41.412676505Z,01HWDP6BHWKE548RPYM9JDXR9V,2024-04-26T18:28:41.412676505Z,01HWDTAK9QMQMH6BWPQHRV0DCY,2024-04-26T18:28:41.412676505Z
01HWDTNBSEGZYV8GTZSKMND3H7,01HWDP6BHJTCKW79DN1ZW59F9M,2024-04-26T18:28:41.902670221Z,01HWDP6BHWKE548RPYM9JDXR9V,2024-04-26T18:28:41.902670221Z,01HWDTFPCGJPGXN0G1S26NBTVB,2024-04-26T18:28:41.902670221Z
01HWDTR6D7PCMH1TY24MNFXEHV,01HWDTGS56CEX79QGC0WJFCSE2,2024-04-26T18:30:14.695771649Z,01HWDTGS7J42W43Z7WHXX10KS4,2024-04-26T18:30:14.695771649Z,01HWDT6VDB2FVSBQS07RR41DYV,2024-04-26T18:30:14.695771649Z
01HWDTR6K1RXBZTGTP52H69YJJ,01HWDTGS56CEX79QGC0WJFCSE2,2024-04-26T18:30:14.881373892Z,01HWDTGS7J42W43Z7WHXX10KS4,2024-04-26T18:30:14.881373892Z,01HWDTJV6DTZKWMA8RT5GC2EXZ,2024-04-26T18:30:14.881373892Z
01HWDTR6PK7YFW5C1380HT9VRC,01HWDTGS56CEX79QGC0WJFCSE2,2024-04-26T18:30:14.995212769Z,01HWDTGS7J42W43Z7WHXX10KS4,2024-04-26T18:30:14.995212769Z,01HWDTJW68QB6Y5KQESADYEHF1,2024-04-26T18:30:14.995212769Z
01HWDTR6W5NYQAS401YF5JXY3A,01HWDTGS56CEX79QGC0WJFCSE2,2024-04-26T18:30:15.173546941Z,01HWDTGS7J42W43Z7WHXX10KS4,2024-04-26T18:30:15.173546941Z,01HWDTJX8D30J8H4YQWC5GKY6X,2024-04-26T18:30:15.173546941Z
01HWDTV3PJK5ER3FZKVA7H5K9T,01HWDP6ARFSKR8D84R7374BEM1,2024-04-26T18:31:50.22709049Z,01HWDP6ARQAQG6WP125WXR8DKX,2024-04-26T18:31:50.22709049Z,01HWDTJSFYPM36DX31HKGMDKB9,2024-04-26T18:31:50.22709049Z
01HWDTV49GZM5KWMYYAW42YA3E,01HWDP6ARFSKR8D84R7374BEM1,2024-04-26T18:31:50.832057864Z,01HWDP6ARQAQG6WP125WXR8DKX,2024-04-26T18:31:50.832057864Z,01HWDTK0C12WJHYCHK2XC03YMW,2024-04-26T18:31:50.832057864Z
01HWDTV4KSCY15ZZ610G518EQA,01HWDP6ARFSKR8D84R7374BEM1,2024-04-26T18:31:51.161261895Z,01HWDP6ARQAQG6WP125WXR8DKX,2024-04-26T18:31:51.161261895Z,01HWDTK15HEYBXTA2FXKAT7FAH,2024-04-26T18:31:51.161261895Z
01HWDTV5AGT6ASMSCBQRASHWD7,01HWDP6ARFSKR8D84R7374BEM1,2024-04-26T18:31:51.888672694Z,01HWDP6ARQAQG6WP125WXR8DKX,2024-04-26T18:31:51.888672694Z,01HWDTP24WYJ5N3A70DDB1APZH,2024-04-26T18:31:51.888672694Z
01HWDVFZ9VPB5XFJ6DG6M9M9F8,01HWDP67EYFHMSKVAKKB0SXA9M,2024-04-26T18:43:13.851791587Z,01HWDP67FDPQ8QYX8Z7G11RM9H,2024-04-26T18:43:13.851791587Z,01HWDTV4Q7D9TAWN6FGWFTEXTQ,2024-04-26T18:43:13.851791587Z
01HWDVFZCTYJRHFQMGGC71HZD9,01HWDP67EYFHMSKVAKKB0SXA9M,2024-04-26T18:43:13.946227649Z,01HWDP67FDPQ8QYX8Z7G11RM9H,2024-04-26T18:43:13.946227649Z,01HWDTX14G2V94YXSFCE8ES3AA,2024-04-26T18:43:13.946227649Z
01HWDVFZSDJ0JN06A1C6ZVFE21,01HWDP67EYFHMSKVAKKB0SXA9M,2024-04-26T18:43:14.349342087Z,01HWDP67FDPQ8QYX8Z7G11RM9H,2024-04-26T18:43:14.349342087Z,01HWDV1QHJ46AQ2FQNKNN2QWNN,2024-04-26T18:43:14.349342087Z
01HWDVG02JRQETJ3E39AC1EDFP,01HWDP67EYFHMSKVAKKB0SXA9M,2024-04-26T18:43:14.64251629Z,01HWDP67FDPQ8QYX8Z7G11RM9H,2024-04-26T18:43:14.64251629Z,01HWDV2WHDCZD5ZNG1EFXFZ6QF,2024-04-26T18:43:14.64251629Z
01HWDVR22HJBAD9BKWYFQSXJMR,01HWDVG9YZ3M4DWMBSWB1SZC6G,2024-04-26T18:47:38.83368585Z,01HWDVGGEPJ5HY449GD93TYZ9K,2024-04-26T18:47:38.83368585Z,01HWDVHYT203K5SKMVKZM5BW6K,2024-04-26T18:47:38.83368585Z
01HWDVR2BB58KTW3MKTYRRPX9V,01HWDVG9YZ3M4DWMBSWB1SZC6G,2024-04-26T18:47:39.115465565Z,01HWDVGGEPJ5HY449GD93TYZ9K,2024-04-26T18:47:39.115465565Z,01HWDVJ0GDJ4GMWRKZ7R9HYX9S,2024-04-26T18:47:39.115465565Z
01HWDVR2WR0ZAFK7E2RHWEKAW1,01HWDVG9YZ3M4DWMBSWB1SZC6G,2024-04-26T18:47:39.672776139Z,01HWDVGGEPJ5HY449GD93TYZ9K,2024-04-26T18:47:39.672776139Z,01HWDVJA4SGGQTHSNR3HRC3WM5,2024-04-26T18:47:39.672776139Z
01HWDVR47ZAV0V4A9E7NNR2P4T,01HWDVG9YZ3M4DWMBSWB1SZC6G,2024-04-26T18:47:41.055617472Z,01HWDVGGEPJ5HY449GD93TYZ9K,2024-04-26T18:47:41.055617472Z,01HWDVJGQTEXRY2A7E4H7JAWFF,2024-04-26T18:47:41.055617472Z
01HWDW06Z6NDHMF7ST0FA0BBAX,01HWDVH4VGTVR7KWDCX6VD694V,2024-04-26T18:52:05.99096613Z,01HWDVHEXMTC9VBRFZ5HFQ0R51,2024-04-26T18:52:05.99096613Z,01HWDVHZBNAMCSQV14BTW35S0H,2024-04-26T18:52:05.99096613Z
01HWDW074MGJCCJJ7MMN0X4XXZ,01HWDVH4VGTVR7KWDCX6VD694V,2024-04-26T18:52:06.164114823Z,01HWDVHEXMTC9VBRFZ5HFQ0R51,2024-04-26T18:52:06.164114823Z,01HWDVJEGMHE6G553A4DAM9VR3,2024-04-26T18:52:06.164114823Z
01HWDW07AVCRKKJ01DB618FCPB,01HWDVH4VGTVR7KWDCX6VD694V,2024-04-26T18:52:06.363119648Z,01HWDVHEXMTC9VBRFZ5HFQ0R51,2024-04-26T18:52:06.363119648Z,01HWDVJNXD7Z4A0FHC9525EGWQ,2024-04-26T18:52:06.363119648Z
01HWDW07GXMMXKTW7Z2M1VD990,01HWDVH4VGTVR7KWDCX6VD694V,2024-04-26T18:52:06.557236082Z,01HWDVHEXMTC9VBRFZ5HFQ0R51,2024-04-26T18:52:06.557236082Z,01HWDVM743FWZZ5G2FQ72FMJ5K,2024-04-26T18:52:06.557236082Z
