id,batchID,batchIDLastChangedAt,ended,endedLastChangedAt,gameID,gameIDLastChangedAt,idx,idxLastChangedAt,index,indexLastChangedAt,name,nameLastChangedAt,stageIndex,stageIndexLastChangedAt,start,startLastChangedAt,task,taskLastChangedAt
01JDAVR4WP5BK74Y0GT7B8XD82,01JDAV7NMPR3GW91C3EE80J0N9,2024-11-22T21:16:49.430597134Z,true,2024-11-22T21:19:49.87858606Z,01JDAV7NMYZNX2JP8M9R6XSR3R,2024-11-22T21:16:49.430597134Z,5,2024-11-22T21:16:49.430597134Z,4,2024-11-22T21:16:49.430597134Z,Round 5 / 8,2024-11-22T21:16:49.430597134Z,1,2024-11-22T21:16:49.676092754Z,true,2024-11-22T21:19:19.73847545Z,Chat,2024-11-22T21:16:49.430597134Z
01JDAXX5BGY0XCY1Q1FXX358GN,01JDAXJ9GA579XVKVXYHX7PMB5,2024-11-22T21:54:30.896212706Z,true,2024-11-22T21:57:15.19961247Z,01JDAXJ9JWAYJF3NTH7KK3P2CH,2024-11-22T21:54:30.896212706Z,5,2024-11-22T21:54:30.896212706Z,4,2024-11-22T21:54:30.896212706Z,Round 5 / 8,2024-11-22T21:54:30.896212706Z,1,2024-11-22T21:54:32.237181282Z,true,2024-11-22T21:56:56.83294874Z,Chat,2024-11-22T21:54:30.896212706Z
01JDAVNWH85NB8V0130SPGPAAX,01JDAV7PDERQ7AK026EVFTCY8H,2024-11-22T21:15:35.336395095Z,true,2024-11-22T21:19:06.680725318Z,01JDAV7PDNDTFN0N27Q2XCPS2P,2024-11-22T21:15:35.336395095Z,6,2024-11-22T21:15:35.336395095Z,5,2024-11-22T21:15:35.336395095Z,Round 6 / 8,2024-11-22T21:15:35.336395095Z,1,2024-11-22T21:15:35.570815492Z,true,2024-11-22T21:18:36.540640458Z,Chat,2024-11-22T21:15:35.336395095Z
01JDAW8GC6X92VV69K3SD66AJT,01JDAV7BT8X0ENK4E2JRHCANJT,2024-11-22T21:25:45.478682933Z,true,2024-11-22T21:27:16.666804687Z,01JDAV7BTJ9FST3S5K0Y7AWNSV,2024-11-22T21:25:45.478682933Z,2,2024-11-22T21:25:45.478682933Z,1,2024-11-22T21:25:45.478682933Z,Round 2 / 8,2024-11-22T21:25:45.478682933Z,1,2024-11-22T21:25:45.596098707Z,true,2024-11-22T21:26:46.415858418Z,Chat,2024-11-22T21:25:45.478682933Z
01JDAXCQA4FAVZGM8VNAYVJG3F,01JDAW92FM8RVSV5HSE8WB07E6,2024-11-22T21:45:32.228540602Z,true,2024-11-22T21:49:33.116794284Z,01JDAW92GDPJY1C855FFXP1CS2,2024-11-22T21:45:32.228540602Z,8,2024-11-22T21:45:32.228540602Z,7,2024-11-22T21:45:32.228540602Z,Round 8 / 8,2024-11-22T21:45:32.228540602Z,1,2024-11-22T21:45:32.942825695Z,true,2024-11-22T21:49:02.429085543Z,Chat,2024-11-22T21:45:32.228540602Z
01JDAXGCQJG23YMMT40666VC20,01JDAW91RVAWDE15G9TQ9RXZQ4,2024-11-22T21:47:32.466646534Z,true,2024-11-22T21:49:26.312614067Z,01JDAW91SHMMAZ5PMS6NNQNRNA,2024-11-22T21:47:32.466646534Z,3,2024-11-22T21:47:32.466646534Z,2,2024-11-22T21:47:32.466646534Z,Round 3 / 8,2024-11-22T21:47:32.466646534Z,1,2024-11-22T21:47:33.088278772Z,true,2024-11-22T21:49:06.556599611Z,Chat,2024-11-22T21:47:32.466646534Z
01JDAXX54M8MYJ47T3B9Q12702,01JDAXJ9GA579XVKVXYHX7PMB5,2024-11-22T21:54:30.676616838Z,true,2024-11-22T21:55:36.410285722Z,01JDAXJ9JWAYJF3NTH7KK3P2CH,2024-11-22T21:54:30.676616838Z,1,2024-11-22T21:54:30.676616838Z,0,2024-11-22T21:54:30.676616838Z,Round 1 / 8,2024-11-22T21:54:30.676616838Z,2,2024-11-22T21:54:32.237181282Z,true,2024-11-22T21:54:32.969222067Z,Chat,2024-11-22T21:54:30.676616838Z
01JDAXX58CAKVXZJD0R848FQDF,01JDAXJ9GA579XVKVXYHX7PMB5,2024-11-22T21:54:30.796445392Z,true,2024-11-22T21:58:24.217834658Z,01JDAXJ9JWAYJF3NTH7KK3P2CH,2024-11-22T21:54:30.796445392Z,8,2024-11-22T21:54:30.796445392Z,7,2024-11-22T21:54:30.796445392Z,Round 8 / 8,2024-11-22T21:54:30.796445392Z,1,2024-11-22T21:54:32.049519141Z,true,2024-11-22T21:58:04.282738287Z,Chat,2024-11-22T21:54:30.796445392Z
01JDAVM7M0Z8TRC502SGXQ842X,01JDAV5VXHJYCN2V0T1M5T8322,2024-11-22T21:14:41.152988725Z,true,2024-11-22T21:17:57.76052142Z,01JDAV5VY93GESTPGN5PE0KCFT,2024-11-22T21:14:41.152988725Z,7,2024-11-22T21:14:41.152988725Z,6,2024-11-22T21:14:41.152988725Z,Round 7 / 8,2024-11-22T21:14:41.152988725Z,1,2024-11-22T21:14:41.295795554Z,true,2024-11-22T21:17:44.249235762Z,Chat,2024-11-22T21:14:41.152988725Z
01JDAVY9H7R7T4S06S059ANHEM,01JDAV7G8TQTKPZVSCPYST9866,2024-11-22T21:20:10.791555482Z,true,2024-11-22T21:24:09.467442318Z,01JDAV7G93PEQKN7EKG9SYPNXF,2024-11-22T21:20:10.791555482Z,8,2024-11-22T21:20:10.791555482Z,7,2024-11-22T21:20:10.791555482Z,Round 8 / 8,2024-11-22T21:20:10.791555482Z,1,2024-11-22T21:20:10.836201127Z,true,2024-11-22T21:23:47.480620036Z,Chat,2024-11-22T21:20:10.791555482Z
01JDAW28VPNS7MMZ5391MPJE0M,01JDAV7DENMXA1Z5WHTTT0F2MF,2024-11-22T21:22:21.174254174Z,true,2024-11-22T21:23:51.930640962Z,01JDAV7DEXDW9TAG8NVGHHDHV6,2024-11-22T21:22:21.174254174Z,2,2024-11-22T21:22:21.174254174Z,1,2024-11-22T21:22:21.174254174Z,Round 2 / 8,2024-11-22T21:22:21.174254174Z,1,2024-11-22T21:22:21.288216687Z,true,2024-11-22T21:23:21.707904308Z,Chat,2024-11-22T21:22:21.174254174Z
01JDAW28WJ8T7TZQ10ZVTDG1E4,01JDAV7DENMXA1Z5WHTTT0F2MF,2024-11-22T21:22:21.202182788Z,true,2024-11-22T21:25:13.114604539Z,01JDAV7DEXDW9TAG8NVGHHDHV6,2024-11-22T21:22:21.202182788Z,5,2024-11-22T21:22:21.202182788Z,4,2024-11-22T21:22:21.202182788Z,Round 5 / 8,2024-11-22T21:22:21.202182788Z,1,2024-11-22T21:22:21.326148594Z,true,2024-11-22T21:24:42.945289624Z,Chat,2024-11-22T21:22:21.202182788Z
01JDAW8GCNK0TZD2M7MGMHZZ89,01JDAV7BT8X0ENK4E2JRHCANJT,2024-11-22T21:25:45.493150712Z,true,2024-11-22T21:26:46.385408331Z,01JDAV7BTJ9FST3S5K0Y7AWNSV,2024-11-22T21:25:45.493150712Z,1,2024-11-22T21:25:45.493150712Z,0,2024-11-22T21:25:45.493150712Z,Round 1 / 8,2024-11-22T21:25:45.493150712Z,2,2024-11-22T21:25:45.723124809Z,true,2024-11-22T21:25:45.863507076Z,Chat,2024-11-22T21:25:45.493150712Z
01JDAXR3M3Q9JCZ0R24270KPWN,01JDAXJ5WMH8K5GGX49MEE4HGS,2024-11-22T21:51:45.283392512Z,true,2024-11-22T21:54:55.135871322Z,01JDAXJ5YX38PV4J82MHVAQKN8,2024-11-22T21:51:45.283392512Z,6,2024-11-22T21:51:45.283392512Z,5,2024-11-22T21:51:45.283392512Z,Round 6 / 8,2024-11-22T21:51:45.283392512Z,1,2024-11-22T21:51:45.886988427Z,true,2024-11-22T21:54:35.078806786Z,Chat,2024-11-22T21:51:45.283392512Z
01JDAWJ04VZHJ8AQ361CV2NZ41,01JDAW9G227TQ7S6XPYGXQ6VSP,2024-11-22T21:30:56.539371924Z,true,2024-11-22T21:31:58.087163716Z,01JDAW9G2M35MPT2J3D884PD2J,2024-11-22T21:30:56.539371924Z,1,2024-11-22T21:30:56.539371924Z,0,2024-11-22T21:30:56.539371924Z,Round 1 / 8,2024-11-22T21:30:56.539371924Z,2,2024-11-22T21:30:56.964887847Z,true,2024-11-22T21:30:57.43267552Z,Chat,2024-11-22T21:30:56.539371924Z
01JDAVZD3NW6YZ2Z4QXCJW5JH2,01JDAV7EZCZG4X83SX62XDSNV8,2024-11-22T21:20:47.221045856Z,true,2024-11-22T21:22:17.863550337Z,01JDAV7EZQJ4EREN1RCQ4RZS8E,2024-11-22T21:20:47.221045856Z,2,2024-11-22T21:20:47.221045856Z,1,2024-11-22T21:20:47.221045856Z,Round 2 / 8,2024-11-22T21:20:47.221045856Z,1,2024-11-22T21:20:47.258058253Z,true,2024-11-22T21:21:47.672613727Z,Chat,2024-11-22T21:20:47.221045856Z
01JDAW28W4RZGKAXGE2VXGYESE,01JDAV7DENMXA1Z5WHTTT0F2MF,2024-11-22T21:22:21.188888462Z,true,2024-11-22T21:24:42.925319938Z,01JDAV7DEXDW9TAG8NVGHHDHV6,2024-11-22T21:22:21.188888462Z,4,2024-11-22T21:22:21.188888462Z,3,2024-11-22T21:22:21.188888462Z,Round 4 / 8,2024-11-22T21:22:21.188888462Z,1,2024-11-22T21:22:21.250441827Z,true,2024-11-22T21:24:20.864516791Z,Chat,2024-11-22T21:22:21.188888462Z
01JDAW8GCEHXGSB2W4399WCWTX,01JDAV7BT8X0ENK4E2JRHCANJT,2024-11-22T21:25:45.486481867Z,true,2024-11-22T21:27:45.687310158Z,01JDAV7BTJ9FST3S5K0Y7AWNSV,2024-11-22T21:25:45.486481867Z,3,2024-11-22T21:25:45.486481867Z,2,2024-11-22T21:25:45.486481867Z,Round 3 / 8,2024-11-22T21:25:45.486481867Z,1,2024-11-22T21:25:45.625087705Z,true,2024-11-22T21:27:16.692633118Z,Chat,2024-11-22T21:25:45.486481867Z
01JDAW8GDF2Z2B4DN6QBMYQJY9,01JDAV7BT8X0ENK4E2JRHCANJT,2024-11-22T21:25:45.519195401Z,true,2024-11-22T21:29:04.021660079Z,01JDAV7BTJ9FST3S5K0Y7AWNSV,2024-11-22T21:25:45.519195401Z,6,2024-11-22T21:25:45.519195401Z,5,2024-11-22T21:25:45.519195401Z,Round 6 / 8,2024-11-22T21:25:45.519195401Z,1,2024-11-22T21:25:45.815169833Z,true,2024-11-22T21:28:46.217761141Z,Chat,2024-11-22T21:25:45.519195401Z
01JDAXCQ8610AYR4EFFE08HHEE,01JDAW92FM8RVSV5HSE8WB07E6,2024-11-22T21:45:32.166134044Z,true,2024-11-22T21:47:04.973592691Z,01JDAW92GDPJY1C855FFXP1CS2,2024-11-22T21:45:32.166134044Z,2,2024-11-22T21:45:32.166134044Z,1,2024-11-22T21:45:32.166134044Z,Round 2 / 8,2024-11-22T21:45:32.166134044Z,1,2024-11-22T21:45:32.83031123Z,true,2024-11-22T21:46:34.515459181Z,Chat,2024-11-22T21:45:32.166134044Z
01JDAXR3J9P9ZVD3FEXT3HPRHD,01JDAXJ5WMH8K5GGX49MEE4HGS,2024-11-22T21:51:45.225841882Z,true,2024-11-22T21:52:48.49248491Z,01JDAXJ5YX38PV4J82MHVAQKN8,2024-11-22T21:51:45.225841882Z,1,2024-11-22T21:51:45.225841882Z,0,2024-11-22T21:51:45.225841882Z,Round 1 / 8,2024-11-22T21:51:45.225841882Z,2,2024-11-22T21:51:46.132643128Z,true,2024-11-22T21:51:47.039522Z,Chat,2024-11-22T21:51:45.225841882Z
01JDAWJ05X3WMRYA3G52VNAY8A,01JDAW9G227TQ7S6XPYGXQ6VSP,2024-11-22T21:30:56.57392432Z,true,2024-11-22T21:33:59.474408168Z,01JDAW9G2M35MPT2J3D884PD2J,2024-11-22T21:30:56.57392432Z,5,2024-11-22T21:30:56.57392432Z,4,2024-11-22T21:30:56.57392432Z,Round 5 / 8,2024-11-22T21:30:56.57392432Z,1,2024-11-22T21:30:56.837140236Z,true,2024-11-22T21:33:29.159371695Z,Chat,2024-11-22T21:30:56.57392432Z
01JDAXR3JX1ACM4TG9ZP03YJ0W,01JDAXJ5WMH8K5GGX49MEE4HGS,2024-11-22T21:51:45.24593962Z,true,2024-11-22T21:53:17.18457306Z,01JDAXJ5YX38PV4J82MHVAQKN8,2024-11-22T21:51:45.24593962Z,2,2024-11-22T21:51:45.24593962Z,1,2024-11-22T21:51:45.24593962Z,Round 2 / 8,2024-11-22T21:51:45.24593962Z,1,2024-11-22T21:51:45.841469282Z,true,2024-11-22T21:52:48.584587845Z,Chat,2024-11-22T21:51:45.24593962Z
01JDAWBV6950B95XNYQ1W3FXEF,01JDAV7A23J19NYW1G1M51MRS7,2024-11-22T21:27:34.857884791Z,true,2024-11-22T21:31:02.662994704Z,01JDAV7A2CN94NGM529SW3NX2Q,2024-11-22T21:27:34.857884791Z,8,2024-11-22T21:27:34.857884791Z,7,2024-11-22T21:27:34.857884791Z,Round 8 / 8,2024-11-22T21:27:34.857884791Z,1,2024-11-22T21:27:34.96803653Z,true,2024-11-22T21:30:49.034832486Z,Chat,2024-11-22T21:27:34.857884791Z
01JDAXY4BGCE0XANQ85D2C2B58,01JDAXJ8MTD357BJ284YCVQECZ,2024-11-22T21:55:02.641042743Z,true,2024-11-22T21:58:02.490296173Z,01JDAXJ8PR73ZPZYE5KXF66AXZ,2024-11-22T21:55:02.641042743Z,5,2024-11-22T21:55:02.641042743Z,4,2024-11-22T21:55:02.641042743Z,Round 5 / 8,2024-11-22T21:55:02.641042743Z,1,2024-11-22T21:55:03.955331668Z,true,2024-11-22T21:57:31.83261508Z,Chat,2024-11-22T21:55:02.641042743Z
01JDAWCSEW1VNAAXDJFKYTCYAQ,01JDAW9H90NX0NBKQ78WQFK87S,2024-11-22T21:28:05.852312071Z,true,2024-11-22T21:31:06.153074054Z,01JDAW9H9R34V9ZGZCJXT6VP5J,2024-11-22T21:28:05.852312071Z,5,2024-11-22T21:28:05.852312071Z,4,2024-11-22T21:28:05.852312071Z,Round 5 / 8,2024-11-22T21:28:05.852312071Z,1,2024-11-22T21:28:06.17420329Z,true,2024-11-22T21:30:38.140631649Z,Chat,2024-11-22T21:28:05.852312071Z
01JDAWZAG0XD2XV004RC8ZNYC3,01JDAW957DCG61X93N892GXZWF,2024-11-22T21:38:13.120950438Z,true,2024-11-22T21:40:57.411938144Z,01JDAW958523SSTP7PHBCF6XV7,2024-11-22T21:38:13.120950438Z,6,2024-11-22T21:38:13.120950438Z,5,2024-11-22T21:38:13.120950438Z,Round 6 / 8,2024-11-22T21:38:13.120950438Z,1,2024-11-22T21:38:13.501379468Z,true,2024-11-22T21:40:39.683945782Z,Chat,2024-11-22T21:38:13.120950438Z
01JDAXCQBEV0M40RQ59JB0KQ9V,01JDAW92FM8RVSV5HSE8WB07E6,2024-11-22T21:45:32.27082852Z,true,2024-11-22T21:48:21.480529674Z,01JDAW92GDPJY1C855FFXP1CS2,2024-11-22T21:45:32.27082852Z,5,2024-11-22T21:45:32.27082852Z,4,2024-11-22T21:45:32.27082852Z,Round 5 / 8,2024-11-22T21:45:32.27082852Z,1,2024-11-22T21:45:33.051657681Z,true,2024-11-22T21:48:06.116000536Z,Chat,2024-11-22T21:45:32.27082852Z
01JDAXM5EZC47X229HJ6T13A8A,01JDAV78N2XQAMP3T752482BSA,2024-11-22T21:49:36.095506023Z,true,2024-11-22T21:54:12.063359075Z,01JDAV78NE5B28MCGQW2AW6RQW,2024-11-22T21:49:36.095506023Z,8,2024-11-22T21:49:36.095506023Z,7,2024-11-22T21:49:36.095506023Z,Round 8 / 8,2024-11-22T21:49:36.095506023Z,1,2024-11-22T21:49:37.218555084Z,true,2024-11-22T21:53:41.570030048Z,Chat,2024-11-22T21:49:36.095506023Z
01JDAVNWH19S2FMEMADTHSGBH8,01JDAV7PDERQ7AK026EVFTCY8H,2024-11-22T21:15:35.329611562Z,true,2024-11-22T21:16:35.928553436Z,01JDAV7PDNDTFN0N27Q2XCPS2P,2024-11-22T21:15:35.329611562Z,1,2024-11-22T21:15:35.329611562Z,0,2024-11-22T21:15:35.329611562Z,Round 1 / 8,2024-11-22T21:15:35.329611562Z,2,2024-11-22T21:15:35.491632606Z,true,2024-11-22T21:15:35.548012284Z,Chat,2024-11-22T21:15:35.329611562Z
01JDAW63380G059AYWCNW33B2E,01JDAV7CMRW7XHY88WC9DBQES6,2024-11-22T21:24:26.344468175Z,true,2024-11-22T21:25:26.976843498Z,01JDAV7CN2D9MAQ6ZK8X7YT6AW,2024-11-22T21:24:26.344468175Z,1,2024-11-22T21:24:26.344468175Z,0,2024-11-22T21:24:26.344468175Z,Round 1 / 8,2024-11-22T21:24:26.344468175Z,2,2024-11-22T21:24:26.468373345Z,true,2024-11-22T21:24:26.658832406Z,Chat,2024-11-22T21:24:26.344468175Z
01JDAW8GD9B8YAZC7PVHXDQJ0J,01JDAV7BT8X0ENK4E2JRHCANJT,2024-11-22T21:25:45.513293912Z,true,2024-11-22T21:29:26.16989132Z,01JDAV7BTJ9FST3S5K0Y7AWNSV,2024-11-22T21:25:45.513293912Z,7,2024-11-22T21:25:45.513293912Z,6,2024-11-22T21:25:45.513293912Z,Round 7 / 8,2024-11-22T21:25:45.513293912Z,1,2024-11-22T21:25:45.645073193Z,true,2024-11-22T21:29:04.060372564Z,Chat,2024-11-22T21:25:45.513293912Z
01JDAW9730AEEG7Z8QTSPRPKCA,01JDAV7AVY9FAH9TCHE3YNF417,2024-11-22T21:26:08.736664983Z,true,2024-11-22T21:30:03.051110517Z,01JDAV7AW8PCN7AC0JSEWGVCFR,2024-11-22T21:26:08.736664983Z,8,2024-11-22T21:26:08.736664983Z,7,2024-11-22T21:26:08.736664983Z,Round 8 / 8,2024-11-22T21:26:08.736664983Z,1,2024-11-22T21:26:08.896401782Z,true,2024-11-22T21:29:32.691708976Z,Chat,2024-11-22T21:26:08.736664983Z
01JDAWJ0664JDXAP3AJKN5ZANG,01JDAW9G227TQ7S6XPYGXQ6VSP,2024-11-22T21:30:56.583025133Z,true,2024-11-22T21:33:29.118359625Z,01JDAW9G2M35MPT2J3D884PD2J,2024-11-22T21:30:56.583025133Z,4,2024-11-22T21:30:56.583025133Z,3,2024-11-22T21:30:56.583025133Z,Round 4 / 8,2024-11-22T21:30:56.583025133Z,1,2024-11-22T21:30:57.046110007Z,true,2024-11-22T21:32:58.750175172Z,Chat,2024-11-22T21:30:56.583025133Z
01JDAXGCR8JGFX4AK0ZGFCTB7A,01JDAW91RVAWDE15G9TQ9RXZQ4,2024-11-22T21:47:32.488458696Z,true,2024-11-22T21:51:13.958549387Z,01JDAW91SHMMAZ5PMS6NNQNRNA,2024-11-22T21:47:32.488458696Z,7,2024-11-22T21:47:32.488458696Z,6,2024-11-22T21:47:32.488458696Z,Round 7 / 8,2024-11-22T21:47:32.488458696Z,1,2024-11-22T21:47:33.145868194Z,true,2024-11-22T21:50:58.051599201Z,Chat,2024-11-22T21:47:32.488458696Z
01JDAWFFSY5PHHBEK114DP8QNV,01JDAW9GPCZARVGSZPJQ1SCPAH,2024-11-22T21:29:34.270345259Z,true,2024-11-22T21:30:35.377846062Z,01JDAW9GQ7KA89AWGC4MHJF0YS,2024-11-22T21:29:34.270345259Z,1,2024-11-22T21:29:34.270345259Z,0,2024-11-22T21:29:34.270345259Z,Round 1 / 8,2024-11-22T21:29:34.270345259Z,2,2024-11-22T21:29:34.523120287Z,true,2024-11-22T21:29:34.85125311Z,Chat,2024-11-22T21:29:34.270345259Z
01JDAXCQ8PPEK0ATDTT06HPYCJ,01JDAW92FM8RVSV5HSE8WB07E6,2024-11-22T21:45:32.182651585Z,true,2024-11-22T21:48:06.069433707Z,01JDAW92GDPJY1C855FFXP1CS2,2024-11-22T21:45:32.182651585Z,4,2024-11-22T21:45:32.182651585Z,3,2024-11-22T21:45:32.182651585Z,Round 4 / 8,2024-11-22T21:45:32.182651585Z,1,2024-11-22T21:45:32.769158954Z,true,2024-11-22T21:47:35.643704736Z,Chat,2024-11-22T21:45:32.182651585Z
01JDAWZAF7JQY2JBNSTS5MEMP1,01JDAW957DCG61X93N892GXZWF,2024-11-22T21:38:13.095615826Z,true,2024-11-22T21:40:39.648897469Z,01JDAW958523SSTP7PHBCF6XV7,2024-11-22T21:38:13.095615826Z,5,2024-11-22T21:38:13.095615826Z,4,2024-11-22T21:38:13.095615826Z,Round 5 / 8,2024-11-22T21:38:13.095615826Z,1,2024-11-22T21:38:13.410205687Z,true,2024-11-22T21:40:17.052120009Z,Chat,2024-11-22T21:38:13.095615826Z
01JDAXEZ4XEBRW4QBC0CEJPPKN,01JDAW9368E2ZW8FSYS2HFF813,2024-11-22T21:46:45.78973284Z,false,2024-11-22T21:46:45.78973284Z,01JDAW936YVC34VMNBCD735T14,2024-11-22T21:46:45.78973284Z,2,2024-11-22T21:46:45.78973284Z,1,2024-11-22T21:46:45.78973284Z,Round 2 / 8,2024-11-22T21:46:45.78973284Z,1,2024-11-22T21:46:46.446906711Z,false,2024-11-22T21:46:45.78973284Z,Chat,2024-11-22T21:46:45.78973284Z
01JDAVM7K1N8NPATCN0H0KAEQG,01JDAV5VXHJYCN2V0T1M5T8322,2024-11-22T21:14:41.121543433Z,true,2024-11-22T21:15:37.604250291Z,01JDAV5VY93GESTPGN5PE0KCFT,2024-11-22T21:14:41.121543433Z,1,2024-11-22T21:14:41.121543433Z,0,2024-11-22T21:14:41.121543433Z,Round 1 / 8,2024-11-22T21:14:41.121543433Z,2,2024-11-22T21:14:41.238185982Z,true,2024-11-22T21:14:41.266532988Z,Chat,2024-11-22T21:14:41.121543433Z
01JDAVZD3S8QAQ0DFBQTDEJ2PS,01JDAV7EZCZG4X83SX62XDSNV8,2024-11-22T21:20:47.225454103Z,true,2024-11-22T21:24:14.251470724Z,01JDAV7EZQJ4EREN1RCQ4RZS8E,2024-11-22T21:20:47.225454103Z,6,2024-11-22T21:20:47.225454103Z,5,2024-11-22T21:20:47.225454103Z,Round 6 / 8,2024-11-22T21:20:47.225454103Z,1,2024-11-22T21:20:47.363532417Z,true,2024-11-22T21:23:44.028492599Z,Chat,2024-11-22T21:20:47.225454103Z
01JDAX4W7K1TRG96RJ6KDG9560,01JDAW93VNYC1HD42DG2JGDBTH,2024-11-22T21:41:15.123279775Z,true,2024-11-22T21:44:48.965088154Z,01JDAW93WDPNXS8PQA63313CD1,2024-11-22T21:41:15.123279775Z,6,2024-11-22T21:41:15.123279775Z,5,2024-11-22T21:41:15.123279775Z,Round 6 / 8,2024-11-22T21:41:15.123279775Z,1,2024-11-22T21:41:15.787087553Z,true,2024-11-22T21:44:18.599797832Z,Chat,2024-11-22T21:41:15.123279775Z
01JDAXGCP5PM59089JP5ADGN1E,01JDAW91RVAWDE15G9TQ9RXZQ4,2024-11-22T21:47:32.42187633Z,true,2024-11-22T21:49:06.479162444Z,01JDAW91SHMMAZ5PMS6NNQNRNA,2024-11-22T21:47:32.42187633Z,2,2024-11-22T21:47:32.42187633Z,1,2024-11-22T21:47:32.42187633Z,Round 2 / 8,2024-11-22T21:47:32.42187633Z,1,2024-11-22T21:47:33.024025433Z,true,2024-11-22T21:48:35.842345096Z,Chat,2024-11-22T21:47:32.42187633Z
01JDAWZAEM2FDPDM3FTJFBG08V,01JDAW957DCG61X93N892GXZWF,2024-11-22T21:38:13.076654648Z,true,2024-11-22T21:39:34.642730565Z,01JDAW958523SSTP7PHBCF6XV7,2024-11-22T21:38:13.076654648Z,2,2024-11-22T21:38:13.076654648Z,1,2024-11-22T21:38:13.076654648Z,Round 2 / 8,2024-11-22T21:38:13.076654648Z,1,2024-11-22T21:38:13.351891033Z,true,2024-11-22T21:39:12.61290959Z,Chat,2024-11-22T21:38:13.076654648Z
01JDAXEZ8G3ZPN20AWS9KFQHHH,01JDAW9368E2ZW8FSYS2HFF813,2024-11-22T21:46:45.904698906Z,false,2024-11-22T21:46:45.904698906Z,01JDAW936YVC34VMNBCD735T14,2024-11-22T21:46:45.904698906Z,3,2024-11-22T21:46:45.904698906Z,2,2024-11-22T21:46:45.904698906Z,Round 3 / 8,2024-11-22T21:46:45.904698906Z,1,2024-11-22T21:46:46.651940126Z,false,2024-11-22T21:46:45.904698906Z,Chat,2024-11-22T21:46:45.904698906Z
01JDAXX59HJKF7CV6FWQJXD8HB,01JDAXJ9GA579XVKVXYHX7PMB5,2024-11-22T21:54:30.833201294Z,true,2024-11-22T21:58:04.231081401Z,01JDAXJ9JWAYJF3NTH7KK3P2CH,2024-11-22T21:54:30.833201294Z,7,2024-11-22T21:54:30.833201294Z,6,2024-11-22T21:54:30.833201294Z,Round 7 / 8,2024-11-22T21:54:30.833201294Z,1,2024-11-22T21:54:32.100290622Z,true,2024-11-22T21:57:33.65832466Z,Chat,2024-11-22T21:54:30.833201294Z
01JDAVNWH70322TVBDAWZB55G2,01JDAV7PDERQ7AK026EVFTCY8H,2024-11-22T21:15:35.335527911Z,true,2024-11-22T21:20:03.07310427Z,01JDAV7PDNDTFN0N27Q2XCPS2P,2024-11-22T21:15:35.335527911Z,8,2024-11-22T21:15:35.335527911Z,7,2024-11-22T21:15:35.335527911Z,Round 8 / 8,2024-11-22T21:15:35.335527911Z,1,2024-11-22T21:15:35.570815492Z,true,2024-11-22T21:19:36.885977884Z,Chat,2024-11-22T21:15:35.335527911Z
01JDAVR4WRZ009Y9E69RPV8NZG,01JDAV7NMPR3GW91C3EE80J0N9,2024-11-22T21:16:49.432640076Z,true,2024-11-22T21:20:11.888105974Z,01JDAV7NMYZNX2JP8M9R6XSR3R,2024-11-22T21:16:49.432640076Z,6,2024-11-22T21:16:49.432640076Z,5,2024-11-22T21:16:49.432640076Z,Round 6 / 8,2024-11-22T21:16:49.432640076Z,1,2024-11-22T21:16:49.66824981Z,true,2024-11-22T21:19:49.900538935Z,Chat,2024-11-22T21:16:49.432640076Z
01JDAXY460NPGRK065VPPB6Y04,01JDAXJ8MTD357BJ284YCVQECZ,2024-11-22T21:55:02.464985758Z,true,2024-11-22T21:56:02.770506326Z,01JDAXJ8PR73ZPZYE5KXF66AXZ,2024-11-22T21:55:02.464985758Z,1,2024-11-22T21:55:02.464985758Z,0,2024-11-22T21:55:02.464985758Z,Round 1 / 8,2024-11-22T21:55:02.464985758Z,2,2024-11-22T21:55:04.364337653Z,true,2024-11-22T21:55:05.686788759Z,Chat,2024-11-22T21:55:02.464985758Z
01JDAWFFVCD4ARGRDG8GKWRKB2,01JDAW9GPCZARVGSZPJQ1SCPAH,2024-11-22T21:29:34.316771909Z,true,2024-11-22T21:32:55.835066501Z,01JDAW9GQ7KA89AWGC4MHJF0YS,2024-11-22T21:29:34.316771909Z,7,2024-11-22T21:29:34.316771909Z,6,2024-11-22T21:29:34.316771909Z,Round 7 / 8,2024-11-22T21:29:34.316771909Z,1,2024-11-22T21:29:34.687765548Z,true,2024-11-22T21:32:41.508563107Z,Chat,2024-11-22T21:29:34.316771909Z
01JDAX0B9KJF6QCNTRT4A7QH9C,01JDAW94G80F7SDBT65P4GP5BN,2024-11-22T21:38:46.707603826Z,true,2024-11-22T21:39:48.609536157Z,01JDAW94H0XK8KT66PDDYTMTA6,2024-11-22T21:38:46.707603826Z,1,2024-11-22T21:38:46.707603826Z,0,2024-11-22T21:38:46.707603826Z,Round 1 / 8,2024-11-22T21:38:46.707603826Z,2,2024-11-22T21:38:47.41821179Z,true,2024-11-22T21:38:47.988377059Z,Chat,2024-11-22T21:38:46.707603826Z
01JDAXY47V4RQQPQ5X10R68E9B,01JDAXJ8MTD357BJ284YCVQECZ,2024-11-22T21:55:02.52404353Z,true,2024-11-22T21:59:16.834010842Z,01JDAXJ8PR73ZPZYE5KXF66AXZ,2024-11-22T21:55:02.52404353Z,8,2024-11-22T21:55:02.52404353Z,7,2024-11-22T21:55:02.52404353Z,Round 8 / 8,2024-11-22T21:55:02.52404353Z,1,2024-11-22T21:55:03.955331668Z,true,2024-11-22T21:58:57.796617737Z,Chat,2024-11-22T21:55:02.52404353Z
01JDAXEZB8J517F5JT5YXAM19X,01JDAW9368E2ZW8FSYS2HFF813,2024-11-22T21:46:45.992275921Z,false,2024-11-22T21:46:45.992275921Z,01JDAW936YVC34VMNBCD735T14,2024-11-22T21:46:45.992275921Z,7,2024-11-22T21:46:45.992275921Z,6,2024-11-22T21:46:45.992275921Z,Round 7 / 8,2024-11-22T21:46:45.992275921Z,1,2024-11-22T21:46:46.690807743Z,false,2024-11-22T21:46:45.992275921Z,Chat,2024-11-22T21:46:45.992275921Z
01JDAVNWH4QFPGSVJBFWX92VPQ,01JDAV7PDERQ7AK026EVFTCY8H,2024-11-22T21:15:35.332375074Z,true,2024-11-22T21:17:06.085427876Z,01JDAV7PDNDTFN0N27Q2XCPS2P,2024-11-22T21:15:35.332375074Z,2,2024-11-22T21:15:35.332375074Z,1,2024-11-22T21:15:35.332375074Z,Round 2 / 8,2024-11-22T21:15:35.332375074Z,1,2024-11-22T21:15:35.528970357Z,true,2024-11-22T21:16:35.944600869Z,Chat,2024-11-22T21:15:35.332375074Z
01JDAVNWH6TZTMQD4C7TZ3WG0G,01JDAV7PDERQ7AK026EVFTCY8H,2024-11-22T21:15:35.334255363Z,true,2024-11-22T21:18:36.522633708Z,01JDAV7PDNDTFN0N27Q2XCPS2P,2024-11-22T21:15:35.334255363Z,5,2024-11-22T21:15:35.334255363Z,4,2024-11-22T21:15:35.334255363Z,Round 5 / 8,2024-11-22T21:15:35.334255363Z,1,2024-11-22T21:15:35.460841625Z,true,2024-11-22T21:18:06.393216395Z,Chat,2024-11-22T21:15:35.334255363Z
01JDAXEZ7SB834453J3P63R2AW,01JDAW9368E2ZW8FSYS2HFF813,2024-11-22T21:46:45.881649493Z,false,2024-11-22T21:46:45.881649493Z,01JDAW936YVC34VMNBCD735T14,2024-11-22T21:46:45.881649493Z,4,2024-11-22T21:46:45.881649493Z,3,2024-11-22T21:46:45.881649493Z,Round 4 / 8,2024-11-22T21:46:45.881649493Z,1,2024-11-22T21:46:46.615528853Z,false,2024-11-22T21:46:45.881649493Z,Chat,2024-11-22T21:46:45.881649493Z
01JDAVY9H2YNTRZY5QQF8HZ3WK,01JDAV7G8TQTKPZVSCPYST9866,2024-11-22T21:20:10.786500368Z,true,2024-11-22T21:21:38.655504251Z,01JDAV7G93PEQKN7EKG9SYPNXF,2024-11-22T21:20:10.786500368Z,2,2024-11-22T21:20:10.786500368Z,1,2024-11-22T21:20:10.786500368Z,Round 2 / 8,2024-11-22T21:20:10.786500368Z,1,2024-11-22T21:20:10.85088327Z,true,2024-11-22T21:21:09.110903978Z,Chat,2024-11-22T21:20:10.786500368Z
01JDAW633WWP5T84GVG2GD2QFJ,01JDAV7CMRW7XHY88WC9DBQES6,2024-11-22T21:24:26.364972382Z,true,2024-11-22T21:27:45.278000071Z,01JDAV7CN2D9MAQ6ZK8X7YT6AW,2024-11-22T21:24:26.364972382Z,7,2024-11-22T21:24:26.364972382Z,6,2024-11-22T21:24:26.364972382Z,Round 7 / 8,2024-11-22T21:24:26.364972382Z,1,2024-11-22T21:24:26.482303558Z,true,2024-11-22T21:27:32.036444476Z,Chat,2024-11-22T21:24:26.364972382Z
01JDAWJ076V6ENT21X0GRC32RB,01JDAW9G227TQ7S6XPYGXQ6VSP,2024-11-22T21:30:56.614263071Z,true,2024-11-22T21:34:12.985390869Z,01JDAW9G2M35MPT2J3D884PD2J,2024-11-22T21:30:56.614263071Z,6,2024-11-22T21:30:56.614263071Z,5,2024-11-22T21:30:56.614263071Z,Round 6 / 8,2024-11-22T21:30:56.614263071Z,1,2024-11-22T21:30:56.964887847Z,true,2024-11-22T21:33:59.51139037Z,Chat,2024-11-22T21:30:56.614263071Z
01JDAVR4WWN72B7W8JASB7SB3W,01JDAV7NMPR3GW91C3EE80J0N9,2024-11-22T21:16:49.437040229Z,true,2024-11-22T21:21:08.019816466Z,01JDAV7NMYZNX2JP8M9R6XSR3R,2024-11-22T21:16:49.437040229Z,8,2024-11-22T21:16:49.437040229Z,7,2024-11-22T21:16:49.437040229Z,Round 8 / 8,2024-11-22T21:16:49.437040229Z,1,2024-11-22T21:16:49.537637577Z,true,2024-11-22T21:20:37.855126952Z,Chat,2024-11-22T21:16:49.437040229Z
01JDAVZD3HGY09YQQTK57NFCZW,01JDAV7EZCZG4X83SX62XDSNV8,2024-11-22T21:20:47.217327145Z,true,2024-11-22T21:21:47.646577816Z,01JDAV7EZQJ4EREN1RCQ4RZS8E,2024-11-22T21:20:47.217327145Z,1,2024-11-22T21:20:47.217327145Z,0,2024-11-22T21:20:47.217327145Z,Round 1 / 8,2024-11-22T21:20:47.217327145Z,2,2024-11-22T21:20:47.272363235Z,true,2024-11-22T21:20:47.332936315Z,Chat,2024-11-22T21:20:47.217327145Z
01JDAW28VJM94370ABNVDXK9X1,01JDAV7DENMXA1Z5WHTTT0F2MF,2024-11-22T21:22:21.170361885Z,true,2024-11-22T21:23:21.688891847Z,01JDAV7DEXDW9TAG8NVGHHDHV6,2024-11-22T21:22:21.170361885Z,1,2024-11-22T21:22:21.170361885Z,0,2024-11-22T21:22:21.170361885Z,Round 1 / 8,2024-11-22T21:22:21.170361885Z,2,2024-11-22T21:22:21.326148594Z,true,2024-11-22T21:22:21.432352324Z,Chat,2024-11-22T21:22:21.170361885Z
01JDAW971JWNSJ6C8HGTT3FBGB,01JDAV7AVY9FAH9TCHE3YNF417,2024-11-22T21:26:08.690235229Z,true,2024-11-22T21:27:35.731252941Z,01JDAV7AW8PCN7AC0JSEWGVCFR,2024-11-22T21:26:08.690235229Z,2,2024-11-22T21:26:08.690235229Z,1,2024-11-22T21:26:08.690235229Z,Round 2 / 8,2024-11-22T21:26:08.690235229Z,1,2024-11-22T21:26:08.865833905Z,true,2024-11-22T21:27:09.65235543Z,Chat,2024-11-22T21:26:08.690235229Z
01JDAXHBKT7XYQ9D9B7HTR6RPJ,01JDAV79B7ET5C3AA9P297HGKD,2024-11-22T21:48:04.090414706Z,true,2024-11-22T21:50:59.075447082Z,01JDAV79BJ6R265FKS66G54524,2024-11-22T21:48:04.090414706Z,5,2024-11-22T21:48:04.090414706Z,4,2024-11-22T21:48:04.090414706Z,Round 5 / 8,2024-11-22T21:48:04.090414706Z,1,2024-11-22T21:48:04.684600506Z,true,2024-11-22T21:50:39.725078148Z,Chat,2024-11-22T21:48:04.090414706Z
01JDAVY9HB4972FK83TG1YDWX8,01JDAV7G8TQTKPZVSCPYST9866,2024-11-22T21:20:10.796006177Z,true,2024-11-22T21:22:00.284313023Z,01JDAV7G93PEQKN7EKG9SYPNXF,2024-11-22T21:20:10.796006177Z,3,2024-11-22T21:20:10.796006177Z,2,2024-11-22T21:20:10.796006177Z,Round 3 / 8,2024-11-22T21:20:10.796006177Z,1,2024-11-22T21:20:10.836201127Z,true,2024-11-22T21:21:38.674063337Z,Chat,2024-11-22T21:20:10.796006177Z
01JDAWBV51S5M0MANGE355JTV0,01JDAV7A23J19NYW1G1M51MRS7,2024-11-22T21:27:34.817196322Z,true,2024-11-22T21:29:02.677280281Z,01JDAV7A2CN94NGM529SW3NX2Q,2024-11-22T21:27:34.817196322Z,2,2024-11-22T21:27:34.817196322Z,1,2024-11-22T21:27:34.817196322Z,Round 2 / 8,2024-11-22T21:27:34.817196322Z,1,2024-11-22T21:27:34.96803653Z,true,2024-11-22T21:28:34.074300145Z,Chat,2024-11-22T21:27:34.817196322Z
01JDAWCSG1Q6QN6VHJF9YVT3T9,01JDAW9H90NX0NBKQ78WQFK87S,2024-11-22T21:28:05.889157499Z,true,2024-11-22T21:32:13.303193323Z,01JDAW9H9R34V9ZGZCJXT6VP5J,2024-11-22T21:28:05.889157499Z,8,2024-11-22T21:28:05.889157499Z,7,2024-11-22T21:28:05.889157499Z,Round 8 / 8,2024-11-22T21:28:05.889157499Z,1,2024-11-22T21:28:06.184139249Z,true,2024-11-22T21:31:54.744664109Z,Chat,2024-11-22T21:28:05.889157499Z
01JDAWJ05KXB57FG6Y41FKXREK,01JDAW9G227TQ7S6XPYGXQ6VSP,2024-11-22T21:30:56.56377337Z,true,2024-11-22T21:32:58.706200382Z,01JDAW9G2M35MPT2J3D884PD2J,2024-11-22T21:30:56.56377337Z,3,2024-11-22T21:30:56.56377337Z,2,2024-11-22T21:30:56.56377337Z,Round 3 / 8,2024-11-22T21:30:56.56377337Z,1,2024-11-22T21:30:56.746179408Z,true,2024-11-22T21:32:28.434926104Z,Chat,2024-11-22T21:30:56.56377337Z
01JDAWN2QTFVZDXGNYK0FHXSWT,01JDAW9FAKM409RDFXY2KD5WCW,2024-11-22T21:32:37.498443294Z,true,2024-11-22T21:36:40.764757761Z,01JDAW9FBDT2PBP0647PHSN8N3,2024-11-22T21:32:37.498443294Z,8,2024-11-22T21:32:37.498443294Z,7,2024-11-22T21:32:37.498443294Z,Round 8 / 8,2024-11-22T21:32:37.498443294Z,1,2024-11-22T21:32:37.903877234Z,true,2024-11-22T21:36:19.36660802Z,Chat,2024-11-22T21:32:37.498443294Z
01JDAX4W6W06S05Q9FS72W5KNQ,01JDAW93VNYC1HD42DG2JGDBTH,2024-11-22T21:41:15.100526091Z,true,2024-11-22T21:45:19.418250997Z,01JDAW93WDPNXS8PQA63313CD1,2024-11-22T21:41:15.100526091Z,7,2024-11-22T21:41:15.100526091Z,6,2024-11-22T21:41:15.100526091Z,Round 7 / 8,2024-11-22T21:41:15.100526091Z,1,2024-11-22T21:41:15.723986332Z,true,2024-11-22T21:44:49.015418533Z,Chat,2024-11-22T21:41:15.100526091Z
01JDAVY9H5SZC6K13QE30C3W38,01JDAV7G8TQTKPZVSCPYST9866,2024-11-22T21:20:10.789881815Z,true,2024-11-22T21:23:19.185289108Z,01JDAV7G93PEQKN7EKG9SYPNXF,2024-11-22T21:20:10.789881815Z,6,2024-11-22T21:20:10.789881815Z,5,2024-11-22T21:20:10.789881815Z,Round 6 / 8,2024-11-22T21:20:10.789881815Z,1,2024-11-22T21:20:10.890044937Z,true,2024-11-22T21:22:59.055920797Z,Chat,2024-11-22T21:20:10.789881815Z
01JDAW8GDK5M2VQB5K9KZ0C0NB,01JDAV7BT8X0ENK4E2JRHCANJT,2024-11-22T21:25:45.523220374Z,true,2024-11-22T21:29:44.318318726Z,01JDAV7BTJ9FST3S5K0Y7AWNSV,2024-11-22T21:25:45.523220374Z,8,2024-11-22T21:25:45.523220374Z,7,2024-11-22T21:25:45.523220374Z,Round 8 / 8,2024-11-22T21:25:45.523220374Z,1,2024-11-22T21:25:45.744994517Z,true,2024-11-22T21:29:26.199609447Z,Chat,2024-11-22T21:25:45.523220374Z
01JDAX0BCD7PYRTPXGQHPZDYQF,01JDAW94G80F7SDBT65P4GP5BN,2024-11-22T21:38:46.798039332Z,true,2024-11-22T21:42:16.686916172Z,01JDAW94H0XK8KT66PDDYTMTA6,2024-11-22T21:38:46.798039332Z,8,2024-11-22T21:38:46.798039332Z,7,2024-11-22T21:38:46.798039332Z,Round 8 / 8,2024-11-22T21:38:46.798039332Z,1,2024-11-22T21:38:47.362343541Z,true,2024-11-22T21:41:53.178341885Z,Chat,2024-11-22T21:38:46.798039332Z
01JDAXHBMBE6GSYV1606C5MTQF,01JDAV79B7ET5C3AA9P297HGKD,2024-11-22T21:48:04.107770523Z,true,2024-11-22T21:51:29.607156071Z,01JDAV79BJ6R265FKS66G54524,2024-11-22T21:48:04.107770523Z,6,2024-11-22T21:48:04.107770523Z,5,2024-11-22T21:48:04.107770523Z,Round 6 / 8,2024-11-22T21:48:04.107770523Z,1,2024-11-22T21:48:04.71467622Z,true,2024-11-22T21:50:59.12780978Z,Chat,2024-11-22T21:48:04.107770523Z
01JDAXM593HANSPVF6TGR7B4T1,01JDAV78N2XQAMP3T752482BSA,2024-11-22T21:49:35.907364618Z,true,2024-11-22T21:50:37.784895147Z,01JDAV78NE5B28MCGQW2AW6RQW,2024-11-22T21:49:35.907364618Z,1,2024-11-22T21:49:35.907364618Z,0,2024-11-22T21:49:35.907364618Z,Round 1 / 8,2024-11-22T21:49:35.907364618Z,2,2024-11-22T21:49:37.746595577Z,true,2024-11-22T21:49:37.947283362Z,Chat,2024-11-22T21:49:35.907364618Z
01JDAVY9GZ22GQT7F8YPHQHKJG,01JDAV7G8TQTKPZVSCPYST9866,2024-11-22T21:20:10.783580129Z,true,2024-11-22T21:21:09.092893759Z,01JDAV7G93PEQKN7EKG9SYPNXF,2024-11-22T21:20:10.783580129Z,1,2024-11-22T21:20:10.783580129Z,0,2024-11-22T21:20:10.783580129Z,Round 1 / 8,2024-11-22T21:20:10.783580129Z,2,2024-11-22T21:20:10.931161965Z,true,2024-11-22T21:20:10.974492954Z,Chat,2024-11-22T21:20:10.783580129Z
01JDAVY9H9GB8WH3PTA6A07KNS,01JDAV7G8TQTKPZVSCPYST9866,2024-11-22T21:20:10.793112761Z,true,2024-11-22T21:23:47.458432823Z,01JDAV7G93PEQKN7EKG9SYPNXF,2024-11-22T21:20:10.793112761Z,7,2024-11-22T21:20:10.793112761Z,6,2024-11-22T21:20:10.793112761Z,Round 7 / 8,2024-11-22T21:20:10.793112761Z,1,2024-11-22T21:20:10.886715528Z,true,2024-11-22T21:23:19.207738599Z,Chat,2024-11-22T21:20:10.793112761Z
01JDAWN2P40K4S4KM44PTR02JN,01JDAW9FAKM409RDFXY2KD5WCW,2024-11-22T21:32:37.444957581Z,true,2024-11-22T21:34:39.389707528Z,01JDAW9FBDT2PBP0647PHSN8N3,2024-11-22T21:32:37.444957581Z,3,2024-11-22T21:32:37.444957581Z,2,2024-11-22T21:32:37.444957581Z,Round 3 / 8,2024-11-22T21:32:37.444957581Z,1,2024-11-22T21:32:37.627198968Z,true,2024-11-22T21:34:09.061606269Z,Chat,2024-11-22T21:32:37.444957581Z
01JDAXEZ4AWSNQSD071HEESTY8,01JDAW9368E2ZW8FSYS2HFF813,2024-11-22T21:46:45.770045785Z,true,2024-11-22T21:46:51.103610319Z,01JDAW936YVC34VMNBCD735T14,2024-11-22T21:46:45.770045785Z,1,2024-11-22T21:46:45.770045785Z,0,2024-11-22T21:46:45.770045785Z,Round 1 / 8,2024-11-22T21:46:45.770045785Z,2,2024-11-22T21:46:46.84522316Z,true,2024-11-22T21:46:47.577511382Z,Chat,2024-11-22T21:46:45.770045785Z
01JDAVSGWD17P9TZQFQRP2Z5J9,01JDAV7K2MG6SSZXXQWX9AWKTB,2024-11-22T21:17:34.477714127Z,true,2024-11-22T21:20:01.361672198Z,01JDAV7K2WMABF7X36GP6WAQTP,2024-11-22T21:17:34.477714127Z,4,2024-11-22T21:17:34.477714127Z,3,2024-11-22T21:17:34.477714127Z,Round 4 / 8,2024-11-22T21:17:34.477714127Z,1,2024-11-22T21:17:34.597181461Z,true,2024-11-22T21:19:31.210273194Z,Chat,2024-11-22T21:17:34.477714127Z
01JDAWNPE4RD3RWABTGT12R642,01JDAW96KWSR5R3AY2AYYD7GPH,2024-11-22T21:32:57.668466035Z,true,2024-11-22T21:34:27.362810094Z,01JDAW96MVCT4KSAYSSRCMYG4J,2024-11-22T21:32:57.668466035Z,2,2024-11-22T21:32:57.668466035Z,1,2024-11-22T21:32:57.668466035Z,Round 2 / 8,2024-11-22T21:32:57.668466035Z,1,2024-11-22T21:32:58.168614972Z,true,2024-11-22T21:33:57.074588069Z,Chat,2024-11-22T21:32:57.668466035Z
01JDAXHBMVBVF9J7M6BTT0C5ZJ,01JDAV79B7ET5C3AA9P297HGKD,2024-11-22T21:48:04.123568209Z,true,2024-11-22T21:51:47.761387045Z,01JDAV79BJ6R265FKS66G54524,2024-11-22T21:48:04.123568209Z,7,2024-11-22T21:48:04.123568209Z,6,2024-11-22T21:48:04.123568209Z,Round 7 / 8,2024-11-22T21:48:04.123568209Z,1,2024-11-22T21:48:04.744853677Z,true,2024-11-22T21:51:29.696508829Z,Chat,2024-11-22T21:48:04.123568209Z
01JDAVM7K571HTDRE1FK0F20T6,01JDAV5VXHJYCN2V0T1M5T8322,2024-11-22T21:14:41.125578401Z,true,2024-11-22T21:16:37.00168312Z,01JDAV5VY93GESTPGN5PE0KCFT,2024-11-22T21:14:41.125578401Z,3,2024-11-22T21:14:41.125578401Z,2,2024-11-22T21:14:41.125578401Z,Round 3 / 8,2024-11-22T21:14:41.125578401Z,1,2024-11-22T21:14:41.271985503Z,true,2024-11-22T21:16:07.736539927Z,Chat,2024-11-22T21:14:41.125578401Z
01JDAVSGWGJ3DV9HK1BCT6NQC1,01JDAV7K2MG6SSZXXQWX9AWKTB,2024-11-22T21:17:34.480929968Z,true,2024-11-22T21:20:55.934022995Z,01JDAV7K2WMABF7X36GP6WAQTP,2024-11-22T21:17:34.480929968Z,6,2024-11-22T21:17:34.480929968Z,5,2024-11-22T21:17:34.480929968Z,Round 6 / 8,2024-11-22T21:17:34.480929968Z,1,2024-11-22T21:17:34.662105873Z,true,2024-11-22T21:20:29.899047832Z,Chat,2024-11-22T21:17:34.480929968Z
01JDAXSZC5DSSJJC2SMT734R0V,01JDAXJA6182QATS2H3XGWVF35,2024-11-22T21:52:46.469258227Z,true,2024-11-22T21:55:43.609096288Z,01JDAXJA8JZDPK7XRRAASDQY91,2024-11-22T21:52:46.469258227Z,5,2024-11-22T21:52:46.469258227Z,4,2024-11-22T21:52:46.469258227Z,Round 5 / 8,2024-11-22T21:52:46.469258227Z,1,2024-11-22T21:52:47.057270739Z,true,2024-11-22T21:55:20.515714626Z,Chat,2024-11-22T21:52:46.469258227Z
01JDAWNPDSMW26A166KCK682PD,01JDAW96KWSR5R3AY2AYYD7GPH,2024-11-22T21:32:57.657719584Z,true,2024-11-22T21:33:57.044771929Z,01JDAW96MVCT4KSAYSSRCMYG4J,2024-11-22T21:32:57.657719584Z,1,2024-11-22T21:32:57.657719584Z,0,2024-11-22T21:32:57.657719584Z,Round 1 / 8,2024-11-22T21:32:57.657719584Z,2,2024-11-22T21:32:58.124160266Z,true,2024-11-22T21:32:58.601515918Z,Chat,2024-11-22T21:32:57.657719584Z
01JDAWNPFZ2NVRMV0K91GMPWHR,01JDAW96KWSR5R3AY2AYYD7GPH,2024-11-22T21:32:57.727804859Z,true,2024-11-22T21:36:26.571649446Z,01JDAW96MVCT4KSAYSSRCMYG4J,2024-11-22T21:32:57.727804859Z,7,2024-11-22T21:32:57.727804859Z,6,2024-11-22T21:32:57.727804859Z,Round 7 / 8,2024-11-22T21:32:57.727804859Z,1,2024-11-22T21:32:58.124160266Z,true,2024-11-22T21:36:10.110604193Z,Chat,2024-11-22T21:32:57.727804859Z
01JDAX4W87AC8WRK8EYYQMY0QA,01JDAW93VNYC1HD42DG2JGDBTH,2024-11-22T21:41:15.143693979Z,true,2024-11-22T21:43:17.736652579Z,01JDAW93WDPNXS8PQA63313CD1,2024-11-22T21:41:15.143693979Z,3,2024-11-22T21:41:15.143693979Z,2,2024-11-22T21:41:15.143693979Z,Round 3 / 8,2024-11-22T21:41:15.143693979Z,1,2024-11-22T21:41:15.866332373Z,true,2024-11-22T21:42:47.339786814Z,Chat,2024-11-22T21:41:15.143693979Z
01JDAXEZ5RCZ07E9FMND01EVBE,01JDAW9368E2ZW8FSYS2HFF813,2024-11-22T21:46:45.816267043Z,false,2024-11-22T21:46:45.816267043Z,01JDAW936YVC34VMNBCD735T14,2024-11-22T21:46:45.816267043Z,6,2024-11-22T21:46:45.816267043Z,5,2024-11-22T21:46:45.816267043Z,Round 6 / 8,2024-11-22T21:46:45.816267043Z,1,2024-11-22T21:46:46.52093297Z,false,2024-11-22T21:46:45.816267043Z,Chat,2024-11-22T21:46:45.816267043Z
01JDAW6341A5SA878R1HQX5VT7,01JDAV7CMRW7XHY88WC9DBQES6,2024-11-22T21:24:26.369677908Z,true,2024-11-22T21:26:46.364950491Z,01JDAV7CN2D9MAQ6ZK8X7YT6AW,2024-11-22T21:24:26.369677908Z,4,2024-11-22T21:24:26.369677908Z,3,2024-11-22T21:24:26.369677908Z,Round 4 / 8,2024-11-22T21:24:26.369677908Z,1,2024-11-22T21:24:26.494935178Z,true,2024-11-22T21:26:27.371261939Z,Chat,2024-11-22T21:24:26.369677908Z
01JDAWNPFNZ10918VAKMNB9X6Q,01JDAW96KWSR5R3AY2AYYD7GPH,2024-11-22T21:32:57.717342946Z,true,2024-11-22T21:36:10.071527786Z,01JDAW96MVCT4KSAYSSRCMYG4J,2024-11-22T21:32:57.717342946Z,6,2024-11-22T21:32:57.717342946Z,5,2024-11-22T21:32:57.717342946Z,Round 6 / 8,2024-11-22T21:32:57.717342946Z,1,2024-11-22T21:32:58.085369289Z,true,2024-11-22T21:35:41.793157001Z,Chat,2024-11-22T21:32:57.717342946Z
01JDAXX55PYYG691HEBSHX8GES,01JDAXJ9GA579XVKVXYHX7PMB5,2024-11-22T21:54:30.710180814Z,true,2024-11-22T21:56:07.325881267Z,01JDAXJ9JWAYJF3NTH7KK3P2CH,2024-11-22T21:54:30.710180814Z,2,2024-11-22T21:54:30.710180814Z,1,2024-11-22T21:54:30.710180814Z,Round 2 / 8,2024-11-22T21:54:30.710180814Z,1,2024-11-22T21:54:31.643743893Z,true,2024-11-22T21:55:36.475512645Z,Chat,2024-11-22T21:54:30.710180814Z
01JDAWZAFQXR72J4SB1YEH04SB,01JDAW957DCG61X93N892GXZWF,2024-11-22T21:38:13.111381534Z,true,2024-11-22T21:40:17.015458451Z,01JDAW958523SSTP7PHBCF6XV7,2024-11-22T21:38:13.111381534Z,4,2024-11-22T21:38:13.111381534Z,3,2024-11-22T21:38:13.111381534Z,Round 4 / 8,2024-11-22T21:38:13.111381534Z,1,2024-11-22T21:38:13.24438965Z,true,2024-11-22T21:39:56.143807797Z,Chat,2024-11-22T21:38:13.111381534Z
01JDAWFFTPHFQPN4YKCE3XCKA7,01JDAW9GPCZARVGSZPJQ1SCPAH,2024-11-22T21:29:34.294281172Z,true,2024-11-22T21:31:53.429667613Z,01JDAW9GQ7KA89AWGC4MHJF0YS,2024-11-22T21:29:34.294281172Z,4,2024-11-22T21:29:34.294281172Z,3,2024-11-22T21:29:34.294281172Z,Round 4 / 8,2024-11-22T21:29:34.294281172Z,1,2024-11-22T21:29:34.563972272Z,true,2024-11-22T21:31:25.393605338Z,Chat,2024-11-22T21:29:34.294281172Z
01JDAWFFVRSZN04P72ABRF96AF,01JDAW9GPCZARVGSZPJQ1SCPAH,2024-11-22T21:29:34.328264806Z,true,2024-11-22T21:33:11.74268287Z,01JDAW9GQ7KA89AWGC4MHJF0YS,2024-11-22T21:29:34.328264806Z,8,2024-11-22T21:29:34.328264806Z,7,2024-11-22T21:29:34.328264806Z,Round 8 / 8,2024-11-22T21:29:34.328264806Z,1,2024-11-22T21:29:34.523120287Z,true,2024-11-22T21:32:55.88105878Z,Chat,2024-11-22T21:29:34.328264806Z
01JDAXCQC3SV6QCE522997PGV1,01JDAW92FM8RVSV5HSE8WB07E6,2024-11-22T21:45:32.297612273Z,true,2024-11-22T21:49:02.353399998Z,01JDAW92GDPJY1C855FFXP1CS2,2024-11-22T21:45:32.297612273Z,7,2024-11-22T21:45:32.297612273Z,6,2024-11-22T21:45:32.297612273Z,Round 7 / 8,2024-11-22T21:45:32.297612273Z,1,2024-11-22T21:45:33.331321792Z,true,2024-11-22T21:48:52.000910858Z,Chat,2024-11-22T21:45:32.297612273Z
01JDAXM5E7T62R6MARPJZ96FKG,01JDAV78N2XQAMP3T752482BSA,2024-11-22T21:49:36.07117345Z,true,2024-11-22T21:53:41.508355862Z,01JDAV78NE5B28MCGQW2AW6RQW,2024-11-22T21:49:36.07117345Z,7,2024-11-22T21:49:36.07117345Z,6,2024-11-22T21:49:36.07117345Z,Round 7 / 8,2024-11-22T21:49:36.07117345Z,1,2024-11-22T21:49:37.0392634Z,true,2024-11-22T21:53:10.918730701Z,Chat,2024-11-22T21:49:36.07117345Z
01JDAXSZETH6YD6VCWM52M7B5P,01JDAXJA6182QATS2H3XGWVF35,2024-11-22T21:52:46.554480138Z,true,2024-11-22T21:56:21.985896618Z,01JDAXJA8JZDPK7XRRAASDQY91,2024-11-22T21:52:46.554480138Z,7,2024-11-22T21:52:46.554480138Z,6,2024-11-22T21:52:46.554480138Z,Round 7 / 8,2024-11-22T21:52:46.554480138Z,1,2024-11-22T21:52:47.352645993Z,true,2024-11-22T21:56:03.874683501Z,Chat,2024-11-22T21:52:46.554480138Z
01JDAVNWH6TZTMQD4C8GZZKPJ2,01JDAV7PDERQ7AK026EVFTCY8H,2024-11-22T21:15:35.334737221Z,true,2024-11-22T21:19:36.866694204Z,01JDAV7PDNDTFN0N27Q2XCPS2P,2024-11-22T21:15:35.334737221Z,7,2024-11-22T21:15:35.334737221Z,6,2024-11-22T21:15:35.334737221Z,Round 7 / 8,2024-11-22T21:15:35.334737221Z,1,2024-11-22T21:15:35.449413311Z,true,2024-11-22T21:19:06.697463973Z,Chat,2024-11-22T21:15:35.334737221Z
01JDAVR4WNC7T1K302DXSJJ6MC,01JDAV7NMPR3GW91C3EE80J0N9,2024-11-22T21:16:49.429155511Z,true,2024-11-22T21:18:50.268487076Z,01JDAV7NMYZNX2JP8M9R6XSR3R,2024-11-22T21:16:49.429155511Z,3,2024-11-22T21:16:49.429155511Z,2,2024-11-22T21:16:49.429155511Z,Round 3 / 8,2024-11-22T21:16:49.429155511Z,1,2024-11-22T21:16:49.506708271Z,true,2024-11-22T21:18:20.143277984Z,Chat,2024-11-22T21:16:49.429155511Z
01JDAW6344TXQ3T81GX0W074GE,01JDAV7CMRW7XHY88WC9DBQES6,2024-11-22T21:24:26.372904226Z,true,2024-11-22T21:27:32.009530228Z,01JDAV7CN2D9MAQ6ZK8X7YT6AW,2024-11-22T21:24:26.372904226Z,6,2024-11-22T21:24:26.372904226Z,5,2024-11-22T21:24:26.372904226Z,Round 6 / 8,2024-11-22T21:24:26.372904226Z,1,2024-11-22T21:24:26.494935178Z,true,2024-11-22T21:27:13.133693412Z,Chat,2024-11-22T21:24:26.372904226Z
01JDAW970HNNF59M5CN91A92AG,01JDAV7AVY9FAH9TCHE3YNF417,2024-11-22T21:26:08.657364665Z,true,2024-11-22T21:27:56.300686514Z,01JDAV7AW8PCN7AC0JSEWGVCFR,2024-11-22T21:26:08.657364665Z,3,2024-11-22T21:26:08.657364665Z,2,2024-11-22T21:26:08.657364665Z,Round 3 / 8,2024-11-22T21:26:08.657364665Z,1,2024-11-22T21:26:08.815489737Z,true,2024-11-22T21:27:35.755710815Z,Chat,2024-11-22T21:26:08.657364665Z
01JDAXR3PMV13ECKHKQJ5CN661,01JDAXJ5WMH8K5GGX49MEE4HGS,2024-11-22T21:51:45.364217074Z,true,2024-11-22T21:55:37.408698145Z,01JDAXJ5YX38PV4J82MHVAQKN8,2024-11-22T21:51:45.364217074Z,8,2024-11-22T21:51:45.364217074Z,7,2024-11-22T21:51:45.364217074Z,Round 8 / 8,2024-11-22T21:51:45.364217074Z,1,2024-11-22T21:51:46.098642214Z,true,2024-11-22T21:55:13.780725536Z,Chat,2024-11-22T21:51:45.364217074Z
01JDAVSGWA7PRQDMTG664R77MA,01JDAV7K2MG6SSZXXQWX9AWKTB,2024-11-22T21:17:34.475066487Z,true,2024-11-22T21:19:00.983428729Z,01JDAV7K2WMABF7X36GP6WAQTP,2024-11-22T21:17:34.475066487Z,2,2024-11-22T21:17:34.475066487Z,1,2024-11-22T21:17:34.475066487Z,Round 2 / 8,2024-11-22T21:17:34.475066487Z,1,2024-11-22T21:17:34.53047262Z,true,2024-11-22T21:18:30.835775066Z,Chat,2024-11-22T21:17:34.475066487Z
01JDAW633JNQR7ZV09XB0WZ7XE,01JDAV7CMRW7XHY88WC9DBQES6,2024-11-22T21:24:26.354371173Z,true,2024-11-22T21:26:27.346722757Z,01JDAV7CN2D9MAQ6ZK8X7YT6AW,2024-11-22T21:24:26.354371173Z,3,2024-11-22T21:24:26.354371173Z,2,2024-11-22T21:24:26.354371173Z,Round 3 / 8,2024-11-22T21:24:26.354371173Z,1,2024-11-22T21:24:26.461583507Z,true,2024-11-22T21:25:57.1792886Z,Chat,2024-11-22T21:24:26.354371173Z
01JDAWZAGM974VDF23FP8TJTSQ,01JDAW957DCG61X93N892GXZWF,2024-11-22T21:38:13.140686434Z,true,2024-11-22T21:41:13.308063531Z,01JDAW958523SSTP7PHBCF6XV7,2024-11-22T21:38:13.140686434Z,7,2024-11-22T21:38:13.140686434Z,6,2024-11-22T21:38:13.140686434Z,Round 7 / 8,2024-11-22T21:38:13.140686434Z,1,2024-11-22T21:38:13.568447495Z,true,2024-11-22T21:40:57.447691272Z,Chat,2024-11-22T21:38:13.140686434Z
01JDAX0BAHDHKK2KJPBRJ5FRFR,01JDAW94G80F7SDBT65P4GP5BN,2024-11-22T21:38:46.73760961Z,true,2024-11-22T21:40:12.211565149Z,01JDAW94H0XK8KT66PDDYTMTA6,2024-11-22T21:38:46.73760961Z,2,2024-11-22T21:38:46.73760961Z,1,2024-11-22T21:38:46.73760961Z,Round 2 / 8,2024-11-22T21:38:46.73760961Z,1,2024-11-22T21:38:47.166216525Z,true,2024-11-22T21:39:48.647406759Z,Chat,2024-11-22T21:38:46.73760961Z
01JDAXGCNJ9SPRDGXD4YKQHBQ2,01JDAW91RVAWDE15G9TQ9RXZQ4,2024-11-22T21:47:32.402469338Z,true,2024-11-22T21:48:35.785815547Z,01JDAW91SHMMAZ5PMS6NNQNRNA,2024-11-22T21:47:32.402469338Z,1,2024-11-22T21:47:32.402469338Z,0,2024-11-22T21:47:32.402469338Z,Round 1 / 8,2024-11-22T21:47:32.402469338Z,2,2024-11-22T21:47:33.325679624Z,true,2024-11-22T21:47:33.852479014Z,Chat,2024-11-22T21:47:32.402469338Z
01JDAVSGWJPSPBQ7EWMV2S55SB,01JDAV7K2MG6SSZXXQWX9AWKTB,2024-11-22T21:17:34.482293163Z,true,2024-11-22T21:21:23.020450671Z,01JDAV7K2WMABF7X36GP6WAQTP,2024-11-22T21:17:34.482293163Z,7,2024-11-22T21:17:34.482293163Z,6,2024-11-22T21:17:34.482293163Z,Round 7 / 8,2024-11-22T21:17:34.482293163Z,1,2024-11-22T21:17:34.620346322Z,true,2024-11-22T21:20:55.952541263Z,Chat,2024-11-22T21:17:34.482293163Z
01JDAXM5BH6G4KV8XSPXG3ZN7D,01JDAV78N2XQAMP3T752482BSA,2024-11-22T21:49:35.985622443Z,true,2024-11-22T21:52:09.599361643Z,01JDAV78NE5B28MCGQW2AW6RQW,2024-11-22T21:49:35.985622443Z,4,2024-11-22T21:49:35.985622443Z,3,2024-11-22T21:49:35.985622443Z,Round 4 / 8,2024-11-22T21:49:35.985622443Z,1,2024-11-22T21:49:36.895399508Z,true,2024-11-22T21:51:39.131595418Z,Chat,2024-11-22T21:49:35.985622443Z
01JDAXX56RXTCQGQKX93T1GSPP,01JDAXJ9GA579XVKVXYHX7PMB5,2024-11-22T21:54:30.744694621Z,true,2024-11-22T21:56:56.77666474Z,01JDAXJ9JWAYJF3NTH7KK3P2CH,2024-11-22T21:54:30.744694621Z,4,2024-11-22T21:54:30.744694621Z,3,2024-11-22T21:54:30.744694621Z,Round 4 / 8,2024-11-22T21:54:30.744694621Z,1,2024-11-22T21:54:31.759361159Z,true,2024-11-22T21:56:37.944501196Z,Chat,2024-11-22T21:54:30.744694621Z
01JDAVM7KXH9ZP1NJBHSBVY0AF,01JDAV5VXHJYCN2V0T1M5T8322,2024-11-22T21:14:41.149115587Z,true,2024-11-22T21:17:26.780290837Z,01JDAV5VY93GESTPGN5PE0KCFT,2024-11-22T21:14:41.149115587Z,5,2024-11-22T21:14:41.149115587Z,4,2024-11-22T21:14:41.149115587Z,Round 5 / 8,2024-11-22T21:14:41.149115587Z,1,2024-11-22T21:14:41.201812843Z,true,2024-11-22T21:16:58.492293499Z,Chat,2024-11-22T21:14:41.149115587Z
01JDAWBV60BQ47FZWFCA9BRRVT,01JDAV7A23J19NYW1G1M51MRS7,2024-11-22T21:27:34.848378223Z,true,2024-11-22T21:30:49.007799737Z,01JDAV7A2CN94NGM529SW3NX2Q,2024-11-22T21:27:34.848378223Z,7,2024-11-22T21:27:34.848378223Z,6,2024-11-22T21:27:34.848378223Z,Round 7 / 8,2024-11-22T21:27:34.848378223Z,1,2024-11-22T21:27:34.978148334Z,true,2024-11-22T21:30:30.663108721Z,Chat,2024-11-22T21:27:34.848378223Z
01JDAWCSF7RXDFPAP72M43N3EE,01JDAW9H90NX0NBKQ78WQFK87S,2024-11-22T21:28:05.863523579Z,true,2024-11-22T21:31:24.370123241Z,01JDAW9H9R34V9ZGZCJXT6VP5J,2024-11-22T21:28:05.863523579Z,6,2024-11-22T21:28:05.863523579Z,5,2024-11-22T21:28:05.863523579Z,Round 6 / 8,2024-11-22T21:28:05.863523579Z,1,2024-11-22T21:28:06.217046221Z,true,2024-11-22T21:31:06.188311101Z,Chat,2024-11-22T21:28:05.863523579Z
01JDAWFFT6BW45CMT42WFA3DAF,01JDAW9GPCZARVGSZPJQ1SCPAH,2024-11-22T21:29:34.279003599Z,true,2024-11-22T21:30:59.342590262Z,01JDAW9GQ7KA89AWGC4MHJF0YS,2024-11-22T21:29:34.279003599Z,2,2024-11-22T21:29:34.279003599Z,1,2024-11-22T21:29:34.279003599Z,Round 2 / 8,2024-11-22T21:29:34.279003599Z,1,2024-11-22T21:29:34.557382939Z,true,2024-11-22T21:30:35.417995815Z,Chat,2024-11-22T21:29:34.279003599Z
01JDAW972M98JKYVSCD0JVM0ZZ,01JDAV7AVY9FAH9TCHE3YNF417,2024-11-22T21:26:08.724670055Z,true,2024-11-22T21:29:32.66099968Z,01JDAV7AW8PCN7AC0JSEWGVCFR,2024-11-22T21:26:08.724670055Z,7,2024-11-22T21:26:08.724670055Z,6,2024-11-22T21:26:08.724670055Z,Round 7 / 8,2024-11-22T21:26:08.724670055Z,1,2024-11-22T21:26:09.019769481Z,true,2024-11-22T21:29:02.328131536Z,Chat,2024-11-22T21:26:08.724670055Z
01JDAVM7KY3K72K70VB9SCT8JH,01JDAV5VXHJYCN2V0T1M5T8322,2024-11-22T21:14:41.150743114Z,true,2024-11-22T21:17:44.236606677Z,01JDAV5VY93GESTPGN5PE0KCFT,2024-11-22T21:14:41.150743114Z,6,2024-11-22T21:14:41.150743114Z,5,2024-11-22T21:14:41.150743114Z,Round 6 / 8,2024-11-22T21:14:41.150743114Z,1,2024-11-22T21:14:41.201812843Z,true,2024-11-22T21:17:26.794572968Z,Chat,2024-11-22T21:14:41.150743114Z
01JDAVNWH5WN26EFS82VGR98Y9,01JDAV7PDERQ7AK026EVFTCY8H,2024-11-22T21:15:35.333233279Z,true,2024-11-22T21:18:06.372883396Z,01JDAV7PDNDTFN0N27Q2XCPS2P,2024-11-22T21:15:35.333233279Z,4,2024-11-22T21:15:35.333233279Z,3,2024-11-22T21:15:35.333233279Z,Round 4 / 8,2024-11-22T21:15:35.333233279Z,1,2024-11-22T21:15:35.401716552Z,true,2024-11-22T21:17:36.266783513Z,Chat,2024-11-22T21:15:35.333233279Z
01JDAVSGWK9MTRH76WKWX87CEM,01JDAV7K2MG6SSZXXQWX9AWKTB,2024-11-22T21:17:34.483480196Z,true,2024-11-22T21:21:50.006809124Z,01JDAV7K2WMABF7X36GP6WAQTP,2024-11-22T21:17:34.483480196Z,8,2024-11-22T21:17:34.483480196Z,7,2024-11-22T21:17:34.483480196Z,Round 8 / 8,2024-11-22T21:17:34.483480196Z,1,2024-11-22T21:17:34.53047262Z,true,2024-11-22T21:21:23.053370479Z,Chat,2024-11-22T21:17:34.483480196Z
01JDAWNPEHQ5CTMNCA240PBP6Z,01JDAW96KWSR5R3AY2AYYD7GPH,2024-11-22T21:32:57.681519918Z,true,2024-11-22T21:34:51.563890621Z,01JDAW96MVCT4KSAYSSRCMYG4J,2024-11-22T21:32:57.681519918Z,3,2024-11-22T21:32:57.681519918Z,2,2024-11-22T21:32:57.681519918Z,Round 3 / 8,2024-11-22T21:32:57.681519918Z,1,2024-11-22T21:32:58.016048376Z,true,2024-11-22T21:34:27.407234994Z,Chat,2024-11-22T21:32:57.681519918Z
01JDAVM7K4GB0FN0W8H86RDE69,01JDAV5VXHJYCN2V0T1M5T8322,2024-11-22T21:14:41.124686973Z,true,2024-11-22T21:16:58.472630533Z,01JDAV5VY93GESTPGN5PE0KCFT,2024-11-22T21:14:41.124686973Z,4,2024-11-22T21:14:41.124686973Z,3,2024-11-22T21:14:41.124686973Z,Round 4 / 8,2024-11-22T21:14:41.124686973Z,1,2024-11-22T21:14:41.209373036Z,true,2024-11-22T21:16:37.023924482Z,Chat,2024-11-22T21:14:41.124686973Z
01JDAX4W3MJZMH5M2RMTZ6CPK2,01JDAW93VNYC1HD42DG2JGDBTH,2024-11-22T21:41:14.996262884Z,true,2024-11-22T21:42:16.907552258Z,01JDAW93WDPNXS8PQA63313CD1,2024-11-22T21:41:14.996262884Z,1,2024-11-22T21:41:14.996262884Z,0,2024-11-22T21:41:14.996262884Z,Round 1 / 8,2024-11-22T21:41:14.996262884Z,2,2024-11-22T21:41:15.787087553Z,true,2024-11-22T21:41:16.260105407Z,Chat,2024-11-22T21:41:14.996262884Z
01JDAX4W56BDY6H9GVHKJDE83F,01JDAW93VNYC1HD42DG2JGDBTH,2024-11-22T21:41:15.046394067Z,true,2024-11-22T21:43:48.134329177Z,01JDAW93WDPNXS8PQA63313CD1,2024-11-22T21:41:15.046394067Z,4,2024-11-22T21:41:15.046394067Z,3,2024-11-22T21:41:15.046394067Z,Round 4 / 8,2024-11-22T21:41:15.046394067Z,1,2024-11-22T21:41:15.462777616Z,true,2024-11-22T21:43:17.779450674Z,Chat,2024-11-22T21:41:15.046394067Z
01JDAW633QMGDN1KM6FKT8Q96D,01JDAV7CMRW7XHY88WC9DBQES6,2024-11-22T21:24:26.359461747Z,true,2024-11-22T21:27:13.107897346Z,01JDAV7CN2D9MAQ6ZK8X7YT6AW,2024-11-22T21:24:26.359461747Z,5,2024-11-22T21:24:26.359461747Z,4,2024-11-22T21:24:26.359461747Z,Round 5 / 8,2024-11-22T21:24:26.359461747Z,1,2024-11-22T21:24:26.449842301Z,true,2024-11-22T21:26:46.393442821Z,Chat,2024-11-22T21:24:26.359461747Z
01JDAW971S6Q2FJ60ARBRC5BXE,01JDAV7AVY9FAH9TCHE3YNF417,2024-11-22T21:26:08.697870888Z,true,2024-11-22T21:28:31.906658269Z,01JDAV7AW8PCN7AC0JSEWGVCFR,2024-11-22T21:26:08.697870888Z,5,2024-11-22T21:26:08.697870888Z,4,2024-11-22T21:26:08.697870888Z,Round 5 / 8,2024-11-22T21:26:08.697870888Z,1,2024-11-22T21:26:08.896401782Z,true,2024-11-22T21:28:17.540831512Z,Chat,2024-11-22T21:26:08.697870888Z
01JDAWCSE50SDV78C8PFE30R98,01JDAW9H90NX0NBKQ78WQFK87S,2024-11-22T21:28:05.829268485Z,true,2024-11-22T21:30:07.611266066Z,01JDAW9H9R34V9ZGZCJXT6VP5J,2024-11-22T21:28:05.829268485Z,3,2024-11-22T21:28:05.829268485Z,2,2024-11-22T21:28:05.829268485Z,Round 3 / 8,2024-11-22T21:28:05.829268485Z,1,2024-11-22T21:28:06.114722912Z,true,2024-11-22T21:29:37.265656558Z,Chat,2024-11-22T21:28:05.829268485Z
01JDAWFFTX9D85SZZVXM2DHR0F,01JDAW9GPCZARVGSZPJQ1SCPAH,2024-11-22T21:29:34.301906672Z,true,2024-11-22T21:32:11.025143501Z,01JDAW9GQ7KA89AWGC4MHJF0YS,2024-11-22T21:29:34.301906672Z,5,2024-11-22T21:29:34.301906672Z,4,2024-11-22T21:29:34.301906672Z,Round 5 / 8,2024-11-22T21:29:34.301906672Z,1,2024-11-22T21:29:34.563972272Z,true,2024-11-22T21:31:53.468071538Z,Chat,2024-11-22T21:29:34.301906672Z
01JDAW634A3NT6RAHFEFXYQRY2,01JDAV7CMRW7XHY88WC9DBQES6,2024-11-22T21:24:26.378277117Z,true,2024-11-22T21:28:10.624828479Z,01JDAV7CN2D9MAQ6ZK8X7YT6AW,2024-11-22T21:24:26.378277117Z,8,2024-11-22T21:24:26.378277117Z,7,2024-11-22T21:24:26.378277117Z,Round 8 / 8,2024-11-22T21:24:26.378277117Z,1,2024-11-22T21:24:26.526465194Z,true,2024-11-22T21:27:45.303949146Z,Chat,2024-11-22T21:24:26.378277117Z
01JDAXM5D8WM69N9KMVJZS805Y,01JDAV78N2XQAMP3T752482BSA,2024-11-22T21:49:36.040930195Z,true,2024-11-22T21:53:10.855308638Z,01JDAV78NE5B28MCGQW2AW6RQW,2024-11-22T21:49:36.040930195Z,6,2024-11-22T21:49:36.040930195Z,5,2024-11-22T21:49:36.040930195Z,Round 6 / 8,2024-11-22T21:49:36.040930195Z,1,2024-11-22T21:49:36.994803976Z,true,2024-11-22T21:52:40.252140073Z,Chat,2024-11-22T21:49:36.040930195Z
01JDAXSZA6XS07Z267RS9S2VG7,01JDAXJA6182QATS2H3XGWVF35,2024-11-22T21:52:46.406530156Z,true,2024-11-22T21:54:20.000477265Z,01JDAXJA8JZDPK7XRRAASDQY91,2024-11-22T21:52:46.406530156Z,2,2024-11-22T21:52:46.406530156Z,1,2024-11-22T21:52:46.406530156Z,Round 2 / 8,2024-11-22T21:52:46.406530156Z,1,2024-11-22T21:52:46.978921005Z,true,2024-11-22T21:53:49.479886376Z,Chat,2024-11-22T21:52:46.406530156Z
01JDAX4W69A6CN6GQX6GF44GCB,01JDAW93VNYC1HD42DG2JGDBTH,2024-11-22T21:41:15.081192842Z,true,2024-11-22T21:45:49.840090504Z,01JDAW93WDPNXS8PQA63313CD1,2024-11-22T21:41:15.081192842Z,8,2024-11-22T21:41:15.081192842Z,7,2024-11-22T21:41:15.081192842Z,Round 8 / 8,2024-11-22T21:41:15.081192842Z,1,2024-11-22T21:41:15.656536114Z,true,2024-11-22T21:45:19.464573466Z,Chat,2024-11-22T21:41:15.081192842Z
01JDAXHBK5A0FAW6BD407C5D1C,01JDAV79B7ET5C3AA9P297HGKD,2024-11-22T21:48:04.069698664Z,true,2024-11-22T21:50:39.673035956Z,01JDAV79BJ6R265FKS66G54524,2024-11-22T21:48:04.069698664Z,4,2024-11-22T21:48:04.069698664Z,3,2024-11-22T21:48:04.069698664Z,Round 4 / 8,2024-11-22T21:48:04.069698664Z,1,2024-11-22T21:48:04.654268431Z,true,2024-11-22T21:50:09.248632175Z,Chat,2024-11-22T21:48:04.069698664Z
01JDAVM7K34XVK7EZ16DJ4QZ0X,01JDAV5VXHJYCN2V0T1M5T8322,2024-11-22T21:14:41.123850798Z,true,2024-11-22T21:16:07.7205711Z,01JDAV5VY93GESTPGN5PE0KCFT,2024-11-22T21:14:41.123850798Z,2,2024-11-22T21:14:41.123850798Z,1,2024-11-22T21:14:41.123850798Z,Round 2 / 8,2024-11-22T21:14:41.123850798Z,1,2024-11-22T21:14:41.271985503Z,true,2024-11-22T21:15:37.614823115Z,Chat,2024-11-22T21:14:41.123850798Z
01JDAVR4WQES5DM8Z4KNYSM97X,01JDAV7NMPR3GW91C3EE80J0N9,2024-11-22T21:16:49.431774358Z,true,2024-11-22T21:19:19.720184456Z,01JDAV7NMYZNX2JP8M9R6XSR3R,2024-11-22T21:16:49.431774358Z,4,2024-11-22T21:16:49.431774358Z,3,2024-11-22T21:16:49.431774358Z,Round 4 / 8,2024-11-22T21:16:49.431774358Z,1,2024-11-22T21:16:49.488257542Z,true,2024-11-22T21:18:50.285618541Z,Chat,2024-11-22T21:16:49.431774358Z
01JDAW28W89WB0VEM6M0T4SV9N,01JDAV7DENMXA1Z5WHTTT0F2MF,2024-11-22T21:22:21.192804603Z,true,2024-11-22T21:25:40.555774718Z,01JDAV7DEXDW9TAG8NVGHHDHV6,2024-11-22T21:22:21.192804603Z,6,2024-11-22T21:22:21.192804603Z,5,2024-11-22T21:22:21.192804603Z,Round 6 / 8,2024-11-22T21:22:21.192804603Z,1,2024-11-22T21:22:21.311302059Z,true,2024-11-22T21:25:13.135309573Z,Chat,2024-11-22T21:22:21.192804603Z
01JDAWCSFNGFF9YS495K9K7DTD,01JDAW9H90NX0NBKQ78WQFK87S,2024-11-22T21:28:05.877238975Z,true,2024-11-22T21:31:54.710699688Z,01JDAW9H9R34V9ZGZCJXT6VP5J,2024-11-22T21:28:05.877238975Z,7,2024-11-22T21:28:05.877238975Z,6,2024-11-22T21:28:05.877238975Z,Round 7 / 8,2024-11-22T21:28:05.877238975Z,1,2024-11-22T21:28:06.05617214Z,true,2024-11-22T21:31:24.409378098Z,Chat,2024-11-22T21:28:05.877238975Z
01JDAWFFV5G3H78HE6816ZBF7V,01JDAW9GPCZARVGSZPJQ1SCPAH,2024-11-22T21:29:34.309397729Z,true,2024-11-22T21:32:41.47308861Z,01JDAW9GQ7KA89AWGC4MHJF0YS,2024-11-22T21:29:34.309397729Z,6,2024-11-22T21:29:34.309397729Z,5,2024-11-22T21:29:34.309397729Z,Round 6 / 8,2024-11-22T21:29:34.309397729Z,1,2024-11-22T21:29:34.563972272Z,true,2024-11-22T21:32:11.067278915Z,Chat,2024-11-22T21:29:34.309397729Z
01JDAWZAGAPZDGS9TYBC8VK3QN,01JDAW957DCG61X93N892GXZWF,2024-11-22T21:38:13.13096952Z,true,2024-11-22T21:41:37.686324457Z,01JDAW958523SSTP7PHBCF6XV7,2024-11-22T21:38:13.13096952Z,8,2024-11-22T21:38:13.13096952Z,7,2024-11-22T21:38:13.13096952Z,Round 8 / 8,2024-11-22T21:38:13.13096952Z,1,2024-11-22T21:38:13.527202308Z,true,2024-11-22T21:41:13.368523557Z,Chat,2024-11-22T21:38:13.13096952Z
01JDAXR3KJZF1W5MZEYWZ9RZ07,01JDAXJ5WMH8K5GGX49MEE4HGS,2024-11-22T21:51:45.266208162Z,true,2024-11-22T21:53:47.770237405Z,01JDAXJ5YX38PV4J82MHVAQKN8,2024-11-22T21:51:45.266208162Z,3,2024-11-22T21:51:45.266208162Z,2,2024-11-22T21:51:45.266208162Z,Round 3 / 8,2024-11-22T21:51:45.266208162Z,1,2024-11-22T21:51:45.802617755Z,true,2024-11-22T21:53:17.247726937Z,Chat,2024-11-22T21:51:45.266208162Z
01JDAW9710JGPF8QYPTJGKADBS,01JDAV7AVY9FAH9TCHE3YNF417,2024-11-22T21:26:08.672367824Z,true,2024-11-22T21:28:17.51873639Z,01JDAV7AW8PCN7AC0JSEWGVCFR,2024-11-22T21:26:08.672367824Z,4,2024-11-22T21:26:08.672367824Z,3,2024-11-22T21:26:08.672367824Z,Round 4 / 8,2024-11-22T21:26:08.672367824Z,1,2024-11-22T21:26:08.865833905Z,true,2024-11-22T21:27:56.326887397Z,Chat,2024-11-22T21:26:08.672367824Z
01JDAX0BBY0916SJEAC1BPS1EY,01JDAW94G80F7SDBT65P4GP5BN,2024-11-22T21:38:46.782663728Z,true,2024-11-22T21:41:33.132599461Z,01JDAW94H0XK8KT66PDDYTMTA6,2024-11-22T21:38:46.782663728Z,6,2024-11-22T21:38:46.782663728Z,5,2024-11-22T21:38:46.782663728Z,Round 6 / 8,2024-11-22T21:38:46.782663728Z,1,2024-11-22T21:38:47.291834746Z,true,2024-11-22T21:41:18.754701467Z,Chat,2024-11-22T21:38:46.782663728Z
01JDAXM5AKM8GNN3WKC44B2NYG,01JDAV78N2XQAMP3T752482BSA,2024-11-22T21:49:35.955737908Z,true,2024-11-22T21:51:39.068565214Z,01JDAV78NE5B28MCGQW2AW6RQW,2024-11-22T21:49:35.955737908Z,3,2024-11-22T21:49:35.955737908Z,2,2024-11-22T21:49:35.955737908Z,Round 3 / 8,2024-11-22T21:49:35.955737908Z,1,2024-11-22T21:49:36.824681037Z,true,2024-11-22T21:51:08.453230085Z,Chat,2024-11-22T21:49:35.955737908Z
01JDAX0BBBRMC6W1GYSSW3HTZ9,01JDAW94G80F7SDBT65P4GP5BN,2024-11-22T21:38:46.763677389Z,true,2024-11-22T21:41:18.714327765Z,01JDAW94H0XK8KT66PDDYTMTA6,2024-11-22T21:38:46.763677389Z,5,2024-11-22T21:38:46.763677389Z,4,2024-11-22T21:38:46.763677389Z,Round 5 / 8,2024-11-22T21:38:46.763677389Z,1,2024-11-22T21:38:47.263497507Z,true,2024-11-22T21:40:58.853949874Z,Chat,2024-11-22T21:38:46.763677389Z
01JDAXY4FBABKZEQ57KV9WW3C3,01JDAXJ8MTD357BJ284YCVQECZ,2024-11-22T21:55:02.763633195Z,true,2024-11-22T21:58:32.035254658Z,01JDAXJ8PR73ZPZYE5KXF66AXZ,2024-11-22T21:55:02.763633195Z,6,2024-11-22T21:55:02.763633195Z,5,2024-11-22T21:55:02.763633195Z,Round 6 / 8,2024-11-22T21:55:02.763633195Z,1,2024-11-22T21:55:04.169198782Z,true,2024-11-22T21:58:02.563889856Z,Chat,2024-11-22T21:55:02.763633195Z
01JDAVNWH5WN26EFS834TB2TK0,01JDAV7PDERQ7AK026EVFTCY8H,2024-11-22T21:15:35.333753743Z,true,2024-11-22T21:17:36.256047121Z,01JDAV7PDNDTFN0N27Q2XCPS2P,2024-11-22T21:15:35.333753743Z,3,2024-11-22T21:15:35.333753743Z,2,2024-11-22T21:15:35.333753743Z,Round 3 / 8,2024-11-22T21:15:35.333753743Z,1,2024-11-22T21:15:35.442863897Z,true,2024-11-22T21:17:06.102593677Z,Chat,2024-11-22T21:15:35.333753743Z
01JDAWNPEZZNPTPZTKS0JTV3QB,01JDAW96KWSR5R3AY2AYYD7GPH,2024-11-22T21:32:57.695994436Z,true,2024-11-22T21:35:19.934556774Z,01JDAW96MVCT4KSAYSSRCMYG4J,2024-11-22T21:32:57.695994436Z,4,2024-11-22T21:32:57.695994436Z,3,2024-11-22T21:32:57.695994436Z,Round 4 / 8,2024-11-22T21:32:57.695994436Z,1,2024-11-22T21:32:58.046477044Z,true,2024-11-22T21:34:51.600984881Z,Chat,2024-11-22T21:32:57.695994436Z
01JDAX4W5QNXDN78EZH195FAJ1,01JDAW93VNYC1HD42DG2JGDBTH,2024-11-22T21:41:15.063913772Z,true,2024-11-22T21:44:18.556812515Z,01JDAW93WDPNXS8PQA63313CD1,2024-11-22T21:41:15.063913772Z,5,2024-11-22T21:41:15.063913772Z,4,2024-11-22T21:41:15.063913772Z,Round 5 / 8,2024-11-22T21:41:15.063913772Z,1,2024-11-22T21:41:15.562781568Z,true,2024-11-22T21:43:48.17571867Z,Chat,2024-11-22T21:41:15.063913772Z
01JDAXCQ7N2XQ3YCM52G86WNFY,01JDAW92FM8RVSV5HSE8WB07E6,2024-11-22T21:45:32.149825041Z,true,2024-11-22T21:46:34.465859442Z,01JDAW92GDPJY1C855FFXP1CS2,2024-11-22T21:45:32.149825041Z,1,2024-11-22T21:45:32.149825041Z,0,2024-11-22T21:45:32.149825041Z,Round 1 / 8,2024-11-22T21:45:32.149825041Z,2,2024-11-22T21:45:33.288247515Z,true,2024-11-22T21:45:33.802100351Z,Chat,2024-11-22T21:45:32.149825041Z
01JDAXSZ95FVZ7TTAJ9VPAM1R2,01JDAXJA6182QATS2H3XGWVF35,2024-11-22T21:52:46.373786316Z,true,2024-11-22T21:53:49.415818694Z,01JDAXJA8JZDPK7XRRAASDQY91,2024-11-22T21:52:46.373786316Z,1,2024-11-22T21:52:46.373786316Z,0,2024-11-22T21:52:46.373786316Z,Round 1 / 8,2024-11-22T21:52:46.373786316Z,2,2024-11-22T21:52:47.406637356Z,true,2024-11-22T21:52:48.366192019Z,Chat,2024-11-22T21:52:46.373786316Z
01JDAXY491C747MQ61CP6WFHG8,01JDAXJ8MTD357BJ284YCVQECZ,2024-11-22T21:55:02.56161405Z,true,2024-11-22T21:57:31.740709728Z,01JDAXJ8PR73ZPZYE5KXF66AXZ,2024-11-22T21:55:02.56161405Z,4,2024-11-22T21:55:02.56161405Z,3,2024-11-22T21:55:02.56161405Z,Round 4 / 8,2024-11-22T21:55:02.56161405Z,1,2024-11-22T21:55:03.801179591Z,true,2024-11-22T21:57:01.147004298Z,Chat,2024-11-22T21:55:02.56161405Z
01JDAW8GCVCRCQJC1ET41NKBA7,01JDAV7BT8X0ENK4E2JRHCANJT,2024-11-22T21:25:45.49989325Z,true,2024-11-22T21:28:46.188187418Z,01JDAV7BTJ9FST3S5K0Y7AWNSV,2024-11-22T21:25:45.49989325Z,5,2024-11-22T21:25:45.49989325Z,4,2024-11-22T21:25:45.49989325Z,Round 5 / 8,2024-11-22T21:25:45.49989325Z,1,2024-11-22T21:25:45.749086337Z,true,2024-11-22T21:28:15.962798101Z,Chat,2024-11-22T21:25:45.49989325Z
01JDAX4W49K0ZNPPF6TP961WD7,01JDAW93VNYC1HD42DG2JGDBTH,2024-11-22T21:41:15.018065406Z,true,2024-11-22T21:42:47.298156994Z,01JDAW93WDPNXS8PQA63313CD1,2024-11-22T21:41:15.018065406Z,2,2024-11-22T21:41:15.018065406Z,1,2024-11-22T21:41:15.018065406Z,Round 2 / 8,2024-11-22T21:41:15.018065406Z,1,2024-11-22T21:41:15.386095708Z,true,2024-11-22T21:42:16.950710753Z,Chat,2024-11-22T21:41:15.018065406Z
01JDAXGCS1BZXH9DJC1G1EJXY2,01JDAW91RVAWDE15G9TQ9RXZQ4,2024-11-22T21:47:32.513698249Z,true,2024-11-22T21:50:57.986693346Z,01JDAW91SHMMAZ5PMS6NNQNRNA,2024-11-22T21:47:32.513698249Z,6,2024-11-22T21:47:32.513698249Z,5,2024-11-22T21:47:32.513698249Z,Round 6 / 8,2024-11-22T21:47:32.513698249Z,1,2024-11-22T21:47:33.201238487Z,true,2024-11-22T21:50:27.550485375Z,Chat,2024-11-22T21:47:32.513698249Z
01JDAXM5CDVJ41PSBGGG7ZPQ7S,01JDAV78N2XQAMP3T752482BSA,2024-11-22T21:49:36.013296917Z,true,2024-11-22T21:52:40.182032964Z,01JDAV78NE5B28MCGQW2AW6RQW,2024-11-22T21:49:36.013296917Z,5,2024-11-22T21:49:36.013296917Z,4,2024-11-22T21:49:36.013296917Z,Round 5 / 8,2024-11-22T21:49:36.013296917Z,1,2024-11-22T21:49:36.941012211Z,true,2024-11-22T21:52:09.661669659Z,Chat,2024-11-22T21:49:36.013296917Z
01JDAXSZFRSK82F7N44ZQTR3EK,01JDAXJA6182QATS2H3XGWVF35,2024-11-22T21:52:46.584098718Z,true,2024-11-22T21:56:41.581739451Z,01JDAXJA8JZDPK7XRRAASDQY91,2024-11-22T21:52:46.584098718Z,8,2024-11-22T21:52:46.584098718Z,7,2024-11-22T21:52:46.584098718Z,Round 8 / 8,2024-11-22T21:52:46.584098718Z,1,2024-11-22T21:52:47.324141051Z,true,2024-11-22T21:56:22.206937343Z,Chat,2024-11-22T21:52:46.584098718Z
01JDAVY9HEMC1W74SY1XQYXAQB,01JDAV7G8TQTKPZVSCPYST9866,2024-11-22T21:20:10.798142651Z,true,2024-11-22T21:22:28.863423668Z,01JDAV7G93PEQKN7EKG9SYPNXF,2024-11-22T21:20:10.798142651Z,4,2024-11-22T21:20:10.798142651Z,3,2024-11-22T21:20:10.798142651Z,Round 4 / 8,2024-11-22T21:20:10.798142651Z,1,2024-11-22T21:20:10.946946593Z,true,2024-11-22T21:22:00.303850451Z,Chat,2024-11-22T21:20:10.798142651Z
01JDAXCQ9CFA39X5T6PHC98PSK,01JDAW92FM8RVSV5HSE8WB07E6,2024-11-22T21:45:32.204561675Z,true,2024-11-22T21:47:35.583994179Z,01JDAW92GDPJY1C855FFXP1CS2,2024-11-22T21:45:32.204561675Z,3,2024-11-22T21:45:32.204561675Z,2,2024-11-22T21:45:32.204561675Z,Round 3 / 8,2024-11-22T21:45:32.204561675Z,1,2024-11-22T21:45:32.891732083Z,true,2024-11-22T21:47:05.049957264Z,Chat,2024-11-22T21:45:32.204561675Z
01JDAVR4WYAPYRY2YP95B3D6R9,01JDAV7NMPR3GW91C3EE80J0N9,2024-11-22T21:16:49.438920741Z,true,2024-11-22T21:20:37.835561682Z,01JDAV7NMYZNX2JP8M9R6XSR3R,2024-11-22T21:16:49.438920741Z,7,2024-11-22T21:16:49.438920741Z,6,2024-11-22T21:16:49.438920741Z,Round 7 / 8,2024-11-22T21:16:49.438920741Z,1,2024-11-22T21:16:49.6787716Z,true,2024-11-22T21:20:11.900549695Z,Chat,2024-11-22T21:16:49.438920741Z
01JDAVZD41BXEPQRN7V04RTDCA,01JDAV7EZCZG4X83SX62XDSNV8,2024-11-22T21:20:47.233914934Z,true,2024-11-22T21:24:44.493822947Z,01JDAV7EZQJ4EREN1RCQ4RZS8E,2024-11-22T21:20:47.233914934Z,7,2024-11-22T21:20:47.233914934Z,6,2024-11-22T21:20:47.233914934Z,Round 7 / 8,2024-11-22T21:20:47.233914934Z,1,2024-11-22T21:20:47.285195199Z,true,2024-11-22T21:24:14.296772112Z,Chat,2024-11-22T21:20:47.233914934Z
01JDAWBV4VAJ2WS4DX9MQHN7J7,01JDAV7A23J19NYW1G1M51MRS7,2024-11-22T21:27:34.811335724Z,true,2024-11-22T21:28:34.035104816Z,01JDAV7A2CN94NGM529SW3NX2Q,2024-11-22T21:27:34.811335724Z,1,2024-11-22T21:27:34.811335724Z,0,2024-11-22T21:27:34.811335724Z,Round 1 / 8,2024-11-22T21:27:34.811335724Z,2,2024-11-22T21:27:35.158896116Z,true,2024-11-22T21:27:35.240296412Z,Chat,2024-11-22T21:27:34.811335724Z
01JDAWJ07R699SGWF5C9FHW371,01JDAW9G227TQ7S6XPYGXQ6VSP,2024-11-22T21:30:56.63254534Z,true,2024-11-22T21:34:48.214887449Z,01JDAW9G2M35MPT2J3D884PD2J,2024-11-22T21:30:56.63254534Z,8,2024-11-22T21:30:56.63254534Z,7,2024-11-22T21:30:56.63254534Z,Round 8 / 8,2024-11-22T21:30:56.63254534Z,1,2024-11-22T21:30:57.240397939Z,true,2024-11-22T21:34:35.293205647Z,Chat,2024-11-22T21:30:56.63254534Z
01JDAXHBNB1TCRD6ANAX9D0WDB,01JDAV79B7ET5C3AA9P297HGKD,2024-11-22T21:48:04.139388197Z,true,2024-11-22T21:49:06.456171163Z,01JDAV79BJ6R265FKS66G54524,2024-11-22T21:48:04.139388197Z,1,2024-11-22T21:48:04.139388197Z,0,2024-11-22T21:48:04.139388197Z,Round 1 / 8,2024-11-22T21:48:04.139388197Z,2,2024-11-22T21:48:05.243429143Z,true,2024-11-22T21:48:05.499567601Z,Chat,2024-11-22T21:48:04.139388197Z
01JDAXX57H4QFPYKEFPV0B5C6E,01JDAXJ9GA579XVKVXYHX7PMB5,2024-11-22T21:54:30.769692081Z,true,2024-11-22T21:56:37.885027434Z,01JDAXJ9JWAYJF3NTH7KK3P2CH,2024-11-22T21:54:30.769692081Z,3,2024-11-22T21:54:30.769692081Z,2,2024-11-22T21:54:30.769692081Z,Round 3 / 8,2024-11-22T21:54:30.769692081Z,1,2024-11-22T21:54:31.992838481Z,true,2024-11-22T21:56:07.379509188Z,Chat,2024-11-22T21:54:30.769692081Z
01JDAVSGWCBRPJYN6A1QGN1DGD,01JDAV7K2MG6SSZXXQWX9AWKTB,2024-11-22T21:17:34.476413139Z,true,2024-11-22T21:19:31.189983781Z,01JDAV7K2WMABF7X36GP6WAQTP,2024-11-22T21:17:34.476413139Z,3,2024-11-22T21:17:34.476413139Z,2,2024-11-22T21:17:34.476413139Z,Round 3 / 8,2024-11-22T21:17:34.476413139Z,1,2024-11-22T21:17:34.55038619Z,true,2024-11-22T21:19:01.00076743Z,Chat,2024-11-22T21:17:34.476413139Z
01JDAXM59XAPGB3D2MJ5NK1M1N,01JDAV78N2XQAMP3T752482BSA,2024-11-22T21:49:35.933176681Z,true,2024-11-22T21:51:08.365330748Z,01JDAV78NE5B28MCGQW2AW6RQW,2024-11-22T21:49:35.933176681Z,2,2024-11-22T21:49:35.933176681Z,1,2024-11-22T21:49:35.933176681Z,Round 2 / 8,2024-11-22T21:49:35.933176681Z,1,2024-11-22T21:49:36.684991574Z,true,2024-11-22T21:50:37.84366445Z,Chat,2024-11-22T21:49:35.933176681Z
01JDAXR3MWQ4XQ613X06TWKFBM,01JDAXJ5WMH8K5GGX49MEE4HGS,2024-11-22T21:51:45.308107895Z,true,2024-11-22T21:54:18.390290841Z,01JDAXJ5YX38PV4J82MHVAQKN8,2024-11-22T21:51:45.308107895Z,4,2024-11-22T21:51:45.308107895Z,3,2024-11-22T21:51:45.308107895Z,Round 4 / 8,2024-11-22T21:51:45.308107895Z,1,2024-11-22T21:51:45.934050826Z,true,2024-11-22T21:53:47.834796088Z,Chat,2024-11-22T21:51:45.308107895Z
01JDAXSZE61RXDYT662KTK5FYT,01JDAXJA6182QATS2H3XGWVF35,2024-11-22T21:52:46.534928517Z,true,2024-11-22T21:56:03.809249463Z,01JDAXJA8JZDPK7XRRAASDQY91,2024-11-22T21:52:46.534928517Z,6,2024-11-22T21:52:46.534928517Z,5,2024-11-22T21:52:46.534928517Z,Round 6 / 8,2024-11-22T21:52:46.534928517Z,1,2024-11-22T21:52:47.244351364Z,true,2024-11-22T21:55:43.674826668Z,Chat,2024-11-22T21:52:46.534928517Z
01JDAXY4E8Q8X8CWJGHAK4SDEY,01JDAXJ8MTD357BJ284YCVQECZ,2024-11-22T21:55:02.729023837Z,true,2024-11-22T21:56:33.375722505Z,01JDAXJ8PR73ZPZYE5KXF66AXZ,2024-11-22T21:55:02.729023837Z,2,2024-11-22T21:55:02.729023837Z,1,2024-11-22T21:55:02.729023837Z,Round 2 / 8,2024-11-22T21:55:02.729023837Z,1,2024-11-22T21:55:04.235838604Z,true,2024-11-22T21:56:02.831702602Z,Chat,2024-11-22T21:55:02.729023837Z
01JDAW28VSQC0CMRF12Q7WMG9F,01JDAV7DENMXA1Z5WHTTT0F2MF,2024-11-22T21:22:21.17739385Z,true,2024-11-22T21:24:20.837763349Z,01JDAV7DEXDW9TAG8NVGHHDHV6,2024-11-22T21:22:21.17739385Z,3,2024-11-22T21:22:21.17739385Z,2,2024-11-22T21:22:21.17739385Z,Round 3 / 8,2024-11-22T21:22:21.17739385Z,1,2024-11-22T21:22:21.250441827Z,true,2024-11-22T21:23:51.96472452Z,Chat,2024-11-22T21:22:21.17739385Z
01JDAW97078N0SV85JKV24A121,01JDAV7AVY9FAH9TCHE3YNF417,2024-11-22T21:26:08.647760591Z,true,2024-11-22T21:27:09.632567863Z,01JDAV7AW8PCN7AC0JSEWGVCFR,2024-11-22T21:26:08.647760591Z,1,2024-11-22T21:26:08.647760591Z,0,2024-11-22T21:26:08.647760591Z,Round 1 / 8,2024-11-22T21:26:08.647760591Z,2,2024-11-22T21:26:09.05595389Z,true,2024-11-22T21:26:09.171155637Z,Chat,2024-11-22T21:26:08.647760591Z
01JDAW97201V6VQ5PS7XMHFPCC,01JDAV7AVY9FAH9TCHE3YNF417,2024-11-22T21:26:08.704343093Z,true,2024-11-22T21:29:02.296079512Z,01JDAV7AW8PCN7AC0JSEWGVCFR,2024-11-22T21:26:08.704343093Z,6,2024-11-22T21:26:08.704343093Z,5,2024-11-22T21:26:08.704343093Z,Round 6 / 8,2024-11-22T21:26:08.704343093Z,1,2024-11-22T21:26:08.873610069Z,true,2024-11-22T21:28:31.960599266Z,Chat,2024-11-22T21:26:08.704343093Z
01JDAWCSEF0KW3X3WTM7MRGA98,01JDAW9H90NX0NBKQ78WQFK87S,2024-11-22T21:28:05.840029477Z,true,2024-11-22T21:29:37.235555329Z,01JDAW9H9R34V9ZGZCJXT6VP5J,2024-11-22T21:28:05.840029477Z,2,2024-11-22T21:28:05.840029477Z,1,2024-11-22T21:28:05.840029477Z,Round 2 / 8,2024-11-22T21:28:05.840029477Z,1,2024-11-22T21:28:06.093449105Z,true,2024-11-22T21:29:06.975992112Z,Chat,2024-11-22T21:28:05.840029477Z
01JDAWN2PTSXGMHBHP2E0RGFNY,01JDAW9FAKM409RDFXY2KD5WCW,2024-11-22T21:32:37.466859382Z,true,2024-11-22T21:35:09.73362156Z,01JDAW9FBDT2PBP0647PHSN8N3,2024-11-22T21:32:37.466859382Z,4,2024-11-22T21:32:37.466859382Z,3,2024-11-22T21:32:37.466859382Z,Round 4 / 8,2024-11-22T21:32:37.466859382Z,1,2024-11-22T21:32:37.767255344Z,true,2024-11-22T21:34:39.431910916Z,Chat,2024-11-22T21:32:37.466859382Z
01JDAXX5ACMBNAAZ6N782H6QHD,01JDAXJ9GA579XVKVXYHX7PMB5,2024-11-22T21:54:30.860847062Z,true,2024-11-22T21:57:33.587829167Z,01JDAXJ9JWAYJF3NTH7KK3P2CH,2024-11-22T21:54:30.860847062Z,6,2024-11-22T21:54:30.860847062Z,5,2024-11-22T21:54:30.860847062Z,Round 6 / 8,2024-11-22T21:54:30.860847062Z,1,2024-11-22T21:54:32.141249897Z,true,2024-11-22T21:57:15.262721677Z,Chat,2024-11-22T21:54:30.860847062Z
01JDAXEZC1MSDTVR2CXTBYYABY,01JDAW9368E2ZW8FSYS2HFF813,2024-11-22T21:46:46.018111829Z,false,2024-11-22T21:46:46.018111829Z,01JDAW936YVC34VMNBCD735T14,2024-11-22T21:46:46.018111829Z,8,2024-11-22T21:46:46.018111829Z,7,2024-11-22T21:46:46.018111829Z,Round 8 / 8,2024-11-22T21:46:46.018111829Z,1,2024-11-22T21:46:46.84522316Z,false,2024-11-22T21:46:46.018111829Z,Chat,2024-11-22T21:46:46.018111829Z
01JDAVR4WKYC9AQK8XAF10XJ2E,01JDAV7NMPR3GW91C3EE80J0N9,2024-11-22T21:16:49.427920817Z,true,2024-11-22T21:18:20.127074122Z,01JDAV7NMYZNX2JP8M9R6XSR3R,2024-11-22T21:16:49.427920817Z,2,2024-11-22T21:16:49.427920817Z,1,2024-11-22T21:16:49.427920817Z,Round 2 / 8,2024-11-22T21:16:49.427920817Z,1,2024-11-22T21:16:49.494616449Z,true,2024-11-22T21:17:50.00466356Z,Chat,2024-11-22T21:16:49.427920817Z
01JDAW28WFAQ0H38BAKDWC35DY,01JDAV7DENMXA1Z5WHTTT0F2MF,2024-11-22T21:22:21.19939658Z,true,2024-11-22T21:26:17.331613066Z,01JDAV7DEXDW9TAG8NVGHHDHV6,2024-11-22T21:22:21.19939658Z,8,2024-11-22T21:22:21.19939658Z,7,2024-11-22T21:22:21.19939658Z,Round 8 / 8,2024-11-22T21:22:21.19939658Z,1,2024-11-22T21:22:21.316826083Z,true,2024-11-22T21:26:01.435963346Z,Chat,2024-11-22T21:22:21.19939658Z
01JDAWBV5K4N9N77FHN4Y92NK3,01JDAV7A23J19NYW1G1M51MRS7,2024-11-22T21:27:34.835317118Z,true,2024-11-22T21:29:52.345093546Z,01JDAV7A2CN94NGM529SW3NX2Q,2024-11-22T21:27:34.835317118Z,4,2024-11-22T21:27:34.835317118Z,3,2024-11-22T21:27:34.835317118Z,Round 4 / 8,2024-11-22T21:27:34.835317118Z,1,2024-11-22T21:27:34.982921514Z,true,2024-11-22T21:29:29.352312379Z,Chat,2024-11-22T21:27:34.835317118Z
01JDAWJ056CKZYBM9Z4KRXV3ZA,01JDAW9G227TQ7S6XPYGXQ6VSP,2024-11-22T21:30:56.550642566Z,true,2024-11-22T21:32:28.403253746Z,01JDAW9G2M35MPT2J3D884PD2J,2024-11-22T21:30:56.550642566Z,2,2024-11-22T21:30:56.550642566Z,1,2024-11-22T21:30:56.550642566Z,Round 2 / 8,2024-11-22T21:30:56.550642566Z,1,2024-11-22T21:30:56.72427353Z,true,2024-11-22T21:31:58.11764624Z,Chat,2024-11-22T21:30:56.550642566Z
01JDAX0BA3GJJ1YPF6G75FTJBK,01JDAW94G80F7SDBT65P4GP5BN,2024-11-22T21:38:46.723244048Z,true,2024-11-22T21:40:39.937242019Z,01JDAW94H0XK8KT66PDDYTMTA6,2024-11-22T21:38:46.723244048Z,3,2024-11-22T21:38:46.723244048Z,2,2024-11-22T21:38:46.723244048Z,Round 3 / 8,2024-11-22T21:38:46.723244048Z,1,2024-11-22T21:38:47.061124951Z,true,2024-11-22T21:40:12.24661945Z,Chat,2024-11-22T21:38:46.723244048Z
01JDAXEZ6JYRP1CMFHZ1KBEYP3,01JDAW9368E2ZW8FSYS2HFF813,2024-11-22T21:46:45.84211041Z,false,2024-11-22T21:46:45.84211041Z,01JDAW936YVC34VMNBCD735T14,2024-11-22T21:46:45.84211041Z,5,2024-11-22T21:46:45.84211041Z,4,2024-11-22T21:46:45.84211041Z,Round 5 / 8,2024-11-22T21:46:45.84211041Z,1,2024-11-22T21:46:46.577726241Z,false,2024-11-22T21:46:45.84211041Z,Chat,2024-11-22T21:46:45.84211041Z
01JDAW28WBZZKQAB4Q3MQNZ6ED,01JDAV7DENMXA1Z5WHTTT0F2MF,2024-11-22T21:22:21.195415104Z,true,2024-11-22T21:26:01.405816692Z,01JDAV7DEXDW9TAG8NVGHHDHV6,2024-11-22T21:22:21.195415104Z,7,2024-11-22T21:22:21.195415104Z,6,2024-11-22T21:22:21.195415104Z,Round 7 / 8,2024-11-22T21:22:21.195415104Z,1,2024-11-22T21:22:21.283210562Z,true,2024-11-22T21:25:40.574798396Z,Chat,2024-11-22T21:22:21.195415104Z
01JDAWCSDMEF7Y5V5059A1FH43,01JDAW9H90NX0NBKQ78WQFK87S,2024-11-22T21:28:05.812310997Z,true,2024-11-22T21:30:38.112554292Z,01JDAW9H9R34V9ZGZCJXT6VP5J,2024-11-22T21:28:05.812310997Z,4,2024-11-22T21:28:05.812310997Z,3,2024-11-22T21:28:05.812310997Z,Round 4 / 8,2024-11-22T21:28:05.812310997Z,1,2024-11-22T21:28:06.114722912Z,true,2024-11-22T21:30:07.670657679Z,Chat,2024-11-22T21:28:05.812310997Z
01JDAWCSDWJXAPF10CPE6YKPRA,01JDAW9H90NX0NBKQ78WQFK87S,2024-11-22T21:28:05.820149639Z,true,2024-11-22T21:29:06.947370206Z,01JDAW9H9R34V9ZGZCJXT6VP5J,2024-11-22T21:28:05.820149639Z,1,2024-11-22T21:28:05.820149639Z,0,2024-11-22T21:28:05.820149639Z,Round 1 / 8,2024-11-22T21:28:05.820149639Z,2,2024-11-22T21:28:06.292719774Z,true,2024-11-22T21:28:06.566396184Z,Chat,2024-11-22T21:28:05.820149639Z
01JDAWZAEAFN7FME1J1S0E25SF,01JDAW957DCG61X93N892GXZWF,2024-11-22T21:38:13.066897095Z,true,2024-11-22T21:39:12.558352623Z,01JDAW958523SSTP7PHBCF6XV7,2024-11-22T21:38:13.066897095Z,1,2024-11-22T21:38:13.066897095Z,0,2024-11-22T21:38:13.066897095Z,Round 1 / 8,2024-11-22T21:38:13.066897095Z,2,2024-11-22T21:38:13.568447495Z,true,2024-11-22T21:38:13.864403162Z,Chat,2024-11-22T21:38:13.066897095Z
01JDAWZAEYGK2R4V1WNWPGWJH2,01JDAW957DCG61X93N892GXZWF,2024-11-22T21:38:13.086188894Z,true,2024-11-22T21:39:56.108505774Z,01JDAW958523SSTP7PHBCF6XV7,2024-11-22T21:38:13.086188894Z,3,2024-11-22T21:38:13.086188894Z,2,2024-11-22T21:38:13.086188894Z,Round 3 / 8,2024-11-22T21:38:13.086188894Z,1,2024-11-22T21:38:13.333576594Z,true,2024-11-22T21:39:34.732544076Z,Chat,2024-11-22T21:38:13.086188894Z
01JDAWJ06RQNJSK1WWVV2QDKQX,01JDAW9G227TQ7S6XPYGXQ6VSP,2024-11-22T21:30:56.600368678Z,true,2024-11-22T21:34:35.260630718Z,01JDAW9G2M35MPT2J3D884PD2J,2024-11-22T21:30:56.600368678Z,7,2024-11-22T21:30:56.600368678Z,6,2024-11-22T21:30:56.600368678Z,Round 7 / 8,2024-11-22T21:30:56.600368678Z,1,2024-11-22T21:30:56.837140236Z,true,2024-11-22T21:34:13.017074631Z,Chat,2024-11-22T21:30:56.600368678Z
01JDAXGCPXX7X9R3ACKG8XGJP5,01JDAW91RVAWDE15G9TQ9RXZQ4,2024-11-22T21:47:32.445646549Z,true,2024-11-22T21:49:56.855018053Z,01JDAW91SHMMAZ5PMS6NNQNRNA,2024-11-22T21:47:32.445646549Z,4,2024-11-22T21:47:32.445646549Z,3,2024-11-22T21:47:32.445646549Z,Round 4 / 8,2024-11-22T21:47:32.445646549Z,1,2024-11-22T21:47:33.024025433Z,true,2024-11-22T21:49:26.369049823Z,Chat,2024-11-22T21:47:32.445646549Z
01JDAVZD3QCBCC8W5SJPYKSB59,01JDAV7EZCZG4X83SX62XDSNV8,2024-11-22T21:20:47.223227047Z,true,2024-11-22T21:22:43.644682989Z,01JDAV7EZQJ4EREN1RCQ4RZS8E,2024-11-22T21:20:47.223227047Z,3,2024-11-22T21:20:47.223227047Z,2,2024-11-22T21:20:47.223227047Z,Round 3 / 8,2024-11-22T21:20:47.223227047Z,1,2024-11-22T21:20:47.305737745Z,true,2024-11-22T21:22:17.884552133Z,Chat,2024-11-22T21:20:47.223227047Z
01JDAW8GD3NTZYSDNJC8KWVDA9,01JDAV7BT8X0ENK4E2JRHCANJT,2024-11-22T21:25:45.507128508Z,true,2024-11-22T21:28:15.932693138Z,01JDAV7BTJ9FST3S5K0Y7AWNSV,2024-11-22T21:25:45.507128508Z,4,2024-11-22T21:25:45.507128508Z,3,2024-11-22T21:25:45.507128508Z,Round 4 / 8,2024-11-22T21:25:45.507128508Z,1,2024-11-22T21:25:45.749086337Z,true,2024-11-22T21:27:45.710810525Z,Chat,2024-11-22T21:25:45.507128508Z
01JDAWN2PKXMSA4QS4SVWTQ77Q,01JDAW9FAKM409RDFXY2KD5WCW,2024-11-22T21:32:37.460025089Z,true,2024-11-22T21:35:39.848866113Z,01JDAW9FBDT2PBP0647PHSN8N3,2024-11-22T21:32:37.460025089Z,5,2024-11-22T21:32:37.460025089Z,4,2024-11-22T21:32:37.460025089Z,Round 5 / 8,2024-11-22T21:32:37.460025089Z,1,2024-11-22T21:32:37.685168022Z,true,2024-11-22T21:35:09.763903247Z,Chat,2024-11-22T21:32:37.460025089Z
01JDAXCQASV8BFQDFPNM0NQ3XG,01JDAW92FM8RVSV5HSE8WB07E6,2024-11-22T21:45:32.249871095Z,true,2024-11-22T21:48:51.944597524Z,01JDAW92GDPJY1C855FFXP1CS2,2024-11-22T21:45:32.249871095Z,6,2024-11-22T21:45:32.249871095Z,5,2024-11-22T21:45:32.249871095Z,Round 6 / 8,2024-11-22T21:45:32.249871095Z,1,2024-11-22T21:45:32.983744594Z,true,2024-11-22T21:48:21.557197044Z,Chat,2024-11-22T21:45:32.249871095Z
01JDAXHBNZZZN2QCFWKEGRM7W0,01JDAV79B7ET5C3AA9P297HGKD,2024-11-22T21:48:04.159924843Z,true,2024-11-22T21:52:12.191971871Z,01JDAV79BJ6R265FKS66G54524,2024-11-22T21:48:04.159924843Z,8,2024-11-22T21:48:04.159924843Z,7,2024-11-22T21:48:04.159924843Z,Round 8 / 8,2024-11-22T21:48:04.159924843Z,1,2024-11-22T21:48:04.798555215Z,true,2024-11-22T21:51:47.823808407Z,Chat,2024-11-22T21:48:04.159924843Z
01JDAWFFTF0JW46K5BB9P2SPWD,01JDAW9GPCZARVGSZPJQ1SCPAH,2024-11-22T21:29:34.287518001Z,true,2024-11-22T21:31:25.360559432Z,01JDAW9GQ7KA89AWGC4MHJF0YS,2024-11-22T21:29:34.287518001Z,3,2024-11-22T21:29:34.287518001Z,2,2024-11-22T21:29:34.287518001Z,Round 3 / 8,2024-11-22T21:29:34.287518001Z,1,2024-11-22T21:29:34.454906227Z,true,2024-11-22T21:30:59.386520092Z,Chat,2024-11-22T21:29:34.287518001Z
01JDAXHBJHAVVQPFKVKVQ97007,01JDAV79B7ET5C3AA9P297HGKD,2024-11-22T21:48:04.049891002Z,true,2024-11-22T21:50:09.180794648Z,01JDAV79BJ6R265FKS66G54524,2024-11-22T21:48:04.049891002Z,3,2024-11-22T21:48:04.049891002Z,2,2024-11-22T21:48:04.049891002Z,Round 3 / 8,2024-11-22T21:48:04.049891002Z,1,2024-11-22T21:48:04.214808482Z,true,2024-11-22T21:49:38.331098451Z,Chat,2024-11-22T21:48:04.049891002Z
01JDAXSZB5PDXFW6G7CBP27J0B,01JDAXJA6182QATS2H3XGWVF35,2024-11-22T21:52:46.437858949Z,true,2024-11-22T21:54:49.820577276Z,01JDAXJA8JZDPK7XRRAASDQY91,2024-11-22T21:52:46.437858949Z,3,2024-11-22T21:52:46.437858949Z,2,2024-11-22T21:52:46.437858949Z,Round 3 / 8,2024-11-22T21:52:46.437858949Z,1,2024-11-22T21:52:47.032795153Z,true,2024-11-22T21:54:20.132978822Z,Chat,2024-11-22T21:52:46.437858949Z
01JDAXSZDHSHWHM0D1QVQ3N8CA,01JDAXJA6182QATS2H3XGWVF35,2024-11-22T21:52:46.513855163Z,true,2024-11-22T21:55:20.460563871Z,01JDAXJA8JZDPK7XRRAASDQY91,2024-11-22T21:52:46.513855163Z,4,2024-11-22T21:52:46.513855163Z,3,2024-11-22T21:52:46.513855163Z,Round 4 / 8,2024-11-22T21:52:46.513855163Z,1,2024-11-22T21:52:47.167177365Z,true,2024-11-22T21:54:49.895854443Z,Chat,2024-11-22T21:52:46.513855163Z
01JDAVR4WAJW2CYZHVCM4KEXK3,01JDAV7NMPR3GW91C3EE80J0N9,2024-11-22T21:16:49.418948424Z,true,2024-11-22T21:17:49.988574836Z,01JDAV7NMYZNX2JP8M9R6XSR3R,2024-11-22T21:16:49.418948424Z,1,2024-11-22T21:16:49.418948424Z,0,2024-11-22T21:16:49.418948424Z,Round 1 / 8,2024-11-22T21:16:49.418948424Z,2,2024-11-22T21:16:49.494616449Z,true,2024-11-22T21:16:49.67168396Z,Chat,2024-11-22T21:16:49.418948424Z
01JDAWN2PC16VFRWJ04ZD4VTF4,01JDAW9FAKM409RDFXY2KD5WCW,2024-11-22T21:32:37.452946514Z,true,2024-11-22T21:35:58.448623558Z,01JDAW9FBDT2PBP0647PHSN8N3,2024-11-22T21:32:37.452946514Z,6,2024-11-22T21:32:37.452946514Z,5,2024-11-22T21:32:37.452946514Z,Round 6 / 8,2024-11-22T21:32:37.452946514Z,1,2024-11-22T21:32:37.647890592Z,true,2024-11-22T21:35:39.892913937Z,Chat,2024-11-22T21:32:37.452946514Z
01JDAVY9H4J7X1W4QMGNVG2A42,01JDAV7G8TQTKPZVSCPYST9866,2024-11-22T21:20:10.788249849Z,true,2024-11-22T21:22:59.028892355Z,01JDAV7G93PEQKN7EKG9SYPNXF,2024-11-22T21:20:10.788249849Z,5,2024-11-22T21:20:10.788249849Z,4,2024-11-22T21:20:10.788249849Z,Round 5 / 8,2024-11-22T21:20:10.788249849Z,1,2024-11-22T21:20:10.832703363Z,true,2024-11-22T21:22:28.878901048Z,Chat,2024-11-22T21:20:10.788249849Z
01JDAVZD3ZT51SPV4YGECJ8CPM,01JDAV7EZCZG4X83SX62XDSNV8,2024-11-22T21:20:47.23176597Z,true,2024-11-22T21:23:44.003125435Z,01JDAV7EZQJ4EREN1RCQ4RZS8E,2024-11-22T21:20:47.23176597Z,5,2024-11-22T21:20:47.23176597Z,4,2024-11-22T21:20:47.23176597Z,Round 5 / 8,2024-11-22T21:20:47.23176597Z,1,2024-11-22T21:20:47.365290068Z,true,2024-11-22T21:23:13.840891776Z,Chat,2024-11-22T21:20:47.23176597Z
01JDAWBV5E3EZ53S4C73N99ZEP,01JDAV7A23J19NYW1G1M51MRS7,2024-11-22T21:27:34.831021086Z,true,2024-11-22T21:30:07.431195243Z,01JDAV7A2CN94NGM529SW3NX2Q,2024-11-22T21:27:34.831021086Z,5,2024-11-22T21:27:34.831021086Z,4,2024-11-22T21:27:34.831021086Z,Round 5 / 8,2024-11-22T21:27:34.831021086Z,1,2024-11-22T21:27:34.96803653Z,true,2024-11-22T21:29:52.376312908Z,Chat,2024-11-22T21:27:34.831021086Z
01JDAXGCSJT9T64PAVSHJTQ6M7,01JDAW91RVAWDE15G9TQ9RXZQ4,2024-11-22T21:47:32.530229961Z,true,2024-11-22T21:50:27.491578071Z,01JDAW91SHMMAZ5PMS6NNQNRNA,2024-11-22T21:47:32.530229961Z,5,2024-11-22T21:47:32.530229961Z,4,2024-11-22T21:47:32.530229961Z,Round 5 / 8,2024-11-22T21:47:32.530229961Z,1,2024-11-22T21:47:33.241254309Z,true,2024-11-22T21:49:56.937935372Z,Chat,2024-11-22T21:47:32.530229961Z
01JDAVSGWF91EXNH1TG2122R9B,01JDAV7K2MG6SSZXXQWX9AWKTB,2024-11-22T21:17:34.479304801Z,true,2024-11-22T21:20:29.884771703Z,01JDAV7K2WMABF7X36GP6WAQTP,2024-11-22T21:17:34.479304801Z,5,2024-11-22T21:17:34.479304801Z,4,2024-11-22T21:17:34.479304801Z,Round 5 / 8,2024-11-22T21:17:34.479304801Z,1,2024-11-22T21:17:34.665309929Z,true,2024-11-22T21:20:01.380304084Z,Chat,2024-11-22T21:17:34.479304801Z
01JDAVZD3VTBQV43YP890X7V35,01JDAV7EZCZG4X83SX62XDSNV8,2024-11-22T21:20:47.228010589Z,true,2024-11-22T21:23:13.819961588Z,01JDAV7EZQJ4EREN1RCQ4RZS8E,2024-11-22T21:20:47.228010589Z,4,2024-11-22T21:20:47.228010589Z,3,2024-11-22T21:20:47.228010589Z,Round 4 / 8,2024-11-22T21:20:47.228010589Z,1,2024-11-22T21:20:47.264085685Z,true,2024-11-22T21:22:43.665519421Z,Chat,2024-11-22T21:20:47.228010589Z
01JDAWNPGBKCY26ACWRJD895PR,01JDAW96KWSR5R3AY2AYYD7GPH,2024-11-22T21:32:57.739762892Z,true,2024-11-22T21:36:54.156557629Z,01JDAW96MVCT4KSAYSSRCMYG4J,2024-11-22T21:32:57.739762892Z,8,2024-11-22T21:32:57.739762892Z,7,2024-11-22T21:32:57.739762892Z,Round 8 / 8,2024-11-22T21:32:57.739762892Z,1,2024-11-22T21:32:58.154293451Z,true,2024-11-22T21:36:26.619381935Z,Chat,2024-11-22T21:32:57.739762892Z
01JDAW633DP8GBQBNFGMFKKPVH,01JDAV7CMRW7XHY88WC9DBQES6,2024-11-22T21:24:26.349558788Z,true,2024-11-22T21:25:57.161306593Z,01JDAV7CN2D9MAQ6ZK8X7YT6AW,2024-11-22T21:24:26.349558788Z,2,2024-11-22T21:24:26.349558788Z,1,2024-11-22T21:24:26.349558788Z,Round 2 / 8,2024-11-22T21:24:26.349558788Z,1,2024-11-22T21:24:26.455781778Z,true,2024-11-22T21:25:27.000703362Z,Chat,2024-11-22T21:24:26.349558788Z
01JDAXHBJ06K2N81Q3J272DZN7,01JDAV79B7ET5C3AA9P297HGKD,2024-11-22T21:48:04.03234047Z,true,2024-11-22T21:49:38.245563178Z,01JDAV79BJ6R265FKS66G54524,2024-11-22T21:48:04.03234047Z,2,2024-11-22T21:48:04.03234047Z,1,2024-11-22T21:48:04.03234047Z,Round 2 / 8,2024-11-22T21:48:04.03234047Z,1,2024-11-22T21:48:04.573674521Z,true,2024-11-22T21:49:06.536070426Z,Chat,2024-11-22T21:48:04.03234047Z
01JDAXY4GKVA95925DY73DXT1B,01JDAXJ8MTD357BJ284YCVQECZ,2024-11-22T21:55:02.803485664Z,true,2024-11-22T21:57:01.076838415Z,01JDAXJ8PR73ZPZYE5KXF66AXZ,2024-11-22T21:55:02.803485664Z,3,2024-11-22T21:55:02.803485664Z,2,2024-11-22T21:55:02.803485664Z,Round 3 / 8,2024-11-22T21:55:02.803485664Z,1,2024-11-22T21:55:04.30575327Z,true,2024-11-22T21:56:33.444547318Z,Chat,2024-11-22T21:55:02.803485664Z
01JDAWN2NRDC9ZRK0PMNK44YFJ,01JDAW9FAKM409RDFXY2KD5WCW,2024-11-22T21:32:37.432668941Z,true,2024-11-22T21:34:09.02030828Z,01JDAW9FBDT2PBP0647PHSN8N3,2024-11-22T21:32:37.432668941Z,2,2024-11-22T21:32:37.432668941Z,1,2024-11-22T21:32:37.432668941Z,Round 2 / 8,2024-11-22T21:32:37.432668941Z,1,2024-11-22T21:32:37.627198968Z,true,2024-11-22T21:33:38.610925956Z,Chat,2024-11-22T21:32:37.432668941Z
01JDAWN2Q4YV97347JTYTM7TW6,01JDAW9FAKM409RDFXY2KD5WCW,2024-11-22T21:32:37.476994596Z,true,2024-11-22T21:36:19.328582667Z,01JDAW9FBDT2PBP0647PHSN8N3,2024-11-22T21:32:37.476994596Z,7,2024-11-22T21:32:37.476994596Z,6,2024-11-22T21:32:37.476994596Z,Round 7 / 8,2024-11-22T21:32:37.476994596Z,1,2024-11-22T21:32:37.717928507Z,true,2024-11-22T21:35:58.484473429Z,Chat,2024-11-22T21:32:37.476994596Z
01JDAWNPF8VJ5WPY2JNCK7G7SB,01JDAW96KWSR5R3AY2AYYD7GPH,2024-11-22T21:32:57.704811015Z,true,2024-11-22T21:35:41.740464964Z,01JDAW96MVCT4KSAYSSRCMYG4J,2024-11-22T21:32:57.704811015Z,5,2024-11-22T21:32:57.704811015Z,4,2024-11-22T21:32:57.704811015Z,Round 5 / 8,2024-11-22T21:32:57.704811015Z,1,2024-11-22T21:32:58.085369289Z,true,2024-11-22T21:35:19.980975378Z,Chat,2024-11-22T21:32:57.704811015Z
01JDAXY4CJRWVDRJWTSE8N8CFY,01JDAXJ8MTD357BJ284YCVQECZ,2024-11-22T21:55:02.674220755Z,true,2024-11-22T21:58:57.712630833Z,01JDAXJ8PR73ZPZYE5KXF66AXZ,2024-11-22T21:55:02.674220755Z,7,2024-11-22T21:55:02.674220755Z,6,2024-11-22T21:55:02.674220755Z,Round 7 / 8,2024-11-22T21:55:02.674220755Z,1,2024-11-22T21:55:04.069105661Z,true,2024-11-22T21:58:32.097419901Z,Chat,2024-11-22T21:55:02.674220755Z
01JDAVM7M3Z397DV95XPGH6MH8,01JDAV5VXHJYCN2V0T1M5T8322,2024-11-22T21:14:41.155647356Z,true,2024-11-22T21:18:27.884593703Z,01JDAV5VY93GESTPGN5PE0KCFT,2024-11-22T21:14:41.155647356Z,8,2024-11-22T21:14:41.155647356Z,7,2024-11-22T21:14:41.155647356Z,Round 8 / 8,2024-11-22T21:14:41.155647356Z,1,2024-11-22T21:14:41.317729019Z,true,2024-11-22T21:17:57.772295531Z,Chat,2024-11-22T21:14:41.155647356Z
01JDAVSGW9VGDQNV51889ZG1FS,01JDAV7K2MG6SSZXXQWX9AWKTB,2024-11-22T21:17:34.473174008Z,true,2024-11-22T21:18:30.823177894Z,01JDAV7K2WMABF7X36GP6WAQTP,2024-11-22T21:17:34.473174008Z,1,2024-11-22T21:17:34.473174008Z,0,2024-11-22T21:17:34.473174008Z,Round 1 / 8,2024-11-22T21:17:34.473174008Z,2,2024-11-22T21:17:34.53047262Z,true,2024-11-22T21:17:34.597181461Z,Chat,2024-11-22T21:17:34.473174008Z
01JDAVZD3XFSRJZVTX55CA0B2S,01JDAV7EZCZG4X83SX62XDSNV8,2024-11-22T21:20:47.229798581Z,true,2024-11-22T21:25:14.667282241Z,01JDAV7EZQJ4EREN1RCQ4RZS8E,2024-11-22T21:20:47.229798581Z,8,2024-11-22T21:20:47.229798581Z,7,2024-11-22T21:20:47.229798581Z,Round 8 / 8,2024-11-22T21:20:47.229798581Z,1,2024-11-22T21:20:47.370197828Z,true,2024-11-22T21:24:44.514267691Z,Chat,2024-11-22T21:20:47.229798581Z
01JDAWBV5QMCDN6JCSYSEPBKHD,01JDAV7A23J19NYW1G1M51MRS7,2024-11-22T21:27:34.839582946Z,true,2024-11-22T21:30:30.632333914Z,01JDAV7A2CN94NGM529SW3NX2Q,2024-11-22T21:27:34.839582946Z,6,2024-11-22T21:27:34.839582946Z,5,2024-11-22T21:27:34.839582946Z,Round 6 / 8,2024-11-22T21:27:34.839582946Z,1,2024-11-22T21:27:35.018332543Z,true,2024-11-22T21:30:07.477645854Z,Chat,2024-11-22T21:27:34.839582946Z
01JDAXR3P1VJA0PSFK2QKH4FY7,01JDAXJ5WMH8K5GGX49MEE4HGS,2024-11-22T21:51:45.346009242Z,true,2024-11-22T21:54:35.002126693Z,01JDAXJ5YX38PV4J82MHVAQKN8,2024-11-22T21:51:45.346009242Z,5,2024-11-22T21:51:45.346009242Z,4,2024-11-22T21:51:45.346009242Z,Round 5 / 8,2024-11-22T21:51:45.346009242Z,1,2024-11-22T21:51:45.985999863Z,true,2024-11-22T21:54:18.489993747Z,Chat,2024-11-22T21:51:45.346009242Z
01JDAWBV5ABHSVX4SQXKNVJNX0,01JDAV7A23J19NYW1G1M51MRS7,2024-11-22T21:27:34.826249688Z,true,2024-11-22T21:29:29.324633296Z,01JDAV7A2CN94NGM529SW3NX2Q,2024-11-22T21:27:34.826249688Z,3,2024-11-22T21:27:34.826249688Z,2,2024-11-22T21:27:34.826249688Z,Round 3 / 8,2024-11-22T21:27:34.826249688Z,1,2024-11-22T21:27:34.96803653Z,true,2024-11-22T21:29:02.711987779Z,Chat,2024-11-22T21:27:34.826249688Z
01JDAX0BAZ9H9XAEW7K7XEYZVG,01JDAW94G80F7SDBT65P4GP5BN,2024-11-22T21:38:46.75129528Z,true,2024-11-22T21:40:58.817884465Z,01JDAW94H0XK8KT66PDDYTMTA6,2024-11-22T21:38:46.75129528Z,4,2024-11-22T21:38:46.75129528Z,3,2024-11-22T21:38:46.75129528Z,Round 4 / 8,2024-11-22T21:38:46.75129528Z,1,2024-11-22T21:38:47.205562766Z,true,2024-11-22T21:40:39.980757856Z,Chat,2024-11-22T21:38:46.75129528Z
01JDAX0BCXV0D0JKEHHVSV8T3P,01JDAW94G80F7SDBT65P4GP5BN,2024-11-22T21:38:46.813284905Z,true,2024-11-22T21:41:53.136170976Z,01JDAW94H0XK8KT66PDDYTMTA6,2024-11-22T21:38:46.813284905Z,7,2024-11-22T21:38:46.813284905Z,6,2024-11-22T21:38:46.813284905Z,Round 7 / 8,2024-11-22T21:38:46.813284905Z,1,2024-11-22T21:38:47.362343541Z,true,2024-11-22T21:41:33.170623917Z,Chat,2024-11-22T21:38:46.813284905Z
01JDAXGCT28E8807Y9Y6P1N2NX,01JDAW91RVAWDE15G9TQ9RXZQ4,2024-11-22T21:47:32.546286484Z,true,2024-11-22T21:51:44.545496836Z,01JDAW91SHMMAZ5PMS6NNQNRNA,2024-11-22T21:47:32.546286484Z,8,2024-11-22T21:47:32.546286484Z,7,2024-11-22T21:47:32.546286484Z,Round 8 / 8,2024-11-22T21:47:32.546286484Z,1,2024-11-22T21:47:33.325679624Z,true,2024-11-22T21:51:14.022391308Z,Chat,2024-11-22T21:47:32.546286484Z
01JDAWN2N90942XH4YCTM9NFTC,01JDAW9FAKM409RDFXY2KD5WCW,2024-11-22T21:32:37.417812466Z,true,2024-11-22T21:33:38.569278275Z,01JDAW9FBDT2PBP0647PHSN8N3,2024-11-22T21:32:37.417812466Z,1,2024-11-22T21:32:37.417812466Z,0,2024-11-22T21:32:37.417812466Z,Round 1 / 8,2024-11-22T21:32:37.417812466Z,2,2024-11-22T21:32:37.888568698Z,true,2024-11-22T21:32:38.132183457Z,Chat,2024-11-22T21:32:37.417812466Z
01JDAXR3Q784GY9TDAY1WGM94P,01JDAXJ5WMH8K5GGX49MEE4HGS,2024-11-22T21:51:45.383412692Z,true,2024-11-22T21:55:13.582593982Z,01JDAXJ5YX38PV4J82MHVAQKN8,2024-11-22T21:51:45.383412692Z,7,2024-11-22T21:51:45.383412692Z,6,2024-11-22T21:51:45.383412692Z,Round 7 / 8,2024-11-22T21:51:45.383412692Z,1,2024-11-22T21:51:46.05772072Z,true,2024-11-22T21:54:55.194560351Z,Chat,2024-11-22T21:51:45.383412692Z
