id,config,configLastChangedAt,endedReason,endedReasonLastChangedAt,initialized,initializedLastChangedAt,lobbyConfig,lobbyConfigLastChangedAt,status,statusLastChangedAt
01JD60M912JFJWM8JYACV4MR8B,"{""kind"":""complete"",""config"":{""treatments"":[{""treatment"":{""name"":""SR_interactive"",""factors"":{""condition"":""interactive"",""opinion"":""slider"",""playerCount"":4,""sliderDirection"":""SquirrelsRabbits""}},""count"":1}]}}",2024-11-21T00:05:53.314525573Z,all games finished,2024-11-21T02:13:20.376604966Z,true,2024-11-21T00:05:53.363080894Z,"{""name"":""Default shared fail"",""kind"":""shared"",""duration"":300000000000,""strategy"":""fail""}",2024-11-21T00:05:53.314525573Z,ended,2024-11-21T02:13:20.376604966Z
01JD60MZ6CPQGET09J2C7XEAB9,"{""kind"":""complete"",""config"":{""treatments"":[{""treatment"":{""name"":""SR_interactive"",""factors"":{""condition"":""interactive"",""opinion"":""slider"",""playerCount"":4,""sliderDirection"":""SquirrelsRabbits""}},""count"":1}]}}",2024-11-21T00:06:16.012656205Z,,,true,2024-11-21T00:06:16.075383037Z,"{""name"":""Default shared fail"",""kind"":""shared"",""duration"":300000000000,""strategy"":""fail""}",2024-11-21T00:06:16.012656205Z,terminated,2024-11-21T00:21:13.527359179Z
01JD68CB5GB0ZJF710X8T3AEEH,"{""kind"":""complete"",""config"":{""treatments"":[{""treatment"":{""name"":""SR_interactive"",""factors"":{""condition"":""interactive"",""opinion"":""slider"",""playerCount"":4,""sliderDirection"":""SquirrelsRabbits""}},""count"":1}]}}",2024-11-21T02:21:21.968204732Z,all games finished,2024-11-21T02:59:47.988729155Z,true,2024-11-21T02:21:57.675999021Z,"{""name"":""Default shared fail"",""kind"":""shared"",""duration"":300000000000,""strategy"":""fail""}",2024-11-21T02:21:21.968204732Z,ended,2024-11-21T02:59:47.988729155Z
01JD62MTJHV8DV3HDC5PY7JJQX,"{""kind"":""complete"",""config"":{""treatments"":[{""treatment"":{""name"":""SR_interactive"",""factors"":{""condition"":""interactive"",""opinion"":""slider"",""playerCount"":4,""sliderDirection"":""SquirrelsRabbits""}},""count"":1}]}}",2024-11-21T00:41:08.433598165Z,,,true,2024-11-21T00:41:14.453037191Z,"{""name"":""Default shared fail"",""kind"":""shared"",""duration"":300000000000,""strategy"":""fail""}",2024-11-21T00:41:08.433598165Z,terminated,2024-11-21T01:06:15.810193245Z
01JD62N4FY97KNTKQ6JH99ZTVP,"{""kind"":""complete"",""config"":{""treatments"":[{""treatment"":{""name"":""SR_interactive"",""factors"":{""condition"":""interactive"",""opinion"":""slider"",""playerCount"":4,""sliderDirection"":""SquirrelsRabbits""}},""count"":1}]}}",2024-11-21T00:41:18.590477925Z,,,true,2024-11-21T00:41:38.296374113Z,"{""name"":""Default shared fail"",""kind"":""shared"",""duration"":300000000000,""strategy"":""fail""}",2024-11-21T00:41:18.590477925Z,terminated,2024-11-21T00:57:41.974701954Z
01JD64ZFE4DFSA7GB721BPD2PX,"{""kind"":""complete"",""config"":{""treatments"":[{""treatment"":{""name"":""SR_interactive"",""factors"":{""condition"":""interactive"",""opinion"":""slider"",""playerCount"":4,""sliderDirection"":""SquirrelsRabbits""}},""count"":1}]}}",2024-11-21T01:21:54.628620975Z,all games finished,2024-11-21T01:58:00.106994967Z,true,2024-11-21T01:21:56.375960865Z,"{""name"":""Default shared fail"",""kind"":""shared"",""duration"":300000000000,""strategy"":""fail""}",2024-11-21T01:21:54.628620975Z,ended,2024-11-21T01:58:00.106994967Z
01JD68C381Q98SBF8QZH6PQ3F1,"{""kind"":""complete"",""config"":{""treatments"":[{""treatment"":{""name"":""SR_interactive"",""factors"":{""condition"":""interactive"",""opinion"":""slider"",""playerCount"":4,""sliderDirection"":""SquirrelsRabbits""}},""count"":1}]}}",2024-11-21T02:21:13.858386761Z,,,true,2024-11-21T02:21:22.428665703Z,"{""name"":""Default shared fail"",""kind"":""shared"",""duration"":300000000000,""strategy"":""fail""}",2024-11-21T02:21:13.858386761Z,terminated,2024-11-21T03:13:12.758048556Z
01JD5XW6249QBCB3SSYGV9R5W1,"{""kind"":""complete"",""config"":{""treatments"":[{""treatment"":{""name"":""RS_interactive"",""factors"":{""condition"":""interactive"",""opinion"":""slider"",""playerCount"":4,""sliderDirection"":""RabbitsSquirrels""}},""count"":1}]}}",2024-11-20T23:17:46.692907931Z,,,true,2024-11-20T23:17:46.702008608Z,"{""name"":""Default shared fail"",""kind"":""shared"",""duration"":300000000000,""strategy"":""fail""}",2024-11-20T23:17:46.692907931Z,terminated,2024-11-20T23:49:02.421772684Z
01JD62MY5EH7CHWS35960FWN1N,"{""kind"":""complete"",""config"":{""treatments"":[{""treatment"":{""name"":""SR_interactive"",""factors"":{""condition"":""interactive"",""opinion"":""slider"",""playerCount"":4,""sliderDirection"":""SquirrelsRabbits""}},""count"":1}]}}",2024-11-21T00:41:12.110817174Z,all games finished,2024-11-21T01:16:16.645993695Z,true,2024-11-21T00:41:28.037270437Z,"{""name"":""Default shared fail"",""kind"":""shared"",""duration"":300000000000,""strategy"":""fail""}",2024-11-21T00:41:12.110817174Z,ended,2024-11-21T01:16:16.645993695Z
01JD5XPZTTQNBWPYTYC6XZY6F2,"{""kind"":""complete"",""config"":{""treatments"":[{""treatment"":{""name"":""RS_interactive"",""factors"":{""condition"":""interactive"",""opinion"":""slider"",""playerCount"":4,""sliderDirection"":""RabbitsSquirrels""}},""count"":1}]}}",2024-11-20T23:14:56.474253121Z,all games finished,2024-11-21T00:10:12.123014856Z,true,2024-11-20T23:14:56.491029995Z,"{""name"":""Default shared fail"",""kind"":""shared"",""duration"":300000000000,""strategy"":""fail""}",2024-11-20T23:14:56.474253121Z,ended,2024-11-21T00:10:12.123014856Z
01JD60N50HR2PHY2KBT0EG6R71,"{""kind"":""complete"",""config"":{""treatments"":[{""treatment"":{""name"":""SR_interactive"",""factors"":{""condition"":""interactive"",""opinion"":""slider"",""playerCount"":4,""sliderDirection"":""SquirrelsRabbits""}},""count"":1}]}}",2024-11-21T00:06:21.969622905Z,all games finished,2024-11-21T00:27:18.164763445Z,true,2024-11-21T00:06:22.090485763Z,"{""name"":""Default shared fail"",""kind"":""shared"",""duration"":300000000000,""strategy"":""fail""}",2024-11-21T00:06:21.969622905Z,ended,2024-11-21T00:27:18.164763445Z
01JD60NCVWN9QDCDBV3N0WSMYT,"{""kind"":""complete"",""config"":{""treatments"":[{""treatment"":{""name"":""SR_interactive"",""factors"":{""condition"":""interactive"",""opinion"":""slider"",""playerCount"":4,""sliderDirection"":""SquirrelsRabbits""}},""count"":1}]}}",2024-11-21T00:06:30.01232506Z,all games finished,2024-11-21T00:18:32.92667879Z,true,2024-11-21T00:06:30.598464356Z,"{""name"":""Default shared fail"",""kind"":""shared"",""duration"":300000000000,""strategy"":""fail""}",2024-11-21T00:06:30.01232506Z,ended,2024-11-21T00:18:32.92667879Z
01JD62MW9Z2ABBQKAP2A1WJP4P,"{""kind"":""complete"",""config"":{""treatments"":[{""treatment"":{""name"":""SR_interactive"",""factors"":{""condition"":""interactive"",""opinion"":""slider"",""playerCount"":4,""sliderDirection"":""SquirrelsRabbits""}},""count"":1}]}}",2024-11-21T00:41:10.207315024Z,,,true,2024-11-21T00:41:23.09668617Z,"{""name"":""Default shared fail"",""kind"":""shared"",""duration"":300000000000,""strategy"":""fail""}",2024-11-21T00:41:10.207315024Z,terminated,2024-11-21T01:04:43.195412207Z
01JD60MDFYPBJN4DTVNT7DQCG1,"{""kind"":""complete"",""config"":{""treatments"":[{""treatment"":{""name"":""SR_interactive"",""factors"":{""condition"":""interactive"",""opinion"":""slider"",""playerCount"":4,""sliderDirection"":""SquirrelsRabbits""}},""count"":1}]}}",2024-11-21T00:05:57.8861488Z,all games finished,2024-11-21T02:04:41.242020544Z,true,2024-11-21T00:05:57.928843982Z,"{""name"":""Default shared fail"",""kind"":""shared"",""duration"":300000000000,""strategy"":""fail""}",2024-11-21T00:05:57.8861488Z,ended,2024-11-21T02:04:41.242020544Z
01JD62MWKJ1HTCKDY04VTR0GG7,"{""kind"":""complete"",""config"":{""treatments"":[{""treatment"":{""name"":""SR_interactive"",""factors"":{""condition"":""interactive"",""opinion"":""slider"",""playerCount"":4,""sliderDirection"":""SquirrelsRabbits""}},""count"":1}]}}",2024-11-21T00:41:10.514620959Z,all games finished,2024-11-21T01:18:02.812281061Z,true,2024-11-21T00:41:23.671930929Z,"{""name"":""Default shared fail"",""kind"":""shared"",""duration"":300000000000,""strategy"":""fail""}",2024-11-21T00:41:10.514620959Z,ended,2024-11-21T01:18:02.812281061Z
01JD60MNP50Y5CNX8FJPPVJXCQ,"{""kind"":""complete"",""config"":{""treatments"":[{""treatment"":{""name"":""SR_interactive"",""factors"":{""condition"":""interactive"",""opinion"":""slider"",""playerCount"":4,""sliderDirection"":""SquirrelsRabbits""}},""count"":1}]}}",2024-11-21T00:06:06.277356915Z,all games finished,2024-11-21T01:52:42.045739101Z,true,2024-11-21T00:06:06.484922002Z,"{""name"":""Default shared fail"",""kind"":""shared"",""duration"":300000000000,""strategy"":""fail""}",2024-11-21T00:06:06.277356915Z,ended,2024-11-21T01:52:42.045739101Z
01JD5XWBFX7986F1N93SW7M3JK,"{""kind"":""complete"",""config"":{""treatments"":[{""treatment"":{""name"":""RS_interactive"",""factors"":{""condition"":""interactive"",""opinion"":""slider"",""playerCount"":4,""sliderDirection"":""RabbitsSquirrels""}},""count"":1}]}}",2024-11-20T23:17:52.254009221Z,all games finished,2024-11-20T23:47:29.696961815Z,true,2024-11-20T23:17:52.264446239Z,"{""name"":""Default shared fail"",""kind"":""shared"",""duration"":300000000000,""strategy"":""fail""}",2024-11-20T23:17:52.254009221Z,ended,2024-11-20T23:47:29.696961815Z
01JD60653M8Z7W5RMAQMPCE0FD,"{""kind"":""complete"",""config"":{""treatments"":[{""treatment"":{""name"":""SR_interactive"",""factors"":{""condition"":""interactive"",""opinion"":""slider"",""playerCount"":4,""sliderDirection"":""SquirrelsRabbits""}},""count"":1}]}}",2024-11-20T23:58:10.548693496Z,,,true,2024-11-20T23:58:10.633739377Z,"{""name"":""Default shared fail"",""kind"":""shared"",""duration"":300000000000,""strategy"":""fail""}",2024-11-20T23:58:10.548693496Z,created,2024-11-20T23:58:10.548693496Z
01JD5ZA139SFKYNZ8PRFQZEP1V,"{""kind"":""complete"",""config"":{""treatments"":[{""treatment"":{""name"":""RS_interactive"",""factors"":{""condition"":""interactive"",""opinion"":""slider"",""playerCount"":4,""sliderDirection"":""RabbitsSquirrels""}},""count"":1}]}}",2024-11-20T23:42:48.937578561Z,all games finished,2024-11-20T23:54:28.433330154Z,true,2024-11-20T23:42:48.963178393Z,"{""name"":""Default shared fail"",""kind"":""shared"",""duration"":300000000000,""strategy"":""fail""}",2024-11-20T23:42:48.937578561Z,ended,2024-11-20T23:54:28.433330154Z
01JD60N0CJSFBPRR8PTC9SNTAS,"{""kind"":""complete"",""config"":{""treatments"":[{""treatment"":{""name"":""SR_interactive"",""factors"":{""condition"":""interactive"",""opinion"":""slider"",""playerCount"":4,""sliderDirection"":""SquirrelsRabbits""}},""count"":1}]}}",2024-11-21T00:06:17.234957463Z,,,true,2024-11-21T00:06:17.300324422Z,"{""name"":""Default shared fail"",""kind"":""shared"",""duration"":300000000000,""strategy"":""fail""}",2024-11-21T00:06:17.234957463Z,terminated,2024-11-21T00:17:22.428340037Z
01JD5XWA2PJMN3RX1JY0AD5TZ3,"{""kind"":""complete"",""config"":{""treatments"":[{""treatment"":{""name"":""RS_interactive"",""factors"":{""condition"":""interactive"",""opinion"":""slider"",""playerCount"":4,""sliderDirection"":""RabbitsSquirrels""}},""count"":1}]}}",2024-11-20T23:17:50.806218141Z,,,true,2024-11-20T23:17:50.814603722Z,"{""name"":""Default shared fail"",""kind"":""shared"",""duration"":300000000000,""strategy"":""fail""}",2024-11-20T23:17:50.806218141Z,terminated,2024-11-20T23:41:46.345407128Z
01JD5XWDFSFEG23QQW5E3RRTY4,"{""kind"":""complete"",""config"":{""treatments"":[{""treatment"":{""name"":""RS_interactive"",""factors"":{""condition"":""interactive"",""opinion"":""slider"",""playerCount"":4,""sliderDirection"":""RabbitsSquirrels""}},""count"":1}]}}",2024-11-20T23:17:54.297243557Z,all games finished,2024-11-20T23:44:01.848050709Z,true,2024-11-20T23:17:54.30746097Z,"{""name"":""Default shared fail"",""kind"":""shared"",""duration"":300000000000,""strategy"":""fail""}",2024-11-20T23:17:54.297243557Z,ended,2024-11-20T23:44:01.848050709Z
01JD68C4W8JNVF28JBBREDPHXD,"{""kind"":""complete"",""config"":{""treatments"":[{""treatment"":{""name"":""SR_interactive"",""factors"":{""condition"":""interactive"",""opinion"":""slider"",""playerCount"":4,""sliderDirection"":""SquirrelsRabbits""}},""count"":1}]}}",2024-11-21T02:21:15.528923075Z,,,true,2024-11-21T02:21:39.68648481Z,"{""name"":""Default shared fail"",""kind"":""shared"",""duration"":300000000000,""strategy"":""fail""}",2024-11-21T02:21:15.528923075Z,terminated,2024-11-21T02:54:39.965266257Z
01JD60N3WZ0RHSJ5PRS8Z9365Z,"{""kind"":""complete"",""config"":{""treatments"":[{""treatment"":{""name"":""SR_interactive"",""factors"":{""condition"":""interactive"",""opinion"":""slider"",""playerCount"":4,""sliderDirection"":""SquirrelsRabbits""}},""count"":1}]}}",2024-11-21T00:06:20.831976009Z,all games finished,2024-11-21T00:27:54.691167396Z,true,2024-11-21T00:06:20.890972887Z,"{""name"":""Default shared fail"",""kind"":""shared"",""duration"":300000000000,""strategy"":""fail""}",2024-11-21T00:06:20.831976009Z,ended,2024-11-21T00:27:54.691167396Z
01JD5XQ26Y7KYFNVG245CNAD6E,"{""kind"":""complete"",""config"":{""treatments"":[{""treatment"":{""name"":""RS_interactive"",""factors"":{""condition"":""interactive"",""opinion"":""slider"",""playerCount"":4,""sliderDirection"":""RabbitsSquirrels""}},""count"":1}]}}",2024-11-20T23:14:58.911008675Z,,,true,2024-11-20T23:14:58.922694557Z,"{""name"":""Default shared fail"",""kind"":""shared"",""duration"":300000000000,""strategy"":""fail""}",2024-11-20T23:14:58.911008675Z,terminated,2024-11-21T00:00:50.062313289Z
01JD68CAQZ40HHJZATHJRECQ1Z,"{""kind"":""complete"",""config"":{""treatments"":[{""treatment"":{""name"":""SR_interactive"",""factors"":{""condition"":""interactive"",""opinion"":""slider"",""playerCount"":4,""sliderDirection"":""SquirrelsRabbits""}},""count"":1}]}}",2024-11-21T02:21:21.535665228Z,all games finished,2024-11-21T03:04:30.089822707Z,true,2024-11-21T02:21:50.017218187Z,"{""name"":""Default shared fail"",""kind"":""shared"",""duration"":300000000000,""strategy"":""fail""}",2024-11-21T02:21:21.535665228Z,ended,2024-11-21T03:04:30.089822707Z
01JD690VCSP73D61HTJANCWNEF,"{""kind"":""complete"",""config"":{""treatments"":[{""treatment"":{""name"":""SR_interactive"",""factors"":{""condition"":""interactive"",""opinion"":""slider"",""playerCount"":4,""sliderDirection"":""SquirrelsRabbits""}},""count"":1}]}}",2024-11-21T02:32:33.945588109Z,,,true,2024-11-21T02:32:41.678627322Z,"{""name"":""Default shared fail"",""kind"":""shared"",""duration"":300000000000,""strategy"":""fail""}",2024-11-21T02:32:33.945588109Z,terminated,2024-11-21T02:45:07.087575766Z
01JD5XQ1CZDPH9DQ5SCKEMYD10,"{""kind"":""complete"",""config"":{""treatments"":[{""treatment"":{""name"":""RS_interactive"",""factors"":{""condition"":""interactive"",""opinion"":""slider"",""playerCount"":4,""sliderDirection"":""RabbitsSquirrels""}},""count"":1}]}}",2024-11-20T23:14:58.079791903Z,all games finished,2024-11-21T00:08:30.882228005Z,true,2024-11-20T23:14:58.091862064Z,"{""name"":""Default shared fail"",""kind"":""shared"",""duration"":300000000000,""strategy"":""fail""}",2024-11-20T23:14:58.079791903Z,ended,2024-11-21T00:08:30.882228005Z
01JD5XW20E04P27C9TTYX3PF1Y,"{""kind"":""complete"",""config"":{""treatments"":[{""treatment"":{""name"":""RS_interactive"",""factors"":{""condition"":""interactive"",""opinion"":""slider"",""playerCount"":4,""sliderDirection"":""RabbitsSquirrels""}},""count"":1}]}}",2024-11-20T23:17:42.542129899Z,all games finished,2024-11-20T23:59:39.81066562Z,true,2024-11-20T23:17:42.555200583Z,"{""name"":""Default shared fail"",""kind"":""shared"",""duration"":300000000000,""strategy"":""fail""}",2024-11-20T23:17:42.542129899Z,ended,2024-11-20T23:59:39.81066562Z
01JD60CAKK2B5VSZTB9QBVP4XT,"{""kind"":""complete"",""config"":{""treatments"":[{""treatment"":{""name"":""RS_interactive"",""factors"":{""condition"":""interactive"",""opinion"":""slider"",""playerCount"":4,""sliderDirection"":""RabbitsSquirrels""}},""count"":1}]}}",2024-11-21T00:01:32.78724322Z,,,true,2024-11-21T00:01:32.865257208Z,"{""name"":""Default shared fail"",""kind"":""shared"",""duration"":300000000000,""strategy"":""fail""}",2024-11-21T00:01:32.78724322Z,terminated,2024-11-21T00:02:07.33992622Z
01JD60N128FFEVP0W9D0XW772H,"{""kind"":""complete"",""config"":{""treatments"":[{""treatment"":{""name"":""SR_interactive"",""factors"":{""condition"":""interactive"",""opinion"":""slider"",""playerCount"":4,""sliderDirection"":""SquirrelsRabbits""}},""count"":1}]}}",2024-11-21T00:06:17.928916833Z,,,true,2024-11-21T00:06:18.090569663Z,"{""name"":""Default shared fail"",""kind"":""shared"",""duration"":300000000000,""strategy"":""fail""}",2024-11-21T00:06:17.928916833Z,terminated,2024-11-21T00:16:49.27381857Z
01JD60MR4MJ4PR6B2W6V0XJF47,"{""kind"":""complete"",""config"":{""treatments"":[{""treatment"":{""name"":""SR_interactive"",""factors"":{""condition"":""interactive"",""opinion"":""slider"",""playerCount"":4,""sliderDirection"":""SquirrelsRabbits""}},""count"":1}]}}",2024-11-21T00:06:08.788540341Z,all games finished,2024-11-21T00:48:24.932005083Z,true,2024-11-21T00:06:08.955959639Z,"{""name"":""Default shared fail"",""kind"":""shared"",""duration"":300000000000,""strategy"":""fail""}",2024-11-21T00:06:08.788540341Z,ended,2024-11-21T00:48:24.932005083Z
01JD60MRVG8ZA0YM8ENS423B2P,"{""kind"":""complete"",""config"":{""treatments"":[{""treatment"":{""name"":""SR_interactive"",""factors"":{""condition"":""interactive"",""opinion"":""slider"",""playerCount"":4,""sliderDirection"":""SquirrelsRabbits""}},""count"":1}]}}",2024-11-21T00:06:09.520095371Z,all games finished,2024-11-21T00:47:59.469348815Z,true,2024-11-21T00:06:09.596552542Z,"{""name"":""Default shared fail"",""kind"":""shared"",""duration"":300000000000,""strategy"":""fail""}",2024-11-21T00:06:09.520095371Z,ended,2024-11-21T00:47:59.469348815Z
01JD60N8WKT5T20PV8560XF4FB,"{""kind"":""complete"",""config"":{""treatments"":[{""treatment"":{""name"":""SR_interactive"",""factors"":{""condition"":""interactive"",""opinion"":""slider"",""playerCount"":4,""sliderDirection"":""SquirrelsRabbits""}},""count"":1}]}}",2024-11-21T00:06:25.939924503Z,,,true,2024-11-21T00:06:26.204207272Z,"{""name"":""Default shared fail"",""kind"":""shared"",""duration"":300000000000,""strategy"":""fail""}",2024-11-21T00:06:25.939924503Z,terminated,2024-11-21T00:11:27.395380797Z
01JD5XWASBBGD92BRSNVQ9RRQ2,"{""kind"":""complete"",""config"":{""treatments"":[{""treatment"":{""name"":""RS_interactive"",""factors"":{""condition"":""interactive"",""opinion"":""slider"",""playerCount"":4,""sliderDirection"":""RabbitsSquirrels""}},""count"":1}]}}",2024-11-20T23:17:51.531710083Z,all games finished,2024-11-20T23:48:10.048767849Z,true,2024-11-20T23:17:51.540386028Z,"{""name"":""Default shared fail"",""kind"":""shared"",""duration"":300000000000,""strategy"":""fail""}",2024-11-20T23:17:51.531710083Z,ended,2024-11-20T23:48:10.048767849Z
01JD60MA8K0R0ACHBX0RF2NYGR,"{""kind"":""complete"",""config"":{""treatments"":[{""treatment"":{""name"":""SR_interactive"",""factors"":{""condition"":""interactive"",""opinion"":""slider"",""playerCount"":4,""sliderDirection"":""SquirrelsRabbits""}},""count"":1}]}}",2024-11-21T00:05:54.579730161Z,,,true,2024-11-21T00:05:54.64264641Z,"{""name"":""Default shared fail"",""kind"":""shared"",""duration"":300000000000,""strategy"":""fail""}",2024-11-21T00:05:54.579730161Z,terminated,2024-11-21T01:49:54.892909874Z
01JD60MAX2CFDJYPSEHMPGY40F,"{""kind"":""complete"",""config"":{""treatments"":[{""treatment"":{""name"":""SR_interactive"",""factors"":{""condition"":""interactive"",""opinion"":""slider"",""playerCount"":4,""sliderDirection"":""SquirrelsRabbits""}},""count"":1}]}}",2024-11-21T00:05:55.234778593Z,,,true,2024-11-21T00:05:55.381493005Z,"{""name"":""Default shared fail"",""kind"":""shared"",""duration"":300000000000,""strategy"":""fail""}",2024-11-21T00:05:55.234778593Z,terminated,2024-11-21T01:47:33.846328218Z
01JD60N6710HY02WYC4PHA37W5,"{""kind"":""complete"",""config"":{""treatments"":[{""treatment"":{""name"":""SR_interactive"",""factors"":{""condition"":""interactive"",""opinion"":""slider"",""playerCount"":4,""sliderDirection"":""SquirrelsRabbits""}},""count"":1}]}}",2024-11-21T00:06:23.202012709Z,all games finished,2024-11-21T00:26:30.549256533Z,true,2024-11-21T00:06:23.323060798Z,"{""name"":""Default shared fail"",""kind"":""shared"",""duration"":300000000000,""strategy"":""fail""}",2024-11-21T00:06:23.202012709Z,ended,2024-11-21T00:26:30.549256533Z
01JD62MMQXD7EKBAF9ME6M0PT4,"{""kind"":""complete"",""config"":{""treatments"":[{""treatment"":{""name"":""SR_interactive"",""factors"":{""condition"":""interactive"",""opinion"":""slider"",""playerCount"":4,""sliderDirection"":""SquirrelsRabbits""}},""count"":1}]}}",2024-11-21T00:41:02.461744256Z,all games finished,2024-11-21T01:41:50.979055469Z,true,2024-11-21T00:41:03.191799327Z,"{""name"":""Default shared fail"",""kind"":""shared"",""duration"":300000000000,""strategy"":""fail""}",2024-11-21T00:41:02.461744256Z,ended,2024-11-21T01:41:50.979055469Z
01JD60N370WAMMKECPST4ESZMM,"{""kind"":""complete"",""config"":{""treatments"":[{""treatment"":{""name"":""SR_interactive"",""factors"":{""condition"":""interactive"",""opinion"":""slider"",""playerCount"":4,""sliderDirection"":""SquirrelsRabbits""}},""count"":1}]}}",2024-11-21T00:06:20.128111744Z,,,true,2024-11-21T00:06:20.191185016Z,"{""name"":""Default shared fail"",""kind"":""shared"",""duration"":300000000000,""strategy"":""fail""}",2024-11-21T00:06:20.128111744Z,terminated,2024-11-21T00:22:04.803940297Z
01JD5XQ424R76YPNZH07JRR8DV,"{""kind"":""complete"",""config"":{""treatments"":[{""treatment"":{""name"":""RS_interactive"",""factors"":{""condition"":""interactive"",""opinion"":""slider"",""playerCount"":4,""sliderDirection"":""RabbitsSquirrels""}},""count"":1}]}}",2024-11-20T23:15:00.804222476Z,all games finished,2024-11-20T23:33:16.963049363Z,true,2024-11-20T23:15:00.814873188Z,"{""name"":""Default shared fail"",""kind"":""shared"",""duration"":300000000000,""strategy"":""fail""}",2024-11-20T23:15:00.804222476Z,ended,2024-11-20T23:33:16.963049363Z
01JD6067AR8RCGY0TRSWPPVRP0,"{""kind"":""complete"",""config"":{""treatments"":[{""treatment"":{""name"":""SR_interactive"",""factors"":{""condition"":""interactive"",""opinion"":""slider"",""playerCount"":4,""sliderDirection"":""SquirrelsRabbits""}},""count"":1}]}}",2024-11-20T23:58:12.824522726Z,all games finished,2024-11-21T00:16:24.569428332Z,true,2024-11-20T23:58:12.888674819Z,"{""name"":""Default shared fail"",""kind"":""shared"",""duration"":300000000000,""strategy"":""fail""}",2024-11-20T23:58:12.824522726Z,ended,2024-11-21T00:16:24.569428332Z
01JD60MYFXED250NQX8PP7HTB1,"{""kind"":""complete"",""config"":{""treatments"":[{""treatment"":{""name"":""SR_interactive"",""factors"":{""condition"":""interactive"",""opinion"":""slider"",""playerCount"":4,""sliderDirection"":""SquirrelsRabbits""}},""count"":1}]}}",2024-11-21T00:06:15.293665786Z,,,true,2024-11-21T00:06:15.387544765Z,"{""name"":""Default shared fail"",""kind"":""shared"",""duration"":300000000000,""strategy"":""fail""}",2024-11-21T00:06:15.293665786Z,terminated,2024-11-21T00:24:32.802775421Z
01JD60MBK47A222WWN76Z58GSK,"{""kind"":""complete"",""config"":{""treatments"":[{""treatment"":{""name"":""SR_interactive"",""factors"":{""condition"":""interactive"",""opinion"":""slider"",""playerCount"":4,""sliderDirection"":""SquirrelsRabbits""}},""count"":1}]}}",2024-11-21T00:05:55.940700016Z,,,true,2024-11-21T00:05:56.076952838Z,"{""name"":""Default shared fail"",""kind"":""shared"",""duration"":300000000000,""strategy"":""fail""}",2024-11-21T00:05:55.940700016Z,terminated,2024-11-21T01:49:29.622078492Z
01JD60MT3H2KZG8ZAED2C833E9,"{""kind"":""complete"",""config"":{""treatments"":[{""treatment"":{""name"":""SR_interactive"",""factors"":{""condition"":""interactive"",""opinion"":""slider"",""playerCount"":4,""sliderDirection"":""SquirrelsRabbits""}},""count"":1}]}}",2024-11-21T00:06:10.801702333Z,all games finished,2024-11-21T00:45:25.371439077Z,true,2024-11-21T00:06:10.909643157Z,"{""name"":""Default shared fail"",""kind"":""shared"",""duration"":300000000000,""strategy"":""fail""}",2024-11-21T00:06:10.801702333Z,ended,2024-11-21T00:45:25.371439077Z
01JD62N5BENVJ530ZS4MD5S0CS,"{""kind"":""complete"",""config"":{""treatments"":[{""treatment"":{""name"":""SR_interactive"",""factors"":{""condition"":""interactive"",""opinion"":""slider"",""playerCount"":4,""sliderDirection"":""SquirrelsRabbits""}},""count"":1}]}}",2024-11-21T00:41:19.470809725Z,all games finished,2024-11-21T01:08:53.472402994Z,true,2024-11-21T00:41:43.402377921Z,"{""name"":""Default shared fail"",""kind"":""shared"",""duration"":300000000000,""strategy"":""fail""}",2024-11-21T00:41:19.470809725Z,ended,2024-11-21T01:08:53.472402994Z
01JD60MC99ATW9D47WTNQ3M3JQ,"{""kind"":""complete"",""config"":{""treatments"":[{""treatment"":{""name"":""SR_interactive"",""factors"":{""condition"":""interactive"",""opinion"":""slider"",""playerCount"":4,""sliderDirection"":""SquirrelsRabbits""}},""count"":1}]}}",2024-11-21T00:05:56.650030257Z,,,true,2024-11-21T00:05:56.745140095Z,"{""name"":""Default shared fail"",""kind"":""shared"",""duration"":300000000000,""strategy"":""fail""}",2024-11-21T00:05:56.650030257Z,terminated,2024-11-21T01:51:06.788495128Z
01JD60MPV0392Q1WZZV3KJZGZK,"{""kind"":""complete"",""config"":{""treatments"":[{""treatment"":{""name"":""SR_interactive"",""factors"":{""condition"":""interactive"",""opinion"":""slider"",""playerCount"":4,""sliderDirection"":""SquirrelsRabbits""}},""count"":1}]}}",2024-11-21T00:06:07.456567034Z,all games finished,2024-11-21T00:49:16.07791744Z,true,2024-11-21T00:06:07.528606113Z,"{""name"":""Default shared fail"",""kind"":""shared"",""duration"":300000000000,""strategy"":""fail""}",2024-11-21T00:06:07.456567034Z,ended,2024-11-21T00:49:16.07791744Z
01JD68CA8X01VH5D8VR1E3RCXH,"{""kind"":""complete"",""config"":{""treatments"":[{""treatment"":{""name"":""SR_interactive"",""factors"":{""condition"":""interactive"",""opinion"":""slider"",""playerCount"":4,""sliderDirection"":""SquirrelsRabbits""}},""count"":1}]}}",2024-11-21T02:21:21.054025393Z,all games finished,2024-11-21T03:06:32.739250087Z,true,2024-11-21T02:21:49.403703979Z,"{""name"":""Default shared fail"",""kind"":""shared"",""duration"":300000000000,""strategy"":""fail""}",2024-11-21T02:21:21.054025393Z,ended,2024-11-21T03:06:32.739250087Z
01JD62MQMTE84HCEX61N40M13Y,"{""kind"":""complete"",""config"":{""treatments"":[{""treatment"":{""name"":""SR_interactive"",""factors"":{""condition"":""interactive"",""opinion"":""slider"",""playerCount"":4,""sliderDirection"":""SquirrelsRabbits""}},""count"":1}]}}",2024-11-21T00:41:05.43433433Z,,,true,2024-11-21T00:41:09.318185475Z,"{""name"":""Default shared fail"",""kind"":""shared"",""duration"":300000000000,""strategy"":""fail""}",2024-11-21T00:41:05.43433433Z,terminated,2024-11-21T01:09:12.647541939Z
01JD5XWE6Z1HFVE47MAG1EB7NX,"{""kind"":""complete"",""config"":{""treatments"":[{""treatment"":{""name"":""RS_interactive"",""factors"":{""condition"":""interactive"",""opinion"":""slider"",""playerCount"":4,""sliderDirection"":""RabbitsSquirrels""}},""count"":1}]}}",2024-11-20T23:17:55.039860817Z,all games finished,2024-11-20T23:44:14.012904093Z,true,2024-11-20T23:17:55.047757189Z,"{""name"":""Default shared fail"",""kind"":""shared"",""duration"":300000000000,""strategy"":""fail""}",2024-11-20T23:17:55.039860817Z,ended,2024-11-20T23:44:14.012904093Z
01JD60NA7SN5WMDX1DTX77GFPD,"{""kind"":""complete"",""config"":{""treatments"":[{""treatment"":{""name"":""SR_interactive"",""factors"":{""condition"":""interactive"",""opinion"":""slider"",""playerCount"":4,""sliderDirection"":""SquirrelsRabbits""}},""count"":1}]}}",2024-11-21T00:06:27.32119546Z,all games finished,2024-11-21T00:22:46.385750744Z,true,2024-11-21T00:06:27.766980978Z,"{""name"":""Default shared fail"",""kind"":""shared"",""duration"":300000000000,""strategy"":""fail""}",2024-11-21T00:06:27.32119546Z,ended,2024-11-21T00:22:46.385750744Z
01JD62MSM3N46SB7SPR056EWW9,"{""kind"":""complete"",""config"":{""treatments"":[{""treatment"":{""name"":""SR_interactive"",""factors"":{""condition"":""interactive"",""opinion"":""slider"",""playerCount"":4,""sliderDirection"":""SquirrelsRabbits""}},""count"":1}]}}",2024-11-21T00:41:07.459536384Z,,,true,2024-11-21T00:41:13.489805967Z,"{""name"":""Default shared fail"",""kind"":""shared"",""duration"":300000000000,""strategy"":""fail""}",2024-11-21T00:41:07.459536384Z,terminated,2024-11-21T01:05:56.712289509Z
01JD5XW0ZHG8VG1ZG6HQD2QKF0,"{""kind"":""complete"",""config"":{""treatments"":[{""treatment"":{""name"":""RS_interactive"",""factors"":{""condition"":""interactive"",""opinion"":""slider"",""playerCount"":4,""sliderDirection"":""RabbitsSquirrels""}},""count"":1}]}}",2024-11-20T23:17:41.489440691Z,all games finished,2024-11-21T00:02:09.471555411Z,true,2024-11-20T23:17:41.502094533Z,"{""name"":""Default shared fail"",""kind"":""shared"",""duration"":300000000000,""strategy"":""fail""}",2024-11-20T23:17:41.489440691Z,ended,2024-11-21T00:02:09.471555411Z
01JD64ZBH2G0PQVSVW9Q8ZKZRG,"{""kind"":""complete"",""config"":{""treatments"":[{""treatment"":{""name"":""SR_interactive"",""factors"":{""condition"":""interactive"",""opinion"":""slider"",""playerCount"":4,""sliderDirection"":""SquirrelsRabbits""}},""count"":1}]}}",2024-11-21T01:21:50.626585188Z,all games finished,2024-11-21T02:00:05.765694998Z,true,2024-11-21T01:21:51.589649436Z,"{""name"":""Default shared fail"",""kind"":""shared"",""duration"":300000000000,""strategy"":""fail""}",2024-11-21T01:21:50.626585188Z,ended,2024-11-21T02:00:05.765694998Z
01JD6067ZZXXQJZCXKM13K4JF4,"{""kind"":""complete"",""config"":{""treatments"":[{""treatment"":{""name"":""SR_interactive"",""factors"":{""condition"":""interactive"",""opinion"":""slider"",""playerCount"":4,""sliderDirection"":""SquirrelsRabbits""}},""count"":1}]}}",2024-11-20T23:58:13.503370046Z,,,true,2024-11-20T23:58:13.580147491Z,"{""name"":""Default shared fail"",""kind"":""shared"",""duration"":300000000000,""strategy"":""fail""}",2024-11-20T23:58:13.503370046Z,terminated,2024-11-21T00:01:11.769123556Z
01JD60M8CQ32C55ZWX68TDQ62P,"{""kind"":""complete"",""config"":{""treatments"":[{""treatment"":{""name"":""SR_interactive"",""factors"":{""condition"":""interactive"",""opinion"":""slider"",""playerCount"":4,""sliderDirection"":""SquirrelsRabbits""}},""count"":1}]}}",2024-11-21T00:05:52.663832871Z,all games finished,2024-11-21T02:33:51.865416096Z,true,2024-11-21T00:05:52.761306773Z,"{""name"":""Default shared fail"",""kind"":""shared"",""duration"":300000000000,""strategy"":""fail""}",2024-11-21T00:05:52.663832871Z,ended,2024-11-21T02:33:51.865416096Z
01JD68C4D8YK1XX95ZP85A1B3K,"{""kind"":""complete"",""config"":{""treatments"":[{""treatment"":{""name"":""SR_interactive"",""factors"":{""condition"":""interactive"",""opinion"":""slider"",""playerCount"":4,""sliderDirection"":""SquirrelsRabbits""}},""count"":1}]}}",2024-11-21T02:21:15.048765958Z,,,true,2024-11-21T02:21:30.03619263Z,"{""name"":""Default shared fail"",""kind"":""shared"",""duration"":300000000000,""strategy"":""fail""}",2024-11-21T02:21:15.048765958Z,running,2024-11-21T03:04:55.189334615Z
01JD5XQ4Z1Y71HNP98WGT97ST2,"{""kind"":""complete"",""config"":{""treatments"":[{""treatment"":{""name"":""RS_interactive"",""factors"":{""condition"":""interactive"",""opinion"":""slider"",""playerCount"":4,""sliderDirection"":""RabbitsSquirrels""}},""count"":1}]}}",2024-11-20T23:15:01.72938831Z,all games finished,2024-11-20T23:25:52.271716924Z,true,2024-11-20T23:15:01.741583748Z,"{""name"":""Default shared fail"",""kind"":""shared"",""duration"":300000000000,""strategy"":""fail""}",2024-11-20T23:15:01.72938831Z,ended,2024-11-20T23:25:52.271716924Z
01JD60MQETVDRAYZ40YQFJ43YC,"{""kind"":""complete"",""config"":{""treatments"":[{""treatment"":{""name"":""SR_interactive"",""factors"":{""condition"":""interactive"",""opinion"":""slider"",""playerCount"":4,""sliderDirection"":""SquirrelsRabbits""}},""count"":1}]}}",2024-11-21T00:06:08.09034476Z,,,true,2024-11-21T00:06:08.226751516Z,"{""name"":""Default shared fail"",""kind"":""shared"",""duration"":300000000000,""strategy"":""fail""}",2024-11-21T00:06:08.09034476Z,terminated,2024-11-21T00:36:27.645642633Z
01JD60MVCGZG4HRQSZ7HEC02A3,"{""kind"":""complete"",""config"":{""treatments"":[{""treatment"":{""name"":""SR_interactive"",""factors"":{""condition"":""interactive"",""opinion"":""slider"",""playerCount"":4,""sliderDirection"":""SquirrelsRabbits""}},""count"":1}]}}",2024-11-21T00:06:12.112267204Z,,,true,2024-11-21T00:06:12.269853175Z,"{""name"":""Default shared fail"",""kind"":""shared"",""duration"":300000000000,""strategy"":""fail""}",2024-11-21T00:06:12.112267204Z,terminated,2024-11-21T00:24:55.03862649Z
01JD5XW3TEPJ38TDDHMJWAZ5XG,"{""kind"":""complete"",""config"":{""treatments"":[{""treatment"":{""name"":""RS_interactive"",""factors"":{""condition"":""interactive"",""opinion"":""slider"",""playerCount"":4,""sliderDirection"":""RabbitsSquirrels""}},""count"":1}]}}",2024-11-20T23:17:44.398167511Z,,,true,2024-11-20T23:17:44.415638417Z,"{""name"":""Default shared fail"",""kind"":""shared"",""duration"":300000000000,""strategy"":""fail""}",2024-11-20T23:17:44.398167511Z,terminated,2024-11-20T23:55:24.709516319Z
01JD60663MA59A3Z1SA83BSFJ6,"{""kind"":""complete"",""config"":{""treatments"":[{""treatment"":{""name"":""SR_interactive"",""factors"":{""condition"":""interactive"",""opinion"":""slider"",""playerCount"":4,""sliderDirection"":""SquirrelsRabbits""}},""count"":1}]}}",2024-11-20T23:58:11.572899958Z,,,true,2024-11-20T23:58:11.678341462Z,"{""name"":""Default shared fail"",""kind"":""shared"",""duration"":300000000000,""strategy"":""fail""}",2024-11-20T23:58:11.572899958Z,created,2024-11-20T23:58:11.572899958Z
01JD60MFZC0SD9PHXTD58MW9QF,"{""kind"":""complete"",""config"":{""treatments"":[{""treatment"":{""name"":""SR_interactive"",""factors"":{""condition"":""interactive"",""opinion"":""slider"",""playerCount"":4,""sliderDirection"":""SquirrelsRabbits""}},""count"":1}]}}",2024-11-21T00:06:00.428931504Z,all games finished,2024-11-21T01:35:06.050244128Z,true,2024-11-21T00:06:00.5665788Z,"{""name"":""Default shared fail"",""kind"":""shared"",""duration"":300000000000,""strategy"":""fail""}",2024-11-21T00:06:00.428931504Z,ended,2024-11-21T01:35:06.050244128Z
01JD60MGKGFQG5787VZ8DD5FW2,"{""kind"":""complete"",""config"":{""treatments"":[{""treatment"":{""name"":""SR_interactive"",""factors"":{""condition"":""interactive"",""opinion"":""slider"",""playerCount"":4,""sliderDirection"":""SquirrelsRabbits""}},""count"":1}]}}",2024-11-21T00:06:01.072635243Z,all games finished,2024-11-21T01:54:47.077928514Z,true,2024-11-21T00:06:01.224659569Z,"{""name"":""Default shared fail"",""kind"":""shared"",""duration"":300000000000,""strategy"":""fail""}",2024-11-21T00:06:01.072635243Z,ended,2024-11-21T01:54:47.077928514Z
01JD5XWFK3723B7ZVWQ8RQTN09,"{""kind"":""complete"",""config"":{""treatments"":[{""treatment"":{""name"":""RS_interactive"",""factors"":{""condition"":""interactive"",""opinion"":""slider"",""playerCount"":4,""sliderDirection"":""RabbitsSquirrels""}},""count"":1}]}}",2024-11-20T23:17:56.451192258Z,all games finished,2024-11-20T23:42:09.579007504Z,true,2024-11-20T23:17:56.458974415Z,"{""name"":""Default shared fail"",""kind"":""shared"",""duration"":300000000000,""strategy"":""fail""}",2024-11-20T23:17:56.451192258Z,ended,2024-11-20T23:42:09.579007504Z
01JD5XXQ66EY3RN40WK6MEPQVP,"{""kind"":""complete"",""config"":{""treatments"":[{""treatment"":{""name"":""SR_interactive"",""factors"":{""condition"":""interactive"",""opinion"":""slider"",""playerCount"":4,""sliderDirection"":""SquirrelsRabbits""}},""count"":1}]}}",2024-11-20T23:18:36.998608384Z,all games finished,2024-11-20T23:39:47.375926308Z,true,2024-11-20T23:18:37.010309914Z,"{""name"":""Default shared fail"",""kind"":""shared"",""duration"":300000000000,""strategy"":""fail""}",2024-11-20T23:18:36.998608384Z,ended,2024-11-20T23:39:47.375926308Z
01JD68C9ACNW6JNW1MQ6VZPGX8,"{""kind"":""complete"",""config"":{""treatments"":[{""treatment"":{""name"":""SR_interactive"",""factors"":{""condition"":""interactive"",""opinion"":""slider"",""playerCount"":4,""sliderDirection"":""SquirrelsRabbits""}},""count"":1}]}}",2024-11-21T02:21:20.076450362Z,,,true,2024-11-21T02:21:42.774236773Z,"{""name"":""Default shared fail"",""kind"":""shared"",""duration"":300000000000,""strategy"":""fail""}",2024-11-21T02:21:20.076450362Z,terminated,2024-11-21T02:56:16.498151091Z
01JD60MEQTJVTQXWV6CH08ZBB0,"{""kind"":""complete"",""config"":{""treatments"":[{""treatment"":{""name"":""SR_interactive"",""factors"":{""condition"":""interactive"",""opinion"":""slider"",""playerCount"":4,""sliderDirection"":""SquirrelsRabbits""}},""count"":1}]}}",2024-11-21T00:05:59.162752653Z,,,true,2024-11-21T00:05:59.211656484Z,"{""name"":""Default shared fail"",""kind"":""shared"",""duration"":300000000000,""strategy"":""fail""}",2024-11-21T00:05:59.162752653Z,terminated,2024-11-21T01:38:42.104272874Z
01JD60N77JCWF3R2WNTV53KSZE,"{""kind"":""complete"",""config"":{""treatments"":[{""treatment"":{""name"":""SR_interactive"",""factors"":{""condition"":""interactive"",""opinion"":""slider"",""playerCount"":4,""sliderDirection"":""SquirrelsRabbits""}},""count"":1}]}}",2024-11-21T00:06:24.242855626Z,all games finished,2024-11-21T00:26:12.488833872Z,true,2024-11-21T00:06:24.366374981Z,"{""name"":""Default shared fail"",""kind"":""shared"",""duration"":300000000000,""strategy"":""fail""}",2024-11-21T00:06:24.242855626Z,ended,2024-11-21T00:26:12.488833872Z
01JD5XW5AXX5GKZFRCDDYQ1QBB,"{""kind"":""complete"",""config"":{""treatments"":[{""treatment"":{""name"":""RS_interactive"",""factors"":{""condition"":""interactive"",""opinion"":""slider"",""playerCount"":4,""sliderDirection"":""RabbitsSquirrels""}},""count"":1}]}}",2024-11-20T23:17:45.949504083Z,all games finished,2024-11-20T23:53:15.566395104Z,true,2024-11-20T23:17:45.957812271Z,"{""name"":""Default shared fail"",""kind"":""shared"",""duration"":300000000000,""strategy"":""fail""}",2024-11-20T23:17:45.949504083Z,ended,2024-11-20T23:53:15.566395104Z
01JD5XW8077G8SF374Q2GKPTW8,"{""kind"":""complete"",""config"":{""treatments"":[{""treatment"":{""name"":""RS_interactive"",""factors"":{""condition"":""interactive"",""opinion"":""slider"",""playerCount"":4,""sliderDirection"":""RabbitsSquirrels""}},""count"":1}]}}",2024-11-20T23:17:48.679988087Z,,,true,2024-11-20T23:17:48.689155671Z,"{""name"":""Default shared fail"",""kind"":""shared"",""duration"":300000000000,""strategy"":""fail""}",2024-11-20T23:17:48.679988087Z,terminated,2024-11-20T23:40:22.612190613Z
01JD60MCWR9VYWES3B6KTHXBMP,"{""kind"":""complete"",""config"":{""treatments"":[{""treatment"":{""name"":""SR_interactive"",""factors"":{""condition"":""interactive"",""opinion"":""slider"",""playerCount"":4,""sliderDirection"":""SquirrelsRabbits""}},""count"":1}]}}",2024-11-21T00:05:57.272150087Z,,,true,2024-11-21T00:05:57.313228791Z,"{""name"":""Default shared fail"",""kind"":""shared"",""duration"":300000000000,""strategy"":""fail""}",2024-11-21T00:05:57.272150087Z,terminated,2024-11-21T01:45:16.61003851Z
01JD60MP8Q0WTJ4MPH2261KRC4,"{""kind"":""complete"",""config"":{""treatments"":[{""treatment"":{""name"":""SR_interactive"",""factors"":{""condition"":""interactive"",""opinion"":""slider"",""playerCount"":4,""sliderDirection"":""SquirrelsRabbits""}},""count"":1}]}}",2024-11-21T00:06:06.871407545Z,,,true,2024-11-21T00:06:07.067711891Z,"{""name"":""Default shared fail"",""kind"":""shared"",""duration"":300000000000,""strategy"":""fail""}",2024-11-21T00:06:06.871407545Z,terminated,2024-11-21T00:39:06.020328335Z
01JD5XW304TDFTMPK6MZPMZ4FT,"{""kind"":""complete"",""config"":{""treatments"":[{""treatment"":{""name"":""RS_interactive"",""factors"":{""condition"":""interactive"",""opinion"":""slider"",""playerCount"":4,""sliderDirection"":""RabbitsSquirrels""}},""count"":1}]}}",2024-11-20T23:17:43.566180875Z,all games finished,2024-11-20T23:59:33.194466163Z,true,2024-11-20T23:17:43.578599552Z,"{""name"":""Default shared fail"",""kind"":""shared"",""duration"":300000000000,""strategy"":""fail""}",2024-11-20T23:17:43.566180875Z,ended,2024-11-20T23:59:33.194466163Z
01JD5XWC5HERT0QD2Y66XQ7KR1,"{""kind"":""complete"",""config"":{""treatments"":[{""treatment"":{""name"":""RS_interactive"",""factors"":{""condition"":""interactive"",""opinion"":""slider"",""playerCount"":4,""sliderDirection"":""RabbitsSquirrels""}},""count"":1}]}}",2024-11-20T23:17:52.945100725Z,all games finished,2024-11-20T23:47:00.405875491Z,true,2024-11-20T23:17:52.952559117Z,"{""name"":""Default shared fail"",""kind"":""shared"",""duration"":300000000000,""strategy"":""fail""}",2024-11-20T23:17:52.945100725Z,ended,2024-11-20T23:47:00.405875491Z
01JD60N2JJE740RPZ5MS4ZB5PW,"{""kind"":""complete"",""config"":{""treatments"":[{""treatment"":{""name"":""SR_interactive"",""factors"":{""condition"":""interactive"",""opinion"":""slider"",""playerCount"":4,""sliderDirection"":""SquirrelsRabbits""}},""count"":1}]}}",2024-11-21T00:06:19.474986683Z,all games finished,2024-11-21T00:28:32.856461105Z,true,2024-11-21T00:06:19.53881449Z,"{""name"":""Default shared fail"",""kind"":""shared"",""duration"":300000000000,""strategy"":""fail""}",2024-11-21T00:06:19.474986683Z,ended,2024-11-21T00:28:32.856461105Z
01JD62N3P7RFXRD0ET0GD4VQEH,"{""kind"":""complete"",""config"":{""treatments"":[{""treatment"":{""name"":""SR_interactive"",""factors"":{""condition"":""interactive"",""opinion"":""slider"",""playerCount"":4,""sliderDirection"":""SquirrelsRabbits""}},""count"":1}]}}",2024-11-21T00:41:17.767799188Z,all games finished,2024-11-21T01:13:52.18045142Z,true,2024-11-21T00:41:38.68591678Z,"{""name"":""Default shared fail"",""kind"":""shared"",""duration"":300000000000,""strategy"":""fail""}",2024-11-21T00:41:17.767799188Z,ended,2024-11-21T01:13:52.18045142Z
01JD60NBGPPEVY9NEY312RMG00,"{""kind"":""complete"",""config"":{""treatments"":[{""treatment"":{""name"":""SR_interactive"",""factors"":{""condition"":""interactive"",""opinion"":""slider"",""playerCount"":4,""sliderDirection"":""SquirrelsRabbits""}},""count"":1}]}}",2024-11-21T00:06:28.630202239Z,all games finished,2024-11-21T00:19:57.135893869Z,true,2024-11-21T00:06:28.858143779Z,"{""name"":""Default shared fail"",""kind"":""shared"",""duration"":300000000000,""strategy"":""fail""}",2024-11-21T00:06:28.630202239Z,ended,2024-11-21T00:19:57.135893869Z
01JD5XBJ3SQB3RQ407GF6JMDE5,"{""kind"":""complete"",""config"":{""treatments"":[{""treatment"":{""name"":""RS_interactive"",""factors"":{""condition"":""interactive"",""opinion"":""slider"",""playerCount"":4,""sliderDirection"":""RabbitsSquirrels""}},""count"":1}]}}",2024-11-20T23:08:41.97768535Z,,,true,2024-11-20T23:08:42.008323062Z,"{""name"":""Default shared fail"",""kind"":""shared"",""duration"":300000000000,""strategy"":""fail""}",2024-11-20T23:08:41.97768535Z,terminated,2024-11-20T23:14:17.386844125Z
01JD60M7QC86NJC1Y5GYYFH04B,"{""kind"":""complete"",""config"":{""treatments"":[{""treatment"":{""name"":""SR_interactive"",""factors"":{""condition"":""interactive"",""opinion"":""slider"",""playerCount"":4,""sliderDirection"":""SquirrelsRabbits""}},""count"":1}]}}",2024-11-21T00:05:51.980139618Z,all games finished,2024-11-21T02:40:13.271968764Z,true,2024-11-21T00:05:52.052143256Z,"{""name"":""Default shared fail"",""kind"":""shared"",""duration"":300000000000,""strategy"":""fail""}",2024-11-21T00:05:51.980139618Z,ended,2024-11-21T02:40:13.271968764Z
01JD60MTPFHN9PFZVYGD3NZNRJ,"{""kind"":""complete"",""config"":{""treatments"":[{""treatment"":{""name"":""SR_interactive"",""factors"":{""condition"":""interactive"",""opinion"":""slider"",""playerCount"":4,""sliderDirection"":""SquirrelsRabbits""}},""count"":1}]}}",2024-11-21T00:06:11.407336991Z,,,true,2024-11-21T00:06:11.663031656Z,"{""name"":""Default shared fail"",""kind"":""shared"",""duration"":300000000000,""strategy"":""fail""}",2024-11-21T00:06:11.407336991Z,terminated,2024-11-21T00:25:51.939461058Z
01JD5XW4KBXRH4JVGNA84TZAMY,"{""kind"":""complete"",""config"":{""treatments"":[{""treatment"":{""name"":""RS_interactive"",""factors"":{""condition"":""interactive"",""opinion"":""slider"",""playerCount"":4,""sliderDirection"":""RabbitsSquirrels""}},""count"":1}]}}",2024-11-20T23:17:45.195376265Z,all games finished,2024-11-20T23:55:48.863392207Z,true,2024-11-20T23:17:45.207569471Z,"{""name"":""Default shared fail"",""kind"":""shared"",""duration"":300000000000,""strategy"":""fail""}",2024-11-20T23:17:45.195376265Z,ended,2024-11-20T23:55:48.863392207Z
01JD5ZVDD2B34H1FSBN1JBH3SZ,"{""kind"":""complete"",""config"":{""treatments"":[{""treatment"":{""name"":""SR_interactive"",""factors"":{""condition"":""interactive"",""opinion"":""slider"",""playerCount"":4,""sliderDirection"":""SquirrelsRabbits""}},""count"":1}]}}",2024-11-20T23:52:18.594847975Z,,,true,2024-11-20T23:52:18.650748847Z,"{""name"":""Default shared fail"",""kind"":""shared"",""duration"":300000000000,""strategy"":""fail""}",2024-11-20T23:52:18.594847975Z,created,2024-11-20T23:52:18.594847975Z
01JD60BQQR5T7Z3TAK6SEG54J1,"{""kind"":""complete"",""config"":{""treatments"":[{""treatment"":{""name"":""SR_interactive"",""factors"":{""condition"":""interactive"",""opinion"":""slider"",""playerCount"":4,""sliderDirection"":""SquirrelsRabbits""}},""count"":1}]}}",2024-11-21T00:01:13.464150821Z,all games finished,2024-11-21T00:17:42.708690852Z,true,2024-11-21T00:01:13.550008649Z,"{""name"":""Default shared fail"",""kind"":""shared"",""duration"":300000000000,""strategy"":""fail""}",2024-11-21T00:01:13.464150821Z,ended,2024-11-21T00:17:42.708690852Z
01JD60MFC6TT61BX7QNE7YG5KQ,"{""kind"":""complete"",""config"":{""treatments"":[{""treatment"":{""name"":""SR_interactive"",""factors"":{""condition"":""interactive"",""opinion"":""slider"",""playerCount"":4,""sliderDirection"":""SquirrelsRabbits""}},""count"":1}]}}",2024-11-21T00:05:59.814258699Z,,,true,2024-11-21T00:05:59.960337136Z,"{""name"":""Default shared fail"",""kind"":""shared"",""duration"":300000000000,""strategy"":""fail""}",2024-11-21T00:05:59.814258699Z,terminated,2024-11-21T01:34:26.259862743Z
01JD5XWCTT59ADVP0AJ903FRHZ,"{""kind"":""complete"",""config"":{""treatments"":[{""treatment"":{""name"":""RS_interactive"",""factors"":{""condition"":""interactive"",""opinion"":""slider"",""playerCount"":4,""sliderDirection"":""RabbitsSquirrels""}},""count"":1}]}}",2024-11-20T23:17:53.626149705Z,all games finished,2024-11-20T23:44:05.79916202Z,true,2024-11-20T23:17:53.635566618Z,"{""name"":""Default shared fail"",""kind"":""shared"",""duration"":300000000000,""strategy"":""fail""}",2024-11-20T23:17:53.626149705Z,ended,2024-11-20T23:44:05.79916202Z
01JD5XWEWHEBM6AD4QYYMKY3P4,"{""kind"":""complete"",""config"":{""treatments"":[{""treatment"":{""name"":""RS_interactive"",""factors"":{""condition"":""interactive"",""opinion"":""slider"",""playerCount"":4,""sliderDirection"":""RabbitsSquirrels""}},""count"":1}]}}",2024-11-20T23:17:55.729125923Z,all games finished,2024-11-20T23:42:30.617464208Z,true,2024-11-20T23:17:55.739167876Z,"{""name"":""Default shared fail"",""kind"":""shared"",""duration"":300000000000,""strategy"":""fail""}",2024-11-20T23:17:55.729125923Z,ended,2024-11-20T23:42:30.617464208Z
01JD5XQ34Z798M3ESKHQDA5RZJ,"{""kind"":""complete"",""config"":{""treatments"":[{""treatment"":{""name"":""RS_interactive"",""factors"":{""condition"":""interactive"",""opinion"":""slider"",""playerCount"":4,""sliderDirection"":""RabbitsSquirrels""}},""count"":1}]}}",2024-11-20T23:14:59.871456326Z,all games finished,2024-11-21T00:03:23.345249119Z,true,2024-11-20T23:14:59.881422384Z,"{""name"":""Default shared fail"",""kind"":""shared"",""duration"":300000000000,""strategy"":""fail""}",2024-11-20T23:14:59.871456326Z,ended,2024-11-21T00:03:23.345249119Z
01JD6066RNTY5M5XW0JR9ZV652,"{""kind"":""complete"",""config"":{""treatments"":[{""treatment"":{""name"":""SR_interactive"",""factors"":{""condition"":""interactive"",""opinion"":""slider"",""playerCount"":4,""sliderDirection"":""SquirrelsRabbits""}},""count"":1}]}}",2024-11-20T23:58:12.245484596Z,all games finished,2024-11-21T02:57:45.947644899Z,true,2024-11-20T23:58:12.345253109Z,"{""name"":""Default shared fail"",""kind"":""shared"",""duration"":300000000000,""strategy"":""fail""}",2024-11-20T23:58:12.245484596Z,ended,2024-11-21T02:57:45.947644899Z
01JD60MSG2NNDY5MZB4AYDRZA4,"{""kind"":""complete"",""config"":{""treatments"":[{""treatment"":{""name"":""SR_interactive"",""factors"":{""condition"":""interactive"",""opinion"":""slider"",""playerCount"":4,""sliderDirection"":""SquirrelsRabbits""}},""count"":1}]}}",2024-11-21T00:06:10.178094632Z,all games finished,2024-11-21T00:45:58.767850992Z,true,2024-11-21T00:06:10.326250827Z,"{""name"":""Default shared fail"",""kind"":""shared"",""duration"":300000000000,""strategy"":""fail""}",2024-11-21T00:06:10.178094632Z,ended,2024-11-21T00:45:58.767850992Z
01JD60MXQCPYA0QXBEMQKTD9XZ,"{""kind"":""complete"",""config"":{""treatments"":[{""treatment"":{""name"":""SR_interactive"",""factors"":{""condition"":""interactive"",""opinion"":""slider"",""playerCount"":4,""sliderDirection"":""SquirrelsRabbits""}},""count"":1}]}}",2024-11-21T00:06:14.508957599Z,,,true,2024-11-21T00:06:14.565515085Z,"{""name"":""Default shared fail"",""kind"":""shared"",""duration"":300000000000,""strategy"":""fail""}",2024-11-21T00:06:14.508957599Z,terminated,2024-11-21T00:33:06.839929734Z
01JD60MZTZTT7FVFX1DMVDZS6J,"{""kind"":""complete"",""config"":{""treatments"":[{""treatment"":{""name"":""SR_interactive"",""factors"":{""condition"":""interactive"",""opinion"":""slider"",""playerCount"":4,""sliderDirection"":""SquirrelsRabbits""}},""count"":1}]}}",2024-11-21T00:06:16.671509498Z,all games finished,2024-11-21T00:31:47.115837649Z,true,2024-11-21T00:06:16.811588626Z,"{""name"":""Default shared fail"",""kind"":""shared"",""duration"":300000000000,""strategy"":""fail""}",2024-11-21T00:06:16.671509498Z,ended,2024-11-21T00:31:47.115837649Z
01JD60ME3M0Q0EY98P30ENBN2S,"{""kind"":""complete"",""config"":{""treatments"":[{""treatment"":{""name"":""SR_interactive"",""factors"":{""condition"":""interactive"",""opinion"":""slider"",""playerCount"":4,""sliderDirection"":""SquirrelsRabbits""}},""count"":1}]}}",2024-11-21T00:05:58.516118185Z,,,true,2024-11-21T00:05:58.631023499Z,"{""name"":""Default shared fail"",""kind"":""shared"",""duration"":300000000000,""strategy"":""fail""}",2024-11-21T00:05:58.516118185Z,terminated,2024-11-21T01:42:03.92515008Z
01JD62N0QAXZ9XC1PNR6N6TX3M,"{""kind"":""complete"",""config"":{""treatments"":[{""treatment"":{""name"":""SR_interactive"",""factors"":{""condition"":""interactive"",""opinion"":""slider"",""playerCount"":4,""sliderDirection"":""SquirrelsRabbits""}},""count"":1}]}}",2024-11-21T00:41:14.730742686Z,all games finished,2024-11-21T01:16:18.737194052Z,true,2024-11-21T00:41:35.010735521Z,"{""name"":""Default shared fail"",""kind"":""shared"",""duration"":300000000000,""strategy"":""fail""}",2024-11-21T00:41:14.730742686Z,ended,2024-11-21T01:16:18.737194052Z
01JD5XW9FXSBAVGRFEFZ4NCACZ,"{""kind"":""complete"",""config"":{""treatments"":[{""treatment"":{""name"":""RS_interactive"",""factors"":{""condition"":""interactive"",""opinion"":""slider"",""playerCount"":4,""sliderDirection"":""RabbitsSquirrels""}},""count"":1}]}}",2024-11-20T23:17:50.205730529Z,all games finished,2024-11-20T23:50:07.230657646Z,true,2024-11-20T23:17:50.214826634Z,"{""name"":""Default shared fail"",""kind"":""shared"",""duration"":300000000000,""strategy"":""fail""}",2024-11-20T23:17:50.205730529Z,ended,2024-11-20T23:50:07.230657646Z
01JD60M6WS2M71C3NA5HWGYF98,"{""kind"":""complete"",""config"":{""treatments"":[{""treatment"":{""name"":""SR_interactive"",""factors"":{""condition"":""interactive"",""opinion"":""slider"",""playerCount"":4,""sliderDirection"":""SquirrelsRabbits""}},""count"":1}]}}",2024-11-21T00:05:51.12987853Z,all games finished,2024-11-21T02:51:34.664702062Z,true,2024-11-21T00:05:51.173064526Z,"{""name"":""Default shared fail"",""kind"":""shared"",""duration"":300000000000,""strategy"":""fail""}",2024-11-21T00:05:51.12987853Z,ended,2024-11-21T02:51:34.664702062Z
01JD60M9N4ZFV9WGAPB04ZC5ZR,"{""kind"":""complete"",""config"":{""treatments"":[{""treatment"":{""name"":""SR_interactive"",""factors"":{""condition"":""interactive"",""opinion"":""slider"",""playerCount"":4,""sliderDirection"":""SquirrelsRabbits""}},""count"":1}]}}",2024-11-21T00:05:53.956952508Z,all games finished,2024-11-21T02:17:53.061144083Z,true,2024-11-21T00:05:54.047188993Z,"{""name"":""Default shared fail"",""kind"":""shared"",""duration"":300000000000,""strategy"":""fail""}",2024-11-21T00:05:53.956952508Z,ended,2024-11-21T02:17:53.061144083Z
