id,batchID,batchIDLastChangedAt,gameID,gameIDLastChangedAt,playerID,playerIDLastChangedAt
01JD61PD5JNBPGWE51STD7EJ0P,01JD60MXQCPYA0QXBEMQKTD9XZ,2024-11-21T00:24:31.666281157Z,01JD60MXTE3FEEHGDDB7V324MT,2024-11-21T00:24:31.666281157Z,01JD61G9MXSJFNEX87NTDBFTET,2024-11-21T00:24:31.666281157Z
01JD665T1EP2QB1FD7GDX67QNC,01JD60MCWR9VYWES3B6KTHXBMP,2024-11-21T01:42:50.670179136Z,01JD60MCYXBWE024Z00PN0RVBW,2024-11-21T01:42:50.670179136Z,01JD65P475J1NCDGJGSM625KEM,2024-11-21T01:42:50.670179136Z
01JD66GTVFGBEVSP4AJF14ZA9C,01JD60MDFYPBJN4DTVNT7DQCG1,2024-11-21T01:48:51.951750792Z,01JD60MDJN1ADFKA1ST0ANDCM0,2024-11-21T01:48:51.951750792Z,01JD65WWQ3MHNZWZGCXAJDXCK6,2024-11-21T01:48:51.951750792Z
01JD6A9E8EKXTSFZ6JYXF6WWHZ,01JD68C9ACNW6JNW1MQ6VZPGX8,2024-11-21T02:54:43.982939273Z,01JD68CYYTE0FDZ8N8KWNM40EN,2024-11-21T02:54:43.982939273Z,01JD69WX1D28GPN9ZQNRS2H80J,2024-11-21T02:54:43.982939273Z
01JD5YVT57JZ12YG14CBWRJH4M,01JD5XWEWHEBM6AD4QYYMKY3P4,2024-11-20T23:35:03.080043516Z,01JD5XWEWVNM2618E9YBCY3FBE,2024-11-20T23:35:03.080043516Z,01JD5YMY1DA07BTGJBC791QBB6,2024-11-20T23:35:03.080043516Z
01JD605KCJDMFRP5PVRWH5A38V,01JD5XQ26Y7KYFNVG245CNAD6E,2024-11-20T23:57:52.402549052Z,01JD5XQ27BRBFZDWTSWP1EQHWZ,2024-11-20T23:57:52.402549052Z,01JD5ZJ2B1DPXWY8KWGS6R31DS,2024-11-20T23:57:52.402549052Z
01JD66B6RAQF83BWFPH3TFDKPH,01JD60MC99ATW9D47WTNQ3M3JQ,2024-11-21T01:45:47.530769124Z,01JD60MCBAY7QW4DSY020SVNP7,2024-11-21T01:45:47.530769124Z,01JD65TPMZF39YJSEJ2G9J94AB,2024-11-21T01:45:47.530769124Z
01JD66B7AHZ070THMHFWMNC639,01JD60MBK47A222WWN76Z58GSK,2024-11-21T01:45:48.113210551Z,01JD60MBP1ASE5S7NG7KNSSQRW,2024-11-21T01:45:48.113210551Z,01JD65TX4C5Q44H9JRWP6508RG,2024-11-21T01:45:48.113210551Z
01JD6A99849R8NCS4V5ZEZZBEX,01JD68C9ACNW6JNW1MQ6VZPGX8,2024-11-21T02:54:38.853017238Z,01JD68CYYTE0FDZ8N8KWNM40EN,2024-11-21T02:54:38.853017238Z,01JD696SXNYJMX729RZ5KMFN04,2024-11-21T02:54:38.853017238Z
01JD60YP7K5BXMS21S7B8MHWED,01JD60N77JCWF3R2WNTV53KSZE,2024-11-21T00:11:34.515617023Z,01JD60N79W8D6H6FRGYDPMWSGZ,2024-11-21T00:11:34.515617023Z,01JD60QFT5B3EAKCNMJS6M39SQ,2024-11-21T00:11:34.515617023Z
01JD65H41PYRXJ9AZJJ7987QD1,01JD64ZBH2G0PQVSVW9Q8ZKZRG,2024-11-21T01:31:32.790579076Z,01JD64ZCTYKPJ07BZGMZY2GCJA,2024-11-21T01:31:32.790579076Z,01JD64ZZAG06HDKRE3PMH1AX53,2024-11-21T01:31:32.790579076Z
01JD64XMTT1Y85YMPV0W5RYJ1Z,01JD62MMQXD7EKBAF9ME6M0PT4,2024-11-21T01:20:54.618787259Z,01JD62MN0C7F8NBQD4WQQ3Z6PG,2024-11-21T01:20:54.618787259Z,01JD64N2FRTK2WJ4H9YWENS7F7,2024-11-21T01:20:54.618787259Z
01JD65R3WTZGPZC586ZJVMEZ5D,01JD60MFZC0SD9PHXTD58MW9QF,2024-11-21T01:35:22.010439592Z,01JD60MG2M3C43JC4JZPJ5PZHJ,2024-11-21T01:35:22.010439592Z,01JD6538TGQFTV9JGAH76HJ369,2024-11-21T01:35:22.010439592Z
01JD66B1Z52YRSMZSKEKVV5JES,01JD60MC99ATW9D47WTNQ3M3JQ,2024-11-21T01:45:42.629351108Z,01JD60MCBAY7QW4DSY020SVNP7,2024-11-21T01:45:42.629351108Z,01JD65QY2NMQA2NXPC5SXPR691,2024-11-21T01:45:42.629351108Z
01JD68A3A1TXB3X6EWD9NW3FBB,01JD60M7QC86NJC1Y5GYYFH04B,2024-11-21T02:20:08.385123662Z,01JD60M7RST8Z1YGC4J2NQMD0S,2024-11-21T02:20:08.385123662Z,01JD67X7EYYMHG2MJP4ZGCG0DJ,2024-11-21T02:20:08.385123662Z
01JD60PP2HA2BZ55T513YVYZBT,01JD6067AR8RCGY0TRSWPPVRP0,2024-11-21T00:07:12.209928954Z,01JD6067DJZECVV3PJY0FTC1Z7,2024-11-21T00:07:12.209928954Z,01JD60F16B2DRQNS6R4VQJQ1H0,2024-11-21T00:07:12.209928954Z
01JD621YM29H1ME5DZMCA76MXM,01JD60MT3H2KZG8ZAED2C833E9,2024-11-21T00:30:49.986440105Z,01JD60MT8QR3J24SNC64EFT6F0,2024-11-21T00:30:49.986440105Z,01JD61TC4K10P3PZZ4D5WRZ1BJ,2024-11-21T00:30:49.986440105Z
01JD609T8SMMVCQ75BMXKR6BJ1,01JD5XQ1CZDPH9DQ5SCKEMYD10,2024-11-21T00:00:10.521382893Z,01JD5XQ1DBAW28J19Z488E0D26,2024-11-21T00:00:10.521382893Z,01JD6047GQN5WP1M0V4XBFRX6Q,2024-11-21T00:00:10.521382893Z
01JD60TJVS1651DDKZY3AXPYTB,01JD60NBGPPEVY9NEY312RMG00,2024-11-21T00:09:19.993654195Z,01JD60NBWB7SKXC8AFW5RCNAAB,2024-11-21T00:09:19.993654195Z,01JD60EYPEZ0X42ZWHMAA823C8,2024-11-21T00:09:19.993654195Z
01JD61P5K7CNC2WVJMBQ0TA5AR,01JD60MXQCPYA0QXBEMQKTD9XZ,2024-11-21T00:24:23.911578132Z,01JD60MXTE3FEEHGDDB7V324MT,2024-11-21T00:24:23.911578132Z,01JD60YMSCKPW0K5DTGDHX8A7V,2024-11-21T00:24:23.911578132Z
01JD62A374RRFGW390KB06YGDW,01JD60MR4MJ4PR6B2W6V0XJF47,2024-11-21T00:35:16.836369199Z,01JD60MR7NST50ZT9D8W99ARA4,2024-11-21T00:35:16.836369199Z,01JD61VGT80N3FZ796NQA7M7H6,2024-11-21T00:35:16.836369199Z
01JD66BJ3QQ93XKTRNQHHNWJEB,01JD60MBK47A222WWN76Z58GSK,2024-11-21T01:45:59.159623008Z,01JD60MBP1ASE5S7NG7KNSSQRW,2024-11-21T01:45:59.159623008Z,01JD65X31519S18TMQB40JCGRV,2024-11-21T01:45:59.159623008Z
01JD5YYKJABGQ2QAHA7XNFMDE5,01JD5XWDFSFEG23QQW5E3RRTY4,2024-11-20T23:36:34.63481567Z,01JD5XWDG3BBR2NX5X72SSP8RQ,2024-11-20T23:36:34.63481567Z,01JD5YPAYBS14NAWGQNHQ7NPFM,2024-11-20T23:36:34.63481567Z
01JD5Z8NCXJW90YE39SYJ6MJVF,01JD5XW9FXSBAVGRFEFZ4NCACZ,2024-11-20T23:42:04.189940734Z,01JD5XW9G60160R1954QTF1RPP,2024-11-20T23:42:04.189940734Z,01JD5Z3545TGCAV7GJTR060D5F,2024-11-20T23:42:04.189940734Z
01JD651T7EDWNFRMJ6RPY1KHXR,01JD60MNP50Y5CNX8FJPPVJXCQ,2024-11-21T01:23:11.214724585Z,01JD60MNS7HDE04RDZR59PT714,2024-11-21T01:23:11.214724585Z,01JD64R5T0G770TQ5TV2Z65VTD,2024-11-21T01:23:11.214724585Z
01JD60TJYKZANEX931AXF2PN8T,01JD60NBGPPEVY9NEY312RMG00,2024-11-21T00:09:20.083363257Z,01JD60NBWB7SKXC8AFW5RCNAAB,2024-11-21T00:09:20.083363257Z,01JD60G07K96R9XJ7RTDFCX9JN,2024-11-21T00:09:20.083363257Z
01JD639X8SGDYG8FBPS8P3G92J,01JD62N4FY97KNTKQ6JH99ZTVP,2024-11-21T00:52:39.321696901Z,01JD62NQCTR8W08KWEYE6V1N0S,2024-11-21T00:52:39.321696901Z,01JD633EP6K5KTNTK35XR38YZ7,2024-11-21T00:52:39.321696901Z
01JD609T4NJGPBH9Y2CJAYX4J8,01JD5XQ1CZDPH9DQ5SCKEMYD10,2024-11-21T00:00:10.389206118Z,01JD5XQ1DBAW28J19Z488E0D26,2024-11-21T00:00:10.389206118Z,01JD5ZNK9V5S39EE8TM44R3C1K,2024-11-21T00:00:10.389206118Z
01JD609T71FEB3FN2WCZVC9KC2,01JD5XQ1CZDPH9DQ5SCKEMYD10,2024-11-21T00:00:10.465779213Z,01JD5XQ1DBAW28J19Z488E0D26,2024-11-21T00:00:10.465779213Z,01JD601HY1CYNM7NKW9Z4EKSCB,2024-11-21T00:00:10.465779213Z
01JD60D157DWKPEKEJB5CNJ551,01JD5XPZTTQNBWPYTYC6XZY6F2,2024-11-21T00:01:55.879187642Z,01JD5XPZV9CC8VA9TFBWRXAMY4,2024-11-21T00:01:55.879187642Z,01JD5ZK9C00PD75QGCFDA5PC6Q,2024-11-21T00:01:55.879187642Z
01JD626Z4SEGMXE8WWXPY973XD,01JD60MRVG8ZA0YM8ENS423B2P,2024-11-21T00:33:34.362035958Z,01JD60MS1CY2EM0EZ1P5EV3GF3,2024-11-21T00:33:34.362035958Z,01JD61VBMMCY1YPAE3BYDRKA2X,2024-11-21T00:33:34.362035958Z
01JD6405DQCESCJPTBWEXNWWH2,01JD62MTJHV8DV3HDC5PY7JJQX,2024-11-21T01:04:48.567926383Z,01JD62N05BD2N4WXP4GTAC29QQ,2024-11-21T01:04:48.567926383Z,01JD63PWD52KA3ZG2GEVDMK82T,2024-11-21T01:04:48.567926383Z
01JD65M18BCCAHTZ2DMKFRE52P,01JD60MFC6TT61BX7QNE7YG5KQ,2024-11-21T01:33:08.235374568Z,01JD60MFEZEPV0V4S8C7TPZV5W,2024-11-21T01:33:08.235374568Z,01JD658HC8A9BDEBWZQJXE627K,2024-11-21T01:33:08.235374568Z
01JD5YA06YTB6WY66N08WJ4Z5W,01JD5XQ424R76YPNZH07JRR8DV,2024-11-20T23:25:19.454632835Z,01JD5XQ42FS5VWBKPMTMDW48BN,2024-11-20T23:25:19.454632835Z,01JD5XWP625NXM5TT7XR6VF2K9,2024-11-20T23:25:19.454632835Z
01JD5ZVAG1GH11EJQKQFYKQZN4,01JD5XW20E04P27C9TTYX3PF1Y,2024-11-20T23:52:15.617829424Z,01JD5XW20V3YKDFD28VZR1D9HY,2024-11-20T23:52:15.617829424Z,01JD5YJPVDE3MDH8D6VRPZVGE7,2024-11-20T23:52:15.617829424Z
01JD65M1RTRBFKV800S37ER47X,01JD60MFC6TT61BX7QNE7YG5KQ,2024-11-21T01:33:08.762436612Z,01JD60MFEZEPV0V4S8C7TPZV5W,2024-11-21T01:33:08.762436612Z,01JD658W96EXZSKXEECFW8QPZG,2024-11-21T01:33:08.762436612Z
01JD664NT6TTEMC8C5TCBZBYV1,01JD60ME3M0Q0EY98P30ENBN2S,2024-11-21T01:42:13.574429434Z,01JD60ME55729S8V60FHEYTAMJ,2024-11-21T01:42:13.574429434Z,01JD6536SYSH754EY4BQYKAWKN,2024-11-21T01:42:13.574429434Z
01JD62D1Q7C7TFG2ST6A9S3K8Q,01JD60MPV0392Q1WZZV3KJZGZK,2024-11-21T00:36:53.608030648Z,01JD60MQ1K1874EFKTD7VW5KM1,2024-11-21T00:36:53.608030648Z,01JD625SYKG5YMYBT106WGBH17,2024-11-21T00:36:53.608030648Z
01JD66B2F79X2WVNB209VDET14,01JD60MBK47A222WWN76Z58GSK,2024-11-21T01:45:43.144024655Z,01JD60MBP1ASE5S7NG7KNSSQRW,2024-11-21T01:45:43.144024655Z,01JD65QEF1E71Q0CXRKEEZ9NHP,2024-11-21T01:45:43.144024655Z
01JD5YN8ARB0HT6W501F5QYJQ1,01JD5XXQ66EY3RN40WK6MEPQVP,2024-11-20T23:31:28.21616256Z,01JD5XXQ6KM5Z6W4T6H1P8YDAV,2024-11-20T23:31:28.21616256Z,01JD5YDRCHA5JC3KE5EP95B2GZ,2024-11-20T23:31:28.21616256Z
01JD614PH20TQYJJ9VJENBSMMD,01JD60N370WAMMKECPST4ESZMM,2024-11-21T00:14:51.426858148Z,01JD60N3AXABJ9ESBA0QWVG8BY,2024-11-21T00:14:51.426858148Z,01JD60KMJXY6X424TQWFFQQ8KH,2024-11-21T00:14:51.426858148Z
01JD5ZEHDPHJJBRV7CTPHF01D4,01JD5XW5AXX5GKZFRCDDYQ1QBB,2024-11-20T23:45:16.726425327Z,01JD5XW5B4C58E0BV2S12WAC7P,2024-11-20T23:45:16.726425327Z,01JD5Z873W0MZSV7Z2DS85FSZH,2024-11-20T23:45:16.726425327Z
01JD60W92VS4WZ0D6S3EXS2MQ1,01JD60NA7SN5WMDX1DTX77GFPD,2024-11-21T00:10:15.515447362Z,01JD60NAEX2413HP0GW1AS7MG3,2024-11-21T00:10:15.515447362Z,01JD60KTH02895HGD6NTMDV4A7,2024-11-21T00:10:15.515447362Z
01JD63AB9VRJE8FA18K56ED57Z,01JD62N5BENVJ530ZS4MD5S0CS,2024-11-21T00:52:53.691436485Z,01JD62NWCK3NA1DDGW566NMQWD,2024-11-21T00:52:53.691436485Z,01JD6334JY0MWFATRXA31VHC3N,2024-11-21T00:52:53.691436485Z
01JD66B05TD1V9WSVPG21GA2AP,01JD60MBK47A222WWN76Z58GSK,2024-11-21T01:45:40.794995481Z,01JD60MBP1ASE5S7NG7KNSSQRW,2024-11-21T01:45:40.794995481Z,01JD65PR15YN6A13QW625Z34VT,2024-11-21T01:45:40.794995481Z
01JD5XHWC3CDMNRYT23BAQ110H,01JD5XBJ3SQB3RQ407GF6JMDE5,2024-11-20T23:12:09.09167041Z,01JD5XBJ4QJYRCWK3GBE4VKK6B,2024-11-20T23:12:09.09167041Z,01JD5XDK8JVMQTBD1DW18YDHTN,2024-11-20T23:12:09.09167041Z
01JD5YYKJVVDQR9SBKNXNFDXBR,01JD5XWDFSFEG23QQW5E3RRTY4,2024-11-20T23:36:34.651596971Z,01JD5XWDG3BBR2NX5X72SSP8RQ,2024-11-20T23:36:34.651596971Z,01JD5YSMADERRFNAMBEMKX96MR,2024-11-20T23:36:34.651596971Z
01JD6012TK37ZC9DSC3ZX0BAGG,01JD5XQ34Z798M3ESKHQDA5RZJ,2024-11-20T23:55:24.371444171Z,01JD5XQ358Y87ET54AH5K8KFPB,2024-11-20T23:55:24.371444171Z,01JD5ZJE1Z6ZWRQTVH5RT7JTJA,2024-11-20T23:55:24.371444171Z
01JD60W95K2B4ZJQX8ZJ0BFA99,01JD60NA7SN5WMDX1DTX77GFPD,2024-11-21T00:10:15.60359859Z,01JD60NAEX2413HP0GW1AS7MG3,2024-11-21T00:10:15.60359859Z,01JD60MNMXE9R9VJQ7XYAV1YJG,2024-11-21T00:10:15.60359859Z
01JD626ZHHTX4C1FV9Z9YSSQ8N,01JD60MRVG8ZA0YM8ENS423B2P,2024-11-21T00:33:34.769471638Z,01JD60MS1CY2EM0EZ1P5EV3GF3,2024-11-21T00:33:34.769471638Z,01JD61VV2XEZTD7SVV6G90SP3T,2024-11-21T00:33:34.769471638Z
01JD654TBS1ZTKJ9D93B1CZ0AT,01JD60MGKGFQG5787VZ8DD5FW2,2024-11-21T01:24:49.657730746Z,01JD60MGSD96GZNSK48NP4NWMC,2024-11-21T01:24:49.657730746Z,01JD64RR7V8YG8A4Q5CX9A6MYJ,2024-11-21T01:24:49.657730746Z
01JD69J34V0CX84DNK5EX83A5K,01JD68CAQZ40HHJZATHJRECQ1Z,2024-11-21T02:41:58.94000223Z,01JD68D5AA52VA2Q152X1QJTAF,2024-11-21T02:41:58.94000223Z,01JD692DZCM0H4MJDCENBF0D3S,2024-11-21T02:41:58.94000223Z
01JD5YTXSPKTFB4DG449DCE2ZA,01JD5XWFK3723B7ZVWQ8RQTN09,2024-11-20T23:34:34.038077874Z,01JD5XWFKCARD4856TX79QYMJ6,2024-11-20T23:34:34.038077874Z,01JD5YNFMHWKEBP046M8M92NT0,2024-11-20T23:34:34.038077874Z
01JD5ZEHD3PFN233GJ18F3DVK2,01JD5XW5AXX5GKZFRCDDYQ1QBB,2024-11-20T23:45:16.708047525Z,01JD5XW5B4C58E0BV2S12WAC7P,2024-11-20T23:45:16.708047525Z,01JD5Z7X5JA2T2B13T4SNREK1E,2024-11-20T23:45:16.708047525Z
01JD665JBGTXYK5N70478VMT00,01JD60MCWR9VYWES3B6KTHXBMP,2024-11-21T01:42:42.800127009Z,01JD60MCYXBWE024Z00PN0RVBW,2024-11-21T01:42:42.800127009Z,01JD65N87FVEWXDDMGS2N8TQD3,2024-11-21T01:42:42.800127009Z
01JD66BBK3BRJPE2KGEQ3A0KRD,01JD60MC99ATW9D47WTNQ3M3JQ,2024-11-21T01:45:52.483508489Z,01JD60MCBAY7QW4DSY020SVNP7,2024-11-21T01:45:52.483508489Z,01JD65V3F95MR3Q4WARKS89855,2024-11-21T01:45:52.483508489Z
01JD66BEV9ZY6HK064Q1CQ0G4X,01JD60MBK47A222WWN76Z58GSK,2024-11-21T01:45:55.817994873Z,01JD60MBP1ASE5S7NG7KNSSQRW,2024-11-21T01:45:55.817994873Z,01JD65W34TM7H9WQ5DPVM88YP2,2024-11-21T01:45:55.817994873Z
01JD5ZFH02REXKTC675BANB57M,01JD5ZA139SFKYNZ8PRFQZEP1V,2024-11-20T23:45:49.059056281Z,01JD5ZA14KF5W0T8B52MKXMPMK,2024-11-20T23:45:49.059056281Z,01JD5Z8BB0P1EGGJQJBN2SSQ64,2024-11-20T23:45:49.059056281Z
01JD659YKM5N6XWQ5ZSXGME4EZ,01JD64ZFE4DFSA7GB721BPD2PX,2024-11-21T01:27:37.844737069Z,01JD64ZGPF1258T1JXXZVFMC3Y,2024-11-21T01:27:37.844737069Z,01JD64ZS2GYKHKBAWXY5R4AR55,2024-11-21T01:27:37.844737069Z
01JD60TK0PK44ZJY7CF7581XBT,01JD60NBGPPEVY9NEY312RMG00,2024-11-21T00:09:20.15031869Z,01JD60NBWB7SKXC8AFW5RCNAAB,2024-11-21T00:09:20.15031869Z,01JD60M6C5N4QN6YMCWKNTBAHR,2024-11-21T00:09:20.15031869Z
01JD6116Z117PJJNTZMYQNEVHJ,01JD60N50HR2PHY2KBT0EG6R71,2024-11-21T00:12:57.185375906Z,01JD60N52JBSTJWB7TGYSPTFQA,2024-11-21T00:12:57.185375906Z,01JD60RQ0NYY4E5WMWCJ2ETP1V,2024-11-21T00:12:57.185375906Z
01JD621YQK98DDZ1T7YTQWFXM5,01JD60MT3H2KZG8ZAED2C833E9,2024-11-21T00:30:50.099176752Z,01JD60MT8QR3J24SNC64EFT6F0,2024-11-21T00:30:50.099176752Z,01JD61TGX6NR9FFT2QFD51W8AG,2024-11-21T00:30:50.099176752Z
01JD66BEFAQN1KKWEC0QHFMRC4,01JD60MC99ATW9D47WTNQ3M3JQ,2024-11-21T01:45:55.434345814Z,01JD60MCBAY7QW4DSY020SVNP7,2024-11-21T01:45:55.434345814Z,01JD65VAWFGY58AX8VCMQAYCR2,2024-11-21T01:45:55.434345814Z
01JD68MCAYQK4FA16SVMYSQQ2K,01JD60M6WS2M71C3NA5HWGYF98,2024-11-21T02:25:45.310978396Z,01JD60M6ZCHZV6V6KCK0DN3HS8,2024-11-21T02:25:45.310978396Z,01JD67XWE4JY3M94FSN6PHHXCC,2024-11-21T02:25:45.310978396Z
01JD6A97NH43AZQ95XD4X02Y34,01JD68C9ACNW6JNW1MQ6VZPGX8,2024-11-21T02:54:37.233756151Z,01JD68CYYTE0FDZ8N8KWNM40EN,2024-11-21T02:54:37.233756151Z,01JD6960BA7KGKMJ8C4GW6JKAP,2024-11-21T02:54:37.233756151Z
01JD5YZF0N5S40CTSFYWYKPT1Q,01JD5XWCTT59ADVP0AJ903FRHZ,2024-11-20T23:37:02.741966204Z,01JD5XWCV2QGX4D4HTMB3MW7MQ,2024-11-20T23:37:02.741966204Z,01JD5YRR2EXTCC1HPZJ6YG5R9J,2024-11-20T23:37:02.741966204Z
01JD5ZFH0Q8DBS7VN1Q1MKHK0K,01JD5ZA139SFKYNZ8PRFQZEP1V,2024-11-20T23:45:49.079727566Z,01JD5ZA14KF5W0T8B52MKXMPMK,2024-11-20T23:45:49.079727566Z,01JD5Z8CDZNSF0ZSQEVN07EM7M,2024-11-20T23:45:49.079727566Z
01JD60RD0ATCK7EKEDMKFGWPDW,01JD60NCVWN9QDCDBV3N0WSMYT,2024-11-21T00:08:08.458315874Z,01JD60NDAG05Y2E2ADKNVPR45R,2024-11-21T00:08:08.458315874Z,01JD60K71RC5H99DK44HVV0MH5,2024-11-21T00:08:08.458315874Z
01JD62CPHTT1W8RFGTW7CCE179,01JD60MPV0392Q1WZZV3KJZGZK,2024-11-21T00:36:42.170647659Z,01JD60MQ1K1874EFKTD7VW5KM1,2024-11-21T00:36:42.170647659Z,01JD623V7QC5VZ9BVBPM2RJJ3X,2024-11-21T00:36:42.170647659Z
01JD5ZS9CC0MS6EGRG5MPTGX4S,01JD5XW304TDFTMPK6MZPMZ4FT,2024-11-20T23:51:08.940711534Z,01JD5XW30T8JCRGFJH3DCJM83J,2024-11-20T23:51:08.940711534Z,01JD5Z7F7B2A4NNP5DHP5EB2XF,2024-11-20T23:51:08.940711534Z
01JD609T32258R844A0BCZ9BR3,01JD5XQ1CZDPH9DQ5SCKEMYD10,2024-11-21T00:00:10.339009247Z,01JD5XQ1DBAW28J19Z488E0D26,2024-11-21T00:00:10.339009247Z,01JD5ZMJFZ40QP6JWTMSE7CZ05,2024-11-21T00:00:10.339009247Z
01JD69X6EEHJHYP0Z919EG2KAY,01JD68CA8X01VH5D8VR1E3RCXH,2024-11-21T02:48:02.766425839Z,01JD68D4NQ3KSA0EWX6KGS3H80,2024-11-21T02:48:02.766425839Z,01JD69FX0WHEKJN55GHM9EKSAP,2024-11-21T02:48:02.766425839Z
01JD5YA073124EEME2ZV362F9Z,01JD5XQ424R76YPNZH07JRR8DV,2024-11-20T23:25:19.459291704Z,01JD5XQ42FS5VWBKPMTMDW48BN,2024-11-20T23:25:19.459291704Z,01JD5XZ3JTT9VV44RRR2BM8DJT,2024-11-20T23:25:19.459291704Z
01JD60ZVER3M6YV37119GDZK1M,01JD60N6710HY02WYC4PHA37W5,2024-11-21T00:12:12.632674321Z,01JD60N6CJ8KGDZ8AR05FJMNCE,2024-11-21T00:12:12.632674321Z,01JD60NQ79YW86XTTWG9BQKWE9,2024-11-21T00:12:12.632674321Z
01JD614PPJ1YD0W051H6MDAC94,01JD60N370WAMMKECPST4ESZMM,2024-11-21T00:14:51.602825002Z,01JD60N3AXABJ9ESBA0QWVG8BY,2024-11-21T00:14:51.602825002Z,01JD60SKMXSYG1CAT837R98SXK,2024-11-21T00:14:51.602825002Z
01JD64XMG8VZGKRSHD1KPKRQZS,01JD62MMQXD7EKBAF9ME6M0PT4,2024-11-21T01:20:54.280660504Z,01JD62MN0C7F8NBQD4WQQ3Z6PG,2024-11-21T01:20:54.280660504Z,01JD64MZDYQH82S67GAQXW9EHZ,2024-11-21T01:20:54.280660504Z
01JD68XMGM9GD3R2602DVMV6MR,01JD6066RNTY5M5XW0JR9ZV652,2024-11-21T02:30:48.596651627Z,01JD6066TQNTSYEWP6NTPB2QXT,2024-11-21T02:30:48.596651627Z,01JD68BEXTT0GF5VY6EDW2BZY7,2024-11-21T02:30:48.596651627Z
01JD69J1B0PK4MDDR7S748RZ7B,01JD68CAQZ40HHJZATHJRECQ1Z,2024-11-21T02:41:57.089025966Z,01JD68D5AA52VA2Q152X1QJTAF,2024-11-21T02:41:57.089025966Z,01JD690W95FYHX1B8FVQJD514S,2024-11-21T02:41:57.089025966Z
01JD6A9AZ1RRVZRCQ63FEAB2KC,01JD68C9ACNW6JNW1MQ6VZPGX8,2024-11-21T02:54:40.609551755Z,01JD68CYYTE0FDZ8N8KWNM40EN,2024-11-21T02:54:40.609551755Z,01JD69F8575JHP6AMTR72TSVYM,2024-11-21T02:54:40.609551755Z
01JD5XHWBW12D9BC79BCP1T1A5,01JD5XBJ3SQB3RQ407GF6JMDE5,2024-11-20T23:12:09.084321046Z,01JD5XBJ4QJYRCWK3GBE4VKK6B,2024-11-20T23:12:09.084321046Z,01JD5XCBGFA06GFZB4WJH3K1MK,2024-11-20T23:12:09.084321046Z
01JD5YVT50XD0N0K4A3BW8BX0V,01JD5XWEWHEBM6AD4QYYMKY3P4,2024-11-20T23:35:03.072646806Z,01JD5XWEWVNM2618E9YBCY3FBE,2024-11-20T23:35:03.072646806Z,01JD5YHXQNPG9F3FGVSGDW2ZGT,2024-11-20T23:35:03.072646806Z
01JD65H5K5KYVC4QMKGCWAWZN4,01JD64ZBH2G0PQVSVW9Q8ZKZRG,2024-11-21T01:31:34.373769868Z,01JD64ZCTYKPJ07BZGMZY2GCJA,2024-11-21T01:31:34.373769868Z,01JD658K0Z0R09ART0SNR24XD1,2024-11-21T01:31:34.373769868Z
01JD65R44PHHEBWWTHAMAP429C,01JD60MFZC0SD9PHXTD58MW9QF,2024-11-21T01:35:22.262887921Z,01JD60MG2M3C43JC4JZPJ5PZHJ,2024-11-21T01:35:22.262887921Z,01JD653BA0EN8CDPNBRRAKBZS1,2024-11-21T01:35:22.262887921Z
01JD66ASFNDQK6R2GCX61K94TV,01JD60MC99ATW9D47WTNQ3M3JQ,2024-11-21T01:45:33.941610939Z,01JD60MCBAY7QW4DSY020SVNP7,2024-11-21T01:45:33.941610939Z,01JD65DT9T16F2NRHHJE0TR878,2024-11-21T01:45:33.941610939Z
01JD654W2016K5PRX4YAHE1H9F,01JD60MGKGFQG5787VZ8DD5FW2,2024-11-21T01:24:51.392138391Z,01JD60MGSD96GZNSK48NP4NWMC,2024-11-21T01:24:51.392138391Z,01JD64V7V13D6JTDTAEB526BSA,2024-11-21T01:24:51.392138391Z
01JD659XVDQCF0PVV2X1P0DERA,01JD64ZFE4DFSA7GB721BPD2PX,2024-11-21T01:27:37.069831443Z,01JD64ZGPF1258T1JXXZVFMC3Y,2024-11-21T01:27:37.069831443Z,01JD64ZQXBMVAAGWS177ZQP0X1,2024-11-21T01:27:37.069831443Z
01JD60Y1YF1901R70XC5H1C25W,01JD60N8WKT5T20PV8560XF4FB,2024-11-21T00:11:13.743851338Z,01JD60N936BVSNR8936380TRBW,2024-11-21T00:11:13.743851338Z,01JD60QW9BZ9HF27CZ06EGD2JX,2024-11-21T00:11:13.743851338Z
01JD61946NQVWPK454AEH3TCDT,01JD60N0CJSFBPRR8PTC9SNTAS,2024-11-21T00:17:16.502020696Z,01JD60N0JD1S52XW4VT20XCZCD,2024-11-21T00:17:16.502020696Z,01JD611QB9RA243JTHDY3XA6W2,2024-11-21T00:17:16.502020696Z
01JD63WGV6TJ71HZFS45R40SG2,01JD62MWKJ1HTCKDY04VTR0GG7,2024-11-21T01:02:49.190368778Z,01JD62N963GBH7B9H4VJKXPP2T,2024-11-21T01:02:49.190368778Z,01JD63EBXBFR8YCYPM3SPFN5JP,2024-11-21T01:02:49.190368778Z
01JD692JGMMZBZMQRFXFVS5F4T,01JD68CB5GB0ZJF710X8T3AEEH,2024-11-21T02:33:30.389047165Z,01JD68DDE2RJX6X1NADXZPGG6Z,2024-11-21T02:33:30.389047165Z,01JD68DQDFM8NFRJ3982QR8S0M,2024-11-21T02:33:30.389047165Z
01JD5YYKJM60WGFHSHNKHT1XY4,01JD5XWDFSFEG23QQW5E3RRTY4,2024-11-20T23:36:34.644073001Z,01JD5XWDG3BBR2NX5X72SSP8RQ,2024-11-20T23:36:34.644073001Z,01JD5YSC003CJVS375K7CVMR9R,2024-11-20T23:36:34.644073001Z
01JD5Z7KMNGV323Y05SS0527RX,01JD5XWA2PJMN3RX1JY0AD5TZ3,2024-11-20T23:41:29.62173255Z,01JD5XWA30XDQ9F2D8EPBFHH93,2024-11-20T23:41:29.62173255Z,01JD5YYFB6E1T6C67EDXXFYDJY,2024-11-20T23:41:29.62173255Z
01JD5YYKHZ01XGE4NNHB9R71PD,01JD5XWDFSFEG23QQW5E3RRTY4,2024-11-20T23:36:34.623417688Z,01JD5XWDG3BBR2NX5X72SSP8RQ,2024-11-20T23:36:34.623417688Z,01JD5YMY871BYXD03NE2PSS77C,2024-11-20T23:36:34.623417688Z
01JD5Z27J9X1S160D574D8Q8DW,01JD5XWC5HERT0QD2Y66XQ7KR1,2024-11-20T23:38:33.417148851Z,01JD5XWC5SHH5K6JAG9DR6CGCP,2024-11-20T23:38:33.417148851Z,01JD5YPZWTW3N14CWV66C9C9NH,2024-11-20T23:38:33.417148851Z
01JD5Z8NC2FF5Y10Q79GFTGH87,01JD5XW9FXSBAVGRFEFZ4NCACZ,2024-11-20T23:42:04.162213637Z,01JD5XW9G60160R1954QTF1RPP,2024-11-20T23:42:04.162213637Z,01JD5YWDYYNK11A2VQVC6HWFCB,2024-11-20T23:42:04.162213637Z
01JD5ZS9D20Q5M31J2PZ00WBFA,01JD5XW304TDFTMPK6MZPMZ4FT,2024-11-20T23:51:08.963022739Z,01JD5XW30T8JCRGFJH3DCJM83J,2024-11-20T23:51:08.963022739Z,01JD5ZGT3EV8YGJ7EHYVGJ2V4N,2024-11-20T23:51:08.963022739Z
01JD60NJ11DF9X2AGD8F09TB45,01JD60BQQR5T7Z3TAK6SEG54J1,2024-11-21T00:06:35.297434431Z,01JD60BQSCB245AZMDGT5W0YVS,2024-11-21T00:06:35.297434431Z,01JD60FGD75Z2NKKK16BDF1QVN,2024-11-21T00:06:35.297434431Z
01JD60YP4EJNBDCG1SGJRF14EA,01JD60N77JCWF3R2WNTV53KSZE,2024-11-21T00:11:34.414420256Z,01JD60N79W8D6H6FRGYDPMWSGZ,2024-11-21T00:11:34.414420256Z,01JD60KT7TW30N9Z8PC5A0Q8CT,2024-11-21T00:11:34.414420256Z
01JD5YN8AZ669K0B71VRWG52D3,01JD5XXQ66EY3RN40WK6MEPQVP,2024-11-20T23:31:28.223896579Z,01JD5XXQ6KM5Z6W4T6H1P8YDAV,2024-11-20T23:31:28.223896579Z,01JD5YGE8BRTYQ0QPPAJB9Y38P,2024-11-20T23:31:28.223896579Z
01JD5YTXS60Q34W910PM9HR24F,01JD5XWFK3723B7ZVWQ8RQTN09,2024-11-20T23:34:34.022860945Z,01JD5XWFKCARD4856TX79QYMJ6,2024-11-20T23:34:34.022860945Z,01JD5YHKG3W13PA1QS3C11MGS0,2024-11-20T23:34:34.022860945Z
01JD65XFVZN7492BJBF7QD5DWJ,01JD60MEQTJVTQXWV6CH08ZBB0,2024-11-21T01:38:18.111278986Z,01JD60METTZYC6HE4G3HEETFPN,2024-11-21T01:38:18.111278986Z,01JD6510X91RNC571F4X5V1KGX,2024-11-21T01:38:18.111278986Z
01JD66H2HPXZ6ATNH3F6EF66N7,01JD60MDFYPBJN4DTVNT7DQCG1,2024-11-21T01:48:59.830995183Z,01JD60MDJN1ADFKA1ST0ANDCM0,2024-11-21T01:48:59.830995183Z,01JD661YAXMTSN7CDPZ3KGXBVT,2024-11-21T01:48:59.830995183Z
01JD69J1W14TXPCD6JSG0S9HAM,01JD68CAQZ40HHJZATHJRECQ1Z,2024-11-21T02:41:57.633478418Z,01JD68D5AA52VA2Q152X1QJTAF,2024-11-21T02:41:57.633478418Z,01JD691HJ3SMN7T09PKQ3CJJN4,2024-11-21T02:41:57.633478418Z
01JD617JRHVWFJN822NT6T9HSQ,01JD60N128FFEVP0W9D0XW772H,2024-11-21T00:16:25.873598105Z,01JD60N145E97X378X5CZSQD9W,2024-11-21T00:16:25.873598105Z,01JD60RPPZG4JANAB00DV8WSZB,2024-11-21T00:16:25.873598105Z
01JD63R7E3YD4P1BR3SZK2XD67,01JD62N0QAXZ9XC1PNR6N6TX3M,2024-11-21T01:00:28.483160516Z,01JD62NM73SSGWQE0KW7QYD0TV,2024-11-21T01:00:28.483160516Z,01JD63EMTSD4R6ZV525EMPGHYW,2024-11-21T01:00:28.483160516Z
01JD66C6VF38VPDBHRSJYP19C9,01JD60MBK47A222WWN76Z58GSK,2024-11-21T01:46:20.399642014Z,01JD60MBP1ASE5S7NG7KNSSQRW,2024-11-21T01:46:20.399642014Z,01JD662TNVYEGB03XZ2NDS2S2B,2024-11-21T01:46:20.399642014Z
01JD68MGDTZDW4N6MXBAMSY5QF,01JD60M6WS2M71C3NA5HWGYF98,2024-11-21T02:25:49.498360901Z,01JD60M6ZCHZV6V6KCK0DN3HS8,2024-11-21T02:25:49.498360901Z,01JD68471KZC6975HVP2PJ52F9,2024-11-21T02:25:49.498360901Z
01JD625VTQZJZ4T42GW4FPTK7N,01JD60MSG2NNDY5MZB4AYDRZA4,2024-11-21T00:32:58.199451497Z,01JD60MSPJCKMXF8XWZ6DFZ568,2024-11-21T00:32:58.199451497Z,01JD61TF9N9FY8JJPDYP2G4FX8,2024-11-21T00:32:58.199451497Z
01JD63A2FA3TCDBNPXT8CGXFPJ,01JD62N5BENVJ530ZS4MD5S0CS,2024-11-21T00:52:44.650892384Z,01JD62NWCK3NA1DDGW566NMQWD,2024-11-21T00:52:44.650892384Z,01JD631XPRX4PGPES39TMSQMDY,2024-11-21T00:52:44.650892384Z
01JD5Z8NBMZAMPH3PXES37AC8T,01JD5XW9FXSBAVGRFEFZ4NCACZ,2024-11-20T23:42:04.148249538Z,01JD5XW9G60160R1954QTF1RPP,2024-11-20T23:42:04.148249538Z,01JD5YT521BYDP2CXZTQ8ZAQKN,2024-11-20T23:42:04.148249538Z
01JD68A2DHZ79WKX53Q2R368HK,01JD60M7QC86NJC1Y5GYYFH04B,2024-11-21T02:20:07.473323132Z,01JD60M7RST8Z1YGC4J2NQMD0S,2024-11-21T02:20:07.473323132Z,01JD67W0A6NGD0KCQX2HEKR5E6,2024-11-21T02:20:07.473323132Z
01JD5YA077AHGNRPKFBPB2S1C5,01JD5XQ424R76YPNZH07JRR8DV,2024-11-20T23:25:19.463841901Z,01JD5XQ42FS5VWBKPMTMDW48BN,2024-11-20T23:25:19.463841901Z,01JD5XZMA2ATYSMXQZR57AG5BJ,2024-11-20T23:25:19.463841901Z
01JD65R532DTZTAQC20K1PXVG4,01JD60MFZC0SD9PHXTD58MW9QF,2024-11-21T01:35:23.23443133Z,01JD60MG2M3C43JC4JZPJ5PZHJ,2024-11-21T01:35:23.23443133Z,01JD654F1T75REE0CV3K89CFSR,2024-11-21T01:35:23.23443133Z
01JD5Z27K01J7H204M55WE57J6,01JD5XWC5HERT0QD2Y66XQ7KR1,2024-11-20T23:38:33.440391012Z,01JD5XWC5SHH5K6JAG9DR6CGCP,2024-11-20T23:38:33.440391012Z,01JD5YVR8V0GQQ8WAXQYS8A62G,2024-11-20T23:38:33.440391012Z
01JD5ZVAGYKECPNP9W3A8SBA5W,01JD5XW20E04P27C9TTYX3PF1Y,2024-11-20T23:52:15.646179768Z,01JD5XW20V3YKDFD28VZR1D9HY,2024-11-20T23:52:15.646179768Z,01JD5Z8TFKHK6MQ95BRS37KT8X,2024-11-20T23:52:15.646179768Z
01JD61GD197WSG5X464W5NCGY2,01JD60MZ6CPQGET09J2C7XEAB9,2024-11-21T00:21:14.922013882Z,01JD60MZ9RWQ194QE5WWHTTC0N,2024-11-21T00:21:14.922013882Z,01JD6108M3D5XZFPZM17HRYMSW,2024-11-21T00:21:14.922013882Z
01JD5YVT4B7DYG5294ME401QXT,01JD5XWEWHEBM6AD4QYYMKY3P4,2024-11-20T23:35:03.051976769Z,01JD5XWEWVNM2618E9YBCY3FBE,2024-11-20T23:35:03.051976769Z,01JD5YGY6Q55Q0C4A8Q1SCCQR0,2024-11-20T23:35:03.051976769Z
01JD5Z27HZNST67NHZWCHJYP1J,01JD5XWC5HERT0QD2Y66XQ7KR1,2024-11-20T23:38:33.407759445Z,01JD5XWC5SHH5K6JAG9DR6CGCP,2024-11-20T23:38:33.407759445Z,01JD5YHSASKA0G2A1Y5MQSCVV2,2024-11-20T23:38:33.407759445Z
01JD68XPT88RAB5E9RRJM146V0,01JD6066RNTY5M5XW0JR9ZV652,2024-11-21T02:30:50.952653676Z,01JD6066TQNTSYEWP6NTPB2QXT,2024-11-21T02:30:50.952653676Z,01JD68JK1AYN0C420KJCVHSMMG,2024-11-21T02:30:50.952653676Z
01JD60NHX7M7PNC9JJY14K0HNS,01JD60BQQR5T7Z3TAK6SEG54J1,2024-11-21T00:06:35.175301501Z,01JD60BQSCB245AZMDGT5W0YVS,2024-11-21T00:06:35.175301501Z,01JD60FBS4W9YW7E6JFPHJNCFY,2024-11-21T00:06:35.175301501Z
01JD682ES7YP8CWVHYESAPZTVQ,01JD60M8CQ32C55ZWX68TDQ62P,2024-11-21T02:15:57.991524434Z,01JD60M8E5CY420FFH3CRPS0F5,2024-11-21T02:15:57.991524434Z,01JD67P6QT18JBKRNWPVF0F3F4,2024-11-21T02:15:57.991524434Z
01JD5ZYEYEZXYF27ZVDEP1DHN7,01JD5XW0ZHG8VG1ZG6HQD2QKF0,2024-11-20T23:53:58.478618573Z,01JD5XW0ZWF758GZ7A4NRBKJNQ,2024-11-20T23:53:58.478618573Z,01JD5ZMB1N9PBTJ88FX6T02PWQ,2024-11-20T23:53:58.478618573Z
01JD60W99VSJJS26KSNMSFH3G6,01JD60NA7SN5WMDX1DTX77GFPD,2024-11-21T00:10:15.739561221Z,01JD60NAEX2413HP0GW1AS7MG3,2024-11-21T00:10:15.739561221Z,01JD60PZX0RZBHV9MF6QMP6ZES,2024-11-21T00:10:15.739561221Z
01JD617KC6QEQ5SES4SM8PHAGB,01JD60N128FFEVP0W9D0XW772H,2024-11-21T00:16:26.5024156Z,01JD60N145E97X378X5CZSQD9W,2024-11-21T00:16:26.5024156Z,01JD611E2HJSWE1P01VTDTCK24,2024-11-21T00:16:26.5024156Z
01JD651SWQ4MPTPH3ED737MS6M,01JD60MNP50Y5CNX8FJPPVJXCQ,2024-11-21T01:23:10.871360836Z,01JD60MNS7HDE04RDZR59PT714,2024-11-21T01:23:10.871360836Z,01JD64Q2AD7R50XAVSKYT8QPSF,2024-11-21T01:23:10.871360836Z
01JD651TC64Z80S3R9D067A84B,01JD60MNP50Y5CNX8FJPPVJXCQ,2024-11-21T01:23:11.366844411Z,01JD60MNS7HDE04RDZR59PT714,2024-11-21T01:23:11.366844411Z,01JD64TXYV7TBD2QPWD673QRA4,2024-11-21T01:23:11.366844411Z
01JD5Z7KN5T8728SNEFPGQYQEF,01JD5XWA2PJMN3RX1JY0AD5TZ3,2024-11-20T23:41:29.637099887Z,01JD5XWA30XDQ9F2D8EPBFHH93,2024-11-20T23:41:29.637099887Z,01JD5Z04Q5T7VV5W2XQ38RYABP,2024-11-20T23:41:29.637099887Z
01JD5ZJ30SGHSQHMR7AA5S6TXA,01JD5XW4KBXRH4JVGNA84TZAMY,2024-11-20T23:47:13.049497374Z,01JD5XW4KP9ZQD6CFR6N4288X3,2024-11-20T23:47:13.049497374Z,01JD5YK2QT226B1ZRZXQS8WYCG,2024-11-20T23:47:13.049497374Z
01JD612GD0P1SQHK0JV2J5ADDC,01JD60N3WZ0RHSJ5PRS8Z9365Z,2024-11-21T00:13:39.616927953Z,01JD60N42012RAHRDYGAM2NEGC,2024-11-21T00:13:39.616927953Z,01JD60FN5MPDJWWKRGQC4AJ7TH,2024-11-21T00:13:39.616927953Z
01JD61C5Q6MKWHB1CKY50C1GD7,01JD60MZTZTT7FVFX1DMVDZS6J,2024-11-21T00:18:56.358528848Z,01JD60MZWS0N7S4EKBRXZ7EGQK,2024-11-21T00:18:56.358528848Z,01JD610FVKH033816DVATCK57H,2024-11-21T00:18:56.358528848Z
01JD625WF83NWXNMNN96CJ549N,01JD60MSG2NNDY5MZB4AYDRZA4,2024-11-21T00:32:58.856602564Z,01JD60MSPJCKMXF8XWZ6DFZ568,2024-11-21T00:32:58.856602564Z,01JD61WK2RR7CQS7GZ020S659B,2024-11-21T00:32:58.856602564Z
01JD625WPZ3Q8ZPF5319WK5PEG,01JD60MSG2NNDY5MZB4AYDRZA4,2024-11-21T00:32:59.103982116Z,01JD60MSPJCKMXF8XWZ6DFZ568,2024-11-21T00:32:59.103982116Z,01JD620TG8RDDCR0VP3YRBVZ05,2024-11-21T00:32:59.103982116Z
01JD63SXGGEKNQ9GAD4X8QRVKV,01JD62MY5EH7CHWS35960FWN1N,2024-11-21T01:01:23.856258297Z,01JD62NDCMTCBMZ3T9N156CC17,2024-11-21T01:01:23.856258297Z,01JD63CXQX1ZVA6VXCQMT5SCMX,2024-11-21T01:01:23.856258297Z
01JD5ZYEZBJQ7B630Q4XBS67YW,01JD5XW0ZHG8VG1ZG6HQD2QKF0,2024-11-20T23:53:58.508054043Z,01JD5XW0ZWF758GZ7A4NRBKJNQ,2024-11-20T23:53:58.508054043Z,01JD5ZN09SWX102D38N18XNBKS,2024-11-20T23:53:58.508054043Z
01JD6012RW65SRFQHN5WD0BKSW,01JD5XQ34Z798M3ESKHQDA5RZJ,2024-11-20T23:55:24.316681501Z,01JD5XQ358Y87ET54AH5K8KFPB,2024-11-20T23:55:24.316681501Z,01JD5ZHCFAM2T9PJ63NJE6KCQ8,2024-11-20T23:55:24.316681501Z
01JD5YTXSEHK8FMS5EK1PYGJ9T,01JD5XWFK3723B7ZVWQ8RQTN09,2024-11-20T23:34:34.030369222Z,01JD5XWFKCARD4856TX79QYMJ6,2024-11-20T23:34:34.030369222Z,01JD5YMGNVT0D686EYRJ2G7V80,2024-11-20T23:34:34.030369222Z
01JD654V6QE0GCDAV3SP1D80N1,01JD60MGKGFQG5787VZ8DD5FW2,2024-11-21T01:24:50.51937815Z,01JD60MGSD96GZNSK48NP4NWMC,2024-11-21T01:24:50.51937815Z,01JD64SPDC4QBXSPNPB9RKWS6Z,2024-11-21T01:24:50.51937815Z
01JD5ZC5CP5J4V7Q3DW7AK2E76,01JD5XW6249QBCB3SSYGV9R5W1,2024-11-20T23:43:58.870324957Z,01JD5XW62D6CFBBB4G92PJYSZ2,2024-11-20T23:43:58.870324957Z,01JD5Z2439H5BANRYVBHTQWT85,2024-11-20T23:43:58.870324957Z
01JD6116E18DCXS3RJ2E3EG98X,01JD60N50HR2PHY2KBT0EG6R71,2024-11-21T00:12:56.641614681Z,01JD60N52JBSTJWB7TGYSPTFQA,2024-11-21T00:12:56.641614681Z,01JD60MBB41ZKY8D332ZZPNJJZ,2024-11-21T00:12:56.641614681Z
01JD61P3FY03WRKHWYFNXNDZDK,01JD60MYFXED250NQX8PP7HTB1,2024-11-21T00:24:21.758662337Z,01JD60MYHPTR29DQ725QWPX6V5,2024-11-21T00:24:21.758662337Z,01JD60RJWZVNFKGPN6ZXTF8NC9,2024-11-21T00:24:21.758662337Z
01JD65H4TCQAYNX99Z0ZZ8G3MW,01JD64ZBH2G0PQVSVW9Q8ZKZRG,2024-11-21T01:31:33.580819962Z,01JD64ZCTYKPJ07BZGMZY2GCJA,2024-11-21T01:31:33.580819962Z,01JD656HXE1G0P6DQAJXA2H0GW,2024-11-21T01:31:33.580819962Z
01JD65M0XKHV35BQ9QZ1334ZJS,01JD60MFC6TT61BX7QNE7YG5KQ,2024-11-21T01:33:07.891236072Z,01JD60MFEZEPV0V4S8C7TPZV5W,2024-11-21T01:33:07.891236072Z,01JD64NQVCN5079T23V1KT8PEE,2024-11-21T01:33:07.891236072Z
01JD65XF0GE206E0HTT9MHGEN1,01JD60MEQTJVTQXWV6CH08ZBB0,2024-11-21T01:38:17.232748414Z,01JD60METTZYC6HE4G3HEETFPN,2024-11-21T01:38:17.232748414Z,01JD64VX17R3QSH9WR1HVMAQWX,2024-11-21T01:38:17.232748414Z
01JD5XHWCFGHK0J15T4S1S66S9,01JD5XBJ3SQB3RQ407GF6JMDE5,2024-11-20T23:12:09.10338256Z,01JD5XBJ4QJYRCWK3GBE4VKK6B,2024-11-20T23:12:09.10338256Z,01JD5XENW40DYJQ85RTEHBGJJR,2024-11-20T23:12:09.10338256Z
01JD5Z3FTG6E760Q4XKKR46G71,01JD5XWBFX7986F1N93SW7M3JK,2024-11-20T23:39:14.640672682Z,01JD5XWBG9GPVWY0X113KMCHA0,2024-11-20T23:39:14.640672682Z,01JD5YS7C2JC71ZJXKCN3Y2S6X,2024-11-20T23:39:14.640672682Z
01JD68XTDAF6A9YWKFMT0XT36C,01JD6066RNTY5M5XW0JR9ZV652,2024-11-21T02:30:54.634749461Z,01JD6066TQNTSYEWP6NTPB2QXT,2024-11-21T02:30:54.634749461Z,01JD68JX0KB8PG33EX5HZS4F2Y,2024-11-21T02:30:54.634749461Z
01JD6B9BVVYDCH0KS6K4KFWBKB,01JD68C4D8YK1XX95ZP85A1B3K,2024-11-21T03:12:10.107433014Z,01JD68CJ26GK5S7M53WQPC63E7,2024-11-21T03:12:10.107433014Z,01JD6AXKXE6E7EDJ261KKF35PH,2024-11-21T03:12:10.107433014Z
01JD5XHWCN72Q3VY8PWYQMDHM2,01JD5XBJ3SQB3RQ407GF6JMDE5,2024-11-20T23:12:09.109793321Z,01JD5XBJ4QJYRCWK3GBE4VKK6B,2024-11-20T23:12:09.109793321Z,01JD5XG49XEZ2WDQPQC1Z73PVR,2024-11-20T23:12:09.109793321Z
01JD605KDSHP2R4XJ5BCYQNF6R,01JD5XQ26Y7KYFNVG245CNAD6E,2024-11-20T23:57:52.441387523Z,01JD5XQ27BRBFZDWTSWP1EQHWZ,2024-11-20T23:57:52.441387523Z,01JD5ZNN0BDXD8JGCWWW03WKXF,2024-11-20T23:57:52.441387523Z
01JD5YTXS0NKKBS408BK01YSDD,01JD5XWFK3723B7ZVWQ8RQTN09,2024-11-20T23:34:34.016162913Z,01JD5XWFKCARD4856TX79QYMJ6,2024-11-20T23:34:34.016162913Z,01JD5YH67ET9MCEG8BQ8F2K54J,2024-11-20T23:34:34.016162913Z
01JD5Z3FVZRXQ3KQKNZWA98EEX,01JD5XWBFX7986F1N93SW7M3JK,2024-11-20T23:39:14.687770653Z,01JD5XWBG9GPVWY0X113KMCHA0,2024-11-20T23:39:14.687770653Z,01JD5YYTEWQ0X205FSZGSTNDDV,2024-11-20T23:39:14.687770653Z
01JD60Y1VM6SS1N28APWJJEW7N,01JD60N8WKT5T20PV8560XF4FB,2024-11-21T00:11:13.652371185Z,01JD60N936BVSNR8936380TRBW,2024-11-21T00:11:13.652371185Z,01JD60MY523XZDJDRSSS3KKTSN,2024-11-21T00:11:13.652371185Z
01JD63AFW12ZYSFHAB8PP1Z6TV,01JD62N5BENVJ530ZS4MD5S0CS,2024-11-21T00:52:58.369510997Z,01JD62NWCK3NA1DDGW566NMQWD,2024-11-21T00:52:58.369510997Z,01JD634Z7QDEMBPKA9ZB2616RK,2024-11-21T00:52:58.369510997Z
01JD66AW1R2HJZBSP87A6GQ6TJ,01JD60MC99ATW9D47WTNQ3M3JQ,2024-11-21T01:45:36.568718543Z,01JD60MCBAY7QW4DSY020SVNP7,2024-11-21T01:45:36.568718543Z,01JD65EAJ3J5VWPV9XQC723NFM,2024-11-21T01:45:36.568718543Z
01JD5Z4J34KDBRPEDFJZRWBWSR,01JD5XWASBBGD92BRSNVQ9RRQ2,2024-11-20T23:39:49.732169683Z,01JD5XWASK3B648VD3CWR1BDMD,2024-11-20T23:39:49.732169683Z,01JD5YWBWXZ4P89P31VMMBMVVY,2024-11-20T23:39:49.732169683Z
01JD5ZS9EAM8FVDGQ94ST5EN6M,01JD5XW304TDFTMPK6MZPMZ4FT,2024-11-20T23:51:09.002748156Z,01JD5XW30T8JCRGFJH3DCJM83J,2024-11-20T23:51:09.002748156Z,01JD5ZMSW5CCZTWCF3K4V6ZVBE,2024-11-20T23:51:09.002748156Z
01JD66BPB4C95H9W3A02DCDG5C,01JD60MBK47A222WWN76Z58GSK,2024-11-21T01:46:03.492878423Z,01JD60MBP1ASE5S7NG7KNSSQRW,2024-11-21T01:46:03.492878423Z,01JD662CNHYM3CDWEM478RJ91M,2024-11-21T01:46:03.492878423Z
01JD5ZP4KE6XYSZF6Z4ERM5DHD,01JD5XW3TEPJ38TDDHMJWAZ5XG,2024-11-20T23:49:25.742722359Z,01JD5XW3V0F31HK0AYBMG6K9CK,2024-11-20T23:49:25.742722359Z,01JD5Z8PYJ7X4R20P0M5K0Y5TY,2024-11-20T23:49:25.742722359Z
01JD63ZSKXMXQ1DJWZ74B18FCW,01JD62MW9Z2ABBQKAP2A1WJP4P,2024-11-21T01:04:36.477087352Z,01JD62N9Q5B1HW76SGWS3XN9ZC,2024-11-21T01:04:36.477087352Z,01JD63DWD11W7WCMYGANWPWT2V,2024-11-21T01:04:36.477087352Z
01JD65M22KNRG9EE65V42AS0CA,01JD60MFC6TT61BX7QNE7YG5KQ,2024-11-21T01:33:09.075687212Z,01JD60MFEZEPV0V4S8C7TPZV5W,2024-11-21T01:33:09.075687212Z,01JD659DSFN0ZFF5EHQD4HD6RR,2024-11-21T01:33:09.075687212Z
01JD6B9ATKJ265QEFK8M1F7X4C,01JD68C4D8YK1XX95ZP85A1B3K,2024-11-21T03:12:09.043454712Z,01JD68CJ26GK5S7M53WQPC63E7,2024-11-21T03:12:09.043454712Z,01JD6AXC51HH878Z0EN2ZB5NZ9,2024-11-21T03:12:09.043454712Z
01JD5ZC5C4RWGR96C8FY6JM87K,01JD5XW6249QBCB3SSYGV9R5W1,2024-11-20T23:43:58.852186696Z,01JD5XW62D6CFBBB4G92PJYSZ2,2024-11-20T23:43:58.852186696Z,01JD5Z0NJEQE53NJ4KM5KMGH6P,2024-11-20T23:43:58.852186696Z
01JD639X0W3DAFKREV8C3TN4ZV,01JD62N4FY97KNTKQ6JH99ZTVP,2024-11-21T00:52:39.068297646Z,01JD62NQCTR8W08KWEYE6V1N0S,2024-11-21T00:52:39.068297646Z,01JD633CWTT1EQFEVYDMVERYJ8,2024-11-21T00:52:39.068297646Z
01JD60RCW38W0B22V8CFXR0FDW,01JD60NCVWN9QDCDBV3N0WSMYT,2024-11-21T00:08:08.323536857Z,01JD60NDAG05Y2E2ADKNVPR45R,2024-11-21T00:08:08.323536857Z,01JD60EXZ35B1EZ48BFMK2H4BK,2024-11-21T00:08:08.323536857Z
01JD63R6A93TE14819X33TFZ1H,01JD62N0QAXZ9XC1PNR6N6TX3M,2024-11-21T01:00:27.337428446Z,01JD62NM73SSGWQE0KW7QYD0TV,2024-11-21T01:00:27.337428446Z,01JD63EF4GFZA3FY9NGVDZES2R,2024-11-21T01:00:27.337428446Z
01JD63ZWW78F2HJVB9X3QC25HS,01JD62MW9Z2ABBQKAP2A1WJP4P,2024-11-21T01:04:39.815896554Z,01JD62N9Q5B1HW76SGWS3XN9ZC,2024-11-21T01:04:39.815896554Z,01JD63G1WKVK060B1FZFPCHTAJ,2024-11-21T01:04:39.815896554Z
01JD69QR544ZV5ZGFP2CEDQMEQ,01JD690VCSP73D61HTJANCWNEF,2024-11-21T02:45:04.292470676Z,01JD6913CNQTQ472N1R0YB1RSG,2024-11-21T02:45:04.292470676Z,01JD68W597T436TSXYB5FADM56,2024-11-21T02:45:04.292470676Z
01JD5Z4J3DDAD1E2GVKBVEHHVS,01JD5XWASBBGD92BRSNVQ9RRQ2,2024-11-20T23:39:49.741892635Z,01JD5XWASK3B648VD3CWR1BDMD,2024-11-20T23:39:49.741892635Z,01JD5YWFCR0A311P7WW048N4DK,2024-11-20T23:39:49.741892635Z
01JD5Z7KM8GAJTFEY40HZ40WVA,01JD5XWA2PJMN3RX1JY0AD5TZ3,2024-11-20T23:41:29.608997669Z,01JD5XWA30XDQ9F2D8EPBFHH93,2024-11-20T23:41:29.608997669Z,01JD5YVNP20FRCPRNVZGW0M7QS,2024-11-20T23:41:29.608997669Z
01JD69X4J0AXNEV9F77QS7MEQV,01JD68CA8X01VH5D8VR1E3RCXH,2024-11-21T02:48:00.832959127Z,01JD68D4NQ3KSA0EWX6KGS3H80,2024-11-21T02:48:00.832959127Z,01JD69FEQJ5JTGWZN5SS3PY037,2024-11-21T02:48:00.832959127Z
01JD5ZC5B1S307Z5Q0QMSG7DN1,01JD5XW6249QBCB3SSYGV9R5W1,2024-11-20T23:43:58.817575953Z,01JD5XW62D6CFBBB4G92PJYSZ2,2024-11-20T23:43:58.817575953Z,01JD5YKVA7F88E40S83VZH1W74,2024-11-20T23:43:58.817575953Z
01JD61C4ZF1C94C72VF93VMRZ8,01JD60MZTZTT7FVFX1DMVDZS6J,2024-11-21T00:18:55.599557974Z,01JD60MZWS0N7S4EKBRXZ7EGQK,2024-11-21T00:18:55.599557974Z,01JD60XBCF5J4W46VV4TJ3YBN5,2024-11-21T00:18:55.599557974Z
01JD63A9DCJKS9BS026BJVZW6V,01JD62N5BENVJ530ZS4MD5S0CS,2024-11-21T00:52:51.756331422Z,01JD62NWCK3NA1DDGW566NMQWD,2024-11-21T00:52:51.756331422Z,01JD631ZQR013XHX10QPR8BW3A,2024-11-21T00:52:51.756331422Z
01JD63SZ4NSZTNXWPKWKAR9WJX,01JD62MY5EH7CHWS35960FWN1N,2024-11-21T01:01:25.525185867Z,01JD62NDCMTCBMZ3T9N156CC17,2024-11-21T01:01:25.525185867Z,01JD63FEXJTJNG5F4AMNTR8S5F,2024-11-21T01:01:25.525185867Z
01JD63WHEJCTZQMCCT06T6G214,01JD62MWKJ1HTCKDY04VTR0GG7,2024-11-21T01:02:49.810344876Z,01JD62N963GBH7B9H4VJKXPP2T,2024-11-21T01:02:49.810344876Z,01JD63F7NG5X624Q2MQ9SYP9X6,2024-11-21T01:02:49.810344876Z
01JD6012SMKTJR9PR004W7RRD1,01JD5XQ34Z798M3ESKHQDA5RZJ,2024-11-20T23:55:24.340290677Z,01JD5XQ358Y87ET54AH5K8KFPB,2024-11-20T23:55:24.340290677Z,01JD5ZHHVBX6BKDGYDSNMSAVFM,2024-11-20T23:55:24.340290677Z
01JD60YPCDZQ4Q1WE6NPACKQ2S,01JD60N77JCWF3R2WNTV53KSZE,2024-11-21T00:11:34.669240481Z,01JD60N79W8D6H6FRGYDPMWSGZ,2024-11-21T00:11:34.669240481Z,01JD60RPC8TA9GBGG977GDCX49,2024-11-21T00:11:34.669240481Z
01JD63SYBHF9N4DMTRGPDS4YRT,01JD62MY5EH7CHWS35960FWN1N,2024-11-21T01:01:24.721680919Z,01JD62NDCMTCBMZ3T9N156CC17,2024-11-21T01:01:24.721680919Z,01JD63DXNCYCC3GNP74GY7N8QA,2024-11-21T01:01:24.721680919Z
01JD68A4A0JP9CGZDRYG4BC550,01JD60M7QC86NJC1Y5GYYFH04B,2024-11-21T02:20:09.408552105Z,01JD60M7RST8Z1YGC4J2NQMD0S,2024-11-21T02:20:09.408552105Z,01JD681MBZXVY4VMM58E221HJT,2024-11-21T02:20:09.408552105Z
01JD63ZTV23VCGE0XF1FTXS8GC,01JD62MW9Z2ABBQKAP2A1WJP4P,2024-11-21T01:04:37.730463266Z,01JD62N9Q5B1HW76SGWS3XN9ZC,2024-11-21T01:04:37.730463266Z,01JD63FK2PJXA7MS2E3C2G9EC7,2024-11-21T01:04:37.730463266Z
01JD65R69WH668JWMS9GYYTPZW,01JD60MFZC0SD9PHXTD58MW9QF,2024-11-21T01:35:24.476761662Z,01JD60MG2M3C43JC4JZPJ5PZHJ,2024-11-21T01:35:24.476761662Z,01JD656KZKCXBX93WBXXN5N8QK,2024-11-21T01:35:24.476761662Z
01JD65XG610B9EHBE8P1T0H4WY,01JD60MEQTJVTQXWV6CH08ZBB0,2024-11-21T01:38:18.433864664Z,01JD60METTZYC6HE4G3HEETFPN,2024-11-21T01:38:18.433864664Z,01JD65QP0MKGPHP3EXCNJGRC2R,2024-11-21T01:38:18.433864664Z
01JD614PKZME8G5T4VGNRCNVPN,01JD60N370WAMMKECPST4ESZMM,2024-11-21T00:14:51.5199131Z,01JD60N3AXABJ9ESBA0QWVG8BY,2024-11-21T00:14:51.5199131Z,01JD60R30948MRQQ0E32Z584RR,2024-11-21T00:14:51.5199131Z
01JD621YVRPEV6XW4ACEAF8602,01JD60MT3H2KZG8ZAED2C833E9,2024-11-21T00:30:50.232936987Z,01JD60MT8QR3J24SNC64EFT6F0,2024-11-21T00:30:50.232936987Z,01JD61TZ52P517MPWWJP0K2M4A,2024-11-21T00:30:50.232936987Z
01JD5ZJ3225PMZCJ7T8HSXNERP,01JD5XW4KBXRH4JVGNA84TZAMY,2024-11-20T23:47:13.090644413Z,01JD5XW4KP9ZQD6CFR6N4288X3,2024-11-20T23:47:13.090644413Z,01JD5Z8K0Q7PMR0S0SV5YK9YE0,2024-11-20T23:47:13.090644413Z
01JD60PP4ZPD1BWHJBCG91HT7N,01JD6067AR8RCGY0TRSWPPVRP0,2024-11-21T00:07:12.287957322Z,01JD6067DJZECVV3PJY0FTC1Z7,2024-11-21T00:07:12.287957322Z,01JD60F6F7B1E07A09XRBED01G,2024-11-21T00:07:12.287957322Z
01JD612GJCYPW7J9WCGTCSN8MF,01JD60N3WZ0RHSJ5PRS8Z9365Z,2024-11-21T00:13:39.78817836Z,01JD60N42012RAHRDYGAM2NEGC,2024-11-21T00:13:39.78817836Z,01JD60T010766GPR1ECPRGRXWW,2024-11-21T00:13:39.78817836Z
01JD63ZZ6FVJ1RRPGT04RVAE8Y,01JD62MTJHV8DV3HDC5PY7JJQX,2024-11-21T01:04:42.192184409Z,01JD62N05BD2N4WXP4GTAC29QQ,2024-11-21T01:04:42.192184409Z,01JD63D7PSK3C34ZGY1D32KZ6V,2024-11-21T01:04:42.192184409Z
01JD5YX7G9NNHRN6HFZGDR0QQ4,01JD5XWE6Z1HFVE47MAG1EB7NX,2024-11-20T23:35:49.513470278Z,01JD5XWE78DBCPKD35EV21GQCB,2024-11-20T23:35:49.513470278Z,01JD5YJSYSKTPZ0K3PJ2MT384E,2024-11-20T23:35:49.513470278Z
01JD5ZFGYB6Y2Z2EFPJGXS5NYJ,01JD5ZA139SFKYNZ8PRFQZEP1V,2024-11-20T23:45:49.003821763Z,01JD5ZA14KF5W0T8B52MKXMPMK,2024-11-20T23:45:49.003821763Z,01JD5YVAKM5ECWJA0Y9266Z4RG,2024-11-20T23:45:49.003821763Z
01JD60ZVKXEMNKDNJSCG9SCN00,01JD60N6710HY02WYC4PHA37W5,2024-11-21T00:12:12.797073867Z,01JD60N6CJ8KGDZ8AR05FJMNCE,2024-11-21T00:12:12.797073867Z,01JD60NTKPTH7WPT4SZ532G0VN,2024-11-21T00:12:12.797073867Z
01JD5Z4J3QT0Z11440FANKZ5D1,01JD5XWASBBGD92BRSNVQ9RRQ2,2024-11-20T23:39:49.751483104Z,01JD5XWASK3B648VD3CWR1BDMD,2024-11-20T23:39:49.751483104Z,01JD5YY6HM8X3HCWE9DCSQJ832,2024-11-20T23:39:49.751483104Z
01JD5ZYEWFR03ZVK3TJAM56E4B,01JD5XW0ZHG8VG1ZG6HQD2QKF0,2024-11-20T23:53:58.415788754Z,01JD5XW0ZWF758GZ7A4NRBKJNQ,2024-11-20T23:53:58.415788754Z,01JD5ZBABSHZ05H04SKVPJWQ39,2024-11-20T23:53:58.415788754Z
01JD60D16ZS1BMK8EER35PV0T0,01JD5XPZTTQNBWPYTYC6XZY6F2,2024-11-21T00:01:55.935090219Z,01JD5XPZV9CC8VA9TFBWRXAMY4,2024-11-21T00:01:55.935090219Z,01JD5ZN6FKWEPE1F6PXBZC93JH,2024-11-21T00:01:55.935090219Z
01JD61P8H6MA0WGD1Y6XXX814N,01JD60MXQCPYA0QXBEMQKTD9XZ,2024-11-21T00:24:26.91870886Z,01JD60MXTE3FEEHGDDB7V324MT,2024-11-21T00:24:26.91870886Z,01JD611SGM30CED5GC26HXK1TP,2024-11-21T00:24:26.91870886Z
01JD62BPYEBJ8VF1MRGXBBSA3V,01JD60MQETVDRAYZ40YQFJ43YC,2024-11-21T00:36:09.806348834Z,01JD60MQHGAD2DQ67G1XHYV1ZC,2024-11-21T00:36:09.806348834Z,01JD62464BRESMGK66TSQQ5XWR,2024-11-21T00:36:09.806348834Z
01JD5ZJ31C8V05VHZ3B1Q63KVS,01JD5XW4KBXRH4JVGNA84TZAMY,2024-11-20T23:47:13.068174126Z,01JD5XW4KP9ZQD6CFR6N4288X3,2024-11-20T23:47:13.068174126Z,01JD5Z132A6YJAWR544PG8FG34,2024-11-20T23:47:13.068174126Z
01JD605KBK7JZN8D7W7BE5MN2Y,01JD5XQ26Y7KYFNVG245CNAD6E,2024-11-20T23:57:52.371304594Z,01JD5XQ27BRBFZDWTSWP1EQHWZ,2024-11-20T23:57:52.371304594Z,01JD5ZF8EDTQBXNCZFSG3QMFM6,2024-11-20T23:57:52.371304594Z
01JD5ZYEXFZ4X7DNC39DHAXSC5,01JD5XW0ZHG8VG1ZG6HQD2QKF0,2024-11-20T23:53:58.447291742Z,01JD5XW0ZWF758GZ7A4NRBKJNQ,2024-11-20T23:53:58.447291742Z,01JD5ZJNC922098P6G10GJNGZH,2024-11-20T23:53:58.447291742Z
01JD605KF1Z5ET6PVD2C1JYYEQ,01JD5XQ26Y7KYFNVG245CNAD6E,2024-11-20T23:57:52.482030889Z,01JD5XQ27BRBFZDWTSWP1EQHWZ,2024-11-20T23:57:52.482030889Z,01JD5ZP2SCRWHZJAD0ZDXWY56P,2024-11-20T23:57:52.482030889Z
01JD60ZVQDBY9P8CN5B0RAEYC4,01JD60N6710HY02WYC4PHA37W5,2024-11-21T00:12:12.909655915Z,01JD60N6CJ8KGDZ8AR05FJMNCE,2024-11-21T00:12:12.909655915Z,01JD60S13HTW7PYR8CY3Z9XZA4,2024-11-21T00:12:12.909655915Z
01JD61C4PA1N201PTY7BVJMZ84,01JD60MZTZTT7FVFX1DMVDZS6J,2024-11-21T00:18:55.306259193Z,01JD60MZWS0N7S4EKBRXZ7EGQK,2024-11-21T00:18:55.306259193Z,01JD60KASVSH639F9CD7CRW6FA,2024-11-21T00:18:55.306259193Z
01JD625W18W8YGB03JTJXBVH5F,01JD60MSG2NNDY5MZB4AYDRZA4,2024-11-21T00:32:58.408813129Z,01JD60MSPJCKMXF8XWZ6DFZ568,2024-11-21T00:32:58.408813129Z,01JD61VX1W99VAQ0HCV0X4M76E,2024-11-21T00:32:58.408813129Z
01JD65H6H583S6X3NE2KBHVJAK,01JD64ZBH2G0PQVSVW9Q8ZKZRG,2024-11-21T01:31:35.333123301Z,01JD64ZCTYKPJ07BZGMZY2GCJA,2024-11-21T01:31:35.333123301Z,01JD6591K3V9Q8VDYW4KNNCKN1,2024-11-21T01:31:35.333123301Z
01JD5ZP4JCV6RNV1WCEAH6QHTN,01JD5XW3TEPJ38TDDHMJWAZ5XG,2024-11-20T23:49:25.708596353Z,01JD5XW3V0F31HK0AYBMG6K9CK,2024-11-20T23:49:25.708596353Z,01JD5YZ0H1K66TMAQWKF088YMQ,2024-11-20T23:49:25.708596353Z
01JD5ZS9DQVHWFT520YF9VN489,01JD5XW304TDFTMPK6MZPMZ4FT,2024-11-20T23:51:08.983549147Z,01JD5XW30T8JCRGFJH3DCJM83J,2024-11-20T23:51:08.983549147Z,01JD5ZH1363P8V6ZT10AFSZPZR,2024-11-20T23:51:08.983549147Z
01JD66AZT3BFQMPTB3EWXMHNPJ,01JD60MC99ATW9D47WTNQ3M3JQ,2024-11-21T01:45:40.419543137Z,01JD60MCBAY7QW4DSY020SVNP7,2024-11-21T01:45:40.419543137Z,01JD65QBHMA800ADYMWY83VZSW,2024-11-21T01:45:40.419543137Z
01JD63SZRZJ7W806WXHSC3GHXD,01JD62MY5EH7CHWS35960FWN1N,2024-11-21T01:01:26.175267327Z,01JD62NDCMTCBMZ3T9N156CC17,2024-11-21T01:01:26.175267327Z,01JD63G5Y35XE4F9T3BTM3WC79,2024-11-21T01:01:26.175267327Z
01JD6B9BB9V7586NR52N15EHXN,01JD68C4D8YK1XX95ZP85A1B3K,2024-11-21T03:12:09.577973088Z,01JD68CJ26GK5S7M53WQPC63E7,2024-11-21T03:12:09.577973088Z,01JD6AXJC924H1S2W4DZKFADEJ,2024-11-21T03:12:09.577973088Z
01JD6B9CCJ1YRJDAHA093D93DT,01JD68C4D8YK1XX95ZP85A1B3K,2024-11-21T03:12:10.64292193Z,01JD68CJ26GK5S7M53WQPC63E7,2024-11-21T03:12:10.64292193Z,01JD6AZHE7T3FA5DYQDWQ8PNJB,2024-11-21T03:12:10.64292193Z
01JD60D145WK387PV2JQQ4A3X8,01JD5XPZTTQNBWPYTYC6XZY6F2,2024-11-21T00:01:55.845410923Z,01JD5XPZV9CC8VA9TFBWRXAMY4,2024-11-21T00:01:55.845410923Z,01JD5Z3XP0G48383AR7E3DK9P4,2024-11-21T00:01:55.845410923Z
01JD60RCXYRQ4EGJN340NV28ZF,01JD60NCVWN9QDCDBV3N0WSMYT,2024-11-21T00:08:08.382280525Z,01JD60NDAG05Y2E2ADKNVPR45R,2024-11-21T00:08:08.382280525Z,01JD60FM7ZKFNRNRYTRAZXXW1E,2024-11-21T00:08:08.382280525Z
01JD5ZJ32V849BGE3Y2DEMFDYY,01JD5XW4KBXRH4JVGNA84TZAMY,2024-11-20T23:47:13.116031121Z,01JD5XW4KP9ZQD6CFR6N4288X3,2024-11-20T23:47:13.116031121Z,01JD5ZC2RF19KC2KGHKR03R9YV,2024-11-20T23:47:13.116031121Z
01JD5ZVAK9M5P76KWHZD62MQ1M,01JD5XW20E04P27C9TTYX3PF1Y,2024-11-20T23:52:15.721572486Z,01JD5XW20V3YKDFD28VZR1D9HY,2024-11-20T23:52:15.721572486Z,01JD5ZPDVS46426YQN46TQQXSR,2024-11-20T23:52:15.721572486Z
01JD614PSXW2S9VNHHNGAGJHWS,01JD60N370WAMMKECPST4ESZMM,2024-11-21T00:14:51.709986891Z,01JD60N3AXABJ9ESBA0QWVG8BY,2024-11-21T00:14:51.709986891Z,01JD60Z8D92F94SQB2PE1FDF20,2024-11-21T00:14:51.709986891Z
01JD61GEPY4ANFKD60PV4QHM1V,01JD60MZ6CPQGET09J2C7XEAB9,2024-11-21T00:21:16.638294829Z,01JD60MZ9RWQ194QE5WWHTTC0N,2024-11-21T00:21:16.638294829Z,01JD6109KHKBSH1V7K1KYAA3FZ,2024-11-21T00:21:16.638294829Z
01JD61GFQ19AXE6E5N0PSWSFAF,01JD60MZ6CPQGET09J2C7XEAB9,2024-11-21T00:21:17.665880824Z,01JD60MZ9RWQ194QE5WWHTTC0N,2024-11-21T00:21:17.665880824Z,01JD6131GFBQYCR9AKVR05TAWP,2024-11-21T00:21:17.665880824Z
01JD626ZN0W60APG85X4NJVSCD,01JD60MRVG8ZA0YM8ENS423B2P,2024-11-21T00:33:34.88038101Z,01JD60MS1CY2EM0EZ1P5EV3GF3,2024-11-21T00:33:34.88038101Z,01JD61WGQ5Y9F36JP7HYCYNZBV,2024-11-21T00:33:34.88038101Z
01JD5YN8AHHF5N57K56QKKEG6A,01JD5XXQ66EY3RN40WK6MEPQVP,2024-11-20T23:31:28.209146267Z,01JD5XXQ6KM5Z6W4T6H1P8YDAV,2024-11-20T23:31:28.209146267Z,01JD5YC31GCM0SP0HWECBJKW3F,2024-11-20T23:31:28.209146267Z
01JD5ZC5BJ42C318CPQZTFYPZW,01JD5XW6249QBCB3SSYGV9R5W1,2024-11-20T23:43:58.835032146Z,01JD5XW62D6CFBBB4G92PJYSZ2,2024-11-20T23:43:58.835032146Z,01JD5YRHRGFAF5Q2AJJJ52QCSD,2024-11-20T23:43:58.835032146Z
01JD68METHFRHHBYRQVGK6MPSE,01JD60M6WS2M71C3NA5HWGYF98,2024-11-21T02:25:47.857992006Z,01JD60M6ZCHZV6V6KCK0DN3HS8,2024-11-21T02:25:47.857992006Z,01JD683640380QSCH4VRJK31W1,2024-11-21T02:25:47.857992006Z
01JD63KS645V64WWX3W84SSBMR,01JD62N3P7RFXRD0ET0GD4VQEH,2024-11-21T00:58:02.820800878Z,01JD62NQ28W99MRV2MHDDJS0XJ,2024-11-21T00:58:02.820800878Z,01JD63CS6088BG91YEA6ZBBK0H,2024-11-21T00:58:02.820800878Z
01JD67H1ABJV9T7NH3XE0AQF9K,01JD60M9N4ZFV9WGAPB04ZC5ZR,2024-11-21T02:06:27.147945415Z,01JD60M9RYW05JZ76XAQVNXWNX,2024-11-21T02:06:27.147945415Z,01JD677S30T9X3NN27C79GCYJW,2024-11-21T02:06:27.147945415Z
01JD5ZP4H172PBDZGJA1GH8AXB,01JD5XW3TEPJ38TDDHMJWAZ5XG,2024-11-20T23:49:25.665356282Z,01JD5XW3V0F31HK0AYBMG6K9CK,2024-11-20T23:49:25.665356282Z,01JD5YWSP18N1VGGHGYB39DB42,2024-11-20T23:49:25.665356282Z
01JD621YYW5X4D8HEVXD4ZRZHW,01JD60MT3H2KZG8ZAED2C833E9,2024-11-21T00:30:50.33253859Z,01JD60MT8QR3J24SNC64EFT6F0,2024-11-21T00:30:50.33253859Z,01JD61VKY5ARP4F99BSXM30AV2,2024-11-21T00:30:50.33253859Z
01JD5YN8A5J556NSPEW7JK9VRD,01JD5XXQ66EY3RN40WK6MEPQVP,2024-11-20T23:31:28.197943424Z,01JD5XXQ6KM5Z6W4T6H1P8YDAV,2024-11-20T23:31:28.197943424Z,01JD5YBBC7G86J5FBPGT1QF9JD,2024-11-20T23:31:28.197943424Z
01JD5ZFGZ6DATJYSF8W69HYQT9,01JD5ZA139SFKYNZ8PRFQZEP1V,2024-11-20T23:45:49.0304091Z,01JD5ZA14KF5W0T8B52MKXMPMK,2024-11-20T23:45:49.0304091Z,01JD5Z83WRQG43HVVW0K4XH2GP,2024-11-20T23:45:49.0304091Z
01JD692W8KEBKYZVWJH36ZRDEJ,01JD68CB5GB0ZJF710X8T3AEEH,2024-11-21T02:33:40.372023424Z,01JD68DDE2RJX6X1NADXZPGG6Z,2024-11-21T02:33:40.372023424Z,01JD68R4YN7X2NAXTX6K6VH3HY,2024-11-21T02:33:40.372023424Z
01JD615VERTWBEZQASD8YQC8AX,01JD60N2JJE740RPZ5MS4ZB5PW,2024-11-21T00:15:29.240161232Z,01JD60N2RDBJBZN5JVWXS6EAFR,2024-11-21T00:15:29.240161232Z,01JD60ZE4G24GAARK0M04MYB39,2024-11-21T00:15:29.240161232Z
01JD62BPT4CCPQVSBVJCSM5MPS,01JD60MQETVDRAYZ40YQFJ43YC,2024-11-21T00:36:09.668105505Z,01JD60MQHGAD2DQ67G1XHYV1ZC,2024-11-21T00:36:09.668105505Z,01JD61WC8CSC8GQ7ZS7PQJRN9A,2024-11-21T00:36:09.668105505Z
01JD5YVT4NKMYD3X94DZPHAN50,01JD5XWEWHEBM6AD4QYYMKY3P4,2024-11-20T23:35:03.061868138Z,01JD5XWEWVNM2618E9YBCY3FBE,2024-11-20T23:35:03.061868138Z,01JD5YHAP12MPJVCS7A15DBRWF,2024-11-20T23:35:03.061868138Z
01JD61C5BW2MM92NB8YSMHXB3B,01JD60MZTZTT7FVFX1DMVDZS6J,2024-11-21T00:18:55.996529208Z,01JD60MZWS0N7S4EKBRXZ7EGQK,2024-11-21T00:18:55.996529208Z,01JD60YNKMEBVNDQ6D7WH55YBH,2024-11-21T00:18:55.996529208Z
01JD5Z7KNV3P9JG6BBWVKKJEG3,01JD5XWA2PJMN3RX1JY0AD5TZ3,2024-11-20T23:41:29.659416825Z,01JD5XWA30XDQ9F2D8EPBFHH93,2024-11-20T23:41:29.659416825Z,01JD5Z15B4FM8X7FM7GPSH84Q1,2024-11-20T23:41:29.659416825Z
01JD5ZEHBYF7WSCDD6YBE94WC5,01JD5XW5AXX5GKZFRCDDYQ1QBB,2024-11-20T23:45:16.67029782Z,01JD5XW5B4C58E0BV2S12WAC7P,2024-11-20T23:45:16.67029782Z,01JD5YYRKHHG2RRA8G6W05BP0G,2024-11-20T23:45:16.67029782Z
01JD5ZEHCG83PRDESVDP0YKB6P,01JD5XW5AXX5GKZFRCDDYQ1QBB,2024-11-20T23:45:16.68885965Z,01JD5XW5B4C58E0BV2S12WAC7P,2024-11-20T23:45:16.68885965Z,01JD5Z2ZVDQFCE8ZWYSEP54CKK,2024-11-20T23:45:16.68885965Z
01JD615VCC8V9JHE5ME20CZPCD,01JD60N2JJE740RPZ5MS4ZB5PW,2024-11-21T00:15:29.164343324Z,01JD60N2RDBJBZN5JVWXS6EAFR,2024-11-21T00:15:29.164343324Z,01JD60TB3KRQDRRP08YX37QD6Q,2024-11-21T00:15:29.164343324Z
01JD63WH1ANBEBRZ3WHN89YV91,01JD62MWKJ1HTCKDY04VTR0GG7,2024-11-21T01:02:49.38693438Z,01JD62N963GBH7B9H4VJKXPP2T,2024-11-21T01:02:49.38693438Z,01JD63EYE4KPV34TXR2P99FSW3,2024-11-21T01:02:49.38693438Z
01JD651T2NS3SQM0BGRY698Q5Q,01JD60MNP50Y5CNX8FJPPVJXCQ,2024-11-21T01:23:11.061281324Z,01JD60MNS7HDE04RDZR59PT714,2024-11-21T01:23:11.061281324Z,01JD64Q566EDF85GXXJQ5TTQ7P,2024-11-21T01:23:11.061281324Z
01JD5YZF0ZSWSC956MCHXG4GRM,01JD5XWCTT59ADVP0AJ903FRHZ,2024-11-20T23:37:02.751085526Z,01JD5XWCV2QGX4D4HTMB3MW7MQ,2024-11-20T23:37:02.751085526Z,01JD5YSNHEY7K49GMA9AHM6ZHJ,2024-11-20T23:37:02.751085526Z
01JD5Z4J419P0P5JB6M42DDB1W,01JD5XWASBBGD92BRSNVQ9RRQ2,2024-11-20T23:39:49.761188702Z,01JD5XWASK3B648VD3CWR1BDMD,2024-11-20T23:39:49.761188702Z,01JD5YYAQJNAZG8T50THQ4ZKS1,2024-11-20T23:39:49.761188702Z
01JD61P4W7HS8DMHWE79WJDY6H,01JD60MYFXED250NQX8PP7HTB1,2024-11-21T00:24:23.175501993Z,01JD60MYHPTR29DQ725QWPX6V5,2024-11-21T00:24:23.175501993Z,01JD60WZJ550QXAZ7GDZ6RAK19,2024-11-21T00:24:23.175501993Z
01JD66BC296HZNJCESMGRJ5S4C,01JD60MBK47A222WWN76Z58GSK,2024-11-21T01:45:52.969482778Z,01JD60MBP1ASE5S7NG7KNSSQRW,2024-11-21T01:45:52.969482778Z,01JD65VZWGC9Q2PW7S4974RZ5P,2024-11-21T01:45:52.969482778Z
01JD66BXW5TA8DC0BJ3VVB3NAZ,01JD60MBK47A222WWN76Z58GSK,2024-11-21T01:46:11.205853006Z,01JD60MBP1ASE5S7NG7KNSSQRW,2024-11-21T01:46:11.205853006Z,01JD662HX8S2Y7RKHY53HK7V2H,2024-11-21T01:46:11.205853006Z
01JD68A0AZRD54N1H9HSFVSS1Z,01JD60M7QC86NJC1Y5GYYFH04B,2024-11-21T02:20:05.343385189Z,01JD60M7RST8Z1YGC4J2NQMD0S,2024-11-21T02:20:05.343385189Z,01JD67RHBP7BVXX1JM4TCJREQG,2024-11-21T02:20:05.343385189Z
01JD69QKWJKT8WHW7B097N24JR,01JD690VCSP73D61HTJANCWNEF,2024-11-21T02:44:59.922669935Z,01JD6913CNQTQ472N1R0YB1RSG,2024-11-21T02:44:59.922669935Z,01JD68S3RB5S9876KGBVFCEZNX,2024-11-21T02:44:59.922669935Z
01JD5Z27JJFK38FJQ8RC6FKP1E,01JD5XWC5HERT0QD2Y66XQ7KR1,2024-11-20T23:38:33.426871835Z,01JD5XWC5SHH5K6JAG9DR6CGCP,2024-11-20T23:38:33.426871835Z,01JD5YQQCQ2TJ368R7YWKH7HF2,2024-11-20T23:38:33.426871835Z
01JD60Y22TD3NQX0NRZ6QSVF09,01JD60N8WKT5T20PV8560XF4FB,2024-11-21T00:11:13.883004668Z,01JD60N936BVSNR8936380TRBW,2024-11-21T00:11:13.883004668Z,01JD60QXWPGHD22MJX2E8A58QX,2024-11-21T00:11:13.883004668Z
01JD5ZVAJ8KR9A1D531S1WERZ6,01JD5XW20E04P27C9TTYX3PF1Y,2024-11-20T23:52:15.688901558Z,01JD5XW20V3YKDFD28VZR1D9HY,2024-11-20T23:52:15.688901558Z,01JD5ZH89ZS2W503RA457FAJBQ,2024-11-20T23:52:15.688901558Z
01JD615VA2XFC7KRVJPP4REBT5,01JD60N2JJE740RPZ5MS4ZB5PW,2024-11-21T00:15:29.090828271Z,01JD60N2RDBJBZN5JVWXS6EAFR,2024-11-21T00:15:29.090828271Z,01JD60SHGX1SH7PY62BNBZJMXN,2024-11-21T00:15:29.090828271Z
01JD6401JPDSRXG5PV7P7M12XA,01JD62MTJHV8DV3HDC5PY7JJQX,2024-11-21T01:04:44.63013403Z,01JD62N05BD2N4WXP4GTAC29QQ,2024-11-21T01:04:44.63013403Z,01JD63MH8PFFBS3F876028G9JR,2024-11-21T01:04:44.63013403Z
01JD654SHTH5NR8WZS24HFXCXY,01JD60MGKGFQG5787VZ8DD5FW2,2024-11-21T01:24:48.826120233Z,01JD60MGSD96GZNSK48NP4NWMC,2024-11-21T01:24:48.826120233Z,01JD64MNRMKS1XYZWG7NSQDVS4,2024-11-21T01:24:48.826120233Z
01JD692KYKNT2ZP8GPMD1CPPZP,01JD68CB5GB0ZJF710X8T3AEEH,2024-11-21T02:33:31.859116995Z,01JD68DDE2RJX6X1NADXZPGG6Z,2024-11-21T02:33:31.859116995Z,01JD68QPP7W5Z9S1G4KNQPPWKJ,2024-11-21T02:33:31.859116995Z
01JD5YX7G24NA6MN1H61YX2PJZ,01JD5XWE6Z1HFVE47MAG1EB7NX,2024-11-20T23:35:49.506584474Z,01JD5XWE78DBCPKD35EV21GQCB,2024-11-20T23:35:49.506584474Z,01JD5YJBDXBWFMH1AHYRFZ2TTW,2024-11-20T23:35:49.506584474Z
01JD5YX7GQ41JFAB0862GJAVSF,01JD5XWE6Z1HFVE47MAG1EB7NX,2024-11-20T23:35:49.527781907Z,01JD5XWE78DBCPKD35EV21GQCB,2024-11-20T23:35:49.527781907Z,01JD5YM8ZKFGJB7Q8WYV5N71Z6,2024-11-20T23:35:49.527781907Z
01JD60ZV0DVXJ2E1STQ70ZD8A6,01JD60N6710HY02WYC4PHA37W5,2024-11-21T00:12:12.17354965Z,01JD60N6CJ8KGDZ8AR05FJMNCE,2024-11-21T00:12:12.17354965Z,01JD60HR6KPR8VP87AE0ZRWNK1,2024-11-21T00:12:12.17354965Z
01JD63R622Y1BJKG16MNPJY7RQ,01JD62N0QAXZ9XC1PNR6N6TX3M,2024-11-21T01:00:27.074167492Z,01JD62NM73SSGWQE0KW7QYD0TV,2024-11-21T01:00:27.074167492Z,01JD63DQAF191XZNJXPFZQWBQ4,2024-11-21T01:00:27.074167492Z
01JD69J2GNZTNFDR82F48MZ3JA,01JD68CAQZ40HHJZATHJRECQ1Z,2024-11-21T02:41:58.293770169Z,01JD68D5AA52VA2Q152X1QJTAF,2024-11-21T02:41:58.293770169Z,01JD6925CF7NM4KZ7H8YGBQP0W,2024-11-21T02:41:58.293770169Z
01JD5Z3FV1E4X7BB4QF3EBKRTH,01JD5XWBFX7986F1N93SW7M3JK,2024-11-20T23:39:14.657634237Z,01JD5XWBG9GPVWY0X113KMCHA0,2024-11-20T23:39:14.657634237Z,01JD5YW5SJSVF4M6M0YZN9NY5C,2024-11-20T23:39:14.657634237Z
01JD60YP9V2TTGHX6GXKJ7SKDH,01JD60N77JCWF3R2WNTV53KSZE,2024-11-21T00:11:34.587579061Z,01JD60N79W8D6H6FRGYDPMWSGZ,2024-11-21T00:11:34.587579061Z,01JD60RFK9JVBTBHS70AN5RCE4,2024-11-21T00:11:34.587579061Z
01JD682GBN94VAHKYEVHXFY2BM,01JD60M8CQ32C55ZWX68TDQ62P,2024-11-21T02:15:59.605745733Z,01JD60M8E5CY420FFH3CRPS0F5,2024-11-21T02:15:59.605745733Z,01JD67RVM5WQ9SANY6HB6DGT46,2024-11-21T02:15:59.605745733Z
01JD64XN95YXYY0VTJDDK30TZG,01JD62MMQXD7EKBAF9ME6M0PT4,2024-11-21T01:20:55.077892479Z,01JD62MN0C7F8NBQD4WQQ3Z6PG,2024-11-21T01:20:55.077892479Z,01JD64NBC4SHJYB7HRCRV3BX2G,2024-11-21T01:20:55.077892479Z
01JD67GZSMZ6PJAMAJ8C9DN4WK,01JD60M9N4ZFV9WGAPB04ZC5ZR,2024-11-21T02:06:25.589008679Z,01JD60M9RYW05JZ76XAQVNXWNX,2024-11-21T02:06:25.589008679Z,01JD675QCS64QPS12YTBXNT16D,2024-11-21T02:06:25.589008679Z
01JD60NHVFFR8PWAWQG2MZPPES,01JD60BQQR5T7Z3TAK6SEG54J1,2024-11-21T00:06:35.11957479Z,01JD60BQSCB245AZMDGT5W0YVS,2024-11-21T00:06:35.11957479Z,01JD60FAHXJA1Z89EPG6SCB2TQ,2024-11-21T00:06:35.11957479Z
01JD63KRV44RW6Y4CG05S3ZYHZ,01JD62N3P7RFXRD0ET0GD4VQEH,2024-11-21T00:58:02.468118043Z,01JD62NQ28W99MRV2MHDDJS0XJ,2024-11-21T00:58:02.468118043Z,01JD63CBY0X543DYVBZ1G69177,2024-11-21T00:58:02.468118043Z
01JD63R6RX8HXA49E2NRZ2NRPW,01JD62N0QAXZ9XC1PNR6N6TX3M,2024-11-21T01:00:27.805592442Z,01JD62NM73SSGWQE0KW7QYD0TV,2024-11-21T01:00:27.805592442Z,01JD63EGTKP4VY7X6D7TJ31W9R,2024-11-21T01:00:27.805592442Z
01JD69WZ2AEJSQRXV0HSYN1PGR,01JD68CA8X01VH5D8VR1E3RCXH,2024-11-21T02:47:55.210121824Z,01JD68D4NQ3KSA0EWX6KGS3H80,2024-11-21T02:47:55.210121824Z,01JD696N297PVBDHQ1P5X34NYN,2024-11-21T02:47:55.210121824Z
01JD5YZF0B65V7ZQSHTG3Z91F4,01JD5XWCTT59ADVP0AJ903FRHZ,2024-11-20T23:37:02.731467606Z,01JD5XWCV2QGX4D4HTMB3MW7MQ,2024-11-20T23:37:02.731467606Z,01JD5YQA9J3JW4ABGVN70F0BJ5,2024-11-20T23:37:02.731467606Z
01JD6012V7D17N0JJ9G9HAM38P,01JD5XQ34Z798M3ESKHQDA5RZJ,2024-11-20T23:55:24.391844582Z,01JD5XQ358Y87ET54AH5K8KFPB,2024-11-20T23:55:24.391844582Z,01JD5ZP32FZ0VJWX6RT2XET33V,2024-11-20T23:55:24.391844582Z
01JD68MDNW1ZV5EMQ8R8WZ67EZ,01JD60M6WS2M71C3NA5HWGYF98,2024-11-21T02:25:46.684857607Z,01JD60M6ZCHZV6V6KCK0DN3HS8,2024-11-21T02:25:46.684857607Z,01JD67YB9F6HCJYMQJ1F7VD45H,2024-11-21T02:25:46.684857607Z
01JD60RD25KZQ8TBYH63ZMJSDD,01JD60NCVWN9QDCDBV3N0WSMYT,2024-11-21T00:08:08.51790646Z,01JD60NDAG05Y2E2ADKNVPR45R,2024-11-21T00:08:08.51790646Z,01JD60KAQ9SRTVRTP4H8M9RVDB,2024-11-21T00:08:08.51790646Z
01JD60W90MCCNFBXSJBK67N71S,01JD60NA7SN5WMDX1DTX77GFPD,2024-11-21T00:10:15.44432123Z,01JD60NAEX2413HP0GW1AS7MG3,2024-11-21T00:10:15.44432123Z,01JD60FEMWPBWEQH8WNFNGCDNP,2024-11-21T00:10:15.44432123Z
01JD60NHZBBG6G7JZ34GKX3GA5,01JD60BQQR5T7Z3TAK6SEG54J1,2024-11-21T00:06:35.243241361Z,01JD60BQSCB245AZMDGT5W0YVS,2024-11-21T00:06:35.243241361Z,01JD60FDJ94KNWV23JJR15HN9Z,2024-11-21T00:06:35.243241361Z
01JD60PP9GG1SDZVWWN308B7PY,01JD6067AR8RCGY0TRSWPPVRP0,2024-11-21T00:07:12.432281374Z,01JD6067DJZECVV3PJY0FTC1Z7,2024-11-21T00:07:12.432281374Z,01JD60G55W6RA0ZCCYV1XW8PT0,2024-11-21T00:07:12.432281374Z
01JD60D12WQB49916GKT6DT0Y8,01JD5XPZTTQNBWPYTYC6XZY6F2,2024-11-21T00:01:55.804286178Z,01JD5XPZV9CC8VA9TFBWRXAMY4,2024-11-21T00:01:55.804286178Z,01JD5YZ41A2CRPKF5KWCYW655X,2024-11-21T00:01:55.804286178Z
01JD639XRF1WYSF454P2TYMTC2,01JD62N4FY97KNTKQ6JH99ZTVP,2024-11-21T00:52:39.823259134Z,01JD62NQCTR8W08KWEYE6V1N0S,2024-11-21T00:52:39.823259134Z,01JD6349X3VGYTSV3CF81BD3EW,2024-11-21T00:52:39.823259134Z
01JD659X28W5V01J863Z0B4MYH,01JD64ZFE4DFSA7GB721BPD2PX,2024-11-21T01:27:36.264745645Z,01JD64ZGPF1258T1JXXZVFMC3Y,2024-11-21T01:27:36.264745645Z,01JD64WPCZRTATAY48TR3F6WV9,2024-11-21T01:27:36.264745645Z
01JD66GQ4496SP6MFGMBXPC87S,01JD60MDFYPBJN4DTVNT7DQCG1,2024-11-21T01:48:48.132539759Z,01JD60MDJN1ADFKA1ST0ANDCM0,2024-11-21T01:48:48.132539759Z,01JD6505W9ECWZJHDYQRDAWX68,2024-11-21T01:48:48.132539759Z
01JD5YA07CS6S4J726PV7HEK79,01JD5XQ424R76YPNZH07JRR8DV,2024-11-20T23:25:19.468096943Z,01JD5XQ42FS5VWBKPMTMDW48BN,2024-11-20T23:25:19.468096943Z,01JD5Y2QE6DRK7K9M1TS4FMWFG,2024-11-20T23:25:19.468096943Z
01JD5ZP4MEC2XKVD620JEKYBKN,01JD5XW3TEPJ38TDDHMJWAZ5XG,2024-11-20T23:49:25.774771483Z,01JD5XW3V0F31HK0AYBMG6K9CK,2024-11-20T23:49:25.774771483Z,01JD5ZEGVTKAY0BA33E4YQRCW3,2024-11-20T23:49:25.774771483Z
01JD66BHD2J06FQRH28Z9XSZGQ,01JD60MC99ATW9D47WTNQ3M3JQ,2024-11-21T01:45:58.434786604Z,01JD60MCBAY7QW4DSY020SVNP7,2024-11-21T01:45:58.434786604Z,01JD65VRXFSP3AADMSJFEVZBF3,2024-11-21T01:45:58.434786604Z
01JD682H4GRMKEQQMW72WW9NKP,01JD60M8CQ32C55ZWX68TDQ62P,2024-11-21T02:16:00.400909545Z,01JD60M8E5CY420FFH3CRPS0F5,2024-11-21T02:16:00.400909545Z,01JD67T5H745WXSCMEDWXFJRG5,2024-11-21T02:16:00.400909545Z
01JD69QZ338G33CA8ZW256M2NR,01JD690VCSP73D61HTJANCWNEF,2024-11-21T02:45:11.396529828Z,01JD6913CNQTQ472N1R0YB1RSG,2024-11-21T02:45:11.396529828Z,01JD69FJ9M3GQRFVABW00MB6V0,2024-11-21T02:45:11.396529828Z
01JD612GNCFDP6FTRTB6VSN1FN,01JD60N3WZ0RHSJ5PRS8Z9365Z,2024-11-21T00:13:39.884201561Z,01JD60N42012RAHRDYGAM2NEGC,2024-11-21T00:13:39.884201561Z,01JD60XETSVP4QX5QW3Z5GDJ4M,2024-11-21T00:13:39.884201561Z
01JD639WTN516VVYBMPQ7XJ2GF,01JD62N4FY97KNTKQ6JH99ZTVP,2024-11-21T00:52:38.869598144Z,01JD62NQCTR8W08KWEYE6V1N0S,2024-11-21T00:52:38.869598144Z,01JD632AWQA49RQ7GY6HBZNTHY,2024-11-21T00:52:38.869598144Z
01JD6116N7BT4A5D0S72HSBNT9,01JD60N50HR2PHY2KBT0EG6R71,2024-11-21T00:12:56.871244613Z,01JD60N52JBSTJWB7TGYSPTFQA,2024-11-21T00:12:56.871244613Z,01JD60QSVTWQMD2M7VJES8TEV9,2024-11-21T00:12:56.871244613Z
01JD62A3RC28G2VSJ9DHA3EK4T,01JD60MR4MJ4PR6B2W6V0XJF47,2024-11-21T00:35:17.388218248Z,01JD60MR7NST50ZT9D8W99ARA4,2024-11-21T00:35:17.388218248Z,01JD61ZKA566M0DXAEN37XAVWN,2024-11-21T00:35:17.388218248Z
01JD626ZYC63DN9GRM42S4TMQ5,01JD60MRVG8ZA0YM8ENS423B2P,2024-11-21T00:33:35.180545071Z,01JD60MS1CY2EM0EZ1P5EV3GF3,2024-11-21T00:33:35.180545071Z,01JD61WQ5XB6YJNZT14683FQ9R,2024-11-21T00:33:35.180545071Z
01JD63WHKY5CRH2FC4X4KR97RC,01JD62MWKJ1HTCKDY04VTR0GG7,2024-11-21T01:02:49.982529723Z,01JD62N963GBH7B9H4VJKXPP2T,2024-11-21T01:02:49.982529723Z,01JD63FGXJNJN9AXWR1T62S2RZ,2024-11-21T01:02:49.982529723Z
01JD64XM1FCJYTMKNTTD3WRTAY,01JD62MMQXD7EKBAF9ME6M0PT4,2024-11-21T01:20:53.807249482Z,01JD62MN0C7F8NBQD4WQQ3Z6PG,2024-11-21T01:20:53.807249482Z,01JD64MV0XAAFMXXQ14D9WWGT6,2024-11-21T01:20:53.807249482Z
01JD66GZ28J9RGWY3RSB332CT6,01JD60MDFYPBJN4DTVNT7DQCG1,2024-11-21T01:48:56.264809501Z,01JD60MDJN1ADFKA1ST0ANDCM0,2024-11-21T01:48:56.264809501Z,01JD6606ZBQFRPE34GA2YQ9F0R,2024-11-21T01:48:56.264809501Z
01JD67H0ANCMKQ7ANCX7QJPW30,01JD60M9N4ZFV9WGAPB04ZC5ZR,2024-11-21T02:06:26.133249094Z,01JD60M9RYW05JZ76XAQVNXWNX,2024-11-21T02:06:26.133249094Z,01JD675T169KQRQWKBFFB6EWFJ,2024-11-21T02:06:26.133249094Z
01JD67H0SA33759S4H4BG0YSHF,01JD60M9N4ZFV9WGAPB04ZC5ZR,2024-11-21T02:06:26.603967357Z,01JD60M9RYW05JZ76XAQVNXWNX,2024-11-21T02:06:26.603967357Z,01JD675XE03Q0910ZS2Q93KQ18,2024-11-21T02:06:26.603967357Z
01JD5Z3FVFBRCJ705992RMXMJC,01JD5XWBFX7986F1N93SW7M3JK,2024-11-20T23:39:14.671545348Z,01JD5XWBG9GPVWY0X113KMCHA0,2024-11-20T23:39:14.671545348Z,01JD5YWA1MMKK9D12BDGF67R4X,2024-11-20T23:39:14.671545348Z
01JD61P6HBSD7ZHASRZ23FDJ06,01JD60MXQCPYA0QXBEMQKTD9XZ,2024-11-21T00:24:24.875168864Z,01JD60MXTE3FEEHGDDB7V324MT,2024-11-21T00:24:24.875168864Z,01JD60Z1GNKZFZT53GRE5VZN56,2024-11-21T00:24:24.875168864Z
01JD692QVVM6KWQ4QNVRWSEMRZ,01JD68CB5GB0ZJF710X8T3AEEH,2024-11-21T02:33:35.867564986Z,01JD68DDE2RJX6X1NADXZPGG6Z,2024-11-21T02:33:35.867564986Z,01JD68QS4CK9E8W8K6ZB2H9A24,2024-11-21T02:33:35.867564986Z
01JD62A305P2TERA7ZVJV1HXYC,01JD60MR4MJ4PR6B2W6V0XJF47,2024-11-21T00:35:16.613819902Z,01JD60MR7NST50ZT9D8W99ARA4,2024-11-21T00:35:16.613819902Z,01JD61V7A2DB722VJPFVQHM0JV,2024-11-21T00:35:16.613819902Z
01JD62A3GKCDR19NM8TZ06K1JB,01JD60MR4MJ4PR6B2W6V0XJF47,2024-11-21T00:35:17.139764577Z,01JD60MR7NST50ZT9D8W99ARA4,2024-11-21T00:35:17.139764577Z,01JD61VR2YTP9H14RCPXR8BC7S,2024-11-21T00:35:17.139764577Z
01JD612GFRJCT0GPH5FVP47CT3,01JD60N3WZ0RHSJ5PRS8Z9365Z,2024-11-21T00:13:39.704842431Z,01JD60N42012RAHRDYGAM2NEGC,2024-11-21T00:13:39.704842431Z,01JD60FZK7EYY0SKJNQJGSQNZD,2024-11-21T00:13:39.704842431Z
01JD6192SDGBVG3B4W05MYGPXJ,01JD60N0CJSFBPRR8PTC9SNTAS,2024-11-21T00:17:15.053693605Z,01JD60N0JD1S52XW4VT20XCZCD,2024-11-21T00:17:15.053693605Z,01JD60R2CGJSC44E63A85MEWMK,2024-11-21T00:17:15.053693605Z
01JD6193FR60CVB79RTYVTG5D4,01JD60N0CJSFBPRR8PTC9SNTAS,2024-11-21T00:17:15.768436156Z,01JD60N0JD1S52XW4VT20XCZCD,2024-11-21T00:17:15.768436156Z,01JD610CJYS2T94XXN8RY81MMC,2024-11-21T00:17:15.768436156Z
01JD66CB7PGRGPGC24BCQZEN5K,01JD60MBK47A222WWN76Z58GSK,2024-11-21T01:46:24.886377093Z,01JD60MBP1ASE5S7NG7KNSSQRW,2024-11-21T01:46:24.886377093Z,01JD664MJCE0553J8TTKR71CZJ,2024-11-21T01:46:24.886377093Z
01JD68XRD8ZEC31J8PFM4V2FMS,01JD6066RNTY5M5XW0JR9ZV652,2024-11-21T02:30:52.584072966Z,01JD6066TQNTSYEWP6NTPB2QXT,2024-11-21T02:30:52.584072966Z,01JD68JP0SGN4DJ6HA2A0A110T,2024-11-21T02:30:52.584072966Z
01JD60TK66GJPTGRT0FV2R4GG3,01JD60NBGPPEVY9NEY312RMG00,2024-11-21T00:09:20.326128195Z,01JD60NBWB7SKXC8AFW5RCNAAB,2024-11-21T00:09:20.326128195Z,01JD60N1J662BP6QC304YAJ3SQ,2024-11-21T00:09:20.326128195Z
01JD617K2C0YSFY7FPATJMEGT7,01JD60N128FFEVP0W9D0XW772H,2024-11-21T00:16:26.188247504Z,01JD60N145E97X378X5CZSQD9W,2024-11-21T00:16:26.188247504Z,01JD60ZG77R0P25X18TJREVC5F,2024-11-21T00:16:26.188247504Z
01JD615V7NS8HQBMGTC7GRS0BB,01JD60N2JJE740RPZ5MS4ZB5PW,2024-11-21T00:15:29.013467144Z,01JD60N2RDBJBZN5JVWXS6EAFR,2024-11-21T00:15:29.013467144Z,01JD60F2JHCSNJNQ2KGNH73C4R,2024-11-21T00:15:29.013467144Z
01JD62CDBM31M78EBBFA6GXV2C,01JD60MPV0392Q1WZZV3KJZGZK,2024-11-21T00:36:32.756829521Z,01JD60MQ1K1874EFKTD7VW5KM1,2024-11-21T00:36:32.756829521Z,01JD61ZXCPVVHPDR2AGA0XJZMX,2024-11-21T00:36:32.756829521Z
01JD63KSFXBW6ZWKWT5EJ7WDF6,01JD62N3P7RFXRD0ET0GD4VQEH,2024-11-21T00:58:03.133786423Z,01JD62NQ28W99MRV2MHDDJS0XJ,2024-11-21T00:58:03.133786423Z,01JD63ERRKT5KM1YBRND2S250N,2024-11-21T00:58:03.133786423Z
01JD60PP78G10HF6BVMXFM8AMB,01JD6067AR8RCGY0TRSWPPVRP0,2024-11-21T00:07:12.360687075Z,01JD6067DJZECVV3PJY0FTC1Z7,2024-11-21T00:07:12.360687075Z,01JD60G0C8MDSPQNXZZ5WYQ8GX,2024-11-21T00:07:12.360687075Z
01JD6116B8FGGRHM886K06NDEN,01JD60N50HR2PHY2KBT0EG6R71,2024-11-21T00:12:56.552600854Z,01JD60N52JBSTJWB7TGYSPTFQA,2024-11-21T00:12:56.552600854Z,01JD60KZA1T55NPP5HH31PQ1VM,2024-11-21T00:12:56.552600854Z
01JD640EGCWV3JY2BMR6GP024V,01JD62MTJHV8DV3HDC5PY7JJQX,2024-11-21T01:04:57.868534772Z,01JD62N05BD2N4WXP4GTAC29QQ,2024-11-21T01:04:57.868534772Z,01JD63QJEKD6X8XZQRR9GAM5HV,2024-11-21T01:04:57.868534772Z
01JD682FKJVN9SH59AX2ZTV9NN,01JD60M8CQ32C55ZWX68TDQ62P,2024-11-21T02:15:58.834120445Z,01JD60M8E5CY420FFH3CRPS0F5,2024-11-21T02:15:58.834120445Z,01JD67QHF9T4E5SFWYQQXDBB25,2024-11-21T02:15:58.834120445Z
01JD69X1JDQPTVXPYR1CH9GP50,01JD68CA8X01VH5D8VR1E3RCXH,2024-11-21T02:47:57.773779585Z,01JD68D4NQ3KSA0EWX6KGS3H80,2024-11-21T02:47:57.773779585Z,01JD69DC8QEZE4PT39XYYV1Z02,2024-11-21T02:47:57.773779585Z
01JD5YX7FSD05CYAD2Y76TR4TB,01JD5XWE6Z1HFVE47MAG1EB7NX,2024-11-20T23:35:49.497566686Z,01JD5XWE78DBCPKD35EV21GQCB,2024-11-20T23:35:49.497566686Z,01JD5YHM7H8SR7HHQFQ8WCTZFM,2024-11-20T23:35:49.497566686Z
01JD61P5X51YKJNDA0VZDD76VK,01JD60MYFXED250NQX8PP7HTB1,2024-11-21T00:24:24.229751745Z,01JD60MYHPTR29DQ725QWPX6V5,2024-11-21T00:24:24.229751745Z,01JD61ADB7GNS9SEZ099EXT2VB,2024-11-21T00:24:24.229751745Z
01JD63KSAMEV2AK5CSVS7C5893,01JD62N3P7RFXRD0ET0GD4VQEH,2024-11-21T00:58:02.964921761Z,01JD62NQ28W99MRV2MHDDJS0XJ,2024-11-21T00:58:02.964921761Z,01JD63CV4EVRVBD9703RE48XMR,2024-11-21T00:58:02.964921761Z
01JD65A00E94HTG9DC1CSACA17,01JD64ZFE4DFSA7GB721BPD2PX,2024-11-21T01:27:39.27840403Z,01JD64ZGPF1258T1JXXZVFMC3Y,2024-11-21T01:27:39.27840403Z,01JD6504E1RJZTVT676HRQ1KXZ,2024-11-21T01:27:39.27840403Z
01JD666HADZM60VER6GTC718E7,01JD60MCWR9VYWES3B6KTHXBMP,2024-11-21T01:43:14.509441039Z,01JD60MCYXBWE024Z00PN0RVBW,2024-11-21T01:43:14.509441039Z,01JD65Q6SKG21WKR13F2QZAEDA,2024-11-21T01:43:14.509441039Z
01JD5YZF00E8NC46P92RFBJYSX,01JD5XWCTT59ADVP0AJ903FRHZ,2024-11-20T23:37:02.720288463Z,01JD5XWCV2QGX4D4HTMB3MW7MQ,2024-11-20T23:37:02.720288463Z,01JD5YP16H0F3EFZP0E87KZ8WA,2024-11-20T23:37:02.720288463Z
01JD62C5581VWZGTWCX149JYVT,01JD60MPV0392Q1WZZV3KJZGZK,2024-11-21T00:36:24.36018633Z,01JD60MQ1K1874EFKTD7VW5KM1,2024-11-21T00:36:24.36018633Z,01JD61ZJ675NCAV4KCKNE4T5DN,2024-11-21T00:36:24.36018633Z
01JD5Z8NCE6A0SZ2W91GYVF1HD,01JD5XW9FXSBAVGRFEFZ4NCACZ,2024-11-20T23:42:04.175033962Z,01JD5XW9G60160R1954QTF1RPP,2024-11-20T23:42:04.175033962Z,01JD5YXVBGTGPK6C8ADV0B7BQ4,2024-11-20T23:42:04.175033962Z
01JD6662X63YB2HD1K1M0NT85C,01JD60MCWR9VYWES3B6KTHXBMP,2024-11-21T01:42:59.750991695Z,01JD60MCYXBWE024Z00PN0RVBW,2024-11-21T01:42:59.750991695Z,01JD65PHHRRCDW6ESF1QMDBBEN,2024-11-21T01:42:59.750991695Z
