﻿id,gameID,gameIDLastChangedAt,exitSurvey,exitSurveyLastChangedAt,treatmentName,treatmentNameLastChangedAt,participantIdentifier,participantIdentifierLastChangedAt,introDone,introDoneLastChangedAt,participantID,participantIDLastChangedAt,recipient,recipientLastChangedAt,exitStep,exitStepLastChangedAt,name,nameLastChangedAt,emojiArray,emojiArrayLastChangedAt,treatment,treatmentLastChangedAt,intro,introLastChangedAt,urlParams,urlParamsLastChangedAt,ended,endedLastChangedAt
01HTR0TB93CVT5002XEX47Z1Z6,01HTR0G3XEWC26FTTX4NKN0VSW,2024-04-05T20:57:17.356001838Z,"{""age"":""26"",""gender"":""Female"",""strength"":""I felt I was doing well until the rounds went over 9"",""fair"":""Yes"",""feedback"":"""",""education"":""master"",""teammates"":""I can't tell if they were telling the truth. One person did not answer and another simply said the total number they had seen by that point which made it confusing."",""notes"":""I took mental notes, but got confused when the rounds went higher than 9 and lost count."",""politics"":""Left"",""geo"":""Canada"",""ethnicity"":""White""}",2024-04-05T21:15:50.055687857Z,experiment1-0.7,2024-04-05T20:57:17.356001838Z,5e6184333e3f120691de9f63,2024-04-05T20:57:17.347376083Z,true,2024-04-05T20:59:45.85326075Z,01HTR0TAWQE81R85HB5CMTXCS6,2024-04-05T20:57:17.347376083Z,01HTR0V4KK6PGGX6PRN9TYN12J,2024-04-05T21:13:28.001692448Z,1,2024-04-05T21:15:50.146225762Z,player 1,2024-04-05T21:02:24.451148961Z,"[""🐇"",""🐇"",""🐿️"",""                                   "",""🐇"",""🐿️"",""🐿️""]",2024-04-05T21:02:24.451148961Z,"{""condition"":""unidirectional"",""opinion"":""slider"",""playerCount"":4,""trueP"":0.7}",2024-04-05T20:57:17.356001838Z,4,2024-04-05T20:59:38.654288385Z,{},2024-04-05T20:57:17.546708212Z,game ended,2024-04-05T21:14:28.283077219Z
01HTR0V4KK6PGGX6PRN9TYN12J,01HTR0G3XEWC26FTTX4NKN0VSW,2024-04-05T20:57:43.291961553Z,"{""age"":""24"",""gender"":""male"",""strength"":"""",""fair"":""yes "",""feedback"":"""",""education"":""master"",""teammates"":""I was telling the truth and other teammates were good co-players "",""notes"":""yes "",""politics"":""left"",""geo"":""Canadian "",""ethnicity"":""Asian""}",2024-04-05T21:15:04.861069063Z,experiment1-0.7,2024-04-05T20:57:43.291961553Z,61325851c8a9eb311bc63c3d,2024-04-05T20:57:43.283593984Z,true,2024-04-05T21:01:01.307083754Z,01HTR0V455Q8H0HGS71DYYKVXY,2024-04-05T20:57:43.283593984Z,01HTR0XKXG4233NA25V5214NT3,2024-04-05T21:13:28.001692448Z,1,2024-04-05T21:15:04.874383754Z,player 2,2024-04-05T21:02:24.451148961Z,"[""🐇"",""🐇"",""🐇"",""🐇"",""🐇"",""🐇"",""                                   "",""🐇"",""🐿️"",""🐿️""]",2024-04-05T21:02:24.451148961Z,"{""condition"":""unidirectional"",""opinion"":""slider"",""playerCount"":4,""trueP"":0.7}",2024-04-05T20:57:43.291961553Z,4,2024-04-05T21:00:50.815148006Z,{},2024-04-05T20:57:43.538127642Z,game ended,2024-04-05T21:14:28.283077219Z
01HTR0XKXG4233NA25V5214NT3,01HTR0G3XEWC26FTTX4NKN0VSW,2024-04-05T20:59:04.504357423Z,"{""age"":""37"",""gender"":""Female"",""strength"":""honesty "",""fair"":""yes"",""feedback"":"""",""education"":""other"",""teammates"":""I guess so. "",""notes"":""no"",""politics"":""liberal"",""geo"":""Ontario"",""ethnicity"":""Canadian""}",2024-04-05T21:15:29.974783811Z,experiment1-0.7,2024-04-05T20:59:04.504357423Z,6033f4900b194d182989affc,2024-04-05T20:59:04.496808948Z,true,2024-04-05T21:02:24.355837466Z,01HTR0XKHZBDBPSPXP2MF4R8TB,2024-04-05T20:59:04.496808948Z,01HTR0Y71GJDK4PZR0YRFP234C,2024-04-05T21:13:28.001692448Z,1,2024-04-05T21:15:29.990489344Z,player 3,2024-04-05T21:02:24.451148961Z,"[""🐇"",""                                   "",""🐇"",""🐇""]",2024-04-05T21:02:24.451148961Z,"{""condition"":""unidirectional"",""opinion"":""slider"",""playerCount"":4,""trueP"":0.7}",2024-04-05T20:59:04.504357423Z,4,2024-04-05T21:02:17.381703151Z,{},2024-04-05T20:59:04.678424564Z,game ended,2024-04-05T21:14:28.283077219Z
01HTR0Y71GJDK4PZR0YRFP234C,01HTR0G3XEWC26FTTX4NKN0VSW,2024-04-05T20:59:24.087401704Z,"{""age"":""63"",""gender"":""f"",""strength"":""high"",""fair"":""sure"",""feedback"":""none"",""education"":""master"",""teammates"":""I think so. Why would they lie?"",""notes"":""YEs"",""politics"":""l"",""geo"":""usa"",""ethnicity"":""w""}",2024-04-05T21:15:35.03756963Z,experiment1-0.7,2024-04-05T20:59:24.087401704Z,6072f66f641753959755ba8a,2024-04-05T20:59:24.080770367Z,true,2024-04-05T21:02:20.868474092Z,01HTR0Y6KB8SH1CQP8RJZFV9SJ,2024-04-05T20:59:24.080770367Z,01HTR0TB93CVT5002XEX47Z1Z6,2024-04-05T21:13:28.001692448Z,1,2024-04-05T21:15:35.038950408Z,player 4,2024-04-05T21:02:24.451148961Z,"[""                                   "",""🐿️"",""🐇""]",2024-04-05T21:02:24.451148961Z,"{""condition"":""unidirectional"",""opinion"":""slider"",""playerCount"":4,""trueP"":0.7}",2024-04-05T20:59:24.087401704Z,4,2024-04-05T21:02:12.476807837Z,{},2024-04-05T20:59:24.318538855Z,game ended,2024-04-05T21:14:28.283077219Z
01HTR0YECTNPT76HVPT2G2N1JF,,2024-04-05T21:02:24.360485036Z,"{""age"":""40"",""gender"":""F"",""strength"":"""",""fair"":"""",""feedback"":""While I was reading the instructions the game jumped to the exit survey. "",""education"":""bachelor"",""teammates"":"""",""notes"":""no"",""politics"":""left"",""geo"":""Canadian"",""ethnicity"":""caucasian""}",2024-04-05T21:05:29.055750147Z,experiment1-0.7,2024-04-05T20:59:31.621451427Z,5d49e29c0f6571000144a7f1,2024-04-05T20:59:31.610562407Z,,,01HTR0YE0PG8XKG54MF08DAK9M,2024-04-05T20:59:31.610562407Z,,,1,2024-04-05T21:05:29.056453891Z,,,,,"{""condition"":""unidirectional"",""opinion"":""slider"",""playerCount"":4,""trueP"":0.7}",2024-04-05T20:59:31.621451427Z,1,2024-04-05T21:00:44.172907562Z,{},2024-04-05T20:59:31.783500909Z,no more games,2024-04-05T21:02:24.360485036Z
01HTR0Z6QBKKYDFAASTQZ41NVN,,2024-04-05T21:02:24.360485036Z,"{""age"":""33"",""gender"":""Male"",""strength"":"""",""fair"":"""",""feedback"":"""",""education"":""bachelor"",""teammates"":"""",""notes"":"""",""politics"":"""",""geo"":"""",""ethnicity"":""Black British""}",2024-04-05T21:03:13.123186819Z,experiment1-0.7,2024-04-05T20:59:56.533934411Z,5f342729bd94492d34cba013,2024-04-05T20:59:56.523995947Z,,,01HTR0Z61H10E8N0R9MZJSKBC2,2024-04-05T20:59:56.523995947Z,,,1,2024-04-05T21:03:13.127051421Z,,,,,"{""condition"":""unidirectional"",""opinion"":""slider"",""playerCount"":4,""trueP"":0.7}",2024-04-05T20:59:56.533934411Z,1,2024-04-05T21:00:14.481546933Z,{},2024-04-05T20:59:56.873004863Z,no more games,2024-04-05T21:23:31.319400829Z
01HTR10CAR36R952J17JEBZN4T,,2024-04-05T21:02:24.360485036Z,"{""age"":""32"",""gender"":""female"",""strength"":""I wish I had a chance "",""fair"":""no because of the glitch "",""feedback"":""I was not able to interact with anyone... it went from intrustions to this page."",""education"":""bachelor"",""teammates"":""I was not able to interact with anyone... it went from intrustions to this page."",""notes"":""I think there might have been a glitch, I got the instructions and then this screen was the next page...."",""politics"":""conservative"",""geo"":""Canadian"",""ethnicity"":""white""}",2024-04-05T21:04:46.146768199Z,experiment1-0.7,2024-04-05T21:00:35.040482175Z,655e2517e25fe2e95f2d8751,2024-04-05T21:00:35.032947049Z,,,01HTR10BW3SXS69BRH96PVBKPN,2024-04-05T21:00:35.032947049Z,,,1,2024-04-05T21:04:46.14625481Z,,,,,"{""condition"":""unidirectional"",""opinion"":""slider"",""playerCount"":4,""trueP"":0.7}",2024-04-05T21:00:35.040482175Z,1,2024-04-05T21:00:52.53397201Z,{},2024-04-05T21:00:35.278759655Z,no more games,2024-04-05T21:02:24.360485036Z
01HTR10X08YEZF3QACGJ8HD2DD,,2024-04-05T21:02:24.360485036Z,,,experiment1-0.7,2024-04-05T21:00:52.111013192Z,5c2c1e7810677f0001dcb7f8,2024-04-05T21:00:52.104471135Z,,,01HTR10WPWYAE2EQSMGV1ZG542,2024-04-05T21:00:52.104471135Z,,,,,,,,,"{""condition"":""unidirectional"",""opinion"":""slider"",""playerCount"":4,""trueP"":0.7}",2024-04-05T21:00:52.111013192Z,2,2024-04-05T21:02:21.720422192Z,{},2024-04-05T21:00:52.253854496Z,no more games,2024-04-05T21:02:24.360485036Z
01HTR12W7KY4PYCMP3M5H5323S,,2024-04-05T21:02:24.360485036Z,,,experiment1-0.7,2024-04-05T21:01:56.863961856Z,5f401654692cc6106c75f575,2024-04-05T21:01:56.85166933Z,,,01HTR12W0RPFHZNKFRN57V8TD2,2024-04-05T21:01:56.85166933Z,,,,,,,,,"{""condition"":""unidirectional"",""opinion"":""slider"",""playerCount"":4,""trueP"":0.7}",2024-04-05T21:01:56.863961856Z,1,2024-04-05T21:02:06.28445968Z,{},2024-04-05T21:01:56.972590677Z,no more games,2024-04-05T21:03:03.850161733Z
01HTR16PMDJ6MC0MGQA9TS5N4V,01HTR0GAJ00GNBXE3C2GF3X8B5,2024-04-05T21:04:02.198626774Z,,,experiment2-interactive,2024-04-05T21:04:02.198626774Z,5f401654692cc6106c75f57,2024-04-05T21:04:02.18999078Z,true,2024-04-05T21:06:04.794244184Z,01HTR16PCDB8XTY6SZT5GZJXQZ,2024-04-05T21:04:02.18999078Z,01HTR17JSJBMDX51JF9MV27BQA,2024-04-05T21:21:29.615506507Z,,,player 1,2024-04-05T21:10:26.442117539Z,"[""🐇"",""🐇"",""🐿️"",""                                   "",""🐇"",""🐿️"",""🐿️"",""🐇"",""🐇""]",2024-04-05T21:10:26.442117539Z,"{""condition"":""interactive"",""opinion"":""slider"",""playerCount"":4,""trueP"":0.7}",2024-04-05T21:04:02.198626774Z,4,2024-04-05T21:06:02.286111527Z,{},2024-04-05T21:04:02.324996747Z,game ended,2024-04-05T21:22:29.794711965Z
01HTR17JSJBMDX51JF9MV27BQA,01HTR0GAJ00GNBXE3C2GF3X8B5,2024-04-05T21:04:31.033421541Z,,,experiment2-interactive,2024-04-05T21:04:31.033421541Z,Zainab,2024-04-05T21:04:31.026066735Z,true,2024-04-05T21:07:49.793240819Z,01HTR17J6B8PA2463Z6PFKR271,2024-04-05T21:04:31.026066735Z,01HTR19E726TXWMF2JCA1BPPMZ,2024-04-05T21:21:29.615506507Z,,,player 2,2024-04-05T21:10:26.442117539Z,"[""                                   "",""🐇"",""🐇"",""🐇"",""🐿️"",""🐿️"",""🐇"",""🐇""]",2024-04-05T21:10:26.442117539Z,"{""condition"":""interactive"",""opinion"":""slider"",""playerCount"":4,""trueP"":0.7}",2024-04-05T21:04:31.033421541Z,4,2024-04-05T21:07:47.627933652Z,{},2024-04-05T21:04:31.345621535Z,game ended,2024-04-05T21:22:29.794711965Z
01HTR19E726TXWMF2JCA1BPPMZ,01HTR0GAJ00GNBXE3C2GF3X8B5,2024-04-05T21:05:31.887989394Z,"{""age"":""49"",""gender"":""f"",""strength"":""quick thinker"",""fair"":""not really "",""feedback"":""n/r"",""education"":""master"",""teammates"":""yes, good "",""notes"":""i dont"",""politics"":""n/r"",""geo"":""british"",""ethnicity"":""white""}",2024-04-05T21:23:58.484895051Z,experiment2-interactive,2024-04-05T21:05:31.887989394Z,5c3ce3a6de04ad0001d8a6cc,2024-04-05T21:05:31.874370449Z,true,2024-04-05T21:08:42.165395385Z,01HTR19DKQQBHPYATEKQ9TBYAR,2024-04-05T21:05:31.874370449Z,01HTR1E5F4HT5GGMAF5ND78NCA,2024-04-05T21:21:29.615506507Z,1,2024-04-05T21:23:58.48639183Z,player 3,2024-04-05T21:10:26.442117539Z,"[""🐇"",""                                   "",""🐇""]",2024-04-05T21:10:26.442117539Z,"{""condition"":""interactive"",""opinion"":""slider"",""playerCount"":4,""trueP"":0.7}",2024-04-05T21:05:31.887989394Z,4,2024-04-05T21:08:40.078912252Z,{},2024-04-05T21:05:32.186750544Z,game ended,2024-04-05T21:22:29.794711965Z
01HTR1D7TYWCW0XPGKKQGE25HS,,2024-04-05T21:10:26.361858603Z,,,experiment2-interactive,2024-04-05T21:07:36.423673061Z,5640acc0074be600055e9afd,2024-04-05T21:07:36.414249352Z,,,01HTR1D75JPH4VMTEJ5HT8CCXH,2024-04-05T21:07:36.414249352Z,,,,,,,,,"{""condition"":""interactive"",""opinion"":""slider"",""playerCount"":4,""trueP"":0.7}",2024-04-05T21:07:36.423673061Z,1,2024-04-05T21:07:43.282623519Z,{},2024-04-05T21:07:36.767283237Z,no more games,2024-04-05T21:10:41.029397387Z
01HTR1DCX62CWYR76H5JF3R7D4,,2024-04-05T21:10:26.361858603Z,"{""age"":""27"",""gender"":""F"",""strength"":"""",""fair"":"""",""feedback"":"""",""education"":""bachelor"",""teammates"":"""",""notes"":"""",""politics"":""Conservative"",""geo"":""Canadian"",""ethnicity"":""Caucasian""}",2024-04-05T21:40:36.400709674Z,experiment2-interactive,2024-04-05T21:07:41.621508922Z,606fe3bd6e1051ba6a9f408e,2024-04-05T21:07:41.606976546Z,,,01HTR1DCP7NR5V0YV0545YA143,2024-04-05T21:07:41.606976546Z,,,1,2024-04-05T21:40:36.419315424Z,,,,,"{""condition"":""interactive"",""opinion"":""slider"",""playerCount"":4,""trueP"":0.7}",2024-04-05T21:07:41.621508922Z,1,2024-04-05T21:07:52.024169213Z,{},2024-04-05T21:07:41.72888525Z,no more games,2024-04-05T21:10:26.361858603Z
01HTR1DJ0T7MGM3C521VTD6PME,,2024-04-05T21:10:26.361858603Z,,,experiment2-interactive,2024-04-05T21:07:46.852781683Z,65945a3e74706f9f6590e930@email.prolific.com,2024-04-05T21:07:46.842998875Z,,,01HTR1DHWW4MR8HY7YFJA0BS8H,2024-04-05T21:07:46.842998875Z,,,,,,,,,"{""condition"":""interactive"",""opinion"":""slider"",""playerCount"":4,""trueP"":0.7}",2024-04-05T21:07:46.852781683Z,,,{},2024-04-05T21:07:46.933747894Z,no more games,2024-04-05T21:10:26.361858603Z
01HTR1E5F4HT5GGMAF5ND78NCA,01HTR0GAJ00GNBXE3C2GF3X8B5,2024-04-05T21:08:06.763878993Z,"{""age"":""31"",""gender"":""female"",""strength"":""good enough"",""fair"":""sure"",""feedback"":""no problems very good"",""education"":""other"",""teammates"":""yes"",""notes"":""yes"",""politics"":""yes"",""geo"":""canada"",""ethnicity"":""canadian""}",2024-04-05T21:23:28.479195036Z,experiment2-interactive,2024-04-05T21:08:06.763878993Z,64d8e4e738368be56871e9f4,2024-04-05T21:08:06.756831078Z,true,2024-04-05T21:10:26.35547048Z,01HTR1E537T1MF4MJ7A8A1BSVM,2024-04-05T21:08:06.756831078Z,01HTR16PMDJ6MC0MGQA9TS5N4V,2024-04-05T21:21:29.615506507Z,1,2024-04-05T21:23:28.477731249Z,player 4,2024-04-05T21:10:26.442117539Z,"[""🐿️"",""🐇"",""                                   "",""🐇""]",2024-04-05T21:10:26.442117539Z,"{""condition"":""interactive"",""opinion"":""slider"",""playerCount"":4,""trueP"":0.7}",2024-04-05T21:08:06.763878993Z,4,2024-04-05T21:10:23.036833864Z,{},2024-04-05T21:08:06.9588593Z,game ended,2024-04-05T21:22:29.794711965Z
01HTR1F04TGX0575H6PQWSVCWR,,2024-04-05T21:10:26.361858603Z,,,experiment2-interactive,2024-04-05T21:08:34.081229949Z,65416b056fddf0f8c795430e,2024-04-05T21:08:34.074439586Z,,,01HTR1EZFA6T0VHWN4R7QT2033,2024-04-05T21:08:34.074439586Z,,,,,,,,,"{""condition"":""interactive"",""opinion"":""slider"",""playerCount"":4,""trueP"":0.7}",2024-04-05T21:08:34.081229949Z,3,2024-04-05T21:10:20.688891989Z,{},2024-04-05T21:08:34.55084249Z,no more games,2024-04-05T21:10:26.361858603Z
01HTR1F9EGVWFRR2RZQYXBBE7Z,,2024-04-05T21:10:26.361858603Z,,,experiment2-interactive,2024-04-05T21:08:43.613624384Z,6545154b060684105b89a34e,2024-04-05T21:08:43.600956586Z,,,01HTR1F91V04PS2YPF6SXJM51N,2024-04-05T21:08:43.600956586Z,,,,,,,,,"{""condition"":""interactive"",""opinion"":""slider"",""playerCount"":4,""trueP"":0.7}",2024-04-05T21:08:43.613624384Z,1,2024-04-05T21:09:04.417167825Z,{},2024-04-05T21:08:43.811547257Z,no more games,2024-04-05T21:10:26.361858603Z
01HTR1G70BGMDXK0W0S8Y34GPE,,2024-04-05T21:10:26.361858603Z,"{""age"":""38"",""gender"":""Female"",""strength"":"""",""fair"":"""",""feedback"":"""",""education"":""bachelor"",""teammates"":"""",""notes"":"""",""politics"":"""",""geo"":"""",""ethnicity"":""""}",2024-04-05T21:10:45.943730013Z,experiment2-interactive,2024-04-05T21:09:13.876335406Z,5dd58453bb28b1545e09189d,2024-04-05T21:09:13.867691851Z,,,01HTR1G6A9WXDW12J1MFCJMHY9,2024-04-05T21:09:13.867691851Z,,,1,2024-04-05T21:10:45.944726301Z,,,,,"{""condition"":""interactive"",""opinion"":""slider"",""playerCount"":4,""trueP"":0.7}",2024-04-05T21:09:13.876335406Z,2,2024-04-05T21:10:25.21753695Z,{},2024-04-05T21:09:14.375612912Z,no more games,2024-04-05T21:10:26.361858603Z
01HTR1GH2NV0V6VET925XT1ZFR,,2024-04-05T21:10:26.361858603Z,"{""age"":""37"",""gender"":""Female"",""strength"":"""",""fair"":"""",""feedback"":"""",""education"":""bachelor"",""teammates"":"""",""notes"":"""",""politics"":""Left"",""geo"":""Canadian"",""ethnicity"":""White""}",2024-04-05T21:11:19.126125655Z,experiment2-interactive,2024-04-05T21:09:24.187932799Z,61115eea5f25ccaea847d152,2024-04-05T21:09:24.181087148Z,,,01HTR1GGQCCP7H2VGQ6D3E3KGK,2024-04-05T21:09:24.181087148Z,,,1,2024-04-05T21:11:19.126877796Z,,,,,"{""condition"":""interactive"",""opinion"":""slider"",""playerCount"":4,""trueP"":0.7}",2024-04-05T21:09:24.187932799Z,1,2024-04-05T21:10:06.417013362Z,{},2024-04-05T21:09:24.380494725Z,no more games,2024-04-05T21:10:26.361858603Z
01HTR1GW8Q9G1F08SHAQBYD6H4,,2024-04-05T21:10:26.361858603Z,"{""age"":""35"",""gender"":""male"",""strength"":""N/A - the game randomly exited before starting"",""fair"":""N/A - the game randomly exited before starting"",""feedback"":""I am using chrome, the game never started, it took me straight to this page after the instructions "",""education"":""master"",""teammates"":""N/A - the game randomly exited before starting"",""notes"":""N/A - the game randomly exited before starting"",""politics"":""right"",""geo"":""United Kingdom"",""ethnicity"":""white""}",2024-04-05T21:12:22.27547712Z,experiment2-interactive,2024-04-05T21:09:35.647674932Z,62c4209548a97d8b78605ca5,2024-04-05T21:09:35.639357063Z,,,01HTR1GV6JPWTJTVQ39Y0ZPZW3,2024-04-05T21:09:35.639357063Z,,,1,2024-04-05T21:12:22.276161815Z,,,,,"{""condition"":""interactive"",""opinion"":""slider"",""playerCount"":4,""trueP"":0.7}",2024-04-05T21:09:35.647674932Z,1,2024-04-05T21:09:46.176449436Z,{},2024-04-05T21:09:36.141799256Z,no more games,2024-04-05T21:10:26.361858603Z
01HTR1HPWS0D2GTPNYKDGMFW3D,,2024-04-05T21:10:26.361858603Z,,,experiment2-interactive,2024-04-05T21:10:02.913489138Z,5c2f587f70d93a000122ac27,2024-04-05T21:10:02.905074091Z,,,01HTR1HP9ETPJEYGYDEQD1H0MQ,2024-04-05T21:10:02.905074091Z,,,,,,,,,"{""condition"":""interactive"",""opinion"":""slider"",""playerCount"":4,""trueP"":0.7}",2024-04-05T21:10:02.913489138Z,1,2024-04-05T21:10:11.322861329Z,{},2024-04-05T21:10:03.224862592Z,no more games,2024-04-05T21:10:26.361858603Z
01HTR1MAC76MJ9XMV3JQMPF11S,01HTR0GGBWK2JY9EAWENGKKCYB,2024-04-05T21:11:28.399081328Z,"{""age"":""35"",""gender"":""female"",""strength"":""I made my choice correctly."",""fair"":""I think that's fair."",""feedback"":""There was an issue where the issue would not change."",""education"":""bachelor"",""teammates"":""The team members didn't speak."",""notes"":""I didn't take notes on what anyone else said."",""politics"":""nutral"",""geo"":""canada"",""ethnicity"":""asia""}",2024-04-05T21:26:17.015130003Z,experiment2-slider,2024-04-05T21:11:28.399081328Z,653fe6e31a2e4b15f85729c9,2024-04-05T21:11:28.391556695Z,true,2024-04-05T21:14:52.263991085Z,01HTR1MA2V4K9J61FBF4Q02RPC,2024-04-05T21:11:28.391556695Z,01HTR1PCXHSE4NT8QC5JZ1635W,2024-04-05T21:22:57.571328007Z,1,2024-04-05T21:26:17.013869062Z,player 1,2024-04-05T21:17:25.066096438Z,"[""🐇"",""🐇"",""🐇"",""                                   "",""🐿️""]",2024-04-05T21:17:25.066096438Z,"{""condition"":""slider"",""opinion"":""slider"",""playerCount"":4,""trueP"":0.7}",2024-04-05T21:11:28.399081328Z,3,2024-04-05T21:14:42.322552156Z,{},2024-04-05T21:11:28.544189408Z,game ended,2024-04-05T21:23:27.731619244Z
01HTR1PCXHSE4NT8QC5JZ1635W,01HTR0GGBWK2JY9EAWENGKKCYB,2024-04-05T21:12:36.536527124Z,"{""age"":""64"",""gender"":""female"",""strength"":""average"",""fair"":""yes"",""feedback"":"""",""education"":""master"",""teammates"":""did not get any messages"",""notes"":""no"",""politics"":""center"",""geo"":""Canada"",""ethnicity"":""middle east""}",2024-04-05T21:24:34.091691954Z,experiment2-slider,2024-04-05T21:12:36.536527124Z,60ebaa55340060ab518419d0,2024-04-05T21:12:36.529381689Z,true,2024-04-05T21:17:24.964161725Z,01HTR1PCMRN7V9VS0C61X9K63E,2024-04-05T21:12:36.529381689Z,01HTR1PFSPYGAFRC7G98V7P1MS,2024-04-05T21:22:57.571328007Z,1,2024-04-05T21:24:34.093478105Z,player 2,2024-04-05T21:17:25.066096438Z,"[""🐇"",""🐇"",""🐿️"",""🐇"",""🐇"",""🐇"",""🐿️"",""                                   "",""🐇"",""🐇""]",2024-04-05T21:17:25.066096438Z,"{""condition"":""slider"",""opinion"":""slider"",""playerCount"":4,""trueP"":0.7}",2024-04-05T21:12:36.536527124Z,3,2024-04-05T21:17:21.634244292Z,{},2024-04-05T21:12:36.674407441Z,game ended,2024-04-05T21:23:27.731619244Z
01HTR1PFSPYGAFRC7G98V7P1MS,01HTR0GGBWK2JY9EAWENGKKCYB,2024-04-05T21:12:39.486911362Z,,,experiment2-slider,2024-04-05T21:12:39.486911362Z,5f6f6b14500db14f7762f6b4,2024-04-05T21:12:39.478111982Z,true,2024-04-05T21:14:04.719463172Z,01HTR1PF6RPYVCQ6FSTXAKGXD5,2024-04-05T21:12:39.478111982Z,01HTR1R0RDJ4VP5SXP8KQF5Q5Q,2024-04-05T21:22:57.571328007Z,,,player 3,2024-04-05T21:17:25.066096438Z,"[""🐿️"",""                                   "",""🐇"",""🐇"",""🐇"",""🐿️""]",2024-04-05T21:17:25.066096438Z,"{""condition"":""slider"",""opinion"":""slider"",""playerCount"":4,""trueP"":0.7}",2024-04-05T21:12:39.486911362Z,3,2024-04-05T21:14:02.141211725Z,{},2024-04-05T21:12:39.787133763Z,game ended,2024-04-05T21:23:27.731619244Z
01HTR1R0AWTGH2ZG21M51P1BHG,,2024-04-05T21:17:24.971454499Z,,,experiment2-slider,2024-04-05T21:13:29.188716061Z,5981e5c64a66440001fa8f19,2024-04-05T21:13:29.180816226Z,,,01HTR1QZHJD62BEEXBXDS60BYY,2024-04-05T21:13:29.180816226Z,,,,,,,,,"{""condition"":""slider"",""opinion"":""slider"",""playerCount"":4,""trueP"":0.7}",2024-04-05T21:13:29.188716061Z,2,2024-04-05T21:14:22.029576564Z,{},2024-04-05T21:13:30.966183822Z,no more games,2024-04-05T21:18:25.122558035Z
01HTR1R0RDJ4VP5SXP8KQF5Q5Q,01HTR0GGBWK2JY9EAWENGKKCYB,2024-04-05T21:13:29.621620939Z,"{""age"":""26"",""gender"":""female"",""strength"":"""",""fair"":"""",""feedback"":"""",""education"":""other"",""teammates"":"""",""notes"":""No one said anything"",""politics"":""left wing"",""geo"":""UK"",""ethnicity"":""white british""}",2024-04-05T21:24:09.862527949Z,experiment2-slider,2024-04-05T21:13:29.621620939Z,606dc9d8b666d8ce1dc6167b,2024-04-05T21:13:29.613303319Z,true,2024-04-05T21:15:34.736908186Z,01HTR1R035KAD0DCV6Z4PKVAEB,2024-04-05T21:13:29.613303319Z,01HTR1MAC76MJ9XMV3JQMPF11S,2024-04-05T21:22:57.571328007Z,1,2024-04-05T21:24:09.868638429Z,player 4,2024-04-05T21:17:25.066096438Z,"[""                                   "",""🐿️"",""🐇""]",2024-04-05T21:17:25.066096438Z,"{""condition"":""slider"",""opinion"":""slider"",""playerCount"":4,""trueP"":0.7}",2024-04-05T21:13:29.621620939Z,3,2024-04-05T21:15:28.134996421Z,{},2024-04-05T21:13:29.957692832Z,game ended,2024-04-05T21:23:27.731619244Z
01HTR1X501HTZK7AGHZKEZVY1C,,2024-04-05T21:17:24.971454499Z,,,experiment2-slider,2024-04-05T21:16:17.802823413Z,5962f252b692380001417ab9,2024-04-05T21:16:17.793369551Z,,,01HTR1X4J8Q210463YH942WPTE,2024-04-05T21:16:17.793369551Z,,,,,,,,,"{""condition"":""slider"",""opinion"":""slider"",""playerCount"":4,""trueP"":0.7}",2024-04-05T21:16:17.802823413Z,,,{},2024-04-05T21:16:18.015951884Z,no more games,2024-04-05T21:17:24.971454499Z
