﻿id,playerID,playerIDLastChangedAt,batchID,batchIDLastChangedAt,gameID,gameIDLastChangedAt
01HTR13Q3GXSJJ2GV2S9C0RAN9,01HTR0TB93CVT5002XEX47Z1Z6,2024-04-05T21:02:24.368225393Z,01HTR0G3WX27VXE93RXQKJ672H,2024-04-05T21:02:24.368225393Z,01HTR0G3XEWC26FTTX4NKN0VSW,2024-04-05T21:02:24.368225393Z
01HTR13Q3P6PXDRFZD08HAG0R8,01HTR0V4KK6PGGX6PRN9TYN12J,2024-04-05T21:02:24.374601551Z,01HTR0G3WX27VXE93RXQKJ672H,2024-04-05T21:02:24.374601551Z,01HTR0G3XEWC26FTTX4NKN0VSW,2024-04-05T21:02:24.374601551Z
01HTR13Q3W0ER50XNA06VXMVTR,01HTR0XKXG4233NA25V5214NT3,2024-04-05T21:02:24.380068074Z,01HTR0G3WX27VXE93RXQKJ672H,2024-04-05T21:02:24.380068074Z,01HTR0G3XEWC26FTTX4NKN0VSW,2024-04-05T21:02:24.380068074Z
01HTR13Q3ZM097W76PTJJ567TZ,01HTR0Y71GJDK4PZR0YRFP234C,2024-04-05T21:02:24.383816585Z,01HTR0G3WX27VXE93RXQKJ672H,2024-04-05T21:02:24.383816585Z,01HTR0G3XEWC26FTTX4NKN0VSW,2024-04-05T21:02:24.383816585Z
01HTR1JDT53DQY3P09VNBXD5C8,01HTR16PMDJ6MC0MGQA9TS5N4V,2024-04-05T21:10:26.373696435Z,01HTR0GAHN80Y7CWBY0M8VYY9M,2024-04-05T21:10:26.373696435Z,01HTR0GAJ00GNBXE3C2GF3X8B5,2024-04-05T21:10:26.373696435Z
01HTR1JDTDBGB1B0W6SK57JVGX,01HTR17JSJBMDX51JF9MV27BQA,2024-04-05T21:10:26.381440534Z,01HTR0GAHN80Y7CWBY0M8VYY9M,2024-04-05T21:10:26.381440534Z,01HTR0GAJ00GNBXE3C2GF3X8B5,2024-04-05T21:10:26.381440534Z
01HTR1JDTJ2FR1CNKVPEN1SBF7,01HTR19E726TXWMF2JCA1BPPMZ,2024-04-05T21:10:26.386563772Z,01HTR0GAHN80Y7CWBY0M8VYY9M,2024-04-05T21:10:26.386563772Z,01HTR0GAJ00GNBXE3C2GF3X8B5,2024-04-05T21:10:26.386563772Z
01HTR1JDTQ5HV82ZKF4Z9Q3JVD,01HTR1E5F4HT5GGMAF5ND78NCA,2024-04-05T21:10:26.3913461Z,01HTR0GAHN80Y7CWBY0M8VYY9M,2024-04-05T21:10:26.3913461Z,01HTR0GAJ00GNBXE3C2GF3X8B5,2024-04-05T21:10:26.3913461Z
01HTR1Z6KMJF4BSTVN50HMNC3R,01HTR1MAC76MJ9XMV3JQMPF11S,2024-04-05T21:17:24.980392013Z,01HTR0GGBH5DVF9C0S684EBZA2,2024-04-05T21:17:24.980392013Z,01HTR0GGBWK2JY9EAWENGKKCYB,2024-04-05T21:17:24.980392013Z
01HTR1Z6KZCBPMXSNDZYME2PFC,01HTR1PCXHSE4NT8QC5JZ1635W,2024-04-05T21:17:24.991250492Z,01HTR0GGBH5DVF9C0S684EBZA2,2024-04-05T21:17:24.991250492Z,01HTR0GGBWK2JY9EAWENGKKCYB,2024-04-05T21:17:24.991250492Z
01HTR1Z6M61R9VG6HW3XX528QY,01HTR1PFSPYGAFRC7G98V7P1MS,2024-04-05T21:17:24.998187404Z,01HTR0GGBH5DVF9C0S684EBZA2,2024-04-05T21:17:24.998187404Z,01HTR0GGBWK2JY9EAWENGKKCYB,2024-04-05T21:17:24.998187404Z
01HTR1Z6MEGTRJEHE3JSE2JR5M,01HTR1R0RDJ4VP5SXP8KQF5Q5Q,2024-04-05T21:17:25.006335724Z,01HTR0GGBH5DVF9C0S684EBZA2,2024-04-05T21:17:25.006335724Z,01HTR0GGBWK2JY9EAWENGKKCYB,2024-04-05T21:17:25.006335724Z
