﻿id,batchID,batchIDLastChangedAt,gameID,gameIDLastChangedAt,roundID,roundIDLastChangedAt,playerID,playerIDLastChangedAt
01HTR13QRCN1R4WBDQW58J9J7A,01HTR0G3WX27VXE93RXQKJ672H,2024-04-05T21:02:25.036400619Z,01HTR0G3XEWC26FTTX4NKN0VSW,2024-04-05T21:02:25.036400619Z,01HTR13Q57R7JR683AZF1CB9AN,2024-04-05T21:02:25.036400619Z,01HTR0TB93CVT5002XEX47Z1Z6,2024-04-05T21:02:25.036400619Z
01HTR13QRH3SQKE2TMKWCRN12Y,01HTR0G3WX27VXE93RXQKJ672H,2024-04-05T21:02:25.041048324Z,01HTR0G3XEWC26FTTX4NKN0VSW,2024-04-05T21:02:25.041048324Z,01HTR13Q57R7JR683AZF1CB9AN,2024-04-05T21:02:25.041048324Z,01HTR0V4KK6PGGX6PRN9TYN12J,2024-04-05T21:02:25.041048324Z
01HTR13QRP1ZVD9H53S6S87WNS,01HTR0G3WX27VXE93RXQKJ672H,2024-04-05T21:02:25.046187532Z,01HTR0G3XEWC26FTTX4NKN0VSW,2024-04-05T21:02:25.046187532Z,01HTR13Q57R7JR683AZF1CB9AN,2024-04-05T21:02:25.046187532Z,01HTR0XKXG4233NA25V5214NT3,2024-04-05T21:02:25.046187532Z
01HTR13QRWKKYWRC21GSFWZY6Y,01HTR0G3WX27VXE93RXQKJ672H,2024-04-05T21:02:25.052891587Z,01HTR0G3XEWC26FTTX4NKN0VSW,2024-04-05T21:02:25.052891587Z,01HTR13Q57R7JR683AZF1CB9AN,2024-04-05T21:02:25.052891587Z,01HTR0Y71GJDK4PZR0YRFP234C,2024-04-05T21:02:25.052891587Z
01HTR15JK6A6TKPM6BRY3BGM82,01HTR0G3WX27VXE93RXQKJ672H,2024-04-05T21:03:25.286497957Z,01HTR0G3XEWC26FTTX4NKN0VSW,2024-04-05T21:03:25.286497957Z,01HTR13Q5G7HK928Q50F4940YN,2024-04-05T21:03:25.286497957Z,01HTR0TB93CVT5002XEX47Z1Z6,2024-04-05T21:03:25.286497957Z
01HTR15JKAVY2X4J0NPY1BTRN1,01HTR0G3WX27VXE93RXQKJ672H,2024-04-05T21:03:25.293507513Z,01HTR0G3XEWC26FTTX4NKN0VSW,2024-04-05T21:03:25.293507513Z,01HTR13Q5G7HK928Q50F4940YN,2024-04-05T21:03:25.293507513Z,01HTR0V4KK6PGGX6PRN9TYN12J,2024-04-05T21:03:25.293507513Z
01HTR15JKJRPEZ0K5V61CSNS0M,01HTR0G3WX27VXE93RXQKJ672H,2024-04-05T21:03:25.298437892Z,01HTR0G3XEWC26FTTX4NKN0VSW,2024-04-05T21:03:25.298437892Z,01HTR13Q5G7HK928Q50F4940YN,2024-04-05T21:03:25.298437892Z,01HTR0XKXG4233NA25V5214NT3,2024-04-05T21:03:25.298437892Z
01HTR15JKP1TTMKX5T4DBWBWAB,01HTR0G3WX27VXE93RXQKJ672H,2024-04-05T21:03:25.302398675Z,01HTR0G3XEWC26FTTX4NKN0VSW,2024-04-05T21:03:25.302398675Z,01HTR13Q5G7HK928Q50F4940YN,2024-04-05T21:03:25.302398675Z,01HTR0Y71GJDK4PZR0YRFP234C,2024-04-05T21:03:25.302398675Z
01HTR17DBXVJHWAFSMJVHX2KDQ,01HTR0G3WX27VXE93RXQKJ672H,2024-04-05T21:04:25.469932978Z,01HTR0G3XEWC26FTTX4NKN0VSW,2024-04-05T21:04:25.469932978Z,01HTR13Q5HABTCDZ63Z6EQK7V4,2024-04-05T21:04:25.469932978Z,01HTR0TB93CVT5002XEX47Z1Z6,2024-04-05T21:04:25.469932978Z
01HTR17DC3S8E6YANVDCV0ZVZ3,01HTR0G3WX27VXE93RXQKJ672H,2024-04-05T21:04:25.475815342Z,01HTR0G3XEWC26FTTX4NKN0VSW,2024-04-05T21:04:25.475815342Z,01HTR13Q5HABTCDZ63Z6EQK7V4,2024-04-05T21:04:25.475815342Z,01HTR0V4KK6PGGX6PRN9TYN12J,2024-04-05T21:04:25.475815342Z
01HTR17DC9JR3CNFCK39G8FWBR,01HTR0G3WX27VXE93RXQKJ672H,2024-04-05T21:04:25.481305648Z,01HTR0G3XEWC26FTTX4NKN0VSW,2024-04-05T21:04:25.481305648Z,01HTR13Q5HABTCDZ63Z6EQK7V4,2024-04-05T21:04:25.481305648Z,01HTR0XKXG4233NA25V5214NT3,2024-04-05T21:04:25.481305648Z
01HTR17DCDH3K77TCKYP9TPEDK,01HTR0G3WX27VXE93RXQKJ672H,2024-04-05T21:04:25.485689051Z,01HTR0G3XEWC26FTTX4NKN0VSW,2024-04-05T21:04:25.485689051Z,01HTR13Q5HABTCDZ63Z6EQK7V4,2024-04-05T21:04:25.485689051Z,01HTR0Y71GJDK4PZR0YRFP234C,2024-04-05T21:04:25.485689051Z
01HTR1984WZNDCYNCF7E03W9RJ,01HTR0G3WX27VXE93RXQKJ672H,2024-04-05T21:05:25.660807615Z,01HTR0G3XEWC26FTTX4NKN0VSW,2024-04-05T21:05:25.660807615Z,01HTR13Q5PC3YEM2Y8JM6KJ44Z,2024-04-05T21:05:25.660807615Z,01HTR0TB93CVT5002XEX47Z1Z6,2024-04-05T21:05:25.660807615Z
01HTR19851ZECEJCXKXQ6DJ55W,01HTR0G3WX27VXE93RXQKJ672H,2024-04-05T21:05:25.665681095Z,01HTR0G3XEWC26FTTX4NKN0VSW,2024-04-05T21:05:25.665681095Z,01HTR13Q5PC3YEM2Y8JM6KJ44Z,2024-04-05T21:05:25.665681095Z,01HTR0V4KK6PGGX6PRN9TYN12J,2024-04-05T21:05:25.665681095Z
01HTR19856XBDXE7ST89ET23KM,01HTR0G3WX27VXE93RXQKJ672H,2024-04-05T21:05:25.670434685Z,01HTR0G3XEWC26FTTX4NKN0VSW,2024-04-05T21:05:25.670434685Z,01HTR13Q5PC3YEM2Y8JM6KJ44Z,2024-04-05T21:05:25.670434685Z,01HTR0XKXG4233NA25V5214NT3,2024-04-05T21:05:25.670434685Z
01HTR1985CSW7X9YBYY23NWEB0,01HTR0G3WX27VXE93RXQKJ672H,2024-04-05T21:05:25.676326145Z,01HTR0G3XEWC26FTTX4NKN0VSW,2024-04-05T21:05:25.676326145Z,01HTR13Q5PC3YEM2Y8JM6KJ44Z,2024-04-05T21:05:25.676326145Z,01HTR0Y71GJDK4PZR0YRFP234C,2024-04-05T21:05:25.676326145Z
01HTR1B2Z1RFEQQX8PMN0HS53A,01HTR0G3WX27VXE93RXQKJ672H,2024-04-05T21:06:25.889419609Z,01HTR0G3XEWC26FTTX4NKN0VSW,2024-04-05T21:06:25.889419609Z,01HTR13Q5M4F9RVXSK9EXW928B,2024-04-05T21:06:25.889419609Z,01HTR0TB93CVT5002XEX47Z1Z6,2024-04-05T21:06:25.889419609Z
01HTR1B2Z566K8PAHNKNWHQG85,01HTR0G3WX27VXE93RXQKJ672H,2024-04-05T21:06:25.893831963Z,01HTR0G3XEWC26FTTX4NKN0VSW,2024-04-05T21:06:25.893831963Z,01HTR13Q5M4F9RVXSK9EXW928B,2024-04-05T21:06:25.893831963Z,01HTR0V4KK6PGGX6PRN9TYN12J,2024-04-05T21:06:25.893831963Z
01HTR1B2ZAH94KJH7W5KVRHSYA,01HTR0G3WX27VXE93RXQKJ672H,2024-04-05T21:06:25.898403111Z,01HTR0G3XEWC26FTTX4NKN0VSW,2024-04-05T21:06:25.898403111Z,01HTR13Q5M4F9RVXSK9EXW928B,2024-04-05T21:06:25.898403111Z,01HTR0XKXG4233NA25V5214NT3,2024-04-05T21:06:25.898403111Z
01HTR1B2ZK0567Q79NKRBK57N5,01HTR0G3WX27VXE93RXQKJ672H,2024-04-05T21:06:25.907973759Z,01HTR0G3XEWC26FTTX4NKN0VSW,2024-04-05T21:06:25.907973759Z,01HTR13Q5M4F9RVXSK9EXW928B,2024-04-05T21:06:25.907973759Z,01HTR0Y71GJDK4PZR0YRFP234C,2024-04-05T21:06:25.907973759Z
01HTR1CXR1GVV59GPMNAS0MB19,01HTR0G3WX27VXE93RXQKJ672H,2024-04-05T21:07:26.081426447Z,01HTR0G3XEWC26FTTX4NKN0VSW,2024-04-05T21:07:26.081426447Z,01HTR13Q5JF3R0WJ52P37CWPYW,2024-04-05T21:07:26.081426447Z,01HTR0TB93CVT5002XEX47Z1Z6,2024-04-05T21:07:26.081426447Z
01HTR1CXR5YCWQ9BZKACZZ9JZG,01HTR0G3WX27VXE93RXQKJ672H,2024-04-05T21:07:26.085554857Z,01HTR0G3XEWC26FTTX4NKN0VSW,2024-04-05T21:07:26.085554857Z,01HTR13Q5JF3R0WJ52P37CWPYW,2024-04-05T21:07:26.085554857Z,01HTR0V4KK6PGGX6PRN9TYN12J,2024-04-05T21:07:26.085554857Z
01HTR1CXRAD1QB0MN9F2R239MN,01HTR0G3WX27VXE93RXQKJ672H,2024-04-05T21:07:26.090516457Z,01HTR0G3XEWC26FTTX4NKN0VSW,2024-04-05T21:07:26.090516457Z,01HTR13Q5JF3R0WJ52P37CWPYW,2024-04-05T21:07:26.090516457Z,01HTR0XKXG4233NA25V5214NT3,2024-04-05T21:07:26.090516457Z
01HTR1CXRESS09YRD5KK2ZNWDG,01HTR0G3WX27VXE93RXQKJ672H,2024-04-05T21:07:26.094686886Z,01HTR0G3XEWC26FTTX4NKN0VSW,2024-04-05T21:07:26.094686886Z,01HTR13Q5JF3R0WJ52P37CWPYW,2024-04-05T21:07:26.094686886Z,01HTR0Y71GJDK4PZR0YRFP234C,2024-04-05T21:07:26.094686886Z
01HTR1ERHRN2MEVH8HSC83TZ5C,01HTR0G3WX27VXE93RXQKJ672H,2024-04-05T21:08:26.296833623Z,01HTR0G3XEWC26FTTX4NKN0VSW,2024-04-05T21:08:26.296833623Z,01HTR13Q5KH37DH8R0S4HFTC2R,2024-04-05T21:08:26.296833623Z,01HTR0TB93CVT5002XEX47Z1Z6,2024-04-05T21:08:26.296833623Z
01HTR1ERHYCG3J73ENY47BBEEZ,01HTR0G3WX27VXE93RXQKJ672H,2024-04-05T21:08:26.302232596Z,01HTR0G3XEWC26FTTX4NKN0VSW,2024-04-05T21:08:26.302232596Z,01HTR13Q5KH37DH8R0S4HFTC2R,2024-04-05T21:08:26.302232596Z,01HTR0V4KK6PGGX6PRN9TYN12J,2024-04-05T21:08:26.302232596Z
01HTR1ERJ2B1HVQ12EC3Q1C44A,01HTR0G3WX27VXE93RXQKJ672H,2024-04-05T21:08:26.306989053Z,01HTR0G3XEWC26FTTX4NKN0VSW,2024-04-05T21:08:26.306989053Z,01HTR13Q5KH37DH8R0S4HFTC2R,2024-04-05T21:08:26.306989053Z,01HTR0XKXG4233NA25V5214NT3,2024-04-05T21:08:26.306989053Z
01HTR1ERJFTWXNM49MQT9TSNWB,01HTR0G3WX27VXE93RXQKJ672H,2024-04-05T21:08:26.319104776Z,01HTR0G3XEWC26FTTX4NKN0VSW,2024-04-05T21:08:26.319104776Z,01HTR13Q5KH37DH8R0S4HFTC2R,2024-04-05T21:08:26.319104776Z,01HTR0Y71GJDK4PZR0YRFP234C,2024-04-05T21:08:26.319104776Z
01HTR1GKBVYEJYT0FXTEVP66Y3,01HTR0G3WX27VXE93RXQKJ672H,2024-04-05T21:09:26.523204654Z,01HTR0G3XEWC26FTTX4NKN0VSW,2024-04-05T21:09:26.523204654Z,01HTR13Q5NQZKD7NQH1698DW3H,2024-04-05T21:09:26.523204654Z,01HTR0TB93CVT5002XEX47Z1Z6,2024-04-05T21:09:26.523204654Z
01HTR1GKC0C9EPD1STDSF5PAPR,01HTR0G3WX27VXE93RXQKJ672H,2024-04-05T21:09:26.528497146Z,01HTR0G3XEWC26FTTX4NKN0VSW,2024-04-05T21:09:26.528497146Z,01HTR13Q5NQZKD7NQH1698DW3H,2024-04-05T21:09:26.528497146Z,01HTR0V4KK6PGGX6PRN9TYN12J,2024-04-05T21:09:26.528497146Z
01HTR1GKC5Y1G4414NVYKPT6Q0,01HTR0G3WX27VXE93RXQKJ672H,2024-04-05T21:09:26.533181524Z,01HTR0G3XEWC26FTTX4NKN0VSW,2024-04-05T21:09:26.533181524Z,01HTR13Q5NQZKD7NQH1698DW3H,2024-04-05T21:09:26.533181524Z,01HTR0XKXG4233NA25V5214NT3,2024-04-05T21:09:26.533181524Z
01HTR1GKCBK88WE2WBED742T34,01HTR0G3WX27VXE93RXQKJ672H,2024-04-05T21:09:26.539633583Z,01HTR0G3XEWC26FTTX4NKN0VSW,2024-04-05T21:09:26.539633583Z,01HTR13Q5NQZKD7NQH1698DW3H,2024-04-05T21:09:26.539633583Z,01HTR0Y71GJDK4PZR0YRFP234C,2024-04-05T21:09:26.539633583Z
01HTR1JEDEQ4XFTKYPHZ9EF0P1,01HTR0GAHN80Y7CWBY0M8VYY9M,2024-04-05T21:10:26.990589825Z,01HTR0GAJ00GNBXE3C2GF3X8B5,2024-04-05T21:10:26.990589825Z,01HTR1JDW235QF4GP9ME8D1YAK,2024-04-05T21:10:26.990589825Z,01HTR16PMDJ6MC0MGQA9TS5N4V,2024-04-05T21:10:26.990589825Z
01HTR1JEDK6RAWRPYD86MX50SD,01HTR0GAHN80Y7CWBY0M8VYY9M,2024-04-05T21:10:26.995669908Z,01HTR0GAJ00GNBXE3C2GF3X8B5,2024-04-05T21:10:26.995669908Z,01HTR1JDW235QF4GP9ME8D1YAK,2024-04-05T21:10:26.995669908Z,01HTR17JSJBMDX51JF9MV27BQA,2024-04-05T21:10:26.995669908Z
01HTR1JEDR0TME6A6R3DPE42TG,01HTR0GAHN80Y7CWBY0M8VYY9M,2024-04-05T21:10:27.000057775Z,01HTR0GAJ00GNBXE3C2GF3X8B5,2024-04-05T21:10:27.000057775Z,01HTR1JDW235QF4GP9ME8D1YAK,2024-04-05T21:10:27.000057775Z,01HTR19E726TXWMF2JCA1BPPMZ,2024-04-05T21:10:27.000057775Z
01HTR1JEDY4EV3T4G3CQT0S37R,01HTR0GAHN80Y7CWBY0M8VYY9M,2024-04-05T21:10:27.006109638Z,01HTR0GAJ00GNBXE3C2GF3X8B5,2024-04-05T21:10:27.006109638Z,01HTR1JDW235QF4GP9ME8D1YAK,2024-04-05T21:10:27.006109638Z,01HTR1E5F4HT5GGMAF5ND78NCA,2024-04-05T21:10:27.006109638Z
01HTR1JEKM210W6NBEW0K9SERG,01HTR0G3WX27VXE93RXQKJ672H,2024-04-05T21:10:27.188633473Z,01HTR0G3XEWC26FTTX4NKN0VSW,2024-04-05T21:10:27.188633473Z,01HTR13Q5YS4WVDSV9Y9FFPE95,2024-04-05T21:10:27.188633473Z,01HTR0TB93CVT5002XEX47Z1Z6,2024-04-05T21:10:27.188633473Z
01HTR1JEKRYDDF9NMTXWXQM7VB,01HTR0G3WX27VXE93RXQKJ672H,2024-04-05T21:10:27.192493629Z,01HTR0G3XEWC26FTTX4NKN0VSW,2024-04-05T21:10:27.192493629Z,01HTR13Q5YS4WVDSV9Y9FFPE95,2024-04-05T21:10:27.192493629Z,01HTR0V4KK6PGGX6PRN9TYN12J,2024-04-05T21:10:27.192493629Z
01HTR1JEKXHHG761NSQ84M6ZH4,01HTR0G3WX27VXE93RXQKJ672H,2024-04-05T21:10:27.198019984Z,01HTR0G3XEWC26FTTX4NKN0VSW,2024-04-05T21:10:27.198019984Z,01HTR13Q5YS4WVDSV9Y9FFPE95,2024-04-05T21:10:27.198019984Z,01HTR0XKXG4233NA25V5214NT3,2024-04-05T21:10:27.198019984Z
01HTR1JEM3X2VWHSCVJHM0TJMF,01HTR0G3WX27VXE93RXQKJ672H,2024-04-05T21:10:27.203393652Z,01HTR0G3XEWC26FTTX4NKN0VSW,2024-04-05T21:10:27.203393652Z,01HTR13Q5YS4WVDSV9Y9FFPE95,2024-04-05T21:10:27.203393652Z,01HTR0Y71GJDK4PZR0YRFP234C,2024-04-05T21:10:27.203393652Z
01HTR1M99MS8GESKYC4PQHMDCJ,01HTR0GAHN80Y7CWBY0M8VYY9M,2024-04-05T21:11:27.284438631Z,01HTR0GAJ00GNBXE3C2GF3X8B5,2024-04-05T21:11:27.284438631Z,01HTR1JDW4D73QMGWB1BTAD4KN,2024-04-05T21:11:27.284438631Z,01HTR16PMDJ6MC0MGQA9TS5N4V,2024-04-05T21:11:27.284438631Z
01HTR1M99S2Y3Q8ZRRYW2RNWDT,01HTR0GAHN80Y7CWBY0M8VYY9M,2024-04-05T21:11:27.289104245Z,01HTR0GAJ00GNBXE3C2GF3X8B5,2024-04-05T21:11:27.289104245Z,01HTR1JDW4D73QMGWB1BTAD4KN,2024-04-05T21:11:27.289104245Z,01HTR17JSJBMDX51JF9MV27BQA,2024-04-05T21:11:27.289104245Z
01HTR1M99X769BQX67ZQ65TXT5,01HTR0GAHN80Y7CWBY0M8VYY9M,2024-04-05T21:11:27.293855104Z,01HTR0GAJ00GNBXE3C2GF3X8B5,2024-04-05T21:11:27.293855104Z,01HTR1JDW4D73QMGWB1BTAD4KN,2024-04-05T21:11:27.293855104Z,01HTR19E726TXWMF2JCA1BPPMZ,2024-04-05T21:11:27.293855104Z
01HTR1M9A19SDRTW98MAP8DZW1,01HTR0GAHN80Y7CWBY0M8VYY9M,2024-04-05T21:11:27.297968881Z,01HTR0GAJ00GNBXE3C2GF3X8B5,2024-04-05T21:11:27.297968881Z,01HTR1JDW4D73QMGWB1BTAD4KN,2024-04-05T21:11:27.297968881Z,01HTR1E5F4HT5GGMAF5ND78NCA,2024-04-05T21:11:27.297968881Z
01HTR1M9E62KAY80D5NCYPQ4H2,01HTR0G3WX27VXE93RXQKJ672H,2024-04-05T21:11:27.430047493Z,01HTR0G3XEWC26FTTX4NKN0VSW,2024-04-05T21:11:27.430047493Z,01HTR13Q5ZV6T03GRPEH3X70RX,2024-04-05T21:11:27.430047493Z,01HTR0TB93CVT5002XEX47Z1Z6,2024-04-05T21:11:27.430047493Z
01HTR1M9ECADQ8XHQ92JEMPFXE,01HTR0G3WX27VXE93RXQKJ672H,2024-04-05T21:11:27.437042063Z,01HTR0G3XEWC26FTTX4NKN0VSW,2024-04-05T21:11:27.437042063Z,01HTR13Q5ZV6T03GRPEH3X70RX,2024-04-05T21:11:27.437042063Z,01HTR0V4KK6PGGX6PRN9TYN12J,2024-04-05T21:11:27.437042063Z
01HTR1M9EJX9JJ4DPWPWQVX984,01HTR0G3WX27VXE93RXQKJ672H,2024-04-05T21:11:27.442791536Z,01HTR0G3XEWC26FTTX4NKN0VSW,2024-04-05T21:11:27.442791536Z,01HTR13Q5ZV6T03GRPEH3X70RX,2024-04-05T21:11:27.442791536Z,01HTR0XKXG4233NA25V5214NT3,2024-04-05T21:11:27.442791536Z
01HTR1M9EWNWM1HAQMD74TD7S2,01HTR0G3WX27VXE93RXQKJ672H,2024-04-05T21:11:27.452156973Z,01HTR0G3XEWC26FTTX4NKN0VSW,2024-04-05T21:11:27.452156973Z,01HTR13Q5ZV6T03GRPEH3X70RX,2024-04-05T21:11:27.452156973Z,01HTR0Y71GJDK4PZR0YRFP234C,2024-04-05T21:11:27.452156973Z
01HTR1P43CXQP76W1GST4PBP2E,01HTR0GAHN80Y7CWBY0M8VYY9M,2024-04-05T21:12:27.500755987Z,01HTR0GAJ00GNBXE3C2GF3X8B5,2024-04-05T21:12:27.500755987Z,01HTR1JDW56PZPD567AHJQ6PME,2024-04-05T21:12:27.500755987Z,01HTR16PMDJ6MC0MGQA9TS5N4V,2024-04-05T21:12:27.500755987Z
01HTR1P43JG93AE1J077RBDFKW,01HTR0GAHN80Y7CWBY0M8VYY9M,2024-04-05T21:12:27.506232657Z,01HTR0GAJ00GNBXE3C2GF3X8B5,2024-04-05T21:12:27.506232657Z,01HTR1JDW56PZPD567AHJQ6PME,2024-04-05T21:12:27.506232657Z,01HTR17JSJBMDX51JF9MV27BQA,2024-04-05T21:12:27.506232657Z
01HTR1P43RV8QBM833JV7CF6C5,01HTR0GAHN80Y7CWBY0M8VYY9M,2024-04-05T21:12:27.512936423Z,01HTR0GAJ00GNBXE3C2GF3X8B5,2024-04-05T21:12:27.512936423Z,01HTR1JDW56PZPD567AHJQ6PME,2024-04-05T21:12:27.512936423Z,01HTR19E726TXWMF2JCA1BPPMZ,2024-04-05T21:12:27.512936423Z
01HTR1P43Y5MF4E4EB0M0BMB7W,01HTR0GAHN80Y7CWBY0M8VYY9M,2024-04-05T21:12:27.518794599Z,01HTR0GAJ00GNBXE3C2GF3X8B5,2024-04-05T21:12:27.518794599Z,01HTR1JDW56PZPD567AHJQ6PME,2024-04-05T21:12:27.518794599Z,01HTR1E5F4HT5GGMAF5ND78NCA,2024-04-05T21:12:27.518794599Z
01HTR1P48FD435XHXJMS2E9CRG,01HTR0G3WX27VXE93RXQKJ672H,2024-04-05T21:12:27.663757452Z,01HTR0G3XEWC26FTTX4NKN0VSW,2024-04-05T21:12:27.663757452Z,01HTR13Q60QBQZQK69KDNYYMSQ,2024-04-05T21:12:27.663757452Z,01HTR0TB93CVT5002XEX47Z1Z6,2024-04-05T21:12:27.663757452Z
01HTR1P48NW91CH3WFQ3G36TC3,01HTR0G3WX27VXE93RXQKJ672H,2024-04-05T21:12:27.669585931Z,01HTR0G3XEWC26FTTX4NKN0VSW,2024-04-05T21:12:27.669585931Z,01HTR13Q60QBQZQK69KDNYYMSQ,2024-04-05T21:12:27.669585931Z,01HTR0V4KK6PGGX6PRN9TYN12J,2024-04-05T21:12:27.669585931Z
01HTR1P48V2TH8VM15H29XZHB1,01HTR0G3WX27VXE93RXQKJ672H,2024-04-05T21:12:27.675156857Z,01HTR0G3XEWC26FTTX4NKN0VSW,2024-04-05T21:12:27.675156857Z,01HTR13Q60QBQZQK69KDNYYMSQ,2024-04-05T21:12:27.675156857Z,01HTR0XKXG4233NA25V5214NT3,2024-04-05T21:12:27.675156857Z
01HTR1P490D743TDG3G9X5VE51,01HTR0G3WX27VXE93RXQKJ672H,2024-04-05T21:12:27.680656495Z,01HTR0G3XEWC26FTTX4NKN0VSW,2024-04-05T21:12:27.680656495Z,01HTR13Q60QBQZQK69KDNYYMSQ,2024-04-05T21:12:27.680656495Z,01HTR0Y71GJDK4PZR0YRFP234C,2024-04-05T21:12:27.680656495Z
01HTR1QYX6C4AFKQAJT07V1PV5,01HTR0GAHN80Y7CWBY0M8VYY9M,2024-04-05T21:13:27.718417686Z,01HTR0GAJ00GNBXE3C2GF3X8B5,2024-04-05T21:13:27.718417686Z,01HTR1JDW6WV76WHK3E6HJJHQK,2024-04-05T21:13:27.718417686Z,01HTR16PMDJ6MC0MGQA9TS5N4V,2024-04-05T21:13:27.718417686Z
01HTR1QYXCCWNVGEPBW5WQCETH,01HTR0GAHN80Y7CWBY0M8VYY9M,2024-04-05T21:13:27.724666307Z,01HTR0GAJ00GNBXE3C2GF3X8B5,2024-04-05T21:13:27.724666307Z,01HTR1JDW6WV76WHK3E6HJJHQK,2024-04-05T21:13:27.724666307Z,01HTR17JSJBMDX51JF9MV27BQA,2024-04-05T21:13:27.724666307Z
01HTR1QYXMZMD7DZ9HV6MGYGT6,01HTR0GAHN80Y7CWBY0M8VYY9M,2024-04-05T21:13:27.732509845Z,01HTR0GAJ00GNBXE3C2GF3X8B5,2024-04-05T21:13:27.732509845Z,01HTR1JDW6WV76WHK3E6HJJHQK,2024-04-05T21:13:27.732509845Z,01HTR19E726TXWMF2JCA1BPPMZ,2024-04-05T21:13:27.732509845Z
01HTR1QYXV2CZ9GT340E9Z5G16,01HTR0GAHN80Y7CWBY0M8VYY9M,2024-04-05T21:13:27.739449829Z,01HTR0GAJ00GNBXE3C2GF3X8B5,2024-04-05T21:13:27.739449829Z,01HTR1JDW6WV76WHK3E6HJJHQK,2024-04-05T21:13:27.739449829Z,01HTR1E5F4HT5GGMAF5ND78NCA,2024-04-05T21:13:27.739449829Z
01HTR1QZ4SCPA2D26EZR26379R,01HTR0G3WX27VXE93RXQKJ672H,2024-04-05T21:13:27.9614578Z,01HTR0G3XEWC26FTTX4NKN0VSW,2024-04-05T21:13:27.9614578Z,01HTR13Q62EVZRA0XHE1X5WV1Q,2024-04-05T21:13:27.9614578Z,01HTR0TB93CVT5002XEX47Z1Z6,2024-04-05T21:13:27.9614578Z
01HTR1QZ51HE5PX339TN34S4EE,01HTR0G3WX27VXE93RXQKJ672H,2024-04-05T21:13:27.969691147Z,01HTR0G3XEWC26FTTX4NKN0VSW,2024-04-05T21:13:27.969691147Z,01HTR13Q62EVZRA0XHE1X5WV1Q,2024-04-05T21:13:27.969691147Z,01HTR0V4KK6PGGX6PRN9TYN12J,2024-04-05T21:13:27.969691147Z
01HTR1QZ5784BZXQ6CZZ39YANN,01HTR0G3WX27VXE93RXQKJ672H,2024-04-05T21:13:27.975496931Z,01HTR0G3XEWC26FTTX4NKN0VSW,2024-04-05T21:13:27.975496931Z,01HTR13Q62EVZRA0XHE1X5WV1Q,2024-04-05T21:13:27.975496931Z,01HTR0XKXG4233NA25V5214NT3,2024-04-05T21:13:27.975496931Z
01HTR1QZ5GAEE56YR8ZEXHE6PM,01HTR0G3WX27VXE93RXQKJ672H,2024-04-05T21:13:27.984266669Z,01HTR0G3XEWC26FTTX4NKN0VSW,2024-04-05T21:13:27.984266669Z,01HTR13Q62EVZRA0XHE1X5WV1Q,2024-04-05T21:13:27.984266669Z,01HTR0Y71GJDK4PZR0YRFP234C,2024-04-05T21:13:27.984266669Z
01HTR1SSSGEH0Z201N1YH8EZPF,01HTR0GAHN80Y7CWBY0M8VYY9M,2024-04-05T21:14:28.016337989Z,01HTR0GAJ00GNBXE3C2GF3X8B5,2024-04-05T21:14:28.016337989Z,01HTR1JDW9D770ZZYKDNAC1D2F,2024-04-05T21:14:28.016337989Z,01HTR16PMDJ6MC0MGQA9TS5N4V,2024-04-05T21:14:28.016337989Z
01HTR1SSSTMVGTHMSNTSMKXKAN,01HTR0GAHN80Y7CWBY0M8VYY9M,2024-04-05T21:14:28.026310679Z,01HTR0GAJ00GNBXE3C2GF3X8B5,2024-04-05T21:14:28.026310679Z,01HTR1JDW9D770ZZYKDNAC1D2F,2024-04-05T21:14:28.026310679Z,01HTR17JSJBMDX51JF9MV27BQA,2024-04-05T21:14:28.026310679Z
01HTR1SST2514SKK01B908BP45,01HTR0GAHN80Y7CWBY0M8VYY9M,2024-04-05T21:14:28.034323441Z,01HTR0GAJ00GNBXE3C2GF3X8B5,2024-04-05T21:14:28.034323441Z,01HTR1JDW9D770ZZYKDNAC1D2F,2024-04-05T21:14:28.034323441Z,01HTR19E726TXWMF2JCA1BPPMZ,2024-04-05T21:14:28.034323441Z
01HTR1SST8NXX4YQXC1R0CHZM2,01HTR0GAHN80Y7CWBY0M8VYY9M,2024-04-05T21:14:28.040385573Z,01HTR0GAJ00GNBXE3C2GF3X8B5,2024-04-05T21:14:28.040385573Z,01HTR1JDW9D770ZZYKDNAC1D2F,2024-04-05T21:14:28.040385573Z,01HTR1E5F4HT5GGMAF5ND78NCA,2024-04-05T21:14:28.040385573Z
01HTR1VMMX18EXMRJHVZHAWPE5,01HTR0GAHN80Y7CWBY0M8VYY9M,2024-04-05T21:15:28.2860136Z,01HTR0GAJ00GNBXE3C2GF3X8B5,2024-04-05T21:15:28.2860136Z,01HTR1JDW56PZPD567B3KYENA7,2024-04-05T21:15:28.2860136Z,01HTR16PMDJ6MC0MGQA9TS5N4V,2024-04-05T21:15:28.2860136Z
01HTR1VMNA6Z2NFY86EJETP7PJ,01HTR0GAHN80Y7CWBY0M8VYY9M,2024-04-05T21:15:28.298230129Z,01HTR0GAJ00GNBXE3C2GF3X8B5,2024-04-05T21:15:28.298230129Z,01HTR1JDW56PZPD567B3KYENA7,2024-04-05T21:15:28.298230129Z,01HTR17JSJBMDX51JF9MV27BQA,2024-04-05T21:15:28.298230129Z
01HTR1VMNHM702D7P4J2FNKKRH,01HTR0GAHN80Y7CWBY0M8VYY9M,2024-04-05T21:15:28.305923228Z,01HTR0GAJ00GNBXE3C2GF3X8B5,2024-04-05T21:15:28.305923228Z,01HTR1JDW56PZPD567B3KYENA7,2024-04-05T21:15:28.305923228Z,01HTR19E726TXWMF2JCA1BPPMZ,2024-04-05T21:15:28.305923228Z
01HTR1VMNSHH5KFTX20JDY5H7E,01HTR0GAHN80Y7CWBY0M8VYY9M,2024-04-05T21:15:28.313146393Z,01HTR0GAJ00GNBXE3C2GF3X8B5,2024-04-05T21:15:28.313146393Z,01HTR1JDW56PZPD567B3KYENA7,2024-04-05T21:15:28.313146393Z,01HTR1E5F4HT5GGMAF5ND78NCA,2024-04-05T21:15:28.313146393Z
01HTR1XFFKMBMT8SWB9QJYE21W,01HTR0GAHN80Y7CWBY0M8VYY9M,2024-04-05T21:16:28.531060228Z,01HTR0GAJ00GNBXE3C2GF3X8B5,2024-04-05T21:16:28.531060228Z,01HTR1JDW6WV76WHK3DP4Y6TJ1,2024-04-05T21:16:28.531060228Z,01HTR16PMDJ6MC0MGQA9TS5N4V,2024-04-05T21:16:28.531060228Z
01HTR1XFFSWCBYG14JZS63HMYK,01HTR0GAHN80Y7CWBY0M8VYY9M,2024-04-05T21:16:28.537827341Z,01HTR0GAJ00GNBXE3C2GF3X8B5,2024-04-05T21:16:28.537827341Z,01HTR1JDW6WV76WHK3DP4Y6TJ1,2024-04-05T21:16:28.537827341Z,01HTR17JSJBMDX51JF9MV27BQA,2024-04-05T21:16:28.537827341Z
01HTR1XFFYCMGPA8Q4EY86G3HZ,01HTR0GAHN80Y7CWBY0M8VYY9M,2024-04-05T21:16:28.542966176Z,01HTR0GAJ00GNBXE3C2GF3X8B5,2024-04-05T21:16:28.542966176Z,01HTR1JDW6WV76WHK3DP4Y6TJ1,2024-04-05T21:16:28.542966176Z,01HTR19E726TXWMF2JCA1BPPMZ,2024-04-05T21:16:28.542966176Z
01HTR1XFG4A1BZ17SGKFP36P4R,01HTR0GAHN80Y7CWBY0M8VYY9M,2024-04-05T21:16:28.548427367Z,01HTR0GAJ00GNBXE3C2GF3X8B5,2024-04-05T21:16:28.548427367Z,01HTR1JDW6WV76WHK3DP4Y6TJ1,2024-04-05T21:16:28.548427367Z,01HTR1E5F4HT5GGMAF5ND78NCA,2024-04-05T21:16:28.548427367Z
01HTR1Z77JJ9YHGXRPW6KZ27DZ,01HTR0GGBH5DVF9C0S684EBZA2,2024-04-05T21:17:25.618891237Z,01HTR0GGBWK2JY9EAWENGKKCYB,2024-04-05T21:17:25.618891237Z,01HTR1Z6NRJGPVY5PTW5QF26V0,2024-04-05T21:17:25.618891237Z,01HTR1MAC76MJ9XMV3JQMPF11S,2024-04-05T21:17:25.618891237Z
01HTR1Z77RS5WCMYYKH79RYAB7,01HTR0GGBH5DVF9C0S684EBZA2,2024-04-05T21:17:25.624954476Z,01HTR0GGBWK2JY9EAWENGKKCYB,2024-04-05T21:17:25.624954476Z,01HTR1Z6NRJGPVY5PTW5QF26V0,2024-04-05T21:17:25.624954476Z,01HTR1PCXHSE4NT8QC5JZ1635W,2024-04-05T21:17:25.624954476Z
01HTR1Z782PXBPE571SF9VM57G,01HTR0GGBH5DVF9C0S684EBZA2,2024-04-05T21:17:25.634278988Z,01HTR0GGBWK2JY9EAWENGKKCYB,2024-04-05T21:17:25.634278988Z,01HTR1Z6NRJGPVY5PTW5QF26V0,2024-04-05T21:17:25.634278988Z,01HTR1PFSPYGAFRC7G98V7P1MS,2024-04-05T21:17:25.634278988Z
01HTR1Z78AEJD3W536JDK2Q0PR,01HTR0GGBH5DVF9C0S684EBZA2,2024-04-05T21:17:25.642894017Z,01HTR0GGBWK2JY9EAWENGKKCYB,2024-04-05T21:17:25.642894017Z,01HTR1Z6NRJGPVY5PTW5QF26V0,2024-04-05T21:17:25.642894017Z,01HTR1R0RDJ4VP5SXP8KQF5Q5Q,2024-04-05T21:17:25.642894017Z
01HTR1ZA94PRASFV4DZHDNRYZY,01HTR0GAHN80Y7CWBY0M8VYY9M,2024-04-05T21:17:28.74073215Z,01HTR0GAJ00GNBXE3C2GF3X8B5,2024-04-05T21:17:28.74073215Z,01HTR1JDWFB9Z9D71VVEZA9BHR,2024-04-05T21:17:28.74073215Z,01HTR16PMDJ6MC0MGQA9TS5N4V,2024-04-05T21:17:28.74073215Z
01HTR1ZA9DW58Z80Q6GCE3BMXE,01HTR0GAHN80Y7CWBY0M8VYY9M,2024-04-05T21:17:28.74986251Z,01HTR0GAJ00GNBXE3C2GF3X8B5,2024-04-05T21:17:28.74986251Z,01HTR1JDWFB9Z9D71VVEZA9BHR,2024-04-05T21:17:28.74986251Z,01HTR17JSJBMDX51JF9MV27BQA,2024-04-05T21:17:28.74986251Z
01HTR1ZA9MY5SY0BTWYS7BPVP6,01HTR0GAHN80Y7CWBY0M8VYY9M,2024-04-05T21:17:28.756151566Z,01HTR0GAJ00GNBXE3C2GF3X8B5,2024-04-05T21:17:28.756151566Z,01HTR1JDWFB9Z9D71VVEZA9BHR,2024-04-05T21:17:28.756151566Z,01HTR19E726TXWMF2JCA1BPPMZ,2024-04-05T21:17:28.756151566Z
01HTR1ZA9T6Y36AM2TS3ZAB3A8,01HTR0GAHN80Y7CWBY0M8VYY9M,2024-04-05T21:17:28.762168785Z,01HTR0GAJ00GNBXE3C2GF3X8B5,2024-04-05T21:17:28.762168785Z,01HTR1JDWFB9Z9D71VVEZA9BHR,2024-04-05T21:17:28.762168785Z,01HTR1E5F4HT5GGMAF5ND78NCA,2024-04-05T21:17:28.762168785Z
01HTR204VZ607XTWZ1MX5EHVD0,01HTR0GGBH5DVF9C0S684EBZA2,2024-04-05T21:17:55.967828849Z,01HTR0GGBWK2JY9EAWENGKKCYB,2024-04-05T21:17:55.967828849Z,01HTR1Z6P5XB8J8TZZTYM1GK83,2024-04-05T21:17:55.967828849Z,01HTR1MAC76MJ9XMV3JQMPF11S,2024-04-05T21:17:55.967828849Z
01HTR204W9RK3NJGTM0MK1AS3M,01HTR0GGBH5DVF9C0S684EBZA2,2024-04-05T21:17:55.977638242Z,01HTR0GGBWK2JY9EAWENGKKCYB,2024-04-05T21:17:55.977638242Z,01HTR1Z6P5XB8J8TZZTYM1GK83,2024-04-05T21:17:55.977638242Z,01HTR1PCXHSE4NT8QC5JZ1635W,2024-04-05T21:17:55.977638242Z
01HTR204WJQNTZA1V1APSP0D78,01HTR0GGBH5DVF9C0S684EBZA2,2024-04-05T21:17:55.986369817Z,01HTR0GGBWK2JY9EAWENGKKCYB,2024-04-05T21:17:55.986369817Z,01HTR1Z6P5XB8J8TZZTYM1GK83,2024-04-05T21:17:55.986369817Z,01HTR1PFSPYGAFRC7G98V7P1MS,2024-04-05T21:17:55.986369817Z
01HTR204WSVP9KVJ4SEYYPRRG3,01HTR0GGBH5DVF9C0S684EBZA2,2024-04-05T21:17:55.993439758Z,01HTR0GGBWK2JY9EAWENGKKCYB,2024-04-05T21:17:55.993439758Z,01HTR1Z6P5XB8J8TZZTYM1GK83,2024-04-05T21:17:55.993439758Z,01HTR1R0RDJ4VP5SXP8KQF5Q5Q,2024-04-05T21:17:55.993439758Z
01HTR212AAZZZG3JYWB526B307,01HTR0GGBH5DVF9C0S684EBZA2,2024-04-05T21:18:26.122235647Z,01HTR0GGBWK2JY9EAWENGKKCYB,2024-04-05T21:18:26.122235647Z,01HTR1Z6PBSC1ZNQE5P0DV1W5Z,2024-04-05T21:18:26.122235647Z,01HTR1MAC76MJ9XMV3JQMPF11S,2024-04-05T21:18:26.122235647Z
01HTR212AGBS2TZ2AK68SDD1VB,01HTR0GGBH5DVF9C0S684EBZA2,2024-04-05T21:18:26.128477689Z,01HTR0GGBWK2JY9EAWENGKKCYB,2024-04-05T21:18:26.128477689Z,01HTR1Z6PBSC1ZNQE5P0DV1W5Z,2024-04-05T21:18:26.128477689Z,01HTR1PCXHSE4NT8QC5JZ1635W,2024-04-05T21:18:26.128477689Z
01HTR212AN1EGBEMWK04P88WZ1,01HTR0GGBH5DVF9C0S684EBZA2,2024-04-05T21:18:26.133669097Z,01HTR0GGBWK2JY9EAWENGKKCYB,2024-04-05T21:18:26.133669097Z,01HTR1Z6PBSC1ZNQE5P0DV1W5Z,2024-04-05T21:18:26.133669097Z,01HTR1PFSPYGAFRC7G98V7P1MS,2024-04-05T21:18:26.133669097Z
01HTR212AV5TZA99RJT71442A1,01HTR0GGBH5DVF9C0S684EBZA2,2024-04-05T21:18:26.139440656Z,01HTR0GGBWK2JY9EAWENGKKCYB,2024-04-05T21:18:26.139440656Z,01HTR1Z6PBSC1ZNQE5P0DV1W5Z,2024-04-05T21:18:26.139440656Z,01HTR1R0RDJ4VP5SXP8KQF5Q5Q,2024-04-05T21:18:26.139440656Z
01HTR2152SYVY2HA7G2JQ37H6K,01HTR0GAHN80Y7CWBY0M8VYY9M,2024-04-05T21:18:28.953281109Z,01HTR0GAJ00GNBXE3C2GF3X8B5,2024-04-05T21:18:28.953281109Z,01HTR1JDWD20WZVVDQ06G35T19,2024-04-05T21:18:28.953281109Z,01HTR16PMDJ6MC0MGQA9TS5N4V,2024-04-05T21:18:28.953281109Z
01HTR21532R3XMNVE83SFRPE2K,01HTR0GAHN80Y7CWBY0M8VYY9M,2024-04-05T21:18:28.962997623Z,01HTR0GAJ00GNBXE3C2GF3X8B5,2024-04-05T21:18:28.962997623Z,01HTR1JDWD20WZVVDQ06G35T19,2024-04-05T21:18:28.962997623Z,01HTR17JSJBMDX51JF9MV27BQA,2024-04-05T21:18:28.962997623Z
01HTR215377G9SHN3736YGZ4VR,01HTR0GAHN80Y7CWBY0M8VYY9M,2024-04-05T21:18:28.967091141Z,01HTR0GAJ00GNBXE3C2GF3X8B5,2024-04-05T21:18:28.967091141Z,01HTR1JDWD20WZVVDQ06G35T19,2024-04-05T21:18:28.967091141Z,01HTR19E726TXWMF2JCA1BPPMZ,2024-04-05T21:18:28.967091141Z
01HTR2153BPSBS6DZ556SEYT4Y,01HTR0GAHN80Y7CWBY0M8VYY9M,2024-04-05T21:18:28.971843435Z,01HTR0GAJ00GNBXE3C2GF3X8B5,2024-04-05T21:18:28.971843435Z,01HTR1JDWD20WZVVDQ06G35T19,2024-04-05T21:18:28.971843435Z,01HTR1E5F4HT5GGMAF5ND78NCA,2024-04-05T21:18:28.971843435Z
01HTR21ZRC7FE72CK2P2A0GR1X,01HTR0GGBH5DVF9C0S684EBZA2,2024-04-05T21:18:56.268356897Z,01HTR0GGBWK2JY9EAWENGKKCYB,2024-04-05T21:18:56.268356897Z,01HTR1Z6P6J9858A9SQCS858FZ,2024-04-05T21:18:56.268356897Z,01HTR1MAC76MJ9XMV3JQMPF11S,2024-04-05T21:18:56.268356897Z
01HTR21ZRJF71B969MXEB7KQ91,01HTR0GGBH5DVF9C0S684EBZA2,2024-04-05T21:18:56.274451279Z,01HTR0GGBWK2JY9EAWENGKKCYB,2024-04-05T21:18:56.274451279Z,01HTR1Z6P6J9858A9SQCS858FZ,2024-04-05T21:18:56.274451279Z,01HTR1PCXHSE4NT8QC5JZ1635W,2024-04-05T21:18:56.274451279Z
01HTR21ZRQJ18Z9C37Y9BX5SJF,01HTR0GGBH5DVF9C0S684EBZA2,2024-04-05T21:18:56.27986245Z,01HTR0GGBWK2JY9EAWENGKKCYB,2024-04-05T21:18:56.27986245Z,01HTR1Z6P6J9858A9SQCS858FZ,2024-04-05T21:18:56.27986245Z,01HTR1PFSPYGAFRC7G98V7P1MS,2024-04-05T21:18:56.27986245Z
01HTR21ZRY06EVJESNRY0QHS0V,01HTR0GGBH5DVF9C0S684EBZA2,2024-04-05T21:18:56.286398685Z,01HTR0GGBWK2JY9EAWENGKKCYB,2024-04-05T21:18:56.286398685Z,01HTR1Z6P6J9858A9SQCS858FZ,2024-04-05T21:18:56.286398685Z,01HTR1R0RDJ4VP5SXP8KQF5Q5Q,2024-04-05T21:18:56.286398685Z
01HTR13QRCN1R4WBDQW58J9J7A,01HTR0G3WX27VXE93RXQKJ672H,2024-04-05T21:02:25.036400619Z,01HTR0G3XEWC26FTTX4NKN0VSW,2024-04-05T21:02:25.036400619Z,01HTR13Q57R7JR683AZF1CB9AN,2024-04-05T21:02:25.036400619Z,01HTR0TB93CVT5002XEX47Z1Z6,2024-04-05T21:02:25.036400619Z
01HTR13QRH3SQKE2TMKWCRN12Y,01HTR0G3WX27VXE93RXQKJ672H,2024-04-05T21:02:25.041048324Z,01HTR0G3XEWC26FTTX4NKN0VSW,2024-04-05T21:02:25.041048324Z,01HTR13Q57R7JR683AZF1CB9AN,2024-04-05T21:02:25.041048324Z,01HTR0V4KK6PGGX6PRN9TYN12J,2024-04-05T21:02:25.041048324Z
01HTR13QRP1ZVD9H53S6S87WNS,01HTR0G3WX27VXE93RXQKJ672H,2024-04-05T21:02:25.046187532Z,01HTR0G3XEWC26FTTX4NKN0VSW,2024-04-05T21:02:25.046187532Z,01HTR13Q57R7JR683AZF1CB9AN,2024-04-05T21:02:25.046187532Z,01HTR0XKXG4233NA25V5214NT3,2024-04-05T21:02:25.046187532Z
01HTR13QRWKKYWRC21GSFWZY6Y,01HTR0G3WX27VXE93RXQKJ672H,2024-04-05T21:02:25.052891587Z,01HTR0G3XEWC26FTTX4NKN0VSW,2024-04-05T21:02:25.052891587Z,01HTR13Q57R7JR683AZF1CB9AN,2024-04-05T21:02:25.052891587Z,01HTR0Y71GJDK4PZR0YRFP234C,2024-04-05T21:02:25.052891587Z
01HTR15JK6A6TKPM6BRY3BGM82,01HTR0G3WX27VXE93RXQKJ672H,2024-04-05T21:03:25.286497957Z,01HTR0G3XEWC26FTTX4NKN0VSW,2024-04-05T21:03:25.286497957Z,01HTR13Q5G7HK928Q50F4940YN,2024-04-05T21:03:25.286497957Z,01HTR0TB93CVT5002XEX47Z1Z6,2024-04-05T21:03:25.286497957Z
01HTR15JKAVY2X4J0NPY1BTRN1,01HTR0G3WX27VXE93RXQKJ672H,2024-04-05T21:03:25.293507513Z,01HTR0G3XEWC26FTTX4NKN0VSW,2024-04-05T21:03:25.293507513Z,01HTR13Q5G7HK928Q50F4940YN,2024-04-05T21:03:25.293507513Z,01HTR0V4KK6PGGX6PRN9TYN12J,2024-04-05T21:03:25.293507513Z
01HTR15JKJRPEZ0K5V61CSNS0M,01HTR0G3WX27VXE93RXQKJ672H,2024-04-05T21:03:25.298437892Z,01HTR0G3XEWC26FTTX4NKN0VSW,2024-04-05T21:03:25.298437892Z,01HTR13Q5G7HK928Q50F4940YN,2024-04-05T21:03:25.298437892Z,01HTR0XKXG4233NA25V5214NT3,2024-04-05T21:03:25.298437892Z
01HTR15JKP1TTMKX5T4DBWBWAB,01HTR0G3WX27VXE93RXQKJ672H,2024-04-05T21:03:25.302398675Z,01HTR0G3XEWC26FTTX4NKN0VSW,2024-04-05T21:03:25.302398675Z,01HTR13Q5G7HK928Q50F4940YN,2024-04-05T21:03:25.302398675Z,01HTR0Y71GJDK4PZR0YRFP234C,2024-04-05T21:03:25.302398675Z
01HTR17DBXVJHWAFSMJVHX2KDQ,01HTR0G3WX27VXE93RXQKJ672H,2024-04-05T21:04:25.469932978Z,01HTR0G3XEWC26FTTX4NKN0VSW,2024-04-05T21:04:25.469932978Z,01HTR13Q5HABTCDZ63Z6EQK7V4,2024-04-05T21:04:25.469932978Z,01HTR0TB93CVT5002XEX47Z1Z6,2024-04-05T21:04:25.469932978Z
01HTR17DC3S8E6YANVDCV0ZVZ3,01HTR0G3WX27VXE93RXQKJ672H,2024-04-05T21:04:25.475815342Z,01HTR0G3XEWC26FTTX4NKN0VSW,2024-04-05T21:04:25.475815342Z,01HTR13Q5HABTCDZ63Z6EQK7V4,2024-04-05T21:04:25.475815342Z,01HTR0V4KK6PGGX6PRN9TYN12J,2024-04-05T21:04:25.475815342Z
01HTR17DC9JR3CNFCK39G8FWBR,01HTR0G3WX27VXE93RXQKJ672H,2024-04-05T21:04:25.481305648Z,01HTR0G3XEWC26FTTX4NKN0VSW,2024-04-05T21:04:25.481305648Z,01HTR13Q5HABTCDZ63Z6EQK7V4,2024-04-05T21:04:25.481305648Z,01HTR0XKXG4233NA25V5214NT3,2024-04-05T21:04:25.481305648Z
01HTR17DCDH3K77TCKYP9TPEDK,01HTR0G3WX27VXE93RXQKJ672H,2024-04-05T21:04:25.485689051Z,01HTR0G3XEWC26FTTX4NKN0VSW,2024-04-05T21:04:25.485689051Z,01HTR13Q5HABTCDZ63Z6EQK7V4,2024-04-05T21:04:25.485689051Z,01HTR0Y71GJDK4PZR0YRFP234C,2024-04-05T21:04:25.485689051Z
01HTR1984WZNDCYNCF7E03W9RJ,01HTR0G3WX27VXE93RXQKJ672H,2024-04-05T21:05:25.660807615Z,01HTR0G3XEWC26FTTX4NKN0VSW,2024-04-05T21:05:25.660807615Z,01HTR13Q5PC3YEM2Y8JM6KJ44Z,2024-04-05T21:05:25.660807615Z,01HTR0TB93CVT5002XEX47Z1Z6,2024-04-05T21:05:25.660807615Z
01HTR19851ZECEJCXKXQ6DJ55W,01HTR0G3WX27VXE93RXQKJ672H,2024-04-05T21:05:25.665681095Z,01HTR0G3XEWC26FTTX4NKN0VSW,2024-04-05T21:05:25.665681095Z,01HTR13Q5PC3YEM2Y8JM6KJ44Z,2024-04-05T21:05:25.665681095Z,01HTR0V4KK6PGGX6PRN9TYN12J,2024-04-05T21:05:25.665681095Z
01HTR19856XBDXE7ST89ET23KM,01HTR0G3WX27VXE93RXQKJ672H,2024-04-05T21:05:25.670434685Z,01HTR0G3XEWC26FTTX4NKN0VSW,2024-04-05T21:05:25.670434685Z,01HTR13Q5PC3YEM2Y8JM6KJ44Z,2024-04-05T21:05:25.670434685Z,01HTR0XKXG4233NA25V5214NT3,2024-04-05T21:05:25.670434685Z
01HTR1985CSW7X9YBYY23NWEB0,01HTR0G3WX27VXE93RXQKJ672H,2024-04-05T21:05:25.676326145Z,01HTR0G3XEWC26FTTX4NKN0VSW,2024-04-05T21:05:25.676326145Z,01HTR13Q5PC3YEM2Y8JM6KJ44Z,2024-04-05T21:05:25.676326145Z,01HTR0Y71GJDK4PZR0YRFP234C,2024-04-05T21:05:25.676326145Z
01HTR1B2Z1RFEQQX8PMN0HS53A,01HTR0G3WX27VXE93RXQKJ672H,2024-04-05T21:06:25.889419609Z,01HTR0G3XEWC26FTTX4NKN0VSW,2024-04-05T21:06:25.889419609Z,01HTR13Q5M4F9RVXSK9EXW928B,2024-04-05T21:06:25.889419609Z,01HTR0TB93CVT5002XEX47Z1Z6,2024-04-05T21:06:25.889419609Z
01HTR1B2Z566K8PAHNKNWHQG85,01HTR0G3WX27VXE93RXQKJ672H,2024-04-05T21:06:25.893831963Z,01HTR0G3XEWC26FTTX4NKN0VSW,2024-04-05T21:06:25.893831963Z,01HTR13Q5M4F9RVXSK9EXW928B,2024-04-05T21:06:25.893831963Z,01HTR0V4KK6PGGX6PRN9TYN12J,2024-04-05T21:06:25.893831963Z
01HTR1B2ZAH94KJH7W5KVRHSYA,01HTR0G3WX27VXE93RXQKJ672H,2024-04-05T21:06:25.898403111Z,01HTR0G3XEWC26FTTX4NKN0VSW,2024-04-05T21:06:25.898403111Z,01HTR13Q5M4F9RVXSK9EXW928B,2024-04-05T21:06:25.898403111Z,01HTR0XKXG4233NA25V5214NT3,2024-04-05T21:06:25.898403111Z
01HTR1B2ZK0567Q79NKRBK57N5,01HTR0G3WX27VXE93RXQKJ672H,2024-04-05T21:06:25.907973759Z,01HTR0G3XEWC26FTTX4NKN0VSW,2024-04-05T21:06:25.907973759Z,01HTR13Q5M4F9RVXSK9EXW928B,2024-04-05T21:06:25.907973759Z,01HTR0Y71GJDK4PZR0YRFP234C,2024-04-05T21:06:25.907973759Z
01HTR1CXR1GVV59GPMNAS0MB19,01HTR0G3WX27VXE93RXQKJ672H,2024-04-05T21:07:26.081426447Z,01HTR0G3XEWC26FTTX4NKN0VSW,2024-04-05T21:07:26.081426447Z,01HTR13Q5JF3R0WJ52P37CWPYW,2024-04-05T21:07:26.081426447Z,01HTR0TB93CVT5002XEX47Z1Z6,2024-04-05T21:07:26.081426447Z
01HTR1CXR5YCWQ9BZKACZZ9JZG,01HTR0G3WX27VXE93RXQKJ672H,2024-04-05T21:07:26.085554857Z,01HTR0G3XEWC26FTTX4NKN0VSW,2024-04-05T21:07:26.085554857Z,01HTR13Q5JF3R0WJ52P37CWPYW,2024-04-05T21:07:26.085554857Z,01HTR0V4KK6PGGX6PRN9TYN12J,2024-04-05T21:07:26.085554857Z
01HTR1CXRAD1QB0MN9F2R239MN,01HTR0G3WX27VXE93RXQKJ672H,2024-04-05T21:07:26.090516457Z,01HTR0G3XEWC26FTTX4NKN0VSW,2024-04-05T21:07:26.090516457Z,01HTR13Q5JF3R0WJ52P37CWPYW,2024-04-05T21:07:26.090516457Z,01HTR0XKXG4233NA25V5214NT3,2024-04-05T21:07:26.090516457Z
01HTR1CXRESS09YRD5KK2ZNWDG,01HTR0G3WX27VXE93RXQKJ672H,2024-04-05T21:07:26.094686886Z,01HTR0G3XEWC26FTTX4NKN0VSW,2024-04-05T21:07:26.094686886Z,01HTR13Q5JF3R0WJ52P37CWPYW,2024-04-05T21:07:26.094686886Z,01HTR0Y71GJDK4PZR0YRFP234C,2024-04-05T21:07:26.094686886Z
01HTR1ERHRN2MEVH8HSC83TZ5C,01HTR0G3WX27VXE93RXQKJ672H,2024-04-05T21:08:26.296833623Z,01HTR0G3XEWC26FTTX4NKN0VSW,2024-04-05T21:08:26.296833623Z,01HTR13Q5KH37DH8R0S4HFTC2R,2024-04-05T21:08:26.296833623Z,01HTR0TB93CVT5002XEX47Z1Z6,2024-04-05T21:08:26.296833623Z
01HTR1ERHYCG3J73ENY47BBEEZ,01HTR0G3WX27VXE93RXQKJ672H,2024-04-05T21:08:26.302232596Z,01HTR0G3XEWC26FTTX4NKN0VSW,2024-04-05T21:08:26.302232596Z,01HTR13Q5KH37DH8R0S4HFTC2R,2024-04-05T21:08:26.302232596Z,01HTR0V4KK6PGGX6PRN9TYN12J,2024-04-05T21:08:26.302232596Z
01HTR1ERJ2B1HVQ12EC3Q1C44A,01HTR0G3WX27VXE93RXQKJ672H,2024-04-05T21:08:26.306989053Z,01HTR0G3XEWC26FTTX4NKN0VSW,2024-04-05T21:08:26.306989053Z,01HTR13Q5KH37DH8R0S4HFTC2R,2024-04-05T21:08:26.306989053Z,01HTR0XKXG4233NA25V5214NT3,2024-04-05T21:08:26.306989053Z
01HTR1ERJFTWXNM49MQT9TSNWB,01HTR0G3WX27VXE93RXQKJ672H,2024-04-05T21:08:26.319104776Z,01HTR0G3XEWC26FTTX4NKN0VSW,2024-04-05T21:08:26.319104776Z,01HTR13Q5KH37DH8R0S4HFTC2R,2024-04-05T21:08:26.319104776Z,01HTR0Y71GJDK4PZR0YRFP234C,2024-04-05T21:08:26.319104776Z
01HTR1GKBVYEJYT0FXTEVP66Y3,01HTR0G3WX27VXE93RXQKJ672H,2024-04-05T21:09:26.523204654Z,01HTR0G3XEWC26FTTX4NKN0VSW,2024-04-05T21:09:26.523204654Z,01HTR13Q5NQZKD7NQH1698DW3H,2024-04-05T21:09:26.523204654Z,01HTR0TB93CVT5002XEX47Z1Z6,2024-04-05T21:09:26.523204654Z
01HTR1GKC0C9EPD1STDSF5PAPR,01HTR0G3WX27VXE93RXQKJ672H,2024-04-05T21:09:26.528497146Z,01HTR0G3XEWC26FTTX4NKN0VSW,2024-04-05T21:09:26.528497146Z,01HTR13Q5NQZKD7NQH1698DW3H,2024-04-05T21:09:26.528497146Z,01HTR0V4KK6PGGX6PRN9TYN12J,2024-04-05T21:09:26.528497146Z
01HTR1GKC5Y1G4414NVYKPT6Q0,01HTR0G3WX27VXE93RXQKJ672H,2024-04-05T21:09:26.533181524Z,01HTR0G3XEWC26FTTX4NKN0VSW,2024-04-05T21:09:26.533181524Z,01HTR13Q5NQZKD7NQH1698DW3H,2024-04-05T21:09:26.533181524Z,01HTR0XKXG4233NA25V5214NT3,2024-04-05T21:09:26.533181524Z
01HTR1GKCBK88WE2WBED742T34,01HTR0G3WX27VXE93RXQKJ672H,2024-04-05T21:09:26.539633583Z,01HTR0G3XEWC26FTTX4NKN0VSW,2024-04-05T21:09:26.539633583Z,01HTR13Q5NQZKD7NQH1698DW3H,2024-04-05T21:09:26.539633583Z,01HTR0Y71GJDK4PZR0YRFP234C,2024-04-05T21:09:26.539633583Z
01HTR1JEDEQ4XFTKYPHZ9EF0P1,01HTR0GAHN80Y7CWBY0M8VYY9M,2024-04-05T21:10:26.990589825Z,01HTR0GAJ00GNBXE3C2GF3X8B5,2024-04-05T21:10:26.990589825Z,01HTR1JDW235QF4GP9ME8D1YAK,2024-04-05T21:10:26.990589825Z,01HTR16PMDJ6MC0MGQA9TS5N4V,2024-04-05T21:10:26.990589825Z
01HTR1JEDK6RAWRPYD86MX50SD,01HTR0GAHN80Y7CWBY0M8VYY9M,2024-04-05T21:10:26.995669908Z,01HTR0GAJ00GNBXE3C2GF3X8B5,2024-04-05T21:10:26.995669908Z,01HTR1JDW235QF4GP9ME8D1YAK,2024-04-05T21:10:26.995669908Z,01HTR17JSJBMDX51JF9MV27BQA,2024-04-05T21:10:26.995669908Z
01HTR1JEDR0TME6A6R3DPE42TG,01HTR0GAHN80Y7CWBY0M8VYY9M,2024-04-05T21:10:27.000057775Z,01HTR0GAJ00GNBXE3C2GF3X8B5,2024-04-05T21:10:27.000057775Z,01HTR1JDW235QF4GP9ME8D1YAK,2024-04-05T21:10:27.000057775Z,01HTR19E726TXWMF2JCA1BPPMZ,2024-04-05T21:10:27.000057775Z
01HTR1JEDY4EV3T4G3CQT0S37R,01HTR0GAHN80Y7CWBY0M8VYY9M,2024-04-05T21:10:27.006109638Z,01HTR0GAJ00GNBXE3C2GF3X8B5,2024-04-05T21:10:27.006109638Z,01HTR1JDW235QF4GP9ME8D1YAK,2024-04-05T21:10:27.006109638Z,01HTR1E5F4HT5GGMAF5ND78NCA,2024-04-05T21:10:27.006109638Z
01HTR1JEKM210W6NBEW0K9SERG,01HTR0G3WX27VXE93RXQKJ672H,2024-04-05T21:10:27.188633473Z,01HTR0G3XEWC26FTTX4NKN0VSW,2024-04-05T21:10:27.188633473Z,01HTR13Q5YS4WVDSV9Y9FFPE95,2024-04-05T21:10:27.188633473Z,01HTR0TB93CVT5002XEX47Z1Z6,2024-04-05T21:10:27.188633473Z
01HTR1JEKRYDDF9NMTXWXQM7VB,01HTR0G3WX27VXE93RXQKJ672H,2024-04-05T21:10:27.192493629Z,01HTR0G3XEWC26FTTX4NKN0VSW,2024-04-05T21:10:27.192493629Z,01HTR13Q5YS4WVDSV9Y9FFPE95,2024-04-05T21:10:27.192493629Z,01HTR0V4KK6PGGX6PRN9TYN12J,2024-04-05T21:10:27.192493629Z
01HTR1JEKXHHG761NSQ84M6ZH4,01HTR0G3WX27VXE93RXQKJ672H,2024-04-05T21:10:27.198019984Z,01HTR0G3XEWC26FTTX4NKN0VSW,2024-04-05T21:10:27.198019984Z,01HTR13Q5YS4WVDSV9Y9FFPE95,2024-04-05T21:10:27.198019984Z,01HTR0XKXG4233NA25V5214NT3,2024-04-05T21:10:27.198019984Z
01HTR1JEM3X2VWHSCVJHM0TJMF,01HTR0G3WX27VXE93RXQKJ672H,2024-04-05T21:10:27.203393652Z,01HTR0G3XEWC26FTTX4NKN0VSW,2024-04-05T21:10:27.203393652Z,01HTR13Q5YS4WVDSV9Y9FFPE95,2024-04-05T21:10:27.203393652Z,01HTR0Y71GJDK4PZR0YRFP234C,2024-04-05T21:10:27.203393652Z
01HTR1M99MS8GESKYC4PQHMDCJ,01HTR0GAHN80Y7CWBY0M8VYY9M,2024-04-05T21:11:27.284438631Z,01HTR0GAJ00GNBXE3C2GF3X8B5,2024-04-05T21:11:27.284438631Z,01HTR1JDW4D73QMGWB1BTAD4KN,2024-04-05T21:11:27.284438631Z,01HTR16PMDJ6MC0MGQA9TS5N4V,2024-04-05T21:11:27.284438631Z
01HTR1M99S2Y3Q8ZRRYW2RNWDT,01HTR0GAHN80Y7CWBY0M8VYY9M,2024-04-05T21:11:27.289104245Z,01HTR0GAJ00GNBXE3C2GF3X8B5,2024-04-05T21:11:27.289104245Z,01HTR1JDW4D73QMGWB1BTAD4KN,2024-04-05T21:11:27.289104245Z,01HTR17JSJBMDX51JF9MV27BQA,2024-04-05T21:11:27.289104245Z
01HTR1M99X769BQX67ZQ65TXT5,01HTR0GAHN80Y7CWBY0M8VYY9M,2024-04-05T21:11:27.293855104Z,01HTR0GAJ00GNBXE3C2GF3X8B5,2024-04-05T21:11:27.293855104Z,01HTR1JDW4D73QMGWB1BTAD4KN,2024-04-05T21:11:27.293855104Z,01HTR19E726TXWMF2JCA1BPPMZ,2024-04-05T21:11:27.293855104Z
01HTR1M9A19SDRTW98MAP8DZW1,01HTR0GAHN80Y7CWBY0M8VYY9M,2024-04-05T21:11:27.297968881Z,01HTR0GAJ00GNBXE3C2GF3X8B5,2024-04-05T21:11:27.297968881Z,01HTR1JDW4D73QMGWB1BTAD4KN,2024-04-05T21:11:27.297968881Z,01HTR1E5F4HT5GGMAF5ND78NCA,2024-04-05T21:11:27.297968881Z
01HTR1M9E62KAY80D5NCYPQ4H2,01HTR0G3WX27VXE93RXQKJ672H,2024-04-05T21:11:27.430047493Z,01HTR0G3XEWC26FTTX4NKN0VSW,2024-04-05T21:11:27.430047493Z,01HTR13Q5ZV6T03GRPEH3X70RX,2024-04-05T21:11:27.430047493Z,01HTR0TB93CVT5002XEX47Z1Z6,2024-04-05T21:11:27.430047493Z
01HTR1M9ECADQ8XHQ92JEMPFXE,01HTR0G3WX27VXE93RXQKJ672H,2024-04-05T21:11:27.437042063Z,01HTR0G3XEWC26FTTX4NKN0VSW,2024-04-05T21:11:27.437042063Z,01HTR13Q5ZV6T03GRPEH3X70RX,2024-04-05T21:11:27.437042063Z,01HTR0V4KK6PGGX6PRN9TYN12J,2024-04-05T21:11:27.437042063Z
01HTR1M9EJX9JJ4DPWPWQVX984,01HTR0G3WX27VXE93RXQKJ672H,2024-04-05T21:11:27.442791536Z,01HTR0G3XEWC26FTTX4NKN0VSW,2024-04-05T21:11:27.442791536Z,01HTR13Q5ZV6T03GRPEH3X70RX,2024-04-05T21:11:27.442791536Z,01HTR0XKXG4233NA25V5214NT3,2024-04-05T21:11:27.442791536Z
01HTR1M9EWNWM1HAQMD74TD7S2,01HTR0G3WX27VXE93RXQKJ672H,2024-04-05T21:11:27.452156973Z,01HTR0G3XEWC26FTTX4NKN0VSW,2024-04-05T21:11:27.452156973Z,01HTR13Q5ZV6T03GRPEH3X70RX,2024-04-05T21:11:27.452156973Z,01HTR0Y71GJDK4PZR0YRFP234C,2024-04-05T21:11:27.452156973Z
01HTR1P43CXQP76W1GST4PBP2E,01HTR0GAHN80Y7CWBY0M8VYY9M,2024-04-05T21:12:27.500755987Z,01HTR0GAJ00GNBXE3C2GF3X8B5,2024-04-05T21:12:27.500755987Z,01HTR1JDW56PZPD567AHJQ6PME,2024-04-05T21:12:27.500755987Z,01HTR16PMDJ6MC0MGQA9TS5N4V,2024-04-05T21:12:27.500755987Z
01HTR1P43JG93AE1J077RBDFKW,01HTR0GAHN80Y7CWBY0M8VYY9M,2024-04-05T21:12:27.506232657Z,01HTR0GAJ00GNBXE3C2GF3X8B5,2024-04-05T21:12:27.506232657Z,01HTR1JDW56PZPD567AHJQ6PME,2024-04-05T21:12:27.506232657Z,01HTR17JSJBMDX51JF9MV27BQA,2024-04-05T21:12:27.506232657Z
01HTR1P43RV8QBM833JV7CF6C5,01HTR0GAHN80Y7CWBY0M8VYY9M,2024-04-05T21:12:27.512936423Z,01HTR0GAJ00GNBXE3C2GF3X8B5,2024-04-05T21:12:27.512936423Z,01HTR1JDW56PZPD567AHJQ6PME,2024-04-05T21:12:27.512936423Z,01HTR19E726TXWMF2JCA1BPPMZ,2024-04-05T21:12:27.512936423Z
01HTR1P43Y5MF4E4EB0M0BMB7W,01HTR0GAHN80Y7CWBY0M8VYY9M,2024-04-05T21:12:27.518794599Z,01HTR0GAJ00GNBXE3C2GF3X8B5,2024-04-05T21:12:27.518794599Z,01HTR1JDW56PZPD567AHJQ6PME,2024-04-05T21:12:27.518794599Z,01HTR1E5F4HT5GGMAF5ND78NCA,2024-04-05T21:12:27.518794599Z
01HTR1P48FD435XHXJMS2E9CRG,01HTR0G3WX27VXE93RXQKJ672H,2024-04-05T21:12:27.663757452Z,01HTR0G3XEWC26FTTX4NKN0VSW,2024-04-05T21:12:27.663757452Z,01HTR13Q60QBQZQK69KDNYYMSQ,2024-04-05T21:12:27.663757452Z,01HTR0TB93CVT5002XEX47Z1Z6,2024-04-05T21:12:27.663757452Z
01HTR1P48NW91CH3WFQ3G36TC3,01HTR0G3WX27VXE93RXQKJ672H,2024-04-05T21:12:27.669585931Z,01HTR0G3XEWC26FTTX4NKN0VSW,2024-04-05T21:12:27.669585931Z,01HTR13Q60QBQZQK69KDNYYMSQ,2024-04-05T21:12:27.669585931Z,01HTR0V4KK6PGGX6PRN9TYN12J,2024-04-05T21:12:27.669585931Z
01HTR1P48V2TH8VM15H29XZHB1,01HTR0G3WX27VXE93RXQKJ672H,2024-04-05T21:12:27.675156857Z,01HTR0G3XEWC26FTTX4NKN0VSW,2024-04-05T21:12:27.675156857Z,01HTR13Q60QBQZQK69KDNYYMSQ,2024-04-05T21:12:27.675156857Z,01HTR0XKXG4233NA25V5214NT3,2024-04-05T21:12:27.675156857Z
01HTR1P490D743TDG3G9X5VE51,01HTR0G3WX27VXE93RXQKJ672H,2024-04-05T21:12:27.680656495Z,01HTR0G3XEWC26FTTX4NKN0VSW,2024-04-05T21:12:27.680656495Z,01HTR13Q60QBQZQK69KDNYYMSQ,2024-04-05T21:12:27.680656495Z,01HTR0Y71GJDK4PZR0YRFP234C,2024-04-05T21:12:27.680656495Z
01HTR1QYX6C4AFKQAJT07V1PV5,01HTR0GAHN80Y7CWBY0M8VYY9M,2024-04-05T21:13:27.718417686Z,01HTR0GAJ00GNBXE3C2GF3X8B5,2024-04-05T21:13:27.718417686Z,01HTR1JDW6WV76WHK3E6HJJHQK,2024-04-05T21:13:27.718417686Z,01HTR16PMDJ6MC0MGQA9TS5N4V,2024-04-05T21:13:27.718417686Z
01HTR1QYXCCWNVGEPBW5WQCETH,01HTR0GAHN80Y7CWBY0M8VYY9M,2024-04-05T21:13:27.724666307Z,01HTR0GAJ00GNBXE3C2GF3X8B5,2024-04-05T21:13:27.724666307Z,01HTR1JDW6WV76WHK3E6HJJHQK,2024-04-05T21:13:27.724666307Z,01HTR17JSJBMDX51JF9MV27BQA,2024-04-05T21:13:27.724666307Z
01HTR1QYXMZMD7DZ9HV6MGYGT6,01HTR0GAHN80Y7CWBY0M8VYY9M,2024-04-05T21:13:27.732509845Z,01HTR0GAJ00GNBXE3C2GF3X8B5,2024-04-05T21:13:27.732509845Z,01HTR1JDW6WV76WHK3E6HJJHQK,2024-04-05T21:13:27.732509845Z,01HTR19E726TXWMF2JCA1BPPMZ,2024-04-05T21:13:27.732509845Z
01HTR1QYXV2CZ9GT340E9Z5G16,01HTR0GAHN80Y7CWBY0M8VYY9M,2024-04-05T21:13:27.739449829Z,01HTR0GAJ00GNBXE3C2GF3X8B5,2024-04-05T21:13:27.739449829Z,01HTR1JDW6WV76WHK3E6HJJHQK,2024-04-05T21:13:27.739449829Z,01HTR1E5F4HT5GGMAF5ND78NCA,2024-04-05T21:13:27.739449829Z
01HTR1QZ4SCPA2D26EZR26379R,01HTR0G3WX27VXE93RXQKJ672H,2024-04-05T21:13:27.9614578Z,01HTR0G3XEWC26FTTX4NKN0VSW,2024-04-05T21:13:27.9614578Z,01HTR13Q62EVZRA0XHE1X5WV1Q,2024-04-05T21:13:27.9614578Z,01HTR0TB93CVT5002XEX47Z1Z6,2024-04-05T21:13:27.9614578Z
01HTR1QZ51HE5PX339TN34S4EE,01HTR0G3WX27VXE93RXQKJ672H,2024-04-05T21:13:27.969691147Z,01HTR0G3XEWC26FTTX4NKN0VSW,2024-04-05T21:13:27.969691147Z,01HTR13Q62EVZRA0XHE1X5WV1Q,2024-04-05T21:13:27.969691147Z,01HTR0V4KK6PGGX6PRN9TYN12J,2024-04-05T21:13:27.969691147Z
01HTR1QZ5784BZXQ6CZZ39YANN,01HTR0G3WX27VXE93RXQKJ672H,2024-04-05T21:13:27.975496931Z,01HTR0G3XEWC26FTTX4NKN0VSW,2024-04-05T21:13:27.975496931Z,01HTR13Q62EVZRA0XHE1X5WV1Q,2024-04-05T21:13:27.975496931Z,01HTR0XKXG4233NA25V5214NT3,2024-04-05T21:13:27.975496931Z
01HTR1QZ5GAEE56YR8ZEXHE6PM,01HTR0G3WX27VXE93RXQKJ672H,2024-04-05T21:13:27.984266669Z,01HTR0G3XEWC26FTTX4NKN0VSW,2024-04-05T21:13:27.984266669Z,01HTR13Q62EVZRA0XHE1X5WV1Q,2024-04-05T21:13:27.984266669Z,01HTR0Y71GJDK4PZR0YRFP234C,2024-04-05T21:13:27.984266669Z
01HTR1SSSGEH0Z201N1YH8EZPF,01HTR0GAHN80Y7CWBY0M8VYY9M,2024-04-05T21:14:28.016337989Z,01HTR0GAJ00GNBXE3C2GF3X8B5,2024-04-05T21:14:28.016337989Z,01HTR1JDW9D770ZZYKDNAC1D2F,2024-04-05T21:14:28.016337989Z,01HTR16PMDJ6MC0MGQA9TS5N4V,2024-04-05T21:14:28.016337989Z
01HTR1SSSTMVGTHMSNTSMKXKAN,01HTR0GAHN80Y7CWBY0M8VYY9M,2024-04-05T21:14:28.026310679Z,01HTR0GAJ00GNBXE3C2GF3X8B5,2024-04-05T21:14:28.026310679Z,01HTR1JDW9D770ZZYKDNAC1D2F,2024-04-05T21:14:28.026310679Z,01HTR17JSJBMDX51JF9MV27BQA,2024-04-05T21:14:28.026310679Z
01HTR1SST2514SKK01B908BP45,01HTR0GAHN80Y7CWBY0M8VYY9M,2024-04-05T21:14:28.034323441Z,01HTR0GAJ00GNBXE3C2GF3X8B5,2024-04-05T21:14:28.034323441Z,01HTR1JDW9D770ZZYKDNAC1D2F,2024-04-05T21:14:28.034323441Z,01HTR19E726TXWMF2JCA1BPPMZ,2024-04-05T21:14:28.034323441Z
01HTR1SST8NXX4YQXC1R0CHZM2,01HTR0GAHN80Y7CWBY0M8VYY9M,2024-04-05T21:14:28.040385573Z,01HTR0GAJ00GNBXE3C2GF3X8B5,2024-04-05T21:14:28.040385573Z,01HTR1JDW9D770ZZYKDNAC1D2F,2024-04-05T21:14:28.040385573Z,01HTR1E5F4HT5GGMAF5ND78NCA,2024-04-05T21:14:28.040385573Z
01HTR1VMMX18EXMRJHVZHAWPE5,01HTR0GAHN80Y7CWBY0M8VYY9M,2024-04-05T21:15:28.2860136Z,01HTR0GAJ00GNBXE3C2GF3X8B5,2024-04-05T21:15:28.2860136Z,01HTR1JDW56PZPD567B3KYENA7,2024-04-05T21:15:28.2860136Z,01HTR16PMDJ6MC0MGQA9TS5N4V,2024-04-05T21:15:28.2860136Z
01HTR1VMNA6Z2NFY86EJETP7PJ,01HTR0GAHN80Y7CWBY0M8VYY9M,2024-04-05T21:15:28.298230129Z,01HTR0GAJ00GNBXE3C2GF3X8B5,2024-04-05T21:15:28.298230129Z,01HTR1JDW56PZPD567B3KYENA7,2024-04-05T21:15:28.298230129Z,01HTR17JSJBMDX51JF9MV27BQA,2024-04-05T21:15:28.298230129Z
01HTR1VMNHM702D7P4J2FNKKRH,01HTR0GAHN80Y7CWBY0M8VYY9M,2024-04-05T21:15:28.305923228Z,01HTR0GAJ00GNBXE3C2GF3X8B5,2024-04-05T21:15:28.305923228Z,01HTR1JDW56PZPD567B3KYENA7,2024-04-05T21:15:28.305923228Z,01HTR19E726TXWMF2JCA1BPPMZ,2024-04-05T21:15:28.305923228Z
01HTR1VMNSHH5KFTX20JDY5H7E,01HTR0GAHN80Y7CWBY0M8VYY9M,2024-04-05T21:15:28.313146393Z,01HTR0GAJ00GNBXE3C2GF3X8B5,2024-04-05T21:15:28.313146393Z,01HTR1JDW56PZPD567B3KYENA7,2024-04-05T21:15:28.313146393Z,01HTR1E5F4HT5GGMAF5ND78NCA,2024-04-05T21:15:28.313146393Z
01HTR1XFFKMBMT8SWB9QJYE21W,01HTR0GAHN80Y7CWBY0M8VYY9M,2024-04-05T21:16:28.531060228Z,01HTR0GAJ00GNBXE3C2GF3X8B5,2024-04-05T21:16:28.531060228Z,01HTR1JDW6WV76WHK3DP4Y6TJ1,2024-04-05T21:16:28.531060228Z,01HTR16PMDJ6MC0MGQA9TS5N4V,2024-04-05T21:16:28.531060228Z
01HTR1XFFSWCBYG14JZS63HMYK,01HTR0GAHN80Y7CWBY0M8VYY9M,2024-04-05T21:16:28.537827341Z,01HTR0GAJ00GNBXE3C2GF3X8B5,2024-04-05T21:16:28.537827341Z,01HTR1JDW6WV76WHK3DP4Y6TJ1,2024-04-05T21:16:28.537827341Z,01HTR17JSJBMDX51JF9MV27BQA,2024-04-05T21:16:28.537827341Z
01HTR1XFFYCMGPA8Q4EY86G3HZ,01HTR0GAHN80Y7CWBY0M8VYY9M,2024-04-05T21:16:28.542966176Z,01HTR0GAJ00GNBXE3C2GF3X8B5,2024-04-05T21:16:28.542966176Z,01HTR1JDW6WV76WHK3DP4Y6TJ1,2024-04-05T21:16:28.542966176Z,01HTR19E726TXWMF2JCA1BPPMZ,2024-04-05T21:16:28.542966176Z
01HTR1XFG4A1BZ17SGKFP36P4R,01HTR0GAHN80Y7CWBY0M8VYY9M,2024-04-05T21:16:28.548427367Z,01HTR0GAJ00GNBXE3C2GF3X8B5,2024-04-05T21:16:28.548427367Z,01HTR1JDW6WV76WHK3DP4Y6TJ1,2024-04-05T21:16:28.548427367Z,01HTR1E5F4HT5GGMAF5ND78NCA,2024-04-05T21:16:28.548427367Z
01HTR1Z77JJ9YHGXRPW6KZ27DZ,01HTR0GGBH5DVF9C0S684EBZA2,2024-04-05T21:17:25.618891237Z,01HTR0GGBWK2JY9EAWENGKKCYB,2024-04-05T21:17:25.618891237Z,01HTR1Z6NRJGPVY5PTW5QF26V0,2024-04-05T21:17:25.618891237Z,01HTR1MAC76MJ9XMV3JQMPF11S,2024-04-05T21:17:25.618891237Z
01HTR1Z77RS5WCMYYKH79RYAB7,01HTR0GGBH5DVF9C0S684EBZA2,2024-04-05T21:17:25.624954476Z,01HTR0GGBWK2JY9EAWENGKKCYB,2024-04-05T21:17:25.624954476Z,01HTR1Z6NRJGPVY5PTW5QF26V0,2024-04-05T21:17:25.624954476Z,01HTR1PCXHSE4NT8QC5JZ1635W,2024-04-05T21:17:25.624954476Z
01HTR1Z782PXBPE571SF9VM57G,01HTR0GGBH5DVF9C0S684EBZA2,2024-04-05T21:17:25.634278988Z,01HTR0GGBWK2JY9EAWENGKKCYB,2024-04-05T21:17:25.634278988Z,01HTR1Z6NRJGPVY5PTW5QF26V0,2024-04-05T21:17:25.634278988Z,01HTR1PFSPYGAFRC7G98V7P1MS,2024-04-05T21:17:25.634278988Z
01HTR1Z78AEJD3W536JDK2Q0PR,01HTR0GGBH5DVF9C0S684EBZA2,2024-04-05T21:17:25.642894017Z,01HTR0GGBWK2JY9EAWENGKKCYB,2024-04-05T21:17:25.642894017Z,01HTR1Z6NRJGPVY5PTW5QF26V0,2024-04-05T21:17:25.642894017Z,01HTR1R0RDJ4VP5SXP8KQF5Q5Q,2024-04-05T21:17:25.642894017Z
01HTR1ZA94PRASFV4DZHDNRYZY,01HTR0GAHN80Y7CWBY0M8VYY9M,2024-04-05T21:17:28.74073215Z,01HTR0GAJ00GNBXE3C2GF3X8B5,2024-04-05T21:17:28.74073215Z,01HTR1JDWFB9Z9D71VVEZA9BHR,2024-04-05T21:17:28.74073215Z,01HTR16PMDJ6MC0MGQA9TS5N4V,2024-04-05T21:17:28.74073215Z
01HTR1ZA9DW58Z80Q6GCE3BMXE,01HTR0GAHN80Y7CWBY0M8VYY9M,2024-04-05T21:17:28.74986251Z,01HTR0GAJ00GNBXE3C2GF3X8B5,2024-04-05T21:17:28.74986251Z,01HTR1JDWFB9Z9D71VVEZA9BHR,2024-04-05T21:17:28.74986251Z,01HTR17JSJBMDX51JF9MV27BQA,2024-04-05T21:17:28.74986251Z
01HTR1ZA9MY5SY0BTWYS7BPVP6,01HTR0GAHN80Y7CWBY0M8VYY9M,2024-04-05T21:17:28.756151566Z,01HTR0GAJ00GNBXE3C2GF3X8B5,2024-04-05T21:17:28.756151566Z,01HTR1JDWFB9Z9D71VVEZA9BHR,2024-04-05T21:17:28.756151566Z,01HTR19E726TXWMF2JCA1BPPMZ,2024-04-05T21:17:28.756151566Z
01HTR1ZA9T6Y36AM2TS3ZAB3A8,01HTR0GAHN80Y7CWBY0M8VYY9M,2024-04-05T21:17:28.762168785Z,01HTR0GAJ00GNBXE3C2GF3X8B5,2024-04-05T21:17:28.762168785Z,01HTR1JDWFB9Z9D71VVEZA9BHR,2024-04-05T21:17:28.762168785Z,01HTR1E5F4HT5GGMAF5ND78NCA,2024-04-05T21:17:28.762168785Z
01HTR204VZ607XTWZ1MX5EHVD0,01HTR0GGBH5DVF9C0S684EBZA2,2024-04-05T21:17:55.967828849Z,01HTR0GGBWK2JY9EAWENGKKCYB,2024-04-05T21:17:55.967828849Z,01HTR1Z6P5XB8J8TZZTYM1GK83,2024-04-05T21:17:55.967828849Z,01HTR1MAC76MJ9XMV3JQMPF11S,2024-04-05T21:17:55.967828849Z
01HTR204W9RK3NJGTM0MK1AS3M,01HTR0GGBH5DVF9C0S684EBZA2,2024-04-05T21:17:55.977638242Z,01HTR0GGBWK2JY9EAWENGKKCYB,2024-04-05T21:17:55.977638242Z,01HTR1Z6P5XB8J8TZZTYM1GK83,2024-04-05T21:17:55.977638242Z,01HTR1PCXHSE4NT8QC5JZ1635W,2024-04-05T21:17:55.977638242Z
01HTR204WJQNTZA1V1APSP0D78,01HTR0GGBH5DVF9C0S684EBZA2,2024-04-05T21:17:55.986369817Z,01HTR0GGBWK2JY9EAWENGKKCYB,2024-04-05T21:17:55.986369817Z,01HTR1Z6P5XB8J8TZZTYM1GK83,2024-04-05T21:17:55.986369817Z,01HTR1PFSPYGAFRC7G98V7P1MS,2024-04-05T21:17:55.986369817Z
01HTR204WSVP9KVJ4SEYYPRRG3,01HTR0GGBH5DVF9C0S684EBZA2,2024-04-05T21:17:55.993439758Z,01HTR0GGBWK2JY9EAWENGKKCYB,2024-04-05T21:17:55.993439758Z,01HTR1Z6P5XB8J8TZZTYM1GK83,2024-04-05T21:17:55.993439758Z,01HTR1R0RDJ4VP5SXP8KQF5Q5Q,2024-04-05T21:17:55.993439758Z
01HTR212AAZZZG3JYWB526B307,01HTR0GGBH5DVF9C0S684EBZA2,2024-04-05T21:18:26.122235647Z,01HTR0GGBWK2JY9EAWENGKKCYB,2024-04-05T21:18:26.122235647Z,01HTR1Z6PBSC1ZNQE5P0DV1W5Z,2024-04-05T21:18:26.122235647Z,01HTR1MAC76MJ9XMV3JQMPF11S,2024-04-05T21:18:26.122235647Z
01HTR212AGBS2TZ2AK68SDD1VB,01HTR0GGBH5DVF9C0S684EBZA2,2024-04-05T21:18:26.128477689Z,01HTR0GGBWK2JY9EAWENGKKCYB,2024-04-05T21:18:26.128477689Z,01HTR1Z6PBSC1ZNQE5P0DV1W5Z,2024-04-05T21:18:26.128477689Z,01HTR1PCXHSE4NT8QC5JZ1635W,2024-04-05T21:18:26.128477689Z
01HTR212AN1EGBEMWK04P88WZ1,01HTR0GGBH5DVF9C0S684EBZA2,2024-04-05T21:18:26.133669097Z,01HTR0GGBWK2JY9EAWENGKKCYB,2024-04-05T21:18:26.133669097Z,01HTR1Z6PBSC1ZNQE5P0DV1W5Z,2024-04-05T21:18:26.133669097Z,01HTR1PFSPYGAFRC7G98V7P1MS,2024-04-05T21:18:26.133669097Z
01HTR212AV5TZA99RJT71442A1,01HTR0GGBH5DVF9C0S684EBZA2,2024-04-05T21:18:26.139440656Z,01HTR0GGBWK2JY9EAWENGKKCYB,2024-04-05T21:18:26.139440656Z,01HTR1Z6PBSC1ZNQE5P0DV1W5Z,2024-04-05T21:18:26.139440656Z,01HTR1R0RDJ4VP5SXP8KQF5Q5Q,2024-04-05T21:18:26.139440656Z
01HTR2152SYVY2HA7G2JQ37H6K,01HTR0GAHN80Y7CWBY0M8VYY9M,2024-04-05T21:18:28.953281109Z,01HTR0GAJ00GNBXE3C2GF3X8B5,2024-04-05T21:18:28.953281109Z,01HTR1JDWD20WZVVDQ06G35T19,2024-04-05T21:18:28.953281109Z,01HTR16PMDJ6MC0MGQA9TS5N4V,2024-04-05T21:18:28.953281109Z
01HTR21532R3XMNVE83SFRPE2K,01HTR0GAHN80Y7CWBY0M8VYY9M,2024-04-05T21:18:28.962997623Z,01HTR0GAJ00GNBXE3C2GF3X8B5,2024-04-05T21:18:28.962997623Z,01HTR1JDWD20WZVVDQ06G35T19,2024-04-05T21:18:28.962997623Z,01HTR17JSJBMDX51JF9MV27BQA,2024-04-05T21:18:28.962997623Z
01HTR215377G9SHN3736YGZ4VR,01HTR0GAHN80Y7CWBY0M8VYY9M,2024-04-05T21:18:28.967091141Z,01HTR0GAJ00GNBXE3C2GF3X8B5,2024-04-05T21:18:28.967091141Z,01HTR1JDWD20WZVVDQ06G35T19,2024-04-05T21:18:28.967091141Z,01HTR19E726TXWMF2JCA1BPPMZ,2024-04-05T21:18:28.967091141Z
01HTR2153BPSBS6DZ556SEYT4Y,01HTR0GAHN80Y7CWBY0M8VYY9M,2024-04-05T21:18:28.971843435Z,01HTR0GAJ00GNBXE3C2GF3X8B5,2024-04-05T21:18:28.971843435Z,01HTR1JDWD20WZVVDQ06G35T19,2024-04-05T21:18:28.971843435Z,01HTR1E5F4HT5GGMAF5ND78NCA,2024-04-05T21:18:28.971843435Z
01HTR21ZRC7FE72CK2P2A0GR1X,01HTR0GGBH5DVF9C0S684EBZA2,2024-04-05T21:18:56.268356897Z,01HTR0GGBWK2JY9EAWENGKKCYB,2024-04-05T21:18:56.268356897Z,01HTR1Z6P6J9858A9SQCS858FZ,2024-04-05T21:18:56.268356897Z,01HTR1MAC76MJ9XMV3JQMPF11S,2024-04-05T21:18:56.268356897Z
01HTR21ZRJF71B969MXEB7KQ91,01HTR0GGBH5DVF9C0S684EBZA2,2024-04-05T21:18:56.274451279Z,01HTR0GGBWK2JY9EAWENGKKCYB,2024-04-05T21:18:56.274451279Z,01HTR1Z6P6J9858A9SQCS858FZ,2024-04-05T21:18:56.274451279Z,01HTR1PCXHSE4NT8QC5JZ1635W,2024-04-05T21:18:56.274451279Z
01HTR21ZRQJ18Z9C37Y9BX5SJF,01HTR0GGBH5DVF9C0S684EBZA2,2024-04-05T21:18:56.27986245Z,01HTR0GGBWK2JY9EAWENGKKCYB,2024-04-05T21:18:56.27986245Z,01HTR1Z6P6J9858A9SQCS858FZ,2024-04-05T21:18:56.27986245Z,01HTR1PFSPYGAFRC7G98V7P1MS,2024-04-05T21:18:56.27986245Z
01HTR21ZRY06EVJESNRY0QHS0V,01HTR0GGBH5DVF9C0S684EBZA2,2024-04-05T21:18:56.286398685Z,01HTR0GGBWK2JY9EAWENGKKCYB,2024-04-05T21:18:56.286398685Z,01HTR1Z6P6J9858A9SQCS858FZ,2024-04-05T21:18:56.286398685Z,01HTR1R0RDJ4VP5SXP8KQF5Q5Q,2024-04-05T21:18:56.286398685Z
01HTR22X6NKP7QHCHYS6ZDFC72,01HTR0GGBH5DVF9C0S684EBZA2,2024-04-05T21:19:26.421759921Z,01HTR0GGBWK2JY9EAWENGKKCYB,2024-04-05T21:19:26.421759921Z,01HTR1Z6P9BZBAN1QHHT383HZV,2024-04-05T21:19:26.421759921Z,01HTR1MAC76MJ9XMV3JQMPF11S,2024-04-05T21:19:26.421759921Z
01HTR22X6XZJB0GHTZ0C4T5EXS,01HTR0GGBH5DVF9C0S684EBZA2,2024-04-05T21:19:26.429317623Z,01HTR0GGBWK2JY9EAWENGKKCYB,2024-04-05T21:19:26.429317623Z,01HTR1Z6P9BZBAN1QHHT383HZV,2024-04-05T21:19:26.429317623Z,01HTR1PCXHSE4NT8QC5JZ1635W,2024-04-05T21:19:26.429317623Z
01HTR22X7446X5JC7NZ7KBNVV7,01HTR0GGBH5DVF9C0S684EBZA2,2024-04-05T21:19:26.436413662Z,01HTR0GGBWK2JY9EAWENGKKCYB,2024-04-05T21:19:26.436413662Z,01HTR1Z6P9BZBAN1QHHT383HZV,2024-04-05T21:19:26.436413662Z,01HTR1PFSPYGAFRC7G98V7P1MS,2024-04-05T21:19:26.436413662Z
01HTR22X7BWJ1CVXSK8GNYEEVW,01HTR0GGBH5DVF9C0S684EBZA2,2024-04-05T21:19:26.443801463Z,01HTR0GGBWK2JY9EAWENGKKCYB,2024-04-05T21:19:26.443801463Z,01HTR1Z6P9BZBAN1QHHT383HZV,2024-04-05T21:19:26.443801463Z,01HTR1R0RDJ4VP5SXP8KQF5Q5Q,2024-04-05T21:19:26.443801463Z
01HTR22ZVPRJ2HRZH1N0TK39JY,01HTR0GAHN80Y7CWBY0M8VYY9M,2024-04-05T21:19:29.142251992Z,01HTR0GAJ00GNBXE3C2GF3X8B5,2024-04-05T21:19:29.142251992Z,01HTR1JDWC7JJQSHSNTQ5CEJYD,2024-04-05T21:19:29.142251992Z,01HTR16PMDJ6MC0MGQA9TS5N4V,2024-04-05T21:19:29.142251992Z
01HTR22ZVW6QXKFG5KZBKS3FRP,01HTR0GAHN80Y7CWBY0M8VYY9M,2024-04-05T21:19:29.148812732Z,01HTR0GAJ00GNBXE3C2GF3X8B5,2024-04-05T21:19:29.148812732Z,01HTR1JDWC7JJQSHSNTQ5CEJYD,2024-04-05T21:19:29.148812732Z,01HTR17JSJBMDX51JF9MV27BQA,2024-04-05T21:19:29.148812732Z
01HTR22ZW3BXBR433S7QJCEHPF,01HTR0GAHN80Y7CWBY0M8VYY9M,2024-04-05T21:19:29.155408461Z,01HTR0GAJ00GNBXE3C2GF3X8B5,2024-04-05T21:19:29.155408461Z,01HTR1JDWC7JJQSHSNTQ5CEJYD,2024-04-05T21:19:29.155408461Z,01HTR19E726TXWMF2JCA1BPPMZ,2024-04-05T21:19:29.155408461Z
01HTR22ZW9162ZPQ32ZDT9BZR4,01HTR0GAHN80Y7CWBY0M8VYY9M,2024-04-05T21:19:29.161157156Z,01HTR0GAJ00GNBXE3C2GF3X8B5,2024-04-05T21:19:29.161157156Z,01HTR1JDWC7JJQSHSNTQ5CEJYD,2024-04-05T21:19:29.161157156Z,01HTR1E5F4HT5GGMAF5ND78NCA,2024-04-05T21:19:29.161157156Z
01HTR23TNVE073Z9XFYNTF1BNF,01HTR0GGBH5DVF9C0S684EBZA2,2024-04-05T21:19:56.604010727Z,01HTR0GGBWK2JY9EAWENGKKCYB,2024-04-05T21:19:56.604010727Z,01HTR1Z6QS8ZR7RBQAMPGS5SYZ,2024-04-05T21:19:56.604010727Z,01HTR1MAC76MJ9XMV3JQMPF11S,2024-04-05T21:19:56.604010727Z
01HTR23TP2Y0RXWJXRJZAS2WNQ,01HTR0GGBH5DVF9C0S684EBZA2,2024-04-05T21:19:56.610052695Z,01HTR0GGBWK2JY9EAWENGKKCYB,2024-04-05T21:19:56.610052695Z,01HTR1Z6QS8ZR7RBQAMPGS5SYZ,2024-04-05T21:19:56.610052695Z,01HTR1PCXHSE4NT8QC5JZ1635W,2024-04-05T21:19:56.610052695Z
01HTR23TP749B80DVEAG2559EZ,01HTR0GGBH5DVF9C0S684EBZA2,2024-04-05T21:19:56.616028043Z,01HTR0GGBWK2JY9EAWENGKKCYB,2024-04-05T21:19:56.616028043Z,01HTR1Z6QS8ZR7RBQAMPGS5SYZ,2024-04-05T21:19:56.616028043Z,01HTR1PFSPYGAFRC7G98V7P1MS,2024-04-05T21:19:56.616028043Z
01HTR23TPC5HTWW4E9JNRACBGH,01HTR0GGBH5DVF9C0S684EBZA2,2024-04-05T21:19:56.620623746Z,01HTR0GGBWK2JY9EAWENGKKCYB,2024-04-05T21:19:56.620623746Z,01HTR1Z6QS8ZR7RBQAMPGS5SYZ,2024-04-05T21:19:56.620623746Z,01HTR1R0RDJ4VP5SXP8KQF5Q5Q,2024-04-05T21:19:56.620623746Z
01HTR24R49T8E587XP6BSTT5YE,01HTR0GGBH5DVF9C0S684EBZA2,2024-04-05T21:20:26.761495658Z,01HTR0GGBWK2JY9EAWENGKKCYB,2024-04-05T21:20:26.761495658Z,01HTR1Z6P7QB6FZS2V92EDADYP,2024-04-05T21:20:26.761495658Z,01HTR1MAC76MJ9XMV3JQMPF11S,2024-04-05T21:20:26.761495658Z
01HTR24R4E0C62P212734ANR0R,01HTR0GGBH5DVF9C0S684EBZA2,2024-04-05T21:20:26.766871028Z,01HTR0GGBWK2JY9EAWENGKKCYB,2024-04-05T21:20:26.766871028Z,01HTR1Z6P7QB6FZS2V92EDADYP,2024-04-05T21:20:26.766871028Z,01HTR1PCXHSE4NT8QC5JZ1635W,2024-04-05T21:20:26.766871028Z
01HTR24R4KXM8HQEQHARP37B2W,01HTR0GGBH5DVF9C0S684EBZA2,2024-04-05T21:20:26.771625375Z,01HTR0GGBWK2JY9EAWENGKKCYB,2024-04-05T21:20:26.771625375Z,01HTR1Z6P7QB6FZS2V92EDADYP,2024-04-05T21:20:26.771625375Z,01HTR1PFSPYGAFRC7G98V7P1MS,2024-04-05T21:20:26.771625375Z
01HTR24R4SCBYNGP28BSAFZD0Q,01HTR0GGBH5DVF9C0S684EBZA2,2024-04-05T21:20:26.777571616Z,01HTR0GGBWK2JY9EAWENGKKCYB,2024-04-05T21:20:26.777571616Z,01HTR1Z6P7QB6FZS2V92EDADYP,2024-04-05T21:20:26.777571616Z,01HTR1R0RDJ4VP5SXP8KQF5Q5Q,2024-04-05T21:20:26.777571616Z
01HTR24TNMZ4XXN7WD7QW9ZZYJ,01HTR0GAHN80Y7CWBY0M8VYY9M,2024-04-05T21:20:29.364815886Z,01HTR0GAJ00GNBXE3C2GF3X8B5,2024-04-05T21:20:29.364815886Z,01HTR1JDWBM1CWNF5QBG4S29MH,2024-04-05T21:20:29.364815886Z,01HTR16PMDJ6MC0MGQA9TS5N4V,2024-04-05T21:20:29.364815886Z
01HTR24TNTR55PK80R8NJCF5GK,01HTR0GAHN80Y7CWBY0M8VYY9M,2024-04-05T21:20:29.37053102Z,01HTR0GAJ00GNBXE3C2GF3X8B5,2024-04-05T21:20:29.37053102Z,01HTR1JDWBM1CWNF5QBG4S29MH,2024-04-05T21:20:29.37053102Z,01HTR17JSJBMDX51JF9MV27BQA,2024-04-05T21:20:29.37053102Z
01HTR24TNZ3PH1BEGKGAW6RB3T,01HTR0GAHN80Y7CWBY0M8VYY9M,2024-04-05T21:20:29.375411795Z,01HTR0GAJ00GNBXE3C2GF3X8B5,2024-04-05T21:20:29.375411795Z,01HTR1JDWBM1CWNF5QBG4S29MH,2024-04-05T21:20:29.375411795Z,01HTR19E726TXWMF2JCA1BPPMZ,2024-04-05T21:20:29.375411795Z
01HTR24TP3A2B19M9S6FHXPNSG,01HTR0GAHN80Y7CWBY0M8VYY9M,2024-04-05T21:20:29.380008118Z,01HTR0GAJ00GNBXE3C2GF3X8B5,2024-04-05T21:20:29.380008118Z,01HTR1JDWBM1CWNF5QBG4S29MH,2024-04-05T21:20:29.380008118Z,01HTR1E5F4HT5GGMAF5ND78NCA,2024-04-05T21:20:29.380008118Z
01HTR25NJ2WEQQ7V8BDKE8BMFZ,01HTR0GGBH5DVF9C0S684EBZA2,2024-04-05T21:20:56.898997193Z,01HTR0GGBWK2JY9EAWENGKKCYB,2024-04-05T21:20:56.898997193Z,01HTR1Z6PCFBJ98993K3W9RPPC,2024-04-05T21:20:56.898997193Z,01HTR1MAC76MJ9XMV3JQMPF11S,2024-04-05T21:20:56.898997193Z
01HTR25NJ79J6FF59A2E5KG06X,01HTR0GGBH5DVF9C0S684EBZA2,2024-04-05T21:20:56.903797459Z,01HTR0GGBWK2JY9EAWENGKKCYB,2024-04-05T21:20:56.903797459Z,01HTR1Z6PCFBJ98993K3W9RPPC,2024-04-05T21:20:56.903797459Z,01HTR1PCXHSE4NT8QC5JZ1635W,2024-04-05T21:20:56.903797459Z
01HTR25NJD7CG4VYMFFNX7ZY4Z,01HTR0GGBH5DVF9C0S684EBZA2,2024-04-05T21:20:56.9091819Z,01HTR0GGBWK2JY9EAWENGKKCYB,2024-04-05T21:20:56.9091819Z,01HTR1Z6PCFBJ98993K3W9RPPC,2024-04-05T21:20:56.9091819Z,01HTR1PFSPYGAFRC7G98V7P1MS,2024-04-05T21:20:56.9091819Z
01HTR25NJJGRPEBMJ9Q3PRZXNY,01HTR0GGBH5DVF9C0S684EBZA2,2024-04-05T21:20:56.915000425Z,01HTR0GGBWK2JY9EAWENGKKCYB,2024-04-05T21:20:56.915000425Z,01HTR1Z6PCFBJ98993K3W9RPPC,2024-04-05T21:20:56.915000425Z,01HTR1R0RDJ4VP5SXP8KQF5Q5Q,2024-04-05T21:20:56.915000425Z
01HTR26K030C9FRGF2VKJXXWSA,01HTR0GGBH5DVF9C0S684EBZA2,2024-04-05T21:21:27.043682912Z,01HTR0GGBWK2JY9EAWENGKKCYB,2024-04-05T21:21:27.043682912Z,01HTR1Z6PKSZTXGCE3YT6RY9FD,2024-04-05T21:21:27.043682912Z,01HTR1MAC76MJ9XMV3JQMPF11S,2024-04-05T21:21:27.043682912Z
01HTR26K09W91E2YX2ZFR376BH,01HTR0GGBH5DVF9C0S684EBZA2,2024-04-05T21:21:27.049761458Z,01HTR0GGBWK2JY9EAWENGKKCYB,2024-04-05T21:21:27.049761458Z,01HTR1Z6PKSZTXGCE3YT6RY9FD,2024-04-05T21:21:27.049761458Z,01HTR1PCXHSE4NT8QC5JZ1635W,2024-04-05T21:21:27.049761458Z
01HTR26K0EJHR2H20WHCV79EG2,01HTR0GGBH5DVF9C0S684EBZA2,2024-04-05T21:21:27.054189095Z,01HTR0GGBWK2JY9EAWENGKKCYB,2024-04-05T21:21:27.054189095Z,01HTR1Z6PKSZTXGCE3YT6RY9FD,2024-04-05T21:21:27.054189095Z,01HTR1PFSPYGAFRC7G98V7P1MS,2024-04-05T21:21:27.054189095Z
01HTR26K0KHTNK5WAPGSKEFWCB,01HTR0GGBH5DVF9C0S684EBZA2,2024-04-05T21:21:27.059122666Z,01HTR0GGBWK2JY9EAWENGKKCYB,2024-04-05T21:21:27.059122666Z,01HTR1Z6PKSZTXGCE3YT6RY9FD,2024-04-05T21:21:27.059122666Z,01HTR1R0RDJ4VP5SXP8KQF5Q5Q,2024-04-05T21:21:27.059122666Z
01HTR26NFE9EQR70K9XETKSY5P,01HTR0GAHN80Y7CWBY0M8VYY9M,2024-04-05T21:21:29.582708123Z,01HTR0GAJ00GNBXE3C2GF3X8B5,2024-04-05T21:21:29.582708123Z,01HTR1JDWBM1CWNF5QAZFDATYG,2024-04-05T21:21:29.582708123Z,01HTR16PMDJ6MC0MGQA9TS5N4V,2024-04-05T21:21:29.582708123Z
01HTR26NFKYAZEYSWQNHQ4BTFR,01HTR0GAHN80Y7CWBY0M8VYY9M,2024-04-05T21:21:29.588001263Z,01HTR0GAJ00GNBXE3C2GF3X8B5,2024-04-05T21:21:29.588001263Z,01HTR1JDWBM1CWNF5QAZFDATYG,2024-04-05T21:21:29.588001263Z,01HTR17JSJBMDX51JF9MV27BQA,2024-04-05T21:21:29.588001263Z
01HTR26NFS7693E9V20CGA9H9W,01HTR0GAHN80Y7CWBY0M8VYY9M,2024-04-05T21:21:29.593870994Z,01HTR0GAJ00GNBXE3C2GF3X8B5,2024-04-05T21:21:29.593870994Z,01HTR1JDWBM1CWNF5QAZFDATYG,2024-04-05T21:21:29.593870994Z,01HTR19E726TXWMF2JCA1BPPMZ,2024-04-05T21:21:29.593870994Z
01HTR26NG1N4WXBHKXQP9K4NE4,01HTR0GAHN80Y7CWBY0M8VYY9M,2024-04-05T21:21:29.601142618Z,01HTR0GAJ00GNBXE3C2GF3X8B5,2024-04-05T21:21:29.601142618Z,01HTR1JDWBM1CWNF5QAZFDATYG,2024-04-05T21:21:29.601142618Z,01HTR1E5F4HT5GGMAF5ND78NCA,2024-04-05T21:21:29.601142618Z
01HTR27GE3Q7AG20KEWJJXZT1X,01HTR0GGBH5DVF9C0S684EBZA2,2024-04-05T21:21:57.187979049Z,01HTR0GGBWK2JY9EAWENGKKCYB,2024-04-05T21:21:57.187979049Z,01HTR1Z6P8845BF09WJZYDWVDP,2024-04-05T21:21:57.187979049Z,01HTR1MAC76MJ9XMV3JQMPF11S,2024-04-05T21:21:57.187979049Z
01HTR27GE9BQXQW5CDA5APFYX8,01HTR0GGBH5DVF9C0S684EBZA2,2024-04-05T21:21:57.193202805Z,01HTR0GGBWK2JY9EAWENGKKCYB,2024-04-05T21:21:57.193202805Z,01HTR1Z6P8845BF09WJZYDWVDP,2024-04-05T21:21:57.193202805Z,01HTR1PCXHSE4NT8QC5JZ1635W,2024-04-05T21:21:57.193202805Z
01HTR27GEFZJY4ESN9R4SJ5B0C,01HTR0GGBH5DVF9C0S684EBZA2,2024-04-05T21:21:57.199195115Z,01HTR0GGBWK2JY9EAWENGKKCYB,2024-04-05T21:21:57.199195115Z,01HTR1Z6P8845BF09WJZYDWVDP,2024-04-05T21:21:57.199195115Z,01HTR1PFSPYGAFRC7G98V7P1MS,2024-04-05T21:21:57.199195115Z
01HTR27GEMYTKAQVFTN2173APE,01HTR0GGBH5DVF9C0S684EBZA2,2024-04-05T21:21:57.204242377Z,01HTR0GGBWK2JY9EAWENGKKCYB,2024-04-05T21:21:57.204242377Z,01HTR1Z6P8845BF09WJZYDWVDP,2024-04-05T21:21:57.204242377Z,01HTR1R0RDJ4VP5SXP8KQF5Q5Q,2024-04-05T21:21:57.204242377Z
01HTR28DWF9HZXF3S8RYYSME16,01HTR0GGBH5DVF9C0S684EBZA2,2024-04-05T21:22:27.343400473Z,01HTR0GGBWK2JY9EAWENGKKCYB,2024-04-05T21:22:27.343400473Z,01HTR1Z6PE99XMR92B05PA1361,2024-04-05T21:22:27.343400473Z,01HTR1MAC76MJ9XMV3JQMPF11S,2024-04-05T21:22:27.343400473Z
01HTR28DWQ0YHK5MQR7SCF8P4W,01HTR0GGBH5DVF9C0S684EBZA2,2024-04-05T21:22:27.351238726Z,01HTR0GGBWK2JY9EAWENGKKCYB,2024-04-05T21:22:27.351238726Z,01HTR1Z6PE99XMR92B05PA1361,2024-04-05T21:22:27.351238726Z,01HTR1PCXHSE4NT8QC5JZ1635W,2024-04-05T21:22:27.351238726Z
01HTR28DWYEHN9XB53QZQ5N6BY,01HTR0GGBH5DVF9C0S684EBZA2,2024-04-05T21:22:27.358609137Z,01HTR0GGBWK2JY9EAWENGKKCYB,2024-04-05T21:22:27.358609137Z,01HTR1Z6PE99XMR92B05PA1361,2024-04-05T21:22:27.358609137Z,01HTR1PFSPYGAFRC7G98V7P1MS,2024-04-05T21:22:27.358609137Z
01HTR28DX506T6MT9E2RW0J7F1,01HTR0GGBH5DVF9C0S684EBZA2,2024-04-05T21:22:27.365797405Z,01HTR0GGBWK2JY9EAWENGKKCYB,2024-04-05T21:22:27.365797405Z,01HTR1Z6PE99XMR92B05PA1361,2024-04-05T21:22:27.365797405Z,01HTR1R0RDJ4VP5SXP8KQF5Q5Q,2024-04-05T21:22:27.365797405Z
01HTR29BBRHCF393Z0GYEQ425F,01HTR0GGBH5DVF9C0S684EBZA2,2024-04-05T21:22:57.528071588Z,01HTR0GGBWK2JY9EAWENGKKCYB,2024-04-05T21:22:57.528071588Z,01HTR1Z6QCFACT40WST0AQAQQQ,2024-04-05T21:22:57.528071588Z,01HTR1MAC76MJ9XMV3JQMPF11S,2024-04-05T21:22:57.528071588Z
01HTR29BC18VX68SAA76W6QVBW,01HTR0GGBH5DVF9C0S684EBZA2,2024-04-05T21:22:57.537995135Z,01HTR0GGBWK2JY9EAWENGKKCYB,2024-04-05T21:22:57.537995135Z,01HTR1Z6QCFACT40WST0AQAQQQ,2024-04-05T21:22:57.537995135Z,01HTR1PCXHSE4NT8QC5JZ1635W,2024-04-05T21:22:57.537995135Z
01HTR29BC9PBZ4CTH010MEN9C3,01HTR0GGBH5DVF9C0S684EBZA2,2024-04-05T21:22:57.545474662Z,01HTR0GGBWK2JY9EAWENGKKCYB,2024-04-05T21:22:57.545474662Z,01HTR1Z6QCFACT40WST0AQAQQQ,2024-04-05T21:22:57.545474662Z,01HTR1PFSPYGAFRC7G98V7P1MS,2024-04-05T21:22:57.545474662Z
01HTR29BCKXM9MGG3AXPRJDYEV,01HTR0GGBH5DVF9C0S684EBZA2,2024-04-05T21:22:57.555838472Z,01HTR0GGBWK2JY9EAWENGKKCYB,2024-04-05T21:22:57.555838472Z,01HTR1Z6QCFACT40WST0AQAQQQ,2024-04-05T21:22:57.555838472Z,01HTR1R0RDJ4VP5SXP8KQF5Q5Q,2024-04-05T21:22:57.555838472Z
