﻿id,batchID,batchIDLastChangedAt,gameID,gameIDLastChangedAt,playerID,playerIDLastChangedAt
01HW3CEZP9VZ55XJ94J8EASETF,01HW3BN3HVXB78WB2386NE6190,2024-04-22T17:08:08.521975295Z,01HW3BN3J4VDGERJNSDFPH4ZPD,2024-04-22T17:08:08.521975295Z,01HW3C78P6PB8ZCR3G55511GKP,2024-04-22T17:08:08.521975295Z
01HW3CEZPGKDE23P8NB1WVY8FM,01HW3BN3HVXB78WB2386NE6190,2024-04-22T17:08:08.528877169Z,01HW3BN3J4VDGERJNSDFPH4ZPD,2024-04-22T17:08:08.528877169Z,01HW3C8MMWN3X9FVBHJD3KSBFZ,2024-04-22T17:08:08.528877169Z
01HW3CEZPQQZ783ZS9ERD8KB2Z,01HW3BN3HVXB78WB2386NE6190,2024-04-22T17:08:08.535806734Z,01HW3BN3J4VDGERJNSDFPH4ZPD,2024-04-22T17:08:08.535806734Z,01HW3CAK762YQFDSY2K7KQKQWW,2024-04-22T17:08:08.535806734Z
01HW3CEZPXTB0QR9CN5J3HMFYZ,01HW3BN3HVXB78WB2386NE6190,2024-04-22T17:08:08.541197291Z,01HW3BN3J4VDGERJNSDFPH4ZPD,2024-04-22T17:08:08.541197291Z,01HW3CCQMKGA0ZNVQ0K46FFDHD,2024-04-22T17:08:08.541197291Z
01HW3CNXKMG7EDZGD6BZC9PR36,01HW3C24RRQF0727NQP4E2WMP0,2024-04-22T17:11:55.764862177Z,01HW3C24S21EFF24GE59F8748N,2024-04-22T17:11:55.764862177Z,01HW3CBXDS0A1BKGAFR928D9FQ,2024-04-22T17:11:55.764862177Z
01HW3CNXKVDNXPEFAQEGW9G0Z3,01HW3C24RRQF0727NQP4E2WMP0,2024-04-22T17:11:55.771960896Z,01HW3C24S21EFF24GE59F8748N,2024-04-22T17:11:55.771960896Z,01HW3CCA5MB57DXV9XT11XQP92,2024-04-22T17:11:55.771960896Z
01HW3CNXM0R4EH08A8HFSKH5BS,01HW3C24RRQF0727NQP4E2WMP0,2024-04-22T17:11:55.776852197Z,01HW3C24S21EFF24GE59F8748N,2024-04-22T17:11:55.776852197Z,01HW3CF5SN0PC468PRSR7YPST7,2024-04-22T17:11:55.776852197Z
01HW3CNXM6MRZKR8H22HKJW37Q,01HW3C24RRQF0727NQP4E2WMP0,2024-04-22T17:11:55.782691921Z,01HW3C24S21EFF24GE59F8748N,2024-04-22T17:11:55.782691921Z,01HW3CGDPCQZNJJ4AFTS2910QB,2024-04-22T17:11:55.782691921Z
01HW3DPGDDDG8ERP9GVSNR6F2P,01HW3D40ZC29VG1GVMJAXAT2XG,2024-04-22T17:29:43.597935537Z,01HW3D40ZWG9YJGV30X9RFTN8K,2024-04-22T17:29:43.597935537Z,01HW3D811NQ3YZ0PCGP1VZCGK9,2024-04-22T17:29:43.597935537Z
01HW3DPGDMCBDT7PFG4Y1PXTYP,01HW3D40ZC29VG1GVMJAXAT2XG,2024-04-22T17:29:43.604879897Z,01HW3D40ZWG9YJGV30X9RFTN8K,2024-04-22T17:29:43.604879897Z,01HW3DDD7030WQXDJNQH1Z2AYG,2024-04-22T17:29:43.604879897Z
01HW3DPGDT8BNBMGWZH6P9JZYD,01HW3D40ZC29VG1GVMJAXAT2XG,2024-04-22T17:29:43.610844175Z,01HW3D40ZWG9YJGV30X9RFTN8K,2024-04-22T17:29:43.610844175Z,01HW3DEN97NJGN6JMN892S1S92,2024-04-22T17:29:43.610844175Z
01HW3DPGE1567J99G1S0YW8ZK4,01HW3D40ZC29VG1GVMJAXAT2XG,2024-04-22T17:29:43.617382894Z,01HW3D40ZWG9YJGV30X9RFTN8K,2024-04-22T17:29:43.617382894Z,01HW3DFG2N452WCWAZWSTRN9BZ,2024-04-22T17:29:43.617382894Z
01HW3FJ9VJ1MK1Q3RCKAHDZNN1,01HW3F1JCRW3AZ9CG97D55F2CM,2024-04-22T18:02:22.962997816Z,01HW3F1JCZ21S8AA1411ZE03N6,2024-04-22T18:02:22.962997816Z,01HW3F9M6RVE5JRJ39MBHWRY2E,2024-04-22T18:02:22.962997816Z
01HW3FJ9VQ8186YZSQM3RAYYRV,01HW3F1JCRW3AZ9CG97D55F2CM,2024-04-22T18:02:22.967962705Z,01HW3F1JCZ21S8AA1411ZE03N6,2024-04-22T18:02:22.967962705Z,01HW3FC941BEQYNARHQJY1P5D0,2024-04-22T18:02:22.967962705Z
01HW3FJ9VVNTJJ982YETEEEA7Y,01HW3F1JCRW3AZ9CG97D55F2CM,2024-04-22T18:02:22.971834393Z,01HW3F1JCZ21S8AA1411ZE03N6,2024-04-22T18:02:22.971834393Z,01HW3FE18113F59S79KFMKR284,2024-04-22T18:02:22.971834393Z
01HW3FJ9W0NYW50MBK0ACAA2GA,01HW3F1JCRW3AZ9CG97D55F2CM,2024-04-22T18:02:22.976400417Z,01HW3F1JCZ21S8AA1411ZE03N6,2024-04-22T18:02:22.976400417Z,01HW3FERBJ46S6J69VC1FVKWG8,2024-04-22T18:02:22.976400417Z
01HW3FQ88K7WVM41MCS1KKPPGT,01HW3F1HPQE3CMKVMRVKPFJ9J9,2024-04-22T18:05:05.171718702Z,01HW3F1HQ3R1NFNYJY9T7GBV94,2024-04-22T18:05:05.171718702Z,01HW3FDFZXHXQ4DTY191YTZ59F,2024-04-22T18:05:05.171718702Z
01HW3FQ88SARADNZ3EHAPKX708,01HW3F1HPQE3CMKVMRVKPFJ9J9,2024-04-22T18:05:05.177236147Z,01HW3F1HQ3R1NFNYJY9T7GBV94,2024-04-22T18:05:05.177236147Z,01HW3FEYK51MK4S9TZ50DE3N3C,2024-04-22T18:05:05.177236147Z
01HW3FQ88YRPGV4SYPP195P1KF,01HW3F1HPQE3CMKVMRVKPFJ9J9,2024-04-22T18:05:05.182959357Z,01HW3F1HQ3R1NFNYJY9T7GBV94,2024-04-22T18:05:05.182959357Z,01HW3FFCBPP7Y4QHVNS6824183,2024-04-22T18:05:05.182959357Z
01HW3FQ89373ZHDNSNP44REXRK,01HW3F1HPQE3CMKVMRVKPFJ9J9,2024-04-22T18:05:05.187494974Z,01HW3F1HQ3R1NFNYJY9T7GBV94,2024-04-22T18:05:05.187494974Z,01HW3FHA5Z5WA2KTDSEXAK8BAV,2024-04-22T18:05:05.187494974Z
01HW3GBDH9QSBYN8SJ1W1XH8T4,01HW3F1GZJ8KHQ51BBP0JB01ED,2024-04-22T18:16:05.929956369Z,01HW3F1GZWNKN08Y80Q5H3H0NA,2024-04-22T18:16:05.929956369Z,01HW3G12882EVEC5PFJA9N7PZV,2024-04-22T18:16:05.929956369Z
01HW3GBDHHGQPS75JZQ477WRNS,01HW3F1GZJ8KHQ51BBP0JB01ED,2024-04-22T18:16:05.937903243Z,01HW3F1GZWNKN08Y80Q5H3H0NA,2024-04-22T18:16:05.937903243Z,01HW3G18537N936VYKRQG8EQ2N,2024-04-22T18:16:05.937903243Z
01HW3GBDHSG2GJFGMQD8EYMVRK,01HW3F1GZJ8KHQ51BBP0JB01ED,2024-04-22T18:16:05.945789199Z,01HW3F1GZWNKN08Y80Q5H3H0NA,2024-04-22T18:16:05.945789199Z,01HW3G2SZ441AD67KZVWQ2TEDP,2024-04-22T18:16:05.945789199Z
01HW3GBDJ1RJKZ8HYQZXAR9WQX,01HW3F1GZJ8KHQ51BBP0JB01ED,2024-04-22T18:16:05.9531898Z,01HW3F1GZWNKN08Y80Q5H3H0NA,2024-04-22T18:16:05.9531898Z,01HW3G4GQ14AVP5W8G1TQACKPS,2024-04-22T18:16:05.9531898Z
01HW3GFXHTKF60E1Q3A3R4TCFZ,01HW3G8F72SF1HM6HQ7V2WG0CT,2024-04-22T18:18:33.402252841Z,01HW3G8F7DKP9PPQYYT9Z4V5G4,2024-04-22T18:18:33.402252841Z,01HW3G45011WFR7T0FH9H0QY5E,2024-04-22T18:18:33.402252841Z
01HW3GFXJ4AC37835EGBT6R8FX,01HW3G8F72SF1HM6HQ7V2WG0CT,2024-04-22T18:18:33.412940658Z,01HW3G8F7DKP9PPQYYT9Z4V5G4,2024-04-22T18:18:33.412940658Z,01HW3GAS6FNVQFY9SB8K2N5PFH,2024-04-22T18:18:33.412940658Z
01HW3GFXJFQVNHVACQ67FDV14R,01HW3G8F72SF1HM6HQ7V2WG0CT,2024-04-22T18:18:33.423746549Z,01HW3G8F7DKP9PPQYYT9Z4V5G4,2024-04-22T18:18:33.423746549Z,01HW3GAX2B1GBTN9S3H6R1A3QJ,2024-04-22T18:18:33.423746549Z
01HW3GFXJV9CRCXNSWJGZB4HPQ,01HW3G8F72SF1HM6HQ7V2WG0CT,2024-04-22T18:18:33.435832258Z,01HW3G8F7DKP9PPQYYT9Z4V5G4,2024-04-22T18:18:33.435832258Z,01HW3GBH8V4EBXYFHSEGV0C55D,2024-04-22T18:18:33.435832258Z
01HW3GJ7DWBS005FJVH136FJ8D,01HW3F1FKDESJW6VVJQXZ3GHCV,2024-04-22T18:19:49.052115515Z,01HW3F1FKMDC9R9R8B23B462VQ,2024-04-22T18:19:49.052115515Z,01HW3GB8DTMP2DNR7ZQY58N8B1,2024-04-22T18:19:49.052115515Z
01HW3GJ7E365C6A81GJS1S9GJ4,01HW3F1FKDESJW6VVJQXZ3GHCV,2024-04-22T18:19:49.059275268Z,01HW3F1FKMDC9R9R8B23B462VQ,2024-04-22T18:19:49.059275268Z,01HW3GBMCZXJ47QZ4DWM4C4TWM,2024-04-22T18:19:49.059275268Z
01HW3GJ7EH3YFMV56GTTMQW59Y,01HW3F1FKDESJW6VVJQXZ3GHCV,2024-04-22T18:19:49.073240722Z,01HW3F1FKMDC9R9R8B23B462VQ,2024-04-22T18:19:49.073240722Z,01HW3GBPHCBX0Q3KTJHQEQBQ93,2024-04-22T18:19:49.073240722Z
01HW3GJ7ESS996Y8A1PB0M178F,01HW3F1FKDESJW6VVJQXZ3GHCV,2024-04-22T18:19:49.081118325Z,01HW3F1FKMDC9R9R8B23B462VQ,2024-04-22T18:19:49.081118325Z,01HW3GBSFY3KTZF4JAM0PYX57C,2024-04-22T18:19:49.081118325Z
01HW3HNK0FFMEJ5TCJBHRAD1C9,01HW3GN0F574YE36VNKAYEK11B,2024-04-22T18:39:07.792009964Z,01HW3GN0FQJC577JXMABKT2EKX,2024-04-22T18:39:07.792009964Z,01HW3HE4PWB6S6G0S0DNWH7BED,2024-04-22T18:39:07.792009964Z
01HW3HNK0TJP0WP5HP73S33K87,01HW3GN0F574YE36VNKAYEK11B,2024-04-22T18:39:07.802483114Z,01HW3GN0FQJC577JXMABKT2EKX,2024-04-22T18:39:07.802483114Z,01HW3HEAKSH6M6G16RS214WMSM,2024-04-22T18:39:07.802483114Z
01HW3HNK18QDV4Y9JBWTBW5CCE,01HW3GN0F574YE36VNKAYEK11B,2024-04-22T18:39:07.816441493Z,01HW3GN0FQJC577JXMABKT2EKX,2024-04-22T18:39:07.816441493Z,01HW3HFG5MSRYMRWGK7K3KAQM5,2024-04-22T18:39:07.816441493Z
01HW3HNK1PKX311SBYMA0E9T4K,01HW3GN0F574YE36VNKAYEK11B,2024-04-22T18:39:07.830584671Z,01HW3GN0FQJC577JXMABKT2EKX,2024-04-22T18:39:07.830584671Z,01HW3HJC6GW7GHE3TD6DZD3QXN,2024-04-22T18:39:07.830584671Z
01HW3HSN38QTR0NMSTA4C7JGYT,01HW3GS71NYCXR01HB96D23H5S,2024-04-22T18:41:21.001022562Z,01HW3GS72G8CBWATFW6Q1G8J62,2024-04-22T18:41:21.001022562Z,01HW3HCEH0DP64TG6YMF4A0M66,2024-04-22T18:41:21.001022562Z
01HW3HSN3M9101F02Q9E03KQFY,01HW3GS71NYCXR01HB96D23H5S,2024-04-22T18:41:21.012747317Z,01HW3GS72G8CBWATFW6Q1G8J62,2024-04-22T18:41:21.012747317Z,01HW3HD57N99ZP4WZBSGAA9QZP,2024-04-22T18:41:21.012747317Z
01HW3HSN3Z631FC5F37EZCQFEP,01HW3GS71NYCXR01HB96D23H5S,2024-04-22T18:41:21.023285502Z,01HW3GS72G8CBWATFW6Q1G8J62,2024-04-22T18:41:21.023285502Z,01HW3HD5T9WQ95RQDQX30NAPWN,2024-04-22T18:41:21.023285502Z
01HW3HSN4AKJ3V0X01ASJHJVZM,01HW3GS71NYCXR01HB96D23H5S,2024-04-22T18:41:21.034794064Z,01HW3GS72G8CBWATFW6Q1G8J62,2024-04-22T18:41:21.034794064Z,01HW3HE0SZJQB67BFT6JX8DWY7,2024-04-22T18:41:21.034794064Z
01HW3HX63TVHYSD0AC6NXHAZW8,01HW3HHEAW2EWC8CKWHR173KMM,2024-04-22T18:43:16.730658457Z,01HW3HHEB9JJGMVN3B3VD2P7DN,2024-04-22T18:43:16.730658457Z,01HW3HENY63APAAQ1DT54K6J18,2024-04-22T18:43:16.730658457Z
01HW3HX645CWPA1AXZ84APNZ3H,01HW3HHEAW2EWC8CKWHR173KMM,2024-04-22T18:43:16.741931184Z,01HW3HHEB9JJGMVN3B3VD2P7DN,2024-04-22T18:43:16.741931184Z,01HW3HPQN6G7P6E69956MYWZZ5,2024-04-22T18:43:16.741931184Z
01HW3HX64GW48J7PAKTE8TFN4H,01HW3HHEAW2EWC8CKWHR173KMM,2024-04-22T18:43:16.752314139Z,01HW3HHEB9JJGMVN3B3VD2P7DN,2024-04-22T18:43:16.752314139Z,01HW3HPX54KAHMR62MZE8TCFQR,2024-04-22T18:43:16.752314139Z
01HW3HX64VZH4GJQC5TACPK48T,01HW3HHEAW2EWC8CKWHR173KMM,2024-04-22T18:43:16.763977426Z,01HW3HHEB9JJGMVN3B3VD2P7DN,2024-04-22T18:43:16.763977426Z,01HW3HQE98SXC7NJE2QDMYMM4V,2024-04-22T18:43:16.763977426Z
01HW3J313Q1M64N7YR0M113DD6,01HW3GJPX8MTNA6VY1SS62E1M5,2024-04-22T18:46:28.215178654Z,01HW3GJPXV4C72N4FRTM39X6DR,2024-04-22T18:46:28.215178654Z,01HW3HQB4YEYM1ERYC6PBAD29Q,2024-04-22T18:46:28.215178654Z
01HW3J3142YM8JPT6PJ5FCV087,01HW3GJPX8MTNA6VY1SS62E1M5,2024-04-22T18:46:28.226885443Z,01HW3GJPXV4C72N4FRTM39X6DR,2024-04-22T18:46:28.226885443Z,01HW3HRNN78S382TBPZ0B9606T,2024-04-22T18:46:28.226885443Z
01HW3J314HB9035ZJSYG4MXWB6,01HW3GJPX8MTNA6VY1SS62E1M5,2024-04-22T18:46:28.241623702Z,01HW3GJPXV4C72N4FRTM39X6DR,2024-04-22T18:46:28.241623702Z,01HW3HV3YJH47YY664MDRXGJ8Z,2024-04-22T18:46:28.241623702Z
01HW3J315052SFPJSD1SX0RD8X,01HW3GJPX8MTNA6VY1SS62E1M5,2024-04-22T18:46:28.256484985Z,01HW3GJPXV4C72N4FRTM39X6DR,2024-04-22T18:46:28.256484985Z,01HW3HWAQKZEEGPKFNRVFDGGGZ,2024-04-22T18:46:28.256484985Z
01HW3JFSPGS7VWT9MZG0YV5A21,01HW3F1E522H98XGEZRP98V88X,2024-04-22T18:53:26.608591092Z,01HW3F1E5KWJY75C9H9GWPR9Q2,2024-04-22T18:53:26.608591092Z,01HW3J75386KCFA3TMNR12JQJW,2024-04-22T18:53:26.608591092Z
01HW3JFSQ9K8537VBY3M0XV4VD,01HW3F1E522H98XGEZRP98V88X,2024-04-22T18:53:26.633183604Z,01HW3F1E5KWJY75C9H9GWPR9Q2,2024-04-22T18:53:26.633183604Z,01HW3J7NKY5EDZ49HR23YT9J5N,2024-04-22T18:53:26.633183604Z
01HW3JFSQYKZPBM0K1XJK82BZN,01HW3F1E522H98XGEZRP98V88X,2024-04-22T18:53:26.654657505Z,01HW3F1E5KWJY75C9H9GWPR9Q2,2024-04-22T18:53:26.654657505Z,01HW3J7TQFVGD01TSCRPFSCRKG,2024-04-22T18:53:26.654657505Z
01HW3JFSRR81VQMTT4TRFSX1QK,01HW3F1E522H98XGEZRP98V88X,2024-04-22T18:53:26.680495401Z,01HW3F1E5KWJY75C9H9GWPR9Q2,2024-04-22T18:53:26.680495401Z,01HW3JABRRZEH7HP5J85Z1XQW5,2024-04-22T18:53:26.680495401Z
01HW3JJF9Y6WWDQ8C7RJ1YP371,01HW3J89YC53S87HFBTH8KCENN,2024-04-22T18:54:54.270875207Z,01HW3J89YZZDCCFFPRK9YNQ1XP,2024-04-22T18:54:54.270875207Z,01HW3J8DWYQ0TCQ50DF25BS8MT,2024-04-22T18:54:54.270875207Z
01HW3JJFAXJNSS2GFZEDRP4FT7,01HW3J89YC53S87HFBTH8KCENN,2024-04-22T18:54:54.301467179Z,01HW3J89YZZDCCFFPRK9YNQ1XP,2024-04-22T18:54:54.301467179Z,01HW3J9JMT0YVXM9ZHVWETRVE6,2024-04-22T18:54:54.301467179Z
01HW3JJFBE71MSP45Y8X2458QF,01HW3J89YC53S87HFBTH8KCENN,2024-04-22T18:54:54.318467033Z,01HW3J89YZZDCCFFPRK9YNQ1XP,2024-04-22T18:54:54.318467033Z,01HW3JAQZA66NNH30SFEVT9Z1F,2024-04-22T18:54:54.318467033Z
01HW3JJFC1R9WHFKC56ZJ1XA0K,01HW3J89YC53S87HFBTH8KCENN,2024-04-22T18:54:54.337315626Z,01HW3J89YZZDCCFFPRK9YNQ1XP,2024-04-22T18:54:54.337315626Z,01HW3JARN472KJ44MKQEAA1WAE,2024-04-22T18:54:54.337315626Z
01HW3JWYR2RSSDES031TEKZG4N,01HW3F1DBN2EQWARCFP2XA7PCY,2024-04-22T19:00:37.762965073Z,01HW3F1DBZMN276FN5SGTX88WE,2024-04-22T19:00:37.762965073Z,01HW3HS22N9TGX4972EV2WTZFK,2024-04-22T19:00:37.762965073Z
01HW3JWYRMXERB4TG2HD04ACXT,01HW3F1DBN2EQWARCFP2XA7PCY,2024-04-22T19:00:37.780620677Z,01HW3F1DBZMN276FN5SGTX88WE,2024-04-22T19:00:37.780620677Z,01HW3JCANB3M6KW2RCXZ4RN7F3,2024-04-22T19:00:37.780620677Z
01HW3JWYS4GVW6A68GN33BAMBV,01HW3F1DBN2EQWARCFP2XA7PCY,2024-04-22T19:00:37.796650677Z,01HW3F1DBZMN276FN5SGTX88WE,2024-04-22T19:00:37.796650677Z,01HW3JCTZP76JZE3932Z6KWFCG,2024-04-22T19:00:37.796650677Z
01HW3JWYSJV6DKT3RBDESSAFEW,01HW3F1DBN2EQWARCFP2XA7PCY,2024-04-22T19:00:37.811005581Z,01HW3F1DBZMN276FN5SGTX88WE,2024-04-22T19:00:37.811005581Z,01HW3JE9W9WVYKKTWNMNK9MY4X,2024-04-22T19:00:37.811005581Z
01HW3JWYT40ZQ9M3G3WZB5PD8S,01HW3F1DBN2EQWARCFP2XA7PCY,2024-04-22T19:00:37.828071696Z,01HW3F1DBZMN276FN5SGTX88WE,2024-04-22T19:00:37.828071696Z,01HW3JG6611EMJZGZHMXHWKA6Y,2024-04-22T19:00:37.828071696Z
01HW3JWYV1AQ48PGBMETHXFVJE,01HW3F1DBN2EQWARCFP2XA7PCY,2024-04-22T19:00:37.857233888Z,01HW3F1DBZMN276FN5SGTX88WE,2024-04-22T19:00:37.857233888Z,01HW3JHGKMD4W6E5VTC8PK8MTG,2024-04-22T19:00:37.857233888Z
01HW3KEQXQRB3C1PM6GJFX892R,01HW3K8ENATABFQMQ0JG4XSN08,2024-04-22T19:10:20.599876797Z,01HW3K8EP66M15282MQ3NHM2KV,2024-04-22T19:10:20.599876797Z,01HW3KAC4ATYWC5WHQCQ0NCKRD,2024-04-22T19:10:20.599876797Z
01HW3KEQZN7F0BKG1A5JA86Z6H,01HW3K8ENATABFQMQ0JG4XSN08,2024-04-22T19:10:20.661308151Z,01HW3K8EP66M15282MQ3NHM2KV,2024-04-22T19:10:20.661308151Z,01HW3KADV4SHKNHN0X93ZKYDG6,2024-04-22T19:10:20.661308151Z
01HW3KER0ZH50P4VJHTAH64KEH,01HW3K8ENATABFQMQ0JG4XSN08,2024-04-22T19:10:20.703908107Z,01HW3K8EP66M15282MQ3NHM2KV,2024-04-22T19:10:20.703908107Z,01HW3KAG7DVKQGK4FPBB200TZ2,2024-04-22T19:10:20.703908107Z
01HW3KER36KW1FQZ5QK9G078X8,01HW3K8ENATABFQMQ0JG4XSN08,2024-04-22T19:10:20.774859393Z,01HW3K8EP66M15282MQ3NHM2KV,2024-04-22T19:10:20.774859393Z,01HW3KANFEFCQRKFG3RXYWJZJG,2024-04-22T19:10:20.774859393Z
01HW3KHV9SKZP0YFXX5V31HWXX,01HW3K9JF2PEHX3R4PW1MVCC3Y,2024-04-22T19:12:02.361761034Z,01HW3K9JGSJXXA3PAK6XK00MHN,2024-04-22T19:12:02.361761034Z,01HW3KAF7825DTW7ZEAJXH4FGZ,2024-04-22T19:12:02.361761034Z
01HW3KHVAMDG340KH9A520KPEB,01HW3K9JF2PEHX3R4PW1MVCC3Y,2024-04-22T19:12:02.3888858Z,01HW3K9JGSJXXA3PAK6XK00MHN,2024-04-22T19:12:02.3888858Z,01HW3KAWVPKHK3GHEZX526RVE3,2024-04-22T19:12:02.3888858Z
01HW3KHVBGV8HPRDNEBWM48V1N,01HW3K9JF2PEHX3R4PW1MVCC3Y,2024-04-22T19:12:02.416684437Z,01HW3K9JGSJXXA3PAK6XK00MHN,2024-04-22T19:12:02.416684437Z,01HW3KAYZBBTH7KS9W16KGKCXT,2024-04-22T19:12:02.416684437Z
01HW3KHVCB2B9DBDQQPR34BAA0,01HW3K9JF2PEHX3R4PW1MVCC3Y,2024-04-22T19:12:02.443417528Z,01HW3K9JGSJXXA3PAK6XK00MHN,2024-04-22T19:12:02.443417528Z,01HW3KBAGSA77MTMWFD4XZZDS2,2024-04-22T19:12:02.443417528Z
01HW3KV30WSPDM04Q3WANTG2R2,01HW3K9GE40QD313VKMBD3P4AT,2024-04-22T19:17:05.180479901Z,01HW3K9GFSBNY2TSYP6B78H0JE,2024-04-22T19:17:05.180479901Z,01HW3K99B99BK7NV2V6ZN4JMRW,2024-04-22T19:17:05.180479901Z
01HW3KV33P1EQQKTXKXXJT23Z5,01HW3K9GE40QD313VKMBD3P4AT,2024-04-22T19:17:05.270155098Z,01HW3K9GFSBNY2TSYP6B78H0JE,2024-04-22T19:17:05.270155098Z,01HW3KCMH15251YQ110P248T6W,2024-04-22T19:17:05.270155098Z
01HW3KV362TZK5DRASAY9EK7DB,01HW3K9GE40QD313VKMBD3P4AT,2024-04-22T19:17:05.346604247Z,01HW3K9GFSBNY2TSYP6B78H0JE,2024-04-22T19:17:05.346604247Z,01HW3KH78JVENZ8M49DJPPGXFW,2024-04-22T19:17:05.346604247Z
01HW3KV3BCRXF5C9ENGEHJB1K4,01HW3K9GE40QD313VKMBD3P4AT,2024-04-22T19:17:05.516680648Z,01HW3K9GFSBNY2TSYP6B78H0JE,2024-04-22T19:17:05.516680648Z,01HW3KHBQP42FHKVEXSXKWVF4G,2024-04-22T19:17:05.516680648Z
01HW3KV7MGDT32T3PKFP16W145,01HW3K9HDYVCRB3MMBQXSJTA1H,2024-04-22T19:17:09.904933547Z,01HW3K9HFPR7EZX9EFYVC6VZE7,2024-04-22T19:17:09.904933547Z,01HW3KFSVHZW067AA6SF40Z27A,2024-04-22T19:17:09.904933547Z
01HW3KV7NVFQKWFH59V0GKKM56,01HW3K9HDYVCRB3MMBQXSJTA1H,2024-04-22T19:17:09.947113898Z,01HW3K9HFPR7EZX9EFYVC6VZE7,2024-04-22T19:17:09.947113898Z,01HW3KG2S9H9CJCKQYG2TBXJ6P,2024-04-22T19:17:09.947113898Z
01HW3KV7Q9JXYS61KDSDYY1V7P,01HW3K9HDYVCRB3MMBQXSJTA1H,2024-04-22T19:17:09.993858458Z,01HW3K9HFPR7EZX9EFYVC6VZE7,2024-04-22T19:17:09.993858458Z,01HW3KG490GPN4B5Z3TEGN12J7,2024-04-22T19:17:09.993858458Z
01HW3KV7RS7Y64ZYW8V20CVH4Y,01HW3K9HDYVCRB3MMBQXSJTA1H,2024-04-22T19:17:10.041506937Z,01HW3K9HFPR7EZX9EFYVC6VZE7,2024-04-22T19:17:10.041506937Z,01HW3KG8YNGK9EAMHB570EAPC2,2024-04-22T19:17:10.041506937Z
01HW3KV7T5209MRYRFA2HT6RPJ,01HW3K9HDYVCRB3MMBQXSJTA1H,2024-04-22T19:17:10.085335566Z,01HW3K9HFPR7EZX9EFYVC6VZE7,2024-04-22T19:17:10.085335566Z,01HW3KGBKKHD2YV27FWYN6679M,2024-04-22T19:17:10.085335566Z
01HW3KV7VRQK0VGH10KWPD0BHH,01HW3K9HDYVCRB3MMBQXSJTA1H,2024-04-22T19:17:10.136486886Z,01HW3K9HFPR7EZX9EFYVC6VZE7,2024-04-22T19:17:10.136486886Z,01HW3KGF9PY1EY0Y7PFVTK7ED3,2024-04-22T19:17:10.136486886Z
01HW3KV7XD9VD5KX09S30P85AA,01HW3K9HDYVCRB3MMBQXSJTA1H,2024-04-22T19:17:10.18972962Z,01HW3K9HFPR7EZX9EFYVC6VZE7,2024-04-22T19:17:10.18972962Z,01HW3KGQWKKBBEW8W3DB933Q8H,2024-04-22T19:17:10.18972962Z
01HW3KV7Z5V9V6R5GH2ENJJAH5,01HW3K9HDYVCRB3MMBQXSJTA1H,2024-04-22T19:17:10.245913218Z,01HW3K9HFPR7EZX9EFYVC6VZE7,2024-04-22T19:17:10.245913218Z,01HW3KGYB8A8JE265W2ACXMCVW,2024-04-22T19:17:10.245913218Z
01HW3KV84024CQ97B2MJ22PG10,01HW3K9HDYVCRB3MMBQXSJTA1H,2024-04-22T19:17:10.400122513Z,01HW3K9HFPR7EZX9EFYVC6VZE7,2024-04-22T19:17:10.400122513Z,01HW3KH4QJMNH4XMS7J7DN825W,2024-04-22T19:17:10.400122513Z
01HW3M11FXRC2W9Z0VWDEYBGC0,01HW3K9FE3N8CRN1VGXDMM0BZ1,2024-04-22T19:20:20.221668415Z,01HW3K9FFQX32EG930PCCNMYSA,2024-04-22T19:20:20.221668415Z,01HW3KPX6E5R266ERHV4QXYQRT,2024-04-22T19:20:20.221668415Z
01HW3M11HDDXJ2M4SPMB7CFGDC,01HW3K9FE3N8CRN1VGXDMM0BZ1,2024-04-22T19:20:20.269740098Z,01HW3K9FFQX32EG930PCCNMYSA,2024-04-22T19:20:20.269740098Z,01HW3KQ4MEKQH2NMK5FB2TVVVD,2024-04-22T19:20:20.269740098Z
01HW3M11N0MTM5NQR3X31ETFN8,01HW3K9FE3N8CRN1VGXDMM0BZ1,2024-04-22T19:20:20.38497528Z,01HW3K9FFQX32EG930PCCNMYSA,2024-04-22T19:20:20.38497528Z,01HW3KQJFQWCEXHSXAYV029SQV,2024-04-22T19:20:20.38497528Z
01HW3M11P63C1ADM8M1F4STY33,01HW3K9FE3N8CRN1VGXDMM0BZ1,2024-04-22T19:20:20.422357319Z,01HW3K9FFQX32EG930PCCNMYSA,2024-04-22T19:20:20.422357319Z,01HW3KRGAXR20WWS2NYJ3W6C0A,2024-04-22T19:20:20.422357319Z
01HW3MA9YYAXTSMCZDZ6F1BCB3,01HW3KP3YZMKQ793NB8M2A5VEH,2024-04-22T19:25:23.806339203Z,01HW3KP40EW5ZX1T2RGXV9AD65,2024-04-22T19:25:23.806339203Z,01HW3KNFVNXE4QHDBTA91KHRT1,2024-04-22T19:25:23.806339203Z
01HW3MAA03ESRQDFJA25G85C0T,01HW3KP3YZMKQ793NB8M2A5VEH,2024-04-22T19:25:23.843581973Z,01HW3KP40EW5ZX1T2RGXV9AD65,2024-04-22T19:25:23.843581973Z,01HW3KQJ2EEJZ4PNQ02QFYXYE5,2024-04-22T19:25:23.843581973Z
01HW3MAA19ZJMA5CZVQ2W76R1Z,01HW3KP3YZMKQ793NB8M2A5VEH,2024-04-22T19:25:23.881868913Z,01HW3KP40EW5ZX1T2RGXV9AD65,2024-04-22T19:25:23.881868913Z,01HW3KQN98TVGHFR934GM3VNDH,2024-04-22T19:25:23.881868913Z
01HW3MAA2DSWFYQ0W3J985EFH1,01HW3KP3YZMKQ793NB8M2A5VEH,2024-04-22T19:25:23.917995529Z,01HW3KP40EW5ZX1T2RGXV9AD65,2024-04-22T19:25:23.917995529Z,01HW3KTKQCZ4AQV48XN31GY8Y4,2024-04-22T19:25:23.917995529Z
01HW3MAA3NP5Q4H664VP6961N7,01HW3KP3YZMKQ793NB8M2A5VEH,2024-04-22T19:25:23.957219131Z,01HW3KP40EW5ZX1T2RGXV9AD65,2024-04-22T19:25:23.957219131Z,01HW3KTN4YR38JC3ACCH0394X7,2024-04-22T19:25:23.957219131Z
01HW3MAA4VW0QK7PQ0WDF9979T,01HW3KP3YZMKQ793NB8M2A5VEH,2024-04-22T19:25:23.995869824Z,01HW3KP40EW5ZX1T2RGXV9AD65,2024-04-22T19:25:23.995869824Z,01HW3KV9FQ513NDH3A56RFTE94,2024-04-22T19:25:23.995869824Z
01HW3MAA685NY961E45NDVPF35,01HW3KP3YZMKQ793NB8M2A5VEH,2024-04-22T19:25:24.041023546Z,01HW3KP40EW5ZX1T2RGXV9AD65,2024-04-22T19:25:24.041023546Z,01HW3KVA9EYF12XDWZEAQXN4F8,2024-04-22T19:25:24.041023546Z
01HW3MAA7GW61TWBY9PVXX3CW3,01HW3KP3YZMKQ793NB8M2A5VEH,2024-04-22T19:25:24.080761017Z,01HW3KP40EW5ZX1T2RGXV9AD65,2024-04-22T19:25:24.080761017Z,01HW3KVC2ARHD8528ZTPD54DRT,2024-04-22T19:25:24.080761017Z
01HW3MAA8Q7VST40T9184CWB55,01HW3KP3YZMKQ793NB8M2A5VEH,2024-04-22T19:25:24.119646361Z,01HW3KP40EW5ZX1T2RGXV9AD65,2024-04-22T19:25:24.119646361Z,01HW3KVCBRDNSCD27FBZVBMJ7G,2024-04-22T19:25:24.119646361Z
01HW3MAA9WNB2DX6CJSZP3YBMJ,01HW3KP3YZMKQ793NB8M2A5VEH,2024-04-22T19:25:24.156995553Z,01HW3KP40EW5ZX1T2RGXV9AD65,2024-04-22T19:25:24.156995553Z,01HW3KVCP3QWGT3K1Q2QRB78KY,2024-04-22T19:25:24.156995553Z
01HW3MAAB0RJ3FXZW1GZPKBENH,01HW3KP3YZMKQ793NB8M2A5VEH,2024-04-22T19:25:24.192586165Z,01HW3KP40EW5ZX1T2RGXV9AD65,2024-04-22T19:25:24.192586165Z,01HW3KVCXERWQ1TW4MV2B3DF96,2024-04-22T19:25:24.192586165Z
01HW3MAAC2RV9ZVTTW6S0WNR2P,01HW3KP3YZMKQ793NB8M2A5VEH,2024-04-22T19:25:24.226567867Z,01HW3KP40EW5ZX1T2RGXV9AD65,2024-04-22T19:25:24.226567867Z,01HW3KVD62FBGGG408AZSYRJCC,2024-04-22T19:25:24.226567867Z
01HW3MAAD62SJBVNB5CVHPXSN1,01HW3KP3YZMKQ793NB8M2A5VEH,2024-04-22T19:25:24.26276527Z,01HW3KP40EW5ZX1T2RGXV9AD65,2024-04-22T19:25:24.26276527Z,01HW3KVDAWVSEF71VBRAD5XDT0,2024-04-22T19:25:24.26276527Z
01HW3CEZP9VZ55XJ94J8EASETF,01HW3BN3HVXB78WB2386NE6190,2024-04-22T17:08:08.521975295Z,01HW3BN3J4VDGERJNSDFPH4ZPD,2024-04-22T17:08:08.521975295Z,01HW3C78P6PB8ZCR3G55511GKP,2024-04-22T17:08:08.521975295Z
01HW3CEZPGKDE23P8NB1WVY8FM,01HW3BN3HVXB78WB2386NE6190,2024-04-22T17:08:08.528877169Z,01HW3BN3J4VDGERJNSDFPH4ZPD,2024-04-22T17:08:08.528877169Z,01HW3C8MMWN3X9FVBHJD3KSBFZ,2024-04-22T17:08:08.528877169Z
01HW3CEZPQQZ783ZS9ERD8KB2Z,01HW3BN3HVXB78WB2386NE6190,2024-04-22T17:08:08.535806734Z,01HW3BN3J4VDGERJNSDFPH4ZPD,2024-04-22T17:08:08.535806734Z,01HW3CAK762YQFDSY2K7KQKQWW,2024-04-22T17:08:08.535806734Z
01HW3CEZPXTB0QR9CN5J3HMFYZ,01HW3BN3HVXB78WB2386NE6190,2024-04-22T17:08:08.541197291Z,01HW3BN3J4VDGERJNSDFPH4ZPD,2024-04-22T17:08:08.541197291Z,01HW3CCQMKGA0ZNVQ0K46FFDHD,2024-04-22T17:08:08.541197291Z
01HW3CNXKMG7EDZGD6BZC9PR36,01HW3C24RRQF0727NQP4E2WMP0,2024-04-22T17:11:55.764862177Z,01HW3C24S21EFF24GE59F8748N,2024-04-22T17:11:55.764862177Z,01HW3CBXDS0A1BKGAFR928D9FQ,2024-04-22T17:11:55.764862177Z
01HW3CNXKVDNXPEFAQEGW9G0Z3,01HW3C24RRQF0727NQP4E2WMP0,2024-04-22T17:11:55.771960896Z,01HW3C24S21EFF24GE59F8748N,2024-04-22T17:11:55.771960896Z,01HW3CCA5MB57DXV9XT11XQP92,2024-04-22T17:11:55.771960896Z
01HW3CNXM0R4EH08A8HFSKH5BS,01HW3C24RRQF0727NQP4E2WMP0,2024-04-22T17:11:55.776852197Z,01HW3C24S21EFF24GE59F8748N,2024-04-22T17:11:55.776852197Z,01HW3CF5SN0PC468PRSR7YPST7,2024-04-22T17:11:55.776852197Z
01HW3CNXM6MRZKR8H22HKJW37Q,01HW3C24RRQF0727NQP4E2WMP0,2024-04-22T17:11:55.782691921Z,01HW3C24S21EFF24GE59F8748N,2024-04-22T17:11:55.782691921Z,01HW3CGDPCQZNJJ4AFTS2910QB,2024-04-22T17:11:55.782691921Z
01HW3DPGDDDG8ERP9GVSNR6F2P,01HW3D40ZC29VG1GVMJAXAT2XG,2024-04-22T17:29:43.597935537Z,01HW3D40ZWG9YJGV30X9RFTN8K,2024-04-22T17:29:43.597935537Z,01HW3D811NQ3YZ0PCGP1VZCGK9,2024-04-22T17:29:43.597935537Z
01HW3DPGDMCBDT7PFG4Y1PXTYP,01HW3D40ZC29VG1GVMJAXAT2XG,2024-04-22T17:29:43.604879897Z,01HW3D40ZWG9YJGV30X9RFTN8K,2024-04-22T17:29:43.604879897Z,01HW3DDD7030WQXDJNQH1Z2AYG,2024-04-22T17:29:43.604879897Z
01HW3DPGDT8BNBMGWZH6P9JZYD,01HW3D40ZC29VG1GVMJAXAT2XG,2024-04-22T17:29:43.610844175Z,01HW3D40ZWG9YJGV30X9RFTN8K,2024-04-22T17:29:43.610844175Z,01HW3DEN97NJGN6JMN892S1S92,2024-04-22T17:29:43.610844175Z
01HW3DPGE1567J99G1S0YW8ZK4,01HW3D40ZC29VG1GVMJAXAT2XG,2024-04-22T17:29:43.617382894Z,01HW3D40ZWG9YJGV30X9RFTN8K,2024-04-22T17:29:43.617382894Z,01HW3DFG2N452WCWAZWSTRN9BZ,2024-04-22T17:29:43.617382894Z
01HW3FJ9VJ1MK1Q3RCKAHDZNN1,01HW3F1JCRW3AZ9CG97D55F2CM,2024-04-22T18:02:22.962997816Z,01HW3F1JCZ21S8AA1411ZE03N6,2024-04-22T18:02:22.962997816Z,01HW3F9M6RVE5JRJ39MBHWRY2E,2024-04-22T18:02:22.962997816Z
01HW3FJ9VQ8186YZSQM3RAYYRV,01HW3F1JCRW3AZ9CG97D55F2CM,2024-04-22T18:02:22.967962705Z,01HW3F1JCZ21S8AA1411ZE03N6,2024-04-22T18:02:22.967962705Z,01HW3FC941BEQYNARHQJY1P5D0,2024-04-22T18:02:22.967962705Z
01HW3FJ9VVNTJJ982YETEEEA7Y,01HW3F1JCRW3AZ9CG97D55F2CM,2024-04-22T18:02:22.971834393Z,01HW3F1JCZ21S8AA1411ZE03N6,2024-04-22T18:02:22.971834393Z,01HW3FE18113F59S79KFMKR284,2024-04-22T18:02:22.971834393Z
01HW3FJ9W0NYW50MBK0ACAA2GA,01HW3F1JCRW3AZ9CG97D55F2CM,2024-04-22T18:02:22.976400417Z,01HW3F1JCZ21S8AA1411ZE03N6,2024-04-22T18:02:22.976400417Z,01HW3FERBJ46S6J69VC1FVKWG8,2024-04-22T18:02:22.976400417Z
01HW3FQ88K7WVM41MCS1KKPPGT,01HW3F1HPQE3CMKVMRVKPFJ9J9,2024-04-22T18:05:05.171718702Z,01HW3F1HQ3R1NFNYJY9T7GBV94,2024-04-22T18:05:05.171718702Z,01HW3FDFZXHXQ4DTY191YTZ59F,2024-04-22T18:05:05.171718702Z
01HW3FQ88SARADNZ3EHAPKX708,01HW3F1HPQE3CMKVMRVKPFJ9J9,2024-04-22T18:05:05.177236147Z,01HW3F1HQ3R1NFNYJY9T7GBV94,2024-04-22T18:05:05.177236147Z,01HW3FEYK51MK4S9TZ50DE3N3C,2024-04-22T18:05:05.177236147Z
01HW3FQ88YRPGV4SYPP195P1KF,01HW3F1HPQE3CMKVMRVKPFJ9J9,2024-04-22T18:05:05.182959357Z,01HW3F1HQ3R1NFNYJY9T7GBV94,2024-04-22T18:05:05.182959357Z,01HW3FFCBPP7Y4QHVNS6824183,2024-04-22T18:05:05.182959357Z
01HW3FQ89373ZHDNSNP44REXRK,01HW3F1HPQE3CMKVMRVKPFJ9J9,2024-04-22T18:05:05.187494974Z,01HW3F1HQ3R1NFNYJY9T7GBV94,2024-04-22T18:05:05.187494974Z,01HW3FHA5Z5WA2KTDSEXAK8BAV,2024-04-22T18:05:05.187494974Z
01HW3GBDH9QSBYN8SJ1W1XH8T4,01HW3F1GZJ8KHQ51BBP0JB01ED,2024-04-22T18:16:05.929956369Z,01HW3F1GZWNKN08Y80Q5H3H0NA,2024-04-22T18:16:05.929956369Z,01HW3G12882EVEC5PFJA9N7PZV,2024-04-22T18:16:05.929956369Z
01HW3GBDHHGQPS75JZQ477WRNS,01HW3F1GZJ8KHQ51BBP0JB01ED,2024-04-22T18:16:05.937903243Z,01HW3F1GZWNKN08Y80Q5H3H0NA,2024-04-22T18:16:05.937903243Z,01HW3G18537N936VYKRQG8EQ2N,2024-04-22T18:16:05.937903243Z
01HW3GBDHSG2GJFGMQD8EYMVRK,01HW3F1GZJ8KHQ51BBP0JB01ED,2024-04-22T18:16:05.945789199Z,01HW3F1GZWNKN08Y80Q5H3H0NA,2024-04-22T18:16:05.945789199Z,01HW3G2SZ441AD67KZVWQ2TEDP,2024-04-22T18:16:05.945789199Z
01HW3GBDJ1RJKZ8HYQZXAR9WQX,01HW3F1GZJ8KHQ51BBP0JB01ED,2024-04-22T18:16:05.9531898Z,01HW3F1GZWNKN08Y80Q5H3H0NA,2024-04-22T18:16:05.9531898Z,01HW3G4GQ14AVP5W8G1TQACKPS,2024-04-22T18:16:05.9531898Z
01HW3GFXHTKF60E1Q3A3R4TCFZ,01HW3G8F72SF1HM6HQ7V2WG0CT,2024-04-22T18:18:33.402252841Z,01HW3G8F7DKP9PPQYYT9Z4V5G4,2024-04-22T18:18:33.402252841Z,01HW3G45011WFR7T0FH9H0QY5E,2024-04-22T18:18:33.402252841Z
01HW3GFXJ4AC37835EGBT6R8FX,01HW3G8F72SF1HM6HQ7V2WG0CT,2024-04-22T18:18:33.412940658Z,01HW3G8F7DKP9PPQYYT9Z4V5G4,2024-04-22T18:18:33.412940658Z,01HW3GAS6FNVQFY9SB8K2N5PFH,2024-04-22T18:18:33.412940658Z
01HW3GFXJFQVNHVACQ67FDV14R,01HW3G8F72SF1HM6HQ7V2WG0CT,2024-04-22T18:18:33.423746549Z,01HW3G8F7DKP9PPQYYT9Z4V5G4,2024-04-22T18:18:33.423746549Z,01HW3GAX2B1GBTN9S3H6R1A3QJ,2024-04-22T18:18:33.423746549Z
01HW3GFXJV9CRCXNSWJGZB4HPQ,01HW3G8F72SF1HM6HQ7V2WG0CT,2024-04-22T18:18:33.435832258Z,01HW3G8F7DKP9PPQYYT9Z4V5G4,2024-04-22T18:18:33.435832258Z,01HW3GBH8V4EBXYFHSEGV0C55D,2024-04-22T18:18:33.435832258Z
01HW3GJ7DWBS005FJVH136FJ8D,01HW3F1FKDESJW6VVJQXZ3GHCV,2024-04-22T18:19:49.052115515Z,01HW3F1FKMDC9R9R8B23B462VQ,2024-04-22T18:19:49.052115515Z,01HW3GB8DTMP2DNR7ZQY58N8B1,2024-04-22T18:19:49.052115515Z
01HW3GJ7E365C6A81GJS1S9GJ4,01HW3F1FKDESJW6VVJQXZ3GHCV,2024-04-22T18:19:49.059275268Z,01HW3F1FKMDC9R9R8B23B462VQ,2024-04-22T18:19:49.059275268Z,01HW3GBMCZXJ47QZ4DWM4C4TWM,2024-04-22T18:19:49.059275268Z
01HW3GJ7EH3YFMV56GTTMQW59Y,01HW3F1FKDESJW6VVJQXZ3GHCV,2024-04-22T18:19:49.073240722Z,01HW3F1FKMDC9R9R8B23B462VQ,2024-04-22T18:19:49.073240722Z,01HW3GBPHCBX0Q3KTJHQEQBQ93,2024-04-22T18:19:49.073240722Z
01HW3GJ7ESS996Y8A1PB0M178F,01HW3F1FKDESJW6VVJQXZ3GHCV,2024-04-22T18:19:49.081118325Z,01HW3F1FKMDC9R9R8B23B462VQ,2024-04-22T18:19:49.081118325Z,01HW3GBSFY3KTZF4JAM0PYX57C,2024-04-22T18:19:49.081118325Z
01HW3HNK0FFMEJ5TCJBHRAD1C9,01HW3GN0F574YE36VNKAYEK11B,2024-04-22T18:39:07.792009964Z,01HW3GN0FQJC577JXMABKT2EKX,2024-04-22T18:39:07.792009964Z,01HW3HE4PWB6S6G0S0DNWH7BED,2024-04-22T18:39:07.792009964Z
01HW3HNK0TJP0WP5HP73S33K87,01HW3GN0F574YE36VNKAYEK11B,2024-04-22T18:39:07.802483114Z,01HW3GN0FQJC577JXMABKT2EKX,2024-04-22T18:39:07.802483114Z,01HW3HEAKSH6M6G16RS214WMSM,2024-04-22T18:39:07.802483114Z
01HW3HNK18QDV4Y9JBWTBW5CCE,01HW3GN0F574YE36VNKAYEK11B,2024-04-22T18:39:07.816441493Z,01HW3GN0FQJC577JXMABKT2EKX,2024-04-22T18:39:07.816441493Z,01HW3HFG5MSRYMRWGK7K3KAQM5,2024-04-22T18:39:07.816441493Z
01HW3HNK1PKX311SBYMA0E9T4K,01HW3GN0F574YE36VNKAYEK11B,2024-04-22T18:39:07.830584671Z,01HW3GN0FQJC577JXMABKT2EKX,2024-04-22T18:39:07.830584671Z,01HW3HJC6GW7GHE3TD6DZD3QXN,2024-04-22T18:39:07.830584671Z
01HW3HSN38QTR0NMSTA4C7JGYT,01HW3GS71NYCXR01HB96D23H5S,2024-04-22T18:41:21.001022562Z,01HW3GS72G8CBWATFW6Q1G8J62,2024-04-22T18:41:21.001022562Z,01HW3HCEH0DP64TG6YMF4A0M66,2024-04-22T18:41:21.001022562Z
01HW3HSN3M9101F02Q9E03KQFY,01HW3GS71NYCXR01HB96D23H5S,2024-04-22T18:41:21.012747317Z,01HW3GS72G8CBWATFW6Q1G8J62,2024-04-22T18:41:21.012747317Z,01HW3HD57N99ZP4WZBSGAA9QZP,2024-04-22T18:41:21.012747317Z
01HW3HSN3Z631FC5F37EZCQFEP,01HW3GS71NYCXR01HB96D23H5S,2024-04-22T18:41:21.023285502Z,01HW3GS72G8CBWATFW6Q1G8J62,2024-04-22T18:41:21.023285502Z,01HW3HD5T9WQ95RQDQX30NAPWN,2024-04-22T18:41:21.023285502Z
01HW3HSN4AKJ3V0X01ASJHJVZM,01HW3GS71NYCXR01HB96D23H5S,2024-04-22T18:41:21.034794064Z,01HW3GS72G8CBWATFW6Q1G8J62,2024-04-22T18:41:21.034794064Z,01HW3HE0SZJQB67BFT6JX8DWY7,2024-04-22T18:41:21.034794064Z
01HW3HX63TVHYSD0AC6NXHAZW8,01HW3HHEAW2EWC8CKWHR173KMM,2024-04-22T18:43:16.730658457Z,01HW3HHEB9JJGMVN3B3VD2P7DN,2024-04-22T18:43:16.730658457Z,01HW3HENY63APAAQ1DT54K6J18,2024-04-22T18:43:16.730658457Z
01HW3HX645CWPA1AXZ84APNZ3H,01HW3HHEAW2EWC8CKWHR173KMM,2024-04-22T18:43:16.741931184Z,01HW3HHEB9JJGMVN3B3VD2P7DN,2024-04-22T18:43:16.741931184Z,01HW3HPQN6G7P6E69956MYWZZ5,2024-04-22T18:43:16.741931184Z
01HW3HX64GW48J7PAKTE8TFN4H,01HW3HHEAW2EWC8CKWHR173KMM,2024-04-22T18:43:16.752314139Z,01HW3HHEB9JJGMVN3B3VD2P7DN,2024-04-22T18:43:16.752314139Z,01HW3HPX54KAHMR62MZE8TCFQR,2024-04-22T18:43:16.752314139Z
01HW3HX64VZH4GJQC5TACPK48T,01HW3HHEAW2EWC8CKWHR173KMM,2024-04-22T18:43:16.763977426Z,01HW3HHEB9JJGMVN3B3VD2P7DN,2024-04-22T18:43:16.763977426Z,01HW3HQE98SXC7NJE2QDMYMM4V,2024-04-22T18:43:16.763977426Z
01HW3J313Q1M64N7YR0M113DD6,01HW3GJPX8MTNA6VY1SS62E1M5,2024-04-22T18:46:28.215178654Z,01HW3GJPXV4C72N4FRTM39X6DR,2024-04-22T18:46:28.215178654Z,01HW3HQB4YEYM1ERYC6PBAD29Q,2024-04-22T18:46:28.215178654Z
01HW3J3142YM8JPT6PJ5FCV087,01HW3GJPX8MTNA6VY1SS62E1M5,2024-04-22T18:46:28.226885443Z,01HW3GJPXV4C72N4FRTM39X6DR,2024-04-22T18:46:28.226885443Z,01HW3HRNN78S382TBPZ0B9606T,2024-04-22T18:46:28.226885443Z
01HW3J314HB9035ZJSYG4MXWB6,01HW3GJPX8MTNA6VY1SS62E1M5,2024-04-22T18:46:28.241623702Z,01HW3GJPXV4C72N4FRTM39X6DR,2024-04-22T18:46:28.241623702Z,01HW3HV3YJH47YY664MDRXGJ8Z,2024-04-22T18:46:28.241623702Z
01HW3J315052SFPJSD1SX0RD8X,01HW3GJPX8MTNA6VY1SS62E1M5,2024-04-22T18:46:28.256484985Z,01HW3GJPXV4C72N4FRTM39X6DR,2024-04-22T18:46:28.256484985Z,01HW3HWAQKZEEGPKFNRVFDGGGZ,2024-04-22T18:46:28.256484985Z
01HW3JFSPGS7VWT9MZG0YV5A21,01HW3F1E522H98XGEZRP98V88X,2024-04-22T18:53:26.608591092Z,01HW3F1E5KWJY75C9H9GWPR9Q2,2024-04-22T18:53:26.608591092Z,01HW3J75386KCFA3TMNR12JQJW,2024-04-22T18:53:26.608591092Z
01HW3JFSQ9K8537VBY3M0XV4VD,01HW3F1E522H98XGEZRP98V88X,2024-04-22T18:53:26.633183604Z,01HW3F1E5KWJY75C9H9GWPR9Q2,2024-04-22T18:53:26.633183604Z,01HW3J7NKY5EDZ49HR23YT9J5N,2024-04-22T18:53:26.633183604Z
01HW3JFSQYKZPBM0K1XJK82BZN,01HW3F1E522H98XGEZRP98V88X,2024-04-22T18:53:26.654657505Z,01HW3F1E5KWJY75C9H9GWPR9Q2,2024-04-22T18:53:26.654657505Z,01HW3J7TQFVGD01TSCRPFSCRKG,2024-04-22T18:53:26.654657505Z
01HW3JFSRR81VQMTT4TRFSX1QK,01HW3F1E522H98XGEZRP98V88X,2024-04-22T18:53:26.680495401Z,01HW3F1E5KWJY75C9H9GWPR9Q2,2024-04-22T18:53:26.680495401Z,01HW3JABRRZEH7HP5J85Z1XQW5,2024-04-22T18:53:26.680495401Z
01HW3JJF9Y6WWDQ8C7RJ1YP371,01HW3J89YC53S87HFBTH8KCENN,2024-04-22T18:54:54.270875207Z,01HW3J89YZZDCCFFPRK9YNQ1XP,2024-04-22T18:54:54.270875207Z,01HW3J8DWYQ0TCQ50DF25BS8MT,2024-04-22T18:54:54.270875207Z
01HW3JJFAXJNSS2GFZEDRP4FT7,01HW3J89YC53S87HFBTH8KCENN,2024-04-22T18:54:54.301467179Z,01HW3J89YZZDCCFFPRK9YNQ1XP,2024-04-22T18:54:54.301467179Z,01HW3J9JMT0YVXM9ZHVWETRVE6,2024-04-22T18:54:54.301467179Z
01HW3JJFBE71MSP45Y8X2458QF,01HW3J89YC53S87HFBTH8KCENN,2024-04-22T18:54:54.318467033Z,01HW3J89YZZDCCFFPRK9YNQ1XP,2024-04-22T18:54:54.318467033Z,01HW3JAQZA66NNH30SFEVT9Z1F,2024-04-22T18:54:54.318467033Z
01HW3JJFC1R9WHFKC56ZJ1XA0K,01HW3J89YC53S87HFBTH8KCENN,2024-04-22T18:54:54.337315626Z,01HW3J89YZZDCCFFPRK9YNQ1XP,2024-04-22T18:54:54.337315626Z,01HW3JARN472KJ44MKQEAA1WAE,2024-04-22T18:54:54.337315626Z
01HW3JWYR2RSSDES031TEKZG4N,01HW3F1DBN2EQWARCFP2XA7PCY,2024-04-22T19:00:37.762965073Z,01HW3F1DBZMN276FN5SGTX88WE,2024-04-22T19:00:37.762965073Z,01HW3HS22N9TGX4972EV2WTZFK,2024-04-22T19:00:37.762965073Z
01HW3JWYRMXERB4TG2HD04ACXT,01HW3F1DBN2EQWARCFP2XA7PCY,2024-04-22T19:00:37.780620677Z,01HW3F1DBZMN276FN5SGTX88WE,2024-04-22T19:00:37.780620677Z,01HW3JCANB3M6KW2RCXZ4RN7F3,2024-04-22T19:00:37.780620677Z
01HW3JWYS4GVW6A68GN33BAMBV,01HW3F1DBN2EQWARCFP2XA7PCY,2024-04-22T19:00:37.796650677Z,01HW3F1DBZMN276FN5SGTX88WE,2024-04-22T19:00:37.796650677Z,01HW3JCTZP76JZE3932Z6KWFCG,2024-04-22T19:00:37.796650677Z
01HW3JWYSJV6DKT3RBDESSAFEW,01HW3F1DBN2EQWARCFP2XA7PCY,2024-04-22T19:00:37.811005581Z,01HW3F1DBZMN276FN5SGTX88WE,2024-04-22T19:00:37.811005581Z,01HW3JE9W9WVYKKTWNMNK9MY4X,2024-04-22T19:00:37.811005581Z
01HW3JWYT40ZQ9M3G3WZB5PD8S,01HW3F1DBN2EQWARCFP2XA7PCY,2024-04-22T19:00:37.828071696Z,01HW3F1DBZMN276FN5SGTX88WE,2024-04-22T19:00:37.828071696Z,01HW3JG6611EMJZGZHMXHWKA6Y,2024-04-22T19:00:37.828071696Z
01HW3JWYV1AQ48PGBMETHXFVJE,01HW3F1DBN2EQWARCFP2XA7PCY,2024-04-22T19:00:37.857233888Z,01HW3F1DBZMN276FN5SGTX88WE,2024-04-22T19:00:37.857233888Z,01HW3JHGKMD4W6E5VTC8PK8MTG,2024-04-22T19:00:37.857233888Z
01HW3KEQXQRB3C1PM6GJFX892R,01HW3K8ENATABFQMQ0JG4XSN08,2024-04-22T19:10:20.599876797Z,01HW3K8EP66M15282MQ3NHM2KV,2024-04-22T19:10:20.599876797Z,01HW3KAC4ATYWC5WHQCQ0NCKRD,2024-04-22T19:10:20.599876797Z
01HW3KEQZN7F0BKG1A5JA86Z6H,01HW3K8ENATABFQMQ0JG4XSN08,2024-04-22T19:10:20.661308151Z,01HW3K8EP66M15282MQ3NHM2KV,2024-04-22T19:10:20.661308151Z,01HW3KADV4SHKNHN0X93ZKYDG6,2024-04-22T19:10:20.661308151Z
01HW3KER0ZH50P4VJHTAH64KEH,01HW3K8ENATABFQMQ0JG4XSN08,2024-04-22T19:10:20.703908107Z,01HW3K8EP66M15282MQ3NHM2KV,2024-04-22T19:10:20.703908107Z,01HW3KAG7DVKQGK4FPBB200TZ2,2024-04-22T19:10:20.703908107Z
01HW3KER36KW1FQZ5QK9G078X8,01HW3K8ENATABFQMQ0JG4XSN08,2024-04-22T19:10:20.774859393Z,01HW3K8EP66M15282MQ3NHM2KV,2024-04-22T19:10:20.774859393Z,01HW3KANFEFCQRKFG3RXYWJZJG,2024-04-22T19:10:20.774859393Z
01HW3KHV9SKZP0YFXX5V31HWXX,01HW3K9JF2PEHX3R4PW1MVCC3Y,2024-04-22T19:12:02.361761034Z,01HW3K9JGSJXXA3PAK6XK00MHN,2024-04-22T19:12:02.361761034Z,01HW3KAF7825DTW7ZEAJXH4FGZ,2024-04-22T19:12:02.361761034Z
01HW3KHVAMDG340KH9A520KPEB,01HW3K9JF2PEHX3R4PW1MVCC3Y,2024-04-22T19:12:02.3888858Z,01HW3K9JGSJXXA3PAK6XK00MHN,2024-04-22T19:12:02.3888858Z,01HW3KAWVPKHK3GHEZX526RVE3,2024-04-22T19:12:02.3888858Z
01HW3KHVBGV8HPRDNEBWM48V1N,01HW3K9JF2PEHX3R4PW1MVCC3Y,2024-04-22T19:12:02.416684437Z,01HW3K9JGSJXXA3PAK6XK00MHN,2024-04-22T19:12:02.416684437Z,01HW3KAYZBBTH7KS9W16KGKCXT,2024-04-22T19:12:02.416684437Z
01HW3KHVCB2B9DBDQQPR34BAA0,01HW3K9JF2PEHX3R4PW1MVCC3Y,2024-04-22T19:12:02.443417528Z,01HW3K9JGSJXXA3PAK6XK00MHN,2024-04-22T19:12:02.443417528Z,01HW3KBAGSA77MTMWFD4XZZDS2,2024-04-22T19:12:02.443417528Z
01HW3KV30WSPDM04Q3WANTG2R2,01HW3K9GE40QD313VKMBD3P4AT,2024-04-22T19:17:05.180479901Z,01HW3K9GFSBNY2TSYP6B78H0JE,2024-04-22T19:17:05.180479901Z,01HW3K99B99BK7NV2V6ZN4JMRW,2024-04-22T19:17:05.180479901Z
01HW3KV33P1EQQKTXKXXJT23Z5,01HW3K9GE40QD313VKMBD3P4AT,2024-04-22T19:17:05.270155098Z,01HW3K9GFSBNY2TSYP6B78H0JE,2024-04-22T19:17:05.270155098Z,01HW3KCMH15251YQ110P248T6W,2024-04-22T19:17:05.270155098Z
01HW3KV362TZK5DRASAY9EK7DB,01HW3K9GE40QD313VKMBD3P4AT,2024-04-22T19:17:05.346604247Z,01HW3K9GFSBNY2TSYP6B78H0JE,2024-04-22T19:17:05.346604247Z,01HW3KH78JVENZ8M49DJPPGXFW,2024-04-22T19:17:05.346604247Z
01HW3KV3BCRXF5C9ENGEHJB1K4,01HW3K9GE40QD313VKMBD3P4AT,2024-04-22T19:17:05.516680648Z,01HW3K9GFSBNY2TSYP6B78H0JE,2024-04-22T19:17:05.516680648Z,01HW3KHBQP42FHKVEXSXKWVF4G,2024-04-22T19:17:05.516680648Z
01HW3KV7MGDT32T3PKFP16W145,01HW3K9HDYVCRB3MMBQXSJTA1H,2024-04-22T19:17:09.904933547Z,01HW3K9HFPR7EZX9EFYVC6VZE7,2024-04-22T19:17:09.904933547Z,01HW3KFSVHZW067AA6SF40Z27A,2024-04-22T19:17:09.904933547Z
01HW3KV7NVFQKWFH59V0GKKM56,01HW3K9HDYVCRB3MMBQXSJTA1H,2024-04-22T19:17:09.947113898Z,01HW3K9HFPR7EZX9EFYVC6VZE7,2024-04-22T19:17:09.947113898Z,01HW3KG2S9H9CJCKQYG2TBXJ6P,2024-04-22T19:17:09.947113898Z
01HW3KV7Q9JXYS61KDSDYY1V7P,01HW3K9HDYVCRB3MMBQXSJTA1H,2024-04-22T19:17:09.993858458Z,01HW3K9HFPR7EZX9EFYVC6VZE7,2024-04-22T19:17:09.993858458Z,01HW3KG490GPN4B5Z3TEGN12J7,2024-04-22T19:17:09.993858458Z
01HW3KV7RS7Y64ZYW8V20CVH4Y,01HW3K9HDYVCRB3MMBQXSJTA1H,2024-04-22T19:17:10.041506937Z,01HW3K9HFPR7EZX9EFYVC6VZE7,2024-04-22T19:17:10.041506937Z,01HW3KG8YNGK9EAMHB570EAPC2,2024-04-22T19:17:10.041506937Z
01HW3KV7T5209MRYRFA2HT6RPJ,01HW3K9HDYVCRB3MMBQXSJTA1H,2024-04-22T19:17:10.085335566Z,01HW3K9HFPR7EZX9EFYVC6VZE7,2024-04-22T19:17:10.085335566Z,01HW3KGBKKHD2YV27FWYN6679M,2024-04-22T19:17:10.085335566Z
01HW3KV7VRQK0VGH10KWPD0BHH,01HW3K9HDYVCRB3MMBQXSJTA1H,2024-04-22T19:17:10.136486886Z,01HW3K9HFPR7EZX9EFYVC6VZE7,2024-04-22T19:17:10.136486886Z,01HW3KGF9PY1EY0Y7PFVTK7ED3,2024-04-22T19:17:10.136486886Z
01HW3KV7XD9VD5KX09S30P85AA,01HW3K9HDYVCRB3MMBQXSJTA1H,2024-04-22T19:17:10.18972962Z,01HW3K9HFPR7EZX9EFYVC6VZE7,2024-04-22T19:17:10.18972962Z,01HW3KGQWKKBBEW8W3DB933Q8H,2024-04-22T19:17:10.18972962Z
01HW3KV7Z5V9V6R5GH2ENJJAH5,01HW3K9HDYVCRB3MMBQXSJTA1H,2024-04-22T19:17:10.245913218Z,01HW3K9HFPR7EZX9EFYVC6VZE7,2024-04-22T19:17:10.245913218Z,01HW3KGYB8A8JE265W2ACXMCVW,2024-04-22T19:17:10.245913218Z
01HW3KV84024CQ97B2MJ22PG10,01HW3K9HDYVCRB3MMBQXSJTA1H,2024-04-22T19:17:10.400122513Z,01HW3K9HFPR7EZX9EFYVC6VZE7,2024-04-22T19:17:10.400122513Z,01HW3KH4QJMNH4XMS7J7DN825W,2024-04-22T19:17:10.400122513Z
01HW3M11FXRC2W9Z0VWDEYBGC0,01HW3K9FE3N8CRN1VGXDMM0BZ1,2024-04-22T19:20:20.221668415Z,01HW3K9FFQX32EG930PCCNMYSA,2024-04-22T19:20:20.221668415Z,01HW3KPX6E5R266ERHV4QXYQRT,2024-04-22T19:20:20.221668415Z
01HW3M11HDDXJ2M4SPMB7CFGDC,01HW3K9FE3N8CRN1VGXDMM0BZ1,2024-04-22T19:20:20.269740098Z,01HW3K9FFQX32EG930PCCNMYSA,2024-04-22T19:20:20.269740098Z,01HW3KQ4MEKQH2NMK5FB2TVVVD,2024-04-22T19:20:20.269740098Z
01HW3M11N0MTM5NQR3X31ETFN8,01HW3K9FE3N8CRN1VGXDMM0BZ1,2024-04-22T19:20:20.38497528Z,01HW3K9FFQX32EG930PCCNMYSA,2024-04-22T19:20:20.38497528Z,01HW3KQJFQWCEXHSXAYV029SQV,2024-04-22T19:20:20.38497528Z
01HW3M11P63C1ADM8M1F4STY33,01HW3K9FE3N8CRN1VGXDMM0BZ1,2024-04-22T19:20:20.422357319Z,01HW3K9FFQX32EG930PCCNMYSA,2024-04-22T19:20:20.422357319Z,01HW3KRGAXR20WWS2NYJ3W6C0A,2024-04-22T19:20:20.422357319Z
01HW3MA9YYAXTSMCZDZ6F1BCB3,01HW3KP3YZMKQ793NB8M2A5VEH,2024-04-22T19:25:23.806339203Z,01HW3KP40EW5ZX1T2RGXV9AD65,2024-04-22T19:25:23.806339203Z,01HW3KNFVNXE4QHDBTA91KHRT1,2024-04-22T19:25:23.806339203Z
01HW3MAA03ESRQDFJA25G85C0T,01HW3KP3YZMKQ793NB8M2A5VEH,2024-04-22T19:25:23.843581973Z,01HW3KP40EW5ZX1T2RGXV9AD65,2024-04-22T19:25:23.843581973Z,01HW3KQJ2EEJZ4PNQ02QFYXYE5,2024-04-22T19:25:23.843581973Z
01HW3MAA19ZJMA5CZVQ2W76R1Z,01HW3KP3YZMKQ793NB8M2A5VEH,2024-04-22T19:25:23.881868913Z,01HW3KP40EW5ZX1T2RGXV9AD65,2024-04-22T19:25:23.881868913Z,01HW3KQN98TVGHFR934GM3VNDH,2024-04-22T19:25:23.881868913Z
01HW3MAA2DSWFYQ0W3J985EFH1,01HW3KP3YZMKQ793NB8M2A5VEH,2024-04-22T19:25:23.917995529Z,01HW3KP40EW5ZX1T2RGXV9AD65,2024-04-22T19:25:23.917995529Z,01HW3KTKQCZ4AQV48XN31GY8Y4,2024-04-22T19:25:23.917995529Z
01HW3MAA3NP5Q4H664VP6961N7,01HW3KP3YZMKQ793NB8M2A5VEH,2024-04-22T19:25:23.957219131Z,01HW3KP40EW5ZX1T2RGXV9AD65,2024-04-22T19:25:23.957219131Z,01HW3KTN4YR38JC3ACCH0394X7,2024-04-22T19:25:23.957219131Z
01HW3MAA4VW0QK7PQ0WDF9979T,01HW3KP3YZMKQ793NB8M2A5VEH,2024-04-22T19:25:23.995869824Z,01HW3KP40EW5ZX1T2RGXV9AD65,2024-04-22T19:25:23.995869824Z,01HW3KV9FQ513NDH3A56RFTE94,2024-04-22T19:25:23.995869824Z
01HW3MAA685NY961E45NDVPF35,01HW3KP3YZMKQ793NB8M2A5VEH,2024-04-22T19:25:24.041023546Z,01HW3KP40EW5ZX1T2RGXV9AD65,2024-04-22T19:25:24.041023546Z,01HW3KVA9EYF12XDWZEAQXN4F8,2024-04-22T19:25:24.041023546Z
01HW3MAA7GW61TWBY9PVXX3CW3,01HW3KP3YZMKQ793NB8M2A5VEH,2024-04-22T19:25:24.080761017Z,01HW3KP40EW5ZX1T2RGXV9AD65,2024-04-22T19:25:24.080761017Z,01HW3KVC2ARHD8528ZTPD54DRT,2024-04-22T19:25:24.080761017Z
01HW3MAA8Q7VST40T9184CWB55,01HW3KP3YZMKQ793NB8M2A5VEH,2024-04-22T19:25:24.119646361Z,01HW3KP40EW5ZX1T2RGXV9AD65,2024-04-22T19:25:24.119646361Z,01HW3KVCBRDNSCD27FBZVBMJ7G,2024-04-22T19:25:24.119646361Z
01HW3MAA9WNB2DX6CJSZP3YBMJ,01HW3KP3YZMKQ793NB8M2A5VEH,2024-04-22T19:25:24.156995553Z,01HW3KP40EW5ZX1T2RGXV9AD65,2024-04-22T19:25:24.156995553Z,01HW3KVCP3QWGT3K1Q2QRB78KY,2024-04-22T19:25:24.156995553Z
01HW3MAAB0RJ3FXZW1GZPKBENH,01HW3KP3YZMKQ793NB8M2A5VEH,2024-04-22T19:25:24.192586165Z,01HW3KP40EW5ZX1T2RGXV9AD65,2024-04-22T19:25:24.192586165Z,01HW3KVCXERWQ1TW4MV2B3DF96,2024-04-22T19:25:24.192586165Z
01HW3MAAC2RV9ZVTTW6S0WNR2P,01HW3KP3YZMKQ793NB8M2A5VEH,2024-04-22T19:25:24.226567867Z,01HW3KP40EW5ZX1T2RGXV9AD65,2024-04-22T19:25:24.226567867Z,01HW3KVD62FBGGG408AZSYRJCC,2024-04-22T19:25:24.226567867Z
01HW3MAAD62SJBVNB5CVHPXSN1,01HW3KP3YZMKQ793NB8M2A5VEH,2024-04-22T19:25:24.26276527Z,01HW3KP40EW5ZX1T2RGXV9AD65,2024-04-22T19:25:24.26276527Z,01HW3KVDAWVSEF71VBRAD5XDT0,2024-04-22T19:25:24.26276527Z
01HW3MAAECXK4RPRQ3197WX8S3,01HW3KP3YZMKQ793NB8M2A5VEH,2024-04-22T19:25:24.300727034Z,01HW3KP40EW5ZX1T2RGXV9AD65,2024-04-22T19:25:24.300727034Z,01HW3KVDDF6ND9EXRWW6WMF17N,2024-04-22T19:25:24.300727034Z
01HW3MAAGNWJB9TCH25W5FZ2YD,01HW3KP3YZMKQ793NB8M2A5VEH,2024-04-22T19:25:24.37386576Z,01HW3KP40EW5ZX1T2RGXV9AD65,2024-04-22T19:25:24.37386576Z,01HW3KVDKEMS4B1297TSA03Y74,2024-04-22T19:25:24.37386576Z
01HW3MAAHW1QVJ3BADZX45VFW6,01HW3KP3YZMKQ793NB8M2A5VEH,2024-04-22T19:25:24.412866719Z,01HW3KP40EW5ZX1T2RGXV9AD65,2024-04-22T19:25:24.412866719Z,01HW3KVDRVNSGK0BF6284PSDKH,2024-04-22T19:25:24.412866719Z
01HW3MAAK2AQBS778QDJMK0P6X,01HW3KP3YZMKQ793NB8M2A5VEH,2024-04-22T19:25:24.450236759Z,01HW3KP40EW5ZX1T2RGXV9AD65,2024-04-22T19:25:24.450236759Z,01HW3KVDXDXX30F9WXGK1FAF28,2024-04-22T19:25:24.450236759Z
01HW3MAAM6H2F9F6V8BMEWNQ13,01HW3KP3YZMKQ793NB8M2A5VEH,2024-04-22T19:25:24.48621608Z,01HW3KP40EW5ZX1T2RGXV9AD65,2024-04-22T19:25:24.48621608Z,01HW3KVDZWDQTDWREPMFK0YZD0,2024-04-22T19:25:24.48621608Z
01HW3MAAN8NMN7TCVHD86RF2E7,01HW3KP3YZMKQ793NB8M2A5VEH,2024-04-22T19:25:24.520119346Z,01HW3KP40EW5ZX1T2RGXV9AD65,2024-04-22T19:25:24.520119346Z,01HW3KVE2R0MBZE24P7QNTZ4VT,2024-04-22T19:25:24.520119346Z
01HW3MAAP94HNWKQG7N61RTR9R,01HW3KP3YZMKQ793NB8M2A5VEH,2024-04-22T19:25:24.553996125Z,01HW3KP40EW5ZX1T2RGXV9AD65,2024-04-22T19:25:24.553996125Z,01HW3KVE6FF3RYXRH40E2W0Z0E,2024-04-22T19:25:24.553996125Z
01HW3MAAQM9J2ZEBBG694KEP68,01HW3KP3YZMKQ793NB8M2A5VEH,2024-04-22T19:25:24.596851969Z,01HW3KP40EW5ZX1T2RGXV9AD65,2024-04-22T19:25:24.596851969Z,01HW3KVE8MTH90MK6BNDTJEVWE,2024-04-22T19:25:24.596851969Z
01HW3MAARRY9RH1T02TS5XSABJ,01HW3KP3YZMKQ793NB8M2A5VEH,2024-04-22T19:25:24.632537871Z,01HW3KP40EW5ZX1T2RGXV9AD65,2024-04-22T19:25:24.632537871Z,01HW3KVEBWY1YTXR76JJA19181,2024-04-22T19:25:24.632537871Z
