id,gameID,gameIDLastChangedAt,playerID,playerIDLastChangedAt,batchID,batchIDLastChangedAt
01HMFDA9ARVQKHB9TKE2R3DMRJ,01HMFD6NG3J7CA3Y2NKT362RRC,2024-01-18T23:08:21.720973707Z,01HMFD75FJ85AGESJ2V4PHFHT2,2024-01-18T23:08:21.720973707Z,01HMFD6NFNF5A82J4TFGX97VBB,2024-01-18T23:08:21.720973707Z
01HMFDA9AX07D7Y3Z7SNHVVZH4,01HMFD6NG3J7CA3Y2NKT362RRC,2024-01-18T23:08:21.725671682Z,01HMFD7DSPTQQQNVF7C9CJ2J0K,2024-01-18T23:08:21.725671682Z,01HMFD6NFNF5A82J4TFGX97VBB,2024-01-18T23:08:21.725671682Z
01HMFDA9B1981C6Y2ENXCYMD0K,01HMFD6NG3J7CA3Y2NKT362RRC,2024-01-18T23:08:21.729442993Z,01HMFD86N02T2Y1ZW99E0BXCAQ,2024-01-18T23:08:21.729442993Z,01HMFD6NFNF5A82J4TFGX97VBB,2024-01-18T23:08:21.729442993Z
01HMFDA9B55154Y237C5FTK820,01HMFD6NG3J7CA3Y2NKT362RRC,2024-01-18T23:08:21.733400435Z,01HMFD9NAB663K18BAEPNNXZK1,2024-01-18T23:08:21.733400435Z,01HMFD6NFNF5A82J4TFGX97VBB,2024-01-18T23:08:21.733400435Z
01HMFDZ8J52Z234669G9DDR8NV,01HMFD6Y3K9VY9SR4HBJ8529TQ,2024-01-18T23:19:49.061360216Z,01HMFDTY0YJJJJJ9EVMWXG1T0C,2024-01-18T23:19:49.061360216Z,01HMFD6Y3806KPQMFM316V0X9R,2024-01-18T23:19:49.061360216Z
01HMFDZ8JAJMVJN3MWP2AQ2GWF,01HMFD6Y3K9VY9SR4HBJ8529TQ,2024-01-18T23:19:49.066238916Z,01HMFDV64T6B4RGX4X5N3BJX0B,2024-01-18T23:19:49.066238916Z,01HMFD6Y3806KPQMFM316V0X9R,2024-01-18T23:19:49.066238916Z
01HMFDZ8JFZ5Q31VDQD5326GXS,01HMFD6Y3K9VY9SR4HBJ8529TQ,2024-01-18T23:19:49.071152296Z,01HMFDVH0RRB2CW5RVSBAJSBAB,2024-01-18T23:19:49.071152296Z,01HMFD6Y3806KPQMFM316V0X9R,2024-01-18T23:19:49.071152296Z
01HMFDZ8JK137NX8ADPVS49HXE,01HMFD6Y3K9VY9SR4HBJ8529TQ,2024-01-18T23:19:49.075927996Z,01HMFDVR4PHA6TYJQ97D91TS5E,2024-01-18T23:19:49.075927996Z,01HMFD6Y3806KPQMFM316V0X9R,2024-01-18T23:19:49.075927996Z
01HMFE07HR1B7GW8EB8W26NE2H,01HMFD71T5DSAFQWX4BE1MVEKN,2024-01-18T23:20:20.792076147Z,01HMFDTTMDYZ7X546SSSQT74KF,2024-01-18T23:20:20.792076147Z,01HMFD71SXN1WKYF55K19NRT0D,2024-01-18T23:20:20.792076147Z
01HMFE07HXSQCWJ7RQTWFQC9FA,01HMFD71T5DSAFQWX4BE1MVEKN,2024-01-18T23:20:20.797462149Z,01HMFDV044BC6W68ZNRF410YDE,2024-01-18T23:20:20.797462149Z,01HMFD71SXN1WKYF55K19NRT0D,2024-01-18T23:20:20.797462149Z
01HMFE07J3QW9V34NFW4WX3MT5,01HMFD71T5DSAFQWX4BE1MVEKN,2024-01-18T23:20:20.803289522Z,01HMFDVD1Z9YNP2HC5ZSQ7QEHJ,2024-01-18T23:20:20.803289522Z,01HMFD71SXN1WKYF55K19NRT0D,2024-01-18T23:20:20.803289522Z
01HMFE07J94RR2XG43SF61GS66,01HMFD71T5DSAFQWX4BE1MVEKN,2024-01-18T23:20:20.809384077Z,01HMFDW77GTW1HQQM6TYVWPTCQ,2024-01-18T23:20:20.809384077Z,01HMFD71SXN1WKYF55K19NRT0D,2024-01-18T23:20:20.809384077Z
01HMFE17SZ5ZMVJF06ETHFY0PJ,01HMFD73AHKVRGWCJT555465A6,2024-01-18T23:20:53.823827672Z,01HMFDV16ZS1EQJHKTR8KTRAPS,2024-01-18T23:20:53.823827672Z,01HMFD73A9PRM6GDXAVSW2JFCE,2024-01-18T23:20:53.823827672Z
01HMFE17T4W6XT8X5MFGK1D7J8,01HMFD73AHKVRGWCJT555465A6,2024-01-18T23:20:53.828686104Z,01HMFDVC9F1T1XV3PATPRAJEZK,2024-01-18T23:20:53.828686104Z,01HMFD73A9PRM6GDXAVSW2JFCE,2024-01-18T23:20:53.828686104Z
01HMFE17T9Y5HG6N109EV4B664,01HMFD73AHKVRGWCJT555465A6,2024-01-18T23:20:53.833695953Z,01HMFDVMVYJ6C1RMWBASYJ9JE0,2024-01-18T23:20:53.833695953Z,01HMFD73A9PRM6GDXAVSW2JFCE,2024-01-18T23:20:53.833695953Z
01HMFE17TEP53J2QJV239AVGKX,01HMFD73AHKVRGWCJT555465A6,2024-01-18T23:20:53.83851446Z,01HMFDVNFVQ48CZHZ15AW4KR5X,2024-01-18T23:20:53.83851446Z,01HMFD73A9PRM6GDXAVSW2JFCE,2024-01-18T23:20:53.83851446Z
01HMFE21JTGZKKR965S3FJS1SQ,01HMFD74HGSH5K3VR680F097TF,2024-01-18T23:21:20.218668746Z,01HMFDTWQ3JFZ121SRMS076E1C,2024-01-18T23:21:20.218668746Z,01HMFD74H40JDEDWD2A6PHQQ08,2024-01-18T23:21:20.218668746Z
01HMFE21JZK7SZ07CX92CR35R8,01HMFD74HGSH5K3VR680F097TF,2024-01-18T23:21:20.223460508Z,01HMFDV4X4QBKKVVE4YHB6QFK7,2024-01-18T23:21:20.223460508Z,01HMFD74H40JDEDWD2A6PHQQ08,2024-01-18T23:21:20.223460508Z
01HMFE21K53HCKBX9N4PF9DGZA,01HMFD74HGSH5K3VR680F097TF,2024-01-18T23:21:20.229369201Z,01HMFDWJ7ZCHEVAAK8F55Q7GSJ,2024-01-18T23:21:20.229369201Z,01HMFD74H40JDEDWD2A6PHQQ08,2024-01-18T23:21:20.229369201Z
01HMFE21KBMAVDFD6KFVJBT12E,01HMFD74HGSH5K3VR680F097TF,2024-01-18T23:21:20.235569113Z,01HMFDX4SRB1D82A9YK7VBAJ5Z,2024-01-18T23:21:20.235569113Z,01HMFD74H40JDEDWD2A6PHQQ08,2024-01-18T23:21:20.235569113Z
01HMFE48NQ9QWHTK4F6DV2QV35,01HMFDQPXBVXSBMV3SA29YT50D,2024-01-18T23:22:33.015056172Z,01HMFDV4YPRRVDWEAEMB182E44,2024-01-18T23:22:33.015056172Z,01HMFDQPX0VMWWEN88X3WFBKPV,2024-01-18T23:22:33.015056172Z
01HMFE48NXXJHV1E8D4VDG3DYK,01HMFDQPXBVXSBMV3SA29YT50D,2024-01-18T23:22:33.022033737Z,01HMFDVNXYXXNQGERQFMRF1HWC,2024-01-18T23:22:33.022033737Z,01HMFDQPX0VMWWEN88X3WFBKPV,2024-01-18T23:22:33.022033737Z
01HMFE48P5HNJT980SZY22DD2Z,01HMFDQPXBVXSBMV3SA29YT50D,2024-01-18T23:22:33.029829519Z,01HMFDVT63JW5B1TZFR8WCYV6M,2024-01-18T23:22:33.029829519Z,01HMFDQPX0VMWWEN88X3WFBKPV,2024-01-18T23:22:33.029829519Z
01HMFE48PC1PASXWBZ52D8610D,01HMFDQPXBVXSBMV3SA29YT50D,2024-01-18T23:22:33.03687907Z,01HMFDW168X5E183MJMRQK6S6C,2024-01-18T23:22:33.03687907Z,01HMFDQPX0VMWWEN88X3WFBKPV,2024-01-18T23:22:33.03687907Z
01HMFEAG3PDEEBCGG0Q0HE8T2E,01HMFDQSQC59HQF9Q7T91ZPWX5,2024-01-18T23:25:57.238569714Z,01HMFDVHAS5293CMHAXCKAC11W,2024-01-18T23:25:57.238569714Z,01HMFDQSQ4KQ9BQTYZTM6QDHSE,2024-01-18T23:25:57.238569714Z
01HMFEAG3W8G7TC4EM9P9XPPZ6,01HMFDQSQC59HQF9Q7T91ZPWX5,2024-01-18T23:25:57.244816175Z,01HMFDW7WCWGF3TN6VRTTAE9T1,2024-01-18T23:25:57.244816175Z,01HMFDQSQ4KQ9BQTYZTM6QDHSE,2024-01-18T23:25:57.244816175Z
01HMFEAG42FF709GWFGP3PHD3Y,01HMFDQSQC59HQF9Q7T91ZPWX5,2024-01-18T23:25:57.250264368Z,01HMFDWN5G9RK2VA3YCG52DN7F,2024-01-18T23:25:57.250264368Z,01HMFDQSQ4KQ9BQTYZTM6QDHSE,2024-01-18T23:25:57.250264368Z
01HMFEAG486BJ6XSSP767HX12G,01HMFDQSQC59HQF9Q7T91ZPWX5,2024-01-18T23:25:57.256285775Z,01HMFDX0AFKS1BSDCX62YK5G5D,2024-01-18T23:25:57.256285775Z,01HMFDQSQ4KQ9BQTYZTM6QDHSE,2024-01-18T23:25:57.256285775Z
01HMFEFT0BDRJMFY1SJQGA6BNM,01HMFD70P1NJWT1WK60P5YMXBX,2024-01-18T23:28:51.211329635Z,01HMFE0HR298612EFVNB330C6G,2024-01-18T23:28:51.211329635Z,01HMFD70NS6KGP6D3SVRA44DJ6,2024-01-18T23:28:51.211329635Z
01HMFEFT0KV8JJV9NZ0X4W012S,01HMFD70P1NJWT1WK60P5YMXBX,2024-01-18T23:28:51.219522845Z,01HMFE0QNE43NWNTDR7B4T9HTF,2024-01-18T23:28:51.219522845Z,01HMFD70NS6KGP6D3SVRA44DJ6,2024-01-18T23:28:51.219522845Z
01HMFEFT0VJJS3291EVR6SE55M,01HMFD70P1NJWT1WK60P5YMXBX,2024-01-18T23:28:51.227905846Z,01HMFE3YFEQEKS73RSWEAQBEHN,2024-01-18T23:28:51.227905846Z,01HMFD70NS6KGP6D3SVRA44DJ6,2024-01-18T23:28:51.227905846Z
01HMFEFT1675X8P8MMYBZ6V03K,01HMFD70P1NJWT1WK60P5YMXBX,2024-01-18T23:28:51.238255059Z,01HMFEDCK7X31FSN4D482T6562,2024-01-18T23:28:51.238255059Z,01HMFD70NS6KGP6D3SVRA44DJ6,2024-01-18T23:28:51.238255059Z
01HMFEJQTF843NV1ED550WKKES,01HMFD72NDC7J8P5J6Y5B47X5S,2024-01-18T23:30:27.279482291Z,01HMFE5J62245HR9TE6YM8RW93,2024-01-18T23:30:27.279482291Z,01HMFD72N0KSDT2MWAV2KSF27S,2024-01-18T23:30:27.279482291Z
01HMFEJQTSBH18MMFQQ0TN51W1,01HMFD72NDC7J8P5J6Y5B47X5S,2024-01-18T23:30:27.289514584Z,01HMFEDG8DJHPDDYK6D1RH3HRJ,2024-01-18T23:30:27.289514584Z,01HMFD72N0KSDT2MWAV2KSF27S,2024-01-18T23:30:27.289514584Z
01HMFEJQV2DAZJXGKSCCZBP07G,01HMFD72NDC7J8P5J6Y5B47X5S,2024-01-18T23:30:27.298586416Z,01HMFEE3VEDWE4FS5J47TQR8GB,2024-01-18T23:30:27.298586416Z,01HMFD72N0KSDT2MWAV2KSF27S,2024-01-18T23:30:27.298586416Z
01HMFEJQVDK2FWJGND03FY4KZM,01HMFD72NDC7J8P5J6Y5B47X5S,2024-01-18T23:30:27.309932464Z,01HMFEE8KEX5A79WN59YX71QCK,2024-01-18T23:30:27.309932464Z,01HMFD72N0KSDT2MWAV2KSF27S,2024-01-18T23:30:27.309932464Z
01HMFEN9P5R3H4RWBMYTK320JM,01HMFD73Z56CY2716AEC4SB2D5,2024-01-18T23:31:51.109057565Z,01HMFEDWHM6Q23NN7XB8B65GTS,2024-01-18T23:31:51.109057565Z,01HMFD73YXEFTXWKNZ1J93H4PP,2024-01-18T23:31:51.109057565Z
01HMFEN9PHX3DSY4T6B448Y70Q,01HMFD73Z56CY2716AEC4SB2D5,2024-01-18T23:31:51.12123859Z,01HMFEE3AYQN8MXPF0V6TK5T18,2024-01-18T23:31:51.12123859Z,01HMFD73YXEFTXWKNZ1J93H4PP,2024-01-18T23:31:51.12123859Z
01HMFEN9PV4ECYQS0G4J9BW7Z0,01HMFD73Z56CY2716AEC4SB2D5,2024-01-18T23:31:51.131302622Z,01HMFEEFHW3XM8Z64QVBTPV8P8,2024-01-18T23:31:51.131302622Z,01HMFD73YXEFTXWKNZ1J93H4PP,2024-01-18T23:31:51.131302622Z
01HMFEN9Q506N6JSVTE9QQ5KRE,01HMFD73Z56CY2716AEC4SB2D5,2024-01-18T23:31:51.141638586Z,01HMFEF3DRQ6YVMRCCXEGCTX23,2024-01-18T23:31:51.141638586Z,01HMFD73YXEFTXWKNZ1J93H4PP,2024-01-18T23:31:51.141638586Z
01HMFEP74MDS4WWNDQ0GZCBT8B,01HMFDQRTY0GEB4167ANBTNY6K,2024-01-18T23:32:21.268593242Z,01HMFEDYW1FF3N6F1YXBKT4BH2,2024-01-18T23:32:21.268593242Z,01HMFDQRTPPNXP0AM4X8RX23TT,2024-01-18T23:32:21.268593242Z
01HMFEP7565QH067012HM65QNR,01HMFDQRTY0GEB4167ANBTNY6K,2024-01-18T23:32:21.286488298Z,01HMFEE20HRFEJGSWSGEW1VFBE,2024-01-18T23:32:21.286488298Z,01HMFDQRTPPNXP0AM4X8RX23TT,2024-01-18T23:32:21.286488298Z
01HMFEP75J7ABN7QFHN51NPKAJ,01HMFDQRTY0GEB4167ANBTNY6K,2024-01-18T23:32:21.298112804Z,01HMFEEKH2D8SYSA11DG00QPDZ,2024-01-18T23:32:21.298112804Z,01HMFDQRTPPNXP0AM4X8RX23TT,2024-01-18T23:32:21.298112804Z
01HMFEP75WQ1HG0V1FE8PVVRRC,01HMFDQRTY0GEB4167ANBTNY6K,2024-01-18T23:32:21.308779079Z,01HMFEFP43AVVRBAE25YBTDK8X,2024-01-18T23:32:21.308779079Z,01HMFDQRTPPNXP0AM4X8RX23TT,2024-01-18T23:32:21.308779079Z
01HMFESJY7PR731J4NPGPWYTMC,01HMFDQTMZG27ZNCPS41G2YD6B,2024-01-18T23:34:11.655896384Z,01HMFEDBCS7HA4YYYBVHQTQK3K,2024-01-18T23:34:11.655896384Z,01HMFDQTMQ1TVM1KJT4GQS9GXK,2024-01-18T23:34:11.655896384Z
01HMFESJYP2EP9ABK2QF7PBE93,01HMFDQTMZG27ZNCPS41G2YD6B,2024-01-18T23:34:11.670086869Z,01HMFEDSARRA7M9NTFT4PGY8MD,2024-01-18T23:34:11.670086869Z,01HMFDQTMQ1TVM1KJT4GQS9GXK,2024-01-18T23:34:11.670086869Z
01HMFESJZ4WCNBHZQSJS933T0R,01HMFDQTMZG27ZNCPS41G2YD6B,2024-01-18T23:34:11.684257823Z,01HMFEDSGD5T59Y3AK9VJR3YJ5,2024-01-18T23:34:11.684257823Z,01HMFDQTMQ1TVM1KJT4GQS9GXK,2024-01-18T23:34:11.684257823Z
01HMFESJZGTBQ3TQHEHT9TW4HQ,01HMFDQTMZG27ZNCPS41G2YD6B,2024-01-18T23:34:11.696798255Z,01HMFEH6J753Z1ACSWRXQG4H6K,2024-01-18T23:34:11.696798255Z,01HMFDQTMQ1TVM1KJT4GQS9GXK,2024-01-18T23:34:11.696798255Z
01HMFET7PVZ3NHJM46WQVF4046,01HMFDQWM0TVBQ64MNRDXMFXTD,2024-01-18T23:34:32.923110093Z,01HMFEF5FGHDGFVPRYXJ7AP9NM,2024-01-18T23:34:32.923110093Z,01HMFDQWKQY4717X3C3YNF2X27,2024-01-18T23:34:32.923110093Z
01HMFET7Q9P77S0ANKRXTK0D7Z,01HMFDQWM0TVBQ64MNRDXMFXTD,2024-01-18T23:34:32.937135081Z,01HMFEGK0KF96HQNZDNHSHMGMF,2024-01-18T23:34:32.937135081Z,01HMFDQWKQY4717X3C3YNF2X27,2024-01-18T23:34:32.937135081Z
01HMFET7QM0NJVN6EZ8V4V4P32,01HMFDQWM0TVBQ64MNRDXMFXTD,2024-01-18T23:34:32.948916686Z,01HMFEK9XSTSZ3NQVC62XFSZDM,2024-01-18T23:34:32.948916686Z,01HMFDQWKQY4717X3C3YNF2X27,2024-01-18T23:34:32.948916686Z
01HMFET7R2R2CY0TGG9HZ6Z3BJ,01HMFDQWM0TVBQ64MNRDXMFXTD,2024-01-18T23:34:32.962078068Z,01HMFEPC7RX4KS1K7MM9KP6XKZ,2024-01-18T23:34:32.962078068Z,01HMFDQWKQY4717X3C3YNF2X27,2024-01-18T23:34:32.962078068Z
01HMFEVK17ZPRQ1F4RRX9PBAJC,01HMFDQYN7E395K4PX546HP71J,2024-01-18T23:35:17.287638988Z,01HMFEDQQAS0TP16T4R08GCSNZ,2024-01-18T23:35:17.287638988Z,01HMFDQYMZHQ0WPEVKND58J3HX,2024-01-18T23:35:17.287638988Z
01HMFEVK1SBV7HE5X0JASCYF0F,01HMFDQYN7E395K4PX546HP71J,2024-01-18T23:35:17.305986077Z,01HMFEEY9EYR2RRK2C22Q4ZRCZ,2024-01-18T23:35:17.305986077Z,01HMFDQYMZHQ0WPEVKND58J3HX,2024-01-18T23:35:17.305986077Z
01HMFEVK28J6HRFBJ092D52B14,01HMFDQYN7E395K4PX546HP71J,2024-01-18T23:35:17.320676175Z,01HMFENQAQ5T4Y0VZNFPR0ZHKR,2024-01-18T23:35:17.320676175Z,01HMFDQYMZHQ0WPEVKND58J3HX,2024-01-18T23:35:17.320676175Z
01HMFEVK2Q1XSXAVNGXEPG1ACP,01HMFDQYN7E395K4PX546HP71J,2024-01-18T23:35:17.33528711Z,01HMFEQBJW0XJV0E6V9KR0E2FP,2024-01-18T23:35:17.33528711Z,01HMFDQYMZHQ0WPEVKND58J3HX,2024-01-18T23:35:17.33528711Z
01HMFEWRETCRPM9ERW7DTZ5A1B,01HMFDVEF4Q71T6JQQR0VWT5BZ,2024-01-18T23:35:55.610836636Z,01HMFEPCC9H1EV1FD6P9K1DKQX,2024-01-18T23:35:55.610836636Z,01HMFDVEERMP43H77P5S06K23X,2024-01-18T23:35:55.610836636Z
01HMFEWRGK03NKKX0FHRKCRKYB,01HMFDVEF4Q71T6JQQR0VWT5BZ,2024-01-18T23:35:55.667426289Z,01HMFEQJ2A18VYC9VAJBGV2HG5,2024-01-18T23:35:55.667426289Z,01HMFDVEERMP43H77P5S06K23X,2024-01-18T23:35:55.667426289Z
01HMFEWRH59P461JB72PTT1CMB,01HMFDVEF4Q71T6JQQR0VWT5BZ,2024-01-18T23:35:55.686021679Z,01HMFEQR7YQJZTY12F3ZCH0X0G,2024-01-18T23:35:55.686021679Z,01HMFDVEERMP43H77P5S06K23X,2024-01-18T23:35:55.686021679Z
01HMFEWRHMZ90EQ8PF99HXBF06,01HMFDVEF4Q71T6JQQR0VWT5BZ,2024-01-18T23:35:55.700203814Z,01HMFERK050DT3ZW9PJA17J2FQ,2024-01-18T23:35:55.700203814Z,01HMFDVEERMP43H77P5S06K23X,2024-01-18T23:35:55.700203814Z
01HMFEXDWJMHEHKQBD57NHNNVH,01HMFDVJ3YBPRDTPQKQH84E7GZ,2024-01-18T23:36:17.554219315Z,01HMFEDRZEW34H432YMVG8R1PG,2024-01-18T23:36:17.554219315Z,01HMFDVJ3MJN1ZHWTX2ZGTBW4K,2024-01-18T23:36:17.554219315Z
01HMFEXDXC9582RJY9MVEP9H9Q,01HMFDVJ3YBPRDTPQKQH84E7GZ,2024-01-18T23:36:17.580795312Z,01HMFEG2WNPD670QVQ3W96B2CY,2024-01-18T23:36:17.580795312Z,01HMFDVJ3MJN1ZHWTX2ZGTBW4K,2024-01-18T23:36:17.580795312Z
01HMFEXDXVWHH1H99FSKEXRQ3M,01HMFDVJ3YBPRDTPQKQH84E7GZ,2024-01-18T23:36:17.595237242Z,01HMFEQ6AD5CT52KGE3CBRQBB9,2024-01-18T23:36:17.595237242Z,01HMFDVJ3MJN1ZHWTX2ZGTBW4K,2024-01-18T23:36:17.595237242Z
01HMFEXDY9C464Y40JV26Z5ASW,01HMFDVJ3YBPRDTPQKQH84E7GZ,2024-01-18T23:36:17.609844869Z,01HMFEQ7928C546PJE0NQ4FK26,2024-01-18T23:36:17.609844869Z,01HMFDVJ3MJN1ZHWTX2ZGTBW4K,2024-01-18T23:36:17.609844869Z
01HMFEY0489H8Q6P9F2SEHB8RC,01HMFDVMTCTMVT8WT2HBCKZRKD,2024-01-18T23:36:36.23272455Z,01HMFEFVQF2XS29MG02ZFS3WXW,2024-01-18T23:36:36.23272455Z,01HMFDVMT4C07DWNY1TDAGM3BD,2024-01-18T23:36:36.23272455Z
01HMFEY04YGNSVS73VG69GAPWC,01HMFDVMTCTMVT8WT2HBCKZRKD,2024-01-18T23:36:36.254495721Z,01HMFEM1VY9ZN0Q63JNHSRP4CC,2024-01-18T23:36:36.254495721Z,01HMFDVMT4C07DWNY1TDAGM3BD,2024-01-18T23:36:36.254495721Z
01HMFEY05E456TXMFPD2TXZGZW,01HMFDVMTCTMVT8WT2HBCKZRKD,2024-01-18T23:36:36.27091719Z,01HMFEMQ0F119WTY511R6NG34R,2024-01-18T23:36:36.27091719Z,01HMFDVMT4C07DWNY1TDAGM3BD,2024-01-18T23:36:36.27091719Z
01HMFEY060GF545D8FQ5HH152Q,01HMFDVMTCTMVT8WT2HBCKZRKD,2024-01-18T23:36:36.28887662Z,01HMFENKV5CDAV7X4QEKH1YCET,2024-01-18T23:36:36.28887662Z,01HMFDVMT4C07DWNY1TDAGM3BD,2024-01-18T23:36:36.28887662Z
01HMFF0YPAPVBFHXDYQ6YXG72X,01HMFEGHQ06YTN6Q0SRFEYTGN7,2024-01-18T23:38:13.066865712Z,01HMFEKQWNQ2BQ6YY66XFM0RJ3,2024-01-18T23:38:13.066865712Z,01HMFEGHPG22WHGMB8MQYB8N6S,2024-01-18T23:38:13.066865712Z
01HMFF0YQ01FT7J6AB0Y8QSZSN,01HMFEGHQ06YTN6Q0SRFEYTGN7,2024-01-18T23:38:13.088482845Z,01HMFENY9CRZ95R85QKMCAHMGJ,2024-01-18T23:38:13.088482845Z,01HMFEGHPG22WHGMB8MQYB8N6S,2024-01-18T23:38:13.088482845Z
01HMFF0YQQF3YFSZRC74SSXYT0,01HMFEGHQ06YTN6Q0SRFEYTGN7,2024-01-18T23:38:13.111305262Z,01HMFEP4XHNFKWZFA7DZM89YXB,2024-01-18T23:38:13.111305262Z,01HMFEGHPG22WHGMB8MQYB8N6S,2024-01-18T23:38:13.111305262Z
01HMFF0YRQMKMJ6B9MMVKNY4HC,01HMFEGHQ06YTN6Q0SRFEYTGN7,2024-01-18T23:38:13.143975259Z,01HMFER0MNRYSJ9Y7CAZP9N158,2024-01-18T23:38:13.143975259Z,01HMFEGHPG22WHGMB8MQYB8N6S,2024-01-18T23:38:13.143975259Z
01HMFF64C53K4QXA1VFGYPN400,01HMFEGNXQ3CG19HHW9DBEXNB3,2024-01-18T23:41:02.725506499Z,01HMFEN7QNHAN4M2DAXJ7ZTT2Q,2024-01-18T23:41:02.725506499Z,01HMFEGNWPZGAVHWC9P9MQP8PB,2024-01-18T23:41:02.725506499Z
01HMFF64D0VWBTVZ9K8FYVAQP0,01HMFEGNXQ3CG19HHW9DBEXNB3,2024-01-18T23:41:02.752163348Z,01HMFENHZRDVACPRVN8T4M0GHN,2024-01-18T23:41:02.752163348Z,01HMFEGNWPZGAVHWC9P9MQP8PB,2024-01-18T23:41:02.752163348Z
01HMFF64DSHZ8DME9RVE9H7ABQ,01HMFEGNXQ3CG19HHW9DBEXNB3,2024-01-18T23:41:02.777124702Z,01HMFEQJ0XVP4TDBY8WH5S3KHT,2024-01-18T23:41:02.777124702Z,01HMFEGNWPZGAVHWC9P9MQP8PB,2024-01-18T23:41:02.777124702Z
01HMFF64EJ2BE4M7NE2SPQTMQY,01HMFEGNXQ3CG19HHW9DBEXNB3,2024-01-18T23:41:02.802266189Z,01HMFERH4DX44Q9BC8ZGVYGV94,2024-01-18T23:41:02.802266189Z,01HMFEGNWPZGAVHWC9P9MQP8PB,2024-01-18T23:41:02.802266189Z
01HMFF6KN4DAD7FE6M231RREM4,01HMFDQVJPRJ1ZFCCECM4EZVBQ,2024-01-18T23:41:18.37231558Z,01HMFDVVD4ZA2R5AYC8GV643XZ,2024-01-18T23:41:18.37231558Z,01HMFDQVJEZQ6VYHYQJ8JT0H8Q,2024-01-18T23:41:18.37231558Z
01HMFF6KNXQ4YYTV6JN22RPF1T,01HMFDQVJPRJ1ZFCCECM4EZVBQ,2024-01-18T23:41:18.397222504Z,01HMFEZX2C6JA1Y1ZWHF3944HV,2024-01-18T23:41:18.397222504Z,01HMFDQVJEZQ6VYHYQJ8JT0H8Q,2024-01-18T23:41:18.397222504Z
01HMFF6KQS4QJRCPWRXAYZQGRJ,01HMFDQVJPRJ1ZFCCECM4EZVBQ,2024-01-18T23:41:18.457888365Z,01HMFF03P5RQ80MY3RAPBMJER5,2024-01-18T23:41:18.457888365Z,01HMFDQVJEZQ6VYHYQJ8JT0H8Q,2024-01-18T23:41:18.457888365Z
01HMFF6KS2KDTRZEVVSEC87243,01HMFDQVJPRJ1ZFCCECM4EZVBQ,2024-01-18T23:41:18.498356636Z,01HMFF36RTMDGJSG3P6NP961Y6,2024-01-18T23:41:18.498356636Z,01HMFDQVJEZQ6VYHYQJ8JT0H8Q,2024-01-18T23:41:18.498356636Z
01HMFF8A7N6MX295K0SD6MDR2W,01HMFDQXHQQMG4KPR7BY2Z3MCQ,2024-01-18T23:42:14.261756533Z,01HMFF1C3ENTHBEHK3A52NMR0Q,2024-01-18T23:42:14.261756533Z,01HMFDQXHE6A8AKDY8CT10AE23,2024-01-18T23:42:14.261756533Z
01HMFF8A8J1Y1CGH9TTY6BJC41,01HMFDQXHQQMG4KPR7BY2Z3MCQ,2024-01-18T23:42:14.290766022Z,01HMFF1HN7PJFVM47MK4F7M1AR,2024-01-18T23:42:14.290766022Z,01HMFDQXHE6A8AKDY8CT10AE23,2024-01-18T23:42:14.290766022Z
01HMFF8A9DNV16NZC49FYAMWP8,01HMFDQXHQQMG4KPR7BY2Z3MCQ,2024-01-18T23:42:14.317860882Z,01HMFF2GCJGG2E7FFD3PMTWHC1,2024-01-18T23:42:14.317860882Z,01HMFDQXHE6A8AKDY8CT10AE23,2024-01-18T23:42:14.317860882Z
01HMFF8AAAD8RX58EX45HWTMWX,01HMFDQXHQQMG4KPR7BY2Z3MCQ,2024-01-18T23:42:14.346333331Z,01HMFF3H9MZVKF4VNNXSN0ACD2,2024-01-18T23:42:14.346333331Z,01HMFDQXHE6A8AKDY8CT10AE23,2024-01-18T23:42:14.346333331Z
01HMFFASQSDJHV3EHGRVZVPJGH,01HMFDVB6K29NM3GK577WTP4QV,2024-01-18T23:43:35.673730328Z,01HMFEWR2HC1YY4Z4MVNJ2K0R0,2024-01-18T23:43:35.673730328Z,01HMFDVB6AF1NT5VQDVQ3TX3ZP,2024-01-18T23:43:35.673730328Z
01HMFFASS4M1SBM0XTKCV65DTN,01HMFDVB6K29NM3GK577WTP4QV,2024-01-18T23:43:35.716289241Z,01HMFF01AB3502BM6AVE6H0BJY,2024-01-18T23:43:35.716289241Z,01HMFDVB6AF1NT5VQDVQ3TX3ZP,2024-01-18T23:43:35.716289241Z
01HMFFASTS6WS0X4487A2Q84FZ,01HMFDVB6K29NM3GK577WTP4QV,2024-01-18T23:43:35.769880395Z,01HMFF0VBMRKHME75BREYWRHZD,2024-01-18T23:43:35.769880395Z,01HMFDVB6AF1NT5VQDVQ3TX3ZP,2024-01-18T23:43:35.769880395Z
01HMFFASWJJS3H5AVT147EJ141,01HMFDVB6K29NM3GK577WTP4QV,2024-01-18T23:43:35.826154821Z,01HMFF6EC4RE3109PZBAQJNZBP,2024-01-18T23:43:35.826154821Z,01HMFDVB6AF1NT5VQDVQ3TX3ZP,2024-01-18T23:43:35.826154821Z
01HMFFCYKN375TQHQ845EJ8MPA,01HMFDVG53RPM4CH2M9H4X2AMD,2024-01-18T23:44:46.197172672Z,01HMFF67WMVYRPAC04DYRFX7EZ,2024-01-18T23:44:46.197172672Z,01HMFDVG4NAP6JDB33VX9AEX8C,2024-01-18T23:44:46.197172672Z
01HMFFCYMW2G69YFK9JGPEA174,01HMFDVG53RPM4CH2M9H4X2AMD,2024-01-18T23:44:46.23701953Z,01HMFF6ESJ3CKESW4VW0H4ANAD,2024-01-18T23:44:46.23701953Z,01HMFDVG4NAP6JDB33VX9AEX8C,2024-01-18T23:44:46.23701953Z
01HMFFCYNZTEYXQ0PJPAB3ME1J,01HMFDVG53RPM4CH2M9H4X2AMD,2024-01-18T23:44:46.271061427Z,01HMFF6VBDMW8F30HYQZAQJZ9P,2024-01-18T23:44:46.271061427Z,01HMFDVG4NAP6JDB33VX9AEX8C,2024-01-18T23:44:46.271061427Z
01HMFFCYQ1MSHCJCM6KAB8QX72,01HMFDVG53RPM4CH2M9H4X2AMD,2024-01-18T23:44:46.305186021Z,01HMFF8FXV33WTG8JNK5253JJM,2024-01-18T23:44:46.305186021Z,01HMFDVG4NAP6JDB33VX9AEX8C,2024-01-18T23:44:46.305186021Z
01HMFFGX9F1JMSZ3QVCW3D80E9,01HMFEGKDKB1CCAZ90D742BW2M,2024-01-18T23:46:55.919540566Z,01HMFF6CWFADAY865WC24S8F9E,2024-01-18T23:46:55.919540566Z,01HMFEGKCZTM3TVP165TB33RX6,2024-01-18T23:46:55.919540566Z
01HMFFGXAJCNZA8J2RZKBW7W23,01HMFEGKDKB1CCAZ90D742BW2M,2024-01-18T23:46:55.954619396Z,01HMFF779RTP6TH4090G7CWQ0Q,2024-01-18T23:46:55.954619396Z,01HMFEGKCZTM3TVP165TB33RX6,2024-01-18T23:46:55.954619396Z
01HMFFGXBP60J5WFVHD6BT9E2Z,01HMFEGKDKB1CCAZ90D742BW2M,2024-01-18T23:46:55.990286283Z,01HMFFB1MV4VRSW1850Y9VYDMF,2024-01-18T23:46:55.990286283Z,01HMFEGKCZTM3TVP165TB33RX6,2024-01-18T23:46:55.990286283Z
01HMFFGXCRM6EBACS90S5765SS,01HMFEGKDKB1CCAZ90D742BW2M,2024-01-18T23:46:56.024636637Z,01HMFFCA7DKWZRBDZDAJNXTA6K,2024-01-18T23:46:56.024636637Z,01HMFEGKCZTM3TVP165TB33RX6,2024-01-18T23:46:56.024636637Z
01HMFFKMCFGC0J3EGT7YXQZ00K,01HMFEGQ4B11E0W52B6KADBBRD,2024-01-18T23:48:25.104016867Z,01HMFFBV3QH2YR5DN3VXBYDHQH,2024-01-18T23:48:25.104016867Z,01HMFEGQ3PSTJ2CSPAA0QP7YH5,2024-01-18T23:48:25.104016867Z
01HMFFKMDYM64XDZ8G09MPC5WJ,01HMFEGQ4B11E0W52B6KADBBRD,2024-01-18T23:48:25.150770831Z,01HMFFC1NV739RAA8C662EEAHY,2024-01-18T23:48:25.150770831Z,01HMFEGQ3PSTJ2CSPAA0QP7YH5,2024-01-18T23:48:25.150770831Z
01HMFFKMGCCD2GQ3CG4XNZF41K,01HMFEGQ4B11E0W52B6KADBBRD,2024-01-18T23:48:25.228538471Z,01HMFFCN6TNKAYEZWT5XR24M55,2024-01-18T23:48:25.228538471Z,01HMFEGQ3PSTJ2CSPAA0QP7YH5,2024-01-18T23:48:25.228538471Z
01HMFFKMJXSAHXG3C8STZ572P2,01HMFEGQ4B11E0W52B6KADBBRD,2024-01-18T23:48:25.30957221Z,01HMFFCR5SPME4KVXK2QQPN0JB,2024-01-18T23:48:25.30957221Z,01HMFEGQ3PSTJ2CSPAA0QP7YH5,2024-01-18T23:48:25.30957221Z
01HMFDA9ARVQKHB9TKE2R3DMRJ,01HMFD6NG3J7CA3Y2NKT362RRC,2024-01-18T23:08:21.720973707Z,01HMFD75FJ85AGESJ2V4PHFHT2,2024-01-18T23:08:21.720973707Z,01HMFD6NFNF5A82J4TFGX97VBB,2024-01-18T23:08:21.720973707Z
01HMFDA9AX07D7Y3Z7SNHVVZH4,01HMFD6NG3J7CA3Y2NKT362RRC,2024-01-18T23:08:21.725671682Z,01HMFD7DSPTQQQNVF7C9CJ2J0K,2024-01-18T23:08:21.725671682Z,01HMFD6NFNF5A82J4TFGX97VBB,2024-01-18T23:08:21.725671682Z
01HMFDA9B1981C6Y2ENXCYMD0K,01HMFD6NG3J7CA3Y2NKT362RRC,2024-01-18T23:08:21.729442993Z,01HMFD86N02T2Y1ZW99E0BXCAQ,2024-01-18T23:08:21.729442993Z,01HMFD6NFNF5A82J4TFGX97VBB,2024-01-18T23:08:21.729442993Z
01HMFDA9B55154Y237C5FTK820,01HMFD6NG3J7CA3Y2NKT362RRC,2024-01-18T23:08:21.733400435Z,01HMFD9NAB663K18BAEPNNXZK1,2024-01-18T23:08:21.733400435Z,01HMFD6NFNF5A82J4TFGX97VBB,2024-01-18T23:08:21.733400435Z
01HMFDZ8J52Z234669G9DDR8NV,01HMFD6Y3K9VY9SR4HBJ8529TQ,2024-01-18T23:19:49.061360216Z,01HMFDTY0YJJJJJ9EVMWXG1T0C,2024-01-18T23:19:49.061360216Z,01HMFD6Y3806KPQMFM316V0X9R,2024-01-18T23:19:49.061360216Z
01HMFDZ8JAJMVJN3MWP2AQ2GWF,01HMFD6Y3K9VY9SR4HBJ8529TQ,2024-01-18T23:19:49.066238916Z,01HMFDV64T6B4RGX4X5N3BJX0B,2024-01-18T23:19:49.066238916Z,01HMFD6Y3806KPQMFM316V0X9R,2024-01-18T23:19:49.066238916Z
01HMFDZ8JFZ5Q31VDQD5326GXS,01HMFD6Y3K9VY9SR4HBJ8529TQ,2024-01-18T23:19:49.071152296Z,01HMFDVH0RRB2CW5RVSBAJSBAB,2024-01-18T23:19:49.071152296Z,01HMFD6Y3806KPQMFM316V0X9R,2024-01-18T23:19:49.071152296Z
01HMFDZ8JK137NX8ADPVS49HXE,01HMFD6Y3K9VY9SR4HBJ8529TQ,2024-01-18T23:19:49.075927996Z,01HMFDVR4PHA6TYJQ97D91TS5E,2024-01-18T23:19:49.075927996Z,01HMFD6Y3806KPQMFM316V0X9R,2024-01-18T23:19:49.075927996Z
01HMFE07HR1B7GW8EB8W26NE2H,01HMFD71T5DSAFQWX4BE1MVEKN,2024-01-18T23:20:20.792076147Z,01HMFDTTMDYZ7X546SSSQT74KF,2024-01-18T23:20:20.792076147Z,01HMFD71SXN1WKYF55K19NRT0D,2024-01-18T23:20:20.792076147Z
01HMFE07HXSQCWJ7RQTWFQC9FA,01HMFD71T5DSAFQWX4BE1MVEKN,2024-01-18T23:20:20.797462149Z,01HMFDV044BC6W68ZNRF410YDE,2024-01-18T23:20:20.797462149Z,01HMFD71SXN1WKYF55K19NRT0D,2024-01-18T23:20:20.797462149Z
01HMFE07J3QW9V34NFW4WX3MT5,01HMFD71T5DSAFQWX4BE1MVEKN,2024-01-18T23:20:20.803289522Z,01HMFDVD1Z9YNP2HC5ZSQ7QEHJ,2024-01-18T23:20:20.803289522Z,01HMFD71SXN1WKYF55K19NRT0D,2024-01-18T23:20:20.803289522Z
01HMFE07J94RR2XG43SF61GS66,01HMFD71T5DSAFQWX4BE1MVEKN,2024-01-18T23:20:20.809384077Z,01HMFDW77GTW1HQQM6TYVWPTCQ,2024-01-18T23:20:20.809384077Z,01HMFD71SXN1WKYF55K19NRT0D,2024-01-18T23:20:20.809384077Z
01HMFE17SZ5ZMVJF06ETHFY0PJ,01HMFD73AHKVRGWCJT555465A6,2024-01-18T23:20:53.823827672Z,01HMFDV16ZS1EQJHKTR8KTRAPS,2024-01-18T23:20:53.823827672Z,01HMFD73A9PRM6GDXAVSW2JFCE,2024-01-18T23:20:53.823827672Z
01HMFE17T4W6XT8X5MFGK1D7J8,01HMFD73AHKVRGWCJT555465A6,2024-01-18T23:20:53.828686104Z,01HMFDVC9F1T1XV3PATPRAJEZK,2024-01-18T23:20:53.828686104Z,01HMFD73A9PRM6GDXAVSW2JFCE,2024-01-18T23:20:53.828686104Z
01HMFE17T9Y5HG6N109EV4B664,01HMFD73AHKVRGWCJT555465A6,2024-01-18T23:20:53.833695953Z,01HMFDVMVYJ6C1RMWBASYJ9JE0,2024-01-18T23:20:53.833695953Z,01HMFD73A9PRM6GDXAVSW2JFCE,2024-01-18T23:20:53.833695953Z
01HMFE17TEP53J2QJV239AVGKX,01HMFD73AHKVRGWCJT555465A6,2024-01-18T23:20:53.83851446Z,01HMFDVNFVQ48CZHZ15AW4KR5X,2024-01-18T23:20:53.83851446Z,01HMFD73A9PRM6GDXAVSW2JFCE,2024-01-18T23:20:53.83851446Z
01HMFE21JTGZKKR965S3FJS1SQ,01HMFD74HGSH5K3VR680F097TF,2024-01-18T23:21:20.218668746Z,01HMFDTWQ3JFZ121SRMS076E1C,2024-01-18T23:21:20.218668746Z,01HMFD74H40JDEDWD2A6PHQQ08,2024-01-18T23:21:20.218668746Z
01HMFE21JZK7SZ07CX92CR35R8,01HMFD74HGSH5K3VR680F097TF,2024-01-18T23:21:20.223460508Z,01HMFDV4X4QBKKVVE4YHB6QFK7,2024-01-18T23:21:20.223460508Z,01HMFD74H40JDEDWD2A6PHQQ08,2024-01-18T23:21:20.223460508Z
01HMFE21K53HCKBX9N4PF9DGZA,01HMFD74HGSH5K3VR680F097TF,2024-01-18T23:21:20.229369201Z,01HMFDWJ7ZCHEVAAK8F55Q7GSJ,2024-01-18T23:21:20.229369201Z,01HMFD74H40JDEDWD2A6PHQQ08,2024-01-18T23:21:20.229369201Z
01HMFE21KBMAVDFD6KFVJBT12E,01HMFD74HGSH5K3VR680F097TF,2024-01-18T23:21:20.235569113Z,01HMFDX4SRB1D82A9YK7VBAJ5Z,2024-01-18T23:21:20.235569113Z,01HMFD74H40JDEDWD2A6PHQQ08,2024-01-18T23:21:20.235569113Z
01HMFE48NQ9QWHTK4F6DV2QV35,01HMFDQPXBVXSBMV3SA29YT50D,2024-01-18T23:22:33.015056172Z,01HMFDV4YPRRVDWEAEMB182E44,2024-01-18T23:22:33.015056172Z,01HMFDQPX0VMWWEN88X3WFBKPV,2024-01-18T23:22:33.015056172Z
01HMFE48NXXJHV1E8D4VDG3DYK,01HMFDQPXBVXSBMV3SA29YT50D,2024-01-18T23:22:33.022033737Z,01HMFDVNXYXXNQGERQFMRF1HWC,2024-01-18T23:22:33.022033737Z,01HMFDQPX0VMWWEN88X3WFBKPV,2024-01-18T23:22:33.022033737Z
01HMFE48P5HNJT980SZY22DD2Z,01HMFDQPXBVXSBMV3SA29YT50D,2024-01-18T23:22:33.029829519Z,01HMFDVT63JW5B1TZFR8WCYV6M,2024-01-18T23:22:33.029829519Z,01HMFDQPX0VMWWEN88X3WFBKPV,2024-01-18T23:22:33.029829519Z
01HMFE48PC1PASXWBZ52D8610D,01HMFDQPXBVXSBMV3SA29YT50D,2024-01-18T23:22:33.03687907Z,01HMFDW168X5E183MJMRQK6S6C,2024-01-18T23:22:33.03687907Z,01HMFDQPX0VMWWEN88X3WFBKPV,2024-01-18T23:22:33.03687907Z
01HMFEAG3PDEEBCGG0Q0HE8T2E,01HMFDQSQC59HQF9Q7T91ZPWX5,2024-01-18T23:25:57.238569714Z,01HMFDVHAS5293CMHAXCKAC11W,2024-01-18T23:25:57.238569714Z,01HMFDQSQ4KQ9BQTYZTM6QDHSE,2024-01-18T23:25:57.238569714Z
01HMFEAG3W8G7TC4EM9P9XPPZ6,01HMFDQSQC59HQF9Q7T91ZPWX5,2024-01-18T23:25:57.244816175Z,01HMFDW7WCWGF3TN6VRTTAE9T1,2024-01-18T23:25:57.244816175Z,01HMFDQSQ4KQ9BQTYZTM6QDHSE,2024-01-18T23:25:57.244816175Z
01HMFEAG42FF709GWFGP3PHD3Y,01HMFDQSQC59HQF9Q7T91ZPWX5,2024-01-18T23:25:57.250264368Z,01HMFDWN5G9RK2VA3YCG52DN7F,2024-01-18T23:25:57.250264368Z,01HMFDQSQ4KQ9BQTYZTM6QDHSE,2024-01-18T23:25:57.250264368Z
01HMFEAG486BJ6XSSP767HX12G,01HMFDQSQC59HQF9Q7T91ZPWX5,2024-01-18T23:25:57.256285775Z,01HMFDX0AFKS1BSDCX62YK5G5D,2024-01-18T23:25:57.256285775Z,01HMFDQSQ4KQ9BQTYZTM6QDHSE,2024-01-18T23:25:57.256285775Z
01HMFEFT0BDRJMFY1SJQGA6BNM,01HMFD70P1NJWT1WK60P5YMXBX,2024-01-18T23:28:51.211329635Z,01HMFE0HR298612EFVNB330C6G,2024-01-18T23:28:51.211329635Z,01HMFD70NS6KGP6D3SVRA44DJ6,2024-01-18T23:28:51.211329635Z
01HMFEFT0KV8JJV9NZ0X4W012S,01HMFD70P1NJWT1WK60P5YMXBX,2024-01-18T23:28:51.219522845Z,01HMFE0QNE43NWNTDR7B4T9HTF,2024-01-18T23:28:51.219522845Z,01HMFD70NS6KGP6D3SVRA44DJ6,2024-01-18T23:28:51.219522845Z
01HMFEFT0VJJS3291EVR6SE55M,01HMFD70P1NJWT1WK60P5YMXBX,2024-01-18T23:28:51.227905846Z,01HMFE3YFEQEKS73RSWEAQBEHN,2024-01-18T23:28:51.227905846Z,01HMFD70NS6KGP6D3SVRA44DJ6,2024-01-18T23:28:51.227905846Z
01HMFEFT1675X8P8MMYBZ6V03K,01HMFD70P1NJWT1WK60P5YMXBX,2024-01-18T23:28:51.238255059Z,01HMFEDCK7X31FSN4D482T6562,2024-01-18T23:28:51.238255059Z,01HMFD70NS6KGP6D3SVRA44DJ6,2024-01-18T23:28:51.238255059Z
01HMFEJQTF843NV1ED550WKKES,01HMFD72NDC7J8P5J6Y5B47X5S,2024-01-18T23:30:27.279482291Z,01HMFE5J62245HR9TE6YM8RW93,2024-01-18T23:30:27.279482291Z,01HMFD72N0KSDT2MWAV2KSF27S,2024-01-18T23:30:27.279482291Z
01HMFEJQTSBH18MMFQQ0TN51W1,01HMFD72NDC7J8P5J6Y5B47X5S,2024-01-18T23:30:27.289514584Z,01HMFEDG8DJHPDDYK6D1RH3HRJ,2024-01-18T23:30:27.289514584Z,01HMFD72N0KSDT2MWAV2KSF27S,2024-01-18T23:30:27.289514584Z
01HMFEJQV2DAZJXGKSCCZBP07G,01HMFD72NDC7J8P5J6Y5B47X5S,2024-01-18T23:30:27.298586416Z,01HMFEE3VEDWE4FS5J47TQR8GB,2024-01-18T23:30:27.298586416Z,01HMFD72N0KSDT2MWAV2KSF27S,2024-01-18T23:30:27.298586416Z
01HMFEJQVDK2FWJGND03FY4KZM,01HMFD72NDC7J8P5J6Y5B47X5S,2024-01-18T23:30:27.309932464Z,01HMFEE8KEX5A79WN59YX71QCK,2024-01-18T23:30:27.309932464Z,01HMFD72N0KSDT2MWAV2KSF27S,2024-01-18T23:30:27.309932464Z
01HMFEN9P5R3H4RWBMYTK320JM,01HMFD73Z56CY2716AEC4SB2D5,2024-01-18T23:31:51.109057565Z,01HMFEDWHM6Q23NN7XB8B65GTS,2024-01-18T23:31:51.109057565Z,01HMFD73YXEFTXWKNZ1J93H4PP,2024-01-18T23:31:51.109057565Z
01HMFEN9PHX3DSY4T6B448Y70Q,01HMFD73Z56CY2716AEC4SB2D5,2024-01-18T23:31:51.12123859Z,01HMFEE3AYQN8MXPF0V6TK5T18,2024-01-18T23:31:51.12123859Z,01HMFD73YXEFTXWKNZ1J93H4PP,2024-01-18T23:31:51.12123859Z
01HMFEN9PV4ECYQS0G4J9BW7Z0,01HMFD73Z56CY2716AEC4SB2D5,2024-01-18T23:31:51.131302622Z,01HMFEEFHW3XM8Z64QVBTPV8P8,2024-01-18T23:31:51.131302622Z,01HMFD73YXEFTXWKNZ1J93H4PP,2024-01-18T23:31:51.131302622Z
01HMFEN9Q506N6JSVTE9QQ5KRE,01HMFD73Z56CY2716AEC4SB2D5,2024-01-18T23:31:51.141638586Z,01HMFEF3DRQ6YVMRCCXEGCTX23,2024-01-18T23:31:51.141638586Z,01HMFD73YXEFTXWKNZ1J93H4PP,2024-01-18T23:31:51.141638586Z
01HMFEP74MDS4WWNDQ0GZCBT8B,01HMFDQRTY0GEB4167ANBTNY6K,2024-01-18T23:32:21.268593242Z,01HMFEDYW1FF3N6F1YXBKT4BH2,2024-01-18T23:32:21.268593242Z,01HMFDQRTPPNXP0AM4X8RX23TT,2024-01-18T23:32:21.268593242Z
01HMFEP7565QH067012HM65QNR,01HMFDQRTY0GEB4167ANBTNY6K,2024-01-18T23:32:21.286488298Z,01HMFEE20HRFEJGSWSGEW1VFBE,2024-01-18T23:32:21.286488298Z,01HMFDQRTPPNXP0AM4X8RX23TT,2024-01-18T23:32:21.286488298Z
01HMFEP75J7ABN7QFHN51NPKAJ,01HMFDQRTY0GEB4167ANBTNY6K,2024-01-18T23:32:21.298112804Z,01HMFEEKH2D8SYSA11DG00QPDZ,2024-01-18T23:32:21.298112804Z,01HMFDQRTPPNXP0AM4X8RX23TT,2024-01-18T23:32:21.298112804Z
01HMFEP75WQ1HG0V1FE8PVVRRC,01HMFDQRTY0GEB4167ANBTNY6K,2024-01-18T23:32:21.308779079Z,01HMFEFP43AVVRBAE25YBTDK8X,2024-01-18T23:32:21.308779079Z,01HMFDQRTPPNXP0AM4X8RX23TT,2024-01-18T23:32:21.308779079Z
01HMFESJY7PR731J4NPGPWYTMC,01HMFDQTMZG27ZNCPS41G2YD6B,2024-01-18T23:34:11.655896384Z,01HMFEDBCS7HA4YYYBVHQTQK3K,2024-01-18T23:34:11.655896384Z,01HMFDQTMQ1TVM1KJT4GQS9GXK,2024-01-18T23:34:11.655896384Z
01HMFESJYP2EP9ABK2QF7PBE93,01HMFDQTMZG27ZNCPS41G2YD6B,2024-01-18T23:34:11.670086869Z,01HMFEDSARRA7M9NTFT4PGY8MD,2024-01-18T23:34:11.670086869Z,01HMFDQTMQ1TVM1KJT4GQS9GXK,2024-01-18T23:34:11.670086869Z
01HMFESJZ4WCNBHZQSJS933T0R,01HMFDQTMZG27ZNCPS41G2YD6B,2024-01-18T23:34:11.684257823Z,01HMFEDSGD5T59Y3AK9VJR3YJ5,2024-01-18T23:34:11.684257823Z,01HMFDQTMQ1TVM1KJT4GQS9GXK,2024-01-18T23:34:11.684257823Z
01HMFESJZGTBQ3TQHEHT9TW4HQ,01HMFDQTMZG27ZNCPS41G2YD6B,2024-01-18T23:34:11.696798255Z,01HMFEH6J753Z1ACSWRXQG4H6K,2024-01-18T23:34:11.696798255Z,01HMFDQTMQ1TVM1KJT4GQS9GXK,2024-01-18T23:34:11.696798255Z
01HMFET7PVZ3NHJM46WQVF4046,01HMFDQWM0TVBQ64MNRDXMFXTD,2024-01-18T23:34:32.923110093Z,01HMFEF5FGHDGFVPRYXJ7AP9NM,2024-01-18T23:34:32.923110093Z,01HMFDQWKQY4717X3C3YNF2X27,2024-01-18T23:34:32.923110093Z
01HMFET7Q9P77S0ANKRXTK0D7Z,01HMFDQWM0TVBQ64MNRDXMFXTD,2024-01-18T23:34:32.937135081Z,01HMFEGK0KF96HQNZDNHSHMGMF,2024-01-18T23:34:32.937135081Z,01HMFDQWKQY4717X3C3YNF2X27,2024-01-18T23:34:32.937135081Z
01HMFET7QM0NJVN6EZ8V4V4P32,01HMFDQWM0TVBQ64MNRDXMFXTD,2024-01-18T23:34:32.948916686Z,01HMFEK9XSTSZ3NQVC62XFSZDM,2024-01-18T23:34:32.948916686Z,01HMFDQWKQY4717X3C3YNF2X27,2024-01-18T23:34:32.948916686Z
01HMFET7R2R2CY0TGG9HZ6Z3BJ,01HMFDQWM0TVBQ64MNRDXMFXTD,2024-01-18T23:34:32.962078068Z,01HMFEPC7RX4KS1K7MM9KP6XKZ,2024-01-18T23:34:32.962078068Z,01HMFDQWKQY4717X3C3YNF2X27,2024-01-18T23:34:32.962078068Z
01HMFEVK17ZPRQ1F4RRX9PBAJC,01HMFDQYN7E395K4PX546HP71J,2024-01-18T23:35:17.287638988Z,01HMFEDQQAS0TP16T4R08GCSNZ,2024-01-18T23:35:17.287638988Z,01HMFDQYMZHQ0WPEVKND58J3HX,2024-01-18T23:35:17.287638988Z
01HMFEVK1SBV7HE5X0JASCYF0F,01HMFDQYN7E395K4PX546HP71J,2024-01-18T23:35:17.305986077Z,01HMFEEY9EYR2RRK2C22Q4ZRCZ,2024-01-18T23:35:17.305986077Z,01HMFDQYMZHQ0WPEVKND58J3HX,2024-01-18T23:35:17.305986077Z
01HMFEVK28J6HRFBJ092D52B14,01HMFDQYN7E395K4PX546HP71J,2024-01-18T23:35:17.320676175Z,01HMFENQAQ5T4Y0VZNFPR0ZHKR,2024-01-18T23:35:17.320676175Z,01HMFDQYMZHQ0WPEVKND58J3HX,2024-01-18T23:35:17.320676175Z
01HMFEVK2Q1XSXAVNGXEPG1ACP,01HMFDQYN7E395K4PX546HP71J,2024-01-18T23:35:17.33528711Z,01HMFEQBJW0XJV0E6V9KR0E2FP,2024-01-18T23:35:17.33528711Z,01HMFDQYMZHQ0WPEVKND58J3HX,2024-01-18T23:35:17.33528711Z
01HMFEWRETCRPM9ERW7DTZ5A1B,01HMFDVEF4Q71T6JQQR0VWT5BZ,2024-01-18T23:35:55.610836636Z,01HMFEPCC9H1EV1FD6P9K1DKQX,2024-01-18T23:35:55.610836636Z,01HMFDVEERMP43H77P5S06K23X,2024-01-18T23:35:55.610836636Z
01HMFEWRGK03NKKX0FHRKCRKYB,01HMFDVEF4Q71T6JQQR0VWT5BZ,2024-01-18T23:35:55.667426289Z,01HMFEQJ2A18VYC9VAJBGV2HG5,2024-01-18T23:35:55.667426289Z,01HMFDVEERMP43H77P5S06K23X,2024-01-18T23:35:55.667426289Z
01HMFEWRH59P461JB72PTT1CMB,01HMFDVEF4Q71T6JQQR0VWT5BZ,2024-01-18T23:35:55.686021679Z,01HMFEQR7YQJZTY12F3ZCH0X0G,2024-01-18T23:35:55.686021679Z,01HMFDVEERMP43H77P5S06K23X,2024-01-18T23:35:55.686021679Z
01HMFEWRHMZ90EQ8PF99HXBF06,01HMFDVEF4Q71T6JQQR0VWT5BZ,2024-01-18T23:35:55.700203814Z,01HMFERK050DT3ZW9PJA17J2FQ,2024-01-18T23:35:55.700203814Z,01HMFDVEERMP43H77P5S06K23X,2024-01-18T23:35:55.700203814Z
01HMFEXDWJMHEHKQBD57NHNNVH,01HMFDVJ3YBPRDTPQKQH84E7GZ,2024-01-18T23:36:17.554219315Z,01HMFEDRZEW34H432YMVG8R1PG,2024-01-18T23:36:17.554219315Z,01HMFDVJ3MJN1ZHWTX2ZGTBW4K,2024-01-18T23:36:17.554219315Z
01HMFEXDXC9582RJY9MVEP9H9Q,01HMFDVJ3YBPRDTPQKQH84E7GZ,2024-01-18T23:36:17.580795312Z,01HMFEG2WNPD670QVQ3W96B2CY,2024-01-18T23:36:17.580795312Z,01HMFDVJ3MJN1ZHWTX2ZGTBW4K,2024-01-18T23:36:17.580795312Z
01HMFEXDXVWHH1H99FSKEXRQ3M,01HMFDVJ3YBPRDTPQKQH84E7GZ,2024-01-18T23:36:17.595237242Z,01HMFEQ6AD5CT52KGE3CBRQBB9,2024-01-18T23:36:17.595237242Z,01HMFDVJ3MJN1ZHWTX2ZGTBW4K,2024-01-18T23:36:17.595237242Z
01HMFEXDY9C464Y40JV26Z5ASW,01HMFDVJ3YBPRDTPQKQH84E7GZ,2024-01-18T23:36:17.609844869Z,01HMFEQ7928C546PJE0NQ4FK26,2024-01-18T23:36:17.609844869Z,01HMFDVJ3MJN1ZHWTX2ZGTBW4K,2024-01-18T23:36:17.609844869Z
01HMFEY0489H8Q6P9F2SEHB8RC,01HMFDVMTCTMVT8WT2HBCKZRKD,2024-01-18T23:36:36.23272455Z,01HMFEFVQF2XS29MG02ZFS3WXW,2024-01-18T23:36:36.23272455Z,01HMFDVMT4C07DWNY1TDAGM3BD,2024-01-18T23:36:36.23272455Z
01HMFEY04YGNSVS73VG69GAPWC,01HMFDVMTCTMVT8WT2HBCKZRKD,2024-01-18T23:36:36.254495721Z,01HMFEM1VY9ZN0Q63JNHSRP4CC,2024-01-18T23:36:36.254495721Z,01HMFDVMT4C07DWNY1TDAGM3BD,2024-01-18T23:36:36.254495721Z
01HMFEY05E456TXMFPD2TXZGZW,01HMFDVMTCTMVT8WT2HBCKZRKD,2024-01-18T23:36:36.27091719Z,01HMFEMQ0F119WTY511R6NG34R,2024-01-18T23:36:36.27091719Z,01HMFDVMT4C07DWNY1TDAGM3BD,2024-01-18T23:36:36.27091719Z
01HMFEY060GF545D8FQ5HH152Q,01HMFDVMTCTMVT8WT2HBCKZRKD,2024-01-18T23:36:36.28887662Z,01HMFENKV5CDAV7X4QEKH1YCET,2024-01-18T23:36:36.28887662Z,01HMFDVMT4C07DWNY1TDAGM3BD,2024-01-18T23:36:36.28887662Z
01HMFF0YPAPVBFHXDYQ6YXG72X,01HMFEGHQ06YTN6Q0SRFEYTGN7,2024-01-18T23:38:13.066865712Z,01HMFEKQWNQ2BQ6YY66XFM0RJ3,2024-01-18T23:38:13.066865712Z,01HMFEGHPG22WHGMB8MQYB8N6S,2024-01-18T23:38:13.066865712Z
01HMFF0YQ01FT7J6AB0Y8QSZSN,01HMFEGHQ06YTN6Q0SRFEYTGN7,2024-01-18T23:38:13.088482845Z,01HMFENY9CRZ95R85QKMCAHMGJ,2024-01-18T23:38:13.088482845Z,01HMFEGHPG22WHGMB8MQYB8N6S,2024-01-18T23:38:13.088482845Z
01HMFF0YQQF3YFSZRC74SSXYT0,01HMFEGHQ06YTN6Q0SRFEYTGN7,2024-01-18T23:38:13.111305262Z,01HMFEP4XHNFKWZFA7DZM89YXB,2024-01-18T23:38:13.111305262Z,01HMFEGHPG22WHGMB8MQYB8N6S,2024-01-18T23:38:13.111305262Z
01HMFF0YRQMKMJ6B9MMVKNY4HC,01HMFEGHQ06YTN6Q0SRFEYTGN7,2024-01-18T23:38:13.143975259Z,01HMFER0MNRYSJ9Y7CAZP9N158,2024-01-18T23:38:13.143975259Z,01HMFEGHPG22WHGMB8MQYB8N6S,2024-01-18T23:38:13.143975259Z
01HMFF64C53K4QXA1VFGYPN400,01HMFEGNXQ3CG19HHW9DBEXNB3,2024-01-18T23:41:02.725506499Z,01HMFEN7QNHAN4M2DAXJ7ZTT2Q,2024-01-18T23:41:02.725506499Z,01HMFEGNWPZGAVHWC9P9MQP8PB,2024-01-18T23:41:02.725506499Z
01HMFF64D0VWBTVZ9K8FYVAQP0,01HMFEGNXQ3CG19HHW9DBEXNB3,2024-01-18T23:41:02.752163348Z,01HMFENHZRDVACPRVN8T4M0GHN,2024-01-18T23:41:02.752163348Z,01HMFEGNWPZGAVHWC9P9MQP8PB,2024-01-18T23:41:02.752163348Z
01HMFF64DSHZ8DME9RVE9H7ABQ,01HMFEGNXQ3CG19HHW9DBEXNB3,2024-01-18T23:41:02.777124702Z,01HMFEQJ0XVP4TDBY8WH5S3KHT,2024-01-18T23:41:02.777124702Z,01HMFEGNWPZGAVHWC9P9MQP8PB,2024-01-18T23:41:02.777124702Z
01HMFF64EJ2BE4M7NE2SPQTMQY,01HMFEGNXQ3CG19HHW9DBEXNB3,2024-01-18T23:41:02.802266189Z,01HMFERH4DX44Q9BC8ZGVYGV94,2024-01-18T23:41:02.802266189Z,01HMFEGNWPZGAVHWC9P9MQP8PB,2024-01-18T23:41:02.802266189Z
01HMFF6KN4DAD7FE6M231RREM4,01HMFDQVJPRJ1ZFCCECM4EZVBQ,2024-01-18T23:41:18.37231558Z,01HMFDVVD4ZA2R5AYC8GV643XZ,2024-01-18T23:41:18.37231558Z,01HMFDQVJEZQ6VYHYQJ8JT0H8Q,2024-01-18T23:41:18.37231558Z
01HMFF6KNXQ4YYTV6JN22RPF1T,01HMFDQVJPRJ1ZFCCECM4EZVBQ,2024-01-18T23:41:18.397222504Z,01HMFEZX2C6JA1Y1ZWHF3944HV,2024-01-18T23:41:18.397222504Z,01HMFDQVJEZQ6VYHYQJ8JT0H8Q,2024-01-18T23:41:18.397222504Z
01HMFF6KQS4QJRCPWRXAYZQGRJ,01HMFDQVJPRJ1ZFCCECM4EZVBQ,2024-01-18T23:41:18.457888365Z,01HMFF03P5RQ80MY3RAPBMJER5,2024-01-18T23:41:18.457888365Z,01HMFDQVJEZQ6VYHYQJ8JT0H8Q,2024-01-18T23:41:18.457888365Z
01HMFF6KS2KDTRZEVVSEC87243,01HMFDQVJPRJ1ZFCCECM4EZVBQ,2024-01-18T23:41:18.498356636Z,01HMFF36RTMDGJSG3P6NP961Y6,2024-01-18T23:41:18.498356636Z,01HMFDQVJEZQ6VYHYQJ8JT0H8Q,2024-01-18T23:41:18.498356636Z
01HMFF8A7N6MX295K0SD6MDR2W,01HMFDQXHQQMG4KPR7BY2Z3MCQ,2024-01-18T23:42:14.261756533Z,01HMFF1C3ENTHBEHK3A52NMR0Q,2024-01-18T23:42:14.261756533Z,01HMFDQXHE6A8AKDY8CT10AE23,2024-01-18T23:42:14.261756533Z
01HMFF8A8J1Y1CGH9TTY6BJC41,01HMFDQXHQQMG4KPR7BY2Z3MCQ,2024-01-18T23:42:14.290766022Z,01HMFF1HN7PJFVM47MK4F7M1AR,2024-01-18T23:42:14.290766022Z,01HMFDQXHE6A8AKDY8CT10AE23,2024-01-18T23:42:14.290766022Z
01HMFF8A9DNV16NZC49FYAMWP8,01HMFDQXHQQMG4KPR7BY2Z3MCQ,2024-01-18T23:42:14.317860882Z,01HMFF2GCJGG2E7FFD3PMTWHC1,2024-01-18T23:42:14.317860882Z,01HMFDQXHE6A8AKDY8CT10AE23,2024-01-18T23:42:14.317860882Z
01HMFF8AAAD8RX58EX45HWTMWX,01HMFDQXHQQMG4KPR7BY2Z3MCQ,2024-01-18T23:42:14.346333331Z,01HMFF3H9MZVKF4VNNXSN0ACD2,2024-01-18T23:42:14.346333331Z,01HMFDQXHE6A8AKDY8CT10AE23,2024-01-18T23:42:14.346333331Z
01HMFFASQSDJHV3EHGRVZVPJGH,01HMFDVB6K29NM3GK577WTP4QV,2024-01-18T23:43:35.673730328Z,01HMFEWR2HC1YY4Z4MVNJ2K0R0,2024-01-18T23:43:35.673730328Z,01HMFDVB6AF1NT5VQDVQ3TX3ZP,2024-01-18T23:43:35.673730328Z
01HMFFASS4M1SBM0XTKCV65DTN,01HMFDVB6K29NM3GK577WTP4QV,2024-01-18T23:43:35.716289241Z,01HMFF01AB3502BM6AVE6H0BJY,2024-01-18T23:43:35.716289241Z,01HMFDVB6AF1NT5VQDVQ3TX3ZP,2024-01-18T23:43:35.716289241Z
01HMFFASTS6WS0X4487A2Q84FZ,01HMFDVB6K29NM3GK577WTP4QV,2024-01-18T23:43:35.769880395Z,01HMFF0VBMRKHME75BREYWRHZD,2024-01-18T23:43:35.769880395Z,01HMFDVB6AF1NT5VQDVQ3TX3ZP,2024-01-18T23:43:35.769880395Z
01HMFFASWJJS3H5AVT147EJ141,01HMFDVB6K29NM3GK577WTP4QV,2024-01-18T23:43:35.826154821Z,01HMFF6EC4RE3109PZBAQJNZBP,2024-01-18T23:43:35.826154821Z,01HMFDVB6AF1NT5VQDVQ3TX3ZP,2024-01-18T23:43:35.826154821Z
01HMFFCYKN375TQHQ845EJ8MPA,01HMFDVG53RPM4CH2M9H4X2AMD,2024-01-18T23:44:46.197172672Z,01HMFF67WMVYRPAC04DYRFX7EZ,2024-01-18T23:44:46.197172672Z,01HMFDVG4NAP6JDB33VX9AEX8C,2024-01-18T23:44:46.197172672Z
01HMFFCYMW2G69YFK9JGPEA174,01HMFDVG53RPM4CH2M9H4X2AMD,2024-01-18T23:44:46.23701953Z,01HMFF6ESJ3CKESW4VW0H4ANAD,2024-01-18T23:44:46.23701953Z,01HMFDVG4NAP6JDB33VX9AEX8C,2024-01-18T23:44:46.23701953Z
01HMFFCYNZTEYXQ0PJPAB3ME1J,01HMFDVG53RPM4CH2M9H4X2AMD,2024-01-18T23:44:46.271061427Z,01HMFF6VBDMW8F30HYQZAQJZ9P,2024-01-18T23:44:46.271061427Z,01HMFDVG4NAP6JDB33VX9AEX8C,2024-01-18T23:44:46.271061427Z
01HMFFCYQ1MSHCJCM6KAB8QX72,01HMFDVG53RPM4CH2M9H4X2AMD,2024-01-18T23:44:46.305186021Z,01HMFF8FXV33WTG8JNK5253JJM,2024-01-18T23:44:46.305186021Z,01HMFDVG4NAP6JDB33VX9AEX8C,2024-01-18T23:44:46.305186021Z
01HMFFGX9F1JMSZ3QVCW3D80E9,01HMFEGKDKB1CCAZ90D742BW2M,2024-01-18T23:46:55.919540566Z,01HMFF6CWFADAY865WC24S8F9E,2024-01-18T23:46:55.919540566Z,01HMFEGKCZTM3TVP165TB33RX6,2024-01-18T23:46:55.919540566Z
01HMFFGXAJCNZA8J2RZKBW7W23,01HMFEGKDKB1CCAZ90D742BW2M,2024-01-18T23:46:55.954619396Z,01HMFF779RTP6TH4090G7CWQ0Q,2024-01-18T23:46:55.954619396Z,01HMFEGKCZTM3TVP165TB33RX6,2024-01-18T23:46:55.954619396Z
01HMFFGXBP60J5WFVHD6BT9E2Z,01HMFEGKDKB1CCAZ90D742BW2M,2024-01-18T23:46:55.990286283Z,01HMFFB1MV4VRSW1850Y9VYDMF,2024-01-18T23:46:55.990286283Z,01HMFEGKCZTM3TVP165TB33RX6,2024-01-18T23:46:55.990286283Z
01HMFFGXCRM6EBACS90S5765SS,01HMFEGKDKB1CCAZ90D742BW2M,2024-01-18T23:46:56.024636637Z,01HMFFCA7DKWZRBDZDAJNXTA6K,2024-01-18T23:46:56.024636637Z,01HMFEGKCZTM3TVP165TB33RX6,2024-01-18T23:46:56.024636637Z
01HMFFKMCFGC0J3EGT7YXQZ00K,01HMFEGQ4B11E0W52B6KADBBRD,2024-01-18T23:48:25.104016867Z,01HMFFBV3QH2YR5DN3VXBYDHQH,2024-01-18T23:48:25.104016867Z,01HMFEGQ3PSTJ2CSPAA0QP7YH5,2024-01-18T23:48:25.104016867Z
01HMFFKMDYM64XDZ8G09MPC5WJ,01HMFEGQ4B11E0W52B6KADBBRD,2024-01-18T23:48:25.150770831Z,01HMFFC1NV739RAA8C662EEAHY,2024-01-18T23:48:25.150770831Z,01HMFEGQ3PSTJ2CSPAA0QP7YH5,2024-01-18T23:48:25.150770831Z
01HMFFKMGCCD2GQ3CG4XNZF41K,01HMFEGQ4B11E0W52B6KADBBRD,2024-01-18T23:48:25.228538471Z,01HMFFCN6TNKAYEZWT5XR24M55,2024-01-18T23:48:25.228538471Z,01HMFEGQ3PSTJ2CSPAA0QP7YH5,2024-01-18T23:48:25.228538471Z
01HMFFKMJXSAHXG3C8STZ572P2,01HMFEGQ4B11E0W52B6KADBBRD,2024-01-18T23:48:25.30957221Z,01HMFFCR5SPME4KVXK2QQPN0JB,2024-01-18T23:48:25.30957221Z,01HMFEGQ3PSTJ2CSPAA0QP7YH5,2024-01-18T23:48:25.30957221Z
01HMFFNA2V9PTYQZ6CZVYVBKMK,01HMFEGSGDGQ1DKXVSAFAEQHCZ,2024-01-18T23:49:20.091746703Z,01HMFFBJGJNYA1R268Z0T6SB5F,2024-01-18T23:49:20.091746703Z,01HMFEGSFSCVHRAJ92EZCKGY7H,2024-01-18T23:49:20.091746703Z
01HMFFNA47SBC82VGFHKVNAGFD,01HMFEGSGDGQ1DKXVSAFAEQHCZ,2024-01-18T23:49:20.13511159Z,01HMFFBY2BMQMD16PEQPSD8Z1W,2024-01-18T23:49:20.13511159Z,01HMFEGSFSCVHRAJ92EZCKGY7H,2024-01-18T23:49:20.13511159Z
01HMFFNA5D7ZE3JD187NNZE7AR,01HMFEGSGDGQ1DKXVSAFAEQHCZ,2024-01-18T23:49:20.173271578Z,01HMFFEG2JW4FHYZCZ1SHKEBZB,2024-01-18T23:49:20.173271578Z,01HMFEGSFSCVHRAJ92EZCKGY7H,2024-01-18T23:49:20.173271578Z
01HMFFNA6NVXW9BC1405AJWERQ,01HMFEGSGDGQ1DKXVSAFAEQHCZ,2024-01-18T23:49:20.213383404Z,01HMFFEY1VSES1H3BN069YNX7X,2024-01-18T23:49:20.213383404Z,01HMFEGSFSCVHRAJ92EZCKGY7H,2024-01-18T23:49:20.213383404Z
01HMFFQA9XZ97JJ4428138TJ2X,01HMFF3992BF071PGD9XC3GFE8,2024-01-18T23:50:25.853684624Z,01HMFF6AWA2SQ0D1TEYTJZD68N,2024-01-18T23:50:25.853684624Z,01HMFF396C4QBTA09X2KFAKEBC,2024-01-18T23:50:25.853684624Z
01HMFFQAE2FP573E5T2RCMCS6C,01HMFF3992BF071PGD9XC3GFE8,2024-01-18T23:50:25.9866647Z,01HMFFJ3RTCSF5Z7P15HPBNE7D,2024-01-18T23:50:25.9866647Z,01HMFF396C4QBTA09X2KFAKEBC,2024-01-18T23:50:25.9866647Z
01HMFFQAH9FHPY8YKP7CZG48PW,01HMFF3992BF071PGD9XC3GFE8,2024-01-18T23:50:26.089757934Z,01HMFFJJBMQ2Y1B34W21SZJWMF,2024-01-18T23:50:26.089757934Z,01HMFF396C4QBTA09X2KFAKEBC,2024-01-18T23:50:26.089757934Z
01HMFFQAMDQJYCD7ACWKJVY2SW,01HMFF3992BF071PGD9XC3GFE8,2024-01-18T23:50:26.189170538Z,01HMFFJQC3PVHYQM96PGM4MQ55,2024-01-18T23:50:26.189170538Z,01HMFF396C4QBTA09X2KFAKEBC,2024-01-18T23:50:26.189170538Z
01HMFFVZ69D68G5VG0ZPVG3HZ0,01HMFEGR4H0F31QP01YV2DZ9BQ,2024-01-18T23:52:58.313644206Z,01HMFFKNWGC58RFBMPJNP4WDDD,2024-01-18T23:52:58.313644206Z,01HMFEGR41JYE76SBS8F6X937S,2024-01-18T23:52:58.313644206Z
01HMFFVZ7P31T40WQVW3N1H9RZ,01HMFEGR4H0F31QP01YV2DZ9BQ,2024-01-18T23:52:58.358976265Z,01HMFFPT5GT0DEZEAT7RKB8RJG,2024-01-18T23:52:58.358976265Z,01HMFEGR41JYE76SBS8F6X937S,2024-01-18T23:52:58.358976265Z
01HMFFVZB6G72WAKVEG60WSP3R,01HMFEGR4H0F31QP01YV2DZ9BQ,2024-01-18T23:52:58.470299397Z,01HMFFQ9WBKNJJ9R1HMR9J0S8Z,2024-01-18T23:52:58.470299397Z,01HMFEGR41JYE76SBS8F6X937S,2024-01-18T23:52:58.470299397Z
01HMFFVZDHWF2XP2HBHC9JMG4H,01HMFEGR4H0F31QP01YV2DZ9BQ,2024-01-18T23:52:58.545905263Z,01HMFFQJ3VRNW85ZYMHHZNKM6T,2024-01-18T23:52:58.545905263Z,01HMFEGR41JYE76SBS8F6X937S,2024-01-18T23:52:58.545905263Z
01HMFFWA2GF61MRN3M6PF8GVK2,01HMFFFAJ6TM4CN5MEQNPJ272X,2024-01-18T23:53:09.456571678Z,01HMFF01CT7XJ15H7GDAHXV0FP,2024-01-18T23:53:09.456571678Z,01HMFFFAF00AJ8CCZFZY1Q6TSS,2024-01-18T23:53:09.456571678Z
01HMFFWA4ZHRDXB549G4N9A5Z9,01HMFFFAJ6TM4CN5MEQNPJ272X,2024-01-18T23:53:09.535287673Z,01HMFF813CYQETJFQM2QVZ41T0,2024-01-18T23:53:09.535287673Z,01HMFFFAF00AJ8CCZFZY1Q6TSS,2024-01-18T23:53:09.535287673Z
01HMFFWA7CY2XS63K7EQDV4GBE,01HMFFFAJ6TM4CN5MEQNPJ272X,2024-01-18T23:53:09.612352645Z,01HMFFBGZ8QMTRBF9NG78BNPM0,2024-01-18T23:53:09.612352645Z,01HMFFFAF00AJ8CCZFZY1Q6TSS,2024-01-18T23:53:09.612352645Z
01HMFFWA9TE6MKKREGAGFWK4XC,01HMFFFAJ6TM4CN5MEQNPJ272X,2024-01-18T23:53:09.691018176Z,01HMFFJM4KXKVDBPBC9BJG66CH,2024-01-18T23:53:09.691018176Z,01HMFFFAF00AJ8CCZFZY1Q6TSS,2024-01-18T23:53:09.691018176Z
01HMFFYEF5FXSZ76W6N56TP9YA,01HMFF399PGSMGFDW1SA3FQP91,2024-01-18T23:54:19.493697349Z,01HMFFPYRE66M7X6S41AH3BMHG,2024-01-18T23:54:19.493697349Z,01HMFF396C4QBTA09X2KFAKEBC,2024-01-18T23:54:19.493697349Z
01HMFFYEGK8TMAD7XG3NK4Y1QN,01HMFF399PGSMGFDW1SA3FQP91,2024-01-18T23:54:19.539449366Z,01HMFFQ8APYFEQA0TSDRSTPR4S,2024-01-18T23:54:19.539449366Z,01HMFF396C4QBTA09X2KFAKEBC,2024-01-18T23:54:19.539449366Z
01HMFFYEJ4GG3HKDJ4V7J1AEZR,01HMFF399PGSMGFDW1SA3FQP91,2024-01-18T23:54:19.58861711Z,01HMFFRWW8B0P0XEA9KTFT2JTX,2024-01-18T23:54:19.58861711Z,01HMFF396C4QBTA09X2KFAKEBC,2024-01-18T23:54:19.58861711Z
01HMFFYEKQS6QDH1GVZARNPYZS,01HMFF399PGSMGFDW1SA3FQP91,2024-01-18T23:54:19.639533763Z,01HMFFS2GM2QF10GRTGA3MGGBX,2024-01-18T23:54:19.639533763Z,01HMFF396C4QBTA09X2KFAKEBC,2024-01-18T23:54:19.639533763Z
01HMFG02P26DKKM397V51V4FC5,01HMFFFAK1P531JP6DJ0TMC7HB,2024-01-18T23:55:12.962449292Z,01HMFFQP37GTYQE7Q3643F74ZP,2024-01-18T23:55:12.962449292Z,01HMFFFAF00AJ8CCZFZY1Q6TSS,2024-01-18T23:55:12.962449292Z
01HMFG02TX8E9JTB6A6R8M56WP,01HMFFFAK1P531JP6DJ0TMC7HB,2024-01-18T23:55:13.117837691Z,01HMFFR5QJ6338S2DK6D3WY3NE,2024-01-18T23:55:13.117837691Z,01HMFFFAF00AJ8CCZFZY1Q6TSS,2024-01-18T23:55:13.117837691Z
01HMFG02Z7Y9F086HSD1X6S0H5,01HMFFFAK1P531JP6DJ0TMC7HB,2024-01-18T23:55:13.255182451Z,01HMFFR85AJ8A2RKEXC8VD427P,2024-01-18T23:55:13.255182451Z,01HMFFFAF00AJ8CCZFZY1Q6TSS,2024-01-18T23:55:13.255182451Z
01HMFG0311NVSWR17GH73NHEMT,01HMFFFAK1P531JP6DJ0TMC7HB,2024-01-18T23:55:13.313614582Z,01HMFFS7HY029QPVTDV54FEGYY,2024-01-18T23:55:13.313614582Z,01HMFFFAF00AJ8CCZFZY1Q6TSS,2024-01-18T23:55:13.313614582Z
01HMFG11SBHE22GC8E2E264NQ6,01HMFFFM4SBYJS2ACTKHWNG97J,2024-01-18T23:55:44.811696915Z,01HMFFRQ7C8YQQE4YG79YXRQVR,2024-01-18T23:55:44.811696915Z,01HMFFFM1W1R12E5J6NX5TX3AF,2024-01-18T23:55:44.811696915Z
01HMFG11V9X6NW31D45SFG9M81,01HMFFFM4SBYJS2ACTKHWNG97J,2024-01-18T23:55:44.873355555Z,01HMFFT9SX9HGKF3V9Z2YVFPR3,2024-01-18T23:55:44.873355555Z,01HMFFFM1W1R12E5J6NX5TX3AF,2024-01-18T23:55:44.873355555Z
01HMFG11X3DYXZ112BJCZ6ET4M,01HMFFFM4SBYJS2ACTKHWNG97J,2024-01-18T23:55:44.931564063Z,01HMFFWPMTE3Z7CC0BH9PZGSN8,2024-01-18T23:55:44.931564063Z,01HMFFFM1W1R12E5J6NX5TX3AF,2024-01-18T23:55:44.931564063Z
01HMFG1218GXSAE1VJZRHCN583,01HMFFFM4SBYJS2ACTKHWNG97J,2024-01-18T23:55:45.064268106Z,01HMFFWVDKQN772VQD21TGPZTY,2024-01-18T23:55:45.064268106Z,01HMFFFM1W1R12E5J6NX5TX3AF,2024-01-18T23:55:45.064268106Z
01HMFG2X79XW54948G943FX4N6,01HMFFNKT050FH42EXNM8070MN,2024-01-18T23:56:45.673268114Z,01HMFFM8Q2FHVD6HPTFW11KAW0,2024-01-18T23:56:45.673268114Z,01HMFFNKNMEG7MJ16J3E5ZVWRV,2024-01-18T23:56:45.673268114Z
01HMFG2XA6GE8CPSKBBW87ZY3F,01HMFFNKT050FH42EXNM8070MN,2024-01-18T23:56:45.766500489Z,01HMFFV6AW1Q6TTV7SJDA2EAY1,2024-01-18T23:56:45.766500489Z,01HMFFNKNMEG7MJ16J3E5ZVWRV,2024-01-18T23:56:45.766500489Z
01HMFG2XEBEVMQ3PFQFTNX5YWV,01HMFFNKT050FH42EXNM8070MN,2024-01-18T23:56:45.899087324Z,01HMFFWGY0JDZE2S7KCD38X3BT,2024-01-18T23:56:45.899087324Z,01HMFFNKNMEG7MJ16J3E5ZVWRV,2024-01-18T23:56:45.899087324Z
01HMFG2XKXGH9AKEX1H0QKA9BB,01HMFFNKT050FH42EXNM8070MN,2024-01-18T23:56:46.07743848Z,01HMFFXBT1D8HMC1AY0MMJ9DNN,2024-01-18T23:56:46.07743848Z,01HMFFNKNMEG7MJ16J3E5ZVWRV,2024-01-18T23:56:46.07743848Z
01HMFG4PY43NG4999AS6NNJBMX,01HMFFFM5NPJNHSP4V5N3NYTS8,2024-01-18T23:57:44.772052071Z,01HMFF6E3QT02FWH0JJC63KTX5,2024-01-18T23:57:44.772052071Z,01HMFFFM1W1R12E5J6NX5TX3AF,2024-01-18T23:57:44.772052071Z
01HMFG4Q2J3EB5SWCQMVP9MEKC,01HMFFFM5NPJNHSP4V5N3NYTS8,2024-01-18T23:57:44.914575108Z,01HMFFFZFPAH6F6RVPRP2B21KE,2024-01-18T23:57:44.914575108Z,01HMFFFM1W1R12E5J6NX5TX3AF,2024-01-18T23:57:44.914575108Z
01HMFG4Q6WN46KVA4XWAPN63N2,01HMFFFM5NPJNHSP4V5N3NYTS8,2024-01-18T23:57:45.052190298Z,01HMFFJBQEJSQVVT3Q3KZDACQ7,2024-01-18T23:57:45.052190298Z,01HMFFFM1W1R12E5J6NX5TX3AF,2024-01-18T23:57:45.052190298Z
01HMFG4QBD3H3PJJHKVF9S2WT3,01HMFFFM5NPJNHSP4V5N3NYTS8,2024-01-18T23:57:45.19721285Z,01HMFG1AP0KR249K056FKMKCWS,2024-01-18T23:57:45.19721285Z,01HMFFFM1W1R12E5J6NX5TX3AF,2024-01-18T23:57:45.19721285Z
01HMFG528H91F8SC7NY9KK0AXS,01HMFFRHTVPZJWXBQ53Q43X980,2024-01-18T23:57:56.369629947Z,01HMFFTD8026XV0JEHF22511F6,2024-01-18T23:57:56.369629947Z,01HMFFRHQDG2ZKQ2744VS7VNRD,2024-01-18T23:57:56.369629947Z
01HMFG52B7GY237Y4WZC0DS56A,01HMFFRHTVPZJWXBQ53Q43X980,2024-01-18T23:57:56.455280927Z,01HMFFVE8KPFVC6W7KVDPNM659,2024-01-18T23:57:56.455280927Z,01HMFFRHQDG2ZKQ2744VS7VNRD,2024-01-18T23:57:56.455280927Z
01HMFG52D4HR322DEFN9DN0ME6,01HMFFRHTVPZJWXBQ53Q43X980,2024-01-18T23:57:56.516835596Z,01HMFFW790B1EPRAH382K7ME37,2024-01-18T23:57:56.516835596Z,01HMFFRHQDG2ZKQ2744VS7VNRD,2024-01-18T23:57:56.516835596Z
01HMFG52EZS6R1P5597PXJMMHJ,01HMFFRHTVPZJWXBQ53Q43X980,2024-01-18T23:57:56.575621974Z,01HMFFZP3DQM08ENVNB0X4H64K,2024-01-18T23:57:56.575621974Z,01HMFFRHQDG2ZKQ2744VS7VNRD,2024-01-18T23:57:56.575621974Z
01HMFGE7E7SBAS9H07PQGHS11R,01HMFFNKRY9FM2YPC0QJJVSYMP,2024-01-19T00:02:56.584048057Z,01HMFFD8M96PRBD4BSQ9EPCR0G,2024-01-19T00:02:56.584048057Z,01HMFFNKNMEG7MJ16J3E5ZVWRV,2024-01-19T00:02:56.584048057Z
01HMFGE7G8G51PC9DKT3C92FJ1,01HMFFNKRY9FM2YPC0QJJVSYMP,2024-01-19T00:02:56.648443381Z,01HMFG0AM3N6BG3R5GT63X2XEF,2024-01-19T00:02:56.648443381Z,01HMFFNKNMEG7MJ16J3E5ZVWRV,2024-01-19T00:02:56.648443381Z
01HMFGE7J9TA80KEWKCP4YQ9YM,01HMFFNKRY9FM2YPC0QJJVSYMP,2024-01-19T00:02:56.713136016Z,01HMFG3CT8JXSJAE5VYGQXF5Y0,2024-01-19T00:02:56.713136016Z,01HMFFNKNMEG7MJ16J3E5ZVWRV,2024-01-19T00:02:56.713136016Z
01HMFGE7MHAX3AZ669SM2XNEVH,01HMFFNKRY9FM2YPC0QJJVSYMP,2024-01-19T00:02:56.785768738Z,01HMFG3W2MR3CDA5T7E8TKMYAM,2024-01-19T00:02:56.785768738Z,01HMFFNKNMEG7MJ16J3E5ZVWRV,2024-01-19T00:02:56.785768738Z
01HMFGGY7X0Z2F4QQB6V3HNATQ,01HMFFRHVW8RHK1191FW7XNBYK,2024-01-19T00:04:25.469697651Z,01HMFG1BJTVZ0YB2FC4T7JK206,2024-01-19T00:04:25.469697651Z,01HMFFRHQDG2ZKQ2744VS7VNRD,2024-01-19T00:04:25.469697651Z
01HMFGGYAGXQ2GKT4YT06ZCQY6,01HMFFRHVW8RHK1191FW7XNBYK,2024-01-19T00:04:25.552194578Z,01HMFG6ZNWY411YCP0WK0K4DVY,2024-01-19T00:04:25.552194578Z,01HMFFRHQDG2ZKQ2744VS7VNRD,2024-01-19T00:04:25.552194578Z
01HMFGGYCNS16MDQ2JEPVQ8F2N,01HMFFRHVW8RHK1191FW7XNBYK,2024-01-19T00:04:25.621671381Z,01HMFG7WR7FR6EQ45BQ5PP7YM3,2024-01-19T00:04:25.621671381Z,01HMFFRHQDG2ZKQ2744VS7VNRD,2024-01-19T00:04:25.621671381Z
01HMFGGYES830RH256NMFXR59Y,01HMFFRHVW8RHK1191FW7XNBYK,2024-01-19T00:04:25.689040921Z,01HMFGB82QZYXTBJYFR79QXJJ9,2024-01-19T00:04:25.689040921Z,01HMFFRHQDG2ZKQ2744VS7VNRD,2024-01-19T00:04:25.689040921Z
