id,batchID,batchIDLastChangedAt,gameID,gameIDLastChangedAt,playerID,playerIDLastChangedAt,roundID,roundIDLastChangedAt
01JHY6P1RJ8VZPD9DSYQW8A6XP,01JHY66NKY3GPTRBBX24W67B20,2025-01-19T02:36:16.531044921Z,01JHY66NMCS01TSJZED3JQA9TH,2025-01-19T02:36:16.531044921Z,01JHY6F2YP5QGR0DPHPRZTE707,2025-01-19T02:36:16.531044921Z,01JHY6P1GQCSK9ARFBNC32PACF,2025-01-19T02:36:16.531044921Z
01JHY6WXWC69GWNJFMH57WFDKF,01JHY66NKY3GPTRBBX24W67B20,2025-01-19T02:40:01.932247905Z,01JHY66NMCS01TSJZED3JQA9TH,2025-01-19T02:40:01.932247905Z,01JHY6D1T3PD34YSFVNBWJK80N,2025-01-19T02:40:01.932247905Z,01JHY6P1GSAQMTFCDZJ19S6GJB,2025-01-19T02:40:01.932247905Z
01JHY6WXWC69GWNJFMH9887RQM,01JHY66NKY3GPTRBBX24W67B20,2025-01-19T02:40:01.932450013Z,01JHY66NMCS01TSJZED3JQA9TH,2025-01-19T02:40:01.932450013Z,01JHY6EQT9HX0HYBD96E3QZZD9,2025-01-19T02:40:01.932450013Z,01JHY6P1GSAQMTFCDZJ19S6GJB,2025-01-19T02:40:01.932450013Z
01JHY6P1RK0A3BWVDJAEVP398P,01JHY66NKY3GPTRBBX24W67B20,2025-01-19T02:36:16.531337555Z,01JHY66NMCS01TSJZED3JQA9TH,2025-01-19T02:36:16.531337555Z,01JHY6EQT9HX0HYBD96E3QZZD9,2025-01-19T02:36:16.531337555Z,01JHY6P1GQCSK9ARFBNC32PACF,2025-01-19T02:36:16.531337555Z
01JHY6RSSK5QW679BTZS0JQDCZ,01JHY66NKY3GPTRBBX24W67B20,2025-01-19T02:37:46.675518965Z,01JHY66NMCS01TSJZED3JQA9TH,2025-01-19T02:37:46.675518965Z,01JHY6D1T3PD34YSFVNBWJK80N,2025-01-19T02:37:46.675518965Z,01JHY6P1GRZHDSWHJA93D11DQT,2025-01-19T02:37:46.675518965Z
01JHY6SMAPQQHBTS4XMJPP0265,01JHY66NKY3GPTRBBX24W67B20,2025-01-19T02:38:13.846253405Z,01JHY66NMCS01TSJZED3JQA9TH,2025-01-19T02:38:13.846253405Z,01JHY6CF05K1TV1491N4WEZJP5,2025-01-19T02:38:13.846253405Z,01JHY6P1GRZHDSWHJA9JZT3KV0,2025-01-19T02:38:13.846253405Z
01JHY6SMAPQQHBTS4XN4J5MG28,01JHY66NKY3GPTRBBX24W67B20,2025-01-19T02:38:13.846673388Z,01JHY66NMCS01TSJZED3JQA9TH,2025-01-19T02:38:13.846673388Z,01JHY6D1T3PD34YSFVNBWJK80N,2025-01-19T02:38:13.846673388Z,01JHY6P1GRZHDSWHJA9JZT3KV0,2025-01-19T02:38:13.846673388Z
01JHY6VCB9NC04MWH7TE0DGZEM,01JHY66NKY3GPTRBBX24W67B20,2025-01-19T02:39:11.209631201Z,01JHY66NMCS01TSJZED3JQA9TH,2025-01-19T02:39:11.209631201Z,01JHY6EQT9HX0HYBD96E3QZZD9,2025-01-19T02:39:11.209631201Z,01JHY6P1GSAQMTFCDZJJEMS2ZQ,2025-01-19T02:39:11.209631201Z
01JHY6QWEC5WG3SS97RK673QRS,01JHY66NKY3GPTRBBX24W67B20,2025-01-19T02:37:16.620370177Z,01JHY66NMCS01TSJZED3JQA9TH,2025-01-19T02:37:16.620370177Z,01JHY6D1T3PD34YSFVNBWJK80N,2025-01-19T02:37:16.620370177Z,01JHY6P1GQCSK9ARFBP0TMVQ49,2025-01-19T02:37:16.620370177Z
01JHY6W5AR7DVN0WCFJ34TX741,01JHY66NKY3GPTRBBX24W67B20,2025-01-19T02:39:36.792125594Z,01JHY66NMCS01TSJZED3JQA9TH,2025-01-19T02:39:36.792125594Z,01JHY6EQT9HX0HYBD96E3QZZD9,2025-01-19T02:39:36.792125594Z,01JHY6P1GSAQMTFCDZHD84AS3Q,2025-01-19T02:39:36.792125594Z
01JHY6WXWC69GWNJFMHN0TYA3E,01JHY66NKY3GPTRBBX24W67B20,2025-01-19T02:40:01.932619677Z,01JHY66NMCS01TSJZED3JQA9TH,2025-01-19T02:40:01.932619677Z,01JHY6CF05K1TV1491N4WEZJP5,2025-01-19T02:40:01.932619677Z,01JHY6P1GSAQMTFCDZJ19S6GJB,2025-01-19T02:40:01.932619677Z
01JHY6P1RM22K7H1C7D08BSSF6,01JHY66NKY3GPTRBBX24W67B20,2025-01-19T02:36:16.532817861Z,01JHY66NMCS01TSJZED3JQA9TH,2025-01-19T02:36:16.532817861Z,01JHY6D1T3PD34YSFVNBWJK80N,2025-01-19T02:36:16.532817861Z,01JHY6P1GQCSK9ARFBNC32PACF,2025-01-19T02:36:16.532817861Z
01JHY6QWEC5WG3SS97RC89EQHG,01JHY66NKY3GPTRBBX24W67B20,2025-01-19T02:37:16.620188678Z,01JHY66NMCS01TSJZED3JQA9TH,2025-01-19T02:37:16.620188678Z,01JHY6EQT9HX0HYBD96E3QZZD9,2025-01-19T02:37:16.620188678Z,01JHY6P1GQCSK9ARFBP0TMVQ49,2025-01-19T02:37:16.620188678Z
01JHY6QWED1J2ZFKQ3S01W1Q68,01JHY66NKY3GPTRBBX24W67B20,2025-01-19T02:37:16.62166437Z,01JHY66NMCS01TSJZED3JQA9TH,2025-01-19T02:37:16.62166437Z,01JHY6F2YP5QGR0DPHPRZTE707,2025-01-19T02:37:16.62166437Z,01JHY6P1GQCSK9ARFBP0TMVQ49,2025-01-19T02:37:16.62166437Z
01JHY6VCB9NC04MWH7TPWFQX9C,01JHY66NKY3GPTRBBX24W67B20,2025-01-19T02:39:11.209976485Z,01JHY66NMCS01TSJZED3JQA9TH,2025-01-19T02:39:11.209976485Z,01JHY6D1T3PD34YSFVNBWJK80N,2025-01-19T02:39:11.209976485Z,01JHY6P1GSAQMTFCDZJJEMS2ZQ,2025-01-19T02:39:11.209976485Z
01JHY6W5AR7DVN0WCFJPMAN8TZ,01JHY66NKY3GPTRBBX24W67B20,2025-01-19T02:39:36.792556416Z,01JHY66NMCS01TSJZED3JQA9TH,2025-01-19T02:39:36.792556416Z,01JHY6CF05K1TV1491N4WEZJP5,2025-01-19T02:39:36.792556416Z,01JHY6P1GSAQMTFCDZHD84AS3Q,2025-01-19T02:39:36.792556416Z
01JHY6RSSK5QW679BV0DDG3X7D,01JHY66NKY3GPTRBBX24W67B20,2025-01-19T02:37:46.675929007Z,01JHY66NMCS01TSJZED3JQA9TH,2025-01-19T02:37:46.675929007Z,01JHY6EQT9HX0HYBD96E3QZZD9,2025-01-19T02:37:46.675929007Z,01JHY6P1GRZHDSWHJA93D11DQT,2025-01-19T02:37:46.675929007Z
01JHY6RSSMSVH5TYZ1V0MTV2J4,01JHY66NKY3GPTRBBX24W67B20,2025-01-19T02:37:46.676203118Z,01JHY66NMCS01TSJZED3JQA9TH,2025-01-19T02:37:46.676203118Z,01JHY6F2YP5QGR0DPHPRZTE707,2025-01-19T02:37:46.676203118Z,01JHY6P1GRZHDSWHJA93D11DQT,2025-01-19T02:37:46.676203118Z
01JHY6THNW2E3AJPHRGNYM4C68,01JHY66NKY3GPTRBBX24W67B20,2025-01-19T02:38:43.900959297Z,01JHY66NMCS01TSJZED3JQA9TH,2025-01-19T02:38:43.900959297Z,01JHY6EQT9HX0HYBD96E3QZZD9,2025-01-19T02:38:43.900959297Z,01JHY6P1GTGE8ZPHVJV789H2SE,2025-01-19T02:38:43.900959297Z
01JHY6THNXZ19Q9C20MNK3QZA6,01JHY66NKY3GPTRBBX24W67B20,2025-01-19T02:38:43.901450622Z,01JHY66NMCS01TSJZED3JQA9TH,2025-01-19T02:38:43.901450622Z,01JHY6D1T3PD34YSFVNBWJK80N,2025-01-19T02:38:43.901450622Z,01JHY6P1GTGE8ZPHVJV789H2SE,2025-01-19T02:38:43.901450622Z
01JHY6VCBA9STJCAEYDYAQC4WG,01JHY66NKY3GPTRBBX24W67B20,2025-01-19T02:39:11.21016004Z,01JHY66NMCS01TSJZED3JQA9TH,2025-01-19T02:39:11.21016004Z,01JHY6F2YP5QGR0DPHPRZTE707,2025-01-19T02:39:11.21016004Z,01JHY6P1GSAQMTFCDZJJEMS2ZQ,2025-01-19T02:39:11.21016004Z
01JHY6W5AQF0KSFPTPZGJAQMKS,01JHY66NKY3GPTRBBX24W67B20,2025-01-19T02:39:36.79181499Z,01JHY66NMCS01TSJZED3JQA9TH,2025-01-19T02:39:36.79181499Z,01JHY6D1T3PD34YSFVNBWJK80N,2025-01-19T02:39:36.79181499Z,01JHY6P1GSAQMTFCDZHD84AS3Q,2025-01-19T02:39:36.79181499Z
01JHY6P1RJ8VZPD9DSYJHBP26N,01JHY66NKY3GPTRBBX24W67B20,2025-01-19T02:36:16.530824452Z,01JHY66NMCS01TSJZED3JQA9TH,2025-01-19T02:36:16.530824452Z,01JHY6CF05K1TV1491N4WEZJP5,2025-01-19T02:36:16.530824452Z,01JHY6P1GQCSK9ARFBNC32PACF,2025-01-19T02:36:16.530824452Z
01JHY6QWEC5WG3SS97RWFJ9TFY,01JHY66NKY3GPTRBBX24W67B20,2025-01-19T02:37:16.620558769Z,01JHY66NMCS01TSJZED3JQA9TH,2025-01-19T02:37:16.620558769Z,01JHY6CF05K1TV1491N4WEZJP5,2025-01-19T02:37:16.620558769Z,01JHY6P1GQCSK9ARFBP0TMVQ49,2025-01-19T02:37:16.620558769Z
01JHY6RSSK5QW679BV017EMPW5,01JHY66NKY3GPTRBBX24W67B20,2025-01-19T02:37:46.675681867Z,01JHY66NMCS01TSJZED3JQA9TH,2025-01-19T02:37:46.675681867Z,01JHY6CF05K1TV1491N4WEZJP5,2025-01-19T02:37:46.675681867Z,01JHY6P1GRZHDSWHJA93D11DQT,2025-01-19T02:37:46.675681867Z
01JHY6SMAPQQHBTS4XMVARTZ27,01JHY66NKY3GPTRBBX24W67B20,2025-01-19T02:38:13.846400925Z,01JHY66NMCS01TSJZED3JQA9TH,2025-01-19T02:38:13.846400925Z,01JHY6EQT9HX0HYBD96E3QZZD9,2025-01-19T02:38:13.846400925Z,01JHY6P1GRZHDSWHJA9JZT3KV0,2025-01-19T02:38:13.846400925Z
01JHY6VCB9NC04MWH7T60SB2C2,01JHY66NKY3GPTRBBX24W67B20,2025-01-19T02:39:11.209373326Z,01JHY66NMCS01TSJZED3JQA9TH,2025-01-19T02:39:11.209373326Z,01JHY6CF05K1TV1491N4WEZJP5,2025-01-19T02:39:11.209373326Z,01JHY6P1GSAQMTFCDZJJEMS2ZQ,2025-01-19T02:39:11.209373326Z
01JHY6THNXZ19Q9C20M6S62RPD,01JHY66NKY3GPTRBBX24W67B20,2025-01-19T02:38:43.901216265Z,01JHY66NMCS01TSJZED3JQA9TH,2025-01-19T02:38:43.901216265Z,01JHY6CF05K1TV1491N4WEZJP5,2025-01-19T02:38:43.901216265Z,01JHY6P1GTGE8ZPHVJV789H2SE,2025-01-19T02:38:43.901216265Z
01JHY6THNXZ19Q9C20N08H8E56,01JHY66NKY3GPTRBBX24W67B20,2025-01-19T02:38:43.901641498Z,01JHY66NMCS01TSJZED3JQA9TH,2025-01-19T02:38:43.901641498Z,01JHY6F2YP5QGR0DPHPRZTE707,2025-01-19T02:38:43.901641498Z,01JHY6P1GTGE8ZPHVJV789H2SE,2025-01-19T02:38:43.901641498Z
01JHY6WXWD28N8VV8A5A4KG2YK,01JHY66NKY3GPTRBBX24W67B20,2025-01-19T02:40:01.9330179Z,01JHY66NMCS01TSJZED3JQA9TH,2025-01-19T02:40:01.9330179Z,01JHY6F2YP5QGR0DPHPRZTE707,2025-01-19T02:40:01.9330179Z,01JHY6P1GSAQMTFCDZJ19S6GJB,2025-01-19T02:40:01.9330179Z
01JHY6SMAPQQHBTS4XNDV8VEM5,01JHY66NKY3GPTRBBX24W67B20,2025-01-19T02:38:13.846919919Z,01JHY66NMCS01TSJZED3JQA9TH,2025-01-19T02:38:13.846919919Z,01JHY6F2YP5QGR0DPHPRZTE707,2025-01-19T02:38:13.846919919Z,01JHY6P1GRZHDSWHJA9JZT3KV0,2025-01-19T02:38:13.846919919Z
01JHY6W5AR7DVN0WCFJFD7KEM9,01JHY66NKY3GPTRBBX24W67B20,2025-01-19T02:39:36.792362094Z,01JHY66NMCS01TSJZED3JQA9TH,2025-01-19T02:39:36.792362094Z,01JHY6F2YP5QGR0DPHPRZTE707,2025-01-19T02:39:36.792362094Z,01JHY6P1GSAQMTFCDZHD84AS3Q,2025-01-19T02:39:36.792362094Z
