id,batchID,batchIDLastChangedAt,gameID,gameIDLastChangedAt,playerID,playerIDLastChangedAt
01JHY6P1G09XJ05CKKDQW9CFAT,01JHY66NKY3GPTRBBX24W67B20,2025-01-19T02:36:16.256410841Z,01JHY66NMCS01TSJZED3JQA9TH,2025-01-19T02:36:16.256410841Z,01JHY6F2YP5QGR0DPHPRZTE707,2025-01-19T02:36:16.256410841Z
01JHY6P1G09XJ05CKKCTNH53NV,01JHY66NKY3GPTRBBX24W67B20,2025-01-19T02:36:16.256159456Z,01JHY66NMCS01TSJZED3JQA9TH,2025-01-19T02:36:16.256159456Z,01JHY6CF05K1TV1491N4WEZJP5,2025-01-19T02:36:16.256159456Z
01JHY6P1G09XJ05CKKD2K2QHHX,01JHY66NKY3GPTRBBX24W67B20,2025-01-19T02:36:16.256270396Z,01JHY66NMCS01TSJZED3JQA9TH,2025-01-19T02:36:16.256270396Z,01JHY6D1T3PD34YSFVNBWJK80N,2025-01-19T02:36:16.256270396Z
01JHY6P1G09XJ05CKKDAJXX648,01JHY66NKY3GPTRBBX24W67B20,2025-01-19T02:36:16.256335202Z,01JHY66NMCS01TSJZED3JQA9TH,2025-01-19T02:36:16.256335202Z,01JHY6EQT9HX0HYBD96E3QZZD9,2025-01-19T02:36:16.256335202Z
