id,config,configLastChangedAt,endedReason,endedReasonLastChangedAt,initialized,initializedLastChangedAt,lobbyConfig,lobbyConfigLastChangedAt,status,statusLastChangedAt
01JDAMQF3GAX1XYH5CTYNYQPG0,"{""kind"":""complete"",""config"":{""treatments"":[{""treatment"":{""name"":""SR_slider"",""factors"":{""condition"":""slider"",""opinion"":""slider"",""playerCount"":4,""sliderDirection"":""SquirrelsRabbits""}},""count"":1}]}}",2024-11-22T19:14:07.088121405Z,all games finished,2024-11-22T19:38:31.557411368Z,true,2024-11-22T19:14:07.203538463Z,"{""name"":""Default shared fail"",""kind"":""shared"",""duration"":300000000000,""strategy"":""fail""}",2024-11-22T19:14:07.088121405Z,ended,2024-11-22T19:38:31.557411368Z
01JDAQ6VNPGB436EKMS62RZPSR,"{""kind"":""complete"",""config"":{""treatments"":[{""treatment"":{""name"":""SR_slider"",""factors"":{""condition"":""slider"",""opinion"":""slider"",""playerCount"":4,""sliderDirection"":""SquirrelsRabbits""}},""count"":1}]}}",2024-11-22T19:57:28.630386805Z,,,true,2024-11-22T19:57:29.900178658Z,"{""name"":""Default shared fail"",""kind"":""shared"",""duration"":300000000000,""strategy"":""fail""}",2024-11-22T19:57:28.630386805Z,terminated,2024-11-22T19:57:40.397153782Z
01JDAFKV9C2GZSA71WJVAQ8MG0,"{""kind"":""complete"",""config"":{""treatments"":[{""treatment"":{""name"":""SR_slider"",""factors"":{""condition"":""slider"",""opinion"":""slider"",""playerCount"":4,""sliderDirection"":""SquirrelsRabbits""}},""count"":1}]}}",2024-11-22T17:44:45.612917113Z,all games finished,2024-11-22T17:55:57.845451857Z,true,2024-11-22T17:44:45.623300702Z,"{""name"":""Default shared fail"",""kind"":""shared"",""duration"":300000000000,""strategy"":""fail""}",2024-11-22T17:44:45.612917113Z,ended,2024-11-22T17:55:57.845451857Z
01JDAGZBERER1FZDMPT7JPWXQH,"{""kind"":""complete"",""config"":{""treatments"":[{""treatment"":{""name"":""SR_slider"",""factors"":{""condition"":""slider"",""opinion"":""slider"",""playerCount"":4,""sliderDirection"":""SquirrelsRabbits""}},""count"":1}]}}",2024-11-22T18:08:31.192979453Z,all games finished,2024-11-22T18:15:32.821048334Z,true,2024-11-22T18:08:31.206028933Z,"{""name"":""Default shared fail"",""kind"":""shared"",""duration"":300000000000,""strategy"":""fail""}",2024-11-22T18:08:31.192979453Z,ended,2024-11-22T18:15:32.821048334Z
01JDAMQE5W6DNQ1EDAZA8JMW0C,"{""kind"":""complete"",""config"":{""treatments"":[{""treatment"":{""name"":""SR_slider"",""factors"":{""condition"":""slider"",""opinion"":""slider"",""playerCount"":4,""sliderDirection"":""SquirrelsRabbits""}},""count"":1}]}}",2024-11-22T19:14:06.140912435Z,all games finished,2024-11-22T19:39:24.377265029Z,true,2024-11-22T19:14:06.278008798Z,"{""name"":""Default shared fail"",""kind"":""shared"",""duration"":300000000000,""strategy"":""fail""}",2024-11-22T19:14:06.140912435Z,ended,2024-11-22T19:39:24.377265029Z
01JDAMQSP3SZ365C5HNFRXEAPP,"{""kind"":""complete"",""config"":{""treatments"":[{""treatment"":{""name"":""SR_slider"",""factors"":{""condition"":""slider"",""opinion"":""slider"",""playerCount"":4,""sliderDirection"":""SquirrelsRabbits""}},""count"":1}]}}",2024-11-22T19:14:17.923512702Z,all games finished,2024-11-22T19:28:46.371609673Z,true,2024-11-22T19:14:18.060029789Z,"{""name"":""Default shared fail"",""kind"":""shared"",""duration"":300000000000,""strategy"":""fail""}",2024-11-22T19:14:17.923512702Z,ended,2024-11-22T19:28:46.371609673Z
01JDAPHHFRWR86NEBBWY8VSKZZ,"{""kind"":""complete"",""config"":{""treatments"":[{""treatment"":{""name"":""RS_slider"",""factors"":{""condition"":""slider"",""opinion"":""slider"",""playerCount"":4,""sliderDirection"":""RabbitsSquirrels""}},""count"":1}]}}",2024-11-22T19:45:50.0724864Z,all games finished,2024-11-22T19:56:57.224932843Z,true,2024-11-22T19:45:50.357642437Z,"{""name"":""Default shared fail"",""kind"":""shared"",""duration"":300000000000,""strategy"":""fail""}",2024-11-22T19:45:50.0724864Z,ended,2024-11-22T19:56:57.224932843Z
01JDAQ849CEKAZJVSBY9AEYRFH,"{""kind"":""complete"",""config"":{""treatments"":[{""treatment"":{""name"":""SR_slider"",""factors"":{""condition"":""slider"",""opinion"":""slider"",""playerCount"":4,""sliderDirection"":""SquirrelsRabbits""}},""count"":1}]}}",2024-11-22T19:58:10.220172297Z,,,true,2024-11-22T19:58:10.371665772Z,"{""name"":""Default shared fail"",""kind"":""shared"",""duration"":300000000000,""strategy"":""fail""}",2024-11-22T19:58:10.220172297Z,terminated,2024-11-22T19:58:24.508857251Z
01JDAFJQVHM7XY8DCFS4J903K1,"{""kind"":""complete"",""config"":{""treatments"":[{""treatment"":{""name"":""SR_slider"",""factors"":{""condition"":""slider"",""opinion"":""slider"",""playerCount"":4,""sliderDirection"":""SquirrelsRabbits""}},""count"":1}]}}",2024-11-22T17:44:09.329237686Z,,,true,2024-11-22T17:44:09.343405703Z,"{""name"":""Default shared fail"",""kind"":""shared"",""duration"":300000000000,""strategy"":""fail""}",2024-11-22T17:44:09.329237686Z,terminated,2024-11-22T18:07:50.673551623Z
01JDAFJVPPWTV619R3YG5KG6RX,"{""kind"":""complete"",""config"":{""treatments"":[{""treatment"":{""name"":""SR_slider"",""factors"":{""condition"":""slider"",""opinion"":""slider"",""playerCount"":4,""sliderDirection"":""SquirrelsRabbits""}},""count"":1}]}}",2024-11-22T17:44:13.270059839Z,,,true,2024-11-22T17:44:13.277962286Z,"{""name"":""Default shared fail"",""kind"":""shared"",""duration"":300000000000,""strategy"":""fail""}",2024-11-22T17:44:13.270059839Z,terminated,2024-11-22T18:07:38.570596502Z
01JDAHZ75BK18P63NEZMB6WKBY,"{""kind"":""complete"",""config"":{""treatments"":[{""treatment"":{""name"":""SR_slider"",""factors"":{""condition"":""slider"",""opinion"":""slider"",""playerCount"":4,""sliderDirection"":""SquirrelsRabbits""}},""count"":1}]}}",2024-11-22T18:25:55.371279946Z,all games finished,2024-11-22T18:38:42.123519476Z,true,2024-11-22T18:25:55.397125999Z,"{""name"":""Default shared fail"",""kind"":""shared"",""duration"":300000000000,""strategy"":""fail""}",2024-11-22T18:25:55.371279946Z,ended,2024-11-22T18:38:42.123519476Z
01JDAMQV49J94G02FNW7X8D4D6,"{""kind"":""complete"",""config"":{""treatments"":[{""treatment"":{""name"":""SR_slider"",""factors"":{""condition"":""slider"",""opinion"":""slider"",""playerCount"":4,""sliderDirection"":""SquirrelsRabbits""}},""count"":1}]}}",2024-11-22T19:14:19.401129326Z,all games finished,2024-11-22T19:28:02.917840936Z,true,2024-11-22T19:14:20.070160415Z,"{""name"":""Default shared fail"",""kind"":""shared"",""duration"":300000000000,""strategy"":""fail""}",2024-11-22T19:14:19.401129326Z,ended,2024-11-22T19:28:02.917840936Z
01JDAHZ8056SBEMVBT0Y4M4WJW,"{""kind"":""complete"",""config"":{""treatments"":[{""treatment"":{""name"":""SR_slider"",""factors"":{""condition"":""slider"",""opinion"":""slider"",""playerCount"":4,""sliderDirection"":""SquirrelsRabbits""}},""count"":1}]}}",2024-11-22T18:25:56.229794032Z,all games finished,2024-11-22T18:38:45.385139243Z,true,2024-11-22T18:25:56.247087652Z,"{""name"":""Default shared fail"",""kind"":""shared"",""duration"":300000000000,""strategy"":""fail""}",2024-11-22T18:25:56.229794032Z,ended,2024-11-22T18:38:45.385139243Z
01JDAJRSXSC5RHGS62BME2F6J6,"{""kind"":""complete"",""config"":{""treatments"":[{""treatment"":{""name"":""SR_slider"",""factors"":{""condition"":""slider"",""opinion"":""slider"",""playerCount"":4,""sliderDirection"":""SquirrelsRabbits""}},""count"":1}]}}",2024-11-22T18:39:53.785302855Z,all games finished,2024-11-22T18:46:12.118743343Z,true,2024-11-22T18:39:53.811148396Z,"{""name"":""Default shared fail"",""kind"":""shared"",""duration"":300000000000,""strategy"":""fail""}",2024-11-22T18:39:53.785302855Z,ended,2024-11-22T18:46:12.118743343Z
01JDAJRTCBH4BCZ83MKTEBGGC7,"{""kind"":""complete"",""config"":{""treatments"":[{""treatment"":{""name"":""SR_slider"",""factors"":{""condition"":""slider"",""opinion"":""slider"",""playerCount"":4,""sliderDirection"":""SquirrelsRabbits""}},""count"":1}]}}",2024-11-22T18:39:54.251881458Z,all games finished,2024-11-22T18:45:37.381315371Z,true,2024-11-22T18:39:54.280003589Z,"{""name"":""Default shared fail"",""kind"":""shared"",""duration"":300000000000,""strategy"":""fail""}",2024-11-22T18:39:54.251881458Z,ended,2024-11-22T18:45:37.381315371Z
01JDAM2WNB06XBFDK62D7VJ0M7,"{""kind"":""complete"",""config"":{""treatments"":[{""treatment"":{""name"":""SR_slider"",""factors"":{""condition"":""slider"",""opinion"":""slider"",""playerCount"":4,""sliderDirection"":""SquirrelsRabbits""}},""count"":1}]}}",2024-11-22T19:02:52.843947763Z,all games finished,2024-11-22T19:09:34.437156544Z,true,2024-11-22T19:02:52.885785219Z,"{""name"":""Default shared fail"",""kind"":""shared"",""duration"":300000000000,""strategy"":""fail""}",2024-11-22T19:02:52.843947763Z,ended,2024-11-22T19:09:34.437156544Z
01JDAM86A43343P96MS3SV6FVH,"{""kind"":""complete"",""config"":{""treatments"":[{""treatment"":{""name"":""SR_slider"",""factors"":{""condition"":""slider"",""opinion"":""slider"",""playerCount"":4,""sliderDirection"":""SquirrelsRabbits""}},""count"":1}]}}",2024-11-22T19:05:46.564726785Z,all games finished,2024-11-22T19:17:33.742894421Z,true,2024-11-22T19:05:46.65515878Z,"{""name"":""Default shared fail"",""kind"":""shared"",""duration"":300000000000,""strategy"":""fail""}",2024-11-22T19:05:46.564726785Z,ended,2024-11-22T19:17:33.742894421Z
01JDASVXRE4RX3MMCGJVQ7RC84,"{""kind"":""complete"",""config"":{""treatments"":[{""treatment"":{""name"":""RS_slider"",""factors"":{""condition"":""slider"",""opinion"":""slider"",""playerCount"":4,""sliderDirection"":""RabbitsSquirrels""}},""count"":1}]}}",2024-11-22T20:43:56.046696116Z,,,true,2024-11-22T20:44:28.728453954Z,"{""name"":""Default shared fail"",""kind"":""shared"",""duration"":300000000000,""strategy"":""fail""}",2024-11-22T20:43:56.046696116Z,created,2024-11-22T20:43:56.046696116Z
01JDAMQ126RYV9ES84ESE6XGX5,"{""kind"":""complete"",""config"":{""treatments"":[{""treatment"":{""name"":""SR_slider"",""factors"":{""condition"":""slider"",""opinion"":""slider"",""playerCount"":4,""sliderDirection"":""SquirrelsRabbits""}},""count"":1}]}}",2024-11-22T19:13:52.711043492Z,all games finished,2024-11-22T19:44:47.739544193Z,true,2024-11-22T19:13:52.952145243Z,"{""name"":""Default shared fail"",""kind"":""shared"",""duration"":300000000000,""strategy"":""fail""}",2024-11-22T19:13:52.711043492Z,ended,2024-11-22T19:44:47.739544193Z
01JDAFKFPE4N0XH98M2DZCHAYR,"{""kind"":""complete"",""config"":{""treatments"":[{""treatment"":{""name"":""SR_slider"",""factors"":{""condition"":""slider"",""opinion"":""slider"",""playerCount"":4,""sliderDirection"":""SquirrelsRabbits""}},""count"":1}]}}",2024-11-22T17:44:33.742491778Z,,,true,2024-11-22T17:44:33.75112383Z,"{""name"":""Default shared fail"",""kind"":""shared"",""duration"":300000000000,""strategy"":""fail""}",2024-11-22T17:44:33.742491778Z,terminated,2024-11-22T18:06:04.360743752Z
01JDAPW9CBDXQYP54HJXNKGJWR,"{""kind"":""complete"",""config"":{""treatments"":[{""treatment"":{""name"":""RS_slider"",""factors"":{""condition"":""slider"",""opinion"":""slider"",""playerCount"":4,""sliderDirection"":""RabbitsSquirrels""}},""count"":1}]}}",2024-11-22T19:51:42.219953818Z,,,true,2024-11-22T19:51:51.523374807Z,"{""name"":""Default shared fail"",""kind"":""shared"",""duration"":300000000000,""strategy"":""fail""}",2024-11-22T19:51:42.219953818Z,terminated,2024-11-22T19:53:59.224822769Z
01JDASWBYEGEAM3MEH5G9T6BP0,"{""kind"":""complete"",""config"":{""treatments"":[{""treatment"":{""name"":""RS_slider"",""factors"":{""condition"":""slider"",""opinion"":""slider"",""playerCount"":4,""sliderDirection"":""RabbitsSquirrels""}},""count"":1}]}}",2024-11-22T20:44:10.574054774Z,all games finished,2024-11-22T21:01:11.693742208Z,true,2024-11-22T20:45:02.142637222Z,"{""name"":""Default shared fail"",""kind"":""shared"",""duration"":300000000000,""strategy"":""fail""}",2024-11-22T20:44:10.574054774Z,ended,2024-11-22T21:01:11.693742208Z
01JDAFK3TV82XKBA0KC748KR9X,"{""kind"":""complete"",""config"":{""treatments"":[{""treatment"":{""name"":""SR_slider"",""factors"":{""condition"":""slider"",""opinion"":""slider"",""playerCount"":4,""sliderDirection"":""SquirrelsRabbits""}},""count"":1}]}}",2024-11-22T17:44:21.595398078Z,,,true,2024-11-22T17:44:21.605856391Z,"{""name"":""Default shared fail"",""kind"":""shared"",""duration"":300000000000,""strategy"":""fail""}",2024-11-22T17:44:21.595398078Z,terminated,2024-11-22T18:07:00.931819475Z
01JDAFKPVESH3TN58QGE30NC8E,"{""kind"":""complete"",""config"":{""treatments"":[{""treatment"":{""name"":""SR_slider"",""factors"":{""condition"":""slider"",""opinion"":""slider"",""playerCount"":4,""sliderDirection"":""SquirrelsRabbits""}},""count"":1}]}}",2024-11-22T17:44:41.070159146Z,,,true,2024-11-22T17:44:41.076661757Z,"{""name"":""Default shared fail"",""kind"":""shared"",""duration"":300000000000,""strategy"":""fail""}",2024-11-22T17:44:41.070159146Z,terminated,2024-11-22T18:00:44.213049054Z
01JDAFKQQVVYRVZNHKDPXADP6R,"{""kind"":""complete"",""config"":{""treatments"":[{""treatment"":{""name"":""SR_slider"",""factors"":{""condition"":""slider"",""opinion"":""slider"",""playerCount"":4,""sliderDirection"":""SquirrelsRabbits""}},""count"":1}]}}",2024-11-22T17:44:41.979058261Z,,,true,2024-11-22T17:44:41.986715708Z,"{""name"":""Default shared fail"",""kind"":""shared"",""duration"":300000000000,""strategy"":""fail""}",2024-11-22T17:44:41.979058261Z,terminated,2024-11-22T17:58:33.727803328Z
01JDAGY7S217P5T9V7NJR1FC04,"{""kind"":""complete"",""config"":{""treatments"":[{""treatment"":{""name"":""SR_slider"",""factors"":{""condition"":""slider"",""opinion"":""slider"",""playerCount"":4,""sliderDirection"":""SquirrelsRabbits""}},""count"":1}]}}",2024-11-22T18:07:54.659068735Z,all games finished,2024-11-22T18:15:28.24891009Z,true,2024-11-22T18:07:54.672983111Z,"{""name"":""Default shared fail"",""kind"":""shared"",""duration"":300000000000,""strategy"":""fail""}",2024-11-22T18:07:54.659068735Z,ended,2024-11-22T18:15:28.24891009Z
01JDAPVNQ96GFRAX00Y5BBB6G7,"{""kind"":""complete"",""config"":{""treatments"":[{""treatment"":{""name"":""RS_slider"",""factors"":{""condition"":""slider"",""opinion"":""slider"",""playerCount"":4,""sliderDirection"":""RabbitsSquirrels""}},""count"":1}]}}",2024-11-22T19:51:22.089415584Z,,,true,2024-11-22T19:51:22.504944299Z,"{""name"":""Default shared fail"",""kind"":""shared"",""duration"":300000000000,""strategy"":""fail""}",2024-11-22T19:51:22.089415584Z,terminated,2024-11-22T20:34:05.800241031Z
01JDASW6A8C6WHQ4GSA269ESC3,"{""kind"":""complete"",""config"":{""treatments"":[{""treatment"":{""name"":""RS_slider"",""factors"":{""condition"":""slider"",""opinion"":""slider"",""playerCount"":4,""sliderDirection"":""RabbitsSquirrels""}},""count"":1}]}}",2024-11-22T20:44:04.808674359Z,,,true,2024-11-22T20:44:45.138883732Z,"{""name"":""Default shared fail"",""kind"":""shared"",""duration"":300000000000,""strategy"":""fail""}",2024-11-22T20:44:04.808674359Z,terminated,2024-11-22T20:54:18.521562053Z
01JDAFKEZQG98BT076X9W0R5EF,"{""kind"":""complete"",""config"":{""treatments"":[{""treatment"":{""name"":""SR_slider"",""factors"":{""condition"":""slider"",""opinion"":""slider"",""playerCount"":4,""sliderDirection"":""SquirrelsRabbits""}},""count"":1}]}}",2024-11-22T17:44:33.015544305Z,,,true,2024-11-22T17:44:33.024510605Z,"{""name"":""Default shared fail"",""kind"":""shared"",""duration"":300000000000,""strategy"":""fail""}",2024-11-22T17:44:33.015544305Z,terminated,2024-11-22T18:06:12.659088125Z
01JDAGYW5EE6YPK8A39YBN6XJ5,"{""kind"":""complete"",""config"":{""treatments"":[{""treatment"":{""name"":""SR_slider"",""factors"":{""condition"":""slider"",""opinion"":""slider"",""playerCount"":4,""sliderDirection"":""SquirrelsRabbits""}},""count"":1}]}}",2024-11-22T18:08:15.534782252Z,all games finished,2024-11-22T18:18:14.228123019Z,true,2024-11-22T18:08:15.54236813Z,"{""name"":""Default shared fail"",""kind"":""shared"",""duration"":300000000000,""strategy"":""fail""}",2024-11-22T18:08:15.534782252Z,ended,2024-11-22T18:18:14.228123019Z
01JDAPW7JZDDA3WCPQE8BGT691,"{""kind"":""complete"",""config"":{""treatments"":[{""treatment"":{""name"":""RS_slider"",""factors"":{""condition"":""slider"",""opinion"":""slider"",""playerCount"":4,""sliderDirection"":""RabbitsSquirrels""}},""count"":1}]}}",2024-11-22T19:51:40.383963485Z,all games finished,2024-11-22T20:18:23.834434844Z,true,2024-11-22T19:51:46.052406203Z,"{""name"":""Default shared fail"",""kind"":""shared"",""duration"":300000000000,""strategy"":""fail""}",2024-11-22T19:51:40.383963485Z,ended,2024-11-22T20:18:23.834434844Z
01JDASVWDS9QG4RWZ5HZ5SRHXK,"{""kind"":""complete"",""config"":{""treatments"":[{""treatment"":{""name"":""RS_slider"",""factors"":{""condition"":""slider"",""opinion"":""slider"",""playerCount"":4,""sliderDirection"":""RabbitsSquirrels""}},""count"":1}]}}",2024-11-22T20:43:54.681825333Z,,,true,2024-11-22T20:44:18.906971313Z,"{""name"":""Default shared fail"",""kind"":""shared"",""duration"":300000000000,""strategy"":""fail""}",2024-11-22T20:43:54.681825333Z,created,2024-11-22T20:43:54.681825333Z
01JDAFJXYT9V8268N4Y9WJB30Z,"{""kind"":""complete"",""config"":{""treatments"":[{""treatment"":{""name"":""SR_slider"",""factors"":{""condition"":""slider"",""opinion"":""slider"",""playerCount"":4,""sliderDirection"":""SquirrelsRabbits""}},""count"":1}]}}",2024-11-22T17:44:15.578264424Z,,,true,2024-11-22T17:44:15.587180622Z,"{""name"":""Default shared fail"",""kind"":""shared"",""duration"":300000000000,""strategy"":""fail""}",2024-11-22T17:44:15.578264424Z,terminated,2024-11-22T18:07:29.152382231Z
01JDAH5DCP9PY7QX63WRAQ1BS4,"{""kind"":""complete"",""config"":{""treatments"":[{""treatment"":{""name"":""SR_slider"",""factors"":{""condition"":""slider"",""opinion"":""slider"",""playerCount"":4,""sliderDirection"":""SquirrelsRabbits""}},""count"":1}]}}",2024-11-22T18:11:49.782587329Z,all games finished,2024-11-22T18:18:55.12699396Z,true,2024-11-22T18:11:49.798509879Z,"{""name"":""Default shared fail"",""kind"":""shared"",""duration"":300000000000,""strategy"":""fail""}",2024-11-22T18:11:49.782587329Z,ended,2024-11-22T18:18:55.12699396Z
01JDAMQR9KPX9RPT5DA1Q1F2ZZ,"{""kind"":""complete"",""config"":{""treatments"":[{""treatment"":{""name"":""SR_slider"",""factors"":{""condition"":""slider"",""opinion"":""slider"",""playerCount"":4,""sliderDirection"":""SquirrelsRabbits""}},""count"":1}]}}",2024-11-22T19:14:16.499374118Z,all games finished,2024-11-22T19:30:58.286289591Z,true,2024-11-22T19:14:16.553585062Z,"{""name"":""Default shared fail"",""kind"":""shared"",""duration"":300000000000,""strategy"":""fail""}",2024-11-22T19:14:16.499374118Z,ended,2024-11-22T19:30:58.286289591Z
01JDAPVGGZ8WBX1DD0RREZQXJS,"{""kind"":""complete"",""config"":{""treatments"":[{""treatment"":{""name"":""RS_slider"",""factors"":{""condition"":""slider"",""opinion"":""slider"",""playerCount"":4,""sliderDirection"":""RabbitsSquirrels""}},""count"":1}]}}",2024-11-22T19:51:16.767691109Z,,,true,2024-11-22T19:51:19.458480913Z,"{""name"":""Default shared fail"",""kind"":""shared"",""duration"":300000000000,""strategy"":""fail""}",2024-11-22T19:51:16.767691109Z,created,2024-11-22T19:51:16.767691109Z
01JDAPW0A15A6WQC98MAZ6VKEK,"{""kind"":""complete"",""config"":{""treatments"":[{""treatment"":{""name"":""RS_slider"",""factors"":{""condition"":""slider"",""opinion"":""slider"",""playerCount"":4,""sliderDirection"":""RabbitsSquirrels""}},""count"":1}]}}",2024-11-22T19:51:32.929911512Z,all games finished,2024-11-22T20:36:33.511087052Z,true,2024-11-22T19:51:33.870753803Z,"{""name"":""Default shared fail"",""kind"":""shared"",""duration"":300000000000,""strategy"":""fail""}",2024-11-22T19:51:32.929911512Z,ended,2024-11-22T20:36:33.511087052Z
01JDAFK0W9ZV7VFBWRS9QWW8H1,"{""kind"":""complete"",""config"":{""treatments"":[{""treatment"":{""name"":""SR_slider"",""factors"":{""condition"":""slider"",""opinion"":""slider"",""playerCount"":4,""sliderDirection"":""SquirrelsRabbits""}},""count"":1}]}}",2024-11-22T17:44:18.569085849Z,,,true,2024-11-22T17:44:18.57708528Z,"{""name"":""Default shared fail"",""kind"":""shared"",""duration"":300000000000,""strategy"":""fail""}",2024-11-22T17:44:18.569085849Z,terminated,2024-11-22T18:07:15.331535765Z
01JDAHAFD5MAZ5PQC1DSQ05G3K,"{""kind"":""complete"",""config"":{""treatments"":[{""treatment"":{""name"":""SR_slider"",""factors"":{""condition"":""slider"",""opinion"":""slider"",""playerCount"":4,""sliderDirection"":""SquirrelsRabbits""}},""count"":1}]}}",2024-11-22T18:14:35.6859384Z,all games finished,2024-11-22T18:22:27.077891717Z,true,2024-11-22T18:14:35.702690605Z,"{""name"":""Default shared fail"",""kind"":""shared"",""duration"":300000000000,""strategy"":""fail""}",2024-11-22T18:14:35.6859384Z,ended,2024-11-22T18:22:27.077891717Z
01JDAFJT3STG7QM9BE1VR32Z7S,"{""kind"":""complete"",""config"":{""treatments"":[{""treatment"":{""name"":""SR_slider"",""factors"":{""condition"":""slider"",""opinion"":""slider"",""playerCount"":4,""sliderDirection"":""SquirrelsRabbits""}},""count"":1}]}}",2024-11-22T17:44:11.641566401Z,,,true,2024-11-22T17:44:11.650987169Z,"{""name"":""Default shared fail"",""kind"":""shared"",""duration"":300000000000,""strategy"":""fail""}",2024-11-22T17:44:11.641566401Z,terminated,2024-11-22T18:07:43.44461626Z
01JDAHAE8YJATNBJYPZS4Z2H64,"{""kind"":""complete"",""config"":{""treatments"":[{""treatment"":{""name"":""SR_slider"",""factors"":{""condition"":""slider"",""opinion"":""slider"",""playerCount"":4,""sliderDirection"":""SquirrelsRabbits""}},""count"":1}]}}",2024-11-22T18:14:34.526544843Z,all games finished,2024-11-22T18:23:49.387455652Z,true,2024-11-22T18:14:34.540301353Z,"{""name"":""Default shared fail"",""kind"":""shared"",""duration"":300000000000,""strategy"":""fail""}",2024-11-22T18:14:34.526544843Z,ended,2024-11-22T18:23:49.387455652Z
01JDAMQDEVZSS71ZK7M5AJQW28,"{""kind"":""complete"",""config"":{""treatments"":[{""treatment"":{""name"":""SR_slider"",""factors"":{""condition"":""slider"",""opinion"":""slider"",""playerCount"":4,""sliderDirection"":""SquirrelsRabbits""}},""count"":1}]}}",2024-11-22T19:14:05.403846876Z,all games finished,2024-11-22T19:38:58.339802638Z,true,2024-11-22T19:14:05.484117915Z,"{""name"":""Default shared fail"",""kind"":""shared"",""duration"":300000000000,""strategy"":""fail""}",2024-11-22T19:14:05.403846876Z,ended,2024-11-22T19:38:58.339802638Z
01JDAMQX9C38CX4CXHPVXWJ3YS,"{""kind"":""complete"",""config"":{""treatments"":[{""treatment"":{""name"":""SR_slider"",""factors"":{""condition"":""slider"",""opinion"":""slider"",""playerCount"":4,""sliderDirection"":""SquirrelsRabbits""}},""count"":1}]}}",2024-11-22T19:14:21.612237024Z,all games finished,2024-11-22T19:26:30.015733938Z,true,2024-11-22T19:14:21.908067443Z,"{""name"":""Default shared fail"",""kind"":""shared"",""duration"":300000000000,""strategy"":""fail""}",2024-11-22T19:14:21.612237024Z,ended,2024-11-22T19:26:30.015733938Z
01JDARZHR1FDN7X9XN89QR9BYF,"{""kind"":""complete"",""config"":{""treatments"":[{""treatment"":{""name"":""RS_slider"",""factors"":{""condition"":""slider"",""opinion"":""slider"",""playerCount"":4,""sliderDirection"":""RabbitsSquirrels""}},""count"":1}]}}",2024-11-22T20:28:26.241282685Z,,,true,2024-11-22T20:28:28.552982943Z,"{""name"":""Default shared fail"",""kind"":""shared"",""duration"":300000000000,""strategy"":""fail""}",2024-11-22T20:28:26.241282685Z,terminated,2024-11-22T20:45:53.327924494Z
01JDAPW7VSKCEQ2747GHF3FFRJ,"{""kind"":""complete"",""config"":{""treatments"":[{""treatment"":{""name"":""RS_slider"",""factors"":{""condition"":""slider"",""opinion"":""slider"",""playerCount"":4,""sliderDirection"":""RabbitsSquirrels""}},""count"":1}]}}",2024-11-22T19:51:40.665540458Z,,,true,2024-11-22T19:51:48.142571032Z,"{""name"":""Default shared fail"",""kind"":""shared"",""duration"":300000000000,""strategy"":""fail""}",2024-11-22T19:51:40.665540458Z,terminated,2024-11-22T20:10:31.249418585Z
01JDAFK94CF2TZDCKTW979FM1Z,"{""kind"":""complete"",""config"":{""treatments"":[{""treatment"":{""name"":""SR_slider"",""factors"":{""condition"":""slider"",""opinion"":""slider"",""playerCount"":4,""sliderDirection"":""SquirrelsRabbits""}},""count"":1}]}}",2024-11-22T17:44:27.020870019Z,,,true,2024-11-22T17:44:27.030503363Z,"{""name"":""Default shared fail"",""kind"":""shared"",""duration"":300000000000,""strategy"":""fail""}",2024-11-22T17:44:27.020870019Z,terminated,2024-11-22T18:06:38.939267713Z
01JDAFKKTVNTPK6WC4PX2ASAZD,"{""kind"":""complete"",""config"":{""treatments"":[{""treatment"":{""name"":""SR_slider"",""factors"":{""condition"":""slider"",""opinion"":""slider"",""playerCount"":4,""sliderDirection"":""SquirrelsRabbits""}},""count"":1}]}}",2024-11-22T17:44:37.979851086Z,,,true,2024-11-22T17:44:37.991205501Z,"{""name"":""Default shared fail"",""kind"":""shared"",""duration"":300000000000,""strategy"":""fail""}",2024-11-22T17:44:37.979851086Z,terminated,2024-11-22T18:05:16.258156867Z
01JDAHN1PDS2QGCVFBMQ6D7B4G,"{""kind"":""complete"",""config"":{""treatments"":[{""treatment"":{""name"":""SR_slider"",""factors"":{""condition"":""slider"",""opinion"":""slider"",""playerCount"":4,""sliderDirection"":""SquirrelsRabbits""}},""count"":1}]}}",2024-11-22T18:20:22.09405101Z,all games finished,2024-11-22T18:28:31.002336284Z,true,2024-11-22T18:20:22.110271871Z,"{""name"":""Default shared fail"",""kind"":""shared"",""duration"":300000000000,""strategy"":""fail""}",2024-11-22T18:20:22.09405101Z,ended,2024-11-22T18:28:31.002336284Z
01JDAKQHNKFC7QHCV09HPR330D,"{""kind"":""complete"",""config"":{""treatments"":[{""treatment"":{""name"":""SR_slider"",""factors"":{""condition"":""slider"",""opinion"":""slider"",""playerCount"":4,""sliderDirection"":""SquirrelsRabbits""}},""count"":1}]}}",2024-11-22T18:56:41.139394526Z,all games finished,2024-11-22T19:08:20.772266562Z,true,2024-11-22T18:56:41.225378445Z,"{""name"":""Default shared fail"",""kind"":""shared"",""duration"":300000000000,""strategy"":""fail""}",2024-11-22T18:56:41.139394526Z,ended,2024-11-22T19:08:20.772266562Z
01JDAMQGHW3XGT55Q25Z3E82BR,"{""kind"":""complete"",""config"":{""treatments"":[{""treatment"":{""name"":""SR_slider"",""factors"":{""condition"":""slider"",""opinion"":""slider"",""playerCount"":4,""sliderDirection"":""SquirrelsRabbits""}},""count"":1}]}}",2024-11-22T19:14:08.572275322Z,all games finished,2024-11-22T19:33:53.340063538Z,true,2024-11-22T19:14:08.717893735Z,"{""name"":""Default shared fail"",""kind"":""shared"",""duration"":300000000000,""strategy"":""fail""}",2024-11-22T19:14:08.572275322Z,ended,2024-11-22T19:33:53.340063538Z
01JDAPVQ1353KWJYHD7MB1W8XX,"{""kind"":""complete"",""config"":{""treatments"":[{""treatment"":{""name"":""RS_slider"",""factors"":{""condition"":""slider"",""opinion"":""slider"",""playerCount"":4,""sliderDirection"":""RabbitsSquirrels""}},""count"":1}]}}",2024-11-22T19:51:23.427202375Z,all games finished,2024-11-22T20:40:54.303219505Z,true,2024-11-22T19:51:24.506303154Z,"{""name"":""Default shared fail"",""kind"":""shared"",""duration"":300000000000,""strategy"":""fail""}",2024-11-22T19:51:23.427202375Z,ended,2024-11-22T20:40:54.303219505Z
01JDAFKGGPKZMHCGWATSF2EEPC,"{""kind"":""complete"",""config"":{""treatments"":[{""treatment"":{""name"":""SR_slider"",""factors"":{""condition"":""slider"",""opinion"":""slider"",""playerCount"":4,""sliderDirection"":""SquirrelsRabbits""}},""count"":1}]}}",2024-11-22T17:44:34.582638696Z,,,true,2024-11-22T17:44:34.591544912Z,"{""name"":""Default shared fail"",""kind"":""shared"",""duration"":300000000000,""strategy"":""fail""}",2024-11-22T17:44:34.582638696Z,terminated,2024-11-22T18:06:01.108074827Z
01JDAFKRJCN5QH00Q2J0B42YY7,"{""kind"":""complete"",""config"":{""treatments"":[{""treatment"":{""name"":""SR_slider"",""factors"":{""condition"":""slider"",""opinion"":""slider"",""playerCount"":4,""sliderDirection"":""SquirrelsRabbits""}},""count"":1}]}}",2024-11-22T17:44:42.828979427Z,all games finished,2024-11-22T17:59:44.974625114Z,true,2024-11-22T17:44:42.836663339Z,"{""name"":""Default shared fail"",""kind"":""shared"",""duration"":300000000000,""strategy"":""fail""}",2024-11-22T17:44:42.828979427Z,ended,2024-11-22T17:59:44.974625114Z
01JDAMBVQ78SAY6SVA3R4E7XZT,"{""kind"":""complete"",""config"":{""treatments"":[{""treatment"":{""name"":""SR_slider"",""factors"":{""condition"":""slider"",""opinion"":""slider"",""playerCount"":4,""sliderDirection"":""SquirrelsRabbits""}},""count"":1}]}}",2024-11-22T19:07:46.791650077Z,all games finished,2024-11-22T19:14:26.080348985Z,true,2024-11-22T19:07:47.210607347Z,"{""name"":""Default shared fail"",""kind"":""shared"",""duration"":300000000000,""strategy"":""fail""}",2024-11-22T19:07:46.791650077Z,ended,2024-11-22T19:14:26.080348985Z
01JDAPW7PC058EE489R7PBZM59,"{""kind"":""complete"",""config"":{""treatments"":[{""treatment"":{""name"":""RS_slider"",""factors"":{""condition"":""slider"",""opinion"":""slider"",""playerCount"":4,""sliderDirection"":""RabbitsSquirrels""}},""count"":1}]}}",2024-11-22T19:51:40.493043086Z,all games finished,2024-11-22T20:15:36.321508908Z,true,2024-11-22T19:51:47.240120992Z,"{""name"":""Default shared fail"",""kind"":""shared"",""duration"":300000000000,""strategy"":""fail""}",2024-11-22T19:51:40.493043086Z,ended,2024-11-22T20:15:36.321508908Z
01JDAFKCD6D4FA3ZCW9CD88G3Y,"{""kind"":""complete"",""config"":{""treatments"":[{""treatment"":{""name"":""SR_slider"",""factors"":{""condition"":""slider"",""opinion"":""slider"",""playerCount"":4,""sliderDirection"":""SquirrelsRabbits""}},""count"":1}]}}",2024-11-22T17:44:30.374284253Z,,,true,2024-11-22T17:44:30.382287911Z,"{""name"":""Default shared fail"",""kind"":""shared"",""duration"":300000000000,""strategy"":""fail""}",2024-11-22T17:44:30.374284253Z,terminated,2024-11-22T18:06:21.057047733Z
01JDAJJVHVAY8ZJGA5PXHCZ8CR,"{""kind"":""complete"",""config"":{""treatments"":[{""treatment"":{""name"":""SR_slider"",""factors"":{""condition"":""slider"",""opinion"":""slider"",""playerCount"":4,""sliderDirection"":""SquirrelsRabbits""}},""count"":1}]}}",2024-11-22T18:36:38.844033995Z,all games finished,2024-11-22T18:43:21.141858944Z,true,2024-11-22T18:36:38.877752486Z,"{""name"":""Default shared fail"",""kind"":""shared"",""duration"":300000000000,""strategy"":""fail""}",2024-11-22T18:36:38.844033995Z,ended,2024-11-22T18:43:21.141858944Z
01JDAPVY0G82ZAR0TZEA42S131,"{""kind"":""complete"",""config"":{""treatments"":[{""treatment"":{""name"":""RS_slider"",""factors"":{""condition"":""slider"",""opinion"":""slider"",""playerCount"":4,""sliderDirection"":""RabbitsSquirrels""}},""count"":1}]}}",2024-11-22T19:51:30.576385889Z,all games finished,2024-11-22T20:38:39.741272328Z,true,2024-11-22T19:51:31.368624275Z,"{""name"":""Default shared fail"",""kind"":""shared"",""duration"":300000000000,""strategy"":""fail""}",2024-11-22T19:51:30.576385889Z,ended,2024-11-22T20:38:39.741272328Z
01JDAPW4CD5A08H6QZB7ERWYJQ,"{""kind"":""complete"",""config"":{""treatments"":[{""treatment"":{""name"":""RS_slider"",""factors"":{""condition"":""slider"",""opinion"":""slider"",""playerCount"":4,""sliderDirection"":""RabbitsSquirrels""}},""count"":1}]}}",2024-11-22T19:51:37.101221991Z,,,true,2024-11-22T19:51:41.344630379Z,"{""name"":""Default shared fail"",""kind"":""shared"",""duration"":300000000000,""strategy"":""fail""}",2024-11-22T19:51:37.101221991Z,terminated,2024-11-22T20:26:27.094069616Z
01JDAPW24TQP4CMPXGVAWX0S7G,"{""kind"":""complete"",""config"":{""treatments"":[{""treatment"":{""name"":""RS_slider"",""factors"":{""condition"":""slider"",""opinion"":""slider"",""playerCount"":4,""sliderDirection"":""RabbitsSquirrels""}},""count"":1}]}}",2024-11-22T19:51:34.810197579Z,all games finished,2024-11-22T20:33:09.370010613Z,true,2024-11-22T19:51:36.395824133Z,"{""name"":""Default shared fail"",""kind"":""shared"",""duration"":300000000000,""strategy"":""fail""}",2024-11-22T19:51:34.810197579Z,ended,2024-11-22T20:33:09.370010613Z
01JDAPW2C00ZF3AQXAVKX8TVSF,"{""kind"":""complete"",""config"":{""treatments"":[{""treatment"":{""name"":""RS_slider"",""factors"":{""condition"":""slider"",""opinion"":""slider"",""playerCount"":4,""sliderDirection"":""RabbitsSquirrels""}},""count"":1}]}}",2024-11-22T19:51:35.040220834Z,,,true,2024-11-22T19:51:39.738128759Z,"{""name"":""Default shared fail"",""kind"":""shared"",""duration"":300000000000,""strategy"":""fail""}",2024-11-22T19:51:35.040220834Z,terminated,2024-11-22T20:26:25.183902035Z
01JDAFJWDPHF7PP97ASCK128FY,"{""kind"":""complete"",""config"":{""treatments"":[{""treatment"":{""name"":""SR_slider"",""factors"":{""condition"":""slider"",""opinion"":""slider"",""playerCount"":4,""sliderDirection"":""SquirrelsRabbits""}},""count"":1}]}}",2024-11-22T17:44:14.006523315Z,,,true,2024-11-22T17:44:14.035480212Z,"{""name"":""Default shared fail"",""kind"":""shared"",""duration"":300000000000,""strategy"":""fail""}",2024-11-22T17:44:14.006523315Z,terminated,2024-11-22T18:07:36.035235881Z
01JDAFKHWFX7046VCSNRHXBVKX,"{""kind"":""complete"",""config"":{""treatments"":[{""treatment"":{""name"":""SR_slider"",""factors"":{""condition"":""slider"",""opinion"":""slider"",""playerCount"":4,""sliderDirection"":""SquirrelsRabbits""}},""count"":1}]}}",2024-11-22T17:44:35.983771079Z,,,true,2024-11-22T17:44:35.99194043Z,"{""name"":""Default shared fail"",""kind"":""shared"",""duration"":300000000000,""strategy"":""fail""}",2024-11-22T17:44:35.983771079Z,terminated,2024-11-22T18:05:54.113018226Z
01JDAFKMGEAQ0G6S8BSM54MT3T,"{""kind"":""complete"",""config"":{""treatments"":[{""treatment"":{""name"":""SR_slider"",""factors"":{""condition"":""slider"",""opinion"":""slider"",""playerCount"":4,""sliderDirection"":""SquirrelsRabbits""}},""count"":1}]}}",2024-11-22T17:44:38.670489642Z,,,true,2024-11-22T17:44:38.680628927Z,"{""name"":""Default shared fail"",""kind"":""shared"",""duration"":300000000000,""strategy"":""fail""}",2024-11-22T17:44:38.670489642Z,terminated,2024-11-22T18:05:06.141045446Z
01JDAGT3720MZA6TVZRYHWPMH1,"{""kind"":""complete"",""config"":{""treatments"":[{""treatment"":{""name"":""SR_slider"",""factors"":{""condition"":""slider"",""opinion"":""slider"",""playerCount"":4,""sliderDirection"":""SquirrelsRabbits""}},""count"":1}]}}",2024-11-22T18:05:38.914572523Z,,,true,2024-11-22T18:05:38.930854602Z,"{""name"":""Default shared fail"",""kind"":""shared"",""duration"":300000000000,""strategy"":""fail""}",2024-11-22T18:05:38.914572523Z,terminated,2024-11-22T18:07:53.651784346Z
01JDAMQHC3923M66WN8TYC0STZ,"{""kind"":""complete"",""config"":{""treatments"":[{""treatment"":{""name"":""SR_slider"",""factors"":{""condition"":""slider"",""opinion"":""slider"",""playerCount"":4,""sliderDirection"":""SquirrelsRabbits""}},""count"":1}]}}",2024-11-22T19:14:09.411649939Z,,,true,2024-11-22T19:14:09.509499115Z,"{""name"":""Default shared fail"",""kind"":""shared"",""duration"":300000000000,""strategy"":""fail""}",2024-11-22T19:14:09.411649939Z,terminated,2024-11-22T19:28:42.208914769Z
01JDAMQZAQMD2G3E8H3KKHV3Y6,"{""kind"":""complete"",""config"":{""treatments"":[{""treatment"":{""name"":""SR_slider"",""factors"":{""condition"":""slider"",""opinion"":""slider"",""playerCount"":4,""sliderDirection"":""SquirrelsRabbits""}},""count"":1}]}}",2024-11-22T19:14:23.703136774Z,all games finished,2024-11-22T19:23:46.649976021Z,true,2024-11-22T19:14:23.78059716Z,"{""name"":""Default shared fail"",""kind"":""shared"",""duration"":300000000000,""strategy"":""fail""}",2024-11-22T19:14:23.703136774Z,ended,2024-11-22T19:23:46.649976021Z
01JDAFKARNZXEB2FQA9BPATT81,"{""kind"":""complete"",""config"":{""treatments"":[{""treatment"":{""name"":""SR_slider"",""factors"":{""condition"":""slider"",""opinion"":""slider"",""playerCount"":4,""sliderDirection"":""SquirrelsRabbits""}},""count"":1}]}}",2024-11-22T17:44:28.69393349Z,,,true,2024-11-22T17:44:28.704306611Z,"{""name"":""Default shared fail"",""kind"":""shared"",""duration"":300000000000,""strategy"":""fail""}",2024-11-22T17:44:28.69393349Z,terminated,2024-11-22T18:06:33.403861235Z
01JDAFKBK6BH9EA8F4DZ8E5C7Q,"{""kind"":""complete"",""config"":{""treatments"":[{""treatment"":{""name"":""SR_slider"",""factors"":{""condition"":""slider"",""opinion"":""slider"",""playerCount"":4,""sliderDirection"":""SquirrelsRabbits""}},""count"":1}]}}",2024-11-22T17:44:29.542382507Z,,,true,2024-11-22T17:44:29.551898027Z,"{""name"":""Default shared fail"",""kind"":""shared"",""duration"":300000000000,""strategy"":""fail""}",2024-11-22T17:44:29.542382507Z,terminated,2024-11-22T18:06:30.411307322Z
01JDAFKH895KZCSYD5VWC9QW32,"{""kind"":""complete"",""config"":{""treatments"":[{""treatment"":{""name"":""SR_slider"",""factors"":{""condition"":""slider"",""opinion"":""slider"",""playerCount"":4,""sliderDirection"":""SquirrelsRabbits""}},""count"":1}]}}",2024-11-22T17:44:35.337385344Z,,,true,2024-11-22T17:44:35.345733274Z,"{""name"":""Default shared fail"",""kind"":""shared"",""duration"":300000000000,""strategy"":""fail""}",2024-11-22T17:44:35.337385344Z,terminated,2024-11-22T18:05:58.298772862Z
01JDAMQYAP01FT4Q1PFS19G0PT,"{""kind"":""complete"",""config"":{""treatments"":[{""treatment"":{""name"":""SR_slider"",""factors"":{""condition"":""slider"",""opinion"":""slider"",""playerCount"":4,""sliderDirection"":""SquirrelsRabbits""}},""count"":1}]}}",2024-11-22T19:14:22.67870448Z,all games finished,2024-11-22T19:25:27.014578109Z,true,2024-11-22T19:14:22.778788219Z,"{""name"":""Default shared fail"",""kind"":""shared"",""duration"":300000000000,""strategy"":""fail""}",2024-11-22T19:14:22.67870448Z,ended,2024-11-22T19:25:27.014578109Z
01JDAP5V7PX29F939R911J2077,"{""kind"":""complete"",""config"":{""treatments"":[{""treatment"":{""name"":""RS_slider"",""factors"":{""condition"":""slider"",""opinion"":""slider"",""playerCount"":4,""sliderDirection"":""RabbitsSquirrels""}},""count"":1}]}}",2024-11-22T19:39:26.83856196Z,,,true,2024-11-22T19:39:27.286344766Z,"{""name"":""Default shared fail"",""kind"":""shared"",""duration"":300000000000,""strategy"":""fail""}",2024-11-22T19:39:26.83856196Z,terminated,2024-11-22T19:52:58.061656093Z
01JDAFJX53ACGNVE84GRKHFZ18,"{""kind"":""complete"",""config"":{""treatments"":[{""treatment"":{""name"":""SR_slider"",""factors"":{""condition"":""slider"",""opinion"":""slider"",""playerCount"":4,""sliderDirection"":""SquirrelsRabbits""}},""count"":1}]}}",2024-11-22T17:44:14.755122303Z,,,true,2024-11-22T17:44:14.766012467Z,"{""name"":""Default shared fail"",""kind"":""shared"",""duration"":300000000000,""strategy"":""fail""}",2024-11-22T17:44:14.755122303Z,terminated,2024-11-22T18:07:31.636787475Z
01JDAFKD5KE34KF9TH1KAH265R,"{""kind"":""complete"",""config"":{""treatments"":[{""treatment"":{""name"":""SR_slider"",""factors"":{""condition"":""slider"",""opinion"":""slider"",""playerCount"":4,""sliderDirection"":""SquirrelsRabbits""}},""count"":1}]}}",2024-11-22T17:44:31.155564483Z,,,true,2024-11-22T17:44:31.165712429Z,"{""name"":""Default shared fail"",""kind"":""shared"",""duration"":300000000000,""strategy"":""fail""}",2024-11-22T17:44:31.155564483Z,terminated,2024-11-22T18:06:18.24883994Z
01JDAHZ6J8BKEXAJ5V79BGNHBG,"{""kind"":""complete"",""config"":{""treatments"":[{""treatment"":{""name"":""SR_slider"",""factors"":{""condition"":""slider"",""opinion"":""slider"",""playerCount"":4,""sliderDirection"":""SquirrelsRabbits""}},""count"":1}]}}",2024-11-22T18:25:54.760562153Z,all games finished,2024-11-22T18:41:04.736636223Z,true,2024-11-22T18:25:54.775089605Z,"{""name"":""Default shared fail"",""kind"":""shared"",""duration"":300000000000,""strategy"":""fail""}",2024-11-22T18:25:54.760562153Z,ended,2024-11-22T18:41:04.736636223Z
01JDAFK5YVH90BT6SDMARRBWQH,"{""kind"":""complete"",""config"":{""treatments"":[{""treatment"":{""name"":""SR_slider"",""factors"":{""condition"":""slider"",""opinion"":""slider"",""playerCount"":4,""sliderDirection"":""SquirrelsRabbits""}},""count"":1}]}}",2024-11-22T17:44:23.771058176Z,,,true,2024-11-22T17:44:23.782300464Z,"{""name"":""Default shared fail"",""kind"":""shared"",""duration"":300000000000,""strategy"":""fail""}",2024-11-22T17:44:23.771058176Z,terminated,2024-11-22T18:06:51.634009421Z
01JDAHZ5ZJ1H0KRB6P8NNB97ZS,"{""kind"":""complete"",""config"":{""treatments"":[{""treatment"":{""name"":""SR_slider"",""factors"":{""condition"":""slider"",""opinion"":""slider"",""playerCount"":4,""sliderDirection"":""SquirrelsRabbits""}},""count"":1}]}}",2024-11-22T18:25:54.16218225Z,all games finished,2024-11-22T18:42:18.77871524Z,true,2024-11-22T18:25:54.185065072Z,"{""name"":""Default shared fail"",""kind"":""shared"",""duration"":300000000000,""strategy"":""fail""}",2024-11-22T18:25:54.16218225Z,ended,2024-11-22T18:42:18.77871524Z
01JDAPW8218Y4505BYTKE3XE68,"{""kind"":""complete"",""config"":{""treatments"":[{""treatment"":{""name"":""RS_slider"",""factors"":{""condition"":""slider"",""opinion"":""slider"",""playerCount"":4,""sliderDirection"":""RabbitsSquirrels""}},""count"":1}]}}",2024-11-22T19:51:40.865837545Z,all games finished,2024-11-22T20:13:34.7086264Z,true,2024-11-22T19:51:49.82371118Z,"{""name"":""Default shared fail"",""kind"":""shared"",""duration"":300000000000,""strategy"":""fail""}",2024-11-22T19:51:40.865837545Z,ended,2024-11-22T20:13:34.7086264Z
01JDASVZ3EFK763BRD7RMSNRP9,"{""kind"":""complete"",""config"":{""treatments"":[{""treatment"":{""name"":""RS_slider"",""factors"":{""condition"":""slider"",""opinion"":""slider"",""playerCount"":4,""sliderDirection"":""RabbitsSquirrels""}},""count"":1}]}}",2024-11-22T20:43:57.422869219Z,,,true,2024-11-22T20:44:39.748705158Z,"{""name"":""Default shared fail"",""kind"":""shared"",""duration"":300000000000,""strategy"":""fail""}",2024-11-22T20:43:57.422869219Z,terminated,2024-11-22T20:56:25.332109639Z
01JDAFJSCCCDS9H5YCQS7W0CDJ,"{""kind"":""complete"",""config"":{""treatments"":[{""treatment"":{""name"":""SR_slider"",""factors"":{""condition"":""slider"",""opinion"":""slider"",""playerCount"":4,""sliderDirection"":""SquirrelsRabbits""}},""count"":1}]}}",2024-11-22T17:44:10.892806399Z,,,true,2024-11-22T17:44:10.905338308Z,"{""name"":""Default shared fail"",""kind"":""shared"",""duration"":300000000000,""strategy"":""fail""}",2024-11-22T17:44:10.892806399Z,terminated,2024-11-22T18:07:45.984671466Z
01JDAFKTEWK6HYEQRVGGWS2E3Q,"{""kind"":""complete"",""config"":{""treatments"":[{""treatment"":{""name"":""SR_slider"",""factors"":{""condition"":""slider"",""opinion"":""slider"",""playerCount"":4,""sliderDirection"":""SquirrelsRabbits""}},""count"":1}]}}",2024-11-22T17:44:44.764941118Z,all games finished,2024-11-22T17:56:14.254596905Z,true,2024-11-22T17:44:44.774953369Z,"{""name"":""Default shared fail"",""kind"":""shared"",""duration"":300000000000,""strategy"":""fail""}",2024-11-22T17:44:44.764941118Z,ended,2024-11-22T17:56:14.254596905Z
01JDAHAG5MNBW1J9KNPHXKXD0A,"{""kind"":""complete"",""config"":{""treatments"":[{""treatment"":{""name"":""SR_slider"",""factors"":{""condition"":""slider"",""opinion"":""slider"",""playerCount"":4,""sliderDirection"":""SquirrelsRabbits""}},""count"":1}]}}",2024-11-22T18:14:36.468144278Z,all games finished,2024-11-22T18:22:11.656001314Z,true,2024-11-22T18:14:36.480803243Z,"{""name"":""Default shared fail"",""kind"":""shared"",""duration"":300000000000,""strategy"":""fail""}",2024-11-22T18:14:36.468144278Z,ended,2024-11-22T18:22:11.656001314Z
01JDAJJTW6N9J7DB811B3D36CW,"{""kind"":""complete"",""config"":{""treatments"":[{""treatment"":{""name"":""SR_slider"",""factors"":{""condition"":""slider"",""opinion"":""slider"",""playerCount"":4,""sliderDirection"":""SquirrelsRabbits""}},""count"":1}]}}",2024-11-22T18:36:38.150320888Z,all games finished,2024-11-22T18:45:37.345521967Z,true,2024-11-22T18:36:38.200402944Z,"{""name"":""Default shared fail"",""kind"":""shared"",""duration"":300000000000,""strategy"":""fail""}",2024-11-22T18:36:38.150320888Z,ended,2024-11-22T18:45:37.345521967Z
01JDAJRQR21F03YAK61ZPBRR80,"{""kind"":""complete"",""config"":{""treatments"":[{""treatment"":{""name"":""SR_slider"",""factors"":{""condition"":""slider"",""opinion"":""slider"",""playerCount"":4,""sliderDirection"":""SquirrelsRabbits""}},""count"":1}]}}",2024-11-22T18:39:51.55432126Z,,,true,2024-11-22T18:39:51.578193857Z,"{""name"":""Default shared fail"",""kind"":""shared"",""duration"":300000000000,""strategy"":""fail""}",2024-11-22T18:39:51.55432126Z,terminated,2024-11-22T18:53:00.553342811Z
01JDAFJZMM6F6HBBTT0DTDJATS,"{""kind"":""complete"",""config"":{""treatments"":[{""treatment"":{""name"":""SR_slider"",""factors"":{""condition"":""slider"",""opinion"":""slider"",""playerCount"":4,""sliderDirection"":""SquirrelsRabbits""}},""count"":1}]}}",2024-11-22T17:44:17.300563589Z,,,true,2024-11-22T17:44:17.310044945Z,"{""name"":""Default shared fail"",""kind"":""shared"",""duration"":300000000000,""strategy"":""fail""}",2024-11-22T17:44:17.300563589Z,terminated,2024-11-22T18:07:17.941095403Z
01JDAFKK4ZM7HXJ8REENKRH714,"{""kind"":""complete"",""config"":{""treatments"":[{""treatment"":{""name"":""SR_slider"",""factors"":{""condition"":""slider"",""opinion"":""slider"",""playerCount"":4,""sliderDirection"":""SquirrelsRabbits""}},""count"":1}]}}",2024-11-22T17:44:37.27957119Z,,,true,2024-11-22T17:44:37.286092477Z,"{""name"":""Default shared fail"",""kind"":""shared"",""duration"":300000000000,""strategy"":""fail""}",2024-11-22T17:44:37.27957119Z,terminated,2024-11-22T18:05:29.353056595Z
01JDAM2TSJ10JQWQGTW3340Q7R,"{""kind"":""complete"",""config"":{""treatments"":[{""treatment"":{""name"":""SR_slider"",""factors"":{""condition"":""slider"",""opinion"":""slider"",""playerCount"":4,""sliderDirection"":""SquirrelsRabbits""}},""count"":1}]}}",2024-11-22T19:02:50.930969768Z,all games finished,2024-11-22T19:12:51.504410264Z,true,2024-11-22T19:02:51.009126468Z,"{""name"":""Default shared fail"",""kind"":""shared"",""duration"":300000000000,""strategy"":""fail""}",2024-11-22T19:02:50.930969768Z,ended,2024-11-22T19:12:51.504410264Z
01JDAFK4HGJQ9TMC37VBE9N5G4,"{""kind"":""complete"",""config"":{""treatments"":[{""treatment"":{""name"":""SR_slider"",""factors"":{""condition"":""slider"",""opinion"":""slider"",""playerCount"":4,""sliderDirection"":""SquirrelsRabbits""}},""count"":1}]}}",2024-11-22T17:44:22.320118027Z,,,true,2024-11-22T17:44:22.327154956Z,"{""name"":""Default shared fail"",""kind"":""shared"",""duration"":300000000000,""strategy"":""fail""}",2024-11-22T17:44:22.320118027Z,terminated,2024-11-22T18:06:57.76194314Z
01JDAFKJD8S5DKDWE7WVJQ24K3,"{""kind"":""complete"",""config"":{""treatments"":[{""treatment"":{""name"":""SR_slider"",""factors"":{""condition"":""slider"",""opinion"":""slider"",""playerCount"":4,""sliderDirection"":""SquirrelsRabbits""}},""count"":1}]}}",2024-11-22T17:44:36.520187028Z,,,true,2024-11-22T17:44:36.527505941Z,"{""name"":""Default shared fail"",""kind"":""shared"",""duration"":300000000000,""strategy"":""fail""}",2024-11-22T17:44:36.520187028Z,terminated,2024-11-22T18:05:36.745518294Z
01JDAM84ZD3YKWJQBN5HK9M14D,"{""kind"":""complete"",""config"":{""treatments"":[{""treatment"":{""name"":""SR_slider"",""factors"":{""condition"":""slider"",""opinion"":""slider"",""playerCount"":4,""sliderDirection"":""SquirrelsRabbits""}},""count"":1}]}}",2024-11-22T19:05:45.197979153Z,all games finished,2024-11-22T19:21:05.207078248Z,true,2024-11-22T19:05:45.310455547Z,"{""name"":""Default shared fail"",""kind"":""shared"",""duration"":300000000000,""strategy"":""fail""}",2024-11-22T19:05:45.197979153Z,ended,2024-11-22T19:21:05.207078248Z
01JDAMQRZXVX9RCF6DFWCTCRN8,"{""kind"":""complete"",""config"":{""treatments"":[{""treatment"":{""name"":""SR_slider"",""factors"":{""condition"":""slider"",""opinion"":""slider"",""playerCount"":4,""sliderDirection"":""SquirrelsRabbits""}},""count"":1}]}}",2024-11-22T19:14:17.213095085Z,,,true,2024-11-22T19:14:17.265544322Z,"{""name"":""Default shared fail"",""kind"":""shared"",""duration"":300000000000,""strategy"":""fail""}",2024-11-22T19:14:17.213095085Z,terminated,2024-11-22T19:27:25.86292947Z
01JDAPVKN7Q57Q9RZTTAAS0G0G,"{""kind"":""complete"",""config"":{""treatments"":[{""treatment"":{""name"":""RS_slider"",""factors"":{""condition"":""slider"",""opinion"":""slider"",""playerCount"":4,""sliderDirection"":""RabbitsSquirrels""}},""count"":1}]}}",2024-11-22T19:51:19.975876382Z,all games finished,2024-11-22T20:57:55.409622013Z,true,2024-11-22T19:51:20.783547045Z,"{""name"":""Default shared fail"",""kind"":""shared"",""duration"":300000000000,""strategy"":""fail""}",2024-11-22T19:51:19.975876382Z,ended,2024-11-22T20:57:55.409622013Z
01JDASWATE5Z48HS2DCR1W15PW,"{""kind"":""complete"",""config"":{""treatments"":[{""treatment"":{""name"":""RS_slider"",""factors"":{""condition"":""slider"",""opinion"":""slider"",""playerCount"":4,""sliderDirection"":""RabbitsSquirrels""}},""count"":1}]}}",2024-11-22T20:44:09.422420099Z,,,true,2024-11-22T20:44:55.445174046Z,"{""name"":""Default shared fail"",""kind"":""shared"",""duration"":300000000000,""strategy"":""fail""}",2024-11-22T20:44:09.422420099Z,terminated,2024-11-22T20:53:58.260023458Z
01JDAFK351V0WAS7FH6ZSMYWEF,"{""kind"":""complete"",""config"":{""treatments"":[{""treatment"":{""name"":""SR_slider"",""factors"":{""condition"":""slider"",""opinion"":""slider"",""playerCount"":4,""sliderDirection"":""SquirrelsRabbits""}},""count"":1}]}}",2024-11-22T17:44:20.897155948Z,,,true,2024-11-22T17:44:20.904315791Z,"{""name"":""Default shared fail"",""kind"":""shared"",""duration"":300000000000,""strategy"":""fail""}",2024-11-22T17:44:20.897155948Z,terminated,2024-11-22T18:07:03.560835413Z
01JDAHVRZV9WJQX9TT0GVGQ53B,"{""kind"":""complete"",""config"":{""treatments"":[{""treatment"":{""name"":""SR_slider"",""factors"":{""condition"":""slider"",""opinion"":""slider"",""playerCount"":4,""sliderDirection"":""SquirrelsRabbits""}},""count"":1}]}}",2024-11-22T18:24:02.555444479Z,all games finished,2024-11-22T18:29:48.655536493Z,true,2024-11-22T18:24:02.573542388Z,"{""name"":""Default shared fail"",""kind"":""shared"",""duration"":300000000000,""strategy"":""fail""}",2024-11-22T18:24:02.555444479Z,ended,2024-11-22T18:29:48.655536493Z
01JDAKNYZHA1QXY8Q8ZA9B78EE,"{""kind"":""complete"",""config"":{""treatments"":[{""treatment"":{""name"":""SR_slider"",""factors"":{""condition"":""slider"",""opinion"":""slider"",""playerCount"":4,""sliderDirection"":""SquirrelsRabbits""}},""count"":1}]}}",2024-11-22T18:55:49.233920242Z,all games finished,2024-11-22T19:05:27.857251271Z,true,2024-11-22T18:55:49.271987188Z,"{""name"":""Default shared fail"",""kind"":""shared"",""duration"":300000000000,""strategy"":""fail""}",2024-11-22T18:55:49.233920242Z,ended,2024-11-22T19:05:27.857251271Z
01JDAPW79N6355MADMN6V919Z2,"{""kind"":""complete"",""config"":{""treatments"":[{""treatment"":{""name"":""RS_slider"",""factors"":{""condition"":""slider"",""opinion"":""slider"",""playerCount"":4,""sliderDirection"":""RabbitsSquirrels""}},""count"":1}]}}",2024-11-22T19:51:40.085741367Z,all games finished,2024-11-22T20:21:10.469709037Z,true,2024-11-22T19:51:43.97304909Z,"{""name"":""Default shared fail"",""kind"":""shared"",""duration"":300000000000,""strategy"":""fail""}",2024-11-22T19:51:40.085741367Z,ended,2024-11-22T20:21:10.469709037Z
01JDAFK6XCZH0XGVF8W90BPRBG,"{""kind"":""complete"",""config"":{""treatments"":[{""treatment"":{""name"":""SR_slider"",""factors"":{""condition"":""slider"",""opinion"":""slider"",""playerCount"":4,""sliderDirection"":""SquirrelsRabbits""}},""count"":1}]}}",2024-11-22T17:44:24.748842037Z,,,true,2024-11-22T17:44:24.759660997Z,"{""name"":""Default shared fail"",""kind"":""shared"",""duration"":300000000000,""strategy"":""fail""}",2024-11-22T17:44:24.748842037Z,terminated,2024-11-22T18:06:48.267893125Z
01JDAM85KVG90W044Z98XM16DB,"{""kind"":""complete"",""config"":{""treatments"":[{""treatment"":{""name"":""SR_slider"",""factors"":{""condition"":""slider"",""opinion"":""slider"",""playerCount"":4,""sliderDirection"":""SquirrelsRabbits""}},""count"":1}]}}",2024-11-22T19:05:45.851863027Z,all games finished,2024-11-22T19:20:00.537002685Z,true,2024-11-22T19:05:45.941604817Z,"{""name"":""Default shared fail"",""kind"":""shared"",""duration"":300000000000,""strategy"":""fail""}",2024-11-22T19:05:45.851863027Z,ended,2024-11-22T19:20:00.537002685Z
01JDASVWMQ2TZH543A9HNCNC0B,"{""kind"":""complete"",""config"":{""treatments"":[{""treatment"":{""name"":""RS_slider"",""factors"":{""condition"":""slider"",""opinion"":""slider"",""playerCount"":4,""sliderDirection"":""RabbitsSquirrels""}},""count"":1}]}}",2024-11-22T20:43:54.90398019Z,,,true,2024-11-22T20:44:19.40392764Z,"{""name"":""Default shared fail"",""kind"":""shared"",""duration"":300000000000,""strategy"":""fail""}",2024-11-22T20:43:54.90398019Z,created,2024-11-22T20:43:54.90398019Z
01JDASW90AZ187GE67SA77891H,"{""kind"":""complete"",""config"":{""treatments"":[{""treatment"":{""name"":""RS_slider"",""factors"":{""condition"":""slider"",""opinion"":""slider"",""playerCount"":4,""sliderDirection"":""RabbitsSquirrels""}},""count"":1}]}}",2024-11-22T20:44:07.562833724Z,,,true,2024-11-22T20:44:50.310841272Z,"{""name"":""Default shared fail"",""kind"":""shared"",""duration"":300000000000,""strategy"":""fail""}",2024-11-22T20:44:07.562833724Z,terminated,2024-11-22T20:54:00.400655532Z
01JDAFJTX4NAPTW174VA8VT5PM,"{""kind"":""complete"",""config"":{""treatments"":[{""treatment"":{""name"":""SR_slider"",""factors"":{""condition"":""slider"",""opinion"":""slider"",""playerCount"":4,""sliderDirection"":""SquirrelsRabbits""}},""count"":1}]}}",2024-11-22T17:44:12.453003035Z,,,true,2024-11-22T17:44:12.464270759Z,"{""name"":""Default shared fail"",""kind"":""shared"",""duration"":300000000000,""strategy"":""fail""}",2024-11-22T17:44:12.453003035Z,terminated,2024-11-22T18:07:41.168028168Z
01JDAFKE2RMG9H74TPC6NRA2VR,"{""kind"":""complete"",""config"":{""treatments"":[{""treatment"":{""name"":""SR_slider"",""factors"":{""condition"":""slider"",""opinion"":""slider"",""playerCount"":4,""sliderDirection"":""SquirrelsRabbits""}},""count"":1}]}}",2024-11-22T17:44:32.088335941Z,,,true,2024-11-22T17:44:32.099768806Z,"{""name"":""Default shared fail"",""kind"":""shared"",""duration"":300000000000,""strategy"":""fail""}",2024-11-22T17:44:32.088335941Z,terminated,2024-11-22T18:06:15.491281385Z
01JDAFKNWFQW76SQJ8J0R6VKGP,"{""kind"":""complete"",""config"":{""treatments"":[{""treatment"":{""name"":""SR_slider"",""factors"":{""condition"":""slider"",""opinion"":""slider"",""playerCount"":4,""sliderDirection"":""SquirrelsRabbits""}},""count"":1}]}}",2024-11-22T17:44:40.079247842Z,,,true,2024-11-22T17:44:40.090144838Z,"{""name"":""Default shared fail"",""kind"":""shared"",""duration"":300000000000,""strategy"":""fail""}",2024-11-22T17:44:40.079247842Z,terminated,2024-11-22T18:03:38.513878863Z
01JDAGRWETHMDKQYQVSFWB26T1,"{""kind"":""complete"",""config"":{""treatments"":[{""treatment"":{""name"":""SR_slider"",""factors"":{""condition"":""slider"",""opinion"":""slider"",""playerCount"":4,""sliderDirection"":""SquirrelsRabbits""}},""count"":1}]}}",2024-11-22T18:04:59.226489511Z,,,true,2024-11-22T18:04:59.239618642Z,"{""name"":""Default shared fail"",""kind"":""shared"",""duration"":300000000000,""strategy"":""fail""}",2024-11-22T18:04:59.226489511Z,terminated,2024-11-22T18:07:06.925583129Z
01JDAM2VVH90HMNHEN351M66QJ,"{""kind"":""complete"",""config"":{""treatments"":[{""treatment"":{""name"":""SR_slider"",""factors"":{""condition"":""slider"",""opinion"":""slider"",""playerCount"":4,""sliderDirection"":""SquirrelsRabbits""}},""count"":1}]}}",2024-11-22T19:02:52.017503195Z,all games finished,2024-11-22T19:13:14.654017667Z,true,2024-11-22T19:02:52.126977025Z,"{""name"":""Default shared fail"",""kind"":""shared"",""duration"":300000000000,""strategy"":""fail""}",2024-11-22T19:02:52.017503195Z,ended,2024-11-22T19:13:14.654017667Z
01JDAPW0ZC2JV0QSHYXVWXWZQP,"{""kind"":""complete"",""config"":{""treatments"":[{""treatment"":{""name"":""RS_slider"",""factors"":{""condition"":""slider"",""opinion"":""slider"",""playerCount"":4,""sliderDirection"":""RabbitsSquirrels""}},""count"":1}]}}",2024-11-22T19:51:33.61227666Z,all games finished,2024-11-22T20:34:57.912482166Z,true,2024-11-22T19:51:35.810218179Z,"{""name"":""Default shared fail"",""kind"":""shared"",""duration"":300000000000,""strategy"":""fail""}",2024-11-22T19:51:33.61227666Z,ended,2024-11-22T20:34:57.912482166Z
01JDAFK58SZK2WTQV8CNM3VSH4,"{""kind"":""complete"",""config"":{""treatments"":[{""treatment"":{""name"":""SR_slider"",""factors"":{""condition"":""slider"",""opinion"":""slider"",""playerCount"":4,""sliderDirection"":""SquirrelsRabbits""}},""count"":1}]}}",2024-11-22T17:44:23.065133922Z,,,true,2024-11-22T17:44:23.07617045Z,"{""name"":""Default shared fail"",""kind"":""shared"",""duration"":300000000000,""strategy"":""fail""}",2024-11-22T17:44:23.065133922Z,terminated,2024-11-22T18:06:54.46051761Z
01JDAH593812KH3M200D1ZNNMX,"{""kind"":""complete"",""config"":{""treatments"":[{""treatment"":{""name"":""SR_slider"",""factors"":{""condition"":""slider"",""opinion"":""slider"",""playerCount"":4,""sliderDirection"":""SquirrelsRabbits""}},""count"":1}]}}",2024-11-22T18:11:45.384548176Z,all games finished,2024-11-22T18:28:04.022682622Z,true,2024-11-22T18:11:45.399675051Z,"{""name"":""Default shared fail"",""kind"":""shared"",""duration"":300000000000,""strategy"":""fail""}",2024-11-22T18:11:45.384548176Z,ended,2024-11-22T18:28:04.022682622Z
01JDAH5A0FE7G23H405ZVZPHMD,"{""kind"":""complete"",""config"":{""treatments"":[{""treatment"":{""name"":""SR_slider"",""factors"":{""condition"":""slider"",""opinion"":""slider"",""playerCount"":4,""sliderDirection"":""SquirrelsRabbits""}},""count"":1}]}}",2024-11-22T18:11:46.319735192Z,all games finished,2024-11-22T18:25:07.950818723Z,true,2024-11-22T18:11:46.329211154Z,"{""name"":""Default shared fail"",""kind"":""shared"",""duration"":300000000000,""strategy"":""fail""}",2024-11-22T18:11:46.319735192Z,ended,2024-11-22T18:25:07.950818723Z
01JDAMR0MME5K4R8KFTWR4M5XE,"{""kind"":""complete"",""config"":{""treatments"":[{""treatment"":{""name"":""SR_slider"",""factors"":{""condition"":""slider"",""opinion"":""slider"",""playerCount"":4,""sliderDirection"":""SquirrelsRabbits""}},""count"":1}]}}",2024-11-22T19:14:25.044578812Z,all games finished,2024-11-22T19:20:42.805193865Z,true,2024-11-22T19:14:25.227469384Z,"{""name"":""Default shared fail"",""kind"":""shared"",""duration"":300000000000,""strategy"":""fail""}",2024-11-22T19:14:25.044578812Z,ended,2024-11-22T19:20:42.805193865Z
01JDASVXZP09WY1YN5Z2HPK0H9,"{""kind"":""complete"",""config"":{""treatments"":[{""treatment"":{""name"":""RS_slider"",""factors"":{""condition"":""slider"",""opinion"":""slider"",""playerCount"":4,""sliderDirection"":""RabbitsSquirrels""}},""count"":1}]}}",2024-11-22T20:43:56.27831392Z,,,true,2024-11-22T20:44:36.08347082Z,"{""name"":""Default shared fail"",""kind"":""shared"",""duration"":300000000000,""strategy"":""fail""}",2024-11-22T20:43:56.27831392Z,created,2024-11-22T20:43:56.27831392Z
01JDAFK1NW7BSARDWHJJ0GBX07,"{""kind"":""complete"",""config"":{""treatments"":[{""treatment"":{""name"":""SR_slider"",""factors"":{""condition"":""slider"",""opinion"":""slider"",""playerCount"":4,""sliderDirection"":""SquirrelsRabbits""}},""count"":1}]}}",2024-11-22T17:44:19.388694373Z,,,true,2024-11-22T17:44:19.404054525Z,"{""name"":""Default shared fail"",""kind"":""shared"",""duration"":300000000000,""strategy"":""fail""}",2024-11-22T17:44:19.388694373Z,terminated,2024-11-22T18:07:12.64416556Z
01JDAFK8A07GCE2P4XBQPCXFC2,"{""kind"":""complete"",""config"":{""treatments"":[{""treatment"":{""name"":""SR_slider"",""factors"":{""condition"":""slider"",""opinion"":""slider"",""playerCount"":4,""sliderDirection"":""SquirrelsRabbits""}},""count"":1}]}}",2024-11-22T17:44:26.176208169Z,,,true,2024-11-22T17:44:26.186200516Z,"{""name"":""Default shared fail"",""kind"":""shared"",""duration"":300000000000,""strategy"":""fail""}",2024-11-22T17:44:26.176208169Z,terminated,2024-11-22T18:06:41.649670261Z
01JDAJRRSJS6C1P1T7V1AVBAYQ,"{""kind"":""complete"",""config"":{""treatments"":[{""treatment"":{""name"":""SR_slider"",""factors"":{""condition"":""slider"",""opinion"":""slider"",""playerCount"":4,""sliderDirection"":""SquirrelsRabbits""}},""count"":1}]}}",2024-11-22T18:39:52.626801507Z,all games finished,2024-11-22T18:53:48.045563879Z,true,2024-11-22T18:39:52.665163323Z,"{""name"":""Default shared fail"",""kind"":""shared"",""duration"":300000000000,""strategy"":""fail""}",2024-11-22T18:39:52.626801507Z,ended,2024-11-22T18:53:48.045563879Z
01JDAFK2FP114KDMXNW7GA507B,"{""kind"":""complete"",""config"":{""treatments"":[{""treatment"":{""name"":""SR_slider"",""factors"":{""condition"":""slider"",""opinion"":""slider"",""playerCount"":4,""sliderDirection"":""SquirrelsRabbits""}},""count"":1}]}}",2024-11-22T17:44:20.214337747Z,,,true,2024-11-22T17:44:20.222468072Z,"{""name"":""Default shared fail"",""kind"":""shared"",""duration"":300000000000,""strategy"":""fail""}",2024-11-22T17:44:20.214337747Z,terminated,2024-11-22T18:07:10.085775235Z
01JDAFKN8CV0CRDGH9QXY8JMTN,"{""kind"":""complete"",""config"":{""treatments"":[{""treatment"":{""name"":""SR_slider"",""factors"":{""condition"":""slider"",""opinion"":""slider"",""playerCount"":4,""sliderDirection"":""SquirrelsRabbits""}},""count"":1}]}}",2024-11-22T17:44:39.436198463Z,,,true,2024-11-22T17:44:39.443274204Z,"{""name"":""Default shared fail"",""kind"":""shared"",""duration"":300000000000,""strategy"":""fail""}",2024-11-22T17:44:39.436198463Z,terminated,2024-11-22T18:04:35.386562105Z
01JDAGQZ0DA6P87AZHKRMTFXJ8,"{""kind"":""complete"",""config"":{""treatments"":[{""treatment"":{""name"":""SR_slider"",""factors"":{""condition"":""slider"",""opinion"":""slider"",""playerCount"":4,""sliderDirection"":""SquirrelsRabbits""}},""count"":1}]}}",2024-11-22T18:04:29.069600449Z,all games finished,2024-11-22T18:12:00.650332395Z,true,2024-11-22T18:04:29.087650095Z,"{""name"":""Default shared fail"",""kind"":""shared"",""duration"":300000000000,""strategy"":""fail""}",2024-11-22T18:04:29.069600449Z,ended,2024-11-22T18:12:00.650332395Z
01JDAJRSF5W4AK9M0GQ6JNVFC9,"{""kind"":""complete"",""config"":{""treatments"":[{""treatment"":{""name"":""SR_slider"",""factors"":{""condition"":""slider"",""opinion"":""slider"",""playerCount"":4,""sliderDirection"":""SquirrelsRabbits""}},""count"":1}]}}",2024-11-22T18:39:53.317731604Z,all games finished,2024-11-22T18:49:31.608381369Z,true,2024-11-22T18:39:53.341992409Z,"{""name"":""Default shared fail"",""kind"":""shared"",""duration"":300000000000,""strategy"":""fail""}",2024-11-22T18:39:53.317731604Z,ended,2024-11-22T18:49:31.608381369Z
01JDAPA1C19K0NQZZH7FZ09D4C,"{""kind"":""complete"",""config"":{""treatments"":[{""treatment"":{""name"":""SR_slider"",""factors"":{""condition"":""slider"",""opinion"":""slider"",""playerCount"":4,""sliderDirection"":""SquirrelsRabbits""}},""count"":1}]}}",2024-11-22T19:41:44.193629756Z,all games finished,2024-11-22T20:02:39.087627771Z,true,2024-11-22T19:41:44.341302057Z,"{""name"":""Default shared fail"",""kind"":""shared"",""duration"":300000000000,""strategy"":""fail""}",2024-11-22T19:41:44.193629756Z,ended,2024-11-22T20:02:39.087627771Z
01JDAFK7NCYDVB04SQTN0T411K,"{""kind"":""complete"",""config"":{""treatments"":[{""treatment"":{""name"":""SR_slider"",""factors"":{""condition"":""slider"",""opinion"":""slider"",""playerCount"":4,""sliderDirection"":""SquirrelsRabbits""}},""count"":1}]}}",2024-11-22T17:44:25.516349932Z,,,true,2024-11-22T17:44:25.53038563Z,"{""name"":""Default shared fail"",""kind"":""shared"",""duration"":300000000000,""strategy"":""fail""}",2024-11-22T17:44:25.516349932Z,terminated,2024-11-22T18:06:45.504769409Z
01JDAHN0PXQ02WS4AZPQ2A3B4V,"{""kind"":""complete"",""config"":{""treatments"":[{""treatment"":{""name"":""SR_slider"",""factors"":{""condition"":""slider"",""opinion"":""slider"",""playerCount"":4,""sliderDirection"":""SquirrelsRabbits""}},""count"":1}]}}",2024-11-22T18:20:21.085216443Z,all games finished,2024-11-22T18:33:09.329975515Z,true,2024-11-22T18:20:21.102447893Z,"{""name"":""Default shared fail"",""kind"":""shared"",""duration"":300000000000,""strategy"":""fail""}",2024-11-22T18:20:21.085216443Z,ended,2024-11-22T18:33:09.329975515Z
01JDAHVQ623BWMFK087YFQW2C9,"{""kind"":""complete"",""config"":{""treatments"":[{""treatment"":{""name"":""SR_slider"",""factors"":{""condition"":""slider"",""opinion"":""slider"",""playerCount"":4,""sliderDirection"":""SquirrelsRabbits""}},""count"":1}]}}",2024-11-22T18:24:00.70686463Z,all games finished,2024-11-22T18:30:59.59356882Z,true,2024-11-22T18:24:00.729284729Z,"{""name"":""Default shared fail"",""kind"":""shared"",""duration"":300000000000,""strategy"":""fail""}",2024-11-22T18:24:00.70686463Z,ended,2024-11-22T18:30:59.59356882Z
01JDAJRS2C31SJFAH770441W5H,"{""kind"":""complete"",""config"":{""treatments"":[{""treatment"":{""name"":""SR_slider"",""factors"":{""condition"":""slider"",""opinion"":""slider"",""playerCount"":4,""sliderDirection"":""SquirrelsRabbits""}},""count"":1}]}}",2024-11-22T18:39:52.908251678Z,all games finished,2024-11-22T18:49:40.418856748Z,true,2024-11-22T18:39:52.932008052Z,"{""name"":""Default shared fail"",""kind"":""shared"",""duration"":300000000000,""strategy"":""fail""}",2024-11-22T18:39:52.908251678Z,ended,2024-11-22T18:49:40.418856748Z
01JDAKPH2WV446PKR5WWSBJDC4,"{""kind"":""complete"",""config"":{""treatments"":[{""treatment"":{""name"":""SR_slider"",""factors"":{""condition"":""slider"",""opinion"":""slider"",""playerCount"":4,""sliderDirection"":""SquirrelsRabbits""}},""count"":1}]}}",2024-11-22T18:56:07.772887564Z,,,true,2024-11-22T18:56:07.82457966Z,"{""name"":""Default shared fail"",""kind"":""shared"",""duration"":300000000000,""strategy"":""fail""}",2024-11-22T18:56:07.772887564Z,terminated,2024-11-22T18:56:37.698834357Z
01JDAQ0PBRDF9QF53CB2YGQVFX,"{""kind"":""complete"",""config"":{""treatments"":[{""treatment"":{""name"":""RS_slider"",""factors"":{""condition"":""slider"",""opinion"":""slider"",""playerCount"":4,""sliderDirection"":""RabbitsSquirrels""}},""count"":1}]}}",2024-11-22T19:54:06.584820199Z,,,true,2024-11-22T19:54:07.204975453Z,"{""name"":""Default shared fail"",""kind"":""shared"",""duration"":300000000000,""strategy"":""fail""}",2024-11-22T19:54:06.584820199Z,terminated,2024-11-22T20:07:18.590679419Z
01JDAFK9XYW09H8DAPAPTAXF5N,"{""kind"":""complete"",""config"":{""treatments"":[{""treatment"":{""name"":""SR_slider"",""factors"":{""condition"":""slider"",""opinion"":""slider"",""playerCount"":4,""sliderDirection"":""SquirrelsRabbits""}},""count"":1}]}}",2024-11-22T17:44:27.839008928Z,,,true,2024-11-22T17:44:27.847412774Z,"{""name"":""Default shared fail"",""kind"":""shared"",""duration"":300000000000,""strategy"":""fail""}",2024-11-22T17:44:27.839008928Z,terminated,2024-11-22T18:06:36.139456867Z
01JDAMQFNJD4XVVZ6SKW9NRDA9,"{""kind"":""complete"",""config"":{""treatments"":[{""treatment"":{""name"":""SR_slider"",""factors"":{""condition"":""slider"",""opinion"":""slider"",""playerCount"":4,""sliderDirection"":""SquirrelsRabbits""}},""count"":1}]}}",2024-11-22T19:14:07.667020852Z,all games finished,2024-11-22T19:35:30.569923458Z,true,2024-11-22T19:14:07.804343376Z,"{""name"":""Default shared fail"",""kind"":""shared"",""duration"":300000000000,""strategy"":""fail""}",2024-11-22T19:14:07.667020852Z,ended,2024-11-22T19:35:30.569923458Z
01JDAFJFBBTVWEJMY35W90JG8D,"{""kind"":""complete"",""config"":{""treatments"":[{""treatment"":{""name"":""SR_slider"",""factors"":{""condition"":""slider"",""opinion"":""slider"",""playerCount"":4,""sliderDirection"":""SquirrelsRabbits""}},""count"":1}]}}",2024-11-22T17:44:00.620033202Z,,,true,2024-11-22T17:44:00.673222748Z,"{""name"":""Default shared fail"",""kind"":""shared"",""duration"":300000000000,""strategy"":""fail""}",2024-11-22T17:44:00.620033202Z,terminated,2024-11-22T17:45:20.68312776Z
01JDAFKSC7Y4WZE1GRBHNQX5MS,"{""kind"":""complete"",""config"":{""treatments"":[{""treatment"":{""name"":""SR_slider"",""factors"":{""condition"":""slider"",""opinion"":""slider"",""playerCount"":4,""sliderDirection"":""SquirrelsRabbits""}},""count"":1}]}}",2024-11-22T17:44:43.655700772Z,,,true,2024-11-22T17:44:43.66682129Z,"{""name"":""Default shared fail"",""kind"":""shared"",""duration"":300000000000,""strategy"":""fail""}",2024-11-22T17:44:43.655700772Z,terminated,2024-11-22T17:56:36.869741358Z
01JDAM83H64R2P3YG7EZD8H22J,"{""kind"":""complete"",""config"":{""treatments"":[{""treatment"":{""name"":""SR_slider"",""factors"":{""condition"":""slider"",""opinion"":""slider"",""playerCount"":4,""sliderDirection"":""SquirrelsRabbits""}},""count"":1}]}}",2024-11-22T19:05:43.718791843Z,all games finished,2024-11-22T19:44:58.36813884Z,true,2024-11-22T19:05:43.819425863Z,"{""name"":""Default shared fail"",""kind"":""shared"",""duration"":300000000000,""strategy"":""fail""}",2024-11-22T19:05:43.718791843Z,ended,2024-11-22T19:44:58.36813884Z
01JDAMQCQVMG0HYAH2M9HPP6J4,"{""kind"":""complete"",""config"":{""treatments"":[{""treatment"":{""name"":""SR_slider"",""factors"":{""condition"":""slider"",""opinion"":""slider"",""playerCount"":4,""sliderDirection"":""SquirrelsRabbits""}},""count"":1}]}}",2024-11-22T19:14:04.667805196Z,all games finished,2024-11-22T19:42:12.643769059Z,true,2024-11-22T19:14:04.728314978Z,"{""name"":""Default shared fail"",""kind"":""shared"",""duration"":300000000000,""strategy"":""fail""}",2024-11-22T19:14:04.667805196Z,ended,2024-11-22T19:42:12.643769059Z
01JDARZK9PSFZTJH5PJAHDNYW5,"{""kind"":""complete"",""config"":{""treatments"":[{""treatment"":{""name"":""RS_slider"",""factors"":{""condition"":""slider"",""opinion"":""slider"",""playerCount"":4,""sliderDirection"":""RabbitsSquirrels""}},""count"":1}]}}",2024-11-22T20:28:27.830891313Z,,,true,2024-11-22T20:28:34.321186661Z,"{""name"":""Default shared fail"",""kind"":""shared"",""duration"":300000000000,""strategy"":""fail""}",2024-11-22T20:28:27.830891313Z,terminated,2024-11-22T20:38:20.263164601Z
01JDAJRRCN9X2G7M34BDMKD2SK,"{""kind"":""complete"",""config"":{""treatments"":[{""treatment"":{""name"":""SR_slider"",""factors"":{""condition"":""slider"",""opinion"":""slider"",""playerCount"":4,""sliderDirection"":""SquirrelsRabbits""}},""count"":1}]}}",2024-11-22T18:39:52.213046713Z,all games finished,2024-11-22T18:55:53.767396641Z,true,2024-11-22T18:39:52.238744953Z,"{""name"":""Default shared fail"",""kind"":""shared"",""duration"":300000000000,""strategy"":""fail""}",2024-11-22T18:39:52.213046713Z,ended,2024-11-22T18:55:53.767396641Z
01JDAMQWCJV05FHJV91AX3JK41,"{""kind"":""complete"",""config"":{""treatments"":[{""treatment"":{""name"":""SR_slider"",""factors"":{""condition"":""slider"",""opinion"":""slider"",""playerCount"":4,""sliderDirection"":""SquirrelsRabbits""}},""count"":1}]}}",2024-11-22T19:14:20.690802957Z,all games finished,2024-11-22T19:27:36.315741046Z,true,2024-11-22T19:14:20.8691946Z,"{""name"":""Default shared fail"",""kind"":""shared"",""duration"":300000000000,""strategy"":""fail""}",2024-11-22T19:14:20.690802957Z,ended,2024-11-22T19:27:36.315741046Z
01JDASWBKC0TZAJ538JGQSSTMB,"{""kind"":""complete"",""config"":{""treatments"":[{""treatment"":{""name"":""RS_slider"",""factors"":{""condition"":""slider"",""opinion"":""slider"",""playerCount"":4,""sliderDirection"":""RabbitsSquirrels""}},""count"":1}]}}",2024-11-22T20:44:10.220512721Z,,,true,2024-11-22T20:44:54.918671375Z,"{""name"":""Default shared fail"",""kind"":""shared"",""duration"":300000000000,""strategy"":""fail""}",2024-11-22T20:44:10.220512721Z,terminated,2024-11-22T20:52:37.132171921Z
01JDASVQ9425FXX0M30A87KAPN,"{""kind"":""complete"",""config"":{""treatments"":[{""treatment"":{""name"":""RS_slider"",""factors"":{""condition"":""slider"",""opinion"":""slider"",""playerCount"":4,""sliderDirection"":""RabbitsSquirrels""}},""count"":1}]}}",2024-11-22T20:43:49.412626744Z,,,true,2024-11-22T20:44:08.03676033Z,"{""name"":""Default shared fail"",""kind"":""shared"",""duration"":300000000000,""strategy"":""fail""}",2024-11-22T20:43:49.412626744Z,created,2024-11-22T20:43:49.412626744Z
01JDASW23HVHK0B67WVQS4ZJ2M,"{""kind"":""complete"",""config"":{""treatments"":[{""treatment"":{""name"":""RS_slider"",""factors"":{""condition"":""slider"",""opinion"":""slider"",""playerCount"":4,""sliderDirection"":""RabbitsSquirrels""}},""count"":1}]}}",2024-11-22T20:44:00.497403714Z,all games finished,2024-11-22T20:59:59.145138447Z,true,2024-11-22T20:44:44.792983768Z,"{""name"":""Default shared fail"",""kind"":""shared"",""duration"":300000000000,""strategy"":""fail""}",2024-11-22T20:44:00.497403714Z,ended,2024-11-22T20:59:59.145138447Z
01JDAFJRKYMVJX2KSFPTG7MH10,"{""kind"":""complete"",""config"":{""treatments"":[{""treatment"":{""name"":""SR_slider"",""factors"":{""condition"":""slider"",""opinion"":""slider"",""playerCount"":4,""sliderDirection"":""SquirrelsRabbits""}},""count"":1}]}}",2024-11-22T17:44:10.110656197Z,,,true,2024-11-22T17:44:10.12064632Z,"{""name"":""Default shared fail"",""kind"":""shared"",""duration"":300000000000,""strategy"":""fail""}",2024-11-22T17:44:10.110656197Z,terminated,2024-11-22T18:07:48.40829374Z
01JDAFJYWEQ2NQA66RV8DXHCYS,"{""kind"":""complete"",""config"":{""treatments"":[{""treatment"":{""name"":""SR_slider"",""factors"":{""condition"":""slider"",""opinion"":""slider"",""playerCount"":4,""sliderDirection"":""SquirrelsRabbits""}},""count"":1}]}}",2024-11-22T17:44:16.526070622Z,,,true,2024-11-22T17:44:16.535766152Z,"{""name"":""Default shared fail"",""kind"":""shared"",""duration"":300000000000,""strategy"":""fail""}",2024-11-22T17:44:16.526070622Z,terminated,2024-11-22T18:07:26.717348217Z
01JDAHZ5D9BY54P8RETBRBEQ5E,"{""kind"":""complete"",""config"":{""treatments"":[{""treatment"":{""name"":""SR_slider"",""factors"":{""condition"":""slider"",""opinion"":""slider"",""playerCount"":4,""sliderDirection"":""SquirrelsRabbits""}},""count"":1}]}}",2024-11-22T18:25:53.577792187Z,,,true,2024-11-22T18:25:53.59464969Z,"{""name"":""Default shared fail"",""kind"":""shared"",""duration"":300000000000,""strategy"":""fail""}",2024-11-22T18:25:53.577792187Z,terminated,2024-11-22T18:52:46.532178651Z
01JDAPVDQQT5Q7HWH69VTGFVY5,"{""kind"":""complete"",""config"":{""treatments"":[{""treatment"":{""name"":""RS_slider"",""factors"":{""condition"":""slider"",""opinion"":""slider"",""playerCount"":4,""sliderDirection"":""RabbitsSquirrels""}},""count"":1}]}}",2024-11-22T19:51:13.911249719Z,,,true,2024-11-22T19:51:18.407208536Z,"{""name"":""Default shared fail"",""kind"":""shared"",""duration"":300000000000,""strategy"":""fail""}",2024-11-22T19:51:13.911249719Z,created,2024-11-22T19:51:13.911249719Z
01JDAPW5673VAZ9E1CSM7C7AKQ,"{""kind"":""complete"",""config"":{""treatments"":[{""treatment"":{""name"":""RS_slider"",""factors"":{""condition"":""slider"",""opinion"":""slider"",""playerCount"":4,""sliderDirection"":""RabbitsSquirrels""}},""count"":1}]}}",2024-11-22T19:51:37.927905346Z,all games finished,2024-11-22T20:25:23.73652656Z,true,2024-11-22T19:51:42.782113518Z,"{""name"":""Default shared fail"",""kind"":""shared"",""duration"":300000000000,""strategy"":""fail""}",2024-11-22T19:51:37.927905346Z,ended,2024-11-22T20:25:23.73652656Z
01JDARZKMM0F4AF2HDN325T8KK,"{""kind"":""complete"",""config"":{""treatments"":[{""treatment"":{""name"":""RS_slider"",""factors"":{""condition"":""slider"",""opinion"":""slider"",""playerCount"":4,""sliderDirection"":""RabbitsSquirrels""}},""count"":1}]}}",2024-11-22T20:28:28.180523529Z,all games finished,2024-11-22T20:46:02.946320545Z,true,2024-11-22T20:28:34.620582571Z,"{""name"":""Default shared fail"",""kind"":""shared"",""duration"":300000000000,""strategy"":""fail""}",2024-11-22T20:28:28.180523529Z,ended,2024-11-22T20:46:02.946320545Z
