id,batchID,batchIDLastChangedAt,gameID,gameIDLastChangedAt,playerID,playerIDLastChangedAt
01JDAN313E9KVB059A5GAB8FDC,01JDAMQYAP01FT4Q1PFS19G0PT,2024-11-22T19:20:25.966714919Z,01JDAMQYJ3WHC5CEZAT4T1JW6E,2024-11-22T19:20:25.966714919Z,01JDAMSMNTPN4B6KWQFZ8XQZXR,2024-11-22T19:20:25.966714919Z
01JDAP2J5STC05WXVNEFAFCW2T,01JDAMQCQVMG0HYAH2M9HPP6J4,2024-11-22T19:37:39.257084905Z,01JDAMQCW6X37SCNZDXN7RRQHK,2024-11-22T19:37:39.257084905Z,01JDANASAB7YEJEG3CFR61K6YB,2024-11-22T19:37:39.257084905Z
01JDAH3V6XNMZ7SZQ0VJ2GKXKM,01JDAGY7S217P5T9V7NJR1FC04,2024-11-22T18:10:58.397954355Z,01JDAGY7SD98WFY7GQYRSWXS7M,2024-11-22T18:10:58.397954355Z,01JDAGRNPPPV714JTB38C3693Y,2024-11-22T18:10:58.397954355Z
01JDAHXQ0YERNTAZ2YQZ1BXMZR,01JDAHN1PDS2QGCVFBMQ6D7B4G,2024-11-22T18:25:06.078435073Z,01JDAHN1Q5BEENCKDRE4AZ47MR,2024-11-22T18:25:06.078435073Z,01JDAHQZX2Y8G2PE9Q94ES1SCS,2024-11-22T18:25:06.078435073Z
01JDAJ1V29Y7JVA2DN4ZTKTKMM,01JDAHVQ623BWMFK087YFQW2C9,2024-11-22T18:27:21.289133766Z,01JDAHVQ6M98P9DHBPDWAV5C8H,2024-11-22T18:27:21.289133766Z,01JDAHQJBYT69TZFM605CE8BQC,2024-11-22T18:27:21.289133766Z
01JDAJKE8312P7VZDF6EH97EZC,01JDAHZ6J8BKEXAJ5V79BGNHBG,2024-11-22T18:36:57.987936368Z,01JDAHZ6K6FTEKW298M54A4G2M,2024-11-22T18:36:57.987936368Z,01JDAJC57ZCJH98WSM835G3198,2024-11-22T18:36:57.987936368Z
01JDARD6XEC4K66GY5QVDD5TW3,01JDAPW2C00ZF3AQXAVKX8TVSF,2024-11-22T20:18:25.326212808Z,01JDAPW74HW72837H4YJGX4W4C,2024-11-22T20:18:25.326212808Z,01JDARD012Y45759VM0HC32PTH,2024-11-22T20:18:25.326212808Z
01JDASGY7XB9N11XT3Q5GP3SD4,01JDARZKMM0F4AF2HDN325T8KK,2024-11-22T20:37:56.093672439Z,01JDARZT45HWB1EH88QFRKY224,2024-11-22T20:37:56.093672439Z,01JDARWHFC63Y80C561VPV62X4,2024-11-22T20:37:56.093672439Z
01JDAJKE7G5YPQKFK1RYXEARR4,01JDAHZ6J8BKEXAJ5V79BGNHBG,2024-11-22T18:36:57.968576297Z,01JDAHZ6K6FTEKW298M54A4G2M,2024-11-22T18:36:57.968576297Z,01JDAJAV4KKXSWP088FZRFT81M,2024-11-22T18:36:57.968576297Z
01JDAS8ZHTNAPFNKK1Q33XQCXF,01JDAPVNQ96GFRAX00Y5BBB6G7,2024-11-22T20:33:35.290520019Z,01JDAPVPB3M90NNTGBHNKCMB2M,2024-11-22T20:33:35.290520019Z,01JDARWN2SCHZZREKDPEA53YX6,2024-11-22T20:33:35.290520019Z
01JDAT02TAXXQP9K5VN2S11YBY,01JDAPVKN7Q57Q9RZTTAAS0G0G,2024-11-22T20:46:12.298253147Z,01JDAPVMMAB3A1KAN5X85F5YDM,2024-11-22T20:46:12.298253147Z,01JDASN9DMBV2WCKZVJ4RDKFXQ,2024-11-22T20:46:12.298253147Z
01JDAP2JHQ9SJFH066AB68MVZD,01JDAMQCQVMG0HYAH2M9HPP6J4,2024-11-22T19:37:39.63927301Z,01JDAMQCW6X37SCNZDXN7RRQHK,2024-11-22T19:37:39.63927301Z,01JDANVHN97V24BV78PK0VJ8ME,2024-11-22T19:37:39.63927301Z
01JDAPV3RXEWCH81NRTZ20SPMH,01JDAP5V7PX29F939R911J2077,2024-11-22T19:51:03.709239919Z,01JDAP5VRRRD5902VYXV8NFPS5,2024-11-22T19:51:03.709239919Z,01JDAPJSN96ZWZ8AN7YN5MQG9C,2024-11-22T19:51:03.709239919Z
01JDASV0YS174RRSEB7QRJR6VY,01JDARZHR1FDN7X9XN89QR9BYF,2024-11-22T20:43:26.554039419Z,01JDARZMCFXKGVM7X7E9MZHG13,2024-11-22T20:43:26.554039419Z,01JDASMNDS2TBAPAD4ENN770TF,2024-11-22T20:43:26.554039419Z
01JDAT3SSV281DM3N3VF3HK275,01JDASW23HVHK0B67WVQS4ZJ2M,2024-11-22T20:48:14.139671451Z,01JDASXE2GXDXPWGXTRF4XMGDD,2024-11-22T20:48:14.139671451Z,01JDASPBXT963AGTS8FYBHVKRR,2024-11-22T20:48:14.139671451Z
01JDAHBRXR3Z3SSM6BSQAP64M3,01JDAH5DCP9PY7QX63WRAQ1BS4,2024-11-22T18:15:18.200355799Z,01JDAH5DD3QWFSNPG2H8QN0FY6,2024-11-22T18:15:18.200355799Z,01JDAH5PJZB7314AXT7ZYG6TVA,2024-11-22T18:15:18.200355799Z
01JDAJTVW9SKV6S71NCX6SYSJA,01JDAJJTW6N9J7DB811B3D36CW,2024-11-22T18:41:01.321134959Z,01JDAJJTX691FFKCZWBA3V6B2N,2024-11-22T18:41:01.321134959Z,01JDAHXSASH0VDTVHZN0AJGFTX,2024-11-22T18:41:01.321134959Z
01JDANBGVJHXWEWJJVFZ0HP033,01JDAMQRZXVX9RCF6DFWCTCRN8,2024-11-22T19:25:04.24208664Z,01JDAMQS4NCHSKFC6KW9PTHDNJ,2024-11-22T19:25:04.24208664Z,01JDAMYY4GR80M458WWC7QH4NZ,2024-11-22T19:25:04.24208664Z
01JDANY3T7V5PJQCYGQXWN0705,01JDAMQDEVZSS71ZK7M5AJQW28,2024-11-22T19:35:13.4800309Z,01JDAMQDJG31QKNENKZ1K142AH,2024-11-22T19:35:13.4800309Z,01JDANMVZHK3N1HBYEYRHF728W,2024-11-22T19:35:13.4800309Z
01JDAHA71RYQGYH7STZ51EZ4HS,01JDAGYW5EE6YPK8A39YBN6XJ5,2024-11-22T18:14:27.129013114Z,01JDAGYW5RD795MHZXVKQZT9GJ,2024-11-22T18:14:27.129013114Z,01JDAH12F7XNRB1CW1Y0X18A4B,2024-11-22T18:14:27.129013114Z
01JDAHH7R0ZYEHWX2ZAB21A49V,01JDAHAG5MNBW1J9KNPHXKXD0A,2024-11-22T18:18:17.217053381Z,01JDAHAG5YMTBWKQE264AYH68A,2024-11-22T18:18:17.217053381Z,01JDAH5K1PHJJJQTMK2A5R5VTM,2024-11-22T18:18:17.217053381Z
01JDAMZXWAKWD2EH1DQNTFRM90,01JDAMQZAQMD2G3E8H3KKHV3Y6,2024-11-22T19:18:44.363021855Z,01JDAMQZH3YT6W22AXH917MMQT,2024-11-22T19:18:44.363021855Z,01JDAMJEDTDEFB201AA7T3NMP4,2024-11-22T19:18:44.363021855Z
01JDAHBRXAT1J3SWYWRWXMP0BH,01JDAH5DCP9PY7QX63WRAQ1BS4,2024-11-22T18:15:18.18701649Z,01JDAH5DD3QWFSNPG2H8QN0FY6,2024-11-22T18:15:18.18701649Z,01JDAGSHES43NWAY8S8X5N6QGG,2024-11-22T18:15:18.18701649Z
01JDAMEJ0MVXPYHECSD4TJ19RE,01JDAM2TSJ10JQWQGTW3340Q7R,2024-11-22T19:09:15.156847247Z,01JDAM2TVAA9VXHJXH0KVEN359,2024-11-22T19:09:15.156847247Z,01JDAM9DC1JKY395NXSEFJ5S8E,2024-11-22T19:09:15.156847247Z
01JDAPWNBV9GAJP2XGACJJHNPR,01JDAPHHFRWR86NEBBWY8VSKZZ,2024-11-22T19:51:54.491349488Z,01JDAPHHTR2MRNW3QENE4CSRRD,2024-11-22T19:51:54.491349488Z,01JDAPM1VPFBMPD86EZ34NKBEX,2024-11-22T19:51:54.491349488Z
01JDAT3VKFAHB6XKY57GZPD4TP,01JDASW23HVHK0B67WVQS4ZJ2M,2024-11-22T20:48:15.983077184Z,01JDASXE2GXDXPWGXTRF4XMGDD,2024-11-22T20:48:15.983077184Z,01JDAT3QEATJ4RWV11YJ6ZWJYG,2024-11-22T20:48:15.983077184Z
01JDAPV3GDT8T8BQFZZ5KPEFTM,01JDAP5V7PX29F939R911J2077,2024-11-22T19:51:03.437700794Z,01JDAP5VRRRD5902VYXV8NFPS5,2024-11-22T19:51:03.437700794Z,01JDAPJ8F5XPQKNVRK5K4Z05Q0,2024-11-22T19:51:03.437700794Z
01JDAQWFS8STVSHHTGJ9GTMG9B,01JDAPW7VSKCEQ2747GHF3FFRJ,2024-11-22T20:09:17.35270652Z,01JDAPWFB9W2TB9441SQGF3CRX,2024-11-22T20:09:17.35270652Z,01JDAQM0YJJ0G5WBS55EXW18TW,2024-11-22T20:09:17.35270652Z
01JDARH1F015CXY5W1JGX74AB2,01JDAPW4CD5A08H6QZB7ERWYJQ,2024-11-22T20:20:30.81651714Z,01JDAPW86BAAKNNS68C5H9WA5C,2024-11-22T20:20:30.81651714Z,01JDAR3223D06RAQ4ASJT8ZXWJ,2024-11-22T20:20:30.81651714Z
01JDASV0KBYGC5HNQAW48T5Q1G,01JDARZHR1FDN7X9XN89QR9BYF,2024-11-22T20:43:26.187953084Z,01JDARZMCFXKGVM7X7E9MZHG13,2024-11-22T20:43:26.187953084Z,01JDASM85NDEWT5EJRAZRQPGTA,2024-11-22T20:43:26.187953084Z
01JDAG94GW3BSJKM48HS8VM448,01JDAFKRJCN5QH00Q2J0B42YY7,2024-11-22T17:56:23.196255028Z,01JDAFKRJNMRCJ0QEVF3ZPSZ62,2024-11-22T17:56:23.196255028Z,01JDAFX33HFRGF35TMQ6GAMTAB,2024-11-22T17:56:23.196255028Z
01JDAHQ59DQ42SFAF5AG9XZDXW,01JDAH5A0FE7G23H405ZVZPHMD,2024-11-22T18:21:31.309294884Z,01JDAH5A0VH4DCFKBW10NC5NN5,2024-11-22T18:21:31.309294884Z,01JDAHDR0AXAPVXBBKVCGYVCQK,2024-11-22T18:21:31.309294884Z
01JDAJRJED4SWZPSPBGQTGPM1E,01JDAJJVHVAY8ZJGA5PXHCZ8CR,2024-11-22T18:39:46.125861808Z,01JDAJJVKRFYKPM7DGKJ6NX2SA,2024-11-22T18:39:46.125861808Z,01JDAJ11C66AKHXH9VTERTVDF9,2024-11-22T18:39:46.125861808Z
01JDANWV9YMJ1P61YPT3TFJFC5,01JDAMQE5W6DNQ1EDAZA8JMW0C,2024-11-22T19:34:31.998736038Z,01JDAMQEB3CE0Y9VEAS46P87JH,2024-11-22T19:34:31.998736038Z,01JDANMP5AS1A49AHZEX5GJT2Y,2024-11-22T19:34:31.998736038Z
01JDAT03GNFQ6GBVKA9P5GWDDG,01JDAPVKN7Q57Q9RZTTAAS0G0G,2024-11-22T20:46:13.013654413Z,01JDAPVMMAB3A1KAN5X85F5YDM,2024-11-22T20:46:13.013654413Z,01JDASS920MKYHMJGYN5S1YVMF,2024-11-22T20:46:13.013654413Z
01JDAT3TJYX1SQTBFAM1Q8QBME,01JDASW23HVHK0B67WVQS4ZJ2M,2024-11-22T20:48:14.943022235Z,01JDASXE2GXDXPWGXTRF4XMGDD,2024-11-22T20:48:14.943022235Z,01JDASQTZ79S5KYPK45R7VSECQ,2024-11-22T20:48:14.943022235Z
01JDAN4QMRG6YS7SCV6FFXDTCQ,01JDAMQX9C38CX4CXHPVXWJ3YS,2024-11-22T19:21:21.816980958Z,01JDAMQXG805TB9HT84N1ZC27X,2024-11-22T19:21:21.816980958Z,01JDAMD3ZSH3Z2WG1RRA838RPP,2024-11-22T19:21:21.816980958Z
01JDANTW2SY5GENFFC6BA49PMX,01JDAMQF3GAX1XYH5CTYNYQPG0,2024-11-22T19:33:27.257468904Z,01JDAMQF616EH4495AMCF7JPEJ,2024-11-22T19:33:27.257468904Z,01JDAN7XH5DM1PSZ787NK0J9K8,2024-11-22T19:33:27.257468904Z
01JDAQPD1HQ4BHVM02P58Q8AV6,01JDAPW8218Y4505BYTKE3XE68,2024-11-22T20:05:57.937361123Z,01JDAPWGMYWK5Z6AM73WZYNM09,2024-11-22T20:05:57.937361123Z,01JDAQCR9FEN6W0VEBC1MWGA7V,2024-11-22T20:05:57.937361123Z
01JDARMVCC7NYGA3PEMDWP0VV1,01JDAPW24TQP4CMPXGVAWX0S7G,2024-11-22T20:22:35.660664864Z,01JDAPW3GT91PK3YCKS5KNY6R5,2024-11-22T20:22:35.660664864Z,01JDAQB022VQW7FZMPEF6CKS4P,2024-11-22T20:22:35.660664864Z
01JDAHH7Q3TP586MHY7AH8HA0C,01JDAHAG5MNBW1J9KNPHXKXD0A,2024-11-22T18:18:17.187214798Z,01JDAHAG5YMTBWKQE264AYH68A,2024-11-22T18:18:17.187214798Z,01JDAGVD87CSB5N0HBFSPMYFE9,2024-11-22T18:18:17.187214798Z
01JDANJCBKPVZ91JPYV98GME0K,01JDAMQGHW3XGT55Q25Z3E82BR,2024-11-22T19:28:49.011317016Z,01JDAMQGN5WHK0JJECJRQ37GR0,2024-11-22T19:28:49.011317016Z,01JDAN8MAVHM8PXAKVV45R2H0Q,2024-11-22T19:28:49.011317016Z
01JDAQPCQSZ9X2V324795TEJGG,01JDAPW8218Y4505BYTKE3XE68,2024-11-22T20:05:57.625148524Z,01JDAPWGMYWK5Z6AM73WZYNM09,2024-11-22T20:05:57.625148524Z,01JDAQCFZFRAC8DTT0WJ2G7ZMS,2024-11-22T20:05:57.625148524Z
01JDATEBF2TGRPBV0T3RPWQ3C2,01JDASWATE5Z48HS2DCR1W15PW,2024-11-22T20:53:59.906491082Z,01JDASXPSXWEAA8Q04PGG5N41G,2024-11-22T20:53:59.906491082Z,01JDASZ1XD6P8WNA33QMWYXQ8C,2024-11-22T20:53:59.906491082Z
01JDAS8Z84N8087G4TV8JSSZQS,01JDAPVNQ96GFRAX00Y5BBB6G7,2024-11-22T20:33:34.98021344Z,01JDAPVPB3M90NNTGBHNKCMB2M,2024-11-22T20:33:34.98021344Z,01JDARTBXCN7Z5CR5FYG3G8TPB,2024-11-22T20:33:34.98021344Z
01JDAHK6S805FX1CBD6XTEM5KV,01JDAHAFD5MAZ5PQC1DSQ05G3K,2024-11-22T18:19:21.768544643Z,01JDAHAFDM0EVKS9PJJB5ZZRRS,2024-11-22T18:19:21.768544643Z,01JDAHDVKJKZ3XR7GSRYG4NC2Z,2024-11-22T18:19:21.768544643Z
01JDAJ56GGHB33AGCN174HF1YD,01JDAHN0PXQ02WS4AZPQ2A3B4V,2024-11-22T18:29:11.312825869Z,01JDAHN0Q9CZ9SCEKH4C9SVV15,2024-11-22T18:29:11.312825869Z,01JDAH5XHC47DJS7212CFBWZ0E,2024-11-22T18:29:11.312825869Z
01JDAJGQSXFC87W61N3TXX40EN,01JDAHZ75BK18P63NEZMB6WKBY,2024-11-22T18:35:29.469064789Z,01JDAHZ75X86DYFSN58HC8DYCC,2024-11-22T18:35:29.469064789Z,01JDAJAVJR3G6KM2K3CAS4CJ6M,2024-11-22T18:35:29.469064789Z
01JDAJTVWY2GNE6JSNM6EHJDRT,01JDAJJTW6N9J7DB811B3D36CW,2024-11-22T18:41:01.342765128Z,01JDAJJTX691FFKCZWBA3V6B2N,2024-11-22T18:41:01.342765128Z,01JDAJ101J5VP3PTY7K69TWZ37,2024-11-22T18:41:01.342765128Z
01JDAQ6CG57NZTPQY04NR7C5DR,01JDAPA1C19K0NQZZH7FZ09D4C,2024-11-22T19:57:13.093251307Z,01JDAPA1M38HVBXYE26SP0V6DM,2024-11-22T19:57:13.093251307Z,01JDAPXQM0TDMBKNT04EZ9ZADQ,2024-11-22T19:57:13.093251307Z
01JDAQYCKDNJ6FWZW0534W4YXA,01JDAPW7JZDDA3WCPQE8BGT691,2024-11-22T20:10:19.629254749Z,01JDAPWCPJMAD34JQQTQE4MBMF,2024-11-22T20:10:19.629254749Z,01JDAQEP1H4B1QE5FHY44BZX7P,2024-11-22T20:10:19.629254749Z
01JDAR1B06BBDQGREVGAFSZTBA,01JDAPW79N6355MADMN6V919Z2,2024-11-22T20:11:56.295011006Z,01JDAPWB81F7RVP1J8D7YGMDK0,2024-11-22T20:11:56.295011006Z,01JDAQKQ15MNX6WSWXDGJ355RX,2024-11-22T20:11:56.295011006Z
01JDAT6YEX9R7VVM3VS7BMKHE8,01JDASWBYEGEAM3MEH5G9T6BP0,2024-11-22T20:49:57.213170617Z,01JDASXXSV66V0KZTJ5CE9M82D,2024-11-22T20:49:57.213170617Z,01JDASYSF1QHWBMB19ZHVSQ7GX,2024-11-22T20:49:57.213170617Z
01JDAHK6RGE0GEYE2QS6K95AKZ,01JDAHAFD5MAZ5PQC1DSQ05G3K,2024-11-22T18:19:21.744572596Z,01JDAHAFDM0EVKS9PJJB5ZZRRS,2024-11-22T18:19:21.744572596Z,01JDAHA3A7DBVWG52YVJ2ASAJ8,2024-11-22T18:19:21.744572596Z
01JDAKB6V187GBFWM0CRZE2EWT,01JDAJRRSJS6C1P1T7V1AVBAYQ,2024-11-22T18:49:56.833228969Z,01JDAJRRV7CSNQ9C3NGJ66VD6T,2024-11-22T18:49:56.833228969Z,01JDAJK7J7010XXX6HA3E0CRC9,2024-11-22T18:49:56.833228969Z
01JDAMWTQ1MJAAM42AGS9Y30EC,01JDAMR0MME5K4R8KFTWR4M5XE,2024-11-22T19:17:02.817938453Z,01JDAMR0VYECP793TFTR4648G8,2024-11-22T19:17:02.817938453Z,01JDAMH8EC7HBCNT0DESYSSBAS,2024-11-22T19:17:02.817938453Z
01JDANY4DZS43P1ZA68M6DFEG4,01JDAMQDEVZSS71ZK7M5AJQW28,2024-11-22T19:35:14.111751441Z,01JDAMQDJG31QKNENKZ1K142AH,2024-11-22T19:35:14.111751441Z,01JDANPJXN0RXGMYWZG1Y5DKVE,2024-11-22T19:35:14.111751441Z
01JDATEFA7JZ2SDRQR9PCE98KJ,01JDASW90AZ187GE67SA77891H,2024-11-22T20:54:03.847256163Z,01JDASXJD1JX3QT62VW83MA089,2024-11-22T20:54:03.847256163Z,01JDAT6MH6J8EHMNVG8C423SVS,2024-11-22T20:54:03.847256163Z
01JDAJXFTTBNSVPPZQDEB0S4ZT,01JDAJRSXSC5RHGS62BME2F6J6,2024-11-22T18:42:27.290732923Z,01JDAJRSZMKGHN6YMRH7588MA0,2024-11-22T18:42:27.290732923Z,01JDAJBJFBXNACG8Q0X7R0M25Z,2024-11-22T18:42:27.290732923Z
01JDAMH5ZJC9A3K6CGGDBJ27JV,01JDAMBVQ78SAY6SVA3R4E7XZT,2024-11-22T19:10:41.139026662Z,01JDAMBW2TESNX74E9SZ9P54GA,2024-11-22T19:10:41.139026662Z,01JDAM91FQKVDV0HED0885KXR9,2024-11-22T19:10:41.139026662Z
01JDANJCG27DFP2VW4Z2SBDVQ6,01JDAMQGHW3XGT55Q25Z3E82BR,2024-11-22T19:28:49.154049782Z,01JDAMQGN5WHK0JJECJRQ37GR0,2024-11-22T19:28:49.154049782Z,01JDAN9M44MY8Z2E6RH2663086,2024-11-22T19:28:49.154049782Z
01JDANY46P064TBYS51WPGFJ1K,01JDAMQDEVZSS71ZK7M5AJQW28,2024-11-22T19:35:13.878176616Z,01JDAMQDJG31QKNENKZ1K142AH,2024-11-22T19:35:13.878176616Z,01JDANP94BMWZQZEGDK9BK4X2W,2024-11-22T19:35:13.878176616Z
01JDAQWG7T970AB8MVP3TD6JW2,01JDAPW7VSKCEQ2747GHF3FFRJ,2024-11-22T20:09:17.818860484Z,01JDAPWFB9W2TB9441SQGF3CRX,2024-11-22T20:09:17.818860484Z,01JDAQM309KPCMFR9A6JMREV93,2024-11-22T20:09:17.818860484Z
01JDAHBRXJTWJEZC96PV5HWP8P,01JDAH5DCP9PY7QX63WRAQ1BS4,2024-11-22T18:15:18.194781291Z,01JDAH5DD3QWFSNPG2H8QN0FY6,2024-11-22T18:15:18.194781291Z,01JDAH0Q7Z6PSKPQSNRBQX3832,2024-11-22T18:15:18.194781291Z
01JDAK4HQJXAHACGC6NNS6H87A,01JDAJRS2C31SJFAH770441W5H,2024-11-22T18:46:18.610942006Z,01JDAJRS3XH4WXC3F8RQWABB9T,2024-11-22T18:46:18.610942006Z,01JDAJSQWJPCB9RJTJPRM35EFK,2024-11-22T18:46:18.610942006Z
01JDAN9939VB0SXDMH1SSKT6T6,01JDAMQSP3SZ365C5HNFRXEAPP,2024-11-22T19:23:50.761960934Z,01JDAMQSZJJVENZV06ACNF4KWY,2024-11-22T19:23:50.761960934Z,01JDAMY64F021Z8DMBM7DWNYTC,2024-11-22T19:23:50.761960934Z
01JDANWVC9PJ5XCE4A5E1N2HHA,01JDAMQE5W6DNQ1EDAZA8JMW0C,2024-11-22T19:34:32.073747059Z,01JDAMQEB3CE0Y9VEAS46P87JH,2024-11-22T19:34:32.073747059Z,01JDANN1AGS32M80SVFZKQ5H7Z,2024-11-22T19:34:32.073747059Z
01JDATBT15NSCFKCDFBYRWNJKE,01JDASWBKC0TZAJ538JGQSSTMB,2024-11-22T20:52:36.517837259Z,01JDASXR7TZWY5CXBQV4GNQQ4Z,2024-11-22T20:52:36.517837259Z,01JDASZQ8J8HM4XRHHVPFA6QGB,2024-11-22T20:52:36.517837259Z
01JDAMTE0P3SMJFSSSDE9DNJXH,01JDAM85KVG90W044Z98XM16DB,2024-11-22T19:15:44.278407595Z,01JDAM85QPC0RBRPFY0R5MDYCF,2024-11-22T19:15:44.278407595Z,01JDAMP1H9D7H3NGJ2G6W0WGJN,2024-11-22T19:15:44.278407595Z
01JDAN4QTBFX73C36VVT9896H3,01JDAMQX9C38CX4CXHPVXWJ3YS,2024-11-22T19:21:21.99552223Z,01JDAMQXG805TB9HT84N1ZC27X,2024-11-22T19:21:21.99552223Z,01JDAMZEQ3SP75VRZNGM1WX5H6,2024-11-22T19:21:21.99552223Z
01JDAPV3KMMXC0N7HS8SB6HF5E,01JDAP5V7PX29F939R911J2077,2024-11-22T19:51:03.540533737Z,01JDAP5VRRRD5902VYXV8NFPS5,2024-11-22T19:51:03.540533737Z,01JDAPJJHMKA4009XZZ7ZDTH0M,2024-11-22T19:51:03.540533737Z
01JDAS3ZBCCTWM8RQA7W02XZX6,01JDAPVQ1353KWJYHD7MB1W8XX,2024-11-22T20:30:51.244236888Z,01JDAPVRAT9NYEHNJNCD91M2EA,2024-11-22T20:30:51.244236888Z,01JDAQBJZHRJDRBKR5788A706K,2024-11-22T20:30:51.244236888Z
01JDAH62JN3Y55Z9DFXP1QAA18,01JDAGZBERER1FZDMPT7JPWXQH,2024-11-22T18:12:11.478018487Z,01JDAGZBF50G32SYJBEC9WQE8P,2024-11-22T18:12:11.478018487Z,01JDAGZH8FBXD6NRRR0CN4N8JG,2024-11-22T18:12:11.478018487Z
01JDAHA72P6E7DZEY98QGWEWR9,01JDAGYW5EE6YPK8A39YBN6XJ5,2024-11-22T18:14:27.15868239Z,01JDAGYW5RD795MHZXVKQZT9GJ,2024-11-22T18:14:27.15868239Z,01JDAH5J4DR9H4582GTJHF9KCW,2024-11-22T18:14:27.15868239Z
01JDAMZYKE3AWMFHYQHXJSM674,01JDAMQZAQMD2G3E8H3KKHV3Y6,2024-11-22T19:18:45.102669562Z,01JDAMQZH3YT6W22AXH917MMQT,2024-11-22T19:18:45.102669562Z,01JDAMPJHV0JAHJGPY7CY0N8CB,2024-11-22T19:18:45.102669562Z
01JDAHYNRR33RWFRYHMTV1K0N7,01JDAHVRZV9WJQX9TT0GVGQ53B,2024-11-22T18:25:37.560136445Z,01JDAHVS0W33FN347ADFP6QE0S,2024-11-22T18:25:37.560136445Z,01JDAHRNG98VC5YMNC85CQNC7M,2024-11-22T18:25:37.560136445Z
01JDAR1B7T058JCCDSC4RWSD0D,01JDAPW79N6355MADMN6V919Z2,2024-11-22T20:11:56.538138562Z,01JDAPWB81F7RVP1J8D7YGMDK0,2024-11-22T20:11:56.538138562Z,01JDAQKRABJ37VSGEYYWA2FP96,2024-11-22T20:11:56.538138562Z
01JDASGY1XRRCKCNF5M66GP3Q4,01JDARZKMM0F4AF2HDN325T8KK,2024-11-22T20:37:55.901509062Z,01JDARZT45HWB1EH88QFRKY224,2024-11-22T20:37:55.901509062Z,01JDARWF8FAGTNB68KP4A3QKJ8,2024-11-22T20:37:55.901509062Z
01JDAHQ59WY151CR7Z1BV4GSB6,01JDAH5A0FE7G23H405ZVZPHMD,2024-11-22T18:21:31.324262715Z,01JDAH5A0VH4DCFKBW10NC5NN5,2024-11-22T18:21:31.324262715Z,01JDAHDV74E870WMXS1PY0ZET9,2024-11-22T18:21:31.324262715Z
01JDAHXQ1RR0RY3MXZCDPW6XBP,01JDAHN1PDS2QGCVFBMQ6D7B4G,2024-11-22T18:25:06.104765232Z,01JDAHN1Q5BEENCKDRE4AZ47MR,2024-11-22T18:25:06.104765232Z,01JDAHRDKXHXPZ3CG26JKMKRHG,2024-11-22T18:25:06.104765232Z
01JDANDMPXMF6EYENCR8KWFB6Q,01JDAMQR9KPX9RPT5DA1Q1F2ZZ,2024-11-22T19:26:13.725097175Z,01JDAMQRDQTMGSYY9VMGQ9MFJQ,2024-11-22T19:26:13.725097175Z,01JDAN3VER4NEWF7M8Y0EVBXPV,2024-11-22T19:26:13.725097175Z
01JDANTW4WSFFGY48MNVEDJYMH,01JDAMQF3GAX1XYH5CTYNYQPG0,2024-11-22T19:33:27.324695159Z,01JDAMQF616EH4495AMCF7JPEJ,2024-11-22T19:33:27.324695159Z,01JDANAG2H1JXJ8HA71YF2FX8Y,2024-11-22T19:33:27.324695159Z
01JDAJ56J9J0RKRMTTZKJD4X66,01JDAHN0PXQ02WS4AZPQ2A3B4V,2024-11-22T18:29:11.369674698Z,01JDAHN0Q9CZ9SCEKH4C9SVV15,2024-11-22T18:29:11.369674698Z,01JDAHRK6QBVY5R4WVKFG59PPF,2024-11-22T18:29:11.369674698Z
01JDAMERFQSG85P03CDDXDAXED,01JDAM2VVH90HMNHEN351M66QJ,2024-11-22T19:09:21.783256453Z,01JDAM2VY2K3KPQ93P1XACMM6X,2024-11-22T19:09:21.783256453Z,01JDAM7TEV8242HCQG34HPSWF9,2024-11-22T19:09:21.783256453Z
01JDAN6B5X8D7X2JV4WK2BV640,01JDAMQWCJV05FHJV91AX3JK41,2024-11-22T19:22:14.589280263Z,01JDAMQWKQFV1DYTSR2HQWBHV1,2024-11-22T19:22:14.589280263Z,01JDAMYVWJJ6V4GMVCPZ2099QE,2024-11-22T19:22:14.589280263Z
01JDAQ6D0QVH0E642K7930A0K8,01JDAPA1C19K0NQZZH7FZ09D4C,2024-11-22T19:57:13.623400977Z,01JDAPA1M38HVBXYE26SP0V6DM,2024-11-22T19:57:13.623400977Z,01JDAQ1J24WW431X5VGGH75QK6,2024-11-22T19:57:13.623400977Z
01JDAG1G9HH2BNEB8SW8X92821,01JDAFKV9C2GZSA71WJVAQ8MG0,2024-11-22T17:52:13.105057203Z,01JDAFKV9QD012SN1JSK0F77TJ,2024-11-22T17:52:13.105057203Z,01JDAFRB43JDQ4J2ARC2A3BJ6N,2024-11-22T17:52:13.105057203Z
01JDAG94H4MAV2G78DD0XNVNCQ,01JDAFKRJCN5QH00Q2J0B42YY7,2024-11-22T17:56:23.20417025Z,01JDAFKRJNMRCJ0QEVF3ZPSZ62,2024-11-22T17:56:23.20417025Z,01JDAG45PQ4Q3XH0QWNHP3P1RP,2024-11-22T17:56:23.20417025Z
01JDAHA7244T480M0M0YX2BKA2,01JDAGYW5EE6YPK8A39YBN6XJ5,2024-11-22T18:14:27.140799437Z,01JDAGYW5RD795MHZXVKQZT9GJ,2024-11-22T18:14:27.140799437Z,01JDAH3T0FVTQ3MXJWJ0VVQGZA,2024-11-22T18:14:27.140799437Z
01JDAHMTK5NGCANG6KWDMWHH0E,01JDAHAE8YJATNBJYPZS4Z2H64,2024-11-22T18:20:14.821972893Z,01JDAHAE99ZYVX8KDTBCEWN8DX,2024-11-22T18:20:14.821972893Z,01JDAH6ZEPD5JFTB705S4YSVKQ,2024-11-22T18:20:14.821972893Z
01JDARD6SJ5NPBY6Y8BSBR8MG6,01JDAPW2C00ZF3AQXAVKX8TVSF,2024-11-22T20:18:25.202554563Z,01JDAPW74HW72837H4YJGX4W4C,2024-11-22T20:18:25.202554563Z,01JDARCTV0MKAHMV7D1B3R9B2V,2024-11-22T20:18:25.202554563Z
01JDAQMNHHMQGCD59GNJCBDW3Q,01JDAQ0PBRDF9QF53CB2YGQVFX,2024-11-22T20:05:01.105773302Z,01JDAQ0PRR60DMNGVKFQ5QV9ZP,2024-11-22T20:05:01.105773302Z,01JDAQ9VMQVXTRPE15AQV0PSQ3,2024-11-22T20:05:01.105773302Z
01JDAT01KYPB6MFC7F9JAYD3AE,01JDAPVKN7Q57Q9RZTTAAS0G0G,2024-11-22T20:46:11.070645475Z,01JDAPVMMAB3A1KAN5X85F5YDM,2024-11-22T20:46:11.070645475Z,01JDASM57R7SA5QGJSV8DG9KFK,2024-11-22T20:46:11.070645475Z
01JDATE8EVKK2FF92Y6EV9BJTZ,01JDASWATE5Z48HS2DCR1W15PW,2024-11-22T20:53:56.827293022Z,01JDASXPSXWEAA8Q04PGG5N41G,2024-11-22T20:53:56.827293022Z,01JDASYWABSAX28HSG5604CH7B,2024-11-22T20:53:56.827293022Z
01JDAKDZ1Q32VS49N1BS5FWR5S,01JDAJRRCN9X2G7M34BDMKD2SK,2024-11-22T18:51:27.159796955Z,01JDAJRRE9AET24VV71WQVNN2E,2024-11-22T18:51:27.159796955Z,01JDAJD2ZBPRMMWFP39EZVGX47,2024-11-22T18:51:27.159796955Z
01JDAMEJA25Q2MSS25HFZACS8D,01JDAM2TSJ10JQWQGTW3340Q7R,2024-11-22T19:09:15.458755442Z,01JDAM2TVAA9VXHJXH0KVEN359,2024-11-22T19:09:15.458755442Z,01JDAMA70JWZH12QPPKP0Y49AN,2024-11-22T19:09:15.458755442Z
01JDAN3105VP5DK1TGJT1ABNPG,01JDAMQYAP01FT4Q1PFS19G0PT,2024-11-22T19:20:25.861596156Z,01JDAMQYJ3WHC5CEZAT4T1JW6E,2024-11-22T19:20:25.861596156Z,01JDAMMX738YGP49ECVYRKJ7MD,2024-11-22T19:20:25.861596156Z
01JDAP2J0TTD9QM9W6AY2WH154,01JDAMQCQVMG0HYAH2M9HPP6J4,2024-11-22T19:37:39.098961006Z,01JDAMQCW6X37SCNZDXN7RRQHK,2024-11-22T19:37:39.098961006Z,01JDAN9Y6E42CFB4JP2X6A7CNR,2024-11-22T19:37:39.098961006Z
01JDARD6B82NEMA35Y8Y3B18P3,01JDAPW2C00ZF3AQXAVKX8TVSF,2024-11-22T20:18:24.744839379Z,01JDAPW74HW72837H4YJGX4W4C,2024-11-22T20:18:24.744839379Z,01JDAQMEVNJBEBAAYMCZWXBYKW,2024-11-22T20:18:24.744839379Z
01JDAT3SFXGYJP7KFSCH4KFDF6,01JDASW23HVHK0B67WVQS4ZJ2M,2024-11-22T20:48:13.821315221Z,01JDASXE2GXDXPWGXTRF4XMGDD,2024-11-22T20:48:13.821315221Z,01JDASNVE58F15XDWR2NVP75NG,2024-11-22T20:48:13.821315221Z
01JDAGYSW9MAMG7BEGHEAEQ1WD,01JDAGQZ0DA6P87AZHKRMTFXJ8,2024-11-22T18:08:13.193851326Z,01JDAGQZ0YSSAEPQ3HPH3V6W7F,2024-11-22T18:08:13.193851326Z,01JDAGRNY4PN1ZF5ENHF13G9DJ,2024-11-22T18:08:13.193851326Z
01JDAJPRS7W56H0CA1Q1VS36MV,01JDAHZ5ZJ1H0KRB6P8NNB97ZS,2024-11-22T18:38:47.079861072Z,01JDAHZ60365PNSEEMGS4BT96E,2024-11-22T18:38:47.079861072Z,01JDAJFNWHEKYANKR4CD90EHKG,2024-11-22T18:38:47.079861072Z
01JDAMTDTTN1J8N1DRSKQDSNVT,01JDAM85KVG90W044Z98XM16DB,2024-11-22T19:15:44.090195185Z,01JDAM85QPC0RBRPFY0R5MDYCF,2024-11-22T19:15:44.090195185Z,01JDAMJSC8CS2D4MD4B64ETM2N,2024-11-22T19:15:44.090195185Z
01JDANY404F8848TSBYQ9NPK97,01JDAMQDEVZSS71ZK7M5AJQW28,2024-11-22T19:35:13.668340694Z,01JDAMQDJG31QKNENKZ1K142AH,2024-11-22T19:35:13.668340694Z,01JDANNAH40F52JSMVEGA7YGVY,2024-11-22T19:35:13.668340694Z
01JDAQMN6C8PZTCDRRAGXFAFQF,01JDAQ0PBRDF9QF53CB2YGQVFX,2024-11-22T20:05:00.748845899Z,01JDAQ0PRR60DMNGVKFQ5QV9ZP,2024-11-22T20:05:00.748845899Z,01JDAQ87BDXC8GHB81D43KS8FS,2024-11-22T20:05:00.748845899Z
01JDAR8J8T7DB78GGJ05XKHBGS,01JDAPW5673VAZ9E1CSM7C7AKQ,2024-11-22T20:15:53.114332019Z,01JDAPWA2JVVQ85FXGK4D2XCZ9,2024-11-22T20:15:53.114332019Z,01JDAQQAFRY1Q6Q7A5T90XY7HQ,2024-11-22T20:15:53.114332019Z
01JDAJGQQY1Z99P7EMEX1PQV1D,01JDAHZ75BK18P63NEZMB6WKBY,2024-11-22T18:35:29.406287374Z,01JDAHZ75X86DYFSN58HC8DYCC,2024-11-22T18:35:29.406287374Z,01JDAJ3F393QR2VTJ7T76RE1B5,2024-11-22T18:35:29.406287374Z
01JDAN9A0QM6ZB5M8GKRVYRPF4,01JDAMQSP3SZ365C5HNFRXEAPP,2024-11-22T19:23:51.703119647Z,01JDAMQSZJJVENZV06ACNF4KWY,2024-11-22T19:23:51.703119647Z,01JDAN1RMST7S2RDSB74M1GED2,2024-11-22T19:23:51.703119647Z
01JDANNWD5JF1QSXRQ2RQYP0S5,01JDAMQFNJD4XVVZ6SKW9NRDA9,2024-11-22T19:30:43.749495224Z,01JDAMQFQ7ND7453PEYN64401R,2024-11-22T19:30:43.749495224Z,01JDAN8199J1EG75Q3YF9QCF56,2024-11-22T19:30:43.749495224Z
01JDANTW736SBXYVNW5SDA8Z9C,01JDAMQF3GAX1XYH5CTYNYQPG0,2024-11-22T19:33:27.395248554Z,01JDAMQF616EH4495AMCF7JPEJ,2024-11-22T19:33:27.395248554Z,01JDANND27ZEYCR5JAG41YX091,2024-11-22T19:33:27.395248554Z
01JDANNWPN0G4H1JJ3KRNM5KT3,01JDAMQFNJD4XVVZ6SKW9NRDA9,2024-11-22T19:30:44.053820701Z,01JDAMQFQ7ND7453PEYN64401R,2024-11-22T19:30:44.053820701Z,01JDAN9A67T4AZGWQS92HP4GPA,2024-11-22T19:30:44.053820701Z
01JDAQPC5A6525BDNCCK9MYNDZ,01JDAPW8218Y4505BYTKE3XE68,2024-11-22T20:05:57.035042172Z,01JDAPWGMYWK5Z6AM73WZYNM09,2024-11-22T20:05:57.035042172Z,01JDAQ906DAPT7J7PGA43TH1B8,2024-11-22T20:05:57.035042172Z
01JDAS908HZGQ3XJ5P63KEXTQ5,01JDAPVNQ96GFRAX00Y5BBB6G7,2024-11-22T20:33:36.017764564Z,01JDAPVPB3M90NNTGBHNKCMB2M,2024-11-22T20:33:36.017764564Z,01JDARWW1GTSWKP7W2805FGVPB,2024-11-22T20:33:36.017764564Z
01JDAG3NB2AD61F8G27RX9V0Y3,01JDAFKTEWK6HYEQRVGGWS2E3Q,2024-11-22T17:53:23.810503965Z,01JDAFKTF8716N4JHKT2GD99Z7,2024-11-22T17:53:23.810503965Z,01JDAFW8S02DX17S5N7D9D41EB,2024-11-22T17:53:23.810503965Z
01JDAHK6S1X46G6YBST108V5G7,01JDAHAFD5MAZ5PQC1DSQ05G3K,2024-11-22T18:19:21.761133305Z,01JDAHAFDM0EVKS9PJJB5ZZRRS,2024-11-22T18:19:21.761133305Z,01JDAHDSE7E4TSP3CD8KSJCTJZ,2024-11-22T18:19:21.761133305Z
01JDAK4HPDTZ3K9EJHKF0R79K0,01JDAJRS2C31SJFAH770441W5H,2024-11-22T18:46:18.573840531Z,01JDAJRS3XH4WXC3F8RQWABB9T,2024-11-22T18:46:18.573840531Z,01JDAJKRC45QJTM788VK1Q9F46,2024-11-22T18:46:18.573840531Z
01JDANBJAWBCQ66RST2VN5ZVEC,01JDAMQRZXVX9RCF6DFWCTCRN8,2024-11-22T19:25:05.757034705Z,01JDAMQS4NCHSKFC6KW9PTHDNJ,2024-11-22T19:25:05.757034705Z,01JDAN8A0VBWZANJGHGG8XECH6,2024-11-22T19:25:05.757034705Z
01JDAJPRTDRV8TKCXK027A8GH2,01JDAHZ5ZJ1H0KRB6P8NNB97ZS,2024-11-22T18:38:47.11772221Z,01JDAHZ60365PNSEEMGS4BT96E,2024-11-22T18:38:47.11772221Z,01JDAJJ9CJ2CNS3C6KY8C73HQA,2024-11-22T18:38:47.11772221Z
01JDAM51DSTWNE6WBA84M6M77C,01JDAKQHNKFC7QHCV09HPR330D,2024-11-22T19:04:03.257865288Z,01JDAKQHPQ6FGJSWB9C9KPECA5,2024-11-22T19:04:03.257865288Z,01JDAKZ9YYRVBV7HRA9T14TZSE,2024-11-22T19:04:03.257865288Z
01JDANBHY8X17R825X982A0KM8,01JDAMQRZXVX9RCF6DFWCTCRN8,2024-11-22T19:25:05.35304679Z,01JDAMQS4NCHSKFC6KW9PTHDNJ,2024-11-22T19:25:05.35304679Z,01JDAN057F2TSJAZBJDAX8KTA9,2024-11-22T19:25:05.35304679Z
01JDASV1Q6YT4YHCAR9AD3VAYJ,01JDARZHR1FDN7X9XN89QR9BYF,2024-11-22T20:43:27.334393404Z,01JDARZMCFXKGVM7X7E9MZHG13,2024-11-22T20:43:27.334393404Z,01JDASNXME2S7ZRH04DPKXZB37,2024-11-22T20:43:27.334393404Z
01JDARH1RQAA3KPFX0H20N672H,01JDAPW4CD5A08H6QZB7ERWYJQ,2024-11-22T20:20:31.12788599Z,01JDAPW86BAAKNNS68C5H9WA5C,2024-11-22T20:20:31.12788599Z,01JDAR4A9HCW1W10E34VHZFF81,2024-11-22T20:20:31.12788599Z
01JDARH2J675E80BXRGF8XPZQM,01JDAPW4CD5A08H6QZB7ERWYJQ,2024-11-22T20:20:31.942541511Z,01JDAPW86BAAKNNS68C5H9WA5C,2024-11-22T20:20:31.942541511Z,01JDAR86A9S23K2JZY9X0QYHWD,2024-11-22T20:20:31.942541511Z
01JDATE5XZ7M42JYHA4TNE9FD8,01JDASWATE5Z48HS2DCR1W15PW,2024-11-22T20:53:54.240000623Z,01JDASXPSXWEAA8Q04PGG5N41G,2024-11-22T20:53:54.240000623Z,01JDASNBBXYJ44A69A7J7NK881,2024-11-22T20:53:54.240000623Z
01JDAG94GF0KZ85JJGZT20E7AW,01JDAFKRJCN5QH00Q2J0B42YY7,2024-11-22T17:56:23.183829515Z,01JDAFKRJNMRCJ0QEVF3ZPSZ62,2024-11-22T17:56:23.183829515Z,01JDAFWA5H1XT8KTFBRFWJGAFZ,2024-11-22T17:56:23.183829515Z
01JDAJRJEY2RWJ5YECF7438B9C,01JDAJJVHVAY8ZJGA5PXHCZ8CR,2024-11-22T18:39:46.14297346Z,01JDAJJVKRFYKPM7DGKJ6NX2SA,2024-11-22T18:39:46.14297346Z,01JDAJBDFGJ7QGG8KRDHZHWVAK,2024-11-22T18:39:46.14297346Z
01JDAMWV5MCH6QG9HCXA5EQGND,01JDAMR0MME5K4R8KFTWR4M5XE,2024-11-22T19:17:03.284864228Z,01JDAMR0VYECP793TFTR4648G8,2024-11-22T19:17:03.284864228Z,01JDAMP1AEG90KM7ZAWDDS3A0T,2024-11-22T19:17:03.284864228Z
01JDANJCJ19WVSHPGXAPVJGEGS,01JDAMQGHW3XGT55Q25Z3E82BR,2024-11-22T19:28:49.217731758Z,01JDAMQGN5WHK0JJECJRQ37GR0,2024-11-22T19:28:49.217731758Z,01JDANAVCQZRNX7SD0WJGFFMD8,2024-11-22T19:28:49.217731758Z
01JDAMH5YGVA02XQ70G4RW0RE6,01JDAMBVQ78SAY6SVA3R4E7XZT,2024-11-22T19:10:41.104320705Z,01JDAMBW2TESNX74E9SZ9P54GA,2024-11-22T19:10:41.104320705Z,01JDAM80RCG8MSM139CZYYA7NV,2024-11-22T19:10:41.104320705Z
01JDANDMCVQ7GJEPVWF045DAYS,01JDAMQR9KPX9RPT5DA1Q1F2ZZ,2024-11-22T19:26:13.403116803Z,01JDAMQRDQTMGSYY9VMGQ9MFJQ,2024-11-22T19:26:13.403116803Z,01JDAMD8VA4VQ508RM803A6XV1,2024-11-22T19:26:13.403116803Z
01JDAQT8S5TF83KW620WZH3R08,01JDAPW7PC058EE489R7PBZM59,2024-11-22T20:08:04.645387243Z,01JDAPWEGED7JR7XE5EJ74W0Q0,2024-11-22T20:08:04.645387243Z,01JDAQKJX24CBMQKC0HFA7N39S,2024-11-22T20:08:04.645387243Z
01JDARD6N6N6AR4JQSAZ8NXYH4,01JDAPW2C00ZF3AQXAVKX8TVSF,2024-11-22T20:18:25.062855508Z,01JDAPW74HW72837H4YJGX4W4C,2024-11-22T20:18:25.062855508Z,01JDAQRE4WQRF5S30TJCN58KAM,2024-11-22T20:18:25.062855508Z
01JDAHH7QC832MNHYVWZY2VNMB,01JDAHAG5MNBW1J9KNPHXKXD0A,2024-11-22T18:18:17.196478638Z,01JDAHAG5YMTBWKQE264AYH68A,2024-11-22T18:18:17.196478638Z,01JDAH3CAPVDZF2MC2NEDNPGPH,2024-11-22T18:18:17.196478638Z
01JDAJXFXSDEP70WK7F0QGH6DJ,01JDAJRSXSC5RHGS62BME2F6J6,2024-11-22T18:42:27.385269027Z,01JDAJRSZMKGHN6YMRH7588MA0,2024-11-22T18:42:27.385269027Z,01JDAJK1GAYNJCRDZGW8W16T0R,2024-11-22T18:42:27.385269027Z
01JDAMEHY3MH417A98KRYHT3P0,01JDAM2TSJ10JQWQGTW3340Q7R,2024-11-22T19:09:15.075304389Z,01JDAM2TVAA9VXHJXH0KVEN359,2024-11-22T19:09:15.075304389Z,01JDAM94WJHDPDE1PTJ19XGYYD,2024-11-22T19:09:15.075304389Z
01JDAMER6CHJNAKNNZR87R2C0C,01JDAM2VVH90HMNHEN351M66QJ,2024-11-22T19:09:21.484969152Z,01JDAM2VY2K3KPQ93P1XACMM6X,2024-11-22T19:09:21.484969152Z,01JDAKYQS95333HGVF0H6MSNN9,2024-11-22T19:09:21.484969152Z
01JDARMW7A1K79CZCWQX5C2PPN,01JDAPW24TQP4CMPXGVAWX0S7G,2024-11-22T20:22:36.522831137Z,01JDAPW3GT91PK3YCKS5KNY6R5,2024-11-22T20:22:36.522831137Z,01JDARA5YBY8HD6Q9X46V10HG1,2024-11-22T20:22:36.522831137Z
01JDATE6Z1GMAWEE82PHPPPBMT,01JDASW90AZ187GE67SA77891H,2024-11-22T20:53:55.29743913Z,01JDASXJD1JX3QT62VW83MA089,2024-11-22T20:53:55.29743913Z,01JDASYQJBXQEY70HHK1G91MCN,2024-11-22T20:53:55.29743913Z
01JDAG99QFCJG3FKNJ5K343CHY,01JDAFKSC7Y4WZE1GRBHNQX5MS,2024-11-22T17:56:28.527727649Z,01JDAFKSCJ1C04Y174MS36XBM1,2024-11-22T17:56:28.527727649Z,01JDAFTWYKQC471YV2W7EGTP53,2024-11-22T17:56:28.527727649Z
01JDAJEBD7R8J8EH83AXFY209P,01JDAHZ8056SBEMVBT0Y4M4WJW,2024-11-22T18:34:11.239054424Z,01JDAHZ814MRWB31FVHBNTYJS6,2024-11-22T18:34:11.239054424Z,01JDAHR9515Y485BXDB5CBPZ64,2024-11-22T18:34:11.239054424Z
01JDAM7R2A6HJGVTWKS5PMRAVZ,01JDAM2WNB06XBFDK62D7VJ0M7,2024-11-22T19:05:31.978911295Z,01JDAM2WQY5F6SMJS025D5Y2WE,2024-11-22T19:05:31.978911295Z,01JDAM2AY0BPK06S8MMYKVS5MJ,2024-11-22T19:05:31.978911295Z
01JDANNW7NB87PM1QF1TJR73DK,01JDAMQFNJD4XVVZ6SKW9NRDA9,2024-11-22T19:30:43.573960373Z,01JDAMQFQ7ND7453PEYN64401R,2024-11-22T19:30:43.573960373Z,01JDAN26G40K01PD3CXCFV2D6Z,2024-11-22T19:30:43.573960373Z
01JDAH62JFZ6NCS65A9JNCAWSR,01JDAGZBERER1FZDMPT7JPWXQH,2024-11-22T18:12:11.471232074Z,01JDAGZBF50G32SYJBEC9WQE8P,2024-11-22T18:12:11.471232074Z,01JDAGYZSBM08VDKG4337JZP8T,2024-11-22T18:12:11.471232074Z
01JDAJXFVQVTF9S5RQ97PASZT6,01JDAJRSXSC5RHGS62BME2F6J6,2024-11-22T18:42:27.319093813Z,01JDAJRSZMKGHN6YMRH7588MA0,2024-11-22T18:42:27.319093813Z,01JDAJHZ9FCBR7YY3QQN3AFYQY,2024-11-22T18:42:27.319093813Z
01JDAM51B51DQRE74ZR964ZBQ3,01JDAKQHNKFC7QHCV09HPR330D,2024-11-22T19:04:03.173320386Z,01JDAKQHPQ6FGJSWB9C9KPECA5,2024-11-22T19:04:03.173320386Z,01JDAKWMJEVR60375YHMMCEF9X,2024-11-22T19:04:03.173320386Z
01JDAMTDWVZSEG0CD98SNMX445,01JDAM85KVG90W044Z98XM16DB,2024-11-22T19:15:44.155325651Z,01JDAM85QPC0RBRPFY0R5MDYCF,2024-11-22T19:15:44.155325651Z,01JDAMJXDMB3ER53BJX733TK8E,2024-11-22T19:15:44.155325651Z
01JDAKB6WPJA0RRTN5PRN3ZD83,01JDAJRRSJS6C1P1T7V1AVBAYQ,2024-11-22T18:49:56.887677277Z,01JDAJRRV7CSNQ9C3NGJ66VD6T,2024-11-22T18:49:56.887677277Z,01JDAK2XC80949QXSQV9EZ4TRV,2024-11-22T18:49:56.887677277Z
01JDAQ6CSGP130146Z9AHN55FJ,01JDAPA1C19K0NQZZH7FZ09D4C,2024-11-22T19:57:13.392107467Z,01JDAPA1M38HVBXYE26SP0V6DM,2024-11-22T19:57:13.392107467Z,01JDAPZF4R3JVGNQ2RRDBBGCWV,2024-11-22T19:57:13.392107467Z
01JDARPG0HS2Y6FWVB1RDP8QWG,01JDAPW0ZC2JV0QSHYXVWXWZQP,2024-11-22T20:23:29.55336651Z,01JDAPW384EXEJ9KQH7M3Y86WQ,2024-11-22T20:23:29.55336651Z,01JDARAX1B1B67RRJ511BN5M9C,2024-11-22T20:23:29.55336651Z
01JDAS3ZQHFDBEDK76W7FXMSF0,01JDAPVQ1353KWJYHD7MB1W8XX,2024-11-22T20:30:51.633854216Z,01JDAPVRAT9NYEHNJNCD91M2EA,2024-11-22T20:30:51.633854216Z,01JDAQS32447D4QT7BAPJ4XSJW,2024-11-22T20:30:51.633854216Z
01JDAG99QXSH9MY07MKFPTW232,01JDAFKSC7Y4WZE1GRBHNQX5MS,2024-11-22T17:56:28.541118183Z,01JDAFKSCJ1C04Y174MS36XBM1,2024-11-22T17:56:28.541118183Z,01JDAFZHK4AAXY1M5224STEHHY,2024-11-22T17:56:28.541118183Z
01JDAH62J890SNTMJNAFR3YRVF,01JDAGZBERER1FZDMPT7JPWXQH,2024-11-22T18:12:11.464806217Z,01JDAGZBF50G32SYJBEC9WQE8P,2024-11-22T18:12:11.464806217Z,01JDAGSZAAPSR6424TSA5ZJF1T,2024-11-22T18:12:11.464806217Z
01JDAHYNQX7AA69ETHHXE17SVR,01JDAHVRZV9WJQX9TT0GVGQ53B,2024-11-22T18:25:37.5336776Z,01JDAHVS0W33FN347ADFP6QE0S,2024-11-22T18:25:37.5336776Z,01JDAHQHG895EQQPHEDTFMHXWP,2024-11-22T18:25:37.5336776Z
01JDAJTVYHNZEBPX3QPZAR9KY8,01JDAJJTW6N9J7DB811B3D36CW,2024-11-22T18:41:01.393463486Z,01JDAJJTX691FFKCZWBA3V6B2N,2024-11-22T18:41:01.393463486Z,01JDAJJVWSZS1A3CX6JZE3H1SE,2024-11-22T18:41:01.393463486Z
01JDARTAKS0HYZN3M25GZHS46K,01JDAPW0A15A6WQC98MAZ6VKEK,2024-11-22T20:25:35.097347828Z,01JDAPW1PTK9GRH1GYH0JYDWW3,2024-11-22T20:25:35.097347828Z,01JDARBKYF5FQEYRSBY9B78HJW,2024-11-22T20:25:35.097347828Z
01JDAN311SJTWZN7PV75KAW1DS,01JDAMQYAP01FT4Q1PFS19G0PT,2024-11-22T19:20:25.913214341Z,01JDAMQYJ3WHC5CEZAT4T1JW6E,2024-11-22T19:20:25.913214341Z,01JDAMSJHVXNG7NSXHZW3ZGG3A,2024-11-22T19:20:25.913214341Z
01JDAN4QRG7S0SH54C5ZD4BA6G,01JDAMQX9C38CX4CXHPVXWJ3YS,2024-11-22T19:21:21.93702079Z,01JDAMQXG805TB9HT84N1ZC27X,2024-11-22T19:21:21.93702079Z,01JDAMZ0NNWAPMRAZX537VJGV5,2024-11-22T19:21:21.93702079Z
01JDAN99D11R0JVRH1AMM2RK6R,01JDAMQSP3SZ365C5HNFRXEAPP,2024-11-22T19:23:51.073480017Z,01JDAMQSZJJVENZV06ACNF4KWY,2024-11-22T19:23:51.073480017Z,01JDAMZDGNRZF0V5VS14GXJY77,2024-11-22T19:23:51.073480017Z
01JDANNWGCSHS374WPD4FB5DHB,01JDAMQFNJD4XVVZ6SKW9NRDA9,2024-11-22T19:30:43.852984692Z,01JDAMQFQ7ND7453PEYN64401R,2024-11-22T19:30:43.852984692Z,01JDAN935KRV2BB4JQ84BF64E3,2024-11-22T19:30:43.852984692Z
01JDAMWTW92MH0R7FBNHHH5YF0,01JDAMR0MME5K4R8KFTWR4M5XE,2024-11-22T19:17:02.985300158Z,01JDAMR0VYECP793TFTR4648G8,2024-11-22T19:17:02.985300158Z,01JDAMKYQND6MT8Q3REKM5ZK73,2024-11-22T19:17:02.985300158Z
01JDARD66EJ3BJXE7XEE93W5C4,01JDAPW2C00ZF3AQXAVKX8TVSF,2024-11-22T20:18:24.590830177Z,01JDAPW74HW72837H4YJGX4W4C,2024-11-22T20:18:24.590830177Z,01JDAQJXQ8ABGP367MJHJ16QGK,2024-11-22T20:18:24.590830177Z
01JDARPEW1F2XRZQZB28A4G2XY,01JDAPW0ZC2JV0QSHYXVWXWZQP,2024-11-22T20:23:28.385678178Z,01JDAPW384EXEJ9KQH7M3Y86WQ,2024-11-22T20:23:28.385678178Z,01JDAR6X5J15NF78WPBW0RKNMP,2024-11-22T20:23:28.385678178Z
01JDAGYSW24EAYWMQWQR1CAT4Q,01JDAGQZ0DA6P87AZHKRMTFXJ8,2024-11-22T18:08:13.187654805Z,01JDAGQZ0YSSAEPQ3HPH3V6W7F,2024-11-22T18:08:13.187654805Z,01JDAGR952DDPWC1RRWHNZB6AB,2024-11-22T18:08:13.187654805Z
01JDAJ1V33BRAWNQH9B913NE5E,01JDAHVQ623BWMFK087YFQW2C9,2024-11-22T18:27:21.315247861Z,01JDAHVQ6M98P9DHBPDWAV5C8H,2024-11-22T18:27:21.315247861Z,01JDAHS616R5W756QCVEFJ3FYA,2024-11-22T18:27:21.315247861Z
01JDAJKE6A8GJCRQY63BM083GM,01JDAHZ6J8BKEXAJ5V79BGNHBG,2024-11-22T18:36:57.931009866Z,01JDAHZ6K6FTEKW298M54A4G2M,2024-11-22T18:36:57.931009866Z,01JDAHZ0F0KMSFW30048YYWANM,2024-11-22T18:36:57.931009866Z
01JDAM51EV4BGSYXE7DY045R3F,01JDAKQHNKFC7QHCV09HPR330D,2024-11-22T19:04:03.291879127Z,01JDAKQHPQ6FGJSWB9C9KPECA5,2024-11-22T19:04:03.291879127Z,01JDAKZCRZMFZ3P280Y5362DZV,2024-11-22T19:04:03.291879127Z
01JDANDMSN3PMDS3PSGNPMKYAV,01JDAMQR9KPX9RPT5DA1Q1F2ZZ,2024-11-22T19:26:13.813087069Z,01JDAMQRDQTMGSYY9VMGQ9MFJQ,2024-11-22T19:26:13.813087069Z,01JDAN7XTWN8SH3ZQA0GWC0JXP,2024-11-22T19:26:13.813087069Z
01JDAS8ZT3BDD2Z2R8H5MH9HZC,01JDAPVNQ96GFRAX00Y5BBB6G7,2024-11-22T20:33:35.555497018Z,01JDAPVPB3M90NNTGBHNKCMB2M,2024-11-22T20:33:35.555497018Z,01JDARWS0YVFWE1SB1FV64NVTH,2024-11-22T20:33:35.555497018Z
01JDAHA72CXSKGRFR6HSQ719RN,01JDAGYW5EE6YPK8A39YBN6XJ5,2024-11-22T18:14:27.148626923Z,01JDAGYW5RD795MHZXVKQZT9GJ,2024-11-22T18:14:27.148626923Z,01JDAH3VG7YFP35XGVF7ZJN80P,2024-11-22T18:14:27.148626923Z
01JDAJRJFF4Q8MJQ9SYFT3NRAN,01JDAJJVHVAY8ZJGA5PXHCZ8CR,2024-11-22T18:39:46.159839764Z,01JDAJJVKRFYKPM7DGKJ6NX2SA,2024-11-22T18:39:46.159839764Z,01JDAJJWFGE7DB8ZC8PJS4GWR9,2024-11-22T18:39:46.159839764Z
01JDAM7QZ9ZD3JE81ZS1C21C7C,01JDAM2WNB06XBFDK62D7VJ0M7,2024-11-22T19:05:31.881920313Z,01JDAM2WQY5F6SMJS025D5Y2WE,2024-11-22T19:05:31.881920313Z,01JDAKZS07WAZSGB7RB3MYYW5Q,2024-11-22T19:05:31.881920313Z
01JDAMH60P7WC572CFAVTB10T5,01JDAMBVQ78SAY6SVA3R4E7XZT,2024-11-22T19:10:41.174343437Z,01JDAMBW2TESNX74E9SZ9P54GA,2024-11-22T19:10:41.174343437Z,01JDAM928QNQQE97VZ92YF182A,2024-11-22T19:10:41.174343437Z
01JDAR8HFC67XSAPBV4HZMMCZF,01JDAPW5673VAZ9E1CSM7C7AKQ,2024-11-22T20:15:52.300859821Z,01JDAPWA2JVVQ85FXGK4D2XCZ9,2024-11-22T20:15:52.300859821Z,01JDAQMJCBAKAKERHF2EXA512B,2024-11-22T20:15:52.300859821Z
01JDARD6FPQ43M38DBYWBCGTJS,01JDAPW2C00ZF3AQXAVKX8TVSF,2024-11-22T20:18:24.88693427Z,01JDAPW74HW72837H4YJGX4W4C,2024-11-22T20:18:24.88693427Z,01JDAQNEN0SK691GN6K9JPGVJB,2024-11-22T20:18:24.88693427Z
01JDARMWVHB8QQVVHEE47F1AAR,01JDAPW24TQP4CMPXGVAWX0S7G,2024-11-22T20:22:37.169186124Z,01JDAPW3GT91PK3YCKS5KNY6R5,2024-11-22T20:22:37.169186124Z,01JDARB6ZNBPJ2HS4VH2DWV2TA,2024-11-22T20:22:37.169186124Z
01JDAHYNQJB1AX16PVZK3SV2XR,01JDAHVRZV9WJQX9TT0GVGQ53B,2024-11-22T18:25:37.522095218Z,01JDAHVS0W33FN347ADFP6QE0S,2024-11-22T18:25:37.522095218Z,01JDAHDERCDCDPFS9VRP6E49J1,2024-11-22T18:25:37.522095218Z
01JDAJRJG2NEM8CRWDY9RJ14DT,01JDAJJVHVAY8ZJGA5PXHCZ8CR,2024-11-22T18:39:46.178516665Z,01JDAJJVKRFYKPM7DGKJ6NX2SA,2024-11-22T18:39:46.178516665Z,01JDAJK88MDRKJXNDPXCP4BQHM,2024-11-22T18:39:46.178516665Z
01JDAMVPAFCQHWZ7TM2EX9HJNF,01JDAM84ZD3YKWJQBN5HK9M14D,2024-11-22T19:16:25.551913429Z,01JDAM8518EHX5WYZ6XX1YAKQ4,2024-11-22T19:16:25.551913429Z,01JDAKYFAMWYB0Q1YS60W99FY0,2024-11-22T19:16:25.551913429Z
01JDAQT8NC28EDKFCP9S0KKV0C,01JDAPW7PC058EE489R7PBZM59,2024-11-22T20:08:04.524862638Z,01JDAPWEGED7JR7XE5EJ74W0Q0,2024-11-22T20:08:04.524862638Z,01JDAQK7M5CAVQ92K5VMCJV05X,2024-11-22T20:08:04.524862638Z
01JDAHVH4HZY45K7MCA2X486MR,01JDAH593812KH3M200D1ZNNMX,2024-11-22T18:23:54.513404135Z,01JDAH593M5T4VCG1DXY52M5SZ,2024-11-22T18:23:54.513404135Z,01JDAH7NKPTXYTEASTP8BDVRVE,2024-11-22T18:23:54.513404135Z
01JDAM2QPAPTEX5GMTSJ9GDR89,01JDAKNYZHA1QXY8Q8ZA9B78EE,2024-11-22T19:02:47.754599501Z,01JDAKNZ1APTBAKFJHXWZR7N86,2024-11-22T19:02:47.754599501Z,01JDAKX0FEVT5XZTEZNKJV1E1F,2024-11-22T19:02:47.754599501Z
01JDARYJXY27VFS5W3TE6AF8KV,01JDAPVY0G82ZAR0TZEA42S131,2024-11-22T20:27:54.68687385Z,01JDAPVYHA8BXATCCJ81DVMQ0Z,2024-11-22T20:27:54.68687385Z,01JDAQNCR8HRXPCCW4X39Y1575,2024-11-22T20:27:54.68687385Z
01JDAHK6RSAJBM5RMCFT2MGBP4,01JDAHAFD5MAZ5PQC1DSQ05G3K,2024-11-22T18:19:21.753088963Z,01JDAHAFDM0EVKS9PJJB5ZZRRS,2024-11-22T18:19:21.753088963Z,01JDAHDMMMYXT9NS134FHE9GRY,2024-11-22T18:19:21.753088963Z
01JDAJTVXR3HGFY98AKHP2W0EA,01JDAJJTW6N9J7DB811B3D36CW,2024-11-22T18:41:01.368213689Z,01JDAJJTX691FFKCZWBA3V6B2N,2024-11-22T18:41:01.368213689Z,01JDAJADEXCK9ZN0D1PGA18SW7,2024-11-22T18:41:01.368213689Z
01JDAJWJ4FPBTX32A7MAD2AMPW,01JDAJRTCBH4BCZ83MKTEBGGC7,2024-11-22T18:41:56.879944282Z,01JDAJRTDYY582M27KD3K717AA,2024-11-22T18:41:56.879944282Z,01JDAJK9EDAZFC1G2TVZEF1WKK,2024-11-22T18:41:56.879944282Z
01JDANJCE5J9H9HGGREM159DCV,01JDAMQGHW3XGT55Q25Z3E82BR,2024-11-22T19:28:49.093761829Z,01JDAMQGN5WHK0JJECJRQ37GR0,2024-11-22T19:28:49.093761829Z,01JDAN8WEJXTYP5C7SRGNPG7EE,2024-11-22T19:28:49.093761829Z
01JDAMVPGQ2WEH593P840EVE0W,01JDAM84ZD3YKWJQBN5HK9M14D,2024-11-22T19:16:25.751385645Z,01JDAM8518EHX5WYZ6XX1YAKQ4,2024-11-22T19:16:25.751385645Z,01JDAMMC2MJZ8BMTY72CKD7452,2024-11-22T19:16:25.751385645Z
01JDAP692HHP36QTQVS513WHPN,01JDAMQ126RYV9ES84ESE6XGX5,2024-11-22T19:39:41.009830535Z,01JDAMQ17QQHBY3CY1J2VJJJZ3,2024-11-22T19:39:41.009830535Z,01JDANMQP2FDKXVDETFBPXJF2Q,2024-11-22T19:39:41.009830535Z
01JDAS90TS0BDZMK5V6N5Q9PMW,01JDAPVNQ96GFRAX00Y5BBB6G7,2024-11-22T20:33:36.601512407Z,01JDAPVPB3M90NNTGBHNKCMB2M,2024-11-22T20:33:36.601512407Z,01JDAS8G9BAYF39GSR9FX08AE2,2024-11-22T20:33:36.601512407Z
01JDAGYSWH0G82CN1N9QGHEZMP,01JDAGQZ0DA6P87AZHKRMTFXJ8,2024-11-22T18:08:13.20179749Z,01JDAGQZ0YSSAEPQ3HPH3V6W7F,2024-11-22T18:08:13.20179749Z,01JDAGRXRHM04ETV95N9XKHKYQ,2024-11-22T18:08:13.20179749Z
01JDAGYSWPRE2S92CXGJH20HR8,01JDAGQZ0DA6P87AZHKRMTFXJ8,2024-11-22T18:08:13.207067665Z,01JDAGQZ0YSSAEPQ3HPH3V6W7F,2024-11-22T18:08:13.207067665Z,01JDAGRY7AM5Q7BMPX0YX2PACK,2024-11-22T18:08:13.207067665Z
01JDAHXQ1D3AT362BWNSY9TS57,01JDAHN1PDS2QGCVFBMQ6D7B4G,2024-11-22T18:25:06.093282648Z,01JDAHN1Q5BEENCKDRE4AZ47MR,2024-11-22T18:25:06.093282648Z,01JDAHRB29036G01JPYYAVD3A1,2024-11-22T18:25:06.093282648Z
01JDAM51CGRZ1XGWVXJSYZ1XN1,01JDAKQHNKFC7QHCV09HPR330D,2024-11-22T19:04:03.21638032Z,01JDAKQHPQ6FGJSWB9C9KPECA5,2024-11-22T19:04:03.21638032Z,01JDAKY8QV7B9JQD24DYK1G2Q8,2024-11-22T19:04:03.21638032Z
01JDAG99Q54N6M1HSWDGYXYQR3,01JDAFKSC7Y4WZE1GRBHNQX5MS,2024-11-22T17:56:28.517455176Z,01JDAFKSCJ1C04Y174MS36XBM1,2024-11-22T17:56:28.517455176Z,01JDAFRKDDMVZFJSMCM7F8M4Z7,2024-11-22T17:56:28.517455176Z
01JDAMP3TWA2YW2ABEC6NCZFQS,01JDAM86A43343P96MS3SV6FVH,2024-11-22T19:13:22.780440542Z,01JDAM86DXSNKV0KQBZPJBE8ZM,2024-11-22T19:13:22.780440542Z,01JDAM5BBJSSZNKN5A553BTP7A,2024-11-22T19:13:22.780440542Z
01JDANBH0CTGS45DW5NA88G03F,01JDAMQRZXVX9RCF6DFWCTCRN8,2024-11-22T19:25:04.396680553Z,01JDAMQS4NCHSKFC6KW9PTHDNJ,2024-11-22T19:25:04.396680553Z,01JDAMZ4N6ZG5TKB0E345DCXJZ,2024-11-22T19:25:04.396680553Z
01JDAG99QP9YZBQ1VKT55HV4HX,01JDAFKSC7Y4WZE1GRBHNQX5MS,2024-11-22T17:56:28.534742522Z,01JDAFKSCJ1C04Y174MS36XBM1,2024-11-22T17:56:28.534742522Z,01JDAFY28XHG9HJ299GVDE63ZQ,2024-11-22T17:56:28.534742522Z
01JDAKB6VRC8JGHXDFAB7SHFZB,01JDAJRRSJS6C1P1T7V1AVBAYQ,2024-11-22T18:49:56.856666161Z,01JDAJRRV7CSNQ9C3NGJ66VD6T,2024-11-22T18:49:56.856666161Z,01JDAJVJ0CPDHBAV6MNJR839GX,2024-11-22T18:49:56.856666161Z
01JDARTBB1PFN5AWRHB25RRNMS,01JDAPW0A15A6WQC98MAZ6VKEK,2024-11-22T20:25:35.84135617Z,01JDAPW1PTK9GRH1GYH0JYDWW3,2024-11-22T20:25:35.84135617Z,01JDARC3WRMYC7G992XWDEV2KY,2024-11-22T20:25:35.84135617Z
01JDAT6YT2P6W72KES82RRX3YN,01JDASWBYEGEAM3MEH5G9T6BP0,2024-11-22T20:49:57.570518735Z,01JDASXXSV66V0KZTJ5CE9M82D,2024-11-22T20:49:57.570518735Z,01JDASYV3A5GFJVQX70SRFYPZ1,2024-11-22T20:49:57.570518735Z
01JDARPFRG8MBCFVN92HK00EZC,01JDAPW0ZC2JV0QSHYXVWXWZQP,2024-11-22T20:23:29.296370019Z,01JDAPW384EXEJ9KQH7M3Y86WQ,2024-11-22T20:23:29.296370019Z,01JDARAA3VARDZXZP1MHFM77FX,2024-11-22T20:23:29.296370019Z
01JDAG3NAVD9TXG7JMMP3HE4VW,01JDAFKTEWK6HYEQRVGGWS2E3Q,2024-11-22T17:53:23.803851096Z,01JDAFKTF8716N4JHKT2GD99Z7,2024-11-22T17:53:23.803851096Z,01JDAFVZPAZ0PPS3XZ96FA4Q09,2024-11-22T17:53:23.803851096Z
01JDAJ56HQRP8ARRWWRJT15YW4,01JDAHN0PXQ02WS4AZPQ2A3B4V,2024-11-22T18:29:11.351716978Z,01JDAHN0Q9CZ9SCEKH4C9SVV15,2024-11-22T18:29:11.351716978Z,01JDAHR5GWVFH0Y5DQBVXGP6SJ,2024-11-22T18:29:11.351716978Z
01JDAN7FDKB7TYAJX5HKWBXRQM,01JDAMQV49J94G02FNW7X8D4D6,2024-11-22T19:22:51.699987582Z,01JDAMQVTW7FDZ8D8ZYGN0EYRA,2024-11-22T19:22:51.699987582Z,01JDAMZN0X78BFMGRRQC1ABPTS,2024-11-22T19:22:51.699987582Z
01JDAQWFD95E91K2GESYW12RBJ,01JDAPW7VSKCEQ2747GHF3FFRJ,2024-11-22T20:09:16.969302559Z,01JDAPWFB9W2TB9441SQGF3CRX,2024-11-22T20:09:16.969302559Z,01JDAQKS01EC0FKEAZK8YN8AEB,2024-11-22T20:09:16.969302559Z
01JDAMP3XD1MJE2BX94F4KYX3H,01JDAM86A43343P96MS3SV6FVH,2024-11-22T19:13:22.861043474Z,01JDAM86DXSNKV0KQBZPJBE8ZM,2024-11-22T19:13:22.861043474Z,01JDAMBET5P3WWJ5B7SG0TEAJF,2024-11-22T19:13:22.861043474Z
01JDARH35YVDMPVPR6WK0DFYRG,01JDAPW4CD5A08H6QZB7ERWYJQ,2024-11-22T20:20:32.574840237Z,01JDAPW86BAAKNNS68C5H9WA5C,2024-11-22T20:20:32.574840237Z,01JDARA1D3S97YMVGV9JN2RWMA,2024-11-22T20:20:32.574840237Z
01JDARYK6SMS4J1W0H8JVE7RFS,01JDAPVY0G82ZAR0TZEA42S131,2024-11-22T20:27:54.96950885Z,01JDAPVYHA8BXATCCJ81DVMQ0Z,2024-11-22T20:27:54.96950885Z,01JDAR8Y3N83ZYHZ74WZTGMX9N,2024-11-22T20:27:54.96950885Z
01JDATE2A0R2C6JNMA3RKSHMN7,01JDASWATE5Z48HS2DCR1W15PW,2024-11-22T20:53:50.528816231Z,01JDASXPSXWEAA8Q04PGG5N41G,2024-11-22T20:53:50.528816231Z,01JDASKVV3HXHF37VMX3J283NW,2024-11-22T20:53:50.528816231Z
01JDAHXQ0F7H64033WNMFEVZFC,01JDAHN1PDS2QGCVFBMQ6D7B4G,2024-11-22T18:25:06.06347062Z,01JDAHN1Q5BEENCKDRE4AZ47MR,2024-11-22T18:25:06.06347062Z,01JDAHQQB9C1KK8K46DJ53NBST,2024-11-22T18:25:06.06347062Z
01JDAK2N46CJV4NH3H3PJWYN53,01JDAJRSF5W4AK9M0GQ6JNVFC9,2024-11-22T18:45:16.550330703Z,01JDAJRSGTF94NFJVJCWA7PT20,2024-11-22T18:45:16.550330703Z,01JDAJJHK7G68X045PZG08YGFP,2024-11-22T18:45:16.550330703Z
01JDAKB6T4F5DZGSQXZQ2A4PYX,01JDAJRRSJS6C1P1T7V1AVBAYQ,2024-11-22T18:49:56.804715311Z,01JDAJRRV7CSNQ9C3NGJ66VD6T,2024-11-22T18:49:56.804715311Z,01JDAJAR5DEAH8JJWQ5DNCEK58,2024-11-22T18:49:56.804715311Z
01JDAR1CS5ZT53BNZ7BQF6WBDT,01JDAPW79N6355MADMN6V919Z2,2024-11-22T20:11:58.117627645Z,01JDAPWB81F7RVP1J8D7YGMDK0,2024-11-22T20:11:58.117627645Z,01JDAQR4XTF43GJDYK15B9ZBGP,2024-11-22T20:11:58.117627645Z
01JDANTW028J7NJRYQQQ8Q6VZV,01JDAMQF3GAX1XYH5CTYNYQPG0,2024-11-22T19:33:27.170856508Z,01JDAMQF616EH4495AMCF7JPEJ,2024-11-22T19:33:27.170856508Z,01JDAMSR7E03QAQHRHMCFJHF99,2024-11-22T19:33:27.170856508Z
01JDART8RVS1MNXBYZZBH500E0,01JDAPW0A15A6WQC98MAZ6VKEK,2024-11-22T20:25:33.21188146Z,01JDAPW1PTK9GRH1GYH0JYDWW3,2024-11-22T20:25:33.21188146Z,01JDAR9JCKTF8R795ACWPK790M,2024-11-22T20:25:33.21188146Z
01JDAG3NB8NYBZ7GTXCBH46SDE,01JDAFKTEWK6HYEQRVGGWS2E3Q,2024-11-22T17:53:23.81646878Z,01JDAFKTF8716N4JHKT2GD99Z7,2024-11-22T17:53:23.81646878Z,01JDAFXHKAFKWZKWN8M42YXRE8,2024-11-22T17:53:23.81646878Z
01JDAH62J0CXFYJJEHD24D8WVC,01JDAGZBERER1FZDMPT7JPWXQH,2024-11-22T18:12:11.456712114Z,01JDAGZBF50G32SYJBEC9WQE8P,2024-11-22T18:12:11.456712114Z,01JDAGRTZGA10HZXCXXJG07WAR,2024-11-22T18:12:11.456712114Z
01JDAK4HRWW3B3Q3KXWVSJBTCG,01JDAJRS2C31SJFAH770441W5H,2024-11-22T18:46:18.652640647Z,01JDAJRS3XH4WXC3F8RQWABB9T,2024-11-22T18:46:18.652640647Z,01JDAJZ2WKQEDB0JJ5AXNEX21K,2024-11-22T18:46:18.652640647Z
01JDANFKR11DXMHSME9RQB3VD0,01JDAMQHC3923M66WN8TYC0STZ,2024-11-22T19:27:18.273812955Z,01JDAMQHGD48G5PJPRCYPAJQC6,2024-11-22T19:27:18.273812955Z,01JDAN8SC3DDW6BYV7BPZWJMHG,2024-11-22T19:27:18.273812955Z
01JDAJWJ1W3Z0D7Z2G1F3QXC61,01JDAJRTCBH4BCZ83MKTEBGGC7,2024-11-22T18:41:56.797023215Z,01JDAJRTDYY582M27KD3K717AA,2024-11-22T18:41:56.797023215Z,01JDAHF5KZ3D2XN3M7AJRDSW88,2024-11-22T18:41:56.797023215Z
01JDAMEHZAEAXAPCTG0BG4PVXF,01JDAM2TSJ10JQWQGTW3340Q7R,2024-11-22T19:09:15.114334662Z,01JDAM2TVAA9VXHJXH0KVEN359,2024-11-22T19:09:15.114334662Z,01JDAM9BYNFWHFCVP3JVZ8MF1P,2024-11-22T19:09:15.114334662Z
01JDAMP3YKFJXYJE39HRQD1MPW,01JDAM86A43343P96MS3SV6FVH,2024-11-22T19:13:22.899863256Z,01JDAM86DXSNKV0KQBZPJBE8ZM,2024-11-22T19:13:22.899863256Z,01JDAMEW5J9SXRQETM84FM3BKX,2024-11-22T19:13:22.899863256Z
01JDAQMMWANVD7VPB0045PDX1V,01JDAQ0PBRDF9QF53CB2YGQVFX,2024-11-22T20:05:00.426585103Z,01JDAQ0PRR60DMNGVKFQ5QV9ZP,2024-11-22T20:05:00.426585103Z,01JDAQ7QXB8MAGKQ69YENZDZB1,2024-11-22T20:05:00.426585103Z
01JDAKDZ0PAV7XWS6PQYJJFTT1,01JDAJRRCN9X2G7M34BDMKD2SK,2024-11-22T18:51:27.126538846Z,01JDAJRRE9AET24VV71WQVNN2E,2024-11-22T18:51:27.126538846Z,01JDAJCTET5FXFDMC9F6BRKQTM,2024-11-22T18:51:27.126538846Z
01JDAM7R0CHQ3T5C3D38XBMGDA,01JDAM2WNB06XBFDK62D7VJ0M7,2024-11-22T19:05:31.916858058Z,01JDAM2WQY5F6SMJS025D5Y2WE,2024-11-22T19:05:31.916858058Z,01JDAKZS2ADHF9S4S0GMR6XF7K,2024-11-22T19:05:31.916858058Z
01JDAPWMGX7G4WJ9QGX5VZN504,01JDAPHHFRWR86NEBBWY8VSKZZ,2024-11-22T19:51:53.629372998Z,01JDAPHHTR2MRNW3QENE4CSRRD,2024-11-22T19:51:53.629372998Z,01JDAPKKE0ZAVY8TBAWYFM7YW2,2024-11-22T19:51:53.629372998Z
01JDAQPCEAGH4XWABZGR7HNSJE,01JDAPW8218Y4505BYTKE3XE68,2024-11-22T20:05:57.323041708Z,01JDAPWGMYWK5Z6AM73WZYNM09,2024-11-22T20:05:57.323041708Z,01JDAQBSE1W0NRQ9W1R8MVSH7D,2024-11-22T20:05:57.323041708Z
01JDARMVTM9S7GZRVQ6K21KF0V,01JDAPW24TQP4CMPXGVAWX0S7G,2024-11-22T20:22:36.116067662Z,01JDAPW3GT91PK3YCKS5KNY6R5,2024-11-22T20:22:36.116067662Z,01JDAR1DQHRPSRV4CCNDGHF4EY,2024-11-22T20:22:36.116067662Z
01JDAT6Y3VDGQ703R36ZBEJB0P,01JDASWBYEGEAM3MEH5G9T6BP0,2024-11-22T20:49:56.859111803Z,01JDASXXSV66V0KZTJ5CE9M82D,2024-11-22T20:49:56.859111803Z,01JDASY3WPEASH65YTG26A57T1,2024-11-22T20:49:56.859111803Z
01JDAQYC7YDX7N220VJZWH3K90,01JDAPW7JZDDA3WCPQE8BGT691,2024-11-22T20:10:19.262492482Z,01JDAPWCPJMAD34JQQTQE4MBMF,2024-11-22T20:10:19.262492482Z,01JDAQATNWTZENB2ZMJ1BARXPA,2024-11-22T20:10:19.262492482Z
01JDAJEBE9TYZZCK2B361GE3NW,01JDAHZ8056SBEMVBT0Y4M4WJW,2024-11-22T18:34:11.273551032Z,01JDAHZ814MRWB31FVHBNTYJS6,2024-11-22T18:34:11.273551032Z,01JDAJ04MBSA5WEKWW8TP468E5,2024-11-22T18:34:11.273551032Z
01JDAJGQS89TRQ54F1GK06CK5Y,01JDAHZ75BK18P63NEZMB6WKBY,2024-11-22T18:35:29.448120055Z,01JDAHZ75X86DYFSN58HC8DYCC,2024-11-22T18:35:29.448120055Z,01JDAJACD2E42FH2XSKRC48F6M,2024-11-22T18:35:29.448120055Z
01JDAN6AVWDTZ53TC2DBQD2YCA,01JDAMQWCJV05FHJV91AX3JK41,2024-11-22T19:22:14.268463231Z,01JDAMQWKQFV1DYTSR2HQWBHV1,2024-11-22T19:22:14.268463231Z,01JDAMYB6E4GWQ5C2S6B358JFD,2024-11-22T19:22:14.268463231Z
01JDANWVGPF1N7DGEG7CEA2K64,01JDAMQE5W6DNQ1EDAZA8JMW0C,2024-11-22T19:34:32.214950166Z,01JDAMQEB3CE0Y9VEAS46P87JH,2024-11-22T19:34:32.214950166Z,01JDANP31ADJZ0GB55T177F2VK,2024-11-22T19:34:32.214950166Z
01JDAJWJ2S7V31J4EH028JEJ6T,01JDAJRTCBH4BCZ83MKTEBGGC7,2024-11-22T18:41:56.825753594Z,01JDAJRTDYY582M27KD3K717AA,2024-11-22T18:41:56.825753594Z,01JDAJARCXJB64AARCT2QTHXZ6,2024-11-22T18:41:56.825753594Z
01JDANFP49BQKHE8G02GRX3EWS,01JDAMQHC3923M66WN8TYC0STZ,2024-11-22T19:27:20.713147044Z,01JDAMQHGD48G5PJPRCYPAJQC6,2024-11-22T19:27:20.713147044Z,01JDANB597PY473PN0AERDNYMW,2024-11-22T19:27:20.713147044Z
01JDAP69EW9Y20Q5C2Q31182C3,01JDAMQ126RYV9ES84ESE6XGX5,2024-11-22T19:39:41.404488392Z,01JDAMQ17QQHBY3CY1J2VJJJZ3,2024-11-22T19:39:41.404488392Z,01JDANZ6DGVNVZSAHYM3FG1RJN,2024-11-22T19:39:41.404488392Z
01JDAG3NANT9CDW96NQE47HHY5,01JDAFKTEWK6HYEQRVGGWS2E3Q,2024-11-22T17:53:23.79776399Z,01JDAFKTF8716N4JHKT2GD99Z7,2024-11-22T17:53:23.79776399Z,01JDAFVA1T3HRMXX5MN9WSNZTG,2024-11-22T17:53:23.79776399Z
01JDAH3V72XVSBFCR3H7Y113C9,01JDAGY7S217P5T9V7NJR1FC04,2024-11-22T18:10:58.403018891Z,01JDAGY7SD98WFY7GQYRSWXS7M,2024-11-22T18:10:58.403018891Z,01JDAGRZ1FXJ4HS7HHT801K5RJ,2024-11-22T18:10:58.403018891Z
01JDAHVH4VW89ZTGTGXKNAN8ZR,01JDAH593812KH3M200D1ZNNMX,2024-11-22T18:23:54.523708345Z,01JDAH593M5T4VCG1DXY52M5SZ,2024-11-22T18:23:54.523708345Z,01JDAH9W03AJRBB8GSTRXK78ZK,2024-11-22T18:23:54.523708345Z
01JDAHVH56K99S01T1Q782DM92,01JDAH593812KH3M200D1ZNNMX,2024-11-22T18:23:54.534950216Z,01JDAH593M5T4VCG1DXY52M5SZ,2024-11-22T18:23:54.534950216Z,01JDAHDN4NHXWSJQZ1CQFJE5CS,2024-11-22T18:23:54.534950216Z
01JDAHH7RBDQH7CBF85WCA9BHK,01JDAHAG5MNBW1J9KNPHXKXD0A,2024-11-22T18:18:17.227095269Z,01JDAHAG5YMTBWKQE264AYH68A,2024-11-22T18:18:17.227095269Z,01JDAH5VAMCNKYY0XND7KASZY5,2024-11-22T18:18:17.227095269Z
01JDAP697WB908V8R7KNKWR164,01JDAMQ126RYV9ES84ESE6XGX5,2024-11-22T19:39:41.18025148Z,01JDAMQ17QQHBY3CY1J2VJJJZ3,2024-11-22T19:39:41.18025148Z,01JDANTTJZ079S3MN6RCB1ZZE1,2024-11-22T19:39:41.18025148Z
01JDAJ1V2RMATCRHDZAW2KXR37,01JDAHVQ623BWMFK087YFQW2C9,2024-11-22T18:27:21.304668741Z,01JDAHVQ6M98P9DHBPDWAV5C8H,2024-11-22T18:27:21.304668741Z,01JDAHQW61YJB4CCJ48CJ3ZZ06,2024-11-22T18:27:21.304668741Z
01JDAQT8GT87AVVW4W3EB10ABC,01JDAPW7PC058EE489R7PBZM59,2024-11-22T20:08:04.378944507Z,01JDAPWEGED7JR7XE5EJ74W0Q0,2024-11-22T20:08:04.378944507Z,01JDAQ95QH5080PZKFT0SS66A3,2024-11-22T20:08:04.378944507Z
01JDARPF6QBNXK19414056ZGXC,01JDAPW0ZC2JV0QSHYXVWXWZQP,2024-11-22T20:23:28.727215243Z,01JDAPW384EXEJ9KQH7M3Y86WQ,2024-11-22T20:23:28.727215243Z,01JDAR9TAF4K8S155P6RSHFECS,2024-11-22T20:23:28.727215243Z
01JDASGYCCB8C6QCQFKH95QP4Y,01JDARZKMM0F4AF2HDN325T8KK,2024-11-22T20:37:56.23672925Z,01JDARZT45HWB1EH88QFRKY224,2024-11-22T20:37:56.23672925Z,01JDAS1B028NR2NGWJ2M17T3NZ,2024-11-22T20:37:56.23672925Z
01JDAKDZ3DC4FBF1MHHDKPBGHF,01JDAJRRCN9X2G7M34BDMKD2SK,2024-11-22T18:51:27.213186243Z,01JDAJRRE9AET24VV71WQVNN2E,2024-11-22T18:51:27.213186243Z,01JDAK5F5S84A0PYMZS591QX7H,2024-11-22T18:51:27.213186243Z
01JDAMER978NP1SKV8MAHXZC7P,01JDAM2VVH90HMNHEN351M66QJ,2024-11-22T19:09:21.575168396Z,01JDAM2VY2K3KPQ93P1XACMM6X,2024-11-22T19:09:21.575168396Z,01JDAKZ915RAWFH9VRYH7TBMD4,2024-11-22T19:09:21.575168396Z
01JDAN7FBREX8PBNJ4NCKN7G6N,01JDAMQV49J94G02FNW7X8D4D6,2024-11-22T19:22:51.640789009Z,01JDAMQVTW7FDZ8D8ZYGN0EYRA,2024-11-22T19:22:51.640789009Z,01JDAMZ9JE4SKWBTSRJM1097A2,2024-11-22T19:22:51.640789009Z
01JDAPV3Y42E5696E0K7SH44QY,01JDAP5V7PX29F939R911J2077,2024-11-22T19:51:03.876153736Z,01JDAP5VRRRD5902VYXV8NFPS5,2024-11-22T19:51:03.876153736Z,01JDAPKCHRTR896BNGVD5RSFZV,2024-11-22T19:51:03.876153736Z
01JDAHYNRBN5KQBGTDS0QR66WS,01JDAHVRZV9WJQX9TT0GVGQ53B,2024-11-22T18:25:37.54748151Z,01JDAHVS0W33FN347ADFP6QE0S,2024-11-22T18:25:37.54748151Z,01JDAHR2KRV6RZR3PQTC2BHVZN,2024-11-22T18:25:37.54748151Z
01JDAK4HMYYYD4R01R4EMQE065,01JDAJRS2C31SJFAH770441W5H,2024-11-22T18:46:18.526073188Z,01JDAJRS3XH4WXC3F8RQWABB9T,2024-11-22T18:46:18.526073188Z,01JDAJJ6EKVK0VJGK1M9ZPB9ZA,2024-11-22T18:46:18.526073188Z
01JDAMZYFCG1526VQCV6DQKCS7,01JDAMQZAQMD2G3E8H3KKHV3Y6,2024-11-22T19:18:44.972971429Z,01JDAMQZH3YT6W22AXH917MMQT,2024-11-22T19:18:44.972971429Z,01JDAMKX81M6ZCQ424NTCZJVBZ,2024-11-22T19:18:44.972971429Z
01JDANDMHTBE8K0993VT5MTJB1,01JDAMQR9KPX9RPT5DA1Q1F2ZZ,2024-11-22T19:26:13.56236946Z,01JDAMQRDQTMGSYY9VMGQ9MFJQ,2024-11-22T19:26:13.56236946Z,01JDAMYY9NGYKE7KE2BGQZNNM8,2024-11-22T19:26:13.56236946Z
01JDAG1G9NMDHPK5JZCKF61VBR,01JDAFKV9C2GZSA71WJVAQ8MG0,2024-11-22T17:52:13.109955404Z,01JDAFKV9QD012SN1JSK0F77TJ,2024-11-22T17:52:13.109955404Z,01JDAFS8HG6CXNPV1VQ04EDP0R,2024-11-22T17:52:13.109955404Z
01JDAHMTMDBJ6HJXQT6E43YSQ4,01JDAHAE8YJATNBJYPZS4Z2H64,2024-11-22T18:20:14.861663959Z,01JDAHAE99ZYVX8KDTBCEWN8DX,2024-11-22T18:20:14.861663959Z,01JDAHDMD1743T9X0N0YS3Q1KY,2024-11-22T18:20:14.861663959Z
01JDAHMTMY9KGTCBC9GA0CB652,01JDAHAE8YJATNBJYPZS4Z2H64,2024-11-22T18:20:14.878554479Z,01JDAHAE99ZYVX8KDTBCEWN8DX,2024-11-22T18:20:14.878554479Z,01JDAHE0D6FBQ3B3KTXK6QSW7J,2024-11-22T18:20:14.878554479Z
01JDAJPRVGA98DVKBS376MDZRX,01JDAHZ5ZJ1H0KRB6P8NNB97ZS,2024-11-22T18:38:47.152563584Z,01JDAHZ60365PNSEEMGS4BT96E,2024-11-22T18:38:47.152563584Z,01JDAJJDRYZ6HCE7WRG9EP10CH,2024-11-22T18:38:47.152563584Z
01JDAMTDYWX2SZ1KXZ5KWRT6TS,01JDAM85KVG90W044Z98XM16DB,2024-11-22T19:15:44.220155667Z,01JDAM85QPC0RBRPFY0R5MDYCF,2024-11-22T19:15:44.220155667Z,01JDAMKC9AERE9K0RWGZFVM8YW,2024-11-22T19:15:44.220155667Z
01JDAN6APSWGW102PDAP27WZPN,01JDAMQWCJV05FHJV91AX3JK41,2024-11-22T19:22:14.105204409Z,01JDAMQWKQFV1DYTSR2HQWBHV1,2024-11-22T19:22:14.105204409Z,01JDAMKFJ007YZFS7QMSXQWKV0,2024-11-22T19:22:14.105204409Z
01JDARYK2E7QZQEE1231T5QB1K,01JDAPVY0G82ZAR0TZEA42S131,2024-11-22T20:27:54.830518111Z,01JDAPVYHA8BXATCCJ81DVMQ0Z,2024-11-22T20:27:54.830518111Z,01JDAR8H850K2K2S00XJF13H7Z,2024-11-22T20:27:54.830518111Z
01JDATECEPMZWCQ7NWR7V80XMZ,01JDASW90AZ187GE67SA77891H,2024-11-22T20:54:00.918957281Z,01JDASXJD1JX3QT62VW83MA089,2024-11-22T20:54:00.918957281Z,01JDASYYQYC0DE6P9KSX2A0F34,2024-11-22T20:54:00.918957281Z
01JDAH3V78S53TER8M9QGZKXW8,01JDAGY7S217P5T9V7NJR1FC04,2024-11-22T18:10:58.408363936Z,01JDAGY7SD98WFY7GQYRSWXS7M,2024-11-22T18:10:58.408363936Z,01JDAGS8CVGKR8TRSHVQF5B0GX,2024-11-22T18:10:58.408363936Z
01JDAHBRXYJD4V67T46CHPZTAE,01JDAH5DCP9PY7QX63WRAQ1BS4,2024-11-22T18:15:18.20694988Z,01JDAH5DD3QWFSNPG2H8QN0FY6,2024-11-22T18:15:18.20694988Z,01JDAH66C3QDX2BJBTY77TNBK6,2024-11-22T18:15:18.20694988Z
01JDAK2N7P1YCRA69GTGY2K3TE,01JDAJRSF5W4AK9M0GQ6JNVFC9,2024-11-22T18:45:16.662563605Z,01JDAJRSGTF94NFJVJCWA7PT20,2024-11-22T18:45:16.662563605Z,01JDAJMD14TR5QE0GV4696P1PX,2024-11-22T18:45:16.662563605Z
01JDAM2QRB52ZZA5BATH93MX6W,01JDAKNYZHA1QXY8Q8ZA9B78EE,2024-11-22T19:02:47.819920605Z,01JDAKNZ1APTBAKFJHXWZR7N86,2024-11-22T19:02:47.819920605Z,01JDAKY7VYAM5HQP6VG1P5KXEK,2024-11-22T19:02:47.819920605Z
01JDAT6Z5S69JDJ0AY0ZPJXEDJ,01JDASWBYEGEAM3MEH5G9T6BP0,2024-11-22T20:49:57.945891735Z,01JDASXXSV66V0KZTJ5CE9M82D,2024-11-22T20:49:57.945891735Z,01JDAT389Q1TCJZSZGA2WC0MCT,2024-11-22T20:49:57.945891735Z
01JDAHMTKSDQ49K6F84FWA05N5,01JDAHAE8YJATNBJYPZS4Z2H64,2024-11-22T18:20:14.841540962Z,01JDAHAE99ZYVX8KDTBCEWN8DX,2024-11-22T18:20:14.841540962Z,01JDAHDEC58055QZ0D78KA512T,2024-11-22T18:20:14.841540962Z
01JDAJ1V1W4F3HAC2FYYYY760M,01JDAHVQ623BWMFK087YFQW2C9,2024-11-22T18:27:21.276531699Z,01JDAHVQ6M98P9DHBPDWAV5C8H,2024-11-22T18:27:21.276531699Z,01JDAHED8RY3HJXAWRN9ECM3F3,2024-11-22T18:27:21.276531699Z
01JDAJKE6TFCCGVMZ720YK0XKH,01JDAHZ6J8BKEXAJ5V79BGNHBG,2024-11-22T18:36:57.946936391Z,01JDAHZ6K6FTEKW298M54A4G2M,2024-11-22T18:36:57.946936391Z,01JDAJAE6J139XG92BTTTJA8VE,2024-11-22T18:36:57.946936391Z
01JDAN6B19RHPR60HXMKVNMG81,01JDAMQWCJV05FHJV91AX3JK41,2024-11-22T19:22:14.441759378Z,01JDAMQWKQFV1DYTSR2HQWBHV1,2024-11-22T19:22:14.441759378Z,01JDAMYH7G9GPDJ0245QV4DGCE,2024-11-22T19:22:14.441759378Z
01JDAS40KWYHHJ0KYGGG3AYKT6,01JDAPVQ1353KWJYHD7MB1W8XX,2024-11-22T20:30:52.54025531Z,01JDAPVRAT9NYEHNJNCD91M2EA,2024-11-22T20:30:52.54025531Z,01JDARWBMV4Z331X5HG29XS1WC,2024-11-22T20:30:52.54025531Z
01JDAH3V7F4EPWETNYK6AGYACG,01JDAGY7S217P5T9V7NJR1FC04,2024-11-22T18:10:58.415417849Z,01JDAGY7SD98WFY7GQYRSWXS7M,2024-11-22T18:10:58.415417849Z,01JDAGYH11D6PZSD1C507C0TP3,2024-11-22T18:10:58.415417849Z
01JDAJPRTYG76B2XFEVHFQXQT6,01JDAHZ5ZJ1H0KRB6P8NNB97ZS,2024-11-22T18:38:47.134175505Z,01JDAHZ60365PNSEEMGS4BT96E,2024-11-22T18:38:47.134175505Z,01JDAJJ9R5YQ2VZDNEQF0CCREX,2024-11-22T18:38:47.134175505Z
01JDANFM6CPPW72C9P4PNG2M1Q,01JDAMQHC3923M66WN8TYC0STZ,2024-11-22T19:27:18.732196771Z,01JDAMQHGD48G5PJPRCYPAJQC6,2024-11-22T19:27:18.732196771Z,01JDAN8SJR5TCFXHRZJDMK1E4V,2024-11-22T19:27:18.732196771Z
01JDAQYCXQRENKJAVR87XBRS9X,01JDAPW7JZDDA3WCPQE8BGT691,2024-11-22T20:10:19.959150955Z,01JDAPWCPJMAD34JQQTQE4MBMF,2024-11-22T20:10:19.959150955Z,01JDAQMEB6G3CY6Q0Y79V2F8ZD,2024-11-22T20:10:19.959150955Z
01JDAG1G9ZY3TVE2MNB80CRW25,01JDAFKV9C2GZSA71WJVAQ8MG0,2024-11-22T17:52:13.119862526Z,01JDAFKV9QD012SN1JSK0F77TJ,2024-11-22T17:52:13.119862526Z,01JDAFTWFWTF6BC01MX0FDVV1Z,2024-11-22T17:52:13.119862526Z
01JDAHVH5K6WGDNA50CFZAN77B,01JDAH593812KH3M200D1ZNNMX,2024-11-22T18:23:54.548015463Z,01JDAH593M5T4VCG1DXY52M5SZ,2024-11-22T18:23:54.548015463Z,01JDAHEY4MAVN7RW3P2WRG1FGB,2024-11-22T18:23:54.548015463Z
01JDAJWJ3RGFRS1RFCM2VMZCF0,01JDAJRTCBH4BCZ83MKTEBGGC7,2024-11-22T18:41:56.85707199Z,01JDAJRTDYY582M27KD3K717AA,2024-11-22T18:41:56.85707199Z,01JDAJC35CKDQW3YC83CZRB5B2,2024-11-22T18:41:56.85707199Z
01JDATBQG4ZXY7A275XA7EW3RJ,01JDASWBKC0TZAJ538JGQSSTMB,2024-11-22T20:52:33.924355431Z,01JDASXR7TZWY5CXBQV4GNQQ4Z,2024-11-22T20:52:33.924355431Z,01JDASY6HPR9YZZXWT92WQKVYH,2024-11-22T20:52:33.924355431Z
01JDARYKHDX3XBG91VTC7JYTJ6,01JDAPVY0G82ZAR0TZEA42S131,2024-11-22T20:27:55.309549805Z,01JDAPVYHA8BXATCCJ81DVMQ0Z,2024-11-22T20:27:55.309549805Z,01JDARA457GHHCSGYP4MBG2338,2024-11-22T20:27:55.309549805Z
01JDAHQ5925TFVNNZ81KYANT0H,01JDAH5A0FE7G23H405ZVZPHMD,2024-11-22T18:21:31.298121549Z,01JDAH5A0VH4DCFKBW10NC5NN5,2024-11-22T18:21:31.298121549Z,01JDAHDKS2CS45QHFAQNSWF40C,2024-11-22T18:21:31.298121549Z
01JDAHQ5A84KYKEFTY9TCR7ZVP,01JDAH5A0FE7G23H405ZVZPHMD,2024-11-22T18:21:31.336780401Z,01JDAH5A0VH4DCFKBW10NC5NN5,2024-11-22T18:21:31.336780401Z,01JDAHH8SM3MQPVC24XSXJPEXZ,2024-11-22T18:21:31.336780401Z
01JDAJXFWQFC3PKYR4KX21SYNV,01JDAJRSXSC5RHGS62BME2F6J6,2024-11-22T18:42:27.352002847Z,01JDAJRSZMKGHN6YMRH7588MA0,2024-11-22T18:42:27.352002847Z,01JDAJJZSM9ERQ60B3SNMKFSCK,2024-11-22T18:42:27.352002847Z
01JDAN7F9XPFZRSXVKEVKMFRRA,01JDAMQV49J94G02FNW7X8D4D6,2024-11-22T19:22:51.581317821Z,01JDAMQVTW7FDZ8D8ZYGN0EYRA,2024-11-22T19:22:51.581317821Z,01JDAMYHD73FQ5DA986E8ZERZ0,2024-11-22T19:22:51.581317821Z
01JDAMVPECWXATV9C7G274VHMM,01JDAM84ZD3YKWJQBN5HK9M14D,2024-11-22T19:16:25.676260688Z,01JDAM8518EHX5WYZ6XX1YAKQ4,2024-11-22T19:16:25.676260688Z,01JDAMEAZKCRMPS8FH2GV0EY6F,2024-11-22T19:16:25.676260688Z
01JDAQ6CNRKCBY1QYBMZMY6CSR,01JDAPA1C19K0NQZZH7FZ09D4C,2024-11-22T19:57:13.272302838Z,01JDAPA1M38HVBXYE26SP0V6DM,2024-11-22T19:57:13.272302838Z,01JDAPYM2J49SK5B9HB6E28MF1,2024-11-22T19:57:13.272302838Z
01JDATBS3QT0BRPA5PSH64E51D,01JDASWBKC0TZAJ538JGQSSTMB,2024-11-22T20:52:35.575952848Z,01JDASXR7TZWY5CXBQV4GNQQ4Z,2024-11-22T20:52:35.575952848Z,01JDASYJFQB504ZHBAAJHGRFQE,2024-11-22T20:52:35.575952848Z
01JDATEEFCJ54AJVJSKQKN4GMF,01JDASWATE5Z48HS2DCR1W15PW,2024-11-22T20:54:02.988254174Z,01JDASXPSXWEAA8Q04PGG5N41G,2024-11-22T20:54:02.988254174Z,01JDAT1VDV4P9ABY0V4RKQ5WA7,2024-11-22T20:54:02.988254174Z
01JDAJ56H46PPFDMNRAXJ9162W,01JDAHN0PXQ02WS4AZPQ2A3B4V,2024-11-22T18:29:11.332917644Z,01JDAHN0Q9CZ9SCEKH4C9SVV15,2024-11-22T18:29:11.332917644Z,01JDAHQD8Z55Q06RKG4KRA7R6C,2024-11-22T18:29:11.332917644Z
01JDAM7R1DYJ02GDGGE08S1SZ5,01JDAM2WNB06XBFDK62D7VJ0M7,2024-11-22T19:05:31.949493117Z,01JDAM2WQY5F6SMJS025D5Y2WE,2024-11-22T19:05:31.949493117Z,01JDAM1K7P44SS3AJDW7HZ2403,2024-11-22T19:05:31.949493117Z
01JDAMP3W7S8YZYWT67CCFS86E,01JDAM86A43343P96MS3SV6FVH,2024-11-22T19:13:22.823960547Z,01JDAM86DXSNKV0KQBZPJBE8ZM,2024-11-22T19:13:22.823960547Z,01JDAM7W6PASGRH70HCVPG11E0,2024-11-22T19:13:22.823960547Z
01JDAMVPCJ36T54GQSSSGFQ44A,01JDAM84ZD3YKWJQBN5HK9M14D,2024-11-22T19:16:25.61805524Z,01JDAM8518EHX5WYZ6XX1YAKQ4,2024-11-22T19:16:25.61805524Z,01JDAM95HEF5NX1Y0CFB49013P,2024-11-22T19:16:25.61805524Z
01JDANWV3QJ2WTF2YRFGB1FMS5,01JDAMQE5W6DNQ1EDAZA8JMW0C,2024-11-22T19:34:31.799179239Z,01JDAMQEB3CE0Y9VEAS46P87JH,2024-11-22T19:34:31.799179239Z,01JDAMZFKKEPCWNSXGR62YYMRR,2024-11-22T19:34:31.799179239Z
01JDAPWP0CQ7JM62TM2MN2Y171,01JDAPHHFRWR86NEBBWY8VSKZZ,2024-11-22T19:51:55.148118582Z,01JDAPHHTR2MRNW3QENE4CSRRD,2024-11-22T19:51:55.148118582Z,01JDAPN0SC753ZKJEPC8EW84VT,2024-11-22T19:51:55.148118582Z
01JDAT3V02YA3QMYF788ZQ5HKQ,01JDASW23HVHK0B67WVQS4ZJ2M,2024-11-22T20:48:15.362957251Z,01JDASXE2GXDXPWGXTRF4XMGDD,2024-11-22T20:48:15.362957251Z,01JDASYNKYBVHZ1AVPKWQDY0QN,2024-11-22T20:48:15.362957251Z
01JDAKDZ2J89TVME02F6Q0SNQP,01JDAJRRCN9X2G7M34BDMKD2SK,2024-11-22T18:51:27.186660494Z,01JDAJRRE9AET24VV71WQVNN2E,2024-11-22T18:51:27.186660494Z,01JDAJFBHE4EWEC5351MCKV9E9,2024-11-22T18:51:27.186660494Z
01JDAMH5XDHARASFR9JT569A9W,01JDAMBVQ78SAY6SVA3R4E7XZT,2024-11-22T19:10:41.069549322Z,01JDAMBW2TESNX74E9SZ9P54GA,2024-11-22T19:10:41.069549322Z,01JDAM75TMY9AM8QKWMNPXBHGE,2024-11-22T19:10:41.069549322Z
01JDAN30YHP0T4SNJGMCT63PBG,01JDAMQYAP01FT4Q1PFS19G0PT,2024-11-22T19:20:25.809521026Z,01JDAMQYJ3WHC5CEZAT4T1JW6E,2024-11-22T19:20:25.809521026Z,01JDAMM2ZVTEEWRX0PXK727PDR,2024-11-22T19:20:25.809521026Z
01JDANFKJ1X2NFTG6VBKVF2K1Q,01JDAMQHC3923M66WN8TYC0STZ,2024-11-22T19:27:18.081745878Z,01JDAMQHGD48G5PJPRCYPAJQC6,2024-11-22T19:27:18.081745878Z,01JDAN8E0HQJ0CG5MDSNJCP79S,2024-11-22T19:27:18.081745878Z
01JDAK2N6NZT862H2HKWK38WXE,01JDAJRSF5W4AK9M0GQ6JNVFC9,2024-11-22T18:45:16.629935718Z,01JDAJRSGTF94NFJVJCWA7PT20,2024-11-22T18:45:16.629935718Z,01JDAJM28BNEQBYT6HE4XSVWFE,2024-11-22T18:45:16.629935718Z
01JDAM2QQA8V6NPC6YBTJ34VYZ,01JDAKNYZHA1QXY8Q8ZA9B78EE,2024-11-22T19:02:47.786469062Z,01JDAKNZ1APTBAKFJHXWZR7N86,2024-11-22T19:02:47.786469062Z,01JDAKY12RS2ABVV1MB5FD1PYT,2024-11-22T19:02:47.786469062Z
01JDAMERBX9AH0R4QGM8ERM3K2,01JDAM2VVH90HMNHEN351M66QJ,2024-11-22T19:09:21.661732226Z,01JDAM2VY2K3KPQ93P1XACMM6X,2024-11-22T19:09:21.661732226Z,01JDAM2N4FJYPRFA394PXYYKM2,2024-11-22T19:09:21.661732226Z
01JDAR1E17D759NWRJ20WAZM3R,01JDAPW79N6355MADMN6V919Z2,2024-11-22T20:11:59.399615315Z,01JDAPWB81F7RVP1J8D7YGMDK0,2024-11-22T20:11:59.399615315Z,01JDAQRBS8NGMQK0M8YGMQP10E,2024-11-22T20:11:59.399615315Z
01JDASV1CKMB7R8MKC79NVK0NS,01JDARZHR1FDN7X9XN89QR9BYF,2024-11-22T20:43:26.995348754Z,01JDARZMCFXKGVM7X7E9MZHG13,2024-11-22T20:43:26.995348754Z,01JDASN07GKJRDFFNJJQCAPXPR,2024-11-22T20:43:26.995348754Z
01JDAJEBCJGZMF4KJSBQ8ZVBW0,01JDAHZ8056SBEMVBT0Y4M4WJW,2024-11-22T18:34:11.218466358Z,01JDAHZ814MRWB31FVHBNTYJS6,2024-11-22T18:34:11.218466358Z,01JDAHKEBA3FEBHEW30MVKX9RP,2024-11-22T18:34:11.218466358Z
01JDAN7F803W22KFHQBRDJNXBD,01JDAMQV49J94G02FNW7X8D4D6,2024-11-22T19:22:51.520924901Z,01JDAMQVTW7FDZ8D8ZYGN0EYRA,2024-11-22T19:22:51.520924901Z,01JDAMNR7WWJ97GA3A035ANV0F,2024-11-22T19:22:51.520924901Z
01JDAR8GDGVEEBTV1VETRKFZDH,01JDAPW5673VAZ9E1CSM7C7AKQ,2024-11-22T20:15:51.216408995Z,01JDAPWA2JVVQ85FXGK4D2XCZ9,2024-11-22T20:15:51.216408995Z,01JDAQCV6KA3JC8H20KHM7ZXS0,2024-11-22T20:15:51.216408995Z
01JDAS404CFXAGZWPAVQHA0DV0,01JDAPVQ1353KWJYHD7MB1W8XX,2024-11-22T20:30:52.044631991Z,01JDAPVRAT9NYEHNJNCD91M2EA,2024-11-22T20:30:52.044631991Z,01JDAR2GW2PAKQGZ5272F32FDV,2024-11-22T20:30:52.044631991Z
01JDAMZY1N97EE8PGYJEP83JHX,01JDAMQZAQMD2G3E8H3KKHV3Y6,2024-11-22T19:18:44.533730959Z,01JDAMQZH3YT6W22AXH917MMQT,2024-11-22T19:18:44.533730959Z,01JDAMJWPCV1JRRM9V1KV58CFF,2024-11-22T19:18:44.533730959Z
01JDAN4QPQDPZQQG9YCWQ5Q9NW,01JDAMQX9C38CX4CXHPVXWJ3YS,2024-11-22T19:21:21.879378045Z,01JDAMQXG805TB9HT84N1ZC27X,2024-11-22T19:21:21.879378045Z,01JDAMMN1BT8HREQ6BWEC8MENW,2024-11-22T19:21:21.879378045Z
01JDAN99G04S8Q5GCVAZ91KJG3,01JDAMQSP3SZ365C5HNFRXEAPP,2024-11-22T19:23:51.168529917Z,01JDAMQSZJJVENZV06ACNF4KWY,2024-11-22T19:23:51.168529917Z,01JDAN0KGA959PXVTEDN56WT1Y,2024-11-22T19:23:51.168529917Z
01JDATE390CN6F19JY7PJRAF74,01JDASW90AZ187GE67SA77891H,2024-11-22T20:53:51.520621114Z,01JDASXJD1JX3QT62VW83MA089,2024-11-22T20:53:51.520621114Z,01JDASX0QHAW3A7R2KY1CAM928,2024-11-22T20:53:51.520621114Z
01JDASGYGX7GMFKN87VVJ7VYHM,01JDARZKMM0F4AF2HDN325T8KK,2024-11-22T20:37:56.381606922Z,01JDARZT45HWB1EH88QFRKY224,2024-11-22T20:37:56.381606922Z,01JDAS3FTQCMMPBAY0YCXJS5YJ,2024-11-22T20:37:56.381606922Z
01JDAT022QS8MHW9FEDCDGCPQ7,01JDAPVKN7Q57Q9RZTTAAS0G0G,2024-11-22T20:46:11.543291531Z,01JDAPVMMAB3A1KAN5X85F5YDM,2024-11-22T20:46:11.543291531Z,01JDASMT5WR1MEJZPC4M0VKDA5,2024-11-22T20:46:11.543291531Z
01JDATE9CEJBF0YRX7CE4Q97G9,01JDASW90AZ187GE67SA77891H,2024-11-22T20:53:57.774975963Z,01JDASXJD1JX3QT62VW83MA089,2024-11-22T20:53:57.774975963Z,01JDASYWZQYQ31W44V99KFZC0M,2024-11-22T20:53:57.774975963Z
01JDAG1G9T8DE6JNYXWZHW1H1R,01JDAFKV9C2GZSA71WJVAQ8MG0,2024-11-22T17:52:13.114274283Z,01JDAFKV9QD012SN1JSK0F77TJ,2024-11-22T17:52:13.114274283Z,01JDAFTBH1NEPFCKFJH5P0087N,2024-11-22T17:52:13.114274283Z
01JDAJGQRHMK4XGRFW40WAAZDK,01JDAHZ75BK18P63NEZMB6WKBY,2024-11-22T18:35:29.425725367Z,01JDAHZ75X86DYFSN58HC8DYCC,2024-11-22T18:35:29.425725367Z,01JDAJA7WNQ56T6VGYY3NTTDFE,2024-11-22T18:35:29.425725367Z
01JDAQMP7RN7GYG96B6TTRCKS0,01JDAQ0PBRDF9QF53CB2YGQVFX,2024-11-22T20:05:01.816286755Z,01JDAQ0PRR60DMNGVKFQ5QV9ZP,2024-11-22T20:05:01.816286755Z,01JDAQ9ZK5XX6CEGFKGF7KR6VX,2024-11-22T20:05:01.816286755Z
01JDART9D1FCNA6TR46QC7KZAP,01JDAPW0A15A6WQC98MAZ6VKEK,2024-11-22T20:25:33.857716162Z,01JDAPW1PTK9GRH1GYH0JYDWW3,2024-11-22T20:25:33.857716162Z,01JDARAKXPEQBKC1KT9SKWF21X,2024-11-22T20:25:33.857716162Z
01JDAG94GNRT74N8T104X9FBM8,01JDAFKRJCN5QH00Q2J0B42YY7,2024-11-22T17:56:23.18960985Z,01JDAFKRJNMRCJ0QEVF3ZPSZ62,2024-11-22T17:56:23.18960985Z,01JDAFWZ1TKMTGQBPZP5WCP11C,2024-11-22T17:56:23.18960985Z
01JDAP68WSHX1RFAC0F5Q9JMY1,01JDAMQ126RYV9ES84ESE6XGX5,2024-11-22T19:39:40.825814044Z,01JDAMQ17QQHBY3CY1J2VJJJZ3,2024-11-22T19:39:40.825814044Z,01JDAN9PY0MQ6YMZ6Y42ER4T1X,2024-11-22T19:39:40.825814044Z
01JDAQYBYBX9BTK70SGKQFVVNG,01JDAPW7JZDDA3WCPQE8BGT691,2024-11-22T20:10:18.955231744Z,01JDAPWCPJMAD34JQQTQE4MBMF,2024-11-22T20:10:18.955231744Z,01JDAQ7RSYGMMRBVFRNDTKCEFS,2024-11-22T20:10:18.955231744Z
01JDAR8KYKGT34RV7YX284VA4J,01JDAPW5673VAZ9E1CSM7C7AKQ,2024-11-22T20:15:54.835955384Z,01JDAPWA2JVVQ85FXGK4D2XCZ9,2024-11-22T20:15:54.835955384Z,01JDAQQGY5117MF6W3XS7G1BDG,2024-11-22T20:15:54.835955384Z
01JDAP2JBHBBW5AYE6SN0C6A6C,01JDAMQCQVMG0HYAH2M9HPP6J4,2024-11-22T19:37:39.441283562Z,01JDAMQCW6X37SCNZDXN7RRQHK,2024-11-22T19:37:39.441283562Z,01JDANQF0ER72DF1AYFTYXAMD9,2024-11-22T19:37:39.441283562Z
01JDAPWKZ5N51ADEVBEQAWFE59,01JDAPHHFRWR86NEBBWY8VSKZZ,2024-11-22T19:51:53.061717058Z,01JDAPHHTR2MRNW3QENE4CSRRD,2024-11-22T19:51:53.061717058Z,01JDAPJ73V4WKG53SFKWMXG20Z,2024-11-22T19:51:53.061717058Z
01JDAQT86GJP4YKJYCDPK75SYC,01JDAPW7PC058EE489R7PBZM59,2024-11-22T20:08:04.048501851Z,01JDAPWEGED7JR7XE5EJ74W0Q0,2024-11-22T20:08:04.048501851Z,01JDAQ8JAXYK4S7GC6SZK1F6F0,2024-11-22T20:08:04.048501851Z
01JDAJEBDP66KBZEJNMJC4MWXQ,01JDAHZ8056SBEMVBT0Y4M4WJW,2024-11-22T18:34:11.255010681Z,01JDAHZ814MRWB31FVHBNTYJS6,2024-11-22T18:34:11.255010681Z,01JDAHZHXXMB8ASYS5TS9NXYJV,2024-11-22T18:34:11.255010681Z
01JDAK2N5AP7KW57JHVW05XFRK,01JDAJRSF5W4AK9M0GQ6JNVFC9,2024-11-22T18:45:16.586140074Z,01JDAJRSGTF94NFJVJCWA7PT20,2024-11-22T18:45:16.586140074Z,01JDAJKK3VB509KHENSNCTWSCT,2024-11-22T18:45:16.586140074Z
01JDAM2QSBYZJDEZ676KFRBZG9,01JDAKNYZHA1QXY8Q8ZA9B78EE,2024-11-22T19:02:47.851693732Z,01JDAKNZ1APTBAKFJHXWZR7N86,2024-11-22T19:02:47.851693732Z,01JDAKYCHPWK1JPTBT03DSCDV1,2024-11-22T19:02:47.851693732Z
01JDAMWV1A1G2RTCZ9YPQF1BQE,01JDAMR0MME5K4R8KFTWR4M5XE,2024-11-22T19:17:03.146541101Z,01JDAMR0VYECP793TFTR4648G8,2024-11-22T19:17:03.146541101Z,01JDAMM5YFT83MSQ5D3GSPJE0B,2024-11-22T19:17:03.146541101Z
