id,batchID,batchIDLastChangedAt,gameID,gameIDLastChangedAt,playerID,playerIDLastChangedAt
01JGQBH1WA9TE0J54JREJA3JEE,01JGQAPRWF486J91VM2EW7XFX8,2025-01-04T00:30:32.842684669Z,01JGQAPRWP2J9WX0XE6QG8HKCE,2025-01-04T00:30:32.842684669Z,01JGQAVQCD8R9FN861FH528EER,2025-01-04T00:30:32.842684669Z
01JGQBQ9MMZF4N5NQB57VF4A1E,01JGQAPRB686GP4TR4MX90A07S,2025-01-04T00:33:57.396859975Z,01JGQAPRBEP1J9TEWCBARHWSH7,2025-01-04T00:33:57.396859975Z,01JGQB81T1ZDK0NAZ7F937TM74,2025-01-04T00:33:57.396859975Z
01JGQGK4K2DVTAAEFVKNG5RQ7V,01JGQF63QTGJJVAYPW5N6TC021,2025-01-04T01:59:04.034870753Z,01JGQF63SN01B5N5EFBRFT2M3Q,2025-01-04T01:59:04.034870753Z,01JGQFVAPR8W6G0ZEFHZ6RY3M7,2025-01-04T01:59:04.034870753Z
01JGQCF3338D0JHQ0JRXCV84FN,01JGQAPP2GF99QB5TZ3E4Y88Z4,2025-01-04T00:46:57.123651854Z,01JGQAPP2R6RC5GSAMHSHMYEHC,2025-01-04T00:46:57.123651854Z,01JGQBW4HDR9E2E75953WXYTV2,2025-01-04T00:46:57.123651854Z
01JGQE6A7AA68RKNXW9FHTNHC7,01JGQANRGCHWSC3VH76SF6WJT1,2025-01-04T01:17:06.666627603Z,01JGQANRGJTRXHT9MMZQT0G64H,2025-01-04T01:17:06.666627603Z,01JGQDW3J1ET3YQG7X8M5W4SXW,2025-01-04T01:17:06.666627603Z
01JGQGVMXZTX8A6ETJF12CY70T,01JGQF62HHA2466HVWY9M4PFJK,2025-01-04T02:03:42.911907447Z,01JGQF62JA7302M0RZA5XEMC5P,2025-01-04T02:03:42.911907447Z,01JGQG86J88VY4V9785QV3VNJ2,2025-01-04T02:03:42.911907447Z
01JGQK7FKBPD44V8XC4S6S03SD,01JGQJC2E7999P3YPDTKDEG3MY,2025-01-04T02:45:07.819927451Z,01JGQJC2JPJ3CGPJ006NV9G0S4,2025-01-04T02:45:07.819927451Z,01JGQJRGAENM3A4G27S7TTRBBW,2025-01-04T02:45:07.819927451Z
01JGQKP5W317T20S2Z7T6HQJ5S,01JGQHW7S2R92Z64ZVP9X02RKC,2025-01-04T02:53:09.380006649Z,01JGQHW7TGD5YQEY155J4YMB05,2025-01-04T02:53:09.380006649Z,01JGQK9RWNJT29RV4WB3YSWXCD,2025-01-04T02:53:09.380006649Z
01JGQM2475CBB7Z43VS6NM15QF,01JGQK8325C2W0J5QES1R4M118,2025-01-04T02:59:40.901184144Z,01JGQK834G7Y4YZEMR70F8EX6G,2025-01-04T02:59:40.901184144Z,01JGQKET3CM1Q105KGBQXTKZ8K,2025-01-04T02:59:40.901184144Z
01JGQBQ9MF054DRZ6YVKA1KGNP,01JGQAPRB686GP4TR4MX90A07S,2025-01-04T00:33:57.391704285Z,01JGQAPRBEP1J9TEWCBARHWSH7,2025-01-04T00:33:57.391704285Z,01JGQB7YF10ZS8SW8B2QQ8CT7B,2025-01-04T00:33:57.391704285Z
01JGQCWYTRM64GPP1ZTHEFJZME,01JGQAPMYNCNBJS85ADZTV8X7J,2025-01-04T00:54:31.512975366Z,01JGQAPMYXXFNA2BAX36EJ0CJG,2025-01-04T00:54:31.512975366Z,01JGQCMB9GJSZWS5R60R00CFFT,2025-01-04T00:54:31.512975366Z
01JGQGK4MX8WXY0EAVSD80FCKB,01JGQF63QTGJJVAYPW5N6TC021,2025-01-04T01:59:04.093674245Z,01JGQF63SN01B5N5EFBRFT2M3Q,2025-01-04T01:59:04.093674245Z,01JGQG7JTJ7SW2N40YFKM3GARK,2025-01-04T01:59:04.093674245Z
01JGQK7FHX1A2SE4X19N4Z3Y36,01JGQJC2E7999P3YPDTKDEG3MY,2025-01-04T02:45:07.77335902Z,01JGQJC2JPJ3CGPJ006NV9G0S4,2025-01-04T02:45:07.77335902Z,01JGQJR0J50YGNQBTXKVY7BNKN,2025-01-04T02:45:07.77335902Z
01JGQBH1WGBFQTB0EDBKSD4P0M,01JGQAPRWF486J91VM2EW7XFX8,2025-01-04T00:30:32.848370583Z,01JGQAPRWP2J9WX0XE6QG8HKCE,2025-01-04T00:30:32.848370583Z,01JGQAW36G4E1RAQKE3RQBRT77,2025-01-04T00:30:32.848370583Z
01JGQC9S2VZ61TC6GAP2KF291G,01JGQAPPN2QSF04PVY1ZR8H4FP,2025-01-04T00:44:03.035826571Z,01JGQAPPNB6TZSWQ2WTH2VYBV5,2025-01-04T00:44:03.035826571Z,01JGQB9AG89V88MWJWCTD5V5EY,2025-01-04T00:44:03.035826571Z
01JGQCWYTDKSP0RXK5T97N9K1F,01JGQAPMYNCNBJS85ADZTV8X7J,2025-01-04T00:54:31.501295206Z,01JGQAPMYXXFNA2BAX36EJ0CJG,2025-01-04T00:54:31.501295206Z,01JGQC4A9XTH9TFTW37THYQJX3,2025-01-04T00:54:31.501295206Z
01JGQHSTG1QN1T5V6CNQEKSFQ2,01JGQF5XTBW7RFGXQ3E0E7P22P,2025-01-04T02:20:11.649525887Z,01JGQF5XVVQ5VZ0QAY5DW9CPNA,2025-01-04T02:20:11.649525887Z,01JGQHMTJGYGCVHGH4J2W64DMP,2025-01-04T02:20:11.649525887Z
01JGQJ94R7WKN78YPYHRXM56Z0,01JGQF2DYDSESBNN955JB47DJH,2025-01-04T02:28:33.671464046Z,01JGQF2E04V33YVTGTAJBC3PJ6,2025-01-04T02:28:33.671464046Z,01JGQGVR258CW5RB2Z86E16RYW,2025-01-04T02:28:33.671464046Z
01JGQM2418GY9G7W0TV0S1V5WZ,01JGQK8325C2W0J5QES1R4M118,2025-01-04T02:59:40.712641632Z,01JGQK834G7Y4YZEMR70F8EX6G,2025-01-04T02:59:40.712641632Z,01JGQKA6AAJW14KYEJ1R7A29KX,2025-01-04T02:59:40.712641632Z
01JGQM24378DWJ5A78XHRE98YW,01JGQK8325C2W0J5QES1R4M118,2025-01-04T02:59:40.775718163Z,01JGQK834G7Y4YZEMR70F8EX6G,2025-01-04T02:59:40.775718163Z,01JGQKAH4YPBZ7FXE6VNQ6AD2K,2025-01-04T02:59:40.775718163Z
01JGQB3P0G0VW1T8KG0BFEMAV1,01JGQAPSYCDWSH5YD96QP1G9TS,2025-01-04T00:23:14.704448695Z,01JGQAPSYQAY9TE13FVWN0A2E8,2025-01-04T00:23:14.704448695Z,01JGQAXZCAZQVZ5K3G96V6YGTT,2025-01-04T00:23:14.704448695Z
01JGQCF339KV2G4R8Y3513RWCR,01JGQAPP2GF99QB5TZ3E4Y88Z4,2025-01-04T00:46:57.129734263Z,01JGQAPP2R6RC5GSAMHSHMYEHC,2025-01-04T00:46:57.129734263Z,01JGQC121Y05R9NP2WVZCXAE97,2025-01-04T00:46:57.129734263Z
01JGQCF33GETPN1HBJEM1M0JVH,01JGQAPP2GF99QB5TZ3E4Y88Z4,2025-01-04T00:46:57.136130366Z,01JGQAPP2R6RC5GSAMHSHMYEHC,2025-01-04T00:46:57.136130366Z,01JGQC1ZMTNSEDA8GSMKZW17BJ,2025-01-04T00:46:57.136130366Z
01JGQGBCQ8HTM2ARMJ76AHV4MY,01JGQF64FQ60MKCJXCWAV9MP24,2025-01-04T01:54:50.21638361Z,01JGQF64HTK4H45CGGHMXTP4J3,2025-01-04T01:54:50.21638361Z,01JGQFR9ZKH10X7CVV8RXV4WRV,2025-01-04T01:54:50.21638361Z
01JGQF31ZXCHVR7PHQVMREFTD1,01JGQANNJVMF4PQDAE2FD6AAX0,2025-01-04T01:32:48.509711276Z,01JGQANNK5AD2M9X8XVQK0HRPH,2025-01-04T01:32:48.509711276Z,01JGQENJR6AAG9Y5ZT8JGYRWGX,2025-01-04T01:32:48.509711276Z
01JGQC3VJVWASEMA0STYE72539,01JGQAPQ7YAX5VCC22AFE557K3,2025-01-04T00:40:48.988013962Z,01JGQAPQ86TM3PERR25R4CBZ51,2025-01-04T00:40:48.988013962Z,01JGQBTY3W5KY3R9X0BBHBAZZG,2025-01-04T00:40:48.988013962Z
01JGQDXZK0P04YXETW32FAT30G,01JGQANSF16FK7Q9A7KD4G9GD3,2025-01-04T01:12:33.632853156Z,01JGQANSF9AD083RFF3YCDWG6Q,2025-01-04T01:12:33.632853156Z,01JGQDKAP7M1SA6QW9GV5WGX37,2025-01-04T01:12:33.632853156Z
01JGQEC8HR53Q2C64XVKK8RT35,01JGQANR02BRRMWPPRDS1WAW86,2025-01-04T01:20:21.560363461Z,01JGQANR0BSA9XDCPAAR7EDB2C,2025-01-04T01:20:21.560363461Z,01JGQE59KCV1WADEA0QWJ0XTEY,2025-01-04T01:20:21.560363461Z
01JGQF1GN1J6WABR4J8363BXYT,01JGQANP3JF3EN73SEM4EV0B29,2025-01-04T01:31:57.985692494Z,01JGQANP3VKD3DNR432VAZVMW8,2025-01-04T01:31:57.985692494Z,01JGQENHKPV25WSQTG3YRTF0F2,2025-01-04T01:31:57.985692494Z
01JGQG19MH277XSTSMFZ6K4TS6,01JGQF65RRWB9YPXJ5JYNXYVXA,2025-01-04T01:49:19.37761261Z,01JGQF65T5T5D05EWSSBJSWW9F,2025-01-04T01:49:19.37761261Z,01JGQFQFMJ00TKBNPS1DTHRH4E,2025-01-04T01:49:19.37761261Z
01JGQGVMZ0YJ6AARV809V62R6H,01JGQF62HHA2466HVWY9M4PFJK,2025-01-04T02:03:42.944181306Z,01JGQF62JA7302M0RZA5XEMC5P,2025-01-04T02:03:42.944181306Z,01JGQG8H35FYSPY7YADXRW223P,2025-01-04T02:03:42.944181306Z
01JGQHBEE223GGXCXTZHKQDQCG,01JGQF5ZTDZDZ3T9J3HDT8F03P,2025-01-04T02:12:20.546821556Z,01JGQF5ZV5GA0Y6FFEPK1JZXV0,2025-01-04T02:12:20.546821556Z,01JGQH57J8JH8EK44ABA8BEDRT,2025-01-04T02:12:20.546821556Z
01JGQJ35TQ00ASJ2HXK0NQSESC,01JGQF5X55YSATGXDCM7FDVDK0,2025-01-04T02:25:18.167467371Z,01JGQF5X6QPJZMNSK77A47BFR4,2025-01-04T02:25:18.167467371Z,01JGQGW7MF5NJ0R23092VTJRPK,2025-01-04T02:25:18.167467371Z
01JGQAZHNGNQ4WQVH4ST4TBR4W,01JGQAPTG44XVMCBBZRX3B3F2M,2025-01-04T00:20:59.184200595Z,01JGQAPTGBFPAHC7D2HNSX01XV,2025-01-04T00:20:59.184200595Z,01JGQARPRDY4NSFN4HC83M6NHN,2025-01-04T00:20:59.184200595Z
01JGQCR4T1TDJX1DHCAXNJ6GEB,01JGQAPNH0ZAYS3JS2A66X0YYM,2025-01-04T00:51:53.79326444Z,01JGQAPNHASHXGTC3SWD424E15,2025-01-04T00:51:53.79326444Z,01JGQC257SFAJX2PMBZJ3ZC7WG,2025-01-04T00:51:53.79326444Z
01JGQEC8G5MK6X53T4VWVQEP8Z,01JGQANR02BRRMWPPRDS1WAW86,2025-01-04T01:20:21.509378519Z,01JGQANR0BSA9XDCPAAR7EDB2C,2025-01-04T01:20:21.509378519Z,01JGQDVQ6NXPS6M9RJZXMZ77B4,2025-01-04T01:20:21.509378519Z
01JGQEX25CDNJBBNBS4Y6HK3QR,01JGQANPKB5GK46FQH7NGB2DA8,2025-01-04T01:29:32.076392379Z,01JGQANPKJQ1XA71CTYN26E24H,2025-01-04T01:29:32.076392379Z,01JGQEEDP05SYSFK9NBA8HQNBW,2025-01-04T01:29:32.076392379Z
01JGQF320F096P3V8VKFJ24289,01JGQANNJVMF4PQDAE2FD6AAX0,2025-01-04T01:32:48.528019961Z,01JGQANNK5AD2M9X8XVQK0HRPH,2025-01-04T01:32:48.528019961Z,01JGQEP4SC80T21HB1GGP5RST9,2025-01-04T01:32:48.528019961Z
01JGQG4ZVH0RJ5NTB4675WP539,01JGQF654N98B99N4K38KM5S6Q,2025-01-04T01:51:20.433128111Z,01JGQF656N0JYE5JC9A19KNJY6,2025-01-04T01:51:20.433128111Z,01JGQFTZ56SGJNQ55HN0VMHD4J,2025-01-04T01:51:20.433128111Z
01JGQHPN9PJQJCHEQE4YS7JC3C,01JGQF5YD1VME705ME2XYY253H,2025-01-04T02:18:28.022994619Z,01JGQF5YFPPJH030KQJZR1RNBH,2025-01-04T02:18:28.022994619Z,01JGQH4CBG4NJRYC3K5YBXG6JF,2025-01-04T02:18:28.022994619Z
01JGQJ35W4GQQP4ZN3DWP6QX82,01JGQF5X55YSATGXDCM7FDVDK0,2025-01-04T02:25:18.212932248Z,01JGQF5X6QPJZMNSK77A47BFR4,2025-01-04T02:25:18.212932248Z,01JGQHFJNMAN8MV932SFR7WW6R,2025-01-04T02:25:18.212932248Z
01JGQBZGJZRETHJGW79YRH6V6A,01JGQAPQRMBKJWKXXTRTGPDF83,2025-01-04T00:38:26.655063341Z,01JGQAPQRWTG663XCCJ1V3H1T2,2025-01-04T00:38:26.655063341Z,01JGQBDAAXJAMD55FV2RGWFKJG,2025-01-04T00:38:26.655063341Z
01JGQDGFVGREA64SVWJZASWV6Y,01JGQAPGCCKXY3DN53ZTFF7XPA,2025-01-04T01:05:11.536406421Z,01JGQAPGCPT8T796YQKGGVKMBP,2025-01-04T01:05:11.536406421Z,01JGQCXN8Z0JXGX2KY5WT0YY70,2025-01-04T01:05:11.536406421Z
01JGQE3NKPZHF5XY6WGZ0X5H0M,01JGQANS0DRPZ42XMAYPM4M0NE,2025-01-04T01:15:40.022067595Z,01JGQANS0MVMD7SADWF1DQPKWJ,2025-01-04T01:15:40.022067595Z,01JGQDM7Q37SSV8B4KNPNM0PD7,2025-01-04T01:15:40.022067595Z
01JGQER36DF83830YB0H9WEDEG,01JGQANQ1TNTSD6JYM8SV3GAXG,2025-01-04T01:26:49.293395531Z,01JGQANQ25RPT5KWDFFEJAKMWE,2025-01-04T01:26:49.293395531Z,01JGQE56WNPPB18GKTXKW7XVDE,2025-01-04T01:26:49.293395531Z
01JGQEHGZB5Q8SQPQ288ACHNR8,01JGQANQGMHWT4J1G3T2BBQG01,2025-01-04T01:23:14.027667595Z,01JGQANQGVE346QDA661D4WMZB,2025-01-04T01:23:14.027667595Z,01JGQE4SXPAZHBDBV5AYX8VP7S,2025-01-04T01:23:14.027667595Z
01JGQG19NAQX30D8DBH6ARX4GS,01JGQF65RRWB9YPXJ5JYNXYVXA,2025-01-04T01:49:19.403019503Z,01JGQF65T5T5D05EWSSBJSWW9F,2025-01-04T01:49:19.403019503Z,01JGQFR8P7B45MK61ZVCZVWMF6,2025-01-04T01:49:19.403019503Z
01JGQBZGKCSP3W2ERRCTVV04Q8,01JGQAPQRMBKJWKXXTRTGPDF83,2025-01-04T00:38:26.668681709Z,01JGQAPQRWTG663XCCJ1V3H1T2,2025-01-04T00:38:26.668681709Z,01JGQBK6WEEK9M8M0ZZ7TQGK90,2025-01-04T00:38:26.668681709Z
01JGQBZGKJHYBXQ1SBW72CP11E,01JGQAPQRMBKJWKXXTRTGPDF83,2025-01-04T00:38:26.674456438Z,01JGQAPQRWTG663XCCJ1V3H1T2,2025-01-04T00:38:26.674456438Z,01JGQBMS75HG7JEMHW980FGRNC,2025-01-04T00:38:26.674456438Z
01JGQER370PDGH9QW0K91KSMTV,01JGQANQ1TNTSD6JYM8SV3GAXG,2025-01-04T01:26:49.31272005Z,01JGQANQ25RPT5KWDFFEJAKMWE,2025-01-04T01:26:49.31272005Z,01JGQEDJM61J8X7XAG3JXFN65T,2025-01-04T01:26:49.31272005Z
01JGQEX25ZF5F8GT68NZGERMRD,01JGQANPKB5GK46FQH7NGB2DA8,2025-01-04T01:29:32.095051679Z,01JGQANPKJQ1XA71CTYN26E24H,2025-01-04T01:29:32.095051679Z,01JGQEKG487JP6GHSYTDMY879B,2025-01-04T01:29:32.095051679Z
01JGQDXZJASXDQDQXJNWEZESBV,01JGQANSF16FK7Q9A7KD4G9GD3,2025-01-04T01:12:33.610734386Z,01JGQANSF9AD083RFF3YCDWG6Q,2025-01-04T01:12:33.610734386Z,01JGQDK03H2PA1PPDYDK16VG7J,2025-01-04T01:12:33.610734386Z
01JGQE6A7MZ2HQEMR44CVCSXH7,01JGQANRGCHWSC3VH76SF6WJT1,2025-01-04T01:17:06.676524131Z,01JGQANRGJTRXHT9MMZQT0G64H,2025-01-04T01:17:06.676524131Z,01JGQDYB8G5A4B2HRYG9Z1GB7J,2025-01-04T01:17:06.676524131Z
01JGQHBEFJ8YZWGSY01F49GR8N,01JGQF5ZTDZDZ3T9J3HDT8F03P,2025-01-04T02:12:20.594646815Z,01JGQF5ZV5GA0Y6FFEPK1JZXV0,2025-01-04T02:12:20.594646815Z,01JGQH5QVY0VCJ770118ESP31R,2025-01-04T02:12:20.594646815Z
01JGQHBZ84253G0KSGS3ZT7H1Z,01JGQF60GRHBQJ05MPFCZ4DJ01,2025-01-04T02:12:37.764253772Z,01JGQF60JA28F8C5Q7W5DC439V,2025-01-04T02:12:37.764253772Z,01JGQGSDESJM2TDCXHPBWP7GPT,2025-01-04T02:12:37.764253772Z
01JGQHHYPTZVKKXJVKPK2YWABC,01JGQF5Z46SWXSZV85X4MB0E74,2025-01-04T02:15:53.818732782Z,01JGQF5Z65G5BCC7G2QCFVGF2E,2025-01-04T02:15:53.818732782Z,01JGQH3XG3Q83JRPYVDCJWW7N1,2025-01-04T02:15:53.818732782Z
01JGQM2455C2G47A5CR8DAQTE9,01JGQK8325C2W0J5QES1R4M118,2025-01-04T02:59:40.837565275Z,01JGQK834G7Y4YZEMR70F8EX6G,2025-01-04T02:59:40.837565275Z,01JGQKBWH5T7Q32HY1FYN6W0G5,2025-01-04T02:59:40.837565275Z
01JGQB3P00C2J33R9WWTR1650E,01JGQAPSYCDWSH5YD96QP1G9TS,2025-01-04T00:23:14.688481294Z,01JGQAPSYQAY9TE13FVWN0A2E8,2025-01-04T00:23:14.688481294Z,01JGQARVQADHD3Z9FF96CNGG4B,2025-01-04T00:23:14.688481294Z
01JGQDGFW7N3HN5JQEAP3EAMV4,01JGQAPGCCKXY3DN53ZTFF7XPA,2025-01-04T01:05:11.559627018Z,01JGQAPGCPT8T796YQKGGVKMBP,2025-01-04T01:05:11.559627018Z,01JGQD7HKCQF4Q9GQRCXYYTRVV,2025-01-04T01:05:11.559627018Z
01JGQG4ZR9GKB7QRD5F5E0PWXY,01JGQF654N98B99N4K38KM5S6Q,2025-01-04T01:51:20.329990254Z,01JGQF656N0JYE5JC9A19KNJY6,2025-01-04T01:51:20.329990254Z,01JGQFNC3RVE6BWG2WH45JPSVT,2025-01-04T01:51:20.329990254Z
01JGQHBECNG9K75KDRB9QKZCSW,01JGQF5ZTDZDZ3T9J3HDT8F03P,2025-01-04T02:12:20.501350359Z,01JGQF5ZV5GA0Y6FFEPK1JZXV0,2025-01-04T02:12:20.501350359Z,01JGQH54ZX9ZS7E4DRMT0Q4E5G,2025-01-04T02:12:20.501350359Z
01JGQC9S3H34858P65GJ3KKXP4,01JGQAPPN2QSF04PVY1ZR8H4FP,2025-01-04T00:44:03.057646381Z,01JGQAPPNB6TZSWQ2WTH2VYBV5,2025-01-04T00:44:03.057646381Z,01JGQC2QTMXT7CKRB1259FBEGF,2025-01-04T00:44:03.057646381Z
01JGQGZNTP7G509HMX7KJ6A4KC,01JGQF61VKXPET2M34DKYATY7V,2025-01-04T02:05:54.90255574Z,01JGQF61XBJA64364MXPDRBV86,2025-01-04T02:05:54.90255574Z,01JGQGM9W2HS6VKYXKHCRH3M5T,2025-01-04T02:05:54.90255574Z
01JGQHSTEQTSG390BCKND2GSHX,01JGQF5XTBW7RFGXQ3E0E7P22P,2025-01-04T02:20:11.607665744Z,01JGQF5XVVQ5VZ0QAY5DW9CPNA,2025-01-04T02:20:11.607665744Z,01JGQHG9DQV0Q7QVT3M0KWWJ44,2025-01-04T02:20:11.607665744Z
01JGQJ35YQX58BH09SVVZP4GCC,01JGQF5X55YSATGXDCM7FDVDK0,2025-01-04T02:25:18.29590405Z,01JGQF5X6QPJZMNSK77A47BFR4,2025-01-04T02:25:18.29590405Z,01JGQHSEEW824HGKJFF1KT8SCY,2025-01-04T02:25:18.29590405Z
01JGQC9S324ME0W8722NZ0WFZ0,01JGQAPPN2QSF04PVY1ZR8H4FP,2025-01-04T00:44:03.042774323Z,01JGQAPPNB6TZSWQ2WTH2VYBV5,2025-01-04T00:44:03.042774323Z,01JGQC27RJ2JN8HMK166X8J80S,2025-01-04T00:44:03.042774323Z
01JGQDTGA002PDHQ7FTCEKHCMC,01JGQDAZ8PEP45TD077HCBVHY1,2025-01-04T01:10:39.680114827Z,01JGQDAZ98QCVMQF3DHJTMFG3Q,2025-01-04T01:10:39.680114827Z,01JGQDJQHQM7DFGN8QXEHFRTR1,2025-01-04T01:10:39.680114827Z
01JGQEHH06830TRRVC7Q49TDSD,01JGQANQGMHWT4J1G3T2BBQG01,2025-01-04T01:23:14.054401839Z,01JGQANQGVE346QDA661D4WMZB,2025-01-04T01:23:14.054401839Z,01JGQE678VJWAKPDYXS8XFHJN7,2025-01-04T01:23:14.054401839Z
01JGQHHYNH29E7XWGP219TC2HQ,01JGQF5Z46SWXSZV85X4MB0E74,2025-01-04T02:15:53.777056453Z,01JGQF5Z65G5BCC7G2QCFVGF2E,2025-01-04T02:15:53.777056453Z,01JGQGRTAFEVYQP5696XBPG2FC,2025-01-04T02:15:53.777056453Z
01JGQCWYT1QDBA79AQXA3TTX9A,01JGQAPMYNCNBJS85ADZTV8X7J,2025-01-04T00:54:31.489850657Z,01JGQAPMYXXFNA2BAX36EJ0CJG,2025-01-04T00:54:31.489850657Z,01JGQC263EWJX0GQGKVPDF0BPK,2025-01-04T00:54:31.489850657Z
01JGQFFN4Z5H52BC9751Y9K07D,01JGQANJE07FFPTE44EWVFSKEX,2025-01-04T01:39:41.343677771Z,01JGQANJEM780NAH3QGN2TAVPX,2025-01-04T01:39:41.343677771Z,01JGQEYY4NBR3WPZBBDPMWD6FR,2025-01-04T01:39:41.343677771Z
01JGQGBCPA2MP1D3SZXND90BYP,01JGQF64FQ60MKCJXCWAV9MP24,2025-01-04T01:54:50.186651098Z,01JGQF64HTK4H45CGGHMXTP4J3,2025-01-04T01:54:50.186651098Z,01JGQFMFQWMHRDTBA1YWKGMRT9,2025-01-04T01:54:50.186651098Z
01JGQJ94TXHHF1A71CX0RYMJXS,01JGQF2DYDSESBNN955JB47DJH,2025-01-04T02:28:33.757755378Z,01JGQF2E04V33YVTGTAJBC3PJ6,2025-01-04T02:28:33.757755378Z,01JGQHSFWC1ZXV0HMM7WFQ8VHA,2025-01-04T02:28:33.757755378Z
01JGQBBMBVV9QM2D7T8SVEBDPH,01JGQAPSEEQR8GYZFAQR71VVN2,2025-01-04T00:27:35.164008436Z,01JGQAPSEP16K8WSXVDTA51EC6,2025-01-04T00:27:35.164008436Z,01JGQATBMT5FH9C2A40TAGQQRF,2025-01-04T00:27:35.164008436Z
01JGQBH1WV07W7TYJCX6883CDP,01JGQAPRWF486J91VM2EW7XFX8,2025-01-04T00:30:32.859545339Z,01JGQAPRWP2J9WX0XE6QG8HKCE,2025-01-04T00:30:32.859545339Z,01JGQB8ZXG2NH6E50CWZZTNBH6,2025-01-04T00:30:32.859545339Z
01JGQCF33SGV78SDZD9K2R1MPQ,01JGQAPP2GF99QB5TZ3E4Y88Z4,2025-01-04T00:46:57.145899779Z,01JGQAPP2R6RC5GSAMHSHMYEHC,2025-01-04T00:46:57.145899779Z,01JGQC3A05CCXP2ZHN82JH5GDH,2025-01-04T00:46:57.145899779Z
01JGQCR4TGEC11SFYMX3P4J41Y,01JGQAPNH0ZAYS3JS2A66X0YYM,2025-01-04T00:51:53.808987741Z,01JGQAPNHASHXGTC3SWD424E15,2025-01-04T00:51:53.808987741Z,01JGQC3DFS9H4ZJ5FSBEV5EFMQ,2025-01-04T00:51:53.808987741Z
01JGQH238N0JXR1D0X8JSJNKPS,01JGQF6159NQ6DB9AGYYNF5433,2025-01-04T02:07:14.197176207Z,01JGQF616FQH7BVFNE475HBQ1T,2025-01-04T02:07:14.197176207Z,01JGQG85PQYEZPEKVSBPHWJN4A,2025-01-04T02:07:14.197176207Z
01JGQDTGABJJ02AQQDCS5H69KK,01JGQDAZ8PEP45TD077HCBVHY1,2025-01-04T01:10:39.691769139Z,01JGQDAZ98QCVMQF3DHJTMFG3Q,2025-01-04T01:10:39.691769139Z,01JGQDJRWAGCHMGTB7W79N8W33,2025-01-04T01:10:39.691769139Z
01JGQEC8GMH7ADDQV0WANEMAEY,01JGQANR02BRRMWPPRDS1WAW86,2025-01-04T01:20:21.524949623Z,01JGQANR0BSA9XDCPAAR7EDB2C,2025-01-04T01:20:21.524949623Z,01JGQDVX136NNX2CRD59RW5FBE,2025-01-04T01:20:21.524949623Z
01JGQG19KBCTCNX3Q4KZER7JVG,01JGQF65RRWB9YPXJ5JYNXYVXA,2025-01-04T01:49:19.339625481Z,01JGQF65T5T5D05EWSSBJSWW9F,2025-01-04T01:49:19.339625481Z,01JGQFHXJM4B13830S9GA9N79X,2025-01-04T01:49:19.339625481Z
01JGQGZNW5RKB835VCXTFFNYCS,01JGQF61VKXPET2M34DKYATY7V,2025-01-04T02:05:54.950022667Z,01JGQF61XBJA64364MXPDRBV86,2025-01-04T02:05:54.950022667Z,01JGQGR0JP1G4W835TNK9NQAFR,2025-01-04T02:05:54.950022667Z
01JGQFC1DW5J40SQ1M20ADCTAG,01JGQANN1WN7HHZCEQSBS2JBZW,2025-01-04T01:37:42.844960811Z,01JGQANN27ZZT5MTXH50D1QN6A,2025-01-04T01:37:42.844960811Z,01JGQEQ369HHQBJ2CJ9AS0BPA8,2025-01-04T01:37:42.844960811Z
01JGQFFN455ZNH00QF2D90NSPK,01JGQANJE07FFPTE44EWVFSKEX,2025-01-04T01:39:41.317544287Z,01JGQANJEM780NAH3QGN2TAVPX,2025-01-04T01:39:41.317544287Z,01JGQEFEHDAYVRF4Y3GW8WMDJ9,2025-01-04T01:39:41.317544287Z
01JGQG19P4SP7822870SSSVTMF,01JGQF65RRWB9YPXJ5JYNXYVXA,2025-01-04T01:49:19.428816652Z,01JGQF65T5T5D05EWSSBJSWW9F,2025-01-04T01:49:19.428816652Z,01JGQFREBVP8HNE4HX224XP24B,2025-01-04T01:49:19.428816652Z
01JGQKP5Y36M82MQPGYJPGHCJ2,01JGQHW7S2R92Z64ZVP9X02RKC,2025-01-04T02:53:09.443798355Z,01JGQHW7TGD5YQEY155J4YMB05,2025-01-04T02:53:09.443798355Z,01JGQKA0V4Y10DTNGDA72206HJ,2025-01-04T02:53:09.443798355Z
01JGQF1GP9HZHC1FGK3980F0NW,01JGQANP3JF3EN73SEM4EV0B29,2025-01-04T01:31:58.025734356Z,01JGQANP3VKD3DNR432VAZVMW8,2025-01-04T01:31:58.025734356Z,01JGQEPFK2FN15PSNNF0VNB1PQ,2025-01-04T01:31:58.025734356Z
01JGQGBCR40ND8C1XTHNRJGE6S,01JGQF64FQ60MKCJXCWAV9MP24,2025-01-04T01:54:50.244691567Z,01JGQF64HTK4H45CGGHMXTP4J3,2025-01-04T01:54:50.244691567Z,01JGQFWRSXJ12KVM7J8Z04X5F2,2025-01-04T01:54:50.244691567Z
01JGQHBZ5V127KA31AQWBGHZW7,01JGQF60GRHBQJ05MPFCZ4DJ01,2025-01-04T02:12:37.691362985Z,01JGQF60JA28F8C5Q7W5DC439V,2025-01-04T02:12:37.691362985Z,01JGQGRGN4C1S88RS2DZNMZB5T,2025-01-04T02:12:37.691362985Z
01JGQHHYR30C4DW2ZYGNSX6VWA,01JGQF5Z46SWXSZV85X4MB0E74,2025-01-04T02:15:53.859181743Z,01JGQF5Z65G5BCC7G2QCFVGF2E,2025-01-04T02:15:53.859181743Z,01JGQH48SS86Z6VH7P88W970J0,2025-01-04T02:15:53.859181743Z
01JGQBH1WPEN8SXJFRMEPWXCF5,01JGQAPRWF486J91VM2EW7XFX8,2025-01-04T00:30:32.854305707Z,01JGQAPRWP2J9WX0XE6QG8HKCE,2025-01-04T00:30:32.854305707Z,01JGQB7K49WAGNR3G0A5FDEHQ5,2025-01-04T00:30:32.854305707Z
01JGQDGFV52T6J1MAY0160KPRS,01JGQAPGCCKXY3DN53ZTFF7XPA,2025-01-04T01:05:11.525148884Z,01JGQAPGCPT8T796YQKGGVKMBP,2025-01-04T01:05:11.525148884Z,01JGQCR08WEF9H9P7KA0RG3C6C,2025-01-04T01:05:11.525148884Z
01JGQDTGB7M4WZ5PJ1F6FYSDPY,01JGQDAZ8PEP45TD077HCBVHY1,2025-01-04T01:10:39.719915985Z,01JGQDAZ98QCVMQF3DHJTMFG3Q,2025-01-04T01:10:39.719915985Z,01JGQDJTABH4GWW9ENPRCZXTRF,2025-01-04T01:10:39.719915985Z
01JGQE6A7ZMYBJTBKSX0EPVMR8,01JGQANRGCHWSC3VH76SF6WJT1,2025-01-04T01:17:06.68737199Z,01JGQANRGJTRXHT9MMZQT0G64H,2025-01-04T01:17:06.68737199Z,01JGQDYY6BTG1FFPBBMB3QYM4Y,2025-01-04T01:17:06.68737199Z
01JGQHHYT1FJ8H1V8VMN2EMG2M,01JGQF5Z46SWXSZV85X4MB0E74,2025-01-04T02:15:53.921260036Z,01JGQF5Z65G5BCC7G2QCFVGF2E,2025-01-04T02:15:53.921260036Z,01JGQH993X3QKTRC6J8F7B7Q80,2025-01-04T02:15:53.921260036Z
01JGQK7FP3E59DN4ZF071X8P5Y,01JGQJC2E7999P3YPDTKDEG3MY,2025-01-04T02:45:07.907175811Z,01JGQJC2JPJ3CGPJ006NV9G0S4,2025-01-04T02:45:07.907175811Z,01JGQJRHKHEFN6DEBDCFV9XMZS,2025-01-04T02:45:07.907175811Z
01JGQD33HER49CC1ZQBZC30V5S,01JGQAPMEASDXW64Y5MV55HTFG,2025-01-04T00:57:52.942527902Z,01JGQAPMEJP4TKK208BWVFPEV3,2025-01-04T00:57:52.942527902Z,01JGQBSEKWHP59DCMM9J4JC8WC,2025-01-04T00:57:52.942527902Z
01JGQE3NM9MDJRCYT5WXXAZ2DN,01JGQANS0DRPZ42XMAYPM4M0NE,2025-01-04T01:15:40.04145432Z,01JGQANS0MVMD7SADWF1DQPKWJ,2025-01-04T01:15:40.04145432Z,01JGQDXC4WDRV2H24SRH9JSCYA,2025-01-04T01:15:40.04145432Z
01JGQH23BBWRJE1VR9ZHVXKASG,01JGQF6159NQ6DB9AGYYNF5433,2025-01-04T02:07:14.283750501Z,01JGQF616FQH7BVFNE475HBQ1T,2025-01-04T02:07:14.283750501Z,01JGQGR836X8QQQ1PFQHE5PYH8,2025-01-04T02:07:14.283750501Z
01JGQHSTC1KF6NJTJ8CE2XV56N,01JGQF5XTBW7RFGXQ3E0E7P22P,2025-01-04T02:20:11.521185869Z,01JGQF5XVVQ5VZ0QAY5DW9CPNA,2025-01-04T02:20:11.521185869Z,01JGQHEDZBP9D6AQWSCK68PMRQ,2025-01-04T02:20:11.521185869Z
01JGQAZHNRFH3G9M3QYSCE1KXS,01JGQAPTG44XVMCBBZRX3B3F2M,2025-01-04T00:20:59.192333913Z,01JGQAPTGBFPAHC7D2HNSX01XV,2025-01-04T00:20:59.192333913Z,01JGQARXDXGDJH0ZHBEXAKZMCX,2025-01-04T00:20:59.192333913Z
01JGQBBMBPDTZ1A61M6Z2D459G,01JGQAPSEEQR8GYZFAQR71VVN2,2025-01-04T00:27:35.158442858Z,01JGQAPSEP16K8WSXVDTA51EC6,2025-01-04T00:27:35.158442858Z,01JGQASXMFCP8KNM4APDBAC722,2025-01-04T00:27:35.158442858Z
01JGQBQ9N00GBGKNECHX94BTE5,01JGQAPRB686GP4TR4MX90A07S,2025-01-04T00:33:57.408137786Z,01JGQAPRBEP1J9TEWCBARHWSH7,2025-01-04T00:33:57.408137786Z,01JGQB877CQGYXNGK5PAFXQ509,2025-01-04T00:33:57.408137786Z
01JGQD33H4NK4PRERQR0564V94,01JGQAPMEASDXW64Y5MV55HTFG,2025-01-04T00:57:52.932415452Z,01JGQAPMEJP4TKK208BWVFPEV3,2025-01-04T00:57:52.932415452Z,01JGQBKSMXH814VZBB0QJG59PM,2025-01-04T00:57:52.932415452Z
01JGQGZNSH9NHWAM1MJDNGP99E,01JGQF61VKXPET2M34DKYATY7V,2025-01-04T02:05:54.865082895Z,01JGQF61XBJA64364MXPDRBV86,2025-01-04T02:05:54.865082895Z,01JGQFNBHTTW2Y8DQV7Q00W49J,2025-01-04T02:05:54.865082895Z
01JGQHPNBS8W78CWB161B2M299,01JGQF5YD1VME705ME2XYY253H,2025-01-04T02:18:28.089581727Z,01JGQF5YFPPJH030KQJZR1RNBH,2025-01-04T02:18:28.089581727Z,01JGQH4RB5CAAABAD72HN34NMV,2025-01-04T02:18:28.089581727Z
01JGQHSTDFGRDNNJZ0TJ926QHN,01JGQF5XTBW7RFGXQ3E0E7P22P,2025-01-04T02:20:11.567595212Z,01JGQF5XVVQ5VZ0QAY5DW9CPNA,2025-01-04T02:20:11.567595212Z,01JGQHF8XSKRFE9WQYD4HHE16K,2025-01-04T02:20:11.567595212Z
01JGQJ94SJYQZ2VBS08VE1KXJ8,01JGQF2DYDSESBNN955JB47DJH,2025-01-04T02:28:33.714828908Z,01JGQF2E04V33YVTGTAJBC3PJ6,2025-01-04T02:28:33.714828908Z,01JGQHBQQ0ESFEEQTC7RWQV8FB,2025-01-04T02:28:33.714828908Z
01JGQDXZJQWC9VSQ2TYJBPA1D1,01JGQANSF16FK7Q9A7KD4G9GD3,2025-01-04T01:12:33.62310375Z,01JGQANSF9AD083RFF3YCDWG6Q,2025-01-04T01:12:33.62310375Z,01JGQDK344AK1DZBXZ9K0YH31X,2025-01-04T01:12:33.62310375Z
01JGQEHH0KC1RWGT1WTS0P32X0,01JGQANQGMHWT4J1G3T2BBQG01,2025-01-04T01:23:14.067841986Z,01JGQANQGVE346QDA661D4WMZB,2025-01-04T01:23:14.067841986Z,01JGQEDFVWJM1QRQ034RHYDK07,2025-01-04T01:23:14.067841986Z
01JGQEX24W25CXZCNXE2CQD1DT,01JGQANPKB5GK46FQH7NGB2DA8,2025-01-04T01:29:32.060156942Z,01JGQANPKJQ1XA71CTYN26E24H,2025-01-04T01:29:32.060156942Z,01JGQEDYMTFBA798GS8DDW91DJ,2025-01-04T01:29:32.060156942Z
01JGQGK4M06EZZ6K81E7AFSM84,01JGQF63QTGJJVAYPW5N6TC021,2025-01-04T01:59:04.064801774Z,01JGQF63SN01B5N5EFBRFT2M3Q,2025-01-04T01:59:04.064801774Z,01JGQG6GK8JB93QBEHEQVXC881,2025-01-04T01:59:04.064801774Z
01JGQHBEBAB2AJF38WQSVV7FHY,01JGQF5ZTDZDZ3T9J3HDT8F03P,2025-01-04T02:12:20.458339146Z,01JGQF5ZV5GA0Y6FFEPK1JZXV0,2025-01-04T02:12:20.458339146Z,01JGQH46ME1CQRFNFBWP9YZ433,2025-01-04T02:12:20.458339146Z
01JGQB3P0AAX12CVJ81G11D9KX,01JGQAPSYCDWSH5YD96QP1G9TS,2025-01-04T00:23:14.698654943Z,01JGQAPSYQAY9TE13FVWN0A2E8,2025-01-04T00:23:14.698654943Z,01JGQASJBQSMHXZ7BR1N7ETY8T,2025-01-04T00:23:14.698654943Z
01JGQFC1F1KJR2HE6180YYMPCR,01JGQANN1WN7HHZCEQSBS2JBZW,2025-01-04T01:37:42.881546593Z,01JGQANN27ZZT5MTXH50D1QN6A,2025-01-04T01:37:42.881546593Z,01JGQEQ512CGFPNW4FDTGY9M1A,2025-01-04T01:37:42.881546593Z
01JGQGBCS0FXCQ2R22Q1T0YT22,01JGQF64FQ60MKCJXCWAV9MP24,2025-01-04T01:54:50.272143831Z,01JGQF64HTK4H45CGGHMXTP4J3,2025-01-04T01:54:50.272143831Z,01JGQG2DWNC6S3HJF0AQ4563ZK,2025-01-04T01:54:50.272143831Z
01JGQGK4NV8TVJN286K5PNMX8R,01JGQF63QTGJJVAYPW5N6TC021,2025-01-04T01:59:04.123264638Z,01JGQF63SN01B5N5EFBRFT2M3Q,2025-01-04T01:59:04.123264638Z,01JGQG7M12RRS71HCAE0VZVZRS,2025-01-04T01:59:04.123264638Z
01JGQEC8H75849PNYF2150G2EC,01JGQANR02BRRMWPPRDS1WAW86,2025-01-04T01:20:21.543371156Z,01JGQANR0BSA9XDCPAAR7EDB2C,2025-01-04T01:20:21.543371156Z,01JGQE3K1ZMGGSS8MTQ7QK67VN,2025-01-04T01:20:21.543371156Z
01JGQFWNPKVKX4EDQZEVBH3D8C,01JGQF66BVHNKQJ8R6TCDX2VEY,2025-01-04T01:46:47.891337295Z,01JGQF66CMX0WZM6AYBRQF8306,2025-01-04T01:46:47.891337295Z,01JGQFN5N4KDRBPNWHNT4SVN4A,2025-01-04T01:46:47.891337295Z
01JGQGVMX0K6DNNFPPPQMAZ14B,01JGQF62HHA2466HVWY9M4PFJK,2025-01-04T02:03:42.880284946Z,01JGQF62JA7302M0RZA5XEMC5P,2025-01-04T02:03:42.880284946Z,01JGQFT8W4QPYKSF19BPXTAHNT,2025-01-04T02:03:42.880284946Z
01JGQJ94W8JAFMD6G1GPEP0NZ9,01JGQF2DYDSESBNN955JB47DJH,2025-01-04T02:28:33.800468236Z,01JGQF2E04V33YVTGTAJBC3PJ6,2025-01-04T02:28:33.800468236Z,01JGQHSQ0HBBSHH9YCD2G401QH,2025-01-04T02:28:33.800468236Z
01JGQGZNXAW5NQ2G1BQ5JYVFGN,01JGQF61VKXPET2M34DKYATY7V,2025-01-04T02:05:54.98692871Z,01JGQF61XBJA64364MXPDRBV86,2025-01-04T02:05:54.98692871Z,01JGQGRBEN7Q6N1PNR5BCCCT02,2025-01-04T02:05:54.98692871Z
01JGQHBZ4MF2AY8EM8XYWXJYP7,01JGQF60GRHBQJ05MPFCZ4DJ01,2025-01-04T02:12:37.652868463Z,01JGQF60JA28F8C5Q7W5DC439V,2025-01-04T02:12:37.652868463Z,01JGQGA067DMS45NXG6MDZG356,2025-01-04T02:12:37.652868463Z
01JGQKP5QCG5R31PR65E46MMCX,01JGQHW7S2R92Z64ZVP9X02RKC,2025-01-04T02:53:09.228796782Z,01JGQHW7TGD5YQEY155J4YMB05,2025-01-04T02:53:09.228796782Z,01JGQK9HMF06YF4HQVZDF8RXEV,2025-01-04T02:53:09.228796782Z
01JGQB3P054V75F6A3ZR370TA7,01JGQAPSYCDWSH5YD96QP1G9TS,2025-01-04T00:23:14.693556772Z,01JGQAPSYQAY9TE13FVWN0A2E8,2025-01-04T00:23:14.693556772Z,01JGQARWDV3RTTSN4DTMHH2BEJ,2025-01-04T00:23:14.693556772Z
01JGQBBMC0CB2S6CPVESH5PW3Q,01JGQAPSEEQR8GYZFAQR71VVN2,2025-01-04T00:27:35.168399446Z,01JGQAPSEP16K8WSXVDTA51EC6,2025-01-04T00:27:35.168399446Z,01JGQB278TMM5E9PACTS8MG217,2025-01-04T00:27:35.168399446Z
01JGQBQ9MS4AW6H2Z5MPT6QS4K,01JGQAPRB686GP4TR4MX90A07S,2025-01-04T00:33:57.401881569Z,01JGQAPRBEP1J9TEWCBARHWSH7,2025-01-04T00:33:57.401881569Z,01JGQB81TPA1V4WG1WHGMDAWYX,2025-01-04T00:33:57.401881569Z
01JGQF1GPYEHC90YZ9PK4XHH18,01JGQANP3JF3EN73SEM4EV0B29,2025-01-04T01:31:58.046047357Z,01JGQANP3VKD3DNR432VAZVMW8,2025-01-04T01:31:58.046047357Z,01JGQEQE45VZ4FZWFZ05QMR66X,2025-01-04T01:31:58.046047357Z
01JGQK7FG4XCPHG87PRQYE3G63,01JGQJC2E7999P3YPDTKDEG3MY,2025-01-04T02:45:07.716371189Z,01JGQJC2JPJ3CGPJ006NV9G0S4,2025-01-04T02:45:07.716371189Z,01JGQJQT2TQ75MW8JQS69RGB0N,2025-01-04T02:45:07.716371189Z
01JGQC3VJFY5984Z0TG45FTVP9,01JGQAPQ7YAX5VCC22AFE557K3,2025-01-04T00:40:48.975466904Z,01JGQAPQ86TM3PERR25R4CBZ51,2025-01-04T00:40:48.975466904Z,01JGQBSBYF71471G1NQ4W4JYA2,2025-01-04T00:40:48.975466904Z
01JGQD33HY0S8MHENNNMZ9FV7Z,01JGQAPMEASDXW64Y5MV55HTFG,2025-01-04T00:57:52.958564491Z,01JGQAPMEJP4TKK208BWVFPEV3,2025-01-04T00:57:52.958564491Z,01JGQCWSZ0BR52NFPTXCAX5WZ7,2025-01-04T00:57:52.958564491Z
01JGQE3NKCX7N8EDAXGHKEDZ8W,01JGQANS0DRPZ42XMAYPM4M0NE,2025-01-04T01:15:40.01243527Z,01JGQANS0MVMD7SADWF1DQPKWJ,2025-01-04T01:15:40.01243527Z,01JGQDKFWB7Z7FT04HCF65T2ET,2025-01-04T01:15:40.01243527Z
01JGQF32112QSWYEB0JAXQPB2Z,01JGQANNJVMF4PQDAE2FD6AAX0,2025-01-04T01:32:48.545367363Z,01JGQANNK5AD2M9X8XVQK0HRPH,2025-01-04T01:32:48.545367363Z,01JGQEPS4T9Q16FRNNF8DQQ576,2025-01-04T01:32:48.545367363Z
01JGQFFN33A0NR0GPBHV3R999W,01JGQANJE07FFPTE44EWVFSKEX,2025-01-04T01:39:41.283711411Z,01JGQANJEM780NAH3QGN2TAVPX,2025-01-04T01:39:41.283711411Z,01JGQE6BWQX9KDY226H202PHTB,2025-01-04T01:39:41.283711411Z
01JGQG4ZSKAV6BECWTB519NSSA,01JGQF654N98B99N4K38KM5S6Q,2025-01-04T01:51:20.371465237Z,01JGQF656N0JYE5JC9A19KNJY6,2025-01-04T01:51:20.371465237Z,01JGQFS21Z2R2JFW1GTJX3SAZY,2025-01-04T01:51:20.371465237Z
01JGQH23A4KWVCY7E0HPJX7VSH,01JGQF6159NQ6DB9AGYYNF5433,2025-01-04T02:07:14.244410514Z,01JGQF616FQH7BVFNE475HBQ1T,2025-01-04T02:07:14.244410514Z,01JGQGJR0K69YCNS3SGPW2VYBQ,2025-01-04T02:07:14.244410514Z
01JGQH23CMFEKS5ZHMCWBFKZTB,01JGQF6159NQ6DB9AGYYNF5433,2025-01-04T02:07:14.324238136Z,01JGQF616FQH7BVFNE475HBQ1T,2025-01-04T02:07:14.324238136Z,01JGQGRM82E4F9RTHWK5QN8253,2025-01-04T02:07:14.324238136Z
01JGQAZHNKBZKSSG71EFZ2GKXQ,01JGQAPTG44XVMCBBZRX3B3F2M,2025-01-04T00:20:59.187757537Z,01JGQAPTGBFPAHC7D2HNSX01XV,2025-01-04T00:20:59.187757537Z,01JGQARST7K07GPE781AG7DVH2,2025-01-04T00:20:59.187757537Z
01JGQBBMBHYQ4Q2HFZDD1F0YMK,01JGQAPSEEQR8GYZFAQR71VVN2,2025-01-04T00:27:35.153779834Z,01JGQAPSEP16K8WSXVDTA51EC6,2025-01-04T00:27:35.153779834Z,01JGQARVTJ0MKX4DRXGKS9H8ET,2025-01-04T00:27:35.153779834Z
01JGQC9S3AA9DWXQ1CQM5RTAYP,01JGQAPPN2QSF04PVY1ZR8H4FP,2025-01-04T00:44:03.050152088Z,01JGQAPPNB6TZSWQ2WTH2VYBV5,2025-01-04T00:44:03.050152088Z,01JGQC2FE0C3DDH4KSRTM5GQBX,2025-01-04T00:44:03.050152088Z
01JGQEHGZSDA8FCVA3Z2RJJZ08,01JGQANQGMHWT4J1G3T2BBQG01,2025-01-04T01:23:14.04156498Z,01JGQANQGVE346QDA661D4WMZB,2025-01-04T01:23:14.04156498Z,01JGQE5BGY3GS352B0HVHDGBWJ,2025-01-04T01:23:14.04156498Z
01JGQHBZ6ZS2CN0R0RF4G97SH5,01JGQF60GRHBQJ05MPFCZ4DJ01,2025-01-04T02:12:37.72794581Z,01JGQF60JA28F8C5Q7W5DC439V,2025-01-04T02:12:37.72794581Z,01JGQGRVQ67424KC3ZK2CASCE5,2025-01-04T02:12:37.72794581Z
01JGQDTGAVMX13S7VQV619NFTZ,01JGQDAZ8PEP45TD077HCBVHY1,2025-01-04T01:10:39.707555353Z,01JGQDAZ98QCVMQF3DHJTMFG3Q,2025-01-04T01:10:39.707555353Z,01JGQDJS5SG1VXNCPAH96BVJ1P,2025-01-04T01:10:39.707555353Z
01JGQFC1G7MHSPXDS73NWWXFFM,01JGQANN1WN7HHZCEQSBS2JBZW,2025-01-04T01:37:42.919847317Z,01JGQANN27ZZT5MTXH50D1QN6A,2025-01-04T01:37:42.919847317Z,01JGQER24PXBR8SE1NY0K1PSFD,2025-01-04T01:37:42.919847317Z
01JGQFWNKXKZ5Q8DPKVTK1DNNP,01JGQF66BVHNKQJ8R6TCDX2VEY,2025-01-04T01:46:47.805680392Z,01JGQF66CMX0WZM6AYBRQF8306,2025-01-04T01:46:47.805680392Z,01JGQFHC515BVCX02STAKMD4WS,2025-01-04T01:46:47.805680392Z
01JGQGVMZZFQDEV12K65FX905J,01JGQF62HHA2466HVWY9M4PFJK,2025-01-04T02:03:42.975387813Z,01JGQF62JA7302M0RZA5XEMC5P,2025-01-04T02:03:42.975387813Z,01JGQGG9H7JXX286D0CT5NR3PD,2025-01-04T02:03:42.975387813Z
01JGQCR4ST4P3Z548RDVHN586F,01JGQAPNH0ZAYS3JS2A66X0YYM,2025-01-04T00:51:53.78635958Z,01JGQAPNHASHXGTC3SWD424E15,2025-01-04T00:51:53.78635958Z,01JGQBTWZXK96DJN1NP7YSJRGA,2025-01-04T00:51:53.78635958Z
01JGQDXZJ1A546NWD5XXQ1B87H,01JGQANSF16FK7Q9A7KD4G9GD3,2025-01-04T01:12:33.601505668Z,01JGQANSF9AD083RFF3YCDWG6Q,2025-01-04T01:12:33.601505668Z,01JGQDJT8V4GHJAZJGX94GZGGE,2025-01-04T01:12:33.601505668Z
01JGQER35XHN3Y3ZJZFAXYW614,01JGQANQ1TNTSD6JYM8SV3GAXG,2025-01-04T01:26:49.277115512Z,01JGQANQ25RPT5KWDFFEJAKMWE,2025-01-04T01:26:49.277115512Z,01JGQE56M277GZTT1DY8RDD2MR,2025-01-04T01:26:49.277115512Z
01JGQG4ZTJ9T36VERCN975P7K6,01JGQF654N98B99N4K38KM5S6Q,2025-01-04T01:51:20.402228759Z,01JGQF656N0JYE5JC9A19KNJY6,2025-01-04T01:51:20.402228759Z,01JGQFTX2YW2TDB3BCFKC718JT,2025-01-04T01:51:20.402228759Z
01JGQEX24DZAQKHW8DS1CW10K8,01JGQANPKB5GK46FQH7NGB2DA8,2025-01-04T01:29:32.045163684Z,01JGQANPKJQ1XA71CTYN26E24H,2025-01-04T01:29:32.045163684Z,01JGQE52E56TR4KBHA0JQM6X50,2025-01-04T01:29:32.045163684Z
01JGQFFN5WRXZM1NHHQ8CSR8EZ,01JGQANJE07FFPTE44EWVFSKEX,2025-01-04T01:39:41.372476821Z,01JGQANJEM780NAH3QGN2TAVPX,2025-01-04T01:39:41.372476821Z,01JGQF2KS8N369C11WX962BD8S,2025-01-04T01:39:41.372476821Z
01JGQKP5SD0V1GSS0MW1ZPX49Y,01JGQHW7S2R92Z64ZVP9X02RKC,2025-01-04T02:53:09.293720527Z,01JGQHW7TGD5YQEY155J4YMB05,2025-01-04T02:53:09.293720527Z,01JGQK9RFSYXDHHPSF4HTJTH6E,2025-01-04T02:53:09.293720527Z
01JGQFWNNV9WHCCVV3PN2J5WY2,01JGQF66BVHNKQJ8R6TCDX2VEY,2025-01-04T01:46:47.867722121Z,01JGQF66CMX0WZM6AYBRQF8306,2025-01-04T01:46:47.867722121Z,01JGQFMYP7KDDB0HX8DZYMCKW3,2025-01-04T01:46:47.867722121Z
01JGQCR4TABMJNTKSZVN2EH0KH,01JGQAPNH0ZAYS3JS2A66X0YYM,2025-01-04T00:51:53.802167956Z,01JGQAPNHASHXGTC3SWD424E15,2025-01-04T00:51:53.802167956Z,01JGQC3010H9ETKC4R7PRWAYVS,2025-01-04T00:51:53.802167956Z
01JGQCWYV22GBNKKCX4NHABZAR,01JGQAPMYNCNBJS85ADZTV8X7J,2025-01-04T00:54:31.522096021Z,01JGQAPMYXXFNA2BAX36EJ0CJG,2025-01-04T00:54:31.522096021Z,01JGQCMEGFHC5CXTCHQHQW3BZ1,2025-01-04T00:54:31.522096021Z
01JGQDGFVY5Y07ZAY66RFY6WMH,01JGQAPGCCKXY3DN53ZTFF7XPA,2025-01-04T01:05:11.550136903Z,01JGQAPGCPT8T796YQKGGVKMBP,2025-01-04T01:05:11.550136903Z,01JGQD072321CHNVNAF1RTREBX,2025-01-04T01:05:11.550136903Z
01JGQF31Z8YAZM5VNH106YS3E8,01JGQANNJVMF4PQDAE2FD6AAX0,2025-01-04T01:32:48.488931285Z,01JGQANNK5AD2M9X8XVQK0HRPH,2025-01-04T01:32:48.488931285Z,01JGQE97GG6X5ARZC0NM4Z9FSP,2025-01-04T01:32:48.488931285Z
01JGQC3VJ7YC6KZACCJEKJ7XD4,01JGQAPQ7YAX5VCC22AFE557K3,2025-01-04T00:40:48.967744204Z,01JGQAPQ86TM3PERR25R4CBZ51,2025-01-04T00:40:48.967744204Z,01JGQBATM4JYMZ22RJX91QH68A,2025-01-04T00:40:48.967744204Z
01JGQD33HPD07KW15ZH9EDGCW2,01JGQAPMEASDXW64Y5MV55HTFG,2025-01-04T00:57:52.951016488Z,01JGQAPMEJP4TKK208BWVFPEV3,2025-01-04T00:57:52.951016488Z,01JGQCGSCKD0ZFQK2VRMV1WCCV,2025-01-04T00:57:52.951016488Z
01JGQBZGK4B8X5N04MD4C0R4PK,01JGQAPQRMBKJWKXXTRTGPDF83,2025-01-04T00:38:26.660409459Z,01JGQAPQRWTG663XCCJ1V3H1T2,2025-01-04T00:38:26.660409459Z,01JGQBJVKSDWPC51J7H8DTGSCB,2025-01-04T00:38:26.660409459Z
01JGQER37EAF24NT4BT0PGSC94,01JGQANQ1TNTSD6JYM8SV3GAXG,2025-01-04T01:26:49.326348824Z,01JGQANQ25RPT5KWDFFEJAKMWE,2025-01-04T01:26:49.326348824Z,01JGQEFP033EPZK3B8Z7MGRCC4,2025-01-04T01:26:49.326348824Z
01JGQFWNMSW1CFJRK8DM6C4APM,01JGQF66BVHNKQJ8R6TCDX2VEY,2025-01-04T01:46:47.833792899Z,01JGQF66CMX0WZM6AYBRQF8306,2025-01-04T01:46:47.833792899Z,01JGQFHPWT0EWP42BG43VDZ2KK,2025-01-04T01:46:47.833792899Z
01JGQHPNED71BW7T61AJ0WEXDX,01JGQF5YD1VME705ME2XYY253H,2025-01-04T02:18:28.173380403Z,01JGQF5YFPPJH030KQJZR1RNBH,2025-01-04T02:18:28.173380403Z,01JGQHF7JDESPQ61AEMZ146BF9,2025-01-04T02:18:28.173380403Z
01JGQF1GNME6BD4AJQHGKAFD9R,01JGQANP3JF3EN73SEM4EV0B29,2025-01-04T01:31:58.004858229Z,01JGQANP3VKD3DNR432VAZVMW8,2025-01-04T01:31:58.004858229Z,01JGQEPB7TK0KACN3XYY4JB08K,2025-01-04T01:31:58.004858229Z
01JGQFC1HCWNKNVD0JMHT1QSG3,01JGQANN1WN7HHZCEQSBS2JBZW,2025-01-04T01:37:42.956744525Z,01JGQANN27ZZT5MTXH50D1QN6A,2025-01-04T01:37:42.956744525Z,01JGQF1PPG3ST90JG1JAQP93V8,2025-01-04T01:37:42.956744525Z
01JGQHPND7PRZRJD1S3BZCTF1D,01JGQF5YD1VME705ME2XYY253H,2025-01-04T02:18:28.135878851Z,01JGQF5YFPPJH030KQJZR1RNBH,2025-01-04T02:18:28.135878851Z,01JGQH9Y1M2AJJG00BECKAEXVZ,2025-01-04T02:18:28.135878851Z
01JGQJ35XEC93RG7E170AS3J3E,01JGQF5X55YSATGXDCM7FDVDK0,2025-01-04T02:25:18.254467002Z,01JGQF5X6QPJZMNSK77A47BFR4,2025-01-04T02:25:18.254467002Z,01JGQHFRTEVMVT848V8MCDSF1H,2025-01-04T02:25:18.254467002Z
01JGQAZHNAC94GWZNKS642N29F,01JGQAPTG44XVMCBBZRX3B3F2M,2025-01-04T00:20:59.179029924Z,01JGQAPTGBFPAHC7D2HNSX01XV,2025-01-04T00:20:59.179029924Z,01JGQARMTPDPNYMW8P6FMA53YG,2025-01-04T00:20:59.179029924Z
01JGQC3VJNFPG2X8B8VTG73554,01JGQAPQ7YAX5VCC22AFE557K3,2025-01-04T00:40:48.981731669Z,01JGQAPQ86TM3PERR25R4CBZ51,2025-01-04T00:40:48.981731669Z,01JGQBSM3NDAHFZ08KFDQ442GZ,2025-01-04T00:40:48.981731669Z
01JGQE3NKZPNYWDKNDEP5ZKB8C,01JGQANS0DRPZ42XMAYPM4M0NE,2025-01-04T01:15:40.031327322Z,01JGQANS0MVMD7SADWF1DQPKWJ,2025-01-04T01:15:40.031327322Z,01JGQDVXQEFW3AZFKZSANFRPTP,2025-01-04T01:15:40.031327322Z
01JGQE6A6Y4CKXE9G7QV147DX5,01JGQANRGCHWSC3VH76SF6WJT1,2025-01-04T01:17:06.654065873Z,01JGQANRGJTRXHT9MMZQT0G64H,2025-01-04T01:17:06.654065873Z,01JGQDVY1682H860C11H6MHP1T,2025-01-04T01:17:06.654065873Z
