﻿id,config,configLastChangedAt,status,statusLastChangedAt,lobbyConfig,lobbyConfigLastChangedAt,initialized,initializedLastChangedAt,endedReason,endedReasonLastChangedAt
01HKN9KWN23K3JKAJ7W5VK3P7H,"{""kind"":""complete"",""config"":{""treatments"":[{""treatment"":{""name"":""Two Players"",""desc"":""Two-player Game"",""factors"":{""playerCount"":2}},""count"":1}]}}",2024-01-08T13:43:26.882909637-06:00,ended,2024-01-08T15:40:11.791892788-06:00,"{""name"":""Default shared fail"",""kind"":""shared"",""duration"":300000000000,""strategy"":""fail""}",2024-01-08T13:43:26.882909637-06:00,true,2024-01-08T13:43:26.895979873-06:00,all games finished,2024-01-08T15:40:11.791892788-06:00
01HKP4XKBW5Z40NRJVGXA11JJS,"{""kind"":""complete"",""config"":{""treatments"":[{""treatment"":{""name"":""Two Players"",""desc"":""Two-player Game"",""factors"":{""playerCount"":2}},""count"":1}]}}",2024-01-08T21:40:36.604493747-06:00,terminated,2024-01-09T08:28:02.150790387-06:00,"{""name"":""Default shared fail"",""kind"":""shared"",""duration"":300000000000,""strategy"":""fail""}",2024-01-08T21:40:36.604493747-06:00,true,2024-01-08T21:40:36.619065839-06:00,,
01HKQ9Z3GCGHHPJX3HA2WBWCQC,"{""kind"":""complete"",""config"":{""treatments"":[{""treatment"":{""name"":""Two Players"",""desc"":""Two-player Game"",""factors"":{""playerCount"":2}},""count"":1}]}}",2024-01-09T08:28:03.212154682-06:00,terminated,2024-01-09T09:13:29.328970889-06:00,"{""name"":""Default shared fail"",""kind"":""shared"",""duration"":300000000000,""strategy"":""fail""}",2024-01-09T08:28:03.212154682-06:00,true,2024-01-09T08:28:03.234666732-06:00,,
01HKQCP2B0X5RX7JCGH5Y7X88E,"{""kind"":""complete"",""config"":{""treatments"":[{""treatment"":{""name"":""Two Players"",""desc"":""Two-player Game"",""factors"":{""playerCount"":2}},""count"":1}]}}",2024-01-09T09:15:32.83230704-06:00,terminated,2024-01-09T10:37:12.418890017-06:00,"{""name"":""Default shared fail"",""kind"":""shared"",""duration"":300000000000,""strategy"":""fail""}",2024-01-09T09:15:32.83230704-06:00,true,2024-01-09T09:15:32.838550379-06:00,,
01HKQGB4Z4B2454TZ6KX2EVW5R,"{""kind"":""complete"",""config"":{""treatments"":[{""treatment"":{""name"":""Two Players"",""desc"":""Two-player Game"",""factors"":{""playerCount"":2}},""count"":1}]}}",2024-01-09T10:19:29.380115041-06:00,terminated,2024-01-09T10:37:09.599803069-06:00,"{""name"":""Default shared fail"",""kind"":""shared"",""duration"":300000000000,""strategy"":""fail""}",2024-01-09T10:19:29.380115041-06:00,true,2024-01-09T10:19:29.388467447-06:00,,
01HKQHBV5CR2EYJYCXMEZ4RMVS,"{""kind"":""complete"",""config"":{""treatments"":[{""treatment"":{""name"":""Two Players"",""desc"":""Two-player Game"",""factors"":{""playerCount"":2}},""count"":1}]}}",2024-01-09T10:37:20.684988614-06:00,terminated,2024-01-09T10:50:29.52968253-06:00,"{""name"":""Default shared fail"",""kind"":""shared"",""duration"":300000000000,""strategy"":""fail""}",2024-01-09T10:37:20.684988614-06:00,true,2024-01-09T10:37:20.693396942-06:00,,
01HKQJ4SHPWW4MJ77571X67EG0,"{""kind"":""complete"",""config"":{""treatments"":[{""treatment"":{""name"":""Two Players"",""desc"":""Two-player Game"",""factors"":{""playerCount"":2}},""count"":1}]}}",2024-01-09T10:50:58.230430672-06:00,terminated,2024-01-09T10:52:33.711343792-06:00,"{""name"":""Default shared fail"",""kind"":""shared"",""duration"":300000000000,""strategy"":""fail""}",2024-01-09T10:50:58.230430672-06:00,true,2024-01-09T10:50:58.242095422-06:00,,
01HKQJ7RDH2ND57X5WPH5KYJ2N,"{""kind"":""complete"",""config"":{""treatments"":[{""treatment"":{""name"":""Two Players"",""desc"":""Two-player Game"",""factors"":{""playerCount"":2}},""count"":1}]}}",2024-01-09T10:52:35.377227314-06:00,terminated,2024-01-09T11:26:16.506442708-06:00,"{""name"":""Default shared fail"",""kind"":""shared"",""duration"":300000000000,""strategy"":""fail""}",2024-01-09T10:52:35.377227314-06:00,true,2024-01-09T10:52:35.387314735-06:00,,
01HKQM5FA2KQYXD6M9WZ8CWW17,"{""kind"":""complete"",""config"":{""treatments"":[{""treatment"":{""name"":""Two Players"",""desc"":""Two-player Game"",""factors"":{""playerCount"":2}},""count"":1}]}}",2024-01-09T11:26:17.666841662-06:00,terminated,2024-01-09T11:36:12.199475464-06:00,"{""name"":""Default shared fail"",""kind"":""shared"",""duration"":300000000000,""strategy"":""fail""}",2024-01-09T11:26:17.666841662-06:00,true,2024-01-09T11:26:17.679244247-06:00,,
01HKQMQR8CSCRHPBC5EEBFP1SH,"{""kind"":""complete"",""config"":{""treatments"":[{""treatment"":{""name"":""Two Players"",""desc"":""Two-player Game"",""factors"":{""playerCount"":2}},""count"":1}]}}",2024-01-09T11:36:16.652759409-06:00,ended,2024-01-09T11:45:58.981628777-06:00,"{""name"":""Default shared fail"",""kind"":""shared"",""duration"":300000000000,""strategy"":""fail""}",2024-01-09T11:36:16.652759409-06:00,true,2024-01-09T11:36:16.666454433-06:00,all games finished,2024-01-09T11:45:58.981628777-06:00
01HKQNBFEDJ7N1FWC9E356CDSA,"{""kind"":""complete"",""config"":{""treatments"":[{""treatment"":{""name"":""Two Players"",""desc"":""Two-player Game"",""factors"":{""playerCount"":2}},""count"":1}]}}",2024-01-09T11:47:02.989074988-06:00,terminated,2024-01-09T11:49:03.754706016-06:00,"{""name"":""Default shared fail"",""kind"":""shared"",""duration"":300000000000,""strategy"":""fail""}",2024-01-09T11:47:02.989074988-06:00,true,2024-01-09T11:47:02.999889504-06:00,,
01HKQNF9ZQAB6M17X0BYG7NTC8,"{""kind"":""complete"",""config"":{""treatments"":[{""treatment"":{""name"":""Two Players"",""desc"":""Two-player Game"",""factors"":{""playerCount"":2}},""count"":1}]}}",2024-01-09T11:49:08.471588915-06:00,ended,2024-01-09T12:07:27.765867496-06:00,"{""name"":""Default shared fail"",""kind"":""shared"",""duration"":300000000000,""strategy"":""fail""}",2024-01-09T11:49:08.471588915-06:00,true,2024-01-09T11:49:08.483286885-06:00,all games finished,2024-01-09T12:07:27.765867496-06:00
01HKQPXQ40Z2JQRXJ4TVV7565G,"{""kind"":""complete"",""config"":{""treatments"":[{""treatment"":{""name"":""Two Players"",""desc"":""Two-player Game"",""factors"":{""playerCount"":2}},""count"":1}]}}",2024-01-09T12:14:29.248885503-06:00,terminated,2024-01-09T12:17:14.854389912-06:00,"{""name"":""Default shared fail"",""kind"":""shared"",""duration"":300000000000,""strategy"":""fail""}",2024-01-09T12:14:29.248885503-06:00,true,2024-01-09T12:14:29.258823124-06:00,,
01HKQQ2SYJPSWGD0RS55SKHT2V,"{""kind"":""complete"",""config"":{""treatments"":[{""treatment"":{""name"":""Two Players"",""desc"":""Two-player Game"",""factors"":{""playerCount"":2}},""count"":1}]}}",2024-01-09T12:17:15.986399068-06:00,terminated,2024-01-09T12:45:53.65990535-06:00,"{""name"":""Default shared fail"",""kind"":""shared"",""duration"":300000000000,""strategy"":""fail""}",2024-01-09T12:17:15.986399068-06:00,true,2024-01-09T12:17:16.000366089-06:00,,
01HKQRQ8F5NRCNGAYFJWTXVGGJ,"{""kind"":""complete"",""config"":{""treatments"":[{""treatment"":{""name"":""Two Players"",""desc"":""Two-player Game"",""factors"":{""playerCount"":2}},""count"":1}]}}",2024-01-09T12:45:54.789382014-06:00,terminated,2024-01-09T13:15:56.925118522-06:00,"{""name"":""Default shared fail"",""kind"":""shared"",""duration"":300000000000,""strategy"":""fail""}",2024-01-09T12:45:54.789382014-06:00,true,2024-01-09T12:45:54.804402511-06:00,,
01HKQTE9DRQBVNP04SZP1VMHH7,"{""kind"":""complete"",""config"":{""treatments"":[{""treatment"":{""name"":""Two Players"",""desc"":""Two-player Game"",""factors"":{""playerCount"":2}},""count"":1}]}}",2024-01-09T13:15:58.008692482-06:00,terminated,2024-01-09T13:38:42.964923884-06:00,"{""name"":""Default shared fail"",""kind"":""shared"",""duration"":300000000000,""strategy"":""fail""}",2024-01-09T13:15:58.008692482-06:00,true,2024-01-09T13:15:58.022886016-06:00,,
01HKQVQZEPD8228Z60KKJXN5QD,"{""kind"":""complete"",""config"":{""treatments"":[{""treatment"":{""name"":""Two Players"",""desc"":""Two-player Game"",""factors"":{""playerCount"":2}},""count"":1}]}}",2024-01-09T13:38:44.054761734-06:00,ended,2024-01-09T13:54:42.581354355-06:00,"{""name"":""Default shared fail"",""kind"":""shared"",""duration"":300000000000,""strategy"":""fail""}",2024-01-09T13:38:44.054761734-06:00,true,2024-01-09T13:38:44.058948599-06:00,all games finished,2024-01-09T13:54:42.581354355-06:00
01HKQXAP3WQKRB9X128JS50GMC,"{""kind"":""complete"",""config"":{""treatments"":[{""treatment"":{""name"":""Two Players"",""desc"":""Two-player Game"",""factors"":{""playerCount"":2}},""count"":1}]}}",2024-01-09T14:06:25.660525665-06:00,terminated,2024-01-10T15:13:18.781574703-06:00,"{""name"":""Default shared fail"",""kind"":""shared"",""duration"":300000000000,""strategy"":""fail""}",2024-01-09T14:06:25.660525665-06:00,true,2024-01-09T14:06:25.669501545-06:00,,
01HKTKJ8PHTZADRY2N7970QJJN,"{""kind"":""complete"",""config"":{""treatments"":[{""treatment"":{""name"":""8"",""factors"":{""playerCount"":8}},""count"":1}]}}",2024-01-10T15:13:31.601764377-06:00,terminated,2024-01-10T15:23:35.596249078-06:00,"{""name"":""Default shared fail"",""kind"":""shared"",""duration"":300000000000,""strategy"":""fail""}",2024-01-10T15:13:31.601764377-06:00,true,2024-01-10T15:13:31.611779872-06:00,,
01HKTM4R96QTNEMD479TQK4N0K,"{""kind"":""complete"",""config"":{""treatments"":[{""treatment"":{""name"":""8"",""factors"":{""playerCount"":8}},""count"":1}]}}",2024-01-10T15:23:37.382615799-06:00,terminated,2024-01-10T15:26:29.645973037-06:00,"{""name"":""Default shared fail"",""kind"":""shared"",""duration"":300000000000,""strategy"":""fail""}",2024-01-10T15:23:37.382615799-06:00,true,2024-01-10T15:23:37.393839991-06:00,,
01HKVC33XTEMACFHXAM87K01P7,"{""kind"":""complete"",""config"":{""treatments"":[{""treatment"":{""name"":""4-Slider"",""factors"":{""opinion"":""slider"",""playerCount"":4}},""count"":1}]}}",2024-01-10T22:22:09.594115434-06:00,ended,2024-01-10T22:37:45.636725966-06:00,"{""name"":""Default shared fail"",""kind"":""shared"",""duration"":300000000000,""strategy"":""fail""}",2024-01-10T22:22:09.594115434-06:00,true,2024-01-10T22:22:09.62198248-06:00,all games finished,2024-01-10T22:37:45.636725966-06:00
01HKVH4F1VDVHKCP1SR6P78086,"{""kind"":""complete"",""config"":{""treatments"":[{""treatment"":{""name"":""Two Players"",""desc"":""Two-player Game"",""factors"":{""playerCount"":2}},""count"":1}]}}",2024-01-10T23:50:16.635399861-06:00,terminated,2024-01-11T00:01:46.474443946-06:00,"{""name"":""Default shared fail"",""kind"":""shared"",""duration"":300000000000,""strategy"":""fail""}",2024-01-10T23:50:16.635399861-06:00,true,2024-01-10T23:50:16.650697424-06:00,,
01HKVHSHNWB30YFYCSDVM09PB8,"{""kind"":""complete"",""config"":{""treatments"":[{""treatment"":{""name"":""Two Players"",""desc"":""Two-player Game"",""factors"":{""playerCount"":2}},""count"":1}]}}",2024-01-11T00:01:47.452805592-06:00,terminated,2024-01-12T10:36:12.894935236-06:00,"{""name"":""Default shared fail"",""kind"":""shared"",""duration"":300000000000,""strategy"":""fail""}",2024-01-11T00:01:47.452805592-06:00,true,2024-01-11T00:01:47.4756339-06:00,,
01HKZ8C0C37BA0EVSRY4X845GH,"{""kind"":""complete"",""config"":{""treatments"":[{""treatment"":{""name"":""Two Players"",""desc"":""Two-player Game"",""factors"":{""playerCount"":2}},""count"":1}]}}",2024-01-12T10:34:04.291672169-06:00,terminated,2024-01-12T10:36:17.706732186-06:00,"{""name"":""Default shared fail"",""kind"":""shared"",""duration"":300000000000,""strategy"":""fail""}",2024-01-12T10:34:04.291672169-06:00,true,2024-01-12T10:34:04.298091086-06:00,,
01HKZ8G6QCHDHYGT09FP93C4CS,"{""kind"":""complete"",""config"":{""treatments"":[{""treatment"":{""name"":""Two Players"",""desc"":""Two-player Game"",""factors"":{""playerCount"":2}},""count"":1}]}}",2024-01-12T10:36:21.868825332-06:00,terminated,2024-01-12T12:31:25.777554245-06:00,"{""name"":""Default shared fail"",""kind"":""shared"",""duration"":300000000000,""strategy"":""fail""}",2024-01-12T10:36:21.868825332-06:00,true,2024-01-12T10:36:21.885645651-06:00,,
01HKZ8WYY7NEKZFNV04N8FQ932,"{""kind"":""complete"",""config"":{""treatments"":[{""treatment"":{""name"":""Two Players"",""desc"":""Two-player Game"",""factors"":{""playerCount"":2}},""count"":1}]}}",2024-01-12T10:43:19.879279881-06:00,terminated,2024-01-12T12:31:32.254343051-06:00,"{""name"":""Default shared fail"",""kind"":""shared"",""duration"":300000000000,""strategy"":""fail""}",2024-01-12T10:43:19.879279881-06:00,true,2024-01-12T10:43:19.901644463-06:00,,
01HKZ97PMGB9T151T75J952XK3,"{""kind"":""complete"",""config"":{""treatments"":[{""treatment"":{""name"":""Two Players"",""desc"":""Two-player Game"",""factors"":{""playerCount"":2}},""count"":1}]}}",2024-01-12T10:49:11.824484675-06:00,terminated,2024-01-12T12:31:28.001868754-06:00,"{""name"":""Default shared fail"",""kind"":""shared"",""duration"":300000000000,""strategy"":""fail""}",2024-01-12T10:49:11.824484675-06:00,true,2024-01-12T10:49:11.832059931-06:00,,
01HKZECS80C0KPM8AJP9A83PJP,"{""kind"":""complete"",""config"":{""treatments"":[{""treatment"":{""name"":""Two Players"",""desc"":""Two-player Game"",""factors"":{""playerCount"":2}},""count"":1}]}}",2024-01-12T12:19:21.216262815-06:00,terminated,2024-01-12T12:31:29.987300229-06:00,"{""name"":""Default shared fail"",""kind"":""shared"",""duration"":300000000000,""strategy"":""fail""}",2024-01-12T12:19:21.216262815-06:00,true,2024-01-12T12:19:21.236065534-06:00,,
01HKZF374EYJ6GWYPGTMZ9FB0F,"{""kind"":""complete"",""config"":{""treatments"":[{""treatment"":{""name"":""Two Players"",""desc"":""Two-player Game"",""factors"":{""playerCount"":2}},""count"":1}]}}",2024-01-12T12:31:36.334500294-06:00,ended,2024-01-12T12:37:21.579484684-06:00,"{""name"":""Default shared fail"",""kind"":""shared"",""duration"":300000000000,""strategy"":""fail""}",2024-01-12T12:31:36.334500294-06:00,true,2024-01-12T12:31:36.34350135-06:00,all games finished,2024-01-12T12:37:21.579484684-06:00
01HKZGKPRR5B4ER4QYSS5N2ZXM,"{""kind"":""complete"",""config"":{""treatments"":[{""treatment"":{""name"":""Two-slider"",""factors"":{""opinion"":1,""playerCount"":2}},""count"":1}]}}",2024-01-12T12:58:05.20874381-06:00,ended,2024-01-12T13:05:51.303135507-06:00,"{""name"":""Default shared fail"",""kind"":""shared"",""duration"":300000000000,""strategy"":""fail""}",2024-01-12T12:58:05.20874381-06:00,true,2024-01-12T12:58:05.221434508-06:00,all games finished,2024-01-12T13:05:51.303135507-06:00
01HKZKQ5BA3WWPE1C6ZY07E7Q5,"{""kind"":""complete"",""config"":{""treatments"":[{""treatment"":{""name"":""Two-slider"",""factors"":{""opinion"":1,""playerCount"":2}},""count"":1}]}}",2024-01-12T13:52:24.170515371-06:00,ended,2024-01-12T13:59:35.716260091-06:00,"{""name"":""Default shared fail"",""kind"":""shared"",""duration"":300000000000,""strategy"":""fail""}",2024-01-12T13:52:24.170515371-06:00,true,2024-01-12T13:52:24.178735877-06:00,all games finished,2024-01-12T13:59:35.716260091-06:00
01HKZMQMAB8ZT9X336H8FTAKKW,"{""kind"":""complete"",""config"":{""treatments"":[{""treatment"":{""name"":""Two-slider"",""factors"":{""opinion"":1,""playerCount"":2}},""count"":1}]}}",2024-01-12T14:10:08.075830522-06:00,ended,2024-01-12T14:17:52.878778782-06:00,"{""name"":""Default shared fail"",""kind"":""shared"",""duration"":300000000000,""strategy"":""fail""}",2024-01-12T14:10:08.075830522-06:00,true,2024-01-12T14:10:08.088360139-06:00,all games finished,2024-01-12T14:17:52.878778782-06:00
01HKZNA7A00BBYZJ2XMXGVXVKM,"{""kind"":""complete"",""config"":{""treatments"":[{""treatment"":{""name"":""Two-slider"",""factors"":{""opinion"":1,""playerCount"":2}},""count"":1}]}}",2024-01-12T14:20:17.344178989-06:00,ended,2024-01-12T14:27:16.717425369-06:00,"{""name"":""Default shared fail"",""kind"":""shared"",""duration"":300000000000,""strategy"":""fail""}",2024-01-12T14:20:17.344178989-06:00,true,2024-01-12T14:20:17.353380698-06:00,all games finished,2024-01-12T14:27:16.717425369-06:00
01HKZQ93HPS43DNQW1WPVCMWR4,"{""kind"":""complete"",""config"":{""treatments"":[{""treatment"":{""name"":""Two-slider"",""factors"":{""opinion"":1,""playerCount"":2}},""count"":1}]}}",2024-01-12T14:54:37.878499734-06:00,terminated,2024-01-12T14:59:31.52755059-06:00,"{""name"":""Default shared fail"",""kind"":""shared"",""duration"":300000000000,""strategy"":""fail""}",2024-01-12T14:54:37.878499734-06:00,true,2024-01-12T14:54:37.899961819-06:00,,
01HKZQJ48CJGKGDKQSR232XNQF,"{""kind"":""complete"",""config"":{""treatments"":[{""treatment"":{""name"":""Two-slider"",""factors"":{""opinion"":1,""playerCount"":2}},""count"":1}]}}",2024-01-12T14:59:33.51660666-06:00,ended,2024-01-12T15:06:25.46419854-06:00,"{""name"":""Default shared fail"",""kind"":""shared"",""duration"":300000000000,""strategy"":""fail""}",2024-01-12T14:59:33.51660666-06:00,true,2024-01-12T14:59:33.547212179-06:00,all games finished,2024-01-12T15:06:25.46419854-06:00
01HKZRS5MR4W9SCBB2XF0GTS51,"{""kind"":""complete"",""config"":{""treatments"":[{""treatment"":{""name"":""Two-slider"",""factors"":{""opinion"":1,""playerCount"":2}},""count"":1}]}}",2024-01-12T15:20:52.888532225-06:00,ended,2024-01-12T15:27:47.908679774-06:00,"{""name"":""Default shared fail"",""kind"":""shared"",""duration"":300000000000,""strategy"":""fail""}",2024-01-12T15:20:52.888532225-06:00,true,2024-01-12T15:20:52.903334369-06:00,all games finished,2024-01-12T15:27:47.908679774-06:00
01HKZS6TJV8ZW8VEJGMVWQB9GX,"{""kind"":""complete"",""config"":{""treatments"":[{""treatment"":{""name"":""Two-slider"",""factors"":{""opinion"":1,""playerCount"":2}},""count"":1}]}}",2024-01-12T15:28:20.315529262-06:00,terminated,2024-01-15T13:14:27.518065765-06:00,"{""name"":""Default shared fail"",""kind"":""shared"",""duration"":300000000000,""strategy"":""fail""}",2024-01-12T15:28:20.315529262-06:00,true,2024-01-12T15:28:20.325395915-06:00,,
01HM78QWJ9PP96T55HJCS703SZ,"{""kind"":""complete"",""config"":{""treatments"":[{""treatment"":{""name"":""Two-slider"",""factors"":{""opinion"":1,""playerCount"":2}},""count"":1}]}}",2024-01-15T13:14:29.06606266-06:00,ended,2024-01-15T13:21:45.281724286-06:00,"{""name"":""Default shared fail"",""kind"":""shared"",""duration"":300000000000,""strategy"":""fail""}",2024-01-15T13:14:29.06606266-06:00,true,2024-01-15T13:14:29.091317168-06:00,all games finished,2024-01-15T13:21:45.281724286-06:00
01HM7AD6ZDSCFQKRCD7VXQ65PG,"{""kind"":""complete"",""config"":{""treatments"":[{""treatment"":{""name"":""Two-slider"",""factors"":{""opinion"":1,""playerCount"":2}},""count"":1}]}}",2024-01-15T13:43:36.430013395-06:00,ended,2024-01-15T13:47:02.592867177-06:00,"{""name"":""Default shared fail"",""kind"":""shared"",""duration"":300000000000,""strategy"":""fail""}",2024-01-15T13:43:36.430013395-06:00,true,2024-01-15T13:43:36.450635844-06:00,all games finished,2024-01-15T13:47:02.592867177-06:00
01HM7ASX547SHVVRVCNE20B0BC,"{""kind"":""complete"",""config"":{""treatments"":[{""treatment"":{""name"":""Two-slider"",""factors"":{""opinion"":1,""playerCount"":2}},""count"":1}]}}",2024-01-15T13:50:32.356313813-06:00,ended,2024-01-15T13:54:08.58795135-06:00,"{""name"":""Default shared fail"",""kind"":""shared"",""duration"":300000000000,""strategy"":""fail""}",2024-01-15T13:50:32.356313813-06:00,true,2024-01-15T13:50:32.377328506-06:00,all games finished,2024-01-15T13:54:08.58795135-06:00
01HM997NKB326BM0AXV69Q2CWF,"{""kind"":""complete"",""config"":{""treatments"":[{""treatment"":{""name"":""Two-slider"",""factors"":{""opinion"":1,""playerCount"":2}},""count"":1}]}}",2024-01-16T08:01:35.083134667-06:00,ended,2024-01-16T08:04:36.310918917-06:00,"{""name"":""Default shared fail"",""kind"":""shared"",""duration"":300000000000,""strategy"":""fail""}",2024-01-16T08:01:35.083134667-06:00,true,2024-01-16T08:01:35.111892349-06:00,all games finished,2024-01-16T08:04:36.310918917-06:00
01HM9A1QS4GYYMYZ3QSF5HYHSE,"{""kind"":""complete"",""config"":{""treatments"":[{""treatment"":{""name"":""Two-slider"",""factors"":{""opinion"":1,""playerCount"":2}},""count"":1}]}}",2024-01-16T08:15:49.284745094-06:00,terminated,2024-01-16T08:57:52.272272058-06:00,"{""name"":""Default shared fail"",""kind"":""shared"",""duration"":300000000000,""strategy"":""fail""}",2024-01-16T08:15:49.284745094-06:00,true,2024-01-16T08:15:49.304062892-06:00,,
01HM9CETNHJTQJQ99DRKCYWWDC,"{""kind"":""complete"",""config"":{""treatments"":[{""treatment"":{""name"":""Two-slider"",""factors"":{""opinion"":1,""playerCount"":2}},""count"":1}]}}",2024-01-16T08:57:55.377213964-06:00,ended,2024-01-16T09:00:55.856857067-06:00,"{""name"":""Default shared fail"",""kind"":""shared"",""duration"":300000000000,""strategy"":""fail""}",2024-01-16T08:57:55.377213964-06:00,true,2024-01-16T08:57:55.385606132-06:00,all games finished,2024-01-16T09:00:55.856857067-06:00
01HM9CY6693M08DJR8D1VMKFDE,"{""kind"":""complete"",""config"":{""treatments"":[{""treatment"":{""name"":""Two-slider"",""factors"":{""opinion"":1,""playerCount"":2}},""count"":1}]}}",2024-01-16T09:06:18.697188838-06:00,ended,2024-01-16T09:10:03.194881375-06:00,"{""name"":""Default shared fail"",""kind"":""shared"",""duration"":300000000000,""strategy"":""fail""}",2024-01-16T09:06:18.697188838-06:00,true,2024-01-16T09:06:18.715062654-06:00,all games finished,2024-01-16T09:10:03.194881375-06:00
01HM9DP8KDZS4MCWSRSENGXAF9,"{""kind"":""complete"",""config"":{""treatments"":[{""treatment"":{""name"":""Two-slider"",""factors"":{""opinion"":1,""playerCount"":2}},""count"":1}]}}",2024-01-16T09:19:27.597926367-06:00,terminated,2024-01-16T09:20:55.802920557-06:00,"{""name"":""Default shared fail"",""kind"":""shared"",""duration"":300000000000,""strategy"":""fail""}",2024-01-16T09:19:27.597926367-06:00,true,2024-01-16T09:19:27.610897383-06:00,,
01HM9DS1TMAX79YJPZ3SJP0QVH,"{""kind"":""complete"",""config"":{""treatments"":[{""treatment"":{""name"":""Two-slider"",""factors"":{""opinion"":1,""playerCount"":2}},""count"":1}]}}",2024-01-16T09:20:58.964552505-06:00,ended,2024-01-16T09:24:46.425645257-06:00,"{""name"":""Default shared fail"",""kind"":""shared"",""duration"":300000000000,""strategy"":""fail""}",2024-01-16T09:20:58.964552505-06:00,true,2024-01-16T09:20:58.978634492-06:00,all games finished,2024-01-16T09:24:46.425645257-06:00
01HM9E5ZAHQ9CHSARS3ECKCXJV,"{""kind"":""complete"",""config"":{""treatments"":[{""treatment"":{""name"":""Two-slider"",""factors"":{""opinion"":1,""playerCount"":2}},""count"":1}]}}",2024-01-16T09:28:02.385871911-06:00,terminated,2024-01-16T09:28:17.55108302-06:00,"{""name"":""Default shared fail"",""kind"":""shared"",""duration"":300000000000,""strategy"":""fail""}",2024-01-16T09:28:02.385871911-06:00,true,2024-01-16T09:28:02.399036788-06:00,,
01HM9E6FM9X84MM3V1Q6G17JSV,"{""kind"":""complete"",""config"":{""treatments"":[{""treatment"":{""name"":""Two-slider"",""factors"":{""opinion"":1,""playerCount"":2}},""count"":1}]}}",2024-01-16T09:28:19.081295775-06:00,ended,2024-01-16T09:31:32.801853969-06:00,"{""name"":""Default shared fail"",""kind"":""shared"",""duration"":300000000000,""strategy"":""fail""}",2024-01-16T09:28:19.081295775-06:00,true,2024-01-16T09:28:19.093566913-06:00,all games finished,2024-01-16T09:31:32.801853969-06:00
01HM9GQCK6XNBB4X9J7PWH29D0,"{""kind"":""complete"",""config"":{""treatments"":[{""treatment"":{""name"":""Two-slider"",""factors"":{""opinion"":1,""playerCount"":2}},""count"":1}]}}",2024-01-16T10:12:30.182459341-06:00,ended,2024-01-16T10:16:17.074302818-06:00,"{""name"":""Default shared fail"",""kind"":""shared"",""duration"":300000000000,""strategy"":""fail""}",2024-01-16T10:12:30.182459341-06:00,true,2024-01-16T10:12:30.198596674-06:00,all games finished,2024-01-16T10:16:17.074302818-06:00
01HM9H9KG9BMCKHM2C8BNFNWE1,"{""kind"":""complete"",""config"":{""treatments"":[{""treatment"":{""name"":""Two-slider"",""factors"":{""opinion"":1,""playerCount"":2}},""count"":1}]}}",2024-01-16T10:22:27.082045752-06:00,ended,2024-01-16T10:25:44.931707547-06:00,"{""name"":""Default shared fail"",""kind"":""shared"",""duration"":300000000000,""strategy"":""fail""}",2024-01-16T10:22:27.082045752-06:00,true,2024-01-16T10:22:27.097579027-06:00,all games finished,2024-01-16T10:25:44.931707547-06:00
01HM9HJAWWF74EEABKQFDYVBQW,"{""kind"":""complete"",""config"":{""treatments"":[{""treatment"":{""name"":""Two-slider"",""factors"":{""opinion"":1,""playerCount"":2}},""count"":1}]}}",2024-01-16T10:27:13.180548859-06:00,ended,2024-01-16T10:30:30.814479649-06:00,"{""name"":""Default shared fail"",""kind"":""shared"",""duration"":300000000000,""strategy"":""fail""}",2024-01-16T10:27:13.180548859-06:00,true,2024-01-16T10:27:13.189716346-06:00,all games finished,2024-01-16T10:30:30.814479649-06:00
01HM9HTWZ11K5XSQ24G3TTV5E8,"{""kind"":""complete"",""config"":{""treatments"":[{""treatment"":{""name"":""Two-slider"",""factors"":{""opinion"":1,""playerCount"":2}},""count"":1}]}}",2024-01-16T10:31:53.825735978-06:00,ended,2024-01-16T10:35:25.075629807-06:00,"{""name"":""Default shared fail"",""kind"":""shared"",""duration"":300000000000,""strategy"":""fail""}",2024-01-16T10:31:53.825735978-06:00,true,2024-01-16T10:31:53.84494867-06:00,all games finished,2024-01-16T10:35:25.075629807-06:00
01HM9J1HBNMEPKC4NK86NS8VRS,"{""kind"":""complete"",""config"":{""treatments"":[{""treatment"":{""name"":""Two-slider"",""factors"":{""opinion"":1,""playerCount"":2}},""count"":1}]}}",2024-01-16T10:35:31.317294902-06:00,ended,2024-01-16T10:38:40.709723758-06:00,"{""name"":""Default shared fail"",""kind"":""shared"",""duration"":300000000000,""strategy"":""fail""}",2024-01-16T10:35:31.317294902-06:00,true,2024-01-16T10:35:31.328886202-06:00,all games finished,2024-01-16T10:38:40.709723758-06:00
