id,batchID,batchIDLastChangedAt,gameID,gameIDLastChangedAt,playerID,playerIDLastChangedAt
01JDAXCQ3KE1MCC6JPFZRA8ERQ,01JDAW92FM8RVSV5HSE8WB07E6,2024-11-22T21:45:32.019448244Z,01JDAW92GDPJY1C855FFXP1CS2,2024-11-22T21:45:32.019448244Z,01JDAX77QNPCH2Q0GWYR7BA6E9,2024-11-22T21:45:32.019448244Z
01JDAW8G9PDYG7CHCM3JYF81QN,01JDAV7BT8X0ENK4E2JRHCANJT,2024-11-22T21:25:45.398081973Z,01JDAV7BTJ9FST3S5K0Y7AWNSV,2024-11-22T21:25:45.398081973Z,01JDAVTNDY6Q1HQS0ZF8W93JCP,2024-11-22T21:25:45.398081973Z
01JDAX4W1BGTCB4EPFCZ1P8JQT,01JDAW93VNYC1HD42DG2JGDBTH,2024-11-22T21:41:14.923672086Z,01JDAW93WDPNXS8PQA63313CD1,2024-11-22T21:41:14.923672086Z,01JDAWTRBCA5SQF7XBRFAY6DGJ,2024-11-22T21:41:14.923672086Z
01JDAW8GADRH6KDEV53KEBDRXZ,01JDAV7BT8X0ENK4E2JRHCANJT,2024-11-22T21:25:45.421470772Z,01JDAV7BTJ9FST3S5K0Y7AWNSV,2024-11-22T21:25:45.421470772Z,01JDAW2314APWV7BVE8M7VP51R,2024-11-22T21:25:45.421470772Z
01JDAW28TPF01VZ10P813ZW4B2,01JDAV7DENMXA1Z5WHTTT0F2MF,2024-11-22T21:22:21.142340409Z,01JDAV7DEXDW9TAG8NVGHHDHV6,2024-11-22T21:22:21.142340409Z,01JDAVVJ721V9NX1AR4ZQ6D0ES,2024-11-22T21:22:21.142340409Z
01JDAW96YA3NGRRPG6Q5H1TEEX,01JDAV7AVY9FAH9TCHE3YNF417,2024-11-22T21:26:08.586354705Z,01JDAV7AW8PCN7AC0JSEWGVCFR,2024-11-22T21:26:08.586354705Z,01JDAW2NWMQJRAEXQ6M0D616ZR,2024-11-22T21:26:08.586354705Z
01JDAWNPBZ927860R4PPE7SHR6,01JDAW96KWSR5R3AY2AYYD7GPH,2024-11-22T21:32:57.599345987Z,01JDAW96MVCT4KSAYSSRCMYG4J,2024-11-22T21:32:57.599345987Z,01JDAWF5AZ3FVGXJ84XGMHFY9J,2024-11-22T21:32:57.599345987Z
01JDAX0B67WACP8WR4V58E5B1K,01JDAW94G80F7SDBT65P4GP5BN,2024-11-22T21:38:46.599397949Z,01JDAW94H0XK8KT66PDDYTMTA6,2024-11-22T21:38:46.599397949Z,01JDAWRW9HSGPY6R5EW3K14T23,2024-11-22T21:38:46.599397949Z
01JDAXGCGNY2JJ971K52G882NF,01JDAW91RVAWDE15G9TQ9RXZQ4,2024-11-22T21:47:32.245423552Z,01JDAW91SHMMAZ5PMS6NNQNRNA,2024-11-22T21:47:32.245423552Z,01JDAX0DMRQE5J077NJMWV6NA7,2024-11-22T21:47:32.245423552Z
01JDAVZD2DDWAAGXJ2DH6YV1MZ,01JDAV7EZCZG4X83SX62XDSNV8,2024-11-22T21:20:47.181652619Z,01JDAV7EZQJ4EREN1RCQ4RZS8E,2024-11-22T21:20:47.181652619Z,01JDAVT9Q21Y7SDHF6S8GQA2K4,2024-11-22T21:20:47.181652619Z
01JDAVZD2K230488BMH1P4377S,01JDAV7EZCZG4X83SX62XDSNV8,2024-11-22T21:20:47.187160667Z,01JDAV7EZQJ4EREN1RCQ4RZS8E,2024-11-22T21:20:47.187160667Z,01JDAVTE6PV4ABX65YZ68A1S76,2024-11-22T21:20:47.187160667Z
01JDAW8GA06WQHZV1N5W79083C,01JDAV7BT8X0ENK4E2JRHCANJT,2024-11-22T21:25:45.408865077Z,01JDAV7BTJ9FST3S5K0Y7AWNSV,2024-11-22T21:25:45.408865077Z,01JDAW1WV0DBC41M4KWWB3X03W,2024-11-22T21:25:45.408865077Z
01JDAXM509W7D44SE1HP0PQSB0,01JDAV78N2XQAMP3T752482BSA,2024-11-22T21:49:35.625061225Z,01JDAV78NE5B28MCGQW2AW6RQW,2024-11-22T21:49:35.625061225Z,01JDAX79C9R5M7N3R61CME7SYW,2024-11-22T21:49:35.625061225Z
01JDAXSZ5BGCESV11SF67FBKMH,01JDAXJA6182QATS2H3XGWVF35,2024-11-22T21:52:46.251438701Z,01JDAXJA8JZDPK7XRRAASDQY91,2024-11-22T21:52:46.251438701Z,01JDAXHM7Z5XX9JJ33ZZNG82T8,2024-11-22T21:52:46.251438701Z
01JDAVR4V5YSGMJEXKB1PAB4XH,01JDAV7NMPR3GW91C3EE80J0N9,2024-11-22T21:16:49.381193284Z,01JDAV7NMYZNX2JP8M9R6XSR3R,2024-11-22T21:16:49.381193284Z,01JDAVJSPHAS3S1ATFQERD8KJY,2024-11-22T21:16:49.381193284Z
01JDAWBV2YPV9XG0T1PVBV42XA,01JDAV7A23J19NYW1G1M51MRS7,2024-11-22T21:27:34.750966734Z,01JDAV7A2CN94NGM529SW3NX2Q,2024-11-22T21:27:34.750966734Z,01JDAW4G6TD4JHXGFBRWB9GDR0,2024-11-22T21:27:34.750966734Z
01JDAX4VZYNGBX1BR5PP4JHEBS,01JDAW93VNYC1HD42DG2JGDBTH,2024-11-22T21:41:14.878135093Z,01JDAW93WDPNXS8PQA63313CD1,2024-11-22T21:41:14.878135093Z,01JDAWRVP45RN6H7SZBG19Z7HT,2024-11-22T21:41:14.878135093Z
01JDAXX4ZA5PTHBVQJWSCRM02G,01JDAXJ9GA579XVKVXYHX7PMB5,2024-11-22T21:54:30.50650841Z,01JDAXJ9JWAYJF3NTH7KK3P2CH,2024-11-22T21:54:30.50650841Z,01JDAXHQ3E9VTPRX7HZ2YSJHFZ,2024-11-22T21:54:30.50650841Z
01JDAXY3ZZZJDPG35VP5TBNFNG,01JDAXJ8MTD357BJ284YCVQECZ,2024-11-22T21:55:02.271557663Z,01JDAXJ8PR73ZPZYE5KXF66AXZ,2024-11-22T21:55:02.271557663Z,01JDAXKA7DCQN1NEEE43RJ3ADF,2024-11-22T21:55:02.271557663Z
01JDAWJ02AMG6J03T97NJQTMAW,01JDAW9G227TQ7S6XPYGXQ6VSP,2024-11-22T21:30:56.460503915Z,01JDAW9G2M35MPT2J3D884PD2J,2024-11-22T21:30:56.460503915Z,01JDAWBN3TVS7KRS5XTSEEPJ3T,2024-11-22T21:30:56.460503915Z
01JDAWZAD0HDEWM2T91Z5D2QVA,01JDAW957DCG61X93N892GXZWF,2024-11-22T21:38:13.02416995Z,01JDAW958523SSTP7PHBCF6XV7,2024-11-22T21:38:13.02416995Z,01JDAWT0C2PEQS6F3HJ4Y5XV4V,2024-11-22T21:38:13.02416995Z
01JDAWZABKF37A626TEV7RNAKM,01JDAW957DCG61X93N892GXZWF,2024-11-22T21:38:12.979565131Z,01JDAW958523SSTP7PHBCF6XV7,2024-11-22T21:38:12.979565131Z,01JDAWRB79R0QZQFBKAFBGCV92,2024-11-22T21:38:12.979565131Z
01JDAW96XM2DF32D9W7XQECHBP,01JDAV7AVY9FAH9TCHE3YNF417,2024-11-22T21:26:08.564382267Z,01JDAV7AW8PCN7AC0JSEWGVCFR,2024-11-22T21:26:08.564382267Z,01JDAW03VPTZ4TCEG9SN4BWEHG,2024-11-22T21:26:08.564382267Z
01JDAWBV249DVC2YQGDFWA2XAZ,01JDAV7A23J19NYW1G1M51MRS7,2024-11-22T21:27:34.724257152Z,01JDAV7A2CN94NGM529SW3NX2Q,2024-11-22T21:27:34.724257152Z,01JDAVT7D63DKEWGY4QNYVFQ8H,2024-11-22T21:27:34.724257152Z
01JDAW631SAETZD8REKJND3MKX,01JDAV7CMRW7XHY88WC9DBQES6,2024-11-22T21:24:26.297683947Z,01JDAV7CN2D9MAQ6ZK8X7YT6AW,2024-11-22T21:24:26.297683947Z,01JDAVTNXE8K45FMFN8SQ6N1V7,2024-11-22T21:24:26.297683947Z
01JDAW96X73B036AEQYM7F1EBP,01JDAV7AVY9FAH9TCHE3YNF417,2024-11-22T21:26:08.551274285Z,01JDAV7AW8PCN7AC0JSEWGVCFR,2024-11-22T21:26:08.551274285Z,01JDAVV5V5M024NPF03E8717B2,2024-11-22T21:26:08.551274285Z
01JDAX0B5K45WH5DHG37F6R4VP,01JDAW94G80F7SDBT65P4GP5BN,2024-11-22T21:38:46.579369709Z,01JDAW94H0XK8KT66PDDYTMTA6,2024-11-22T21:38:46.579369709Z,01JDAWRPSEPA6N5HN6HWMBMK2Y,2024-11-22T21:38:46.579369709Z
01JDAXHBEDJ5858TP9287BJW7E,01JDAV79B7ET5C3AA9P297HGKD,2024-11-22T21:48:03.91706885Z,01JDAV79BJ6R265FKS66G54524,2024-11-22T21:48:03.91706885Z,01JDAX67ZACHWKZV5X41GBHFVJ,2024-11-22T21:48:03.91706885Z
01JDAVSGV3PYNH8TPG2GTJJ2GD,01JDAV7K2MG6SSZXXQWX9AWKTB,2024-11-22T21:17:34.435620757Z,01JDAV7K2WMABF7X36GP6WAQTP,2024-11-22T21:17:34.435620757Z,01JDAVFQ09B5YC0TR17WP3H2NY,2024-11-22T21:17:34.435620757Z
01JDAW28T9CXVR8FNAJWT397PV,01JDAV7DENMXA1Z5WHTTT0F2MF,2024-11-22T21:22:21.12934353Z,01JDAV7DEXDW9TAG8NVGHHDHV6,2024-11-22T21:22:21.12934353Z,01JDAVFZDV69E95BC6FWCHESN4,2024-11-22T21:22:21.12934353Z
01JDAXR3FTF7QVBJ4AMAPQZCJQ,01JDAXJ5WMH8K5GGX49MEE4HGS,2024-11-22T21:51:45.146770435Z,01JDAXJ5YX38PV4J82MHVAQKN8,2024-11-22T21:51:45.146770435Z,01JDAXHV6ZE6R3Z36KPEQZ595H,2024-11-22T21:51:45.146770435Z
01JDAXCQ2MRNXMHSV57ZZWDGR7,01JDAW92FM8RVSV5HSE8WB07E6,2024-11-22T21:45:31.988790542Z,01JDAW92GDPJY1C855FFXP1CS2,2024-11-22T21:45:31.988790542Z,01JDAX6V67KV81G4366NYPAXXQ,2024-11-22T21:45:31.988790542Z
01JDAVR4TGEZ41SP58VN66EWDW,01JDAV7NMPR3GW91C3EE80J0N9,2024-11-22T21:16:49.360961522Z,01JDAV7NMYZNX2JP8M9R6XSR3R,2024-11-22T21:16:49.360961522Z,01JDAV98VHRVXBKZRM1FA8229G,2024-11-22T21:16:49.360961522Z
01JDAVSGVEVTWPNVHKJ1D1878R,01JDAV7K2MG6SSZXXQWX9AWKTB,2024-11-22T21:17:34.446768773Z,01JDAV7K2WMABF7X36GP6WAQTP,2024-11-22T21:17:34.446768773Z,01JDAVK8SVK5N2042XAD8G2GZ1,2024-11-22T21:17:34.446768773Z
01JDAXHBFXPE465MV7506757FG,01JDAV79B7ET5C3AA9P297HGKD,2024-11-22T21:48:03.965975241Z,01JDAV79BJ6R265FKS66G54524,2024-11-22T21:48:03.965975241Z,01JDAXCC6P4KWDWMBPCXE91PKM,2024-11-22T21:48:03.965975241Z
01JDAXX51E62TKTD3T2CY80PZF,01JDAXJ9GA579XVKVXYHX7PMB5,2024-11-22T21:54:30.574099343Z,01JDAXJ9JWAYJF3NTH7KK3P2CH,2024-11-22T21:54:30.574099343Z,01JDAXMJ20JCA7C91VYFQPPR4Z,2024-11-22T21:54:30.574099343Z
01JDAXY3QQD2919MCF47FWYGGF,01JDAXJ8MTD357BJ284YCVQECZ,2024-11-22T21:55:02.007820512Z,01JDAXJ8PR73ZPZYE5KXF66AXZ,2024-11-22T21:55:02.007820512Z,01JDAWX1D48CK32A7DAJ9XXG5N,2024-11-22T21:55:02.007820512Z
01JDAVSGV9XC90G2GRJESNV88P,01JDAV7K2MG6SSZXXQWX9AWKTB,2024-11-22T21:17:34.441633985Z,01JDAV7K2WMABF7X36GP6WAQTP,2024-11-22T21:17:34.441633985Z,01JDAVFZAJ84WC1K6Y8KGYAPRA,2024-11-22T21:17:34.441633985Z
01JDAXGCHK0A17W0TGMZ1QQ1QA,01JDAW91RVAWDE15G9TQ9RXZQ4,2024-11-22T21:47:32.27567281Z,01JDAW91SHMMAZ5PMS6NNQNRNA,2024-11-22T21:47:32.27567281Z,01JDAX67X6RB2B19RR4F06FV5Z,2024-11-22T21:47:32.27567281Z
01JDAXEYYTCHQ4GK4PGW7PHKWT,01JDAW9368E2ZW8FSYS2HFF813,2024-11-22T21:46:45.594159783Z,01JDAW936YVC34VMNBCD735T14,2024-11-22T21:46:45.594159783Z,01JDAWS86AQF8PTYB1Y3XAXFRT,2024-11-22T21:46:45.594159783Z
01JDAWBV2H4D4SEP9XVCMAVDKT,01JDAV7A23J19NYW1G1M51MRS7,2024-11-22T21:27:34.737450765Z,01JDAV7A2CN94NGM529SW3NX2Q,2024-11-22T21:27:34.737450765Z,01JDAVTYKFW0AA6JBNH66CCP5G,2024-11-22T21:27:34.737450765Z
01JDAWN2K1ZRBJQNN39CR448D5,01JDAW9FAKM409RDFXY2KD5WCW,2024-11-22T21:32:37.345276175Z,01JDAW9FBDT2PBP0647PHSN8N3,2024-11-22T21:32:37.345276175Z,01JDAWBQYTEEZVNF7WN0P7A54S,2024-11-22T21:32:37.345276175Z
01JDAWZAC3W2DZX80KK19HA8GW,01JDAW957DCG61X93N892GXZWF,2024-11-22T21:38:12.995237521Z,01JDAW958523SSTP7PHBCF6XV7,2024-11-22T21:38:12.995237521Z,01JDAWRDQSSXKT3KYYX65NCVCK,2024-11-22T21:38:12.995237521Z
01JDAXCQ4YJ8XAJRJSYTBF1CG4,01JDAW92FM8RVSV5HSE8WB07E6,2024-11-22T21:45:32.062799169Z,01JDAW92GDPJY1C855FFXP1CS2,2024-11-22T21:45:32.062799169Z,01JDAX7T3P69ZHADNK7QEYX9HH,2024-11-22T21:45:32.062799169Z
01JDAXM5598BTNBAH79J8CQREP,01JDAV78N2XQAMP3T752482BSA,2024-11-22T21:49:35.78520015Z,01JDAV78NE5B28MCGQW2AW6RQW,2024-11-22T21:49:35.78520015Z,01JDAXH8C3SBQH0XZ56B2EPKDP,2024-11-22T21:49:35.78520015Z
01JDAXR3EB5GJSJNDDEEXXM0XF,01JDAXJ5WMH8K5GGX49MEE4HGS,2024-11-22T21:51:45.099072415Z,01JDAXJ5YX38PV4J82MHVAQKN8,2024-11-22T21:51:45.099072415Z,01JDAXAQC04GERSX364Y8PF7C9,2024-11-22T21:51:45.099072415Z
01JDAXR3F208FQR9FWBS5FXDEW,01JDAXJ5WMH8K5GGX49MEE4HGS,2024-11-22T21:51:45.122630337Z,01JDAXJ5YX38PV4J82MHVAQKN8,2024-11-22T21:51:45.122630337Z,01JDAXFM6TJCJ7X0ZQ2SYWN6K0,2024-11-22T21:51:45.122630337Z
01JDAWCSB0CZS3FEM2KCP8RAKM,01JDAW9H90NX0NBKQ78WQFK87S,2024-11-22T21:28:05.728707804Z,01JDAW9H9R34V9ZGZCJXT6VP5J,2024-11-22T21:28:05.728707804Z,01JDAVWZD6TREDQ6P52WBVY1C2,2024-11-22T21:28:05.728707804Z
01JDAWFFQ6HAN1AK9BJSDY01F8,01JDAW9GPCZARVGSZPJQ1SCPAH,2024-11-22T21:29:34.18281013Z,01JDAW9GQ7KA89AWGC4MHJF0YS,2024-11-22T21:29:34.18281013Z,01JDAVG62G05GV1F0NCZNW4YZP,2024-11-22T21:29:34.18281013Z
01JDAXHBF93B68BTNCYQ8B1WF7,01JDAV79B7ET5C3AA9P297HGKD,2024-11-22T21:48:03.945091759Z,01JDAV79BJ6R265FKS66G54524,2024-11-22T21:48:03.945091759Z,01JDAX6DRAV0DH5QZ42J07CKPQ,2024-11-22T21:48:03.945091759Z
01JDAVY9FD2C1H8X8XNV09KZ1G,01JDAV7G8TQTKPZVSCPYST9866,2024-11-22T21:20:10.733106867Z,01JDAV7G93PEQKN7EKG9SYPNXF,2024-11-22T21:20:10.733106867Z,01JDAVG5G3P6XV20Z0BMVH3FHQ,2024-11-22T21:20:10.733106867Z
01JDAW631FSGPB3V54XWFYQEG5,01JDAV7CMRW7XHY88WC9DBQES6,2024-11-22T21:24:26.287257408Z,01JDAV7CN2D9MAQ6ZK8X7YT6AW,2024-11-22T21:24:26.287257408Z,01JDAVG1MVR7ZM3K3H1X7VX0F2,2024-11-22T21:24:26.287257408Z
01JDAWBV3AVE1S9Y7WN3Y2669K,01JDAV7A23J19NYW1G1M51MRS7,2024-11-22T21:27:34.762367792Z,01JDAV7A2CN94NGM529SW3NX2Q,2024-11-22T21:27:34.762367792Z,01JDAW54T5TAK5HHQS9D4Z5FAT,2024-11-22T21:27:34.762367792Z
01JDAWFFRFYCBV1RDZXKB28DYG,01JDAW9GPCZARVGSZPJQ1SCPAH,2024-11-22T21:29:34.223741682Z,01JDAW9GQ7KA89AWGC4MHJF0YS,2024-11-22T21:29:34.223741682Z,01JDAW4W60P7MR7K9G6EAW1ASR,2024-11-22T21:29:34.223741682Z
01JDAWJ01P54B40H2971Q29ETD,01JDAW9G227TQ7S6XPYGXQ6VSP,2024-11-22T21:30:56.438181924Z,01JDAW9G2M35MPT2J3D884PD2J,2024-11-22T21:30:56.438181924Z,01JDAW9973A30PDAXZ11D4KJFV,2024-11-22T21:30:56.438181924Z
01JDAWNPBEDWCDNA78AQ2Q368G,01JDAW96KWSR5R3AY2AYYD7GPH,2024-11-22T21:32:57.582975895Z,01JDAW96MVCT4KSAYSSRCMYG4J,2024-11-22T21:32:57.582975895Z,01JDAWD029641TE2FMN7A78H5C,2024-11-22T21:32:57.582975895Z
01JDAWZACJM61YW8J5QD8DZWQE,01JDAW957DCG61X93N892GXZWF,2024-11-22T21:38:13.01006922Z,01JDAW958523SSTP7PHBCF6XV7,2024-11-22T21:38:13.01006922Z,01JDAWRJMWM9VH4JT6ZQ1NAKW6,2024-11-22T21:38:13.01006922Z
01JDAXSZ36TS6004GVY1B3TNJB,01JDAXJA6182QATS2H3XGWVF35,2024-11-22T21:52:46.182469738Z,01JDAXJA8JZDPK7XRRAASDQY91,2024-11-22T21:52:46.182469738Z,01JDAXHCEA9QHKHF9AS118WBCN,2024-11-22T21:52:46.182469738Z
01JDAVZD20Y0SWKYY2DJVVS16G,01JDAV7EZCZG4X83SX62XDSNV8,2024-11-22T21:20:47.168563986Z,01JDAV7EZQJ4EREN1RCQ4RZS8E,2024-11-22T21:20:47.168563986Z,01JDAVA297TF0NVWXR3YHZJEQH,2024-11-22T21:20:47.168563986Z
01JDAVZD27DTT281FZJZVHJDKG,01JDAV7EZCZG4X83SX62XDSNV8,2024-11-22T21:20:47.17508607Z,01JDAV7EZQJ4EREN1RCQ4RZS8E,2024-11-22T21:20:47.17508607Z,01JDAVFYKSJGYMEYBW9YRPZH5R,2024-11-22T21:20:47.17508607Z
01JDAXY41Q9782X9QHC638E8K6,01JDAXJ8MTD357BJ284YCVQECZ,2024-11-22T21:55:02.327287027Z,01JDAXJ8PR73ZPZYE5KXF66AXZ,2024-11-22T21:55:02.327287027Z,01JDAXR6MBH4WJ6WPD57RTKSN2,2024-11-22T21:55:02.327287027Z
01JDAWN2JH77PRY4F4583HKESE,01JDAW9FAKM409RDFXY2KD5WCW,2024-11-22T21:32:37.329528205Z,01JDAW9FBDT2PBP0647PHSN8N3,2024-11-22T21:32:37.329528205Z,01JDAW6N90SG540268Z95X4ZQZ,2024-11-22T21:32:37.329528205Z
01JDAWCSBK67AX0Z86N31Q0BDC,01JDAW9H90NX0NBKQ78WQFK87S,2024-11-22T21:28:05.747037663Z,01JDAW9H9R34V9ZGZCJXT6VP5J,2024-11-22T21:28:05.747037663Z,01JDAW3JS88E9F0J7NVPSMC6RZ,2024-11-22T21:28:05.747037663Z
01JDAWFFR1ZM5GAJY59V6BPXBA,01JDAW9GPCZARVGSZPJQ1SCPAH,2024-11-22T21:29:34.20924622Z,01JDAW9GQ7KA89AWGC4MHJF0YS,2024-11-22T21:29:34.20924622Z,01JDAW2RNMSH2N8N950SAAK6C9,2024-11-22T21:29:34.20924622Z
01JDAVY9FX1T0P3HZNBAARJGAZ,01JDAV7G8TQTKPZVSCPYST9866,2024-11-22T21:20:10.749839758Z,01JDAV7G93PEQKN7EKG9SYPNXF,2024-11-22T21:20:10.749839758Z,01JDAVH4JRFAMVT6X4PHYB54N3,2024-11-22T21:20:10.749839758Z
01JDAXHBDG79FZHYARQH0677Q4,01JDAV79B7ET5C3AA9P297HGKD,2024-11-22T21:48:03.888909505Z,01JDAV79BJ6R265FKS66G54524,2024-11-22T21:48:03.888909505Z,01JDAX127VN8XZCRE0HQXYRFG1,2024-11-22T21:48:03.888909505Z
01JDAWCSC12MZE9JE0P4S3K56R,01JDAW9H90NX0NBKQ78WQFK87S,2024-11-22T21:28:05.76179449Z,01JDAW9H9R34V9ZGZCJXT6VP5J,2024-11-22T21:28:05.76179449Z,01JDAW5AYQ7PAENP4NV3KA2FQR,2024-11-22T21:28:05.76179449Z
01JDAX0B6X5GXT2SMQQQKW7KB9,01JDAW94G80F7SDBT65P4GP5BN,2024-11-22T21:38:46.621288983Z,01JDAW94H0XK8KT66PDDYTMTA6,2024-11-22T21:38:46.621288983Z,01JDAWS3VHTFRTFHD9DVVVBVET,2024-11-22T21:38:46.621288983Z
01JDAXSZ44ZC3K34ZP8SDKM4Y3,01JDAXJA6182QATS2H3XGWVF35,2024-11-22T21:52:46.212409524Z,01JDAXJA8JZDPK7XRRAASDQY91,2024-11-22T21:52:46.212409524Z,01JDAXHDD50D0GV4FQ447BBE89,2024-11-22T21:52:46.212409524Z
01JDAVNWFB562XHEBHCJ1MR7WQ,01JDAV7PDERQ7AK026EVFTCY8H,2024-11-22T21:15:35.275258714Z,01JDAV7PDNDTFN0N27Q2XCPS2P,2024-11-22T21:15:35.275258714Z,01JDAVFGENT2Q8E717AB3NVRK0,2024-11-22T21:15:35.275258714Z
01JDAVR4TYQFJ7HTSH215X2W8M,01JDAV7NMPR3GW91C3EE80J0N9,2024-11-22T21:16:49.374146639Z,01JDAV7NMYZNX2JP8M9R6XSR3R,2024-11-22T21:16:49.374146639Z,01JDAVFMQTC7SFVPZYW08MB665,2024-11-22T21:16:49.374146639Z
01JDAW6329RRWNAM4TSSF78TNF,01JDAV7CMRW7XHY88WC9DBQES6,2024-11-22T21:24:26.313680629Z,01JDAV7CN2D9MAQ6ZK8X7YT6AW,2024-11-22T21:24:26.313680629Z,01JDAW23RH4NJQTPRY59AADVJH,2024-11-22T21:24:26.313680629Z
01JDAW96Y1HA3PBKGQ85Z68155,01JDAV7AVY9FAH9TCHE3YNF417,2024-11-22T21:26:08.577531881Z,01JDAV7AW8PCN7AC0JSEWGVCFR,2024-11-22T21:26:08.577531881Z,01JDAW22HG8X2YS9M8YF6GR172,2024-11-22T21:26:08.577531881Z
01JDAWJ02WJ6A4268Y8H57QJHG,01JDAW9G227TQ7S6XPYGXQ6VSP,2024-11-22T21:30:56.476193431Z,01JDAW9G2M35MPT2J3D884PD2J,2024-11-22T21:30:56.476193431Z,01JDAWD03N1KMG6SNE9Z3AB79D,2024-11-22T21:30:56.476193431Z
01JDAVM7H5TDESYZFAJZ7T5KTZ,01JDAV5VXHJYCN2V0T1M5T8322,2024-11-22T21:14:41.061437273Z,01JDAV5VY93GESTPGN5PE0KCFT,2024-11-22T21:14:41.061437273Z,01JDAV91KE40FHMSG05A22HXBN,2024-11-22T21:14:41.061437273Z
01JDAVNWFHNEJFQ0WZS1SS02NH,01JDAV7PDERQ7AK026EVFTCY8H,2024-11-22T21:15:35.281577735Z,01JDAV7PDNDTFN0N27Q2XCPS2P,2024-11-22T21:15:35.281577735Z,01JDAVFS5JFATR4WG7GRQKSDBX,2024-11-22T21:15:35.281577735Z
01JDAWNPAZAQMQYY4ER2ZD8KJN,01JDAW96KWSR5R3AY2AYYD7GPH,2024-11-22T21:32:57.56757403Z,01JDAW96MVCT4KSAYSSRCMYG4J,2024-11-22T21:32:57.56757403Z,01JDAW83DWEM9NZK3PHMFWCQMP,2024-11-22T21:32:57.56757403Z
01JDAXEYZXQGWC7NNK3RVBWKN9,01JDAW9368E2ZW8FSYS2HFF813,2024-11-22T21:46:45.629245268Z,01JDAW936YVC34VMNBCD735T14,2024-11-22T21:46:45.629245268Z,01JDAWS9ST2ZYRH6JYTA04A1R8,2024-11-22T21:46:45.629245268Z
01JDAXGCJCPE0VYVQ77PKMZSQQ,01JDAW91RVAWDE15G9TQ9RXZQ4,2024-11-22T21:47:32.300841017Z,01JDAW91SHMMAZ5PMS6NNQNRNA,2024-11-22T21:47:32.300841017Z,01JDAX69FMPK7XYCFF8JCK91WX,2024-11-22T21:47:32.300841017Z
01JDAXY3XXTW5H891VNW19SSDH,01JDAXJ8MTD357BJ284YCVQECZ,2024-11-22T21:55:02.205648488Z,01JDAXJ8PR73ZPZYE5KXF66AXZ,2024-11-22T21:55:02.205648488Z,01JDAXHH3RECCRMKM3C8ZR61DW,2024-11-22T21:55:02.205648488Z
01JDAW28T36Z0EJQ8Z9C0FWYMC,01JDAV7DENMXA1Z5WHTTT0F2MF,2024-11-22T21:22:21.123373909Z,01JDAV7DEXDW9TAG8NVGHHDHV6,2024-11-22T21:22:21.123373909Z,01JDAVFPCBA6B92GB65K27XWRG,2024-11-22T21:22:21.123373909Z
01JDAW8GAX8YD39ZKER7D0XC8K,01JDAV7BT8X0ENK4E2JRHCANJT,2024-11-22T21:25:45.437624839Z,01JDAV7BTJ9FST3S5K0Y7AWNSV,2024-11-22T21:25:45.437624839Z,01JDAW2AB9Q1R38YJRC9QS0XER,2024-11-22T21:25:45.437624839Z
01JDAX0B7H303W2DWJ12D7VV94,01JDAW94G80F7SDBT65P4GP5BN,2024-11-22T21:38:46.64187514Z,01JDAW94H0XK8KT66PDDYTMTA6,2024-11-22T21:38:46.64187514Z,01JDAWV8Y45F7WZRBSX6QGYW8E,2024-11-22T21:38:46.64187514Z
01JDAWCSAEZ8YKVZF0WPH5ZR8W,01JDAW9H90NX0NBKQ78WQFK87S,2024-11-22T21:28:05.710685999Z,01JDAW9H9R34V9ZGZCJXT6VP5J,2024-11-22T21:28:05.710685999Z,01JDAVM55S4Q314KJ84JQ8SDWF,2024-11-22T21:28:05.710685999Z
01JDAWJ0116P7N1YDTF9RQ59RA,01JDAW9G227TQ7S6XPYGXQ6VSP,2024-11-22T21:30:56.417819676Z,01JDAW9G2M35MPT2J3D884PD2J,2024-11-22T21:30:56.417819676Z,01JDAVT0AN11B00RVV4GABMSFT,2024-11-22T21:30:56.417819676Z
01JDAXCQ1GMR3YWEHYKVM0YAWM,01JDAW92FM8RVSV5HSE8WB07E6,2024-11-22T21:45:31.952059548Z,01JDAW92GDPJY1C855FFXP1CS2,2024-11-22T21:45:31.952059548Z,01JDAX60V5YHY25BKBG7F2D269,2024-11-22T21:45:31.952059548Z
01JDAWFFQKXE7X93MVZT0ZN814,01JDAW9GPCZARVGSZPJQ1SCPAH,2024-11-22T21:29:34.195785792Z,01JDAW9GQ7KA89AWGC4MHJF0YS,2024-11-22T21:29:34.195785792Z,01JDAW2A6ZRMSM4XVXHQFF6V3D,2024-11-22T21:29:34.195785792Z
01JDAX4W0MQ9EP3CPXSW1EP5NC,01JDAW93VNYC1HD42DG2JGDBTH,2024-11-22T21:41:14.90015919Z,01JDAW93WDPNXS8PQA63313CD1,2024-11-22T21:41:14.90015919Z,01JDAWSZAMV3TMCX2QN071XH78,2024-11-22T21:41:14.90015919Z
01JDAXGCK2MMQ8ZDCNNPFGJ3CN,01JDAW91RVAWDE15G9TQ9RXZQ4,2024-11-22T21:47:32.322977413Z,01JDAW91SHMMAZ5PMS6NNQNRNA,2024-11-22T21:47:32.322977413Z,01JDAX6JQJZTA40SA5WPQNB5DD,2024-11-22T21:47:32.322977413Z
01JDAVM7HJWJC8D3YZHBWWM7V3,01JDAV5VXHJYCN2V0T1M5T8322,2024-11-22T21:14:41.074070979Z,01JDAV5VY93GESTPGN5PE0KCFT,2024-11-22T21:14:41.074070979Z,01JDAVFTC9NG12886JV7EY4MET,2024-11-22T21:14:41.074070979Z
01JDAVNWF1HVRTWM1TM47B2Y49,01JDAV7PDERQ7AK026EVFTCY8H,2024-11-22T21:15:35.265968801Z,01JDAV7PDNDTFN0N27Q2XCPS2P,2024-11-22T21:15:35.265968801Z,01JDAVFENGATZSFHW7EKXJR5S3,2024-11-22T21:15:35.265968801Z
01JDAXX50E90TD62S7Q8MSD4WK,01JDAXJ9GA579XVKVXYHX7PMB5,2024-11-22T21:54:30.54262398Z,01JDAXJ9JWAYJF3NTH7KK3P2CH,2024-11-22T21:54:30.54262398Z,01JDAXMDXYR7TG57MC2EDY87BK,2024-11-22T21:54:30.54262398Z
01JDAWN2M3DV9CAC5ZSY7K8VNM,01JDAW9FAKM409RDFXY2KD5WCW,2024-11-22T21:32:37.379301739Z,01JDAW9FBDT2PBP0647PHSN8N3,2024-11-22T21:32:37.379301739Z,01JDAWCVT3PSGHX9WK17Y05BMN,2024-11-22T21:32:37.379301739Z
01JDAXM4Y5DH23G3GHAEH1SC89,01JDAV78N2XQAMP3T752482BSA,2024-11-22T21:49:35.557289642Z,01JDAV78NE5B28MCGQW2AW6RQW,2024-11-22T21:49:35.557289642Z,01JDAWVFMVB4ATVXWN228ZEB4X,2024-11-22T21:49:35.557289642Z
01JDAW63205ZW4B6JK46BTX1BH,01JDAV7CMRW7XHY88WC9DBQES6,2024-11-22T21:24:26.304958347Z,01JDAV7CN2D9MAQ6ZK8X7YT6AW,2024-11-22T21:24:26.304958347Z,01JDAVTRRRM764W0JV73W6GY1H,2024-11-22T21:24:26.304958347Z
01JDAWN2KKTSQAX81FJGFRE3YX,01JDAW9FAKM409RDFXY2KD5WCW,2024-11-22T21:32:37.363632798Z,01JDAW9FBDT2PBP0647PHSN8N3,2024-11-22T21:32:37.363632798Z,01JDAWC0Q08AX7RYV555YAN7SX,2024-11-22T21:32:37.363632798Z
01JDAXEZ1NX0278F21Q8A9BQPG,01JDAW9368E2ZW8FSYS2HFF813,2024-11-22T21:46:45.685436418Z,01JDAW936YVC34VMNBCD735T14,2024-11-22T21:46:45.685436418Z,01JDAX6A2PKMNAP1Y7TCK6VXXS,2024-11-22T21:46:45.685436418Z
01JDAXM51YWSQ3VXRESR5KCWAR,01JDAV78N2XQAMP3T752482BSA,2024-11-22T21:49:35.678581639Z,01JDAV78NE5B28MCGQW2AW6RQW,2024-11-22T21:49:35.678581639Z,01JDAX8CSVGZVQHNWB38KEQMG0,2024-11-22T21:49:35.678581639Z
01JDAXX4Y5DQ6WZ7MQZZVW5E8G,01JDAXJ9GA579XVKVXYHX7PMB5,2024-11-22T21:54:30.469557757Z,01JDAXJ9JWAYJF3NTH7KK3P2CH,2024-11-22T21:54:30.469557757Z,01JDAXHHASTPV798WTRVJ8T26Z,2024-11-22T21:54:30.469557757Z
01JDAVSGTYW947EKRDSHSK0NK5,01JDAV7K2MG6SSZXXQWX9AWKTB,2024-11-22T21:17:34.430859186Z,01JDAV7K2WMABF7X36GP6WAQTP,2024-11-22T21:17:34.430859186Z,01JDAVFPECVA5VM5G96D9ETQF4,2024-11-22T21:17:34.430859186Z
01JDAVY9G429N6D635T62PPZQY,01JDAV7G8TQTKPZVSCPYST9866,2024-11-22T21:20:10.75621251Z,01JDAV7G93PEQKN7EKG9SYPNXF,2024-11-22T21:20:10.75621251Z,01JDAVSWD7YBJ6885B7SZNNKCG,2024-11-22T21:20:10.75621251Z
01JDAVNWEWVR5TQTJPT5PA2867,01JDAV7PDERQ7AK026EVFTCY8H,2024-11-22T21:15:35.260089189Z,01JDAV7PDNDTFN0N27Q2XCPS2P,2024-11-22T21:15:35.260089189Z,01JDAVAPW9KTBVE58ZJK1W1SSH,2024-11-22T21:15:35.260089189Z
01JDAX4VZ8S40DAW4MF0KHARP3,01JDAW93VNYC1HD42DG2JGDBTH,2024-11-22T21:41:14.856924637Z,01JDAW93WDPNXS8PQA63313CD1,2024-11-22T21:41:14.856924637Z,01JDAWRD8GWWD49NQJ0JF72MCN,2024-11-22T21:41:14.856924637Z
01JDAVY9FN76HBZ6JNFVWR3FFE,01JDAV7G8TQTKPZVSCPYST9866,2024-11-22T21:20:10.741968794Z,01JDAV7G93PEQKN7EKG9SYPNXF,2024-11-22T21:20:10.741968794Z,01JDAVGWXWKG2BT3YJV2SXSRT1,2024-11-22T21:20:10.741968794Z
01JDAW28TFKXE050T6RA572BVK,01JDAV7DENMXA1Z5WHTTT0F2MF,2024-11-22T21:22:21.135413004Z,01JDAV7DEXDW9TAG8NVGHHDHV6,2024-11-22T21:22:21.135413004Z,01JDAVRT0KCCPZW0DC10YMT1RE,2024-11-22T21:22:21.135413004Z
01JDAWNPACZKJJ13QB9FCVVP2B,01JDAW96KWSR5R3AY2AYYD7GPH,2024-11-22T21:32:57.548798056Z,01JDAW96MVCT4KSAYSSRCMYG4J,2024-11-22T21:32:57.548798056Z,01JDAW2XZHZ35YBQFKDX8EJK1Y,2024-11-22T21:32:57.548798056Z
01JDAXR3DGJYJPP9ABMDH2M0GA,01JDAXJ5WMH8K5GGX49MEE4HGS,2024-11-22T21:51:45.072896943Z,01JDAXJ5YX38PV4J82MHVAQKN8,2024-11-22T21:51:45.072896943Z,01JDAX7P7NY1M0Y34BS2NSGYPV,2024-11-22T21:51:45.072896943Z
01JDAXSZ69Q78JHW4CT6XVAFP1,01JDAXJA6182QATS2H3XGWVF35,2024-11-22T21:52:46.28136392Z,01JDAXJA8JZDPK7XRRAASDQY91,2024-11-22T21:52:46.28136392Z,01JDAXHWKTACA340YGA71VQFYJ,2024-11-22T21:52:46.28136392Z
01JDAVM7GZPTMYF8DV59PG49T7,01JDAV5VXHJYCN2V0T1M5T8322,2024-11-22T21:14:41.05596627Z,01JDAV5VY93GESTPGN5PE0KCFT,2024-11-22T21:14:41.05596627Z,01JDAV8SGD4XKH5WN3WQA67RZ0,2024-11-22T21:14:41.05596627Z
01JDAVM7HAX4XGF9NFXDWEK9KT,01JDAV5VXHJYCN2V0T1M5T8322,2024-11-22T21:14:41.06698996Z,01JDAV5VY93GESTPGN5PE0KCFT,2024-11-22T21:14:41.06698996Z,01JDAVA57RVYZH1CGPF8J6KYAD,2024-11-22T21:14:41.06698996Z
01JDAVR4TRFWDTZRM82B28SWN4,01JDAV7NMPR3GW91C3EE80J0N9,2024-11-22T21:16:49.368444197Z,01JDAV7NMYZNX2JP8M9R6XSR3R,2024-11-22T21:16:49.368444197Z,01JDAVBT85YVFQ0FY0D6N9SPFN,2024-11-22T21:16:49.368444197Z
01JDAXEZ0RJGTNCX89KE9W0C4P,01JDAW9368E2ZW8FSYS2HFF813,2024-11-22T21:46:45.656378631Z,01JDAW936YVC34VMNBCD735T14,2024-11-22T21:46:45.656378631Z,01JDAWSEA5VN1CFH55EVDWBH8T,2024-11-22T21:46:45.656378631Z
