id,avatar,avatarLastChangedAt,emojiArray,emojiArrayLastChangedAt,ended,endedLastChangedAt,exitStep,exitStepLastChangedAt,exitSurvey,exitSurveyLastChangedAt,gameID,gameIDLastChangedAt,intro,introLastChangedAt,introDone,introDoneLastChangedAt,name,nameLastChangedAt,participantID,participantIDLastChangedAt,participantIdentifier,participantIdentifierLastChangedAt,recipient,recipientLastChangedAt,treatment,treatmentLastChangedAt,treatmentName,treatmentNameLastChangedAt,urlParams,urlParamsLastChangedAt
01JH75DW3ZJ5E668V223Z0PGVT,https://api.dicebear.com/9.x/personas/svg?seed=01JH75DW3ZJ5E668V223Z0PGVT,2025-01-10T03:56:29.18889134Z,"[""                                   "",""🐇"",""🐿️"",""🐇"",""🐇"",""🐇"",""🐇"",""🐇"",""🐇"",""🐇"",""🐇"",""🐇"",""🐇"",""🐇"",""🐇""]",2025-01-10T03:56:29.18889134Z,game ended,2025-01-10T04:04:16.870023911Z,1,2025-01-10T04:04:19.59625575Z,"{""usedCalculator"":""no""}",2025-01-10T04:04:19.595324302Z,01JH75A3P0SBG6XHS5GZ1JSBAC,2025-01-10T03:51:48.1032778Z,4,2025-01-10T03:55:28.017635561Z,true,2025-01-10T03:55:47.408708235Z,player 2,2025-01-10T03:56:29.18889134Z,01JH75DVVGRYV68XJ1C18Y51Z2,2025-01-10T03:51:48.095399146Z,66b8e6c34b36b4dcfcb60276,2025-01-10T03:51:48.095399146Z,01JH75DFD941H576079Q3ZYJ1W,2025-01-10T04:03:16.744883946Z,"{""condition"":""interactive"",""opinion"":""slider"",""playerCount"":4,""sliderDirection"":""SquirrelsRabbits""}",2025-01-10T03:51:48.1032778Z,SR_interactive,2025-01-10T03:51:48.1032778Z,{},2025-01-10T03:51:48.23551455Z
01JH75V3MAVW1WC2507AD1W0FP,https://api.dicebear.com/9.x/personas/svg?seed=01JH75V3MAVW1WC2507AD1W0FP,2025-01-10T04:04:12.544958843Z,"[""                                   "",""🐇""]",2025-01-10T04:04:12.544958843Z,game terminated,2025-01-10T04:06:22.195196844Z,,,,,01JH75BY8576J4V1FNAHN7872E,2025-01-10T03:59:01.776871412Z,4,2025-01-10T04:02:16.26685577Z,true,2025-01-10T04:02:47.437032771Z,player 2,2025-01-10T04:04:12.544958843Z,01JH75V3CH4AJJHVWRW6NN3ZAT,2025-01-10T03:59:01.770766476Z,676f67a30497055e88049df5,2025-01-10T03:59:01.770766476Z,01JH75S8A0JTD1PJNHB20M96PY,2025-01-10T04:06:10.625735284Z,"{""condition"":""slider"",""opinion"":""slider"",""playerCount"":4,""sliderDirection"":""RabbitsSquirrels""}",2025-01-10T03:59:01.776871412Z,RS_slider,2025-01-10T03:59:01.776871412Z,{},2025-01-10T03:59:01.928430494Z
01JH75WH3S83G01F05EDRP6BET,https://api.dicebear.com/9.x/personas/svg?seed=01JH75WH3S83G01F05EDRP6BET,2025-01-10T04:08:04.40800105Z,"[""🐇"",""🐇"",""🐿️"",""🐇"",""🐇"",""🐇"",""🐇"",""🐇"",""🐇"",""🐇"",""🐇"",""                                   "",""🐇"",""🐇"",""🐇"",""🐇"",""🐇"",""🐇"",""🐇"",""🐇"",""🐿️"",""🐇"",""🐿️"",""🐇"",""🐇"",""🐇"",""🐇"",""🐿️"",""🐿️"",""🐿️""]",2025-01-10T04:08:04.40800105Z,game ended,2025-01-10T04:12:12.882516449Z,1,2025-01-10T04:12:19.19791528Z,"{""usedCalculator"":""no""}",2025-01-10T04:12:19.188792084Z,01JH75BWCKNAQ7HTNSDVBFT7HM,2025-01-10T04:06:21.068950996Z,4,2025-01-10T04:07:59.341742722Z,true,2025-01-10T04:08:04.341895118Z,player 1,2025-01-10T04:08:04.40800105Z,01JH75WF2Z1EHDJQ3CT3Z9X98T,2025-01-10T03:59:48.345292649Z,677528db4b333b9a50de7264,2025-01-10T03:59:48.345292649Z,01JH764Q1V79W1BY6XYS4QGRFT,2025-01-10T04:11:52.267923291Z,"{""condition"":""slider"",""opinion"":""slider"",""playerCount"":4,""sliderDirection"":""RabbitsSquirrels""}",2025-01-10T03:59:48.353242601Z,RS_slider,2025-01-10T03:59:48.353242601Z,{},2025-01-10T03:59:48.762576346Z
01JH76NGA0D9TQDA9V1XTQ7A3J,,,,,game terminated,2025-01-10T04:21:54.012809709Z,,,,,01JH76BS4KMQAWFWCPHM232EMW,2025-01-10T04:18:09.478978422Z,2,2025-01-10T04:18:54.062715548Z,,,,,01JH76NEJ2ZCY1PSR57FB70036,2025-01-10T04:13:26.720615774Z,JC2025,2025-01-10T04:13:26.720615774Z,,,"{""condition"":""slider"",""opinion"":""slider"",""playerCount"":4,""sliderDirection"":""SquirrelsRabbits""}",2025-01-10T04:13:26.727442197Z,SR_slider,2025-01-10T04:13:26.727442197Z,{},2025-01-10T04:13:27.089391524Z
01JH77D26KYCP2MEZ9QYWZPD1H,,,,,game failed,2025-01-10T04:30:35.39267599Z,,,,,01JH7753VMSVMXWXA0VP56SP33,2025-01-10T04:26:18.715970753Z,3,2025-01-10T04:30:32.04433212Z,,,,,01JH77D1Y5G0DJ4SX4S5NP81GV,2025-01-10T04:26:18.707985473Z,6743b70c35a4475bd749dc72,2025-01-10T04:26:18.707985473Z,,,"{""condition"":""slider"",""opinion"":""slider"",""playerCount"":4,""sliderDirection"":""SquirrelsRabbits""}",2025-01-10T04:26:18.715970753Z,SR_slider,2025-01-10T04:26:18.715970753Z,{},2025-01-10T04:26:18.855403796Z
01JH75ENAEK6RFJJDJWN4TQTEZ,https://api.dicebear.com/9.x/personas/svg?seed=01JH75ENAEK6RFJJDJWN4TQTEZ,2025-01-10T03:56:29.18889134Z,"[""🐿️"",""                                   ""]",2025-01-10T03:56:29.18889134Z,game ended,2025-01-10T04:04:16.870023911Z,1,2025-01-10T04:04:19.986230496Z,"{""usedCalculator"":""no""}",2025-01-10T04:04:19.985228043Z,01JH75A3P0SBG6XHS5GZ1JSBAC,2025-01-10T03:52:13.90798002Z,4,2025-01-10T03:55:59.213380131Z,true,2025-01-10T03:56:29.14115635Z,player 3,2025-01-10T03:56:29.18889134Z,01JH75EMFRYTP7S6XYCAVRMFD9,2025-01-10T03:52:13.9023759Z,57b4face0fc08b00019fe2fe,2025-01-10T03:52:13.9023759Z,01JH75DW3ZJ5E668V223Z0PGVT,2025-01-10T04:03:16.744883946Z,"{""condition"":""interactive"",""opinion"":""slider"",""playerCount"":4,""sliderDirection"":""SquirrelsRabbits""}",2025-01-10T03:52:13.90798002Z,SR_interactive,2025-01-10T03:52:13.90798002Z,{},2025-01-10T03:52:14.290032252Z
01JH769315QJH8JY5946V080W8,https://api.dicebear.com/9.x/personas/svg?seed=01JH769315QJH8JY5946V080W8,2025-01-10T04:10:35.272471053Z,"[""🐇"",""🐇"",""🐇"",""🐿️"",""🐿️"",""🐇"",""🐇"",""🐇"",""🐇"",""🐿️"",""🐿️"",""🐇"",""🐇"",""🐿️"",""🐇"",""🐇"",""🐿️"",""🐇"",""🐇"",""🐇"",""🐇"",""🐇"",""🐇"",""🐇"",""🐿️"",""🐇"",""🐇"",""🐇"",""                                   ""]",2025-01-10T04:10:35.272471053Z,game ended,2025-01-10T04:14:14.368008427Z,1,2025-01-10T04:14:21.161024273Z,"{""usedCalculator"":""no""}",2025-01-10T04:14:21.16221133Z,01JH75BRC5R3PWVJ5JM81G72R4,2025-01-10T04:06:39.918574248Z,4,2025-01-10T04:09:05.721684262Z,true,2025-01-10T04:09:16.091480192Z,player 2,2025-01-10T04:10:35.272471053Z,01JH7692F32VYJB60GFT148XK9,2025-01-10T04:06:39.909737147Z,5e880e876d76504853b89be8,2025-01-10T04:06:39.909737147Z,01JH760MM9ZH1PD2FXD4W300HF,2025-01-10T04:13:53.751501237Z,"{""condition"":""slider"",""opinion"":""slider"",""playerCount"":4,""sliderDirection"":""RabbitsSquirrels""}",2025-01-10T04:06:39.918574248Z,RS_slider,2025-01-10T04:06:39.918574248Z,{},2025-01-10T04:06:40.25161481Z
01JH7698M7G6MH42XEE2RFAWRM,https://api.dicebear.com/9.x/personas/svg?seed=01JH7698M7G6MH42XEE2RFAWRM,2025-01-10T04:10:35.272471053Z,"[""                                   "",""🐇""]",2025-01-10T04:10:35.272471053Z,game ended,2025-01-10T04:14:14.368008427Z,1,2025-01-10T04:14:17.339684311Z,"{""usedCalculator"":""no""}",2025-01-10T04:14:17.341418577Z,01JH75BRC5R3PWVJ5JM81G72R4,2025-01-10T04:06:45.64541826Z,4,2025-01-10T04:09:42.674894193Z,true,2025-01-10T04:09:49.362084594Z,player 3,2025-01-10T04:10:35.272471053Z,01JH7698A69YEK5RXGTHJP012C,2025-01-10T04:06:45.639826062Z,663ea705b761e95caebf67eb,2025-01-10T04:06:45.639826062Z,01JH769315QJH8JY5946V080W8,2025-01-10T04:13:53.751501237Z,"{""condition"":""slider"",""opinion"":""slider"",""playerCount"":4,""sliderDirection"":""RabbitsSquirrels""}",2025-01-10T04:06:45.64541826Z,RS_slider,2025-01-10T04:06:45.64541826Z,{},2025-01-10T04:06:45.805167498Z
01JH76NTCP62BBFHG2YAXT3CJW,https://api.dicebear.com/9.x/personas/svg?seed=01JH76NTCP62BBFHG2YAXT3CJW,2025-01-10T04:17:29.344106334Z,"[""🐇"",""                                   ""]",2025-01-10T04:17:29.344106334Z,game ended,2025-01-10T04:20:24.062778723Z,1,2025-01-10T04:20:27.766908247Z,"{""usedCalculator"":""no""}",2025-01-10T04:20:27.765414592Z,01JH76C04MG6K5TW7WF4DF378H,2025-01-10T04:13:37.053642501Z,4,2025-01-10T04:17:21.239710796Z,true,2025-01-10T04:17:29.262498941Z,player 4,2025-01-10T04:17:29.344106334Z,01JH76NT6P8Z2TGRKNGKD25SYY,2025-01-10T04:13:37.046494119Z,5c2ac97389f0350001754104,2025-01-10T04:13:37.046494119Z,01JH76N2Y9BNP76C06EZ84MNE9,2025-01-10T04:20:13.131957096Z,"{""condition"":""slider"",""opinion"":""slider"",""playerCount"":4,""sliderDirection"":""SquirrelsRabbits""}",2025-01-10T04:13:37.053642501Z,SR_slider,2025-01-10T04:13:37.053642501Z,{},2025-01-10T04:13:37.146287795Z
01JH75CHP9SSPAQN51WJDA6PJ2,,,,,game terminated,2025-01-10T03:59:42.103589262Z,,,,,01JH75W4QDMEQPYK3ZYVN8K9KX,2025-01-10T03:59:40.118065909Z,1,2025-01-10T03:51:12.120264408Z,,,,,01JH75CHAH9XE93Z7WRY3M6B26,2025-01-10T03:51:04.649565812Z,64fd598709a16020886bf792,2025-01-10T03:51:04.649565812Z,,,"{""condition"":""interactive"",""opinion"":""slider"",""playerCount"":4,""sliderDirection"":""SquirrelsRabbits""}",2025-01-10T03:51:04.656315198Z,SR_interactive,2025-01-10T03:51:04.656315198Z,{},2025-01-10T03:51:04.828951654Z
01JH75EXWPH9WNXEJNEVN9Z23V,,,,,game terminated,2025-01-10T03:59:42.103589262Z,,,,,01JH75W4QDMEQPYK3ZYVN8K9KX,2025-01-10T03:59:40.118065909Z,2,2025-01-10T03:54:33.671555977Z,,,,,01JH75EXMHBDYBKJ0VZ1KTRRRD,2025-01-10T03:52:22.678298386Z,667ebe802ca0f769e17c5426,2025-01-10T03:52:22.678298386Z,,,"{""condition"":""interactive"",""opinion"":""slider"",""playerCount"":4,""sliderDirection"":""SquirrelsRabbits""}",2025-01-10T03:52:22.685814538Z,SR_interactive,2025-01-10T03:52:22.685814538Z,{},2025-01-10T03:52:22.811443146Z
01JH75FBSKVQRJT4FXQDTW3S35,,,,,game terminated,2025-01-10T03:59:42.103589262Z,,,,,01JH75W4QDMEQPYK3ZYVN8K9KX,2025-01-10T03:59:40.118065909Z,3,2025-01-10T03:54:54.770038949Z,,,,,01JH75FBDST2HJNJKWWXY2WRE2,2025-01-10T03:52:36.915619439Z,5c7307403065320001bdf00f,2025-01-10T03:52:36.915619439Z,,,"{""condition"":""interactive"",""opinion"":""slider"",""playerCount"":4,""sliderDirection"":""SquirrelsRabbits""}",2025-01-10T03:52:36.922686283Z,SR_interactive,2025-01-10T03:52:36.922686283Z,{},2025-01-10T03:52:37.17391954Z
01JH76019CF0FGMBTS9MNSPRF9,,,,,game terminated,2025-01-10T04:10:39.332701991Z,,,,,01JH76E2C68J5S9RYPAY8B0738,2025-01-10T04:10:35.224005248Z,2,2025-01-10T04:02:39.517939256Z,,,,,01JH7600WF73CE7JJNBW4MP8PP,2025-01-10T04:01:43.212661889Z,65f6717e5a0fd1f1dad5e459,2025-01-10T04:01:43.212661889Z,,,"{""condition"":""slider"",""opinion"":""slider"",""playerCount"":4,""sliderDirection"":""RabbitsSquirrels""}",2025-01-10T04:01:43.218708746Z,RS_slider,2025-01-10T04:01:43.218708746Z,{},2025-01-10T04:01:43.410119745Z
01JH764Q1V79W1BY6XYS4QGRFT,https://api.dicebear.com/9.x/personas/svg?seed=01JH764Q1V79W1BY6XYS4QGRFT,2025-01-10T04:08:04.40800105Z,"[""🐇"",""                                   ""]",2025-01-10T04:08:04.40800105Z,game ended,2025-01-10T04:12:12.882516449Z,1,2025-01-10T04:12:17.219433057Z,"{""usedCalculator"":""no""}",2025-01-10T04:12:17.218469848Z,01JH75BWCKNAQ7HTNSDVBFT7HM,2025-01-10T04:06:21.068950996Z,4,2025-01-10T04:06:38.928109238Z,true,2025-01-10T04:06:54.42898166Z,player 4,2025-01-10T04:08:04.40800105Z,01JH764P9SM4H7KZJ2CA2ZNJDV,2025-01-10T04:04:16.571827108Z,67589b7ade5c64d5df82e7dc,2025-01-10T04:04:16.571827108Z,01JH764CYEP5C0R0KC6C89N35J,2025-01-10T04:11:52.267923291Z,"{""condition"":""slider"",""opinion"":""slider"",""playerCount"":4,""sliderDirection"":""RabbitsSquirrels""}",2025-01-10T04:04:16.577676603Z,RS_slider,2025-01-10T04:04:16.577676603Z,{},2025-01-10T04:04:16.80526012Z
01JH75SPVP8TXHEZH6TZCD7TFB,https://api.dicebear.com/9.x/personas/svg?seed=01JH75SPVP8TXHEZH6TZCD7TFB,2025-01-10T04:06:21.109278627Z,"[""🐇"",""🐇"",""🐿️"",""                                   "",""🐿️"",""🐇"",""🐇"",""🐿️"",""🐿️"",""🐇"",""🐿️"",""🐇"",""🐇""]",2025-01-10T04:06:21.109278627Z,game ended,2025-01-10T04:10:41.093672611Z,1,2025-01-10T04:10:45.224521883Z,"{""usedCalculator"":""no""}",2025-01-10T04:10:45.219866417Z,01JH75BXGW3M8E8TARDVNEGQGH,2025-01-10T04:04:12.485017703Z,4,2025-01-10T04:02:29.509925602Z,true,2025-01-10T04:06:15.721960878Z,player 1,2025-01-10T04:06:21.109278627Z,01JH75SPJMQK6648QQ4Q5J5CG6,2025-01-10T03:58:15.926678542Z,64ec1d84372b0dbb94589054,2025-01-10T03:58:15.926678542Z,01JH760HEA2Y27PE47758W3GJG,2025-01-10T04:10:20.293867918Z,"{""condition"":""slider"",""opinion"":""slider"",""playerCount"":4,""sliderDirection"":""RabbitsSquirrels""}",2025-01-10T03:58:15.933169846Z,RS_slider,2025-01-10T03:58:15.933169846Z,{},2025-01-10T03:58:16.071390238Z
01JH76PWG7RQM62KP130WM8RK5,https://api.dicebear.com/9.x/personas/svg?seed=01JH76PWG7RQM62KP130WM8RK5,2025-01-10T04:18:09.534279411Z,"[""🐇"",""🐿️"",""🐇"",""🐇"",""                                   "",""🐇"",""🐿️""]",2025-01-10T04:18:09.534279411Z,game ended,2025-01-10T04:22:40.42308489Z,1,2025-01-10T04:22:53.325576533Z,"{""usedCalculator"":""yes""}",2025-01-10T04:22:53.327980187Z,01JH76BZKDW3FD9PW2N1Q55PDN,2025-01-10T04:17:29.287628097Z,4,2025-01-10T04:18:00.543794873Z,true,2025-01-10T04:18:09.463948281Z,player 4,2025-01-10T04:18:09.534279411Z,01JH76PW819XT2D1M0KJ6AZ8R4,2025-01-10T04:14:11.975492428Z,62a9513ae9305607fd5af01a,2025-01-10T04:14:11.975492428Z,01JH76P44C95BABZEAY2A9TEQQ,2025-01-10T04:22:10.349591627Z,"{""condition"":""slider"",""opinion"":""slider"",""playerCount"":4,""sliderDirection"":""SquirrelsRabbits""}",2025-01-10T04:14:11.983538429Z,SR_slider,2025-01-10T04:14:11.983538429Z,{},2025-01-10T04:14:12.243707911Z
01JH76JDM92XQ7F36WZQEW0WPV,https://api.dicebear.com/9.x/personas/svg?seed=01JH76JDM92XQ7F36WZQEW0WPV,2025-01-10T04:18:09.534279411Z,"[""🐇"",""🐇"",""🐿️"",""🐿️"",""🐇"",""🐇"",""🐇"",""🐿️"",""🐇"",""🐿️"",""🐇"",""                                   "",""🐿️""]",2025-01-10T04:18:09.534279411Z,game ended,2025-01-10T04:22:40.42308489Z,1,2025-01-10T04:22:44.215669735Z,"{""usedCalculator"":""no""}",2025-01-10T04:22:44.217173161Z,01JH76BZKDW3FD9PW2N1Q55PDN,2025-01-10T04:17:29.287628097Z,4,2025-01-10T04:17:49.086596868Z,true,2025-01-10T04:17:54.931801489Z,player 1,2025-01-10T04:18:09.534279411Z,01JH76JDCJ9QT1J702XV7Q5AH1,2025-01-10T04:11:45.673106505Z,62f9c9926b5d15714845f331,2025-01-10T04:11:45.673106505Z,01JH76PWG7RQM62KP130WM8RK5,2025-01-10T04:22:10.349591627Z,"{""condition"":""slider"",""opinion"":""slider"",""playerCount"":4,""sliderDirection"":""SquirrelsRabbits""}",2025-01-10T04:11:45.679671938Z,SR_slider,2025-01-10T04:11:45.679671938Z,{},2025-01-10T04:11:45.802437504Z
01JH76N1XW5J4XR8M8CKQGBST4,,,,,game terminated,2025-01-10T04:21:54.012809709Z,,,,,01JH76BS4KMQAWFWCPHM232EMW,2025-01-10T04:18:09.478978422Z,2,2025-01-10T04:14:09.774312827Z,,,,,01JH76N1GC418AR274S5CQMYSK,2025-01-10T04:13:11.996635772Z,66848c71b12a3f302198fe9a,2025-01-10T04:13:11.996635772Z,,,"{""condition"":""slider"",""opinion"":""slider"",""playerCount"":4,""sliderDirection"":""SquirrelsRabbits""}",2025-01-10T04:13:12.003090991Z,SR_slider,2025-01-10T04:13:12.003090991Z,{},2025-01-10T04:13:12.214266243Z
01JH75TGBANQ58349A1BY8N8WX,,,,,game terminated,2025-01-10T04:10:39.332701991Z,,,,,01JH76E2C68J5S9RYPAY8B0738,2025-01-10T04:10:35.224005248Z,2,2025-01-10T03:59:48.124194072Z,,,,,01JH75TG8F7EG9YV98G9587R3S,2025-01-10T03:58:42.026737265Z,6751186eec1d2c10f0335079,2025-01-10T03:58:42.026737265Z,,,"{""condition"":""slider"",""opinion"":""slider"",""playerCount"":4,""sliderDirection"":""RabbitsSquirrels""}",2025-01-10T03:58:42.037290676Z,RS_slider,2025-01-10T03:58:42.037290676Z,{},2025-01-10T03:58:42.088675443Z
01JH75V8KV21SWH957YPQ0C84Z,,,,,game terminated,2025-01-10T04:10:39.332701991Z,,,,,01JH76E2C68J5S9RYPAY8B0738,2025-01-10T04:10:35.224005248Z,3,2025-01-10T04:02:43.39591757Z,,,,,01JH75V87VG0A387AJXTNTNBA1,2025-01-10T03:59:06.875462958Z,5f9c99dc06f5f916e9547c10,2025-01-10T03:59:06.875462958Z,,,"{""condition"":""slider"",""opinion"":""slider"",""playerCount"":4,""sliderDirection"":""RabbitsSquirrels""}",2025-01-10T03:59:06.882029347Z,RS_slider,2025-01-10T03:59:06.882029347Z,{},2025-01-10T03:59:07.062927694Z
01JH77BVXY5CX4HJHEPRS5JXNF,,,,,game failed,2025-01-10T04:30:35.39267599Z,,,,,01JH7753VMSVMXWXA0VP56SP33,2025-01-10T04:25:39.526287155Z,3,2025-01-10T04:29:41.565703726Z,,,,,01JH77BVPG60RM80G7GXP8GVXN,2025-01-10T04:25:39.518648971Z,66ccd31de909134de5db33e0,2025-01-10T04:25:39.518648971Z,,,"{""condition"":""slider"",""opinion"":""slider"",""playerCount"":4,""sliderDirection"":""SquirrelsRabbits""}",2025-01-10T04:25:39.526287155Z,SR_slider,2025-01-10T04:25:39.526287155Z,{},2025-01-10T04:25:39.646299919Z
01JH75DFD941H576079Q3ZYJ1W,https://api.dicebear.com/9.x/personas/svg?seed=01JH75DFD941H576079Q3ZYJ1W,2025-01-10T03:56:29.18889134Z,"[""🐇"",""                                   "",""🐇""]",2025-01-10T03:56:29.18889134Z,game ended,2025-01-10T04:04:16.870023911Z,1,2025-01-10T04:04:19.876479062Z,"{""usedCalculator"":""no""}",2025-01-10T04:04:19.875935711Z,01JH75A3P0SBG6XHS5GZ1JSBAC,2025-01-10T03:51:35.089267204Z,4,2025-01-10T03:54:33.09978318Z,true,2025-01-10T03:54:40.053436897Z,player 1,2025-01-10T03:56:29.18889134Z,01JH75DF9C37EFR7Y2BJCHWYQW,2025-01-10T03:51:35.081493731Z,614e1361a83dc99f1c5681b4,2025-01-10T03:51:35.081493731Z,01JH75F7G8PGD45T43SZ6M6BH6,2025-01-10T04:03:16.744883946Z,"{""condition"":""interactive"",""opinion"":""slider"",""playerCount"":4,""sliderDirection"":""SquirrelsRabbits""}",2025-01-10T03:51:35.089267204Z,SR_interactive,2025-01-10T03:51:35.089267204Z,{},2025-01-10T03:51:35.143496262Z
01JH75S945XET648A6YSPRYA5E,,,,,game terminated,2025-01-10T04:10:39.332701991Z,,,,,01JH76E2C68J5S9RYPAY8B0738,2025-01-10T04:10:35.224005248Z,1,2025-01-10T03:58:07.431232191Z,,,,,01JH75S8R8WDSVWGFDW01K534T,2025-01-10T03:58:01.861393571Z,6571d671bd27124fc516adba,2025-01-10T03:58:01.861393571Z,,,"{""condition"":""slider"",""opinion"":""slider"",""playerCount"":4,""sliderDirection"":""RabbitsSquirrels""}",2025-01-10T03:58:01.867633242Z,RS_slider,2025-01-10T03:58:01.867633242Z,{},2025-01-10T03:58:02.014139364Z
01JH760MM9ZH1PD2FXD4W300HF,https://api.dicebear.com/9.x/personas/svg?seed=01JH760MM9ZH1PD2FXD4W300HF,2025-01-10T04:10:35.272471053Z,"[""🐿️"",""                                   "",""🐇"",""🐇""]",2025-01-10T04:10:35.272471053Z,game ended,2025-01-10T04:14:14.368008427Z,1,2025-01-10T04:14:20.216088917Z,"{""usedCalculator"":""no""}",2025-01-10T04:14:20.214182443Z,01JH75BRC5R3PWVJ5JM81G72R4,2025-01-10T04:08:04.359767104Z,4,2025-01-10T04:08:36.87319771Z,true,2025-01-10T04:08:53.983266243Z,player 1,2025-01-10T04:10:35.272471053Z,01JH760MDR5RJ6DKNY065V8E84,2025-01-10T04:02:03.01726988Z,66b7afad25ce059b6de73312,2025-01-10T04:02:03.01726988Z,01JH769MC34R0MQRAATVH2NZE6,2025-01-10T04:13:53.751501237Z,"{""condition"":""slider"",""opinion"":""slider"",""playerCount"":4,""sliderDirection"":""RabbitsSquirrels""}",2025-01-10T04:02:03.023084516Z,RS_slider,2025-01-10T04:02:03.023084516Z,{},2025-01-10T04:02:03.127470658Z
01JH764CYEP5C0R0KC6C89N35J,https://api.dicebear.com/9.x/personas/svg?seed=01JH764CYEP5C0R0KC6C89N35J,2025-01-10T04:08:04.40800105Z,"[""🐇"",""🐇"",""🐇"",""🐿️"",""🐿️"",""                                   "",""🐇"",""🐇"",""🐿️""]",2025-01-10T04:08:04.40800105Z,game ended,2025-01-10T04:12:12.882516449Z,1,2025-01-10T04:12:17.03314864Z,"{""usedCalculator"":""no""}",2025-01-10T04:12:17.028868574Z,01JH75BWCKNAQ7HTNSDVBFT7HM,2025-01-10T04:06:21.068950996Z,4,2025-01-10T04:07:10.013076615Z,true,2025-01-10T04:07:27.523631184Z,player 3,2025-01-10T04:08:04.40800105Z,01JH764CGDBABS0AK9FSAQRB01,2025-01-10T04:04:06.222961835Z,606609111ba10f35596db018,2025-01-10T04:04:06.222961835Z,01JH762Q8137938TSY46VAKHAA,2025-01-10T04:11:52.267923291Z,"{""condition"":""slider"",""opinion"":""slider"",""playerCount"":4,""sliderDirection"":""RabbitsSquirrels""}",2025-01-10T04:04:06.229771322Z,RS_slider,2025-01-10T04:04:06.229771322Z,{},2025-01-10T04:04:06.593433619Z
01JH769MC34R0MQRAATVH2NZE6,https://api.dicebear.com/9.x/personas/svg?seed=01JH769MC34R0MQRAATVH2NZE6,2025-01-10T04:10:35.272471053Z,"[""                                   "",""🐇"",""🐿️"",""🐇""]",2025-01-10T04:10:35.272471053Z,game ended,2025-01-10T04:14:14.368008427Z,1,2025-01-10T04:14:17.57088326Z,"{""usedCalculator"":""no""}",2025-01-10T04:14:17.578275261Z,01JH75BRC5R3PWVJ5JM81G72R4,2025-01-10T04:06:57.674727085Z,4,2025-01-10T04:10:28.563996917Z,true,2025-01-10T04:10:35.201239793Z,player 4,2025-01-10T04:10:35.272471053Z,01JH769M21XPRZCPDP1S3KWN5J,2025-01-10T04:06:57.667527303Z,676cda38d41e0a0ffae1fa4a,2025-01-10T04:06:57.667527303Z,01JH7698M7G6MH42XEE2RFAWRM,2025-01-10T04:13:53.751501237Z,"{""condition"":""slider"",""opinion"":""slider"",""playerCount"":4,""sliderDirection"":""RabbitsSquirrels""}",2025-01-10T04:06:57.674727085Z,RS_slider,2025-01-10T04:06:57.674727085Z,{},2025-01-10T04:06:57.83771425Z
01JH76BTWD3343CM80Q7D9TR07,,,,,game terminated,2025-01-10T04:10:39.332701991Z,,,,,01JH76E2C68J5S9RYPAY8B0738,2025-01-10T04:10:35.224005248Z,1,2025-01-10T04:08:21.810932855Z,,,,,01JH76BR9ARS6TNG41185K8R8A,2025-01-10T04:08:09.869091664Z,67717f8c99e3bc54f28f79ae,2025-01-10T04:08:09.869091664Z,,,"{""condition"":""slider"",""opinion"":""slider"",""playerCount"":4,""sliderDirection"":""RabbitsSquirrels""}",2025-01-10T04:08:09.874745928Z,RS_slider,2025-01-10T04:08:09.874745928Z,{},2025-01-10T04:08:10.605282384Z
01JH76MMNG83DQMZXZBXESRVB0,,,,,game terminated,2025-01-10T04:21:54.012809709Z,,,,,01JH76BS4KMQAWFWCPHM232EMW,2025-01-10T04:18:09.478978422Z,3,2025-01-10T04:15:20.365736126Z,,,,,01JH76MMJ356C5223ZT7YB4HDR,2025-01-10T04:12:58.416284638Z,652e82fcd5439e9978df3ee2,2025-01-10T04:12:58.416284638Z,,,"{""condition"":""slider"",""opinion"":""slider"",""playerCount"":4,""sliderDirection"":""SquirrelsRabbits""}",2025-01-10T04:12:58.424432395Z,SR_slider,2025-01-10T04:12:58.424432395Z,{},2025-01-10T04:12:58.475494273Z
01JH77900E7YH0VWWR1SKF16NA,,,,,game failed,2025-01-10T04:30:35.39267599Z,,,,,01JH7753VMSVMXWXA0VP56SP33,2025-01-10T04:24:05.402803675Z,4,2025-01-10T04:25:33.604997533Z,true,2025-01-10T04:25:35.37467379Z,,,01JH778ZPKNJYZVT3HEP1BS6HP,2025-01-10T04:24:05.390591001Z,61157c07de691d20146a10e7,2025-01-10T04:24:05.390591001Z,,,"{""condition"":""slider"",""opinion"":""slider"",""playerCount"":4,""sliderDirection"":""SquirrelsRabbits""}",2025-01-10T04:24:05.402803675Z,SR_slider,2025-01-10T04:24:05.402803675Z,{},2025-01-10T04:24:05.500868652Z
01JH75F7G8PGD45T43SZ6M6BH6,https://api.dicebear.com/9.x/personas/svg?seed=01JH75F7G8PGD45T43SZ6M6BH6,2025-01-10T03:56:29.18889134Z,"[""🐿️"",""🐿️"",""                                   "",""🐿️""]",2025-01-10T03:56:29.18889134Z,game ended,2025-01-10T04:04:16.870023911Z,1,2025-01-10T04:04:19.441415455Z,"{""usedCalculator"":""no""}",2025-01-10T04:04:19.442511677Z,01JH75A3P0SBG6XHS5GZ1JSBAC,2025-01-10T03:52:32.52875531Z,4,2025-01-10T03:54:54.629406115Z,true,2025-01-10T03:54:57.427205124Z,player 4,2025-01-10T03:56:29.18889134Z,01JH75F7D8RWWWZFM1AXK6Q895,2025-01-10T03:52:32.520560498Z,5e7072e5fb136c63e94f3fa4,2025-01-10T03:52:32.520560498Z,01JH75ENAEK6RFJJDJWN4TQTEZ,2025-01-10T04:03:16.744883946Z,"{""condition"":""interactive"",""opinion"":""slider"",""playerCount"":4,""sliderDirection"":""SquirrelsRabbits""}",2025-01-10T03:52:32.52875531Z,SR_interactive,2025-01-10T03:52:32.52875531Z,{},2025-01-10T03:52:32.57241436Z
01JH760D5QQW7VX5T35TJPMB4Y,,,,,game terminated,2025-01-10T04:10:39.332701991Z,,,,,01JH76E2C68J5S9RYPAY8B0738,2025-01-10T04:10:35.224005248Z,3,2025-01-10T04:07:39.811013118Z,,,,,01JH760B2FPX2VSSY8R314NZ91,2025-01-10T04:01:55.383122905Z,67598b8450275ca58948f4b8,2025-01-10T04:01:55.383122905Z,,,"{""condition"":""slider"",""opinion"":""slider"",""playerCount"":4,""sliderDirection"":""RabbitsSquirrels""}",2025-01-10T04:01:55.390397962Z,RS_slider,2025-01-10T04:01:55.390397962Z,{},2025-01-10T04:01:55.911005496Z
01JH762Q8137938TSY46VAKHAA,https://api.dicebear.com/9.x/personas/svg?seed=01JH762Q8137938TSY46VAKHAA,2025-01-10T04:08:04.40800105Z,"[""🐿️"",""                                   ""]",2025-01-10T04:08:04.40800105Z,game ended,2025-01-10T04:12:12.882516449Z,1,2025-01-10T04:12:16.627658694Z,"{""usedCalculator"":""no""}",2025-01-10T04:12:16.619949932Z,01JH75BWCKNAQ7HTNSDVBFT7HM,2025-01-10T04:06:21.068950996Z,4,2025-01-10T04:06:28.456167015Z,true,2025-01-10T04:06:31.646127975Z,player 2,2025-01-10T04:08:04.40800105Z,01JH762PVBZDWH2W56NJE40DVW,2025-01-10T04:03:11.233483107Z,628e0027890e402262ec3e33,2025-01-10T04:03:11.233483107Z,01JH75WH3S83G01F05EDRP6BET,2025-01-10T04:11:52.267923291Z,"{""condition"":""slider"",""opinion"":""slider"",""playerCount"":4,""sliderDirection"":""RabbitsSquirrels""}",2025-01-10T04:03:11.23938714Z,RS_slider,2025-01-10T04:03:11.23938714Z,{},2025-01-10T04:03:11.469701738Z
01JH76MXE79Y3MEW41B1FM9215,,,,,game terminated,2025-01-10T04:21:54.012809709Z,,,,,01JH76BS4KMQAWFWCPHM232EMW,2025-01-10T04:18:09.478978422Z,4,2025-01-10T04:18:06.401710132Z,true,2025-01-10T04:18:09.960373541Z,,,01JH76MVRE4KNXMRNZTP17KN67,2025-01-10T04:13:07.399197094Z,67619a9990d14383b11e4532,2025-01-10T04:13:07.399197094Z,,,"{""condition"":""slider"",""opinion"":""slider"",""playerCount"":4,""sliderDirection"":""SquirrelsRabbits""}",2025-01-10T04:13:07.406099359Z,SR_slider,2025-01-10T04:13:07.406099359Z,{},2025-01-10T04:13:07.817405986Z
01JH779H0E17DZAGJTNZ86JMX1,,,,,game failed,2025-01-10T04:30:35.39267599Z,,,,,01JH7753VMSVMXWXA0VP56SP33,2025-01-10T04:24:22.807020569Z,4,2025-01-10T04:27:28.687794968Z,true,2025-01-10T04:27:30.070746418Z,,,01JH779GP6QQ5B84J5S4ZK14AJ,2025-01-10T04:24:22.798802353Z,65cbdfbdee625fd90f09ba8f,2025-01-10T04:24:22.798802353Z,,,"{""condition"":""slider"",""opinion"":""slider"",""playerCount"":4,""sliderDirection"":""SquirrelsRabbits""}",2025-01-10T04:24:22.807020569Z,SR_slider,2025-01-10T04:24:22.807020569Z,{},2025-01-10T04:24:22.966746357Z
01JH75GSWEG126YVEE31ZX3C6T,,,,,game terminated,2025-01-10T03:59:42.103589262Z,,,,,01JH75W4QDMEQPYK3ZYVN8K9KX,2025-01-10T03:59:40.118065909Z,2,2025-01-10T03:55:38.550140678Z,,,,,01JH75GS5H7EQFM2P3AM7T4CDY,2025-01-10T03:53:24.110114994Z,67524793b7048ff4f4f1d7b2,2025-01-10T03:53:24.110114994Z,,,"{""condition"":""interactive"",""opinion"":""slider"",""playerCount"":4,""sliderDirection"":""SquirrelsRabbits""}",2025-01-10T03:53:24.116408753Z,SR_interactive,2025-01-10T03:53:24.116408753Z,{},2025-01-10T03:53:24.299525932Z
01JH75T5W3SHQH36P0KHKZ15C7,https://api.dicebear.com/9.x/personas/svg?seed=01JH75T5W3SHQH36P0KHKZ15C7,2025-01-10T04:06:21.109278627Z,"[""🐇"",""🐇"",""🐇"",""🐇"",""🐇"",""🐇"",""                                   "",""🐇"",""🐿️""]",2025-01-10T04:06:21.109278627Z,game ended,2025-01-10T04:10:41.093672611Z,1,2025-01-10T04:10:45.748002945Z,"{""usedCalculator"":""no""}",2025-01-10T04:10:45.749132929Z,01JH75BXGW3M8E8TARDVNEGQGH,2025-01-10T04:04:12.485017703Z,4,2025-01-10T04:04:16.678777784Z,true,2025-01-10T04:04:27.613376062Z,player 2,2025-01-10T04:06:21.109278627Z,01JH75T5MFG2NGHT92D0EGB3X4,2025-01-10T03:58:31.299168211Z,661eed0b7a4800025bdbe909,2025-01-10T03:58:31.299168211Z,01JH75SPVP8TXHEZH6TZCD7TFB,2025-01-10T04:10:20.293867918Z,"{""condition"":""slider"",""opinion"":""slider"",""playerCount"":4,""sliderDirection"":""RabbitsSquirrels""}",2025-01-10T03:58:31.305367577Z,RS_slider,2025-01-10T03:58:31.305367577Z,{},2025-01-10T03:58:31.725139901Z
01JH75ZNQYRHHRWXQT85B1EXQJ,https://api.dicebear.com/9.x/personas/svg?seed=01JH75ZNQYRHHRWXQT85B1EXQJ,2025-01-10T04:04:12.544958843Z,"[""                                   "",""🐇""]",2025-01-10T04:04:12.544958843Z,game terminated,2025-01-10T04:06:22.195196844Z,,,,,01JH75BY8576J4V1FNAHN7872E,2025-01-10T04:01:31.398228129Z,4,2025-01-10T04:03:55.225446256Z,true,2025-01-10T04:03:58.00787766Z,player 4,2025-01-10T04:04:12.544958843Z,01JH75ZNN3E0K9NPTST2YN4BX5,2025-01-10T04:01:31.390744896Z,65047b630246c7aae6af7ec8,2025-01-10T04:01:31.390744896Z,01JH75XRED75XDX3HVPH6YK28E,2025-01-10T04:06:10.625735284Z,"{""condition"":""slider"",""opinion"":""slider"",""playerCount"":4,""sliderDirection"":""RabbitsSquirrels""}",2025-01-10T04:01:31.398228129Z,RS_slider,2025-01-10T04:01:31.398228129Z,{},2025-01-10T04:01:31.419513968Z
01JH77DC10ZHZFNSRBSAY4SHKK,,,,,game failed,2025-01-10T04:30:35.39267599Z,,,,,01JH7753VMSVMXWXA0VP56SP33,2025-01-10T04:26:28.775630578Z,3,2025-01-10T04:29:28.941639837Z,,,,,01JH77DBQGNFNMEEHDSFVNTAJW,2025-01-10T04:26:28.768644636Z,65959a9f89eb0eb9a41c7cae,2025-01-10T04:26:28.768644636Z,,,"{""condition"":""slider"",""opinion"":""slider"",""playerCount"":4,""sliderDirection"":""SquirrelsRabbits""}",2025-01-10T04:26:28.775630578Z,SR_slider,2025-01-10T04:26:28.775630578Z,{},2025-01-10T04:26:28.930275769Z
01JH762KN2Q34QXPENBCTRXCDE,,,,,game terminated,2025-01-10T04:10:39.332701991Z,,,,,01JH76E2C68J5S9RYPAY8B0738,2025-01-10T04:10:35.224005248Z,2,2025-01-10T04:08:15.81322486Z,,,,,01JH762K8YXJQN2AD1K46G3A8V,2025-01-10T04:03:07.554116167Z,dwayneanglin1993@outlook.com,2025-01-10T04:03:07.554116167Z,,,"{""condition"":""slider"",""opinion"":""slider"",""playerCount"":4,""sliderDirection"":""RabbitsSquirrels""}",2025-01-10T04:03:07.559466092Z,RS_slider,2025-01-10T04:03:07.559466092Z,{},2025-01-10T04:03:07.743529266Z
01JH75FA33FY66W24PFN0RCXHW,,,,,game terminated,2025-01-10T03:59:42.103589262Z,,,,,01JH75W4QDMEQPYK3ZYVN8K9KX,2025-01-10T03:59:40.118065909Z,3,2025-01-10T03:56:03.664531133Z,,,,,01JH75F9PRSHQGRN7PG4MRBTKV,2025-01-10T03:52:35.172018664Z,663f825add0615896204b0d8,2025-01-10T03:52:35.172018664Z,,,"{""condition"":""interactive"",""opinion"":""slider"",""playerCount"":4,""sliderDirection"":""SquirrelsRabbits""}",2025-01-10T03:52:35.178321229Z,SR_interactive,2025-01-10T03:52:35.178321229Z,{},2025-01-10T03:52:35.354180549Z
01JH76M64S3XZY60XY2KRQYJK7,,,,,game terminated,2025-01-10T04:21:54.012809709Z,,,,,01JH76BS4KMQAWFWCPHM232EMW,2025-01-10T04:18:09.478978422Z,2,2025-01-10T04:16:04.467807197Z,,,,,01JH76M5TXR62JXP95Q78CYHCN,2025-01-10T04:12:43.545795474Z,65264a9f4da1490d3e1dff61,2025-01-10T04:12:43.545795474Z,,,"{""condition"":""slider"",""opinion"":""slider"",""playerCount"":4,""sliderDirection"":""SquirrelsRabbits""}",2025-01-10T04:12:43.551826195Z,SR_slider,2025-01-10T04:12:43.551826195Z,{},2025-01-10T04:12:43.702499297Z
01JH76N2Y9BNP76C06EZ84MNE9,https://api.dicebear.com/9.x/personas/svg?seed=01JH76N2Y9BNP76C06EZ84MNE9,2025-01-10T04:17:29.344106334Z,"[""                                   "",""🐇""]",2025-01-10T04:17:29.344106334Z,game ended,2025-01-10T04:20:24.062778723Z,1,2025-01-10T04:20:27.908066641Z,"{""usedCalculator"":""no""}",2025-01-10T04:20:27.905819884Z,01JH76C04MG6K5TW7WF4DF378H,2025-01-10T04:13:13.039767591Z,4,2025-01-10T04:16:22.296933389Z,true,2025-01-10T04:16:30.313304398Z,player 3,2025-01-10T04:17:29.344106334Z,01JH76N2PHNFQAR8498JHFBT71,2025-01-10T04:13:13.033152254Z,62ab9ef7415da9c5d0ccc7bb,2025-01-10T04:13:13.033152254Z,01JH76KG747BP35AEA704GSMXR,2025-01-10T04:20:13.131957096Z,"{""condition"":""slider"",""opinion"":""slider"",""playerCount"":4,""sliderDirection"":""SquirrelsRabbits""}",2025-01-10T04:13:13.039767591Z,SR_slider,2025-01-10T04:13:13.039767591Z,{},2025-01-10T04:13:13.161222877Z
01JH75GAZF3ZMKWFWFC5CF2YYG,,,,,game terminated,2025-01-10T03:59:42.103589262Z,,,,,01JH75W4QDMEQPYK3ZYVN8K9KX,2025-01-10T03:59:40.118065909Z,2,2025-01-10T03:56:07.35713793Z,,,,,01JH75GAQ25XQZYWFN5R9W7GTH,2025-01-10T03:53:08.847649442Z,667ede719ca58c270024e693,2025-01-10T03:53:08.847649442Z,,,"{""condition"":""interactive"",""opinion"":""slider"",""playerCount"":4,""sliderDirection"":""SquirrelsRabbits""}",2025-01-10T03:53:08.85388748Z,SR_interactive,2025-01-10T03:53:08.85388748Z,{},2025-01-10T03:53:08.980935102Z
01JH760HEA2Y27PE47758W3GJG,https://api.dicebear.com/9.x/personas/svg?seed=01JH760HEA2Y27PE47758W3GJG,2025-01-10T04:06:21.109278627Z,"[""🐇"",""🐿️"",""🐇"",""🐇"",""🐇"",""🐿️"",""                                   ""]",2025-01-10T04:06:21.109278627Z,game ended,2025-01-10T04:10:41.093672611Z,1,2025-01-10T04:10:46.887837281Z,"{""usedCalculator"":""no""}",2025-01-10T04:10:46.886894306Z,01JH75BXGW3M8E8TARDVNEGQGH,2025-01-10T04:04:12.485017703Z,4,2025-01-10T04:04:32.164867001Z,true,2025-01-10T04:04:33.23882446Z,player 4,2025-01-10T04:06:21.109278627Z,01JH760H2T0BFH04E8Z68P8AEP,2025-01-10T04:01:59.754598573Z,66d760169428adb549b61720,2025-01-10T04:01:59.754598573Z,01JH75TQPDPFKD3E7PWWDBZ0NV,2025-01-10T04:10:20.293867918Z,"{""condition"":""slider"",""opinion"":""slider"",""playerCount"":4,""sliderDirection"":""RabbitsSquirrels""}",2025-01-10T04:01:59.761214484Z,RS_slider,2025-01-10T04:01:59.761214484Z,{},2025-01-10T04:01:59.943139699Z
01JH76HS1J27ZPPNMW4HHE48J1,https://api.dicebear.com/9.x/personas/svg?seed=01JH76HS1J27ZPPNMW4HHE48J1,2025-01-10T04:17:29.344106334Z,"[""🐿️"",""🐇"",""🐇"",""🐇"",""🐇"",""🐿️"",""🐇"",""🐇"",""🐿️"",""🐇"",""                                   "",""🐿️"",""🐿️"",""🐇"",""🐇"",""🐇"",""🐇"",""🐿️"",""🐇"",""🐇"",""🐇"",""🐇"",""🐿️""]",2025-01-10T04:17:29.344106334Z,game ended,2025-01-10T04:20:24.062778723Z,1,2025-01-10T04:20:26.777599086Z,"{""usedCalculator"":""no""}",2025-01-10T04:20:26.778967383Z,01JH76C04MG6K5TW7WF4DF378H,2025-01-10T04:11:24.601957397Z,4,2025-01-10T04:14:30.335595557Z,true,2025-01-10T04:14:35.333541957Z,player 1,2025-01-10T04:17:29.344106334Z,01JH76HRX3XX0WBEQJ0AJ0MWSN,2025-01-10T04:11:24.594968191Z,5e854b004d8fcd13839dc236,2025-01-10T04:11:24.594968191Z,01JH76NTCP62BBFHG2YAXT3CJW,2025-01-10T04:20:13.131957096Z,"{""condition"":""slider"",""opinion"":""slider"",""playerCount"":4,""sliderDirection"":""SquirrelsRabbits""}",2025-01-10T04:11:24.601957397Z,SR_slider,2025-01-10T04:11:24.601957397Z,{},2025-01-10T04:11:24.668394994Z
01JH76KG747BP35AEA704GSMXR,https://api.dicebear.com/9.x/personas/svg?seed=01JH76KG747BP35AEA704GSMXR,2025-01-10T04:17:29.344106334Z,"[""🐇"",""                                   ""]",2025-01-10T04:17:29.344106334Z,game ended,2025-01-10T04:20:24.062778723Z,1,2025-01-10T04:20:29.639311133Z,"{""usedCalculator"":""no""}",2025-01-10T04:20:29.630898224Z,01JH76C04MG6K5TW7WF4DF378H,2025-01-10T04:12:21.101078367Z,4,2025-01-10T04:15:51.871820174Z,true,2025-01-10T04:15:54.854708356Z,player 2,2025-01-10T04:17:29.344106334Z,01JH76KFSPQVD0NPX6M8EW7CMK,2025-01-10T04:12:21.092845059Z,667439c6372889c378fc8bdb,2025-01-10T04:12:21.092845059Z,01JH76HS1J27ZPPNMW4HHE48J1,2025-01-10T04:20:13.131957096Z,"{""condition"":""slider"",""opinion"":""slider"",""playerCount"":4,""sliderDirection"":""SquirrelsRabbits""}",2025-01-10T04:12:21.101078367Z,SR_slider,2025-01-10T04:12:21.101078367Z,{},2025-01-10T04:12:21.295312878Z
01JH75TQPDPFKD3E7PWWDBZ0NV,https://api.dicebear.com/9.x/personas/svg?seed=01JH75TQPDPFKD3E7PWWDBZ0NV,2025-01-10T04:06:21.109278627Z,"[""🐿️"",""🐇"",""🐇"",""🐇"",""🐇"",""🐇"",""🐇"",""🐇"",""🐇"",""                                   "",""🐇""]",2025-01-10T04:06:21.109278627Z,game ended,2025-01-10T04:10:41.093672611Z,1,2025-01-10T04:10:45.614783601Z,"{""usedCalculator"":""no""}",2025-01-10T04:10:45.613575879Z,01JH75BXGW3M8E8TARDVNEGQGH,2025-01-10T04:04:12.485017703Z,4,2025-01-10T04:05:46.128334006Z,true,2025-01-10T04:06:21.042183486Z,player 3,2025-01-10T04:06:21.109278627Z,01JH75TQFRKC9058AXQYQQ2FXH,2025-01-10T03:58:49.549555992Z,60fd51041d58ad61d9579c7d,2025-01-10T03:58:49.549555992Z,01JH75T5W3SHQH36P0KHKZ15C7,2025-01-10T04:10:20.293867918Z,"{""condition"":""slider"",""opinion"":""slider"",""playerCount"":4,""sliderDirection"":""RabbitsSquirrels""}",2025-01-10T03:58:49.555794287Z,RS_slider,2025-01-10T03:58:49.555794287Z,{},2025-01-10T03:58:49.65944538Z
01JH75WRJJNFV97VC1FV4P5WZH,,,,,game terminated,2025-01-10T04:10:39.332701991Z,,,,,01JH76E2C68J5S9RYPAY8B0738,2025-01-10T04:10:35.224005248Z,,,,,,,01JH75WR7GTAGB1K1NX4P7S3VK,2025-01-10T03:59:55.986895861Z,673efd8346c045eda4788c9e,2025-01-10T03:59:55.986895861Z,,,"{""condition"":""slider"",""opinion"":""slider"",""playerCount"":4,""sliderDirection"":""RabbitsSquirrels""}",2025-01-10T03:59:55.998928091Z,RS_slider,2025-01-10T03:59:55.998928091Z,{},2025-01-10T03:59:56.16328893Z
01JH76P44C95BABZEAY2A9TEQQ,https://api.dicebear.com/9.x/personas/svg?seed=01JH76P44C95BABZEAY2A9TEQQ,2025-01-10T04:18:09.534279411Z,"[""🐿️"",""🐇"",""                                   "",""🐇"",""🐇"",""🐇"",""🐇"",""🐇"",""🐇"",""🐇"",""🐇""]",2025-01-10T04:18:09.534279411Z,game ended,2025-01-10T04:22:40.42308489Z,1,2025-01-10T04:22:44.286097404Z,"{""usedCalculator"":""no""}",2025-01-10T04:22:44.283478264Z,01JH76BZKDW3FD9PW2N1Q55PDN,2025-01-10T04:17:29.287628097Z,4,2025-01-10T04:17:15.452671465Z,true,2025-01-10T04:17:36.705542979Z,player 3,2025-01-10T04:18:09.534279411Z,01JH76P417HSBWM3F2FF6MKTDC,2025-01-10T04:13:47.02053781Z,66a5b7c224f970ccbfd8f191,2025-01-10T04:13:47.02053781Z,01JH76KN673WHCJJN644TRX8H8,2025-01-10T04:22:10.349591627Z,"{""condition"":""slider"",""opinion"":""slider"",""playerCount"":4,""sliderDirection"":""SquirrelsRabbits""}",2025-01-10T04:13:47.027902531Z,SR_slider,2025-01-10T04:13:47.027902531Z,{},2025-01-10T04:13:47.071341968Z
01JH77HSGAZ00RYC3QS3FTB879,,,,,game failed,2025-01-10T04:30:35.39267599Z,,,,,01JH7753VMSVMXWXA0VP56SP33,2025-01-10T04:28:53.663632494Z,2,2025-01-10T04:30:15.460312922Z,,,,,01JH77HS851TVBKT0F3E77RADR,2025-01-10T04:28:53.642765408Z,674f875c2c491748b5056996,2025-01-10T04:28:53.642765408Z,,,"{""condition"":""slider"",""opinion"":""slider"",""playerCount"":4,""sliderDirection"":""SquirrelsRabbits""}",2025-01-10T04:28:53.663632494Z,SR_slider,2025-01-10T04:28:53.663632494Z,{},2025-01-10T04:28:53.779061101Z
01JH75S8A0JTD1PJNHB20M96PY,https://api.dicebear.com/9.x/personas/svg?seed=01JH75S8A0JTD1PJNHB20M96PY,2025-01-10T04:04:12.544958843Z,"[""🐿️"",""                                   "",""🐇"",""🐇"",""🐇"",""🐿️"",""🐇"",""🐿️"",""🐇"",""🐇"",""🐇"",""🐇"",""🐇"",""🐇"",""🐇"",""🐇"",""🐇"",""🐇"",""🐿️"",""🐿️"",""🐿️"",""🐿️"",""🐇""]",2025-01-10T04:04:12.544958843Z,game terminated,2025-01-10T04:06:22.195196844Z,,,,,01JH75BY8576J4V1FNAHN7872E,2025-01-10T03:58:01.031267071Z,4,2025-01-10T04:02:00.238585238Z,true,2025-01-10T04:02:04.258720186Z,player 1,2025-01-10T04:04:12.544958843Z,01JH75S7XYTZN3025DS87HFX2X,2025-01-10T03:58:01.02501198Z,6574b9a3dc00323903d24cb8,2025-01-10T03:58:01.02501198Z,01JH75ZNQYRHHRWXQT85B1EXQJ,2025-01-10T04:06:10.625735284Z,"{""condition"":""slider"",""opinion"":""slider"",""playerCount"":4,""sliderDirection"":""RabbitsSquirrels""}",2025-01-10T03:58:01.031267071Z,RS_slider,2025-01-10T03:58:01.031267071Z,{},2025-01-10T03:58:01.213090652Z
01JH75XRED75XDX3HVPH6YK28E,https://api.dicebear.com/9.x/personas/svg?seed=01JH75XRED75XDX3HVPH6YK28E,2025-01-10T04:04:12.544958843Z,"[""                                   "",""🐇""]",2025-01-10T04:04:12.544958843Z,game terminated,2025-01-10T04:06:22.195196844Z,,,,,01JH75BY8576J4V1FNAHN7872E,2025-01-10T04:00:28.628615825Z,4,2025-01-10T04:04:09.399936355Z,true,2025-01-10T04:04:12.451298207Z,player 3,2025-01-10T04:04:12.544958843Z,01JH75XR388FEYT429J4YXVPWB,2025-01-10T04:00:28.621391563Z,61245769826057b69678987a,2025-01-10T04:00:28.621391563Z,01JH75V3MAVW1WC2507AD1W0FP,2025-01-10T04:06:10.625735284Z,"{""condition"":""slider"",""opinion"":""slider"",""playerCount"":4,""sliderDirection"":""RabbitsSquirrels""}",2025-01-10T04:00:28.628615825Z,RS_slider,2025-01-10T04:00:28.628615825Z,{},2025-01-10T04:00:28.761093055Z
01JH7698EYBWAV2W1W4BTR3XYT,,,,,game terminated,2025-01-10T04:10:39.332701991Z,,,,,01JH76E2C68J5S9RYPAY8B0738,2025-01-10T04:10:35.224005248Z,1,2025-01-10T04:07:31.678423286Z,,,,,01JH76987YRRDJH64XCDSY9A6E,2025-01-10T04:06:45.470988934Z,677dd7b6303ccf66484b0347,2025-01-10T04:06:45.470988934Z,,,"{""condition"":""slider"",""opinion"":""slider"",""playerCount"":4,""sliderDirection"":""RabbitsSquirrels""}",2025-01-10T04:06:45.478768616Z,RS_slider,2025-01-10T04:06:45.478768616Z,{},2025-01-10T04:06:45.586292261Z
01JH76KN673WHCJJN644TRX8H8,https://api.dicebear.com/9.x/personas/svg?seed=01JH76KN673WHCJJN644TRX8H8,2025-01-10T04:18:09.534279411Z,"[""🐇"",""🐇"",""🐇"",""🐇"",""🐿️"",""🐇"",""                                   "",""🐇"",""🐇""]",2025-01-10T04:18:09.534279411Z,game ended,2025-01-10T04:22:40.42308489Z,1,2025-01-10T04:22:47.189962759Z,"{""usedCalculator"":""no""}",2025-01-10T04:22:47.185832606Z,01JH76BZKDW3FD9PW2N1Q55PDN,2025-01-10T04:17:29.287628097Z,4,2025-01-10T04:17:38.479055458Z,true,2025-01-10T04:17:47.113853753Z,player 2,2025-01-10T04:18:09.534279411Z,01JH76KMBHHVD787EGG2Z6QRQW,2025-01-10T04:12:26.183897421Z,5eaecb0824839e59ed3523eb,2025-01-10T04:12:26.183897421Z,01JH76JDM92XQ7F36WZQEW0WPV,2025-01-10T04:22:10.349591627Z,"{""condition"":""slider"",""opinion"":""slider"",""playerCount"":4,""sliderDirection"":""SquirrelsRabbits""}",2025-01-10T04:12:26.190539634Z,SR_slider,2025-01-10T04:12:26.190539634Z,{},2025-01-10T04:12:26.619040249Z
01JH76PPDHY9DQ45SZ71VJ1BR1,,,,,game terminated,2025-01-10T04:21:54.012809709Z,,,,,01JH76BS4KMQAWFWCPHM232EMW,2025-01-10T04:18:09.478978422Z,4,2025-01-10T04:20:50.84352733Z,,,,,01JH76PMXF379C2G32Q53P1HPM,2025-01-10T04:14:05.745858691Z,67697258f10f614576fd95bd,2025-01-10T04:14:05.745858691Z,,,"{""condition"":""slider"",""opinion"":""slider"",""playerCount"":4,""sliderDirection"":""SquirrelsRabbits""}",2025-01-10T04:14:05.754620178Z,SR_slider,2025-01-10T04:14:05.754620178Z,{},2025-01-10T04:14:06.450090767Z
