id,batchID,batchIDLastChangedAt,gameID,gameIDLastChangedAt,playerID,playerIDLastChangedAt
01JH76BNGDD67D4MX167Z609FH,01JH75BWCAYVGAQ2CBEW6G7ZC8,2025-01-10T04:08:04.365557294Z,01JH75BWCKNAQ7HTNSDVBFT7HM,2025-01-10T04:08:04.365557294Z,01JH75WH3S83G01F05EDRP6BET,2025-01-10T04:08:04.365557294Z
01JH76BNGE0632ST7C2PVA60A9,01JH75BWCAYVGAQ2CBEW6G7ZC8,2025-01-10T04:08:04.366298935Z,01JH75BWCKNAQ7HTNSDVBFT7HM,2025-01-10T04:08:04.366298935Z,01JH764CYEP5C0R0KC6C89N35J,2025-01-10T04:08:04.366298935Z
01JH76WX6HQEDEMDF25CJJ4KP5,01JH76C04AESX1H6Z3ZAAJSG9H,2025-01-10T04:17:29.297353127Z,01JH76C04MG6K5TW7WF4DF378H,2025-01-10T04:17:29.297353127Z,01JH76N2Y9BNP76C06EZ84MNE9,2025-01-10T04:17:29.297353127Z
01JH76WX6JTMFZB4HT81NYPEEN,01JH76C04AESX1H6Z3ZAAJSG9H,2025-01-10T04:17:29.29853639Z,01JH76C04MG6K5TW7WF4DF378H,2025-01-10T04:17:29.29853639Z,01JH76NTCP62BBFHG2YAXT3CJW,2025-01-10T04:17:29.29853639Z
01JH75PEK160QSG9YGW6C7C2VT,01JH75A3NFHZPPR1KZW23PMRW4,2025-01-10T03:56:29.153133881Z,01JH75A3P0SBG6XHS5GZ1JSBAC,2025-01-10T03:56:29.153133881Z,01JH75F7G8PGD45T43SZ6M6BH6,2025-01-10T03:56:29.153133881Z
01JH764K2DX8Y3X06X9Y8EYJRR,01JH75BY7XY51JV3SC0TENR5RV,2025-01-10T04:04:12.493512234Z,01JH75BY8576J4V1FNAHN7872E,2025-01-10T04:04:12.493512234Z,01JH75ZNQYRHHRWXQT85B1EXQJ,2025-01-10T04:04:12.493512234Z
01JH768GMPHXRTJMF0F89XAAXM,01JH75BXGKCHVBPK51FSFMF40F,2025-01-10T04:06:21.07836845Z,01JH75BXGW3M8E8TARDVNEGQGH,2025-01-10T04:06:21.07836845Z,01JH760HEA2Y27PE47758W3GJG,2025-01-10T04:06:21.07836845Z
01JH76G8V0V3JGF2MD6E7QBPCV,01JH75BRBTV9ZDCJ2ZNVAV51Y7,2025-01-10T04:10:35.232952997Z,01JH75BRC5R3PWVJ5JM81G72R4,2025-01-10T04:10:35.232952997Z,01JH7698M7G6MH42XEE2RFAWRM,2025-01-10T04:10:35.232952997Z
01JH76WX6E0WTYVAM0PYMF42JW,01JH76C04AESX1H6Z3ZAAJSG9H,2025-01-10T04:17:29.294562745Z,01JH76C04MG6K5TW7WF4DF378H,2025-01-10T04:17:29.294562745Z,01JH76HS1J27ZPPNMW4HHE48J1,2025-01-10T04:17:29.294562745Z
01JH75PEK05JNC212M0FRE44AM,01JH75A3NFHZPPR1KZW23PMRW4,2025-01-10T03:56:29.152806003Z,01JH75A3P0SBG6XHS5GZ1JSBAC,2025-01-10T03:56:29.152806003Z,01JH75DFD941H576079Q3ZYJ1W,2025-01-10T03:56:29.152806003Z
01JH768GMNKNCTE6RPA715RVKP,01JH75BXGKCHVBPK51FSFMF40F,2025-01-10T04:06:21.07734831Z,01JH75BXGW3M8E8TARDVNEGQGH,2025-01-10T04:06:21.07734831Z,01JH75SPVP8TXHEZH6TZCD7TFB,2025-01-10T04:06:21.07734831Z
01JH76BNGE0632ST7C2ZYK5A2A,01JH75BWCAYVGAQ2CBEW6G7ZC8,2025-01-10T04:08:04.366880875Z,01JH75BWCKNAQ7HTNSDVBFT7HM,2025-01-10T04:08:04.366880875Z,01JH764Q1V79W1BY6XYS4QGRFT,2025-01-10T04:08:04.366880875Z
01JH764K2CMWVV94Q27C0ZR3WR,01JH75BY7XY51JV3SC0TENR5RV,2025-01-10T04:04:12.49243365Z,01JH75BY8576J4V1FNAHN7872E,2025-01-10T04:04:12.49243365Z,01JH75S8A0JTD1PJNHB20M96PY,2025-01-10T04:04:12.49243365Z
01JH76G8V1WPJHF8MWTQG13VMA,01JH75BRBTV9ZDCJ2ZNVAV51Y7,2025-01-10T04:10:35.233557918Z,01JH75BRC5R3PWVJ5JM81G72R4,2025-01-10T04:10:35.233557918Z,01JH769MC34R0MQRAATVH2NZE6,2025-01-10T04:10:35.233557918Z
01JH768GMNKNCTE6RPAD2PVHAW,01JH75BXGKCHVBPK51FSFMF40F,2025-01-10T04:06:21.07780506Z,01JH75BXGW3M8E8TARDVNEGQGH,2025-01-10T04:06:21.07780506Z,01JH75T5W3SHQH36P0KHKZ15C7,2025-01-10T04:06:21.07780506Z
01JH75PEK05JNC212M0PFKRP9C,01JH75A3NFHZPPR1KZW23PMRW4,2025-01-10T03:56:29.1529292Z,01JH75A3P0SBG6XHS5GZ1JSBAC,2025-01-10T03:56:29.1529292Z,01JH75DW3ZJ5E668V223Z0PGVT,2025-01-10T03:56:29.1529292Z
01JH768GMPHXRTJMF0F1C2MVWQ,01JH75BXGKCHVBPK51FSFMF40F,2025-01-10T04:06:21.078043891Z,01JH75BXGW3M8E8TARDVNEGQGH,2025-01-10T04:06:21.078043891Z,01JH75TQPDPFKD3E7PWWDBZ0NV,2025-01-10T04:06:21.078043891Z
01JH76G8V0V3JGF2MD66XFFCFG,01JH75BRBTV9ZDCJ2ZNVAV51Y7,2025-01-10T04:10:35.232229437Z,01JH75BRC5R3PWVJ5JM81G72R4,2025-01-10T04:10:35.232229437Z,01JH769315QJH8JY5946V080W8,2025-01-10T04:10:35.232229437Z
01JH76Y4EESBK7CR5J2JN2XK6A,01JH76BZK2J8JZ5YJ1CE1M7ZM1,2025-01-10T04:18:09.48616123Z,01JH76BZKDW3FD9PW2N1Q55PDN,2025-01-10T04:18:09.48616123Z,01JH76JDM92XQ7F36WZQEW0WPV,2025-01-10T04:18:09.48616123Z
01JH76Y4EG6G3M37ATT205CQD1,01JH76BZK2J8JZ5YJ1CE1M7ZM1,2025-01-10T04:18:09.488169626Z,01JH76BZKDW3FD9PW2N1Q55PDN,2025-01-10T04:18:09.488169626Z,01JH76P44C95BABZEAY2A9TEQQ,2025-01-10T04:18:09.488169626Z
01JH764K2CMWVV94Q27JR3SDN0,01JH75BY7XY51JV3SC0TENR5RV,2025-01-10T04:04:12.492929323Z,01JH75BY8576J4V1FNAHN7872E,2025-01-10T04:04:12.492929323Z,01JH75V3MAVW1WC2507AD1W0FP,2025-01-10T04:04:12.492929323Z
01JH76BNGDD67D4MX16EA0ABCG,01JH75BWCAYVGAQ2CBEW6G7ZC8,2025-01-10T04:08:04.366001141Z,01JH75BWCKNAQ7HTNSDVBFT7HM,2025-01-10T04:08:04.366001141Z,01JH762Q8137938TSY46VAKHAA,2025-01-10T04:08:04.366001141Z
01JH76G8TZ7H0T5V64E6Q130EH,01JH75BRBTV9ZDCJ2ZNVAV51Y7,2025-01-10T04:10:35.231541778Z,01JH75BRC5R3PWVJ5JM81G72R4,2025-01-10T04:10:35.231541778Z,01JH760MM9ZH1PD2FXD4W300HF,2025-01-10T04:10:35.231541778Z
01JH764K2DX8Y3X06X9QQCC3WE,01JH75BY7XY51JV3SC0TENR5RV,2025-01-10T04:04:12.493239067Z,01JH75BY8576J4V1FNAHN7872E,2025-01-10T04:04:12.493239067Z,01JH75XRED75XDX3HVPH6YK28E,2025-01-10T04:04:12.493239067Z
01JH76WX6G9ADCDJMB2KQ7W8KX,01JH76C04AESX1H6Z3ZAAJSG9H,2025-01-10T04:17:29.296127086Z,01JH76C04MG6K5TW7WF4DF378H,2025-01-10T04:17:29.296127086Z,01JH76KG747BP35AEA704GSMXR,2025-01-10T04:17:29.296127086Z
01JH76Y4EF0AT6X63BP4H8F084,01JH76BZK2J8JZ5YJ1CE1M7ZM1,2025-01-10T04:18:09.487448167Z,01JH76BZKDW3FD9PW2N1Q55PDN,2025-01-10T04:18:09.487448167Z,01JH76KN673WHCJJN644TRX8H8,2025-01-10T04:18:09.487448167Z
01JH76Y4EG6G3M37ATTB0W1PB0,01JH76BZK2J8JZ5YJ1CE1M7ZM1,2025-01-10T04:18:09.488992273Z,01JH76BZKDW3FD9PW2N1Q55PDN,2025-01-10T04:18:09.488992273Z,01JH76PWG7RQM62KP130WM8RK5,2025-01-10T04:18:09.488992273Z
01JH75PEK160QSG9YGVXCC08KB,01JH75A3NFHZPPR1KZW23PMRW4,2025-01-10T03:56:29.153030523Z,01JH75A3P0SBG6XHS5GZ1JSBAC,2025-01-10T03:56:29.153030523Z,01JH75ENAEK6RFJJDJWN4TQTEZ,2025-01-10T03:56:29.153030523Z
