id,batchID,batchIDLastChangedAt,gameID,gameIDLastChangedAt,playerID,playerIDLastChangedAt,roundID,roundIDLastChangedAt
01JH7603QWASV9H956AWKYSBA2,01JH75A3NFHZPPR1KZW23PMRW4,2025-01-10T04:01:45.724655411Z,01JH75A3P0SBG6XHS5GZ1JSBAC,2025-01-10T04:01:45.724655411Z,01JH75DFD941H576079Q3ZYJ1W,2025-01-10T04:01:45.724655411Z,01JH75PEM4YXZGJSRK6J2N32TQ,2025-01-10T04:01:45.724655411Z
01JH76E15KAADVN27G20RENP2X,01JH75BXGKCHVBPK51FSFMF40F,2025-01-10T04:09:21.843241405Z,01JH75BXGW3M8E8TARDVNEGQGH,2025-01-10T04:09:21.843241405Z,01JH75SPVP8TXHEZH6TZCD7TFB,2025-01-10T04:09:21.843241405Z,01JH768GNKBDJHCCQVV9RWRNY9,2025-01-10T04:09:21.843241405Z
01JH76Y4SN4MA9DSCWDEXK45H4,01JH76BZK2J8JZ5YJ1CE1M7ZM1,2025-01-10T04:18:09.845600991Z,01JH76BZKDW3FD9PW2N1Q55PDN,2025-01-10T04:18:09.845600991Z,01JH76JDM92XQ7F36WZQEW0WPV,2025-01-10T04:18:09.845600991Z,01JH76Y4F6W36DH5D36997CH00,2025-01-10T04:18:09.845600991Z
01JH767C0P8HAJ2T41Y74TWT61,01JH75BY7XY51JV3SC0TENR5RV,2025-01-10T04:05:43.574815645Z,01JH75BY8576J4V1FNAHN7872E,2025-01-10T04:05:43.574815645Z,01JH75XRED75XDX3HVPH6YK28E,2025-01-10T04:05:43.574815645Z,01JH764K3D4ZZJE4N76CCH533F,2025-01-10T04:05:43.574815645Z
01JH76EYHMD0VA3XQGRQWR8NTX,01JH75BXGKCHVBPK51FSFMF40F,2025-01-10T04:09:51.92471695Z,01JH75BXGW3M8E8TARDVNEGQGH,2025-01-10T04:09:51.92471695Z,01JH75TQPDPFKD3E7PWWDBZ0NV,2025-01-10T04:09:51.92471695Z,01JH768GNKBDJHCCQVVYWB8N7J,2025-01-10T04:09:51.92471695Z
01JH76GSA7G98MSNS4MZJ227TY,01JH75BWCAYVGAQ2CBEW6G7ZC8,2025-01-10T04:10:52.103337872Z,01JH75BWCKNAQ7HTNSDVBFT7HM,2025-01-10T04:10:52.103337872Z,01JH764Q1V79W1BY6XYS4QGRFT,2025-01-10T04:10:52.103337872Z,01JH76BNHANH8K46P84QESWK6T,2025-01-10T04:10:52.103337872Z
01JH76PAPC40MG7QEFKZ6T11Z2,01JH75BRBTV9ZDCJ2ZNVAV51Y7,2025-01-10T04:13:53.740860719Z,01JH75BRC5R3PWVJ5JM81G72R4,2025-01-10T04:13:53.740860719Z,01JH7698M7G6MH42XEE2RFAWRM,2025-01-10T04:13:53.740860719Z,01JH76G8W7YJSM7X4GAKQV344C,2025-01-10T04:13:53.740860719Z
01JH762WKW1SQA56MA0TA1MZ4V,01JH75A3NFHZPPR1KZW23PMRW4,2025-01-10T04:03:16.732691733Z,01JH75A3P0SBG6XHS5GZ1JSBAC,2025-01-10T04:03:16.732691733Z,01JH75F7G8PGD45T43SZ6M6BH6,2025-01-10T04:03:16.732691733Z,01JH75PEM4YXZGJSRK7AKVPGW5,2025-01-10T04:03:16.732691733Z
01JH76B91GVV4P6SKD3N70XK11,01JH75BXGKCHVBPK51FSFMF40F,2025-01-10T04:07:51.600929896Z,01JH75BXGW3M8E8TARDVNEGQGH,2025-01-10T04:07:51.600929896Z,01JH75TQPDPFKD3E7PWWDBZ0NV,2025-01-10T04:07:51.600929896Z,01JH768GNEDRMVCTZD8RG2HHVZ,2025-01-10T04:07:51.600929896Z
01JH76G96TQC2Q79JS2S6GSM7C,01JH75BRBTV9ZDCJ2ZNVAV51Y7,2025-01-10T04:10:35.610643896Z,01JH75BRC5R3PWVJ5JM81G72R4,2025-01-10T04:10:35.610643896Z,01JH7698M7G6MH42XEE2RFAWRM,2025-01-10T04:10:35.610643896Z,01JH76G8VVJ1W37B325GYNRPKP,2025-01-10T04:10:35.610643896Z
01JH76Z8RRM0DTBV7XQ46ADD88,01JH76C04AESX1H6Z3ZAAJSG9H,2025-01-10T04:18:46.680184448Z,01JH76C04MG6K5TW7WF4DF378H,2025-01-10T04:18:46.680184448Z,01JH76HS1J27ZPPNMW4HHE48J1,2025-01-10T04:18:46.680184448Z,01JH76WX7GE93WDQNMVV1FJGKA,2025-01-10T04:18:46.680184448Z
01JH771HEN5QK626A5PEE1BT7H,01JH76C04AESX1H6Z3ZAAJSG9H,2025-01-10T04:20:01.109541242Z,01JH76C04MG6K5TW7WF4DF378H,2025-01-10T04:20:01.109541242Z,01JH76HS1J27ZPPNMW4HHE48J1,2025-01-10T04:20:01.109541242Z,01JH76WX7HRGWDJ8MX7MMSCP5P,2025-01-10T04:20:01.109541242Z
01JH774J97P2VHQN2N4H7ZBSZT,01JH76BZK2J8JZ5YJ1CE1M7ZM1,2025-01-10T04:21:40.263159918Z,01JH76BZKDW3FD9PW2N1Q55PDN,2025-01-10T04:21:40.263159918Z,01JH76PWG7RQM62KP130WM8RK5,2025-01-10T04:21:40.263159918Z,01JH76Y4FB5TSTTA54E4SPPA96,2025-01-10T04:21:40.263159918Z
01JH75PF1P4KQQZ5V1T13WSF48,01JH75A3NFHZPPR1KZW23PMRW4,2025-01-10T03:56:29.622393068Z,01JH75A3P0SBG6XHS5GZ1JSBAC,2025-01-10T03:56:29.622393068Z,01JH75F7G8PGD45T43SZ6M6BH6,2025-01-10T03:56:29.622393068Z,01JH75PEKYTGG4XA0ZHY480S7V,2025-01-10T03:56:29.622393068Z
01JH762WKVN6MKCYBG63EE126Z,01JH75A3NFHZPPR1KZW23PMRW4,2025-01-10T04:03:16.731922831Z,01JH75A3P0SBG6XHS5GZ1JSBAC,2025-01-10T04:03:16.731922831Z,01JH75ENAEK6RFJJDJWN4TQTEZ,2025-01-10T04:03:16.731922831Z,01JH75PEM4YXZGJSRK7AKVPGW5,2025-01-10T04:03:16.731922831Z
01JH765TMJRAGYK207Q6CAQDN4,01JH75BY7XY51JV3SC0TENR5RV,2025-01-10T04:04:53.010063383Z,01JH75BY8576J4V1FNAHN7872E,2025-01-10T04:04:53.010063383Z,01JH75S8A0JTD1PJNHB20M96PY,2025-01-10T04:04:53.010063383Z,01JH764K3C20TH5E5Z7Z5B2VRZ,2025-01-10T04:04:53.010063383Z
01JH76NXKZ7EPAMSQ4JNR4W9XP,01JH75BRBTV9ZDCJ2ZNVAV51Y7,2025-01-10T04:13:40.351202046Z,01JH75BRC5R3PWVJ5JM81G72R4,2025-01-10T04:13:40.351202046Z,01JH760MM9ZH1PD2FXD4W300HF,2025-01-10T04:13:40.351202046Z,01JH76G8W6C1BGXSYV0B20CD2K,2025-01-10T04:13:40.351202046Z
01JH75PF1P4KQQZ5V1SJR8DQD4,01JH75A3NFHZPPR1KZW23PMRW4,2025-01-10T03:56:29.622057664Z,01JH75A3P0SBG6XHS5GZ1JSBAC,2025-01-10T03:56:29.622057664Z,01JH75ENAEK6RFJJDJWN4TQTEZ,2025-01-10T03:56:29.622057664Z,01JH75PEKYTGG4XA0ZHY480S7V,2025-01-10T03:56:29.622057664Z
01JH76BNRMXX4E5WSCVB76X64Y,01JH75BWCAYVGAQ2CBEW6G7ZC8,2025-01-10T04:08:04.62911048Z,01JH75BWCKNAQ7HTNSDVBFT7HM,2025-01-10T04:08:04.62911048Z,01JH762Q8137938TSY46VAKHAA,2025-01-10T04:08:04.62911048Z,01JH76BNH1YKP0TD4P0T3DTJD2,2025-01-10T04:08:04.62911048Z
01JH76NXM1424239RE5XYBZ8K3,01JH75BRBTV9ZDCJ2ZNVAV51Y7,2025-01-10T04:13:40.353437526Z,01JH75BRC5R3PWVJ5JM81G72R4,2025-01-10T04:13:40.353437526Z,01JH769315QJH8JY5946V080W8,2025-01-10T04:13:40.353437526Z,01JH76G8W6C1BGXSYV0B20CD2K,2025-01-10T04:13:40.353437526Z
01JH76JZJM4Q35CEAG9F71SEMK,01JH75BRBTV9ZDCJ2ZNVAV51Y7,2025-01-10T04:12:04.052691626Z,01JH75BRC5R3PWVJ5JM81G72R4,2025-01-10T04:12:04.052691626Z,01JH760MM9ZH1PD2FXD4W300HF,2025-01-10T04:12:04.052691626Z,01JH76G8W1AGTTQVCFSZFSNGTC,2025-01-10T04:12:04.052691626Z
01JH76MPWFG4031ERM0TG33MKW,01JH75BRBTV9ZDCJ2ZNVAV51Y7,2025-01-10T04:13:00.687879818Z,01JH75BRC5R3PWVJ5JM81G72R4,2025-01-10T04:13:00.687879818Z,01JH769315QJH8JY5946V080W8,2025-01-10T04:13:00.687879818Z,01JH76G8W5M77R0CYCJ2R13VCG,2025-01-10T04:13:00.687879818Z
01JH76E4CNR7RQPWWP87MNYJ7T,01JH75BWCAYVGAQ2CBEW6G7ZC8,2025-01-10T04:09:25.141149411Z,01JH75BWCKNAQ7HTNSDVBFT7HM,2025-01-10T04:09:25.141149411Z,01JH75WH3S83G01F05EDRP6BET,2025-01-10T04:09:25.141149411Z,01JH76BNH7YS0NFMV7XV09AS5A,2025-01-10T04:09:25.141149411Z
01JH76F1RBGEGGYP17S7R5FDH7,01JH75BWCAYVGAQ2CBEW6G7ZC8,2025-01-10T04:09:55.211943677Z,01JH75BWCKNAQ7HTNSDVBFT7HM,2025-01-10T04:09:55.211943677Z,01JH764Q1V79W1BY6XYS4QGRFT,2025-01-10T04:09:55.211943677Z,01JH76BNH89D2N22NFK77CN4BP,2025-01-10T04:09:55.211943677Z
01JH76FZ43M5FGS4SXN19XB86E,01JH75BWCAYVGAQ2CBEW6G7ZC8,2025-01-10T04:10:25.283096276Z,01JH75BWCKNAQ7HTNSDVBFT7HM,2025-01-10T04:10:25.283096276Z,01JH75WH3S83G01F05EDRP6BET,2025-01-10T04:10:25.283096276Z,01JH76BNH96JSMQNZGGX5QV6PP,2025-01-10T04:10:25.283096276Z
01JH76HPP6ZY1D6NQXCM9QYR5B,01JH75BWCAYVGAQ2CBEW6G7ZC8,2025-01-10T04:11:22.182152499Z,01JH75BWCKNAQ7HTNSDVBFT7HM,2025-01-10T04:11:22.182152499Z,01JH75WH3S83G01F05EDRP6BET,2025-01-10T04:11:22.182152499Z,01JH76BNH7YS0NFMV7X7HVT9NZ,2025-01-10T04:11:22.182152499Z
01JH76EYHJX38X1APMYDWJM7CC,01JH75BXGKCHVBPK51FSFMF40F,2025-01-10T04:09:51.922114122Z,01JH75BXGW3M8E8TARDVNEGQGH,2025-01-10T04:09:51.922114122Z,01JH75SPVP8TXHEZH6TZCD7TFB,2025-01-10T04:09:51.922114122Z,01JH768GNKBDJHCCQVVYWB8N7J,2025-01-10T04:09:51.922114122Z
01JH76J3XJDQQV4V7HNEAZ1CEC,01JH75BRBTV9ZDCJ2ZNVAV51Y7,2025-01-10T04:11:35.730773155Z,01JH75BRC5R3PWVJ5JM81G72R4,2025-01-10T04:11:35.730773155Z,01JH7698M7G6MH42XEE2RFAWRM,2025-01-10T04:11:35.730773155Z,01JH76G8VWB1SZNR1R3E5WC376,2025-01-10T04:11:35.730773155Z
01JH775FN1B1JKPTTEKYHJWVW4,01JH76BZK2J8JZ5YJ1CE1M7ZM1,2025-01-10T04:22:10.337210216Z,01JH76BZKDW3FD9PW2N1Q55PDN,2025-01-10T04:22:10.337210216Z,01JH76JDM92XQ7F36WZQEW0WPV,2025-01-10T04:22:10.337210216Z,01JH76Y4F95AY904H1EKNF4W39,2025-01-10T04:22:10.337210216Z
01JH768GYYHHSEKHXZ26QFJA05,01JH75BXGKCHVBPK51FSFMF40F,2025-01-10T04:06:21.406756643Z,01JH75BXGW3M8E8TARDVNEGQGH,2025-01-10T04:06:21.406756643Z,01JH75TQPDPFKD3E7PWWDBZ0NV,2025-01-10T04:06:21.406756643Z,01JH768GNCYGJ6YYYBZ9B6Y2X7,2025-01-10T04:06:21.406756643Z
01JH76B91JDVCEXPP9Z6S6EVYG,01JH75BXGKCHVBPK51FSFMF40F,2025-01-10T04:07:51.602129452Z,01JH75BXGW3M8E8TARDVNEGQGH,2025-01-10T04:07:51.602129452Z,01JH75SPVP8TXHEZH6TZCD7TFB,2025-01-10T04:07:51.602129452Z,01JH768GNEDRMVCTZD8RG2HHVZ,2025-01-10T04:07:51.602129452Z
01JH76FZ43M5FGS4SXN9DAXY04,01JH75BWCAYVGAQ2CBEW6G7ZC8,2025-01-10T04:10:25.283976856Z,01JH75BWCKNAQ7HTNSDVBFT7HM,2025-01-10T04:10:25.283976856Z,01JH764Q1V79W1BY6XYS4QGRFT,2025-01-10T04:10:25.283976856Z,01JH76BNH96JSMQNZGGX5QV6PP,2025-01-10T04:10:25.283976856Z
01JH76GSA51ZRQC89MD0Q3BSM5,01JH75BWCAYVGAQ2CBEW6G7ZC8,2025-01-10T04:10:52.101575263Z,01JH75BWCKNAQ7HTNSDVBFT7HM,2025-01-10T04:10:52.101575263Z,01JH762Q8137938TSY46VAKHAA,2025-01-10T04:10:52.101575263Z,01JH76BNHANH8K46P84QESWK6T,2025-01-10T04:10:52.101575263Z
01JH76ZZH7A7MNT68HTVSG6WCP,01JH76BZK2J8JZ5YJ1CE1M7ZM1,2025-01-10T04:19:09.991543383Z,01JH76BZKDW3FD9PW2N1Q55PDN,2025-01-10T04:19:09.991543383Z,01JH76JDM92XQ7F36WZQEW0WPV,2025-01-10T04:19:09.991543383Z,01JH76Y4F81MPTGG27RKTXHK9P,2025-01-10T04:19:09.991543383Z
01JH76ABNEAECBCVKTQAY98AHS,01JH75BXGKCHVBPK51FSFMF40F,2025-01-10T04:07:21.518520194Z,01JH75BXGW3M8E8TARDVNEGQGH,2025-01-10T04:07:21.518520194Z,01JH760HEA2Y27PE47758W3GJG,2025-01-10T04:07:21.518520194Z,01JH768GNMSFW697C5TBQJG2HY,2025-01-10T04:07:21.518520194Z
01JH76N420W1NRYMGY2XMEWJKX,01JH75BRBTV9ZDCJ2ZNVAV51Y7,2025-01-10T04:13:14.176744379Z,01JH75BRC5R3PWVJ5JM81G72R4,2025-01-10T04:13:14.176744379Z,01JH7698M7G6MH42XEE2RFAWRM,2025-01-10T04:13:14.176744379Z,01JH76G8W7YJSM7X4GBAVYGXDC,2025-01-10T04:13:14.176744379Z
01JH76PAPDEVEQTTMWNN54F983,01JH75BRBTV9ZDCJ2ZNVAV51Y7,2025-01-10T04:13:53.7416232Z,01JH75BRC5R3PWVJ5JM81G72R4,2025-01-10T04:13:53.7416232Z,01JH760MM9ZH1PD2FXD4W300HF,2025-01-10T04:13:53.7416232Z,01JH76G8W7YJSM7X4GAKQV344C,2025-01-10T04:13:53.7416232Z
01JH76C6DRZ2BZJVNHW208QHKE,01JH75BXGKCHVBPK51FSFMF40F,2025-01-10T04:08:21.688727159Z,01JH75BXGW3M8E8TARDVNEGQGH,2025-01-10T04:08:21.688727159Z,01JH75TQPDPFKD3E7PWWDBZ0NV,2025-01-10T04:08:21.688727159Z,01JH768GNVFZ50R7HYF739GZ64,2025-01-10T04:08:21.688727159Z
01JH76E15MSJPZT1RYPGDP7CSD,01JH75BXGKCHVBPK51FSFMF40F,2025-01-10T04:09:21.844626517Z,01JH75BXGW3M8E8TARDVNEGQGH,2025-01-10T04:09:21.844626517Z,01JH75TQPDPFKD3E7PWWDBZ0NV,2025-01-10T04:09:21.844626517Z,01JH768GNKBDJHCCQVV9RWRNY9,2025-01-10T04:09:21.844626517Z
01JH764KA15Q00VTDPH442H2C2,01JH75BY7XY51JV3SC0TENR5RV,2025-01-10T04:04:12.737458907Z,01JH75BY8576J4V1FNAHN7872E,2025-01-10T04:04:12.737458907Z,01JH75S8A0JTD1PJNHB20M96PY,2025-01-10T04:04:12.737458907Z,01JH764K3AY36WRCWSFHVC5PWA,2025-01-10T04:04:12.737458907Z
01JH76NXM03ZJJACJC2BBY2N8V,01JH75BRBTV9ZDCJ2ZNVAV51Y7,2025-01-10T04:13:40.352157202Z,01JH75BRC5R3PWVJ5JM81G72R4,2025-01-10T04:13:40.352157202Z,01JH7698M7G6MH42XEE2RFAWRM,2025-01-10T04:13:40.352157202Z,01JH76G8W6C1BGXSYV0B20CD2K,2025-01-10T04:13:40.352157202Z
01JH770RCSJB7GDT8403H0F2GD,01JH76C04AESX1H6Z3ZAAJSG9H,2025-01-10T04:19:35.449257441Z,01JH76C04MG6K5TW7WF4DF378H,2025-01-10T04:19:35.449257441Z,01JH76HS1J27ZPPNMW4HHE48J1,2025-01-10T04:19:35.449257441Z,01JH76WX7AR3W733R5EEVM6832,2025-01-10T04:19:35.449257441Z
01JH770WR5JCSEP8F211J0THBE,01JH76BZK2J8JZ5YJ1CE1M7ZM1,2025-01-10T04:19:39.909398565Z,01JH76BZKDW3FD9PW2N1Q55PDN,2025-01-10T04:19:39.909398565Z,01JH76KN673WHCJJN644TRX8H8,2025-01-10T04:19:39.909398565Z,01JH76Y4FCCM7SB2EP9GS4Y0CD,2025-01-10T04:19:39.909398565Z
01JH770WR8E9ZTC771AD4107SQ,01JH76BZK2J8JZ5YJ1CE1M7ZM1,2025-01-10T04:19:39.912342036Z,01JH76BZKDW3FD9PW2N1Q55PDN,2025-01-10T04:19:39.912342036Z,01JH76PWG7RQM62KP130WM8RK5,2025-01-10T04:19:39.912342036Z,01JH76Y4FCCM7SB2EP9GS4Y0CD,2025-01-10T04:19:39.912342036Z
01JH75Y912717D80SYK1DPN4W1,01JH75A3NFHZPPR1KZW23PMRW4,2025-01-10T04:00:45.602863785Z,01JH75A3P0SBG6XHS5GZ1JSBAC,2025-01-10T04:00:45.602863785Z,01JH75ENAEK6RFJJDJWN4TQTEZ,2025-01-10T04:00:45.602863785Z,01JH75PEM2B176JYF287V2602Z,2025-01-10T04:00:45.602863785Z
01JH7603QTZDGB4T0XBK3189ER,01JH75A3NFHZPPR1KZW23PMRW4,2025-01-10T04:01:45.722789801Z,01JH75A3P0SBG6XHS5GZ1JSBAC,2025-01-10T04:01:45.722789801Z,01JH75ENAEK6RFJJDJWN4TQTEZ,2025-01-10T04:01:45.722789801Z,01JH75PEM4YXZGJSRK6J2N32TQ,2025-01-10T04:01:45.722789801Z
01JH76EYHJX38X1APMYSSDRYT6,01JH75BXGKCHVBPK51FSFMF40F,2025-01-10T04:09:51.922984928Z,01JH75BXGW3M8E8TARDVNEGQGH,2025-01-10T04:09:51.922984928Z,01JH75T5W3SHQH36P0KHKZ15C7,2025-01-10T04:09:51.922984928Z,01JH768GNKBDJHCCQVVYWB8N7J,2025-01-10T04:09:51.922984928Z
01JH771X65CG8BBWXK18FEVR89,01JH76C04AESX1H6Z3ZAAJSG9H,2025-01-10T04:20:13.125224101Z,01JH76C04MG6K5TW7WF4DF378H,2025-01-10T04:20:13.125224101Z,01JH76NTCP62BBFHG2YAXT3CJW,2025-01-10T04:20:13.125224101Z,01JH76WX7EE2F6DBW0TKWE7CDY,2025-01-10T04:20:13.125224101Z
01JH768GYZK78TPDDN64XH9J94,01JH75BXGKCHVBPK51FSFMF40F,2025-01-10T04:06:21.407395498Z,01JH75BXGW3M8E8TARDVNEGQGH,2025-01-10T04:06:21.407395498Z,01JH760HEA2Y27PE47758W3GJG,2025-01-10T04:06:21.407395498Z,01JH768GNCYGJ6YYYBZ9B6Y2X7,2025-01-10T04:06:21.407395498Z
01JH76WXJHY8S4MKHQ3YVT2H45,01JH76C04AESX1H6Z3ZAAJSG9H,2025-01-10T04:17:29.681897875Z,01JH76C04MG6K5TW7WF4DF378H,2025-01-10T04:17:29.681897875Z,01JH76KG747BP35AEA704GSMXR,2025-01-10T04:17:29.681897875Z,01JH76WX77SQ8A4XA76YAN4GT1,2025-01-10T04:17:29.681897875Z
01JH774J94R8HF974PC2Y9BAQ6,01JH76BZK2J8JZ5YJ1CE1M7ZM1,2025-01-10T04:21:40.260686859Z,01JH76BZKDW3FD9PW2N1Q55PDN,2025-01-10T04:21:40.260686859Z,01JH76KN673WHCJJN644TRX8H8,2025-01-10T04:21:40.260686859Z,01JH76Y4FB5TSTTA54E4SPPA96,2025-01-10T04:21:40.260686859Z
01JH765TMQ0M32PAYRY3VVE02S,01JH75BY7XY51JV3SC0TENR5RV,2025-01-10T04:04:53.015609467Z,01JH75BY8576J4V1FNAHN7872E,2025-01-10T04:04:53.015609467Z,01JH75ZNQYRHHRWXQT85B1EXQJ,2025-01-10T04:04:53.015609467Z,01JH764K3C20TH5E5Z7Z5B2VRZ,2025-01-10T04:04:53.015609467Z
01JH76B91HH6Q68E2877XK9PYZ,01JH75BXGKCHVBPK51FSFMF40F,2025-01-10T04:07:51.601511261Z,01JH75BXGW3M8E8TARDVNEGQGH,2025-01-10T04:07:51.601511261Z,01JH75T5W3SHQH36P0KHKZ15C7,2025-01-10T04:07:51.601511261Z,01JH768GNEDRMVCTZD8RG2HHVZ,2025-01-10T04:07:51.601511261Z
01JH76E15KAADVN27G2A9CX2ZX,01JH75BXGKCHVBPK51FSFMF40F,2025-01-10T04:09:21.843890037Z,01JH75BXGW3M8E8TARDVNEGQGH,2025-01-10T04:09:21.843890037Z,01JH75T5W3SHQH36P0KHKZ15C7,2025-01-10T04:09:21.843890037Z,01JH768GNKBDJHCCQVV9RWRNY9,2025-01-10T04:09:21.843890037Z
01JH76HPP7QJBMWVNMG8YXZH4B,01JH75BWCAYVGAQ2CBEW6G7ZC8,2025-01-10T04:11:22.184052271Z,01JH75BWCKNAQ7HTNSDVBFT7HM,2025-01-10T04:11:22.184052271Z,01JH762Q8137938TSY46VAKHAA,2025-01-10T04:11:22.184052271Z,01JH76BNH7YS0NFMV7X7HVT9NZ,2025-01-10T04:11:22.184052271Z
01JH771676TNJQWRY4BFQXN5D0,01JH76C04AESX1H6Z3ZAAJSG9H,2025-01-10T04:19:49.606748517Z,01JH76C04MG6K5TW7WF4DF378H,2025-01-10T04:19:49.606748517Z,01JH76NTCP62BBFHG2YAXT3CJW,2025-01-10T04:19:49.606748517Z,01JH76WX7BVCTYHE319S3BJQA1,2025-01-10T04:19:49.606748517Z
01JH771X5ZQBNWDT91WH1CHW13,01JH76C04AESX1H6Z3ZAAJSG9H,2025-01-10T04:20:13.119184182Z,01JH76C04MG6K5TW7WF4DF378H,2025-01-10T04:20:13.119184182Z,01JH76HS1J27ZPPNMW4HHE48J1,2025-01-10T04:20:13.119184182Z,01JH76WX7EE2F6DBW0TKWE7CDY,2025-01-10T04:20:13.119184182Z
01JH770WR4RMYJMPWBC5XMX73Q,01JH76BZK2J8JZ5YJ1CE1M7ZM1,2025-01-10T04:19:39.908178043Z,01JH76BZKDW3FD9PW2N1Q55PDN,2025-01-10T04:19:39.908178043Z,01JH76JDM92XQ7F36WZQEW0WPV,2025-01-10T04:19:39.908178043Z,01JH76Y4FCCM7SB2EP9GS4Y0CD,2025-01-10T04:19:39.908178043Z
01JH774J95WEBXTCFE0J22DP80,01JH76BZK2J8JZ5YJ1CE1M7ZM1,2025-01-10T04:21:40.262019312Z,01JH76BZKDW3FD9PW2N1Q55PDN,2025-01-10T04:21:40.262019312Z,01JH76JDM92XQ7F36WZQEW0WPV,2025-01-10T04:21:40.262019312Z,01JH76Y4FB5TSTTA54E4SPPA96,2025-01-10T04:21:40.262019312Z
01JH775FN3D18PPP7R1WGXD2NV,01JH76BZK2J8JZ5YJ1CE1M7ZM1,2025-01-10T04:22:10.339600425Z,01JH76BZKDW3FD9PW2N1Q55PDN,2025-01-10T04:22:10.339600425Z,01JH76PWG7RQM62KP130WM8RK5,2025-01-10T04:22:10.339600425Z,01JH76Y4F95AY904H1EKNF4W39,2025-01-10T04:22:10.339600425Z
01JH764KA3F7QD22XY00F3WDMM,01JH75BY7XY51JV3SC0TENR5RV,2025-01-10T04:04:12.739625959Z,01JH75BY8576J4V1FNAHN7872E,2025-01-10T04:04:12.739625959Z,01JH75V3MAVW1WC2507AD1W0FP,2025-01-10T04:04:12.739625959Z,01JH764K3AY36WRCWSFHVC5PWA,2025-01-10T04:04:12.739625959Z
01JH76GSA6XVJY9Z1C2J4BC1R2,01JH75BWCAYVGAQ2CBEW6G7ZC8,2025-01-10T04:10:52.102166514Z,01JH75BWCKNAQ7HTNSDVBFT7HM,2025-01-10T04:10:52.102166514Z,01JH75WH3S83G01F05EDRP6BET,2025-01-10T04:10:52.102166514Z,01JH76BNHANH8K46P84QESWK6T,2025-01-10T04:10:52.102166514Z
01JH76WXJKCENHH9VJAEHS8PC0,01JH76C04AESX1H6Z3ZAAJSG9H,2025-01-10T04:17:29.683148751Z,01JH76C04MG6K5TW7WF4DF378H,2025-01-10T04:17:29.683148751Z,01JH76NTCP62BBFHG2YAXT3CJW,2025-01-10T04:17:29.683148751Z,01JH76WX77SQ8A4XA76YAN4GT1,2025-01-10T04:17:29.683148751Z
01JH76C6DQX4D8G608AB48T0J4,01JH75BXGKCHVBPK51FSFMF40F,2025-01-10T04:08:21.68723388Z,01JH75BXGW3M8E8TARDVNEGQGH,2025-01-10T04:08:21.68723388Z,01JH75T5W3SHQH36P0KHKZ15C7,2025-01-10T04:08:21.68723388Z,01JH768GNVFZ50R7HYF739GZ64,2025-01-10T04:08:21.68723388Z
01JH76EYHKS6ZN135C2ZF9H5F3,01JH75BXGKCHVBPK51FSFMF40F,2025-01-10T04:09:51.92384906Z,01JH75BXGW3M8E8TARDVNEGQGH,2025-01-10T04:09:51.92384906Z,01JH760HEA2Y27PE47758W3GJG,2025-01-10T04:09:51.92384906Z,01JH768GNKBDJHCCQVVYWB8N7J,2025-01-10T04:09:51.92384906Z
01JH76GSA4XM133E26FY8XXE2J,01JH75BWCAYVGAQ2CBEW6G7ZC8,2025-01-10T04:10:52.100651829Z,01JH75BWCKNAQ7HTNSDVBFT7HM,2025-01-10T04:10:52.100651829Z,01JH764CYEP5C0R0KC6C89N35J,2025-01-10T04:10:52.100651829Z,01JH76BNHANH8K46P84QESWK6T,2025-01-10T04:10:52.100651829Z
01JH76J3XH8DATPT7EHYRAWT53,01JH75BRBTV9ZDCJ2ZNVAV51Y7,2025-01-10T04:11:35.729741405Z,01JH75BRC5R3PWVJ5JM81G72R4,2025-01-10T04:11:35.729741405Z,01JH769315QJH8JY5946V080W8,2025-01-10T04:11:35.729741405Z,01JH76G8VWB1SZNR1R3E5WC376,2025-01-10T04:11:35.729741405Z
01JH775FN2WWZNXV19381FB8PE,01JH76BZK2J8JZ5YJ1CE1M7ZM1,2025-01-10T04:22:10.338695598Z,01JH76BZKDW3FD9PW2N1Q55PDN,2025-01-10T04:22:10.338695598Z,01JH76KN673WHCJJN644TRX8H8,2025-01-10T04:22:10.338695598Z,01JH76Y4F95AY904H1EKNF4W39,2025-01-10T04:22:10.338695598Z
01JH75S0AF6X7HBWNRMDTMBC39,01JH75A3NFHZPPR1KZW23PMRW4,2025-01-10T03:57:52.847159382Z,01JH75A3P0SBG6XHS5GZ1JSBAC,2025-01-10T03:57:52.847159382Z,01JH75F7G8PGD45T43SZ6M6BH6,2025-01-10T03:57:52.847159382Z,01JH75PEM06BHN9X735EEDR772,2025-01-10T03:57:52.847159382Z
01JH76C6DP7RCWA08Z97E02X2T,01JH75BXGKCHVBPK51FSFMF40F,2025-01-10T04:08:21.686471705Z,01JH75BXGW3M8E8TARDVNEGQGH,2025-01-10T04:08:21.686471705Z,01JH75SPVP8TXHEZH6TZCD7TFB,2025-01-10T04:08:21.686471705Z,01JH768GNVFZ50R7HYF739GZ64,2025-01-10T04:08:21.686471705Z
01JH76MPWEXZR6GGWBW2HZCA2V,01JH75BRBTV9ZDCJ2ZNVAV51Y7,2025-01-10T04:13:00.686377428Z,01JH75BRC5R3PWVJ5JM81G72R4,2025-01-10T04:13:00.686377428Z,01JH769MC34R0MQRAATVH2NZE6,2025-01-10T04:13:00.686377428Z,01JH76G8W5M77R0CYCJ2R13VCG,2025-01-10T04:13:00.686377428Z
01JH766MXZSXJBCG4SQJFPDP1X,01JH75BY7XY51JV3SC0TENR5RV,2025-01-10T04:05:19.935756583Z,01JH75BY8576J4V1FNAHN7872E,2025-01-10T04:05:19.935756583Z,01JH75ZNQYRHHRWXQT85B1EXQJ,2025-01-10T04:05:19.935756583Z,01JH764K3GG0VQKZPCAY2783WK,2025-01-10T04:05:19.935756583Z
01JH76F1RACV4FFRR98MYXHGWF,01JH75BWCAYVGAQ2CBEW6G7ZC8,2025-01-10T04:09:55.210947697Z,01JH75BWCKNAQ7HTNSDVBFT7HM,2025-01-10T04:09:55.210947697Z,01JH75WH3S83G01F05EDRP6BET,2025-01-10T04:09:55.210947697Z,01JH76BNH89D2N22NFK77CN4BP,2025-01-10T04:09:55.210947697Z
01JH76FT7X81FK5HFQP49H72G5,01JH75BXGKCHVBPK51FSFMF40F,2025-01-10T04:10:20.286011718Z,01JH75BXGW3M8E8TARDVNEGQGH,2025-01-10T04:10:20.286011718Z,01JH760HEA2Y27PE47758W3GJG,2025-01-10T04:10:20.286011718Z,01JH768GNJ2YWNVJNWA1GN803G,2025-01-10T04:10:20.286011718Z
01JH76FZ45V8DQRVZN0F5YYZ9J,01JH75BWCAYVGAQ2CBEW6G7ZC8,2025-01-10T04:10:25.285183293Z,01JH75BWCKNAQ7HTNSDVBFT7HM,2025-01-10T04:10:25.285183293Z,01JH764CYEP5C0R0KC6C89N35J,2025-01-10T04:10:25.285183293Z,01JH76BNH96JSMQNZGGX5QV6PP,2025-01-10T04:10:25.285183293Z
01JH772QGG16QQPVC3X09XNQ5W,01JH76BZK2J8JZ5YJ1CE1M7ZM1,2025-01-10T04:20:40.080098779Z,01JH76BZKDW3FD9PW2N1Q55PDN,2025-01-10T04:20:40.080098779Z,01JH76JDM92XQ7F36WZQEW0WPV,2025-01-10T04:20:40.080098779Z,01JH76Y4FEY817SRJZJJD40EM5,2025-01-10T04:20:40.080098779Z
01JH774J93ZPM13X4W1BF8AHER,01JH76BZK2J8JZ5YJ1CE1M7ZM1,2025-01-10T04:21:40.259286452Z,01JH76BZKDW3FD9PW2N1Q55PDN,2025-01-10T04:21:40.259286452Z,01JH76P44C95BABZEAY2A9TEQQ,2025-01-10T04:21:40.259286452Z,01JH76Y4FB5TSTTA54E4SPPA96,2025-01-10T04:21:40.259286452Z
01JH76D713QH3YMGT3RA7GV0PJ,01JH75BWCAYVGAQ2CBEW6G7ZC8,2025-01-10T04:08:55.075941005Z,01JH75BWCKNAQ7HTNSDVBFT7HM,2025-01-10T04:08:55.075941005Z,01JH762Q8137938TSY46VAKHAA,2025-01-10T04:08:55.075941005Z,01JH76BNH6S1MEDXF8KHBETR1Z,2025-01-10T04:08:55.075941005Z
01JH76N421P32VB67BPMT8N35C,01JH75BRBTV9ZDCJ2ZNVAV51Y7,2025-01-10T04:13:14.178010338Z,01JH75BRC5R3PWVJ5JM81G72R4,2025-01-10T04:13:14.178010338Z,01JH769315QJH8JY5946V080W8,2025-01-10T04:13:14.178010338Z,01JH76G8W7YJSM7X4GBAVYGXDC,2025-01-10T04:13:14.178010338Z
01JH770RCVTFSXZP1QJ1MBCKW8,01JH76C04AESX1H6Z3ZAAJSG9H,2025-01-10T04:19:35.451874671Z,01JH76C04MG6K5TW7WF4DF378H,2025-01-10T04:19:35.451874671Z,01JH76N2Y9BNP76C06EZ84MNE9,2025-01-10T04:19:35.451874671Z,01JH76WX7AR3W733R5EEVM6832,2025-01-10T04:19:35.451874671Z
01JH766MY0GSQP826M766B12GJ,01JH75BY7XY51JV3SC0TENR5RV,2025-01-10T04:05:19.936489389Z,01JH75BY8576J4V1FNAHN7872E,2025-01-10T04:05:19.936489389Z,01JH75XRED75XDX3HVPH6YK28E,2025-01-10T04:05:19.936489389Z,01JH764K3GG0VQKZPCAY2783WK,2025-01-10T04:05:19.936489389Z
01JH75S0ABJ176JSX6Q2T5MSHG,01JH75A3NFHZPPR1KZW23PMRW4,2025-01-10T03:57:52.843375684Z,01JH75A3P0SBG6XHS5GZ1JSBAC,2025-01-10T03:57:52.843375684Z,01JH75DW3ZJ5E668V223Z0PGVT,2025-01-10T03:57:52.843375684Z,01JH75PEM06BHN9X735EEDR772,2025-01-10T03:57:52.843375684Z
01JH75WNRCP756QNJAMYARP326,01JH75A3NFHZPPR1KZW23PMRW4,2025-01-10T03:59:53.100486496Z,01JH75A3P0SBG6XHS5GZ1JSBAC,2025-01-10T03:59:53.100486496Z,01JH75F7G8PGD45T43SZ6M6BH6,2025-01-10T03:59:53.100486496Z,01JH75PEM3N7TJQDXT8AM34T4Y,2025-01-10T03:59:53.100486496Z
01JH76PAPBPCJ23Z8VVNPXCP23,01JH75BRBTV9ZDCJ2ZNVAV51Y7,2025-01-10T04:13:53.739637136Z,01JH75BRC5R3PWVJ5JM81G72R4,2025-01-10T04:13:53.739637136Z,01JH769315QJH8JY5946V080W8,2025-01-10T04:13:53.739637136Z,01JH76G8W7YJSM7X4GAKQV344C,2025-01-10T04:13:53.739637136Z
01JH7704ABVK797GPFA2Z5CGG7,01JH76C04AESX1H6Z3ZAAJSG9H,2025-01-10T04:19:14.891381673Z,01JH76C04MG6K5TW7WF4DF378H,2025-01-10T04:19:14.891381673Z,01JH76HS1J27ZPPNMW4HHE48J1,2025-01-10T04:19:14.891381673Z,01JH76WX7DBAHZK2XVX17H2JX1,2025-01-10T04:19:14.891381673Z
01JH771T4FTPV8E9Z548ACN106,01JH76BZK2J8JZ5YJ1CE1M7ZM1,2025-01-10T04:20:09.999327152Z,01JH76BZKDW3FD9PW2N1Q55PDN,2025-01-10T04:20:09.999327152Z,01JH76JDM92XQ7F36WZQEW0WPV,2025-01-10T04:20:09.999327152Z,01JH76Y4FFNVG87JYT78MT1HR6,2025-01-10T04:20:09.999327152Z
01JH773MWVC1NA3QJQHSAWEZSY,01JH76BZK2J8JZ5YJ1CE1M7ZM1,2025-01-10T04:21:10.171483805Z,01JH76BZKDW3FD9PW2N1Q55PDN,2025-01-10T04:21:10.171483805Z,01JH76JDM92XQ7F36WZQEW0WPV,2025-01-10T04:21:10.171483805Z,01JH76Y4FGSAHEM5MRSP9943X5,2025-01-10T04:21:10.171483805Z
01JH75WNRCP756QNJAMHD7C27P,01JH75A3NFHZPPR1KZW23PMRW4,2025-01-10T03:59:53.10007442Z,01JH75A3P0SBG6XHS5GZ1JSBAC,2025-01-10T03:59:53.10007442Z,01JH75DFD941H576079Q3ZYJ1W,2025-01-10T03:59:53.10007442Z,01JH75PEM3N7TJQDXT8AM34T4Y,2025-01-10T03:59:53.10007442Z
01JH76JM26ZB2YXYJNWQQB186B,01JH75BWCAYVGAQ2CBEW6G7ZC8,2025-01-10T04:11:52.262176743Z,01JH75BWCKNAQ7HTNSDVBFT7HM,2025-01-10T04:11:52.262176743Z,01JH764Q1V79W1BY6XYS4QGRFT,2025-01-10T04:11:52.262176743Z,01JH76BNH96JSMQNZGHFC444N1,2025-01-10T04:11:52.262176743Z
01JH76JZJNBQ80RMV8K0JVGRZQ,01JH75BRBTV9ZDCJ2ZNVAV51Y7,2025-01-10T04:12:04.053735807Z,01JH75BRC5R3PWVJ5JM81G72R4,2025-01-10T04:12:04.053735807Z,01JH7698M7G6MH42XEE2RFAWRM,2025-01-10T04:12:04.053735807Z,01JH76G8W1AGTTQVCFSZFSNGTC,2025-01-10T04:12:04.053735807Z
01JH75Y9133AFK4RDF28E58KDV,01JH75A3NFHZPPR1KZW23PMRW4,2025-01-10T04:00:45.603257092Z,01JH75A3P0SBG6XHS5GZ1JSBAC,2025-01-10T04:00:45.603257092Z,01JH75F7G8PGD45T43SZ6M6BH6,2025-01-10T04:00:45.603257092Z,01JH75PEM2B176JYF287V2602Z,2025-01-10T04:00:45.603257092Z
01JH75TV0SA4ZRNVN4S53YSNEN,01JH75A3NFHZPPR1KZW23PMRW4,2025-01-10T03:58:52.953074621Z,01JH75A3P0SBG6XHS5GZ1JSBAC,2025-01-10T03:58:52.953074621Z,01JH75F7G8PGD45T43SZ6M6BH6,2025-01-10T03:58:52.953074621Z,01JH75PEKZKRANMQHSEFXAPF23,2025-01-10T03:58:52.953074621Z
01JH761CWJ0Y59M00CBGD2S7DA,01JH75A3NFHZPPR1KZW23PMRW4,2025-01-10T04:02:27.858206247Z,01JH75A3P0SBG6XHS5GZ1JSBAC,2025-01-10T04:02:27.858206247Z,01JH75DFD941H576079Q3ZYJ1W,2025-01-10T04:02:27.858206247Z,01JH75PEM06BHN9X73626VRH4N,2025-01-10T04:02:27.858206247Z
01JH76ABNDQN7DA47KHFRNYAVJ,01JH75BXGKCHVBPK51FSFMF40F,2025-01-10T04:07:21.51707681Z,01JH75BXGW3M8E8TARDVNEGQGH,2025-01-10T04:07:21.51707681Z,01JH75SPVP8TXHEZH6TZCD7TFB,2025-01-10T04:07:21.51707681Z,01JH768GNMSFW697C5TBQJG2HY,2025-01-10T04:07:21.51707681Z
01JH76BNRKGJ48W3Q0S9Z4RKJ4,01JH75BWCAYVGAQ2CBEW6G7ZC8,2025-01-10T04:08:04.627064052Z,01JH75BWCKNAQ7HTNSDVBFT7HM,2025-01-10T04:08:04.627064052Z,01JH75WH3S83G01F05EDRP6BET,2025-01-10T04:08:04.627064052Z,01JH76BNH1YKP0TD4P0T3DTJD2,2025-01-10T04:08:04.627064052Z
01JH76BNRKGJ48W3Q0SK254PNP,01JH75BWCAYVGAQ2CBEW6G7ZC8,2025-01-10T04:08:04.627737839Z,01JH75BWCKNAQ7HTNSDVBFT7HM,2025-01-10T04:08:04.627737839Z,01JH764Q1V79W1BY6XYS4QGRFT,2025-01-10T04:08:04.627737839Z,01JH76BNH1YKP0TD4P0T3DTJD2,2025-01-10T04:08:04.627737839Z
01JH76JM25QQRDTF45K7BXJY88,01JH75BWCAYVGAQ2CBEW6G7ZC8,2025-01-10T04:11:52.261162154Z,01JH75BWCKNAQ7HTNSDVBFT7HM,2025-01-10T04:11:52.261162154Z,01JH762Q8137938TSY46VAKHAA,2025-01-10T04:11:52.261162154Z,01JH76BNH96JSMQNZGHFC444N1,2025-01-10T04:11:52.261162154Z
01JH76Y4SQR2WYKTCA3XW4CR6F,01JH76BZK2J8JZ5YJ1CE1M7ZM1,2025-01-10T04:18:09.847126248Z,01JH76BZKDW3FD9PW2N1Q55PDN,2025-01-10T04:18:09.847126248Z,01JH76P44C95BABZEAY2A9TEQQ,2025-01-10T04:18:09.847126248Z,01JH76Y4F6W36DH5D36997CH00,2025-01-10T04:18:09.847126248Z
01JH771HEQ9K1W2TGPF22TF2BA,01JH76C04AESX1H6Z3ZAAJSG9H,2025-01-10T04:20:01.111173772Z,01JH76C04MG6K5TW7WF4DF378H,2025-01-10T04:20:01.111173772Z,01JH76KG747BP35AEA704GSMXR,2025-01-10T04:20:01.111173772Z,01JH76WX7HRGWDJ8MX7MMSCP5P,2025-01-10T04:20:01.111173772Z
01JH775FN5XH77X0ED423P6AA6,01JH76BZK2J8JZ5YJ1CE1M7ZM1,2025-01-10T04:22:10.342017409Z,01JH76BZKDW3FD9PW2N1Q55PDN,2025-01-10T04:22:10.342017409Z,01JH76P44C95BABZEAY2A9TEQQ,2025-01-10T04:22:10.342017409Z,01JH76Y4F95AY904H1EKNF4W39,2025-01-10T04:22:10.342017409Z
01JH761CWKAQXEA0NQFW631TS0,01JH75A3NFHZPPR1KZW23PMRW4,2025-01-10T04:02:27.859290986Z,01JH75A3P0SBG6XHS5GZ1JSBAC,2025-01-10T04:02:27.859290986Z,01JH75ENAEK6RFJJDJWN4TQTEZ,2025-01-10T04:02:27.859290986Z,01JH75PEM06BHN9X73626VRH4N,2025-01-10T04:02:27.859290986Z
01JH764KA15Q00VTDPHEAS44R3,01JH75BY7XY51JV3SC0TENR5RV,2025-01-10T04:04:12.737887165Z,01JH75BY8576J4V1FNAHN7872E,2025-01-10T04:04:12.737887165Z,01JH75XRED75XDX3HVPH6YK28E,2025-01-10T04:04:12.737887165Z,01JH764K3AY36WRCWSFHVC5PWA,2025-01-10T04:04:12.737887165Z
01JH765TMJRAGYK207QF03T75M,01JH75BY7XY51JV3SC0TENR5RV,2025-01-10T04:04:53.010635985Z,01JH75BY8576J4V1FNAHN7872E,2025-01-10T04:04:53.010635985Z,01JH75V3MAVW1WC2507AD1W0FP,2025-01-10T04:04:53.010635985Z,01JH764K3C20TH5E5Z7Z5B2VRZ,2025-01-10T04:04:53.010635985Z
01JH76D3SQ8D0NQB61JS353XZY,01JH75BXGKCHVBPK51FSFMF40F,2025-01-10T04:08:51.767701732Z,01JH75BXGW3M8E8TARDVNEGQGH,2025-01-10T04:08:51.767701732Z,01JH760HEA2Y27PE47758W3GJG,2025-01-10T04:08:51.767701732Z,01JH768GNP27MZJHCD9XFN83K9,2025-01-10T04:08:51.767701732Z
01JH76YCPA7PMMAY404RT9XJCN,01JH76C04AESX1H6Z3ZAAJSG9H,2025-01-10T04:18:17.930786648Z,01JH76C04MG6K5TW7WF4DF378H,2025-01-10T04:18:17.930786648Z,01JH76KG747BP35AEA704GSMXR,2025-01-10T04:18:17.930786648Z,01JH76WX7C148QDCDHPXZACQ8H,2025-01-10T04:18:17.930786648Z
01JH76Z8RW3W9NDCXCSDQZRD7B,01JH76C04AESX1H6Z3ZAAJSG9H,2025-01-10T04:18:46.684154692Z,01JH76C04MG6K5TW7WF4DF378H,2025-01-10T04:18:46.684154692Z,01JH76NTCP62BBFHG2YAXT3CJW,2025-01-10T04:18:46.684154692Z,01JH76WX7GE93WDQNMVV1FJGKA,2025-01-10T04:18:46.684154692Z
01JH7603QVFK3WSZ1P5AHCJYQJ,01JH75A3NFHZPPR1KZW23PMRW4,2025-01-10T04:01:45.723332654Z,01JH75A3P0SBG6XHS5GZ1JSBAC,2025-01-10T04:01:45.723332654Z,01JH75F7G8PGD45T43SZ6M6BH6,2025-01-10T04:01:45.723332654Z,01JH75PEM4YXZGJSRK6J2N32TQ,2025-01-10T04:01:45.723332654Z
01JH7686DRBKFAYBY4T4GJS4M3,01JH75BY7XY51JV3SC0TENR5RV,2025-01-10T04:06:10.616888497Z,01JH75BY8576J4V1FNAHN7872E,2025-01-10T04:06:10.616888497Z,01JH75S8A0JTD1PJNHB20M96PY,2025-01-10T04:06:10.616888497Z,01JH764K3GG0VQKZPCBA5VJYC7,2025-01-10T04:06:10.616888497Z
01JH76YCPBS05NC0TDDZWBQCJS,01JH76C04AESX1H6Z3ZAAJSG9H,2025-01-10T04:18:17.931690165Z,01JH76C04MG6K5TW7WF4DF378H,2025-01-10T04:18:17.931690165Z,01JH76N2Y9BNP76C06EZ84MNE9,2025-01-10T04:18:17.931690165Z,01JH76WX7C148QDCDHPXZACQ8H,2025-01-10T04:18:17.931690165Z
01JH771T4JW1YBFN9FK23BQP7Y,01JH76BZK2J8JZ5YJ1CE1M7ZM1,2025-01-10T04:20:10.002930409Z,01JH76BZKDW3FD9PW2N1Q55PDN,2025-01-10T04:20:10.002930409Z,01JH76PWG7RQM62KP130WM8RK5,2025-01-10T04:20:10.002930409Z,01JH76Y4FFNVG87JYT78MT1HR6,2025-01-10T04:20:10.002930409Z
01JH75TV0PXMMCCW9VR58X5GE4,01JH75A3NFHZPPR1KZW23PMRW4,2025-01-10T03:58:52.950123072Z,01JH75A3P0SBG6XHS5GZ1JSBAC,2025-01-10T03:58:52.950123072Z,01JH75ENAEK6RFJJDJWN4TQTEZ,2025-01-10T03:58:52.950123072Z,01JH75PEKZKRANMQHSEFXAPF23,2025-01-10T03:58:52.950123072Z
01JH76D711XMBPBRKSZ88VGVYK,01JH75BWCAYVGAQ2CBEW6G7ZC8,2025-01-10T04:08:55.073404494Z,01JH75BWCKNAQ7HTNSDVBFT7HM,2025-01-10T04:08:55.073404494Z,01JH764CYEP5C0R0KC6C89N35J,2025-01-10T04:08:55.073404494Z,01JH76BNH6S1MEDXF8KHBETR1Z,2025-01-10T04:08:55.073404494Z
01JH76YCPCX8EFAA1YVT3AG4QE,01JH76C04AESX1H6Z3ZAAJSG9H,2025-01-10T04:18:17.932661035Z,01JH76C04MG6K5TW7WF4DF378H,2025-01-10T04:18:17.932661035Z,01JH76NTCP62BBFHG2YAXT3CJW,2025-01-10T04:18:17.932661035Z,01JH76WX7C148QDCDHPXZACQ8H,2025-01-10T04:18:17.932661035Z
01JH773MWXZP6PNCKCWMYPM913,01JH76BZK2J8JZ5YJ1CE1M7ZM1,2025-01-10T04:21:10.173025518Z,01JH76BZKDW3FD9PW2N1Q55PDN,2025-01-10T04:21:10.173025518Z,01JH76PWG7RQM62KP130WM8RK5,2025-01-10T04:21:10.173025518Z,01JH76Y4FGSAHEM5MRSP9943X5,2025-01-10T04:21:10.173025518Z
01JH75PF1KB1V8Z54NKBK37XTR,01JH75A3NFHZPPR1KZW23PMRW4,2025-01-10T03:56:29.619375307Z,01JH75A3P0SBG6XHS5GZ1JSBAC,2025-01-10T03:56:29.619375307Z,01JH75DFD941H576079Q3ZYJ1W,2025-01-10T03:56:29.619375307Z,01JH75PEKYTGG4XA0ZHY480S7V,2025-01-10T03:56:29.619375307Z
01JH76FZ44CBNE3G73R6X8DSCW,01JH75BWCAYVGAQ2CBEW6G7ZC8,2025-01-10T04:10:25.284751293Z,01JH75BWCKNAQ7HTNSDVBFT7HM,2025-01-10T04:10:25.284751293Z,01JH762Q8137938TSY46VAKHAA,2025-01-10T04:10:25.284751293Z,01JH76BNH96JSMQNZGGX5QV6PP,2025-01-10T04:10:25.284751293Z
01JH76JM2395XFZ4HDQ2EG5YV4,01JH75BWCAYVGAQ2CBEW6G7ZC8,2025-01-10T04:11:52.259281712Z,01JH75BWCKNAQ7HTNSDVBFT7HM,2025-01-10T04:11:52.259281712Z,01JH75WH3S83G01F05EDRP6BET,2025-01-10T04:11:52.259281712Z,01JH76BNH96JSMQNZGHFC444N1,2025-01-10T04:11:52.259281712Z
01JH75WNRCP756QNJANAZD19FE,01JH75A3NFHZPPR1KZW23PMRW4,2025-01-10T03:59:53.100972027Z,01JH75A3P0SBG6XHS5GZ1JSBAC,2025-01-10T03:59:53.100972027Z,01JH75ENAEK6RFJJDJWN4TQTEZ,2025-01-10T03:59:53.100972027Z,01JH75PEM3N7TJQDXT8AM34T4Y,2025-01-10T03:59:53.100972027Z
01JH7603QWASV9H956AMWVXXKQ,01JH75A3NFHZPPR1KZW23PMRW4,2025-01-10T04:01:45.7241612Z,01JH75A3P0SBG6XHS5GZ1JSBAC,2025-01-10T04:01:45.7241612Z,01JH75DW3ZJ5E668V223Z0PGVT,2025-01-10T04:01:45.7241612Z,01JH75PEM4YXZGJSRK6J2N32TQ,2025-01-10T04:01:45.7241612Z
01JH7686DSBV4X296HKNXCXHJQ,01JH75BY7XY51JV3SC0TENR5RV,2025-01-10T04:06:10.617862779Z,01JH75BY8576J4V1FNAHN7872E,2025-01-10T04:06:10.617862779Z,01JH75XRED75XDX3HVPH6YK28E,2025-01-10T04:06:10.617862779Z,01JH764K3GG0VQKZPCBA5VJYC7,2025-01-10T04:06:10.617862779Z
01JH771671963BD901K1SHJFZZ,01JH76C04AESX1H6Z3ZAAJSG9H,2025-01-10T04:19:49.601874628Z,01JH76C04MG6K5TW7WF4DF378H,2025-01-10T04:19:49.601874628Z,01JH76HS1J27ZPPNMW4HHE48J1,2025-01-10T04:19:49.601874628Z,01JH76WX7BVCTYHE319S3BJQA1,2025-01-10T04:19:49.601874628Z
01JH75TV0PXMMCCW9VRJ731TR1,01JH75A3NFHZPPR1KZW23PMRW4,2025-01-10T03:58:52.950422794Z,01JH75A3P0SBG6XHS5GZ1JSBAC,2025-01-10T03:58:52.950422794Z,01JH75DW3ZJ5E668V223Z0PGVT,2025-01-10T03:58:52.950422794Z,01JH75PEKZKRANMQHSEFXAPF23,2025-01-10T03:58:52.950422794Z
01JH76G96FWZNDYVHEWKQTJFQM,01JH75BRBTV9ZDCJ2ZNVAV51Y7,2025-01-10T04:10:35.599286474Z,01JH75BRC5R3PWVJ5JM81G72R4,2025-01-10T04:10:35.599286474Z,01JH769315QJH8JY5946V080W8,2025-01-10T04:10:35.599286474Z,01JH76G8VVJ1W37B325GYNRPKP,2025-01-10T04:10:35.599286474Z
01JH76Z8RTQZMG69H0QGA0YJ9P,01JH76C04AESX1H6Z3ZAAJSG9H,2025-01-10T04:18:46.682902699Z,01JH76C04MG6K5TW7WF4DF378H,2025-01-10T04:18:46.682902699Z,01JH76N2Y9BNP76C06EZ84MNE9,2025-01-10T04:18:46.682902699Z,01JH76WX7GE93WDQNMVV1FJGKA,2025-01-10T04:18:46.682902699Z
01JH76ZZH98B73JG5QPQ27452S,01JH76BZK2J8JZ5YJ1CE1M7ZM1,2025-01-10T04:19:09.993076752Z,01JH76BZKDW3FD9PW2N1Q55PDN,2025-01-10T04:19:09.993076752Z,01JH76P44C95BABZEAY2A9TEQQ,2025-01-10T04:19:09.993076752Z,01JH76Y4F81MPTGG27RKTXHK9P,2025-01-10T04:19:09.993076752Z
01JH767C0N0PH768TH7XJXGZG1,01JH75BY7XY51JV3SC0TENR5RV,2025-01-10T04:05:43.573539648Z,01JH75BY8576J4V1FNAHN7872E,2025-01-10T04:05:43.573539648Z,01JH75V3MAVW1WC2507AD1W0FP,2025-01-10T04:05:43.573539648Z,01JH764K3D4ZZJE4N76CCH533F,2025-01-10T04:05:43.573539648Z
01JH76E4CQZZ3HZDDMEW7BBXDA,01JH75BWCAYVGAQ2CBEW6G7ZC8,2025-01-10T04:09:25.143980743Z,01JH75BWCKNAQ7HTNSDVBFT7HM,2025-01-10T04:09:25.143980743Z,01JH762Q8137938TSY46VAKHAA,2025-01-10T04:09:25.143980743Z,01JH76BNH7YS0NFMV7XV09AS5A,2025-01-10T04:09:25.143980743Z
01JH76N41Z1077R98DENT4P5TQ,01JH75BRBTV9ZDCJ2ZNVAV51Y7,2025-01-10T04:13:14.175740534Z,01JH75BRC5R3PWVJ5JM81G72R4,2025-01-10T04:13:14.175740534Z,01JH760MM9ZH1PD2FXD4W300HF,2025-01-10T04:13:14.175740534Z,01JH76G8W7YJSM7X4GBAVYGXDC,2025-01-10T04:13:14.175740534Z
01JH76ZZHBPA0J1455CWN3XWVB,01JH76BZK2J8JZ5YJ1CE1M7ZM1,2025-01-10T04:19:09.995068247Z,01JH76BZKDW3FD9PW2N1Q55PDN,2025-01-10T04:19:09.995068247Z,01JH76PWG7RQM62KP130WM8RK5,2025-01-10T04:19:09.995068247Z,01JH76Y4F81MPTGG27RKTXHK9P,2025-01-10T04:19:09.995068247Z
01JH76D3SN891FWDRGHY9W3TCB,01JH75BXGKCHVBPK51FSFMF40F,2025-01-10T04:08:51.765767483Z,01JH75BXGW3M8E8TARDVNEGQGH,2025-01-10T04:08:51.765767483Z,01JH75TQPDPFKD3E7PWWDBZ0NV,2025-01-10T04:08:51.765767483Z,01JH768GNP27MZJHCD9XFN83K9,2025-01-10T04:08:51.765767483Z
01JH76D711XMBPBRKSZM0PHWBZ,01JH75BWCAYVGAQ2CBEW6G7ZC8,2025-01-10T04:08:55.073879903Z,01JH75BWCKNAQ7HTNSDVBFT7HM,2025-01-10T04:08:55.073879903Z,01JH75WH3S83G01F05EDRP6BET,2025-01-10T04:08:55.073879903Z,01JH76BNH6S1MEDXF8KHBETR1Z,2025-01-10T04:08:55.073879903Z
01JH76WXJG1AKP0X6WYW7DS3W5,01JH76C04AESX1H6Z3ZAAJSG9H,2025-01-10T04:17:29.680152933Z,01JH76C04MG6K5TW7WF4DF378H,2025-01-10T04:17:29.680152933Z,01JH76HS1J27ZPPNMW4HHE48J1,2025-01-10T04:17:29.680152933Z,01JH76WX77SQ8A4XA76YAN4GT1,2025-01-10T04:17:29.680152933Z
01JH761CWJ0Y59M00CBXPEKSAM,01JH75A3NFHZPPR1KZW23PMRW4,2025-01-10T04:02:27.858836539Z,01JH75A3P0SBG6XHS5GZ1JSBAC,2025-01-10T04:02:27.858836539Z,01JH75DW3ZJ5E668V223Z0PGVT,2025-01-10T04:02:27.858836539Z,01JH75PEM06BHN9X73626VRH4N,2025-01-10T04:02:27.858836539Z
01JH7686DSBV4X296HKBKYZ8EJ,01JH75BY7XY51JV3SC0TENR5RV,2025-01-10T04:06:10.617353083Z,01JH75BY8576J4V1FNAHN7872E,2025-01-10T04:06:10.617353083Z,01JH75V3MAVW1WC2507AD1W0FP,2025-01-10T04:06:10.617353083Z,01JH764K3GG0VQKZPCBA5VJYC7,2025-01-10T04:06:10.617353083Z
01JH76C6DQX4D8G608ARE39V1X,01JH75BXGKCHVBPK51FSFMF40F,2025-01-10T04:08:21.688021209Z,01JH75BXGW3M8E8TARDVNEGQGH,2025-01-10T04:08:21.688021209Z,01JH760HEA2Y27PE47758W3GJG,2025-01-10T04:08:21.688021209Z,01JH768GNVFZ50R7HYF739GZ64,2025-01-10T04:08:21.688021209Z
01JH76D3SMY5ASFBGXJ2QHGQ93,01JH75BXGKCHVBPK51FSFMF40F,2025-01-10T04:08:51.765013004Z,01JH75BXGW3M8E8TARDVNEGQGH,2025-01-10T04:08:51.765013004Z,01JH75SPVP8TXHEZH6TZCD7TFB,2025-01-10T04:08:51.765013004Z,01JH768GNP27MZJHCD9XFN83K9,2025-01-10T04:08:51.765013004Z
01JH76KSG3DPRTYK6WFG546H2H,01JH75BRBTV9ZDCJ2ZNVAV51Y7,2025-01-10T04:12:30.595431278Z,01JH75BRC5R3PWVJ5JM81G72R4,2025-01-10T04:12:30.595431278Z,01JH769315QJH8JY5946V080W8,2025-01-10T04:12:30.595431278Z,01JH76G8W2V6J3D4CFM2JD3NXC,2025-01-10T04:12:30.595431278Z
01JH75WNRBAEJVGNTJ7DCW7AVF,01JH75A3NFHZPPR1KZW23PMRW4,2025-01-10T03:59:53.099309915Z,01JH75A3P0SBG6XHS5GZ1JSBAC,2025-01-10T03:59:53.099309915Z,01JH75DW3ZJ5E668V223Z0PGVT,2025-01-10T03:59:53.099309915Z,01JH75PEM3N7TJQDXT8AM34T4Y,2025-01-10T03:59:53.099309915Z
01JH76B91GVV4P6SKD3AD2CZY5,01JH75BXGKCHVBPK51FSFMF40F,2025-01-10T04:07:51.600383849Z,01JH75BXGW3M8E8TARDVNEGQGH,2025-01-10T04:07:51.600383849Z,01JH760HEA2Y27PE47758W3GJG,2025-01-10T04:07:51.600383849Z,01JH768GNEDRMVCTZD8RG2HHVZ,2025-01-10T04:07:51.600383849Z
01JH76MPWFG4031ERM0MMM4GBC,01JH75BRBTV9ZDCJ2ZNVAV51Y7,2025-01-10T04:13:00.687025681Z,01JH75BRC5R3PWVJ5JM81G72R4,2025-01-10T04:13:00.687025681Z,01JH7698M7G6MH42XEE2RFAWRM,2025-01-10T04:13:00.687025681Z,01JH76G8W5M77R0CYCJ2R13VCG,2025-01-10T04:13:00.687025681Z
01JH771X60PZJPGB3TKH9W53DX,01JH76C04AESX1H6Z3ZAAJSG9H,2025-01-10T04:20:13.120895986Z,01JH76C04MG6K5TW7WF4DF378H,2025-01-10T04:20:13.120895986Z,01JH76KG747BP35AEA704GSMXR,2025-01-10T04:20:13.120895986Z,01JH76WX7EE2F6DBW0TKWE7CDY,2025-01-10T04:20:13.120895986Z
01JH765TMKXQDF4JMJGPXB3BNN,01JH75BY7XY51JV3SC0TENR5RV,2025-01-10T04:04:53.011431945Z,01JH75BY8576J4V1FNAHN7872E,2025-01-10T04:04:53.011431945Z,01JH75XRED75XDX3HVPH6YK28E,2025-01-10T04:04:53.011431945Z,01JH764K3C20TH5E5Z7Z5B2VRZ,2025-01-10T04:04:53.011431945Z
01JH771HETERXJZG5NM8ND2K91,01JH76C04AESX1H6Z3ZAAJSG9H,2025-01-10T04:20:01.114697901Z,01JH76C04MG6K5TW7WF4DF378H,2025-01-10T04:20:01.114697901Z,01JH76NTCP62BBFHG2YAXT3CJW,2025-01-10T04:20:01.114697901Z,01JH76WX7HRGWDJ8MX7MMSCP5P,2025-01-10T04:20:01.114697901Z
01JH771T4GX12D68KG328NSRDV,01JH76BZK2J8JZ5YJ1CE1M7ZM1,2025-01-10T04:20:10.001009027Z,01JH76BZKDW3FD9PW2N1Q55PDN,2025-01-10T04:20:10.001009027Z,01JH76KN673WHCJJN644TRX8H8,2025-01-10T04:20:10.001009027Z,01JH76Y4FFNVG87JYT78MT1HR6,2025-01-10T04:20:10.001009027Z
01JH75S0AAPPNH1XVNB5134HD1,01JH75A3NFHZPPR1KZW23PMRW4,2025-01-10T03:57:52.842774829Z,01JH75A3P0SBG6XHS5GZ1JSBAC,2025-01-10T03:57:52.842774829Z,01JH75DFD941H576079Q3ZYJ1W,2025-01-10T03:57:52.842774829Z,01JH75PEM06BHN9X735EEDR772,2025-01-10T03:57:52.842774829Z
01JH75TV0NNZAB9QCN8RR85ZJ0,01JH75A3NFHZPPR1KZW23PMRW4,2025-01-10T03:58:52.949322594Z,01JH75A3P0SBG6XHS5GZ1JSBAC,2025-01-10T03:58:52.949322594Z,01JH75DFD941H576079Q3ZYJ1W,2025-01-10T03:58:52.949322594Z,01JH75PEKZKRANMQHSEFXAPF23,2025-01-10T03:58:52.949322594Z
01JH76Y4SR66SNRMCMHP8569NX,01JH76BZK2J8JZ5YJ1CE1M7ZM1,2025-01-10T04:18:09.848818283Z,01JH76BZKDW3FD9PW2N1Q55PDN,2025-01-10T04:18:09.848818283Z,01JH76PWG7RQM62KP130WM8RK5,2025-01-10T04:18:09.848818283Z,01JH76Y4F6W36DH5D36997CH00,2025-01-10T04:18:09.848818283Z
01JH762WKVN6MKCYBG5TC0N0TC,01JH75A3NFHZPPR1KZW23PMRW4,2025-01-10T04:03:16.73125996Z,01JH75A3P0SBG6XHS5GZ1JSBAC,2025-01-10T04:03:16.73125996Z,01JH75DFD941H576079Q3ZYJ1W,2025-01-10T04:03:16.73125996Z,01JH75PEM4YXZGJSRK7AKVPGW5,2025-01-10T04:03:16.73125996Z
01JH770WR6CKXVXKRJ3HJFNVE6,01JH76BZK2J8JZ5YJ1CE1M7ZM1,2025-01-10T04:19:39.910893331Z,01JH76BZKDW3FD9PW2N1Q55PDN,2025-01-10T04:19:39.910893331Z,01JH76P44C95BABZEAY2A9TEQQ,2025-01-10T04:19:39.910893331Z,01JH76Y4FCCM7SB2EP9GS4Y0CD,2025-01-10T04:19:39.910893331Z
01JH768GYW3GMWN7VQNR4QH5FR,01JH75BXGKCHVBPK51FSFMF40F,2025-01-10T04:06:21.404717733Z,01JH75BXGW3M8E8TARDVNEGQGH,2025-01-10T04:06:21.404717733Z,01JH75SPVP8TXHEZH6TZCD7TFB,2025-01-10T04:06:21.404717733Z,01JH768GNCYGJ6YYYBZ9B6Y2X7,2025-01-10T04:06:21.404717733Z
01JH76PAPESN5HAP0ARNS65W1B,01JH75BRBTV9ZDCJ2ZNVAV51Y7,2025-01-10T04:13:53.742309446Z,01JH75BRC5R3PWVJ5JM81G72R4,2025-01-10T04:13:53.742309446Z,01JH769MC34R0MQRAATVH2NZE6,2025-01-10T04:13:53.742309446Z,01JH76G8W7YJSM7X4GAKQV344C,2025-01-10T04:13:53.742309446Z
01JH7704ACECZ1N1TY9VBVR7ZD,01JH76C04AESX1H6Z3ZAAJSG9H,2025-01-10T04:19:14.892918855Z,01JH76C04MG6K5TW7WF4DF378H,2025-01-10T04:19:14.892918855Z,01JH76KG747BP35AEA704GSMXR,2025-01-10T04:19:14.892918855Z,01JH76WX7DBAHZK2XVX17H2JX1,2025-01-10T04:19:14.892918855Z
01JH772QGHRKNY6M2DGKTBZT7R,01JH76BZK2J8JZ5YJ1CE1M7ZM1,2025-01-10T04:20:40.081281011Z,01JH76BZKDW3FD9PW2N1Q55PDN,2025-01-10T04:20:40.081281011Z,01JH76KN673WHCJJN644TRX8H8,2025-01-10T04:20:40.081281011Z,01JH76Y4FEY817SRJZJJD40EM5,2025-01-10T04:20:40.081281011Z
01JH76ABNDQN7DA47KHR2P6RKJ,01JH75BXGKCHVBPK51FSFMF40F,2025-01-10T04:07:21.517759543Z,01JH75BXGW3M8E8TARDVNEGQGH,2025-01-10T04:07:21.517759543Z,01JH75TQPDPFKD3E7PWWDBZ0NV,2025-01-10T04:07:21.517759543Z,01JH768GNMSFW697C5TBQJG2HY,2025-01-10T04:07:21.517759543Z
01JH76HPP7QJBMWVNMG1K51P8R,01JH75BWCAYVGAQ2CBEW6G7ZC8,2025-01-10T04:11:22.183120013Z,01JH75BWCKNAQ7HTNSDVBFT7HM,2025-01-10T04:11:22.183120013Z,01JH764CYEP5C0R0KC6C89N35J,2025-01-10T04:11:22.183120013Z,01JH76BNH7YS0NFMV7X7HVT9NZ,2025-01-10T04:11:22.183120013Z
01JH76N423169W7G611Z80780S,01JH75BRBTV9ZDCJ2ZNVAV51Y7,2025-01-10T04:13:14.179198227Z,01JH75BRC5R3PWVJ5JM81G72R4,2025-01-10T04:13:14.179198227Z,01JH769MC34R0MQRAATVH2NZE6,2025-01-10T04:13:14.179198227Z,01JH76G8W7YJSM7X4GBAVYGXDC,2025-01-10T04:13:14.179198227Z
01JH76NXM2ED6ZZSG9JH1D7M9X,01JH75BRBTV9ZDCJ2ZNVAV51Y7,2025-01-10T04:13:40.354624511Z,01JH75BRC5R3PWVJ5JM81G72R4,2025-01-10T04:13:40.354624511Z,01JH769MC34R0MQRAATVH2NZE6,2025-01-10T04:13:40.354624511Z,01JH76G8W6C1BGXSYV0B20CD2K,2025-01-10T04:13:40.354624511Z
01JH76Z8RSKT1CMKB311CAMSTT,01JH76C04AESX1H6Z3ZAAJSG9H,2025-01-10T04:18:46.681756251Z,01JH76C04MG6K5TW7WF4DF378H,2025-01-10T04:18:46.681756251Z,01JH76KG747BP35AEA704GSMXR,2025-01-10T04:18:46.681756251Z,01JH76WX7GE93WDQNMVV1FJGKA,2025-01-10T04:18:46.681756251Z
01JH7704AG15C82ZM7A25REEWB,01JH76C04AESX1H6Z3ZAAJSG9H,2025-01-10T04:19:14.896871839Z,01JH76C04MG6K5TW7WF4DF378H,2025-01-10T04:19:14.896871839Z,01JH76NTCP62BBFHG2YAXT3CJW,2025-01-10T04:19:14.896871839Z,01JH76WX7DBAHZK2XVX17H2JX1,2025-01-10T04:19:14.896871839Z
01JH76D3SQ8D0NQB61JEXCX896,01JH75BXGKCHVBPK51FSFMF40F,2025-01-10T04:08:51.767106284Z,01JH75BXGW3M8E8TARDVNEGQGH,2025-01-10T04:08:51.767106284Z,01JH75T5W3SHQH36P0KHKZ15C7,2025-01-10T04:08:51.767106284Z,01JH768GNP27MZJHCD9XFN83K9,2025-01-10T04:08:51.767106284Z
01JH76F1REPBR7J0PY3PM54QHR,01JH75BWCAYVGAQ2CBEW6G7ZC8,2025-01-10T04:09:55.21428393Z,01JH75BWCKNAQ7HTNSDVBFT7HM,2025-01-10T04:09:55.21428393Z,01JH762Q8137938TSY46VAKHAA,2025-01-10T04:09:55.21428393Z,01JH76BNH89D2N22NFK77CN4BP,2025-01-10T04:09:55.21428393Z
01JH76YCP9GV6ZDCXE7N2EK1JF,01JH76C04AESX1H6Z3ZAAJSG9H,2025-01-10T04:18:17.929284023Z,01JH76C04MG6K5TW7WF4DF378H,2025-01-10T04:18:17.929284023Z,01JH76HS1J27ZPPNMW4HHE48J1,2025-01-10T04:18:17.929284023Z,01JH76WX7C148QDCDHPXZACQ8H,2025-01-10T04:18:17.929284023Z
01JH75S0ABJ176JSX6Q9FDSSW6,01JH75A3NFHZPPR1KZW23PMRW4,2025-01-10T03:57:52.843642265Z,01JH75A3P0SBG6XHS5GZ1JSBAC,2025-01-10T03:57:52.843642265Z,01JH75ENAEK6RFJJDJWN4TQTEZ,2025-01-10T03:57:52.843642265Z,01JH75PEM06BHN9X735EEDR772,2025-01-10T03:57:52.843642265Z
01JH76KSG5NJZJFP6SM70JQQJX,01JH75BRBTV9ZDCJ2ZNVAV51Y7,2025-01-10T04:12:30.597259911Z,01JH75BRC5R3PWVJ5JM81G72R4,2025-01-10T04:12:30.597259911Z,01JH769MC34R0MQRAATVH2NZE6,2025-01-10T04:12:30.597259911Z,01JH76G8W2V6J3D4CFM2JD3NXC,2025-01-10T04:12:30.597259911Z
01JH76ZZHCN6A9R0V6GSPWVKRN,01JH76BZK2J8JZ5YJ1CE1M7ZM1,2025-01-10T04:19:09.99671037Z,01JH76BZKDW3FD9PW2N1Q55PDN,2025-01-10T04:19:09.99671037Z,01JH76KN673WHCJJN644TRX8H8,2025-01-10T04:19:09.99671037Z,01JH76Y4F81MPTGG27RKTXHK9P,2025-01-10T04:19:09.99671037Z
01JH767C0P8HAJ2T41XQHY6NGC,01JH75BY7XY51JV3SC0TENR5RV,2025-01-10T04:05:43.574448839Z,01JH75BY8576J4V1FNAHN7872E,2025-01-10T04:05:43.574448839Z,01JH75ZNQYRHHRWXQT85B1EXQJ,2025-01-10T04:05:43.574448839Z,01JH764K3D4ZZJE4N76CCH533F,2025-01-10T04:05:43.574448839Z
01JH76ABNFPVNNARV27K9NRY10,01JH75BXGKCHVBPK51FSFMF40F,2025-01-10T04:07:21.519082569Z,01JH75BXGW3M8E8TARDVNEGQGH,2025-01-10T04:07:21.519082569Z,01JH75T5W3SHQH36P0KHKZ15C7,2025-01-10T04:07:21.519082569Z,01JH768GNMSFW697C5TBQJG2HY,2025-01-10T04:07:21.519082569Z
01JH76JZJQ74KAWW3N6582GQ8X,01JH75BRBTV9ZDCJ2ZNVAV51Y7,2025-01-10T04:12:04.05578714Z,01JH75BRC5R3PWVJ5JM81G72R4,2025-01-10T04:12:04.05578714Z,01JH769MC34R0MQRAATVH2NZE6,2025-01-10T04:12:04.05578714Z,01JH76G8W1AGTTQVCFSZFSNGTC,2025-01-10T04:12:04.05578714Z
01JH7716741Y9K84A4SVQFBK2K,01JH76C04AESX1H6Z3ZAAJSG9H,2025-01-10T04:19:49.605009567Z,01JH76C04MG6K5TW7WF4DF378H,2025-01-10T04:19:49.605009567Z,01JH76N2Y9BNP76C06EZ84MNE9,2025-01-10T04:19:49.605009567Z,01JH76WX7BVCTYHE319S3BJQA1,2025-01-10T04:19:49.605009567Z
01JH766MXZSXJBCG4SQ5PPQ9FS,01JH75BY7XY51JV3SC0TENR5RV,2025-01-10T04:05:19.935371954Z,01JH75BY8576J4V1FNAHN7872E,2025-01-10T04:05:19.935371954Z,01JH75V3MAVW1WC2507AD1W0FP,2025-01-10T04:05:19.935371954Z,01JH764K3GG0VQKZPCAY2783WK,2025-01-10T04:05:19.935371954Z
01JH76E4CPXZ003YP75YFVVC68,01JH75BWCAYVGAQ2CBEW6G7ZC8,2025-01-10T04:09:25.14202021Z,01JH75BWCKNAQ7HTNSDVBFT7HM,2025-01-10T04:09:25.14202021Z,01JH764CYEP5C0R0KC6C89N35J,2025-01-10T04:09:25.14202021Z,01JH76BNH7YS0NFMV7XV09AS5A,2025-01-10T04:09:25.14202021Z
01JH770RCYQFP7VX8BSDAGFN6D,01JH76C04AESX1H6Z3ZAAJSG9H,2025-01-10T04:19:35.454419404Z,01JH76C04MG6K5TW7WF4DF378H,2025-01-10T04:19:35.454419404Z,01JH76NTCP62BBFHG2YAXT3CJW,2025-01-10T04:19:35.454419404Z,01JH76WX7AR3W733R5EEVM6832,2025-01-10T04:19:35.454419404Z
01JH76Y4SQR2WYKTCA47ZR1MYS,01JH76BZK2J8JZ5YJ1CE1M7ZM1,2025-01-10T04:18:09.847912089Z,01JH76BZKDW3FD9PW2N1Q55PDN,2025-01-10T04:18:09.847912089Z,01JH76KN673WHCJJN644TRX8H8,2025-01-10T04:18:09.847912089Z,01JH76Y4F6W36DH5D36997CH00,2025-01-10T04:18:09.847912089Z
01JH773MWTWPE0E1SX3P42CBQ9,01JH76BZK2J8JZ5YJ1CE1M7ZM1,2025-01-10T04:21:10.170416168Z,01JH76BZKDW3FD9PW2N1Q55PDN,2025-01-10T04:21:10.170416168Z,01JH76P44C95BABZEAY2A9TEQQ,2025-01-10T04:21:10.170416168Z,01JH76Y4FGSAHEM5MRSP9943X5,2025-01-10T04:21:10.170416168Z
01JH761CWP72RD3XYRBAWWC2BJ,01JH75A3NFHZPPR1KZW23PMRW4,2025-01-10T04:02:27.862137717Z,01JH75A3P0SBG6XHS5GZ1JSBAC,2025-01-10T04:02:27.862137717Z,01JH75F7G8PGD45T43SZ6M6BH6,2025-01-10T04:02:27.862137717Z,01JH75PEM06BHN9X73626VRH4N,2025-01-10T04:02:27.862137717Z
01JH762WM13DBABM0JMZXEGDPF,01JH75A3NFHZPPR1KZW23PMRW4,2025-01-10T04:03:16.737088438Z,01JH75A3P0SBG6XHS5GZ1JSBAC,2025-01-10T04:03:16.737088438Z,01JH75DW3ZJ5E668V223Z0PGVT,2025-01-10T04:03:16.737088438Z,01JH75PEM4YXZGJSRK7AKVPGW5,2025-01-10T04:03:16.737088438Z
01JH76E4CPXZ003YP765SKRC3Y,01JH75BWCAYVGAQ2CBEW6G7ZC8,2025-01-10T04:09:25.142836536Z,01JH75BWCKNAQ7HTNSDVBFT7HM,2025-01-10T04:09:25.142836536Z,01JH764Q1V79W1BY6XYS4QGRFT,2025-01-10T04:09:25.142836536Z,01JH76BNH7YS0NFMV7XV09AS5A,2025-01-10T04:09:25.142836536Z
01JH76FT7S7EJYMKK9E91R295B,01JH75BXGKCHVBPK51FSFMF40F,2025-01-10T04:10:20.281661687Z,01JH75BXGW3M8E8TARDVNEGQGH,2025-01-10T04:10:20.281661687Z,01JH75T5W3SHQH36P0KHKZ15C7,2025-01-10T04:10:20.281661687Z,01JH768GNJ2YWNVJNWA1GN803G,2025-01-10T04:10:20.281661687Z
01JH76JM24BF1DYXEPH9JXXPEB,01JH75BWCAYVGAQ2CBEW6G7ZC8,2025-01-10T04:11:52.260216125Z,01JH75BWCKNAQ7HTNSDVBFT7HM,2025-01-10T04:11:52.260216125Z,01JH764CYEP5C0R0KC6C89N35J,2025-01-10T04:11:52.260216125Z,01JH76BNH96JSMQNZGHFC444N1,2025-01-10T04:11:52.260216125Z
01JH770RCTARQTSZZ52048XTGB,01JH76C04AESX1H6Z3ZAAJSG9H,2025-01-10T04:19:35.450914445Z,01JH76C04MG6K5TW7WF4DF378H,2025-01-10T04:19:35.450914445Z,01JH76KG747BP35AEA704GSMXR,2025-01-10T04:19:35.450914445Z,01JH76WX7AR3W733R5EEVM6832,2025-01-10T04:19:35.450914445Z
01JH76D713QH3YMGT3R2E17DYT,01JH75BWCAYVGAQ2CBEW6G7ZC8,2025-01-10T04:08:55.075218824Z,01JH75BWCKNAQ7HTNSDVBFT7HM,2025-01-10T04:08:55.075218824Z,01JH764Q1V79W1BY6XYS4QGRFT,2025-01-10T04:08:55.075218824Z,01JH76BNH6S1MEDXF8KHBETR1Z,2025-01-10T04:08:55.075218824Z
01JH76E15Q9HD9KVC7XBNPPMM0,01JH75BXGKCHVBPK51FSFMF40F,2025-01-10T04:09:21.847315084Z,01JH75BXGW3M8E8TARDVNEGQGH,2025-01-10T04:09:21.847315084Z,01JH760HEA2Y27PE47758W3GJG,2025-01-10T04:09:21.847315084Z,01JH768GNKBDJHCCQVV9RWRNY9,2025-01-10T04:09:21.847315084Z
01JH76G96FWZNDYVHEX255YQN3,01JH75BRBTV9ZDCJ2ZNVAV51Y7,2025-01-10T04:10:35.599983181Z,01JH75BRC5R3PWVJ5JM81G72R4,2025-01-10T04:10:35.599983181Z,01JH760MM9ZH1PD2FXD4W300HF,2025-01-10T04:10:35.599983181Z,01JH76G8VVJ1W37B325GYNRPKP,2025-01-10T04:10:35.599983181Z
01JH766MY1ZRBDBM3KX9JCSKDP,01JH75BY7XY51JV3SC0TENR5RV,2025-01-10T04:05:19.937551751Z,01JH75BY8576J4V1FNAHN7872E,2025-01-10T04:05:19.937551751Z,01JH75S8A0JTD1PJNHB20M96PY,2025-01-10T04:05:19.937551751Z,01JH764K3GG0VQKZPCAY2783WK,2025-01-10T04:05:19.937551751Z
01JH76F1RC67638FEGNN1M8GC4,01JH75BWCAYVGAQ2CBEW6G7ZC8,2025-01-10T04:09:55.212912869Z,01JH75BWCKNAQ7HTNSDVBFT7HM,2025-01-10T04:09:55.212912869Z,01JH764CYEP5C0R0KC6C89N35J,2025-01-10T04:09:55.212912869Z,01JH76BNH89D2N22NFK77CN4BP,2025-01-10T04:09:55.212912869Z
01JH773MWSG7C739PPDWV5N9QN,01JH76BZK2J8JZ5YJ1CE1M7ZM1,2025-01-10T04:21:10.169466921Z,01JH76BZKDW3FD9PW2N1Q55PDN,2025-01-10T04:21:10.169466921Z,01JH76KN673WHCJJN644TRX8H8,2025-01-10T04:21:10.169466921Z,01JH76Y4FGSAHEM5MRSP9943X5,2025-01-10T04:21:10.169466921Z
01JH75PF1M1PZP0899H7WCXCY8,01JH75A3NFHZPPR1KZW23PMRW4,2025-01-10T03:56:29.620413936Z,01JH75A3P0SBG6XHS5GZ1JSBAC,2025-01-10T03:56:29.620413936Z,01JH75DW3ZJ5E668V223Z0PGVT,2025-01-10T03:56:29.620413936Z,01JH75PEKYTGG4XA0ZHY480S7V,2025-01-10T03:56:29.620413936Z
01JH75Y912717D80SYJS88KM2X,01JH75A3NFHZPPR1KZW23PMRW4,2025-01-10T04:00:45.602543748Z,01JH75A3P0SBG6XHS5GZ1JSBAC,2025-01-10T04:00:45.602543748Z,01JH75DW3ZJ5E668V223Z0PGVT,2025-01-10T04:00:45.602543748Z,01JH75PEM2B176JYF287V2602Z,2025-01-10T04:00:45.602543748Z
01JH7686DTM8Q63TNX21PYFNXX,01JH75BY7XY51JV3SC0TENR5RV,2025-01-10T04:06:10.618313198Z,01JH75BY8576J4V1FNAHN7872E,2025-01-10T04:06:10.618313198Z,01JH75ZNQYRHHRWXQT85B1EXQJ,2025-01-10T04:06:10.618313198Z,01JH764K3GG0VQKZPCBA5VJYC7,2025-01-10T04:06:10.618313198Z
01JH76JZJPQNK35VPNKSFQCQ2D,01JH75BRBTV9ZDCJ2ZNVAV51Y7,2025-01-10T04:12:04.054714584Z,01JH75BRC5R3PWVJ5JM81G72R4,2025-01-10T04:12:04.054714584Z,01JH769315QJH8JY5946V080W8,2025-01-10T04:12:04.054714584Z,01JH76G8W1AGTTQVCFSZFSNGTC,2025-01-10T04:12:04.054714584Z
01JH76KSG178KWDCNW651VDR96,01JH75BRBTV9ZDCJ2ZNVAV51Y7,2025-01-10T04:12:30.593320465Z,01JH75BRC5R3PWVJ5JM81G72R4,2025-01-10T04:12:30.593320465Z,01JH760MM9ZH1PD2FXD4W300HF,2025-01-10T04:12:30.593320465Z,01JH76G8W2V6J3D4CFM2JD3NXC,2025-01-10T04:12:30.593320465Z
01JH76J3XM8A6S4RHVDCCN2FQT,01JH75BRBTV9ZDCJ2ZNVAV51Y7,2025-01-10T04:11:35.732980064Z,01JH75BRC5R3PWVJ5JM81G72R4,2025-01-10T04:11:35.732980064Z,01JH769MC34R0MQRAATVH2NZE6,2025-01-10T04:11:35.732980064Z,01JH76G8VWB1SZNR1R3E5WC376,2025-01-10T04:11:35.732980064Z
01JH771HER81NBS6PPDK8EBNG6,01JH76C04AESX1H6Z3ZAAJSG9H,2025-01-10T04:20:01.112885459Z,01JH76C04MG6K5TW7WF4DF378H,2025-01-10T04:20:01.112885459Z,01JH76N2Y9BNP76C06EZ84MNE9,2025-01-10T04:20:01.112885459Z,01JH76WX7HRGWDJ8MX7MMSCP5P,2025-01-10T04:20:01.112885459Z
01JH771X62JC243E6B7EACJA9S,01JH76C04AESX1H6Z3ZAAJSG9H,2025-01-10T04:20:13.122692956Z,01JH76C04MG6K5TW7WF4DF378H,2025-01-10T04:20:13.122692956Z,01JH76N2Y9BNP76C06EZ84MNE9,2025-01-10T04:20:13.122692956Z,01JH76WX7EE2F6DBW0TKWE7CDY,2025-01-10T04:20:13.122692956Z
01JH75Y912717D80SYJFE2ZDVX,01JH75A3NFHZPPR1KZW23PMRW4,2025-01-10T04:00:45.602122665Z,01JH75A3P0SBG6XHS5GZ1JSBAC,2025-01-10T04:00:45.602122665Z,01JH75DFD941H576079Q3ZYJ1W,2025-01-10T04:00:45.602122665Z,01JH75PEM2B176JYF287V2602Z,2025-01-10T04:00:45.602122665Z
01JH76HPP9SNVWCS97S8MSJ0HA,01JH75BWCAYVGAQ2CBEW6G7ZC8,2025-01-10T04:11:22.185813461Z,01JH75BWCKNAQ7HTNSDVBFT7HM,2025-01-10T04:11:22.185813461Z,01JH764Q1V79W1BY6XYS4QGRFT,2025-01-10T04:11:22.185813461Z,01JH76BNH7YS0NFMV7X7HVT9NZ,2025-01-10T04:11:22.185813461Z
01JH76MPWDVDX7AM5ZMMKPM1ST,01JH75BRBTV9ZDCJ2ZNVAV51Y7,2025-01-10T04:13:00.685366623Z,01JH75BRC5R3PWVJ5JM81G72R4,2025-01-10T04:13:00.685366623Z,01JH760MM9ZH1PD2FXD4W300HF,2025-01-10T04:13:00.685366623Z,01JH76G8W5M77R0CYCJ2R13VCG,2025-01-10T04:13:00.685366623Z
01JH772QGJECEAG7P3QJ2JM5X6,01JH76BZK2J8JZ5YJ1CE1M7ZM1,2025-01-10T04:20:40.08255947Z,01JH76BZKDW3FD9PW2N1Q55PDN,2025-01-10T04:20:40.08255947Z,01JH76P44C95BABZEAY2A9TEQQ,2025-01-10T04:20:40.08255947Z,01JH76Y4FEY817SRJZJJD40EM5,2025-01-10T04:20:40.08255947Z
01JH772QGKAJFHXVKZP1SHW873,01JH76BZK2J8JZ5YJ1CE1M7ZM1,2025-01-10T04:20:40.083709563Z,01JH76BZKDW3FD9PW2N1Q55PDN,2025-01-10T04:20:40.083709563Z,01JH76PWG7RQM62KP130WM8RK5,2025-01-10T04:20:40.083709563Z,01JH76Y4FEY817SRJZJJD40EM5,2025-01-10T04:20:40.083709563Z
01JH764KA29251SRQC38G7SRH8,01JH75BY7XY51JV3SC0TENR5RV,2025-01-10T04:04:12.738326781Z,01JH75BY8576J4V1FNAHN7872E,2025-01-10T04:04:12.738326781Z,01JH75ZNQYRHHRWXQT85B1EXQJ,2025-01-10T04:04:12.738326781Z,01JH764K3AY36WRCWSFHVC5PWA,2025-01-10T04:04:12.738326781Z
01JH76FT7S7EJYMKK9E0ENSRQR,01JH75BXGKCHVBPK51FSFMF40F,2025-01-10T04:10:20.281073633Z,01JH75BXGW3M8E8TARDVNEGQGH,2025-01-10T04:10:20.281073633Z,01JH75SPVP8TXHEZH6TZCD7TFB,2025-01-10T04:10:20.281073633Z,01JH768GNJ2YWNVJNWA1GN803G,2025-01-10T04:10:20.281073633Z
01JH76WXJMDK5SQBRZQ9X8MM91,01JH76C04AESX1H6Z3ZAAJSG9H,2025-01-10T04:17:29.684076178Z,01JH76C04MG6K5TW7WF4DF378H,2025-01-10T04:17:29.684076178Z,01JH76N2Y9BNP76C06EZ84MNE9,2025-01-10T04:17:29.684076178Z,01JH76WX77SQ8A4XA76YAN4GT1,2025-01-10T04:17:29.684076178Z
01JH76J3XGAGP17CP3QNPHHTDK,01JH75BRBTV9ZDCJ2ZNVAV51Y7,2025-01-10T04:11:35.728984364Z,01JH75BRC5R3PWVJ5JM81G72R4,2025-01-10T04:11:35.728984364Z,01JH760MM9ZH1PD2FXD4W300HF,2025-01-10T04:11:35.728984364Z,01JH76G8VWB1SZNR1R3E5WC376,2025-01-10T04:11:35.728984364Z
01JH76KSG2HGCJ14234KPRPM4H,01JH75BRBTV9ZDCJ2ZNVAV51Y7,2025-01-10T04:12:30.594479035Z,01JH75BRC5R3PWVJ5JM81G72R4,2025-01-10T04:12:30.594479035Z,01JH7698M7G6MH42XEE2RFAWRM,2025-01-10T04:12:30.594479035Z,01JH76G8W2V6J3D4CFM2JD3NXC,2025-01-10T04:12:30.594479035Z
01JH7704AFEHZ8361BE4RH5TBF,01JH76C04AESX1H6Z3ZAAJSG9H,2025-01-10T04:19:14.895172767Z,01JH76C04MG6K5TW7WF4DF378H,2025-01-10T04:19:14.895172767Z,01JH76N2Y9BNP76C06EZ84MNE9,2025-01-10T04:19:14.895172767Z,01JH76WX7DBAHZK2XVX17H2JX1,2025-01-10T04:19:14.895172767Z
01JH771673HY4AJY5AYW9SKGY2,01JH76C04AESX1H6Z3ZAAJSG9H,2025-01-10T04:19:49.603172144Z,01JH76C04MG6K5TW7WF4DF378H,2025-01-10T04:19:49.603172144Z,01JH76KG747BP35AEA704GSMXR,2025-01-10T04:19:49.603172144Z,01JH76WX7BVCTYHE319S3BJQA1,2025-01-10T04:19:49.603172144Z
01JH767C0N0PH768TH7FWJPM8S,01JH75BY7XY51JV3SC0TENR5RV,2025-01-10T04:05:43.573075302Z,01JH75BY8576J4V1FNAHN7872E,2025-01-10T04:05:43.573075302Z,01JH75S8A0JTD1PJNHB20M96PY,2025-01-10T04:05:43.573075302Z,01JH764K3D4ZZJE4N76CCH533F,2025-01-10T04:05:43.573075302Z
01JH76FT7T22NM1N7FFRP3FAE4,01JH75BXGKCHVBPK51FSFMF40F,2025-01-10T04:10:20.28252735Z,01JH75BXGW3M8E8TARDVNEGQGH,2025-01-10T04:10:20.28252735Z,01JH75TQPDPFKD3E7PWWDBZ0NV,2025-01-10T04:10:20.28252735Z,01JH768GNJ2YWNVJNWA1GN803G,2025-01-10T04:10:20.28252735Z
01JH76G96W3VQCP0KWZ9X1B3RF,01JH75BRBTV9ZDCJ2ZNVAV51Y7,2025-01-10T04:10:35.612188347Z,01JH75BRC5R3PWVJ5JM81G72R4,2025-01-10T04:10:35.612188347Z,01JH769MC34R0MQRAATVH2NZE6,2025-01-10T04:10:35.612188347Z,01JH76G8VVJ1W37B325GYNRPKP,2025-01-10T04:10:35.612188347Z
01JH771T4DT6DW90C0JT8280Y0,01JH76BZK2J8JZ5YJ1CE1M7ZM1,2025-01-10T04:20:09.997709441Z,01JH76BZKDW3FD9PW2N1Q55PDN,2025-01-10T04:20:09.997709441Z,01JH76P44C95BABZEAY2A9TEQQ,2025-01-10T04:20:09.997709441Z,01JH76Y4FFNVG87JYT78MT1HR6,2025-01-10T04:20:09.997709441Z
01JH768GYXDYX1EEYMF81QDT70,01JH75BXGKCHVBPK51FSFMF40F,2025-01-10T04:06:21.405896809Z,01JH75BXGW3M8E8TARDVNEGQGH,2025-01-10T04:06:21.405896809Z,01JH75T5W3SHQH36P0KHKZ15C7,2025-01-10T04:06:21.405896809Z,01JH768GNCYGJ6YYYBZ9B6Y2X7,2025-01-10T04:06:21.405896809Z
01JH76BNRPSEPYKWY9R66DSDBC,01JH75BWCAYVGAQ2CBEW6G7ZC8,2025-01-10T04:08:04.630379482Z,01JH75BWCKNAQ7HTNSDVBFT7HM,2025-01-10T04:08:04.630379482Z,01JH764CYEP5C0R0KC6C89N35J,2025-01-10T04:08:04.630379482Z,01JH76BNH1YKP0TD4P0T3DTJD2,2025-01-10T04:08:04.630379482Z
