﻿id,batchID,batchIDLastChangedAt,gameID,gameIDLastChangedAt,playerID,playerIDLastChangedAt
01HKP5BVMRCERCZR94JSVPWVH4,01HKP4XKBW5Z40NRJVGXA11JJS,2024-01-08T21:48:23.832951525-06:00,01HKP4XKCBM75YGWACXACK9TE5,2024-01-08T21:48:23.832951525-06:00,01HKP4XS9B7013RRGE55P0MD1K,2024-01-08T21:48:23.832951525-06:00
01HKP5BVMY1674EYR5PA0HTHPK,01HKP4XKBW5Z40NRJVGXA11JJS,2024-01-08T21:48:23.838516534-06:00,01HKP4XKCBM75YGWACXACK9TE5,2024-01-08T21:48:23.838516534-06:00,01HKP5BRJ4XVKBTQWGPNP7CFV1,2024-01-08T21:48:23.838516534-06:00
01HKQGBS2ASNG285DS3CDD7VQG,01HKQCP2B0X5RX7JCGH5Y7X88E,2024-01-09T10:19:49.962732644-06:00,01HKQCP2B695GYXFW09TBN63ZJ,2024-01-09T10:19:49.962732644-06:00,01HKQCPA8AVFTYK3V6VYS6DV53,2024-01-09T10:19:49.962732644-06:00
01HKQGBS2HWTEPS2CBXMC5C9GW,01HKQCP2B0X5RX7JCGH5Y7X88E,2024-01-09T10:19:49.969506928-06:00,01HKQCP2B695GYXFW09TBN63ZJ,2024-01-09T10:19:49.969506928-06:00,01HKQGBQK7K7ERFPWRC6KKFF09,2024-01-09T10:19:49.969506928-06:00
01HKQJ1C68C9D5WWGCHSYAJ7WS,01HKQHBV5CR2EYJYCXMEZ4RMVS,2024-01-09T10:49:06.24806165-06:00,01HKQHBV5MQXFQ79K4BE0CGMRB,2024-01-09T10:49:06.24806165-06:00,01HKQJ0Y05JJX1GC7KJEYS5824,2024-01-09T10:49:06.24806165-06:00
01HKQJ1C6FJ48QVEPCJCDJWA8S,01HKQHBV5CR2EYJYCXMEZ4RMVS,2024-01-09T10:49:06.255632958-06:00,01HKQHBV5MQXFQ79K4BE0CGMRB,2024-01-09T10:49:06.255632958-06:00,01HKQJ12H2DD235M18JWR4AD8C,2024-01-09T10:49:06.255632958-06:00
01HKQJ5SAMT2XACX89ZAANHCWT,01HKQJ4SHPWW4MJ77571X67EG0,2024-01-09T10:51:30.772415081-06:00,01HKQJ4SJ2PFHJ17S8RASVJECM,2024-01-09T10:51:30.772415081-06:00,01HKQJ51NRBPS21AMBB2T4VH3P,2024-01-09T10:51:30.772415081-06:00
01HKQJ5SAZQ21VA4P0VVJCPFBC,01HKQJ4SHPWW4MJ77571X67EG0,2024-01-09T10:51:30.783299144-06:00,01HKQJ4SJ2PFHJ17S8RASVJECM,2024-01-09T10:51:30.783299144-06:00,01HKQJ5CJQV8ZNBFCY4262HG9M,2024-01-09T10:51:30.783299144-06:00
01HKQM2WA9DXH6F7S1XBH7HA6Q,01HKQJ7RDH2ND57X5WPH5KYJ2N,2024-01-09T11:24:52.681687049-06:00,01HKQJ7RDTGXZ0CVHTAKB379ED,2024-01-09T11:24:52.681687049-06:00,01HKQJ7W6FCQPPFA497KN36M7H,2024-01-09T11:24:52.681687049-06:00
01HKQM2WAJCW5V5REEYWP7A9AC,01HKQJ7RDH2ND57X5WPH5KYJ2N,2024-01-09T11:24:52.690371411-06:00,01HKQJ7RDTGXZ0CVHTAKB379ED,2024-01-09T11:24:52.690371411-06:00,01HKQM2RTCX2PEM66NVA6T6313,2024-01-09T11:24:52.690371411-06:00
01HKQVNG1DMQ09PREQTE8Y23YG,01HKQTE9DRQBVNP04SZP1VMHH7,2024-01-09T13:37:22.733162752-06:00,01HKQTE9E76GYJ6G7ATX7360KT,2024-01-09T13:37:22.733162752-06:00,01HKQTHFNJ9MPD60HHGW1YFF9S,2024-01-09T13:37:22.733162752-06:00
01HKQVNG1J03WFJAEJQNZCENS5,01HKQTE9DRQBVNP04SZP1VMHH7,2024-01-09T13:37:22.738304115-06:00,01HKQTE9E76GYJ6G7ATX7360KT,2024-01-09T13:37:22.738304115-06:00,01HKQVN44777047MTFQGHQPEMW,2024-01-09T13:37:22.738304115-06:00
01HKTKVMJ0BAX9MD3Q4TMCYZPS,01HKTKJ8PHTZADRY2N7970QJJN,2024-01-10T15:18:38.65699849-06:00,01HKTKJ8PWF0GM65DJNV3Y43Z4,2024-01-10T15:18:38.65699849-06:00,01HKTKNB19VYR4QT48JVHD32FW,2024-01-10T15:18:38.65699849-06:00
01HKTKVMJ6DBX810WDCXD2C3E7,01HKTKJ8PHTZADRY2N7970QJJN,2024-01-10T15:18:38.662188385-06:00,01HKTKJ8PWF0GM65DJNV3Y43Z4,2024-01-10T15:18:38.662188385-06:00,01HKTKNEPNYK6CZHSYSZ88E3FM,2024-01-10T15:18:38.662188385-06:00
01HKTKVMJACW2V9E656J5RNB4Z,01HKTKJ8PHTZADRY2N7970QJJN,2024-01-10T15:18:38.666023393-06:00,01HKTKJ8PWF0GM65DJNV3Y43Z4,2024-01-10T15:18:38.666023393-06:00,01HKTKNHD1MHFCPFQ63ZM6E8S9,2024-01-10T15:18:38.666023393-06:00
01HKTKVMJC5BJVGG8KCJCSQN8Z,01HKTKJ8PHTZADRY2N7970QJJN,2024-01-10T15:18:38.668502702-06:00,01HKTKJ8PWF0GM65DJNV3Y43Z4,2024-01-10T15:18:38.668502702-06:00,01HKTKNMTFS4E0ZA9PT8B5GJ87,2024-01-10T15:18:38.668502702-06:00
01HKTKVMJEDRCTJHW92CMA81BV,01HKTKJ8PHTZADRY2N7970QJJN,2024-01-10T15:18:38.670957721-06:00,01HKTKJ8PWF0GM65DJNV3Y43Z4,2024-01-10T15:18:38.670957721-06:00,01HKTKNRP5QF64TJMRTAGN0W86,2024-01-10T15:18:38.670957721-06:00
01HKTKVMJH3QWWP8PD87W4K92H,01HKTKJ8PHTZADRY2N7970QJJN,2024-01-10T15:18:38.673447645-06:00,01HKTKJ8PWF0GM65DJNV3Y43Z4,2024-01-10T15:18:38.673447645-06:00,01HKTKSYP7MBRDN6HKVGQNNN6D,2024-01-10T15:18:38.673447645-06:00
01HKTKVMJKZ4VH0VZY05A0SY12,01HKTKJ8PHTZADRY2N7970QJJN,2024-01-10T15:18:38.675598153-06:00,01HKTKJ8PWF0GM65DJNV3Y43Z4,2024-01-10T15:18:38.675598153-06:00,01HKTKTPJ81ZHCVJBE9FCZ32WB,2024-01-10T15:18:38.675598153-06:00
01HKTKVMJNHWAY7DFE3JT8QA1Y,01HKTKJ8PHTZADRY2N7970QJJN,2024-01-10T15:18:38.677793993-06:00,01HKTKJ8PWF0GM65DJNV3Y43Z4,2024-01-10T15:18:38.677793993-06:00,01HKTKVAQ1S70PCVFH57E78N3W,2024-01-10T15:18:38.677793993-06:00
01HKTM8KVTWVKNE7X6D2VSXSF1,01HKTM4R96QTNEMD479TQK4N0K,2024-01-10T15:25:43.930560795-06:00,01HKTM4R9JV2AGP0WD80FBQ1VH,2024-01-10T15:25:43.930560795-06:00,01HKTM5CVYX4K09XR1FBAARMMP,2024-01-10T15:25:43.930560795-06:00
01HKTM8KVY4CMV7JHF33D1YRRN,01HKTM4R96QTNEMD479TQK4N0K,2024-01-10T15:25:43.93493976-06:00,01HKTM4R9JV2AGP0WD80FBQ1VH,2024-01-10T15:25:43.93493976-06:00,01HKTM5H577JV12P864NNK71DM,2024-01-10T15:25:43.93493976-06:00
01HKTM8KW2XYNJV7DFBAWZ0BVP,01HKTM4R96QTNEMD479TQK4N0K,2024-01-10T15:25:43.938127984-06:00,01HKTM4R9JV2AGP0WD80FBQ1VH,2024-01-10T15:25:43.938127984-06:00,01HKTM5MYHHJY9C6M9QDR05F2T,2024-01-10T15:25:43.938127984-06:00
01HKTM8KW4S94SBYE2RJ1JNZMD,01HKTM4R96QTNEMD479TQK4N0K,2024-01-10T15:25:43.940690289-06:00,01HKTM4R9JV2AGP0WD80FBQ1VH,2024-01-10T15:25:43.940690289-06:00,01HKTM5X9TGJETBTBP6AKCV6X0,2024-01-10T15:25:43.940690289-06:00
01HKTM8KW7N0RNQW9TD70YQXYZ,01HKTM4R96QTNEMD479TQK4N0K,2024-01-10T15:25:43.943244706-06:00,01HKTM4R9JV2AGP0WD80FBQ1VH,2024-01-10T15:25:43.943244706-06:00,01HKTM614PTAEKFMZ0QG02AMT5,2024-01-10T15:25:43.943244706-06:00
01HKTM8KWA9H8XNSX5FX117527,01HKTM4R96QTNEMD479TQK4N0K,2024-01-10T15:25:43.946711541-06:00,01HKTM4R9JV2AGP0WD80FBQ1VH,2024-01-10T15:25:43.946711541-06:00,01HKTM64J5SZAV96HCT5XGB3N2,2024-01-10T15:25:43.946711541-06:00
01HKTM8KWEX12DADG7B6TY6XJ7,01HKTM4R96QTNEMD479TQK4N0K,2024-01-10T15:25:43.950547643-06:00,01HKTM4R9JV2AGP0WD80FBQ1VH,2024-01-10T15:25:43.950547643-06:00,01HKTM69EQ5W25KCTJB53A2FZS,2024-01-10T15:25:43.950547643-06:00
01HKTM8KWG6ES064RSEE2CNB8G,01HKTM4R96QTNEMD479TQK4N0K,2024-01-10T15:25:43.952622313-06:00,01HKTM4R9JV2AGP0WD80FBQ1VH,2024-01-10T15:25:43.952622313-06:00,01HKTM7DBF2J54P8RSXDJEJWEQ,2024-01-10T15:25:43.952622313-06:00
01HKVC9M01V3EARV9PA8QE2Y6Q,01HKVC33XTEMACFHXAM87K01P7,2024-01-10T22:25:42.657579798-06:00,01HKVC33YFA8CFJ5K2PN3AH8XM,2024-01-10T22:25:42.657579798-06:00,01HKVC48P1KBWGSJM4875YN1WV,2024-01-10T22:25:42.657579798-06:00
01HKVC9M06ZBTHSXEY5CQZ8BX1,01HKVC33XTEMACFHXAM87K01P7,2024-01-10T22:25:42.662384428-06:00,01HKVC33YFA8CFJ5K2PN3AH8XM,2024-01-10T22:25:42.662384428-06:00,01HKVC48P1KBWGSJM4875YN1WV,2024-01-10T22:25:42.662384428-06:00
01HKVC9M091YCKC9XE3FDRTCZP,01HKVC33XTEMACFHXAM87K01P7,2024-01-10T22:25:42.665502001-06:00,01HKVC33YFA8CFJ5K2PN3AH8XM,2024-01-10T22:25:42.665502001-06:00,01HKVC5ATHEXH2N4HP61RYFED1,2024-01-10T22:25:42.665502001-06:00
01HKVC9M0CTA7RQMQT0HTETM7S,01HKVC33XTEMACFHXAM87K01P7,2024-01-10T22:25:42.66901161-06:00,01HKVC33YFA8CFJ5K2PN3AH8XM,2024-01-10T22:25:42.66901161-06:00,01HKVC48P1KBWGSJM4875YN1WV,2024-01-10T22:25:42.66901161-06:00
01HKVC9M0D1WDZPXA3J6K81SP2,01HKVC33XTEMACFHXAM87K01P7,2024-01-10T22:25:42.669454383-06:00,01HKVC33YFA8CFJ5K2PN3AH8XM,2024-01-10T22:25:42.669454383-06:00,01HKVC5ATHEXH2N4HP61RYFED1,2024-01-10T22:25:42.669454383-06:00
01HKVC9M0H6A212K8HS0QG714C,01HKVC33XTEMACFHXAM87K01P7,2024-01-10T22:25:42.673100099-06:00,01HKVC33YFA8CFJ5K2PN3AH8XM,2024-01-10T22:25:42.673100099-06:00,01HKVC5ATHEXH2N4HP61RYFED1,2024-01-10T22:25:42.673100099-06:00
01HKVC9M0H6A212K8HSA3GZ0B7,01HKVC33XTEMACFHXAM87K01P7,2024-01-10T22:25:42.674025298-06:00,01HKVC33YFA8CFJ5K2PN3AH8XM,2024-01-10T22:25:42.674025298-06:00,01HKVC6Q52N2P1BYC24Z81Q2AC,2024-01-10T22:25:42.674025298-06:00
01HKVC9M0P492Z8W8J8NBXTCZ6,01HKVC33XTEMACFHXAM87K01P7,2024-01-10T22:25:42.678273825-06:00,01HKVC33YFA8CFJ5K2PN3AH8XM,2024-01-10T22:25:42.678273825-06:00,01HKVC5ATHEXH2N4HP61RYFED1,2024-01-10T22:25:42.678273825-06:00
01HKVC9M0Q6NNBPJ8QMBFVZE2A,01HKVC33XTEMACFHXAM87K01P7,2024-01-10T22:25:42.679062289-06:00,01HKVC33YFA8CFJ5K2PN3AH8XM,2024-01-10T22:25:42.679062289-06:00,01HKVC6Q52N2P1BYC24Z81Q2AC,2024-01-10T22:25:42.679062289-06:00
01HKVC9M0SNFBHYJ28TDZ38NYX,01HKVC33XTEMACFHXAM87K01P7,2024-01-10T22:25:42.681151282-06:00,01HKVC33YFA8CFJ5K2PN3AH8XM,2024-01-10T22:25:42.681151282-06:00,01HKVC6Q52N2P1BYC24Z81Q2AC,2024-01-10T22:25:42.681151282-06:00
01HKVC9M0TPH0F2CC61ZSAZ2MS,01HKVC33XTEMACFHXAM87K01P7,2024-01-10T22:25:42.682077397-06:00,01HKVC33YFA8CFJ5K2PN3AH8XM,2024-01-10T22:25:42.682077397-06:00,01HKVC9910XMD6J1211F5V4VRK,2024-01-10T22:25:42.682077397-06:00
01HKVC9M14MFEHCZGJJHWD8GCT,01HKVC33XTEMACFHXAM87K01P7,2024-01-10T22:25:42.692674924-06:00,01HKVC33YFA8CFJ5K2PN3AH8XM,2024-01-10T22:25:42.692674924-06:00,01HKVC6Q52N2P1BYC24Z81Q2AC,2024-01-10T22:25:42.692674924-06:00
01HKVC9M15H6S4J3DZK2VPWH0J,01HKVC33XTEMACFHXAM87K01P7,2024-01-10T22:25:42.693561413-06:00,01HKVC33YFA8CFJ5K2PN3AH8XM,2024-01-10T22:25:42.693561413-06:00,01HKVC9910XMD6J1211F5V4VRK,2024-01-10T22:25:42.693561413-06:00
01HKVC9M1DZ9M2BF5SVJPWNMXH,01HKVC33XTEMACFHXAM87K01P7,2024-01-10T22:25:42.701612637-06:00,01HKVC33YFA8CFJ5K2PN3AH8XM,2024-01-10T22:25:42.701612637-06:00,01HKVC9910XMD6J1211F5V4VRK,2024-01-10T22:25:42.701612637-06:00
01HKVCBTQHKQTB9JHTC2PAJ4ME,01HKVC33XTEMACFHXAM87K01P7,2024-01-10T22:26:55.089260817-06:00,01HKVC33YPJ99C0WZX0CSPSEKA,2024-01-10T22:26:55.089260817-06:00,01HKVC3FKZCQ755RFGY17A9VB8,2024-01-10T22:26:55.089260817-06:00
01HKVCBTQQXH5XRPJJSA0089B4,01HKVC33XTEMACFHXAM87K01P7,2024-01-10T22:26:55.095619191-06:00,01HKVC33YPJ99C0WZX0CSPSEKA,2024-01-10T22:26:55.095619191-06:00,01HKVC4T3FY8PFCMJ98T9YV07H,2024-01-10T22:26:55.095619191-06:00
01HKVCBTQW8B2FYRTMNBVJ1KEN,01HKVC33XTEMACFHXAM87K01P7,2024-01-10T22:26:55.100297446-06:00,01HKVC33YPJ99C0WZX0CSPSEKA,2024-01-10T22:26:55.100297446-06:00,01HKVC8QQERHS2V13F5M6Z7ZF6,2024-01-10T22:26:55.100297446-06:00
01HKVCBTR0XFXZ8XRQT4JFJ66R,01HKVC33XTEMACFHXAM87K01P7,2024-01-10T22:26:55.105004292-06:00,01HKVC33YPJ99C0WZX0CSPSEKA,2024-01-10T22:26:55.105004292-06:00,01HKVCBGM51C473SJ4EMY9P8B2,2024-01-10T22:26:55.105004292-06:00
01HKZGPXGA7DA7R0Y3ANK8AB1Q,01HKZGKPRR5B4ER4QYSS5N2ZXM,2024-01-12T12:59:50.410805651-06:00,01HKZGKPS5CPND5VW357M7208K,2024-01-12T12:59:50.410805651-06:00,01HKZGM0M6J7B9B9A0XV2WBCCX,2024-01-12T12:59:50.410805651-06:00
01HKZGPXGHBCAAAHAAKRZ9X366,01HKZGKPRR5B4ER4QYSS5N2ZXM,2024-01-12T12:59:50.417666449-06:00,01HKZGKPS5CPND5VW357M7208K,2024-01-12T12:59:50.417666449-06:00,01HKZGNQB175TJQHM9PW24XV4H,2024-01-12T12:59:50.417666449-06:00
01HKZKSABRF74KZPSMASQBE9Y9,01HKZKQ5BA3WWPE1C6ZY07E7Q5,2024-01-12T13:53:34.840631183-06:00,01HKZKQ5BM1Z3BW2J0284MGM2M,2024-01-12T13:53:34.840631183-06:00,01HKZKQCGEKK6AD51ZJYAF5MW7,2024-01-12T13:53:34.840631183-06:00
01HKZKSABZV150BA5KAVRY8V30,01HKZKQ5BA3WWPE1C6ZY07E7Q5,2024-01-12T13:53:34.84794342-06:00,01HKZKQ5BM1Z3BW2J0284MGM2M,2024-01-12T13:53:34.84794342-06:00,01HKZKREV8T34JWS11W35WF38T,2024-01-12T13:53:34.84794342-06:00
01HKZMTSQYY670SBZQ6FXC1VKA,01HKZMQMAB8ZT9X336H8FTAKKW,2024-01-12T14:11:51.934716209-06:00,01HKZMQMASB1S4DYM81GF8SEAP,2024-01-12T14:11:51.934716209-06:00,01HKZMQYRX7B4KMPYRQ1A6QZ0G,2024-01-12T14:11:51.934716209-06:00
01HKZMTSR06SVV1HWG8Q7XKMK4,01HKZMQMAB8ZT9X336H8FTAKKW,2024-01-12T14:11:51.936839164-06:00,01HKZMQMASB1S4DYM81GF8SEAP,2024-01-12T14:11:51.936839164-06:00,01HKZMSXVXXW7ETA19C33X5TS9,2024-01-12T14:11:51.936839164-06:00
01HKZNC0G263J6W9K1WC94D6JT,01HKZNA7A00BBYZJ2XMXGVXVKM,2024-01-12T14:21:15.906300075-06:00,01HKZNA7A938XRVYWF83ZEMN15,2024-01-12T14:21:15.906300075-06:00,01HKZNAGS3PA0H6N8VB00BC27W,2024-01-12T14:21:15.906300075-06:00
01HKZNC0G9BPJX92P3GJWBXJPM,01HKZNA7A00BBYZJ2XMXGVXVKM,2024-01-12T14:21:15.913150913-06:00,01HKZNA7A938XRVYWF83ZEMN15,2024-01-12T14:21:15.913150913-06:00,01HKZNB9YAP9HQRS03XNBVA0RB,2024-01-12T14:21:15.913150913-06:00
01HKZQKNZC5E6AD2MX0VSPVAZE,01HKZQJ48CJGKGDKQSR232XNQF,2024-01-12T15:00:24.428544616-06:00,01HKZQJ49B436S58AZP44GYST7,2024-01-12T15:00:24.428544616-06:00,01HKZQJ8WPGB6SEC39560RCMBQ,2024-01-12T15:00:24.428544616-06:00
01HKZQKNZG8M2HSYEZCTB6WR9S,01HKZQJ48CJGKGDKQSR232XNQF,2024-01-12T15:00:24.432843826-06:00,01HKZQJ49B436S58AZP44GYST7,2024-01-12T15:00:24.432843826-06:00,01HKZQJKJ7N9QTVVHW6BKC1NJ5,2024-01-12T15:00:24.432843826-06:00
01HKZRTTE3BMWNP4CT5F191RD7,01HKZRS5MR4W9SCBB2XF0GTS51,2024-01-12T15:21:46.947160807-06:00,01HKZRS5NAEG8REJ61PBCPAXNF,2024-01-12T15:21:46.947160807-06:00,01HKZRSC47059T60MQGHSMDGG0,2024-01-12T15:21:46.947160807-06:00
01HKZRTTEFCXKMRM0P1AZ7G834,01HKZRS5MR4W9SCBB2XF0GTS51,2024-01-12T15:21:46.960018731-06:00,01HKZRS5NAEG8REJ61PBCPAXNF,2024-01-12T15:21:46.960018731-06:00,01HKZRT768DCQ4CMRTCT4PV6DS,2024-01-12T15:21:46.960018731-06:00
01HKZS8ADGYXGTQY5CX3MAYCGH,01HKZS6TJV8ZW8VEJGMVWQB9GX,2024-01-12T15:29:09.296811823-06:00,01HKZS6TK88PW6D5GJKS27AGVC,2024-01-12T15:29:09.296811823-06:00,01HKZS71MXKM23HW3Y53WZEC09,2024-01-12T15:29:09.296811823-06:00
01HKZS8ADVMFGJA35Q67C5AT8X,01HKZS6TJV8ZW8VEJGMVWQB9GX,2024-01-12T15:29:09.307549469-06:00,01HKZS6TK88PW6D5GJKS27AGVC,2024-01-12T15:29:09.307549469-06:00,01HKZS7C0X7GYW6F8M5E2P9YM3,2024-01-12T15:29:09.307549469-06:00
01HM78T63VABV57TTKHGTAG21F,01HM78QWJ9PP96T55HJCS703SZ,2024-01-15T13:15:44.379770223-06:00,01HM78QWK4RZQ2VVX1KN3VXYP1,2024-01-15T13:15:44.379770223-06:00,01HM78R9BBFMAH63DAGTV9FCS9,2024-01-15T13:15:44.379770223-06:00
01HM78T641J1XA3FQEH81T13B2,01HM78QWJ9PP96T55HJCS703SZ,2024-01-15T13:15:44.385478231-06:00,01HM78QWK4RZQ2VVX1KN3VXYP1,2024-01-15T13:15:44.385478231-06:00,01HM78SADZV68YH8WE5ZB3MP27,2024-01-15T13:15:44.385478231-06:00
01HM7AFT64N8ZYAZQAPGZK9CRT,01HM7AD6ZDSCFQKRCD7VXQ65PG,2024-01-15T13:45:01.636115483-06:00,01HM7AD7021GCP44QDD92P2ZJN,2024-01-15T13:45:01.636115483-06:00,01HM7ADFZJ6HS81A1S1R4JK718,2024-01-15T13:45:01.636115483-06:00
01HM7AFT6BQWVVVC5BF70P8R4W,01HM7AD6ZDSCFQKRCD7VXQ65PG,2024-01-15T13:45:01.643698733-06:00,01HM7AD7021GCP44QDD92P2ZJN,2024-01-15T13:45:01.643698733-06:00,01HM7ADMVW467JJMRYEEVCXWSP,2024-01-15T13:45:01.643698733-06:00
01HM7AWT5KFHDPPMF02QK4CYPH,01HM7ASX547SHVVRVCNE20B0BC,2024-01-15T13:52:07.603995057-06:00,01HM7ASX5RCB7PVD4NRN7FWC8Q,2024-01-15T13:52:07.603995057-06:00,01HM7ATGGTD6V3KSW2RXXAG8N9,2024-01-15T13:52:07.603995057-06:00
01HM7AWT5TJ8XFES3X9R1B3EWA,01HM7ASX547SHVVRVCNE20B0BC,2024-01-15T13:52:07.610985217-06:00,01HM7ASX5RCB7PVD4NRN7FWC8Q,2024-01-15T13:52:07.610985217-06:00,01HM7ATRVMM3FHEKPPVQWC65SK,2024-01-15T13:52:07.610985217-06:00
01HM999GGR712ZSRYPK7ZNMVCJ,01HM997NKB326BM0AXV69Q2CWF,2024-01-16T08:02:35.416836887-06:00,01HM997NM8WE3ATZZN2MT81B2P,2024-01-16T08:02:35.416836887-06:00,01HM9987EQXCR88JCFCZ82RY7N,2024-01-16T08:02:35.416836887-06:00
01HM999GGZD2P4QT5K7FWNW8KT,01HM997NKB326BM0AXV69Q2CWF,2024-01-16T08:02:35.423895903-06:00,01HM997NM8WE3ATZZN2MT81B2P,2024-01-16T08:02:35.423895903-06:00,01HM9988SAQ27FFQQBYGEWAC3G,2024-01-16T08:02:35.423895903-06:00
01HM9A3KMMH72B3GE39AQ32CKK,01HM9A1QS4GYYMYZ3QSF5HYHSE,2024-01-16T08:16:50.580740129-06:00,01HM9A1QSRY6MQQFWT9CYQSEBT,2024-01-16T08:16:50.580740129-06:00,01HM9A21JYX0KMA1B1T5PC78B5,2024-01-16T08:16:50.580740129-06:00
01HM9A3KMR8GAV9A7AHF90DDAR,01HM9A1QS4GYYMYZ3QSF5HYHSE,2024-01-16T08:16:50.584334686-06:00,01HM9A1QSRY6MQQFWT9CYQSEBT,2024-01-16T08:16:50.584334686-06:00,01HM9A23QQK17BNX5WHFMHEQ11,2024-01-16T08:16:50.584334686-06:00
01HM9A3KMS4YSYTRDD8JFY38B4,01HM9A1QS4GYYMYZ3QSF5HYHSE,2024-01-16T08:16:50.5855123-06:00,01HM9A1QSRY6MQQFWT9CYQSEBT,2024-01-16T08:16:50.5855123-06:00,01HM9A21JYX0KMA1B1T5PC78B5,2024-01-16T08:16:50.5855123-06:00
01HM9A3KMXFHYBEMJ5J4W3NAA3,01HM9A1QS4GYYMYZ3QSF5HYHSE,2024-01-16T08:16:50.589071332-06:00,01HM9A1QSRY6MQQFWT9CYQSEBT,2024-01-16T08:16:50.589071332-06:00,01HM9A23QQK17BNX5WHFMHEQ11,2024-01-16T08:16:50.589071332-06:00
01HM9A6G1WHH7MPETCP6CSN4VY,01HM9A1QS4GYYMYZ3QSF5HYHSE,2024-01-16T08:18:25.212467493-06:00,01HM9A1QSN526WT73RWDGQQMJQ,2024-01-16T08:18:25.212467493-06:00,01HM9A4WBSPGSW8A0B50KSBQ8P,2024-01-16T08:18:25.212467493-06:00
01HM9A6G24H1AGR4PPY7C6C5HV,01HM9A1QS4GYYMYZ3QSF5HYHSE,2024-01-16T08:18:25.220818452-06:00,01HM9A1QSN526WT73RWDGQQMJQ,2024-01-16T08:18:25.220818452-06:00,01HM9A5S17B8SYTAPJ2RFMED0C,2024-01-16T08:18:25.220818452-06:00
01HM9CGHPCJX2FDS2Q7T7QYKBF,01HM9CETNHJTQJQ99DRKCYWWDC,2024-01-16T08:58:51.724307159-06:00,01HM9CETNTQRZWHKXJ5TK552Z2,2024-01-16T08:58:51.724307159-06:00,01HM9CF62EGYGK6REEW6V66958,2024-01-16T08:58:51.724307159-06:00
01HM9CGHPMS68NKZ1CQAFPXJDG,01HM9CETNHJTQJQ99DRKCYWWDC,2024-01-16T08:58:51.732084019-06:00,01HM9CETNTQRZWHKXJ5TK552Z2,2024-01-16T08:58:51.732084019-06:00,01HM9CFA19X0DYV05MN2STWXAQ,2024-01-16T08:58:51.732084019-06:00
01HM9D18V89M4HHF7MXYNSNHWC,01HM9CY6693M08DJR8D1VMKFDE,2024-01-16T09:07:59.720514284-06:00,01HM9CY66XDWH06MYBC9PHFMN5,2024-01-16T09:07:59.720514284-06:00,01HM9CYB3BYKAPQ51Z0B56JEQ5,2024-01-16T09:07:59.720514284-06:00
01HM9D18VKJ8EPN5T7ABPTP25T,01HM9CY6693M08DJR8D1VMKFDE,2024-01-16T09:07:59.731387051-06:00,01HM9CY66XDWH06MYBC9PHFMN5,2024-01-16T09:07:59.731387051-06:00,01HM9D07H8PT5CXA4SYTAKDPY5,2024-01-16T09:07:59.731387051-06:00
01HM9DW9RYK6EPTE9PZ72XCRDS,01HM9DS1TMAX79YJPZ3SJP0QVH,2024-01-16T09:22:45.406599864-06:00,01HM9DS1V3GVPRRGT3F0JKVGC9,2024-01-16T09:22:45.406599864-06:00,01HM9DSJSQ42WNQ34ZS27YDB9G,2024-01-16T09:22:45.406599864-06:00
01HM9DW9S2VE9P7FF2JTQSJK4N,01HM9DS1TMAX79YJPZ3SJP0QVH,2024-01-16T09:22:45.410231995-06:00,01HM9DS1V3GVPRRGT3F0JKVGC9,2024-01-16T09:22:45.410231995-06:00,01HM9DSRBC7DZR0BNPM7XY5HW0,2024-01-16T09:22:45.410231995-06:00
01HM9E8M6Y2GKHQ3AZZJY3F2V6,01HM9E6FM9X84MM3V1Q6G17JSV,2024-01-16T09:29:29.310568067-06:00,01HM9E6FMQSCS1172NN88J4YM1,2024-01-16T09:29:29.310568067-06:00,01HM9E72E5P7K864MJP3SQ3Y4C,2024-01-16T09:29:29.310568067-06:00
01HM9E8M79TTK4KZ0CWQ1YNMEZ,01HM9E6FM9X84MM3V1Q6G17JSV,2024-01-16T09:29:29.321401028-06:00,01HM9E6FMQSCS1172NN88J4YM1,2024-01-16T09:29:29.321401028-06:00,01HM9E751YENEA7MJW16SAY0D1,2024-01-16T09:29:29.321401028-06:00
01HM9GTKPZ7QW0ETHVF0J5SP74,01HM9GQCK6XNBB4X9J7PWH29D0,2024-01-16T10:14:15.775235798-06:00,01HM9GQCKPTKBNY3KAZFZBXJTV,2024-01-16T10:14:15.775235798-06:00,01HM9GS2J8CSRGXMHC44MDS1XW,2024-01-16T10:14:15.775235798-06:00
01HM9GTKQ87K138SPQPCDBE48G,01HM9GQCK6XNBB4X9J7PWH29D0,2024-01-16T10:14:15.784152275-06:00,01HM9GQCKPTKBNY3KAZFZBXJTV,2024-01-16T10:14:15.784152275-06:00,01HM9GS4FTXJTRGHAZKQ1A3246,2024-01-16T10:14:15.784152275-06:00
01HM9HBYG5NFBJ1VJHZVCQ9ERX,01HM9H9KG9BMCKHM2C8BNFNWE1,2024-01-16T10:23:43.877716535-06:00,01HM9H9KGS1PDTRQMR77TBJY4H,2024-01-16T10:23:43.877716535-06:00,01HM9HAC2HVETVGTGNBV7WNYHM,2024-01-16T10:23:43.877716535-06:00
01HM9HBYGJ20SZ3FTR6S3EKM71,01HM9H9KG9BMCKHM2C8BNFNWE1,2024-01-16T10:23:43.890443667-06:00,01HM9H9KGS1PDTRQMR77TBJY4H,2024-01-16T10:23:43.890443667-06:00,01HM9HAF6B7WFK66HED95G69N6,2024-01-16T10:23:43.890443667-06:00
01HM9HMNKB14GF9HD8JC449Z1D,01HM9HJAWWF74EEABKQFDYVBQW,2024-01-16T10:28:29.675968764-06:00,01HM9HJAX6ZPMA13SV9Q3Q3P9K,2024-01-16T10:28:29.675968764-06:00,01HM9HK7X6M5XXW1019XDT9H6Z,2024-01-16T10:28:29.675968764-06:00
01HM9HMNKMJDD29E2BREP3AY90,01HM9HJAWWF74EEABKQFDYVBQW,2024-01-16T10:28:29.684261197-06:00,01HM9HJAX6ZPMA13SV9Q3Q3P9K,2024-01-16T10:28:29.684261197-06:00,01HM9HKDZMFDP7X72G0Q0KW6PX,2024-01-16T10:28:29.684261197-06:00
01HM9HXN053W678Y5YE4VDVG1A,01HM9HTWZ11K5XSQ24G3TTV5E8,2024-01-16T10:33:23.973231477-06:00,01HM9HTWZHD8TRSDN60JX7SA27,2024-01-16T10:33:23.973231477-06:00,01HM9HW1JV767RHMAEAJ3A4RNT,2024-01-16T10:33:23.973231477-06:00
01HM9HXN09XBEKQRH5TBM81RD0,01HM9HTWZ11K5XSQ24G3TTV5E8,2024-01-16T10:33:23.977310353-06:00,01HM9HTWZHD8TRSDN60JX7SA27,2024-01-16T10:33:23.977310353-06:00,01HM9HW4MFR5Y0V2GCMWVW60Y8,2024-01-16T10:33:23.977310353-06:00
01HM9J3GT55ESZ8A232QP45ZHT,01HM9J1HBNMEPKC4NK86NS8VRS,2024-01-16T10:36:36.293341325-06:00,01HM9J1HC2NQS8RARR6CJY01EE,2024-01-16T10:36:36.293341325-06:00,01HM9J215BGBTWXZJDMHNHG7Q4,2024-01-16T10:36:36.293341325-06:00
01HM9J3GTGNJRXKAETGWR1AH15,01HM9J1HBNMEPKC4NK86NS8VRS,2024-01-16T10:36:36.304505829-06:00,01HM9J1HC2NQS8RARR6CJY01EE,2024-01-16T10:36:36.304505829-06:00,01HM9J25W0FQ6YMZDCEVM5FZ65,2024-01-16T10:36:36.304505829-06:00
01HM9VW0PMJ1YF6QE0AVF4HFK8,01HM9VTEXT4006AR9GM2PT19E0,2024-01-16T13:27:16.180092818-06:00,01HM9VTEYK7P87AJAT9SNDF15H,2024-01-16T13:27:16.180092818-06:00,01HM9VTWG2F2YYYJ1G5XZ14R8V,2024-01-16T13:27:16.180092818-06:00
01HM9VW0PW9G5AMFSPNRBVVNQH,01HM9VTEXT4006AR9GM2PT19E0,2024-01-16T13:27:16.188684156-06:00,01HM9VTEYK7P87AJAT9SNDF15H,2024-01-16T13:27:16.188684156-06:00,01HM9VTZ486RM8G14N7J0NSMKJ,2024-01-16T13:27:16.188684156-06:00
01HM9W8NEC1CSB7J89BE7DWRR0,01HM9W5XS5CQYTSE1XYDKZ1Q0T,2024-01-16T13:34:10.636740906-06:00,01HM9W5XSKJ14RF7DC29T9B5EA,2024-01-16T13:34:10.636740906-06:00,01HM9W64PWGHYEHRJTR18YWV57,2024-01-16T13:34:10.636740906-06:00
01HM9W8NEKE2YXPMZZ5YRH9EPB,01HM9W5XS5CQYTSE1XYDKZ1Q0T,2024-01-16T13:34:10.643725662-06:00,01HM9W5XSKJ14RF7DC29T9B5EA,2024-01-16T13:34:10.643725662-06:00,01HM9W6G8DR1T45D2DP681NDAF,2024-01-16T13:34:10.643725662-06:00
01HM9WR1064N925450VDHJSY4G,01HM9WPVFBTJKR36XFH169849S,2024-01-16T13:42:33.990082538-06:00,01HM9WPVFQ5KRSJ4Y3PMKB7Y6X,2024-01-16T13:42:33.990082538-06:00,01HM9WPZHF2RRS3E9EYNF1QNVH,2024-01-16T13:42:33.990082538-06:00
01HM9WR10FDJ3BR3WZPG1JZHN4,01HM9WPVFBTJKR36XFH169849S,2024-01-16T13:42:33.999516525-06:00,01HM9WPVFQ5KRSJ4Y3PMKB7Y6X,2024-01-16T13:42:33.999516525-06:00,01HM9WQ1C5V035M444S9TRRGJ0,2024-01-16T13:42:33.999516525-06:00
