id,batchID,batchIDLastChangedAt,confidence,confidenceLastChangedAt,gameID,gameIDLastChangedAt,guess,guessLastChangedAt,playerID,playerIDLastChangedAt,roundID,roundIDLastChangedAt,stageID,stageIDLastChangedAt,submit,submitLastChangedAt
01JHV5X8K2Z4Z105NR216T19X2,01JHV57NQJ604KR99FW78YYC5P,2025-01-17T22:25:01.026978375Z,100,2025-01-17T22:25:11.071020304Z,01JHV57NQW2C25054EM8FXPG3N,2025-01-17T22:25:01.026978375Z,0,2025-01-17T22:25:11.070376885Z,01JHV5FN3TFA93B11FRPKGVFHX,2025-01-17T22:25:01.026978375Z,01JHV5WB07AKT8ASNQ4K1DD37N,2025-01-17T22:25:01.026978375Z,01JHV5WB0MA5K2J8M2BYR3AF35,2025-01-17T22:25:01.026978375Z,true,2025-01-17T22:25:11.219913756Z
01JHV629K0ZX10S63EX663BW20,01JHV50F6QX66CCB0HTPJT4HC6,2025-01-17T22:27:45.888927899Z,,,01JHV50F71T4Z7S4BGZBP8WG1E,2025-01-17T22:27:45.888927899Z,,,01JHV5TWSH8CS6TP7VVY149RHW,2025-01-17T22:27:45.888927899Z,01JHV629ASHAHSKVKRB4BJX0XY,2025-01-17T22:27:45.888927899Z,01JHV629B6XBMYF7N154N1TP4R,2025-01-17T22:27:45.888927899Z,,
01JHV65YZAJ688X16GQ9FHRCSF,01JHV50F6QX66CCB0HTPJT4HC6,2025-01-17T22:29:46.090064921Z,87,2025-01-17T22:29:58.301079163Z,01JHV50F71T4Z7S4BGZBP8WG1E,2025-01-17T22:29:46.090064921Z,85,2025-01-17T22:29:58.290900267Z,01JHV5SSNSS2BJ6FZ3YP3TJ1A6,2025-01-17T22:29:46.090064921Z,01JHV629AY1CEZHJ22X7DKA03R,2025-01-17T22:29:46.090064921Z,01JHV629BS9W8XNAM7J9DT4BQA,2025-01-17T22:29:46.090064921Z,true,2025-01-17T22:29:58.299240839Z
01JHV6QMABA3HXKKFXR5C9FEN1,01JHV69VE2MZBSS2WPDC24SC99,2025-01-17T22:39:25.003834006Z,100,2025-01-17T22:39:41.087513686Z,01JHV69VEDAAXJYYZSSJQD86ZX,2025-01-17T22:39:25.003834006Z,100,2025-01-17T22:39:41.088277769Z,01JHV6DX52YSMR2P6X4P333M56,2025-01-17T22:39:25.003834006Z,01JHV6PPR184RTRCY8B31PQ5S2,2025-01-17T22:39:25.003834006Z,01JHV6PPRG7S1F3HSY2DKXKZAJ,2025-01-17T22:39:25.003834006Z,true,2025-01-17T22:39:41.243743322Z
01JHV6RC0XYGSZE451GAWHWY6Q,01JHV69VE2MZBSS2WPDC24SC99,2025-01-17T22:39:49.277137231Z,100,2025-01-17T22:40:02.810202992Z,01JHV69VEDAAXJYYZSSJQD86ZX,2025-01-17T22:39:49.277137231Z,100,2025-01-17T22:40:02.816351065Z,01JHV6CNGQKWR6CF56CW4Y7ZSS,2025-01-17T22:39:49.277137231Z,01JHV6PPR6DG9PB8QEMDZJ53HK,2025-01-17T22:39:49.277137231Z,01JHV6PPRSNF00E0JJ6N400B7X,2025-01-17T22:39:49.277137231Z,true,2025-01-17T22:40:02.817426169Z
01JHV6VEV0N17RZF9V8FRZJY83,01JHV69VE2MZBSS2WPDC24SC99,2025-01-17T22:41:30.464711533Z,100,2025-01-17T22:41:44.238559472Z,01JHV69VEDAAXJYYZSSJQD86ZX,2025-01-17T22:41:30.464711533Z,100,2025-01-17T22:41:44.24002833Z,01JHV6DX52YSMR2P6X4P333M56,2025-01-17T22:41:30.464711533Z,01JHV6PPR7HW5KTZ4KTKCGBDXH,2025-01-17T22:41:30.464711533Z,01JHV6PPSKGKGGPYTTBVF9WJQ2,2025-01-17T22:41:30.464711533Z,true,2025-01-17T22:41:44.241762977Z
01JHV5RSP764W22SQGKGBC99HX,01JHV50FPJZ7ERW5C47WHC0622,2025-01-17T22:22:34.695045077Z,100,2025-01-17T22:22:50.854903808Z,01JHV50FPVFR8Z1QHNZWY5QBZT,2025-01-17T22:22:34.695045077Z,0,2025-01-17T22:22:50.855217415Z,01JHV5HQ7JSDP4EE9Z8ACG2EH7,2025-01-17T22:22:34.695045077Z,01JHV5QW41443F4HJ72KE20G9H,2025-01-17T22:22:34.695045077Z,01JHV5QW4J6C396HN4WHCH62WQ,2025-01-17T22:22:34.695045077Z,true,2025-01-17T22:22:50.86794675Z
01JHV5SCGVCSX4WN0DESPMFHP1,01JHV50FPJZ7ERW5C47WHC0622,2025-01-17T22:22:53.979772526Z,,,01JHV50FPVFR8Z1QHNZWY5QBZT,2025-01-17T22:22:53.979772526Z,,,01JHV5CX23AX64E9MS937FRKB0,2025-01-17T22:22:53.979772526Z,01JHV5QW41443F4HJ73645ZR26,2025-01-17T22:22:53.979772526Z,01JHV5QW4SFJTKPQFGESN0ZGWG,2025-01-17T22:22:53.979772526Z,,
01JHV5VEEEZW9HJJHZ9WAASCGT,01JHV50FPJZ7ERW5C47WHC0622,2025-01-17T22:24:01.486327463Z,68,2025-01-17T22:24:18.402115345Z,01JHV50FPVFR8Z1QHNZWY5QBZT,2025-01-17T22:24:01.486327463Z,35,2025-01-17T22:24:18.395576513Z,01JHV5AD6GE75R4VPNVGF064DR,2025-01-17T22:24:01.486327463Z,01JHV5QW423M55N4612YM7EQ2T,2025-01-17T22:24:01.486327463Z,01JHV5QW5FEKDTFN8TQ2X61HPX,2025-01-17T22:24:01.486327463Z,true,2025-01-17T22:24:18.405644678Z
01JHV6448PK0XZSZ6E35NVHC41,01JHV50F6QX66CCB0HTPJT4HC6,2025-01-17T22:28:45.974470201Z,89,2025-01-17T22:29:11.335888911Z,01JHV50F71T4Z7S4BGZBP8WG1E,2025-01-17T22:28:45.974470201Z,85,2025-01-17T22:29:11.327860381Z,01JHV5SSNSS2BJ6FZ3YP3TJ1A6,2025-01-17T22:28:45.974470201Z,01JHV629ASHAHSKVKRBPY7B6N6,2025-01-17T22:28:45.974470201Z,01JHV629BEVBT57978Y7G7RFVR,2025-01-17T22:28:45.974470201Z,true,2025-01-17T22:29:11.335401721Z
01JHV5QWBSZKB55R1TMZDR3KS8,01JHV50FPJZ7ERW5C47WHC0622,2025-01-17T22:22:04.666042224Z,,,01JHV50FPVFR8Z1QHNZWY5QBZT,2025-01-17T22:22:04.666042224Z,,,01JHV5AD6GE75R4VPNVGF064DR,2025-01-17T22:22:04.666042224Z,01JHV5QW41443F4HJ72KE20G9H,2025-01-17T22:22:04.666042224Z,01JHV5QW4J6C396HN4VZWZ8RFS,2025-01-17T22:22:04.666042224Z,,
01JHV5XGRDWS1HS4NK5D8FPHPJ,01JHV50FPJZ7ERW5C47WHC0622,2025-01-17T22:25:09.389195008Z,82,2025-01-17T22:25:17.529847605Z,01JHV50FPVFR8Z1QHNZWY5QBZT,2025-01-17T22:25:09.389195008Z,35,2025-01-17T22:25:17.521980859Z,01JHV5AD6GE75R4VPNVGF064DR,2025-01-17T22:25:09.389195008Z,01JHV5QW423M55N4614Q130V8S,2025-01-17T22:25:09.389195008Z,01JHV5QW69NK1RACK8VG77A6ZT,2025-01-17T22:25:09.389195008Z,true,2025-01-17T22:25:17.534478959Z
01JHV60MJ5X276CKVV5PQ460ES,01JHV57NQJ604KR99FW78YYC5P,2025-01-17T22:26:51.589336699Z,41,2025-01-17T22:27:14.743354018Z,01JHV57NQW2C25054EM8FXPG3N,2025-01-17T22:26:51.589336699Z,50,2025-01-17T22:27:14.739989896Z,01JHV5AAHBVV8Q5MPFQG16M853,2025-01-17T22:26:51.589336699Z,01JHV5WB0CVXXWPDR14VC6HAC6,2025-01-17T22:26:51.589336699Z,01JHV5WB1EPW64WESJ5329WXC0,2025-01-17T22:26:51.589336699Z,true,2025-01-17T22:27:14.745615008Z
01JHV61HX9AVK3TPT4AVXZK8BP,01JHV57NQJ604KR99FW78YYC5P,2025-01-17T22:27:21.642015931Z,56,2025-01-17T22:27:44.429995604Z,01JHV57NQW2C25054EM8FXPG3N,2025-01-17T22:27:21.642015931Z,39,2025-01-17T22:27:44.416561932Z,01JHV5BVQBY49HA5Y4BZ073EFY,2025-01-17T22:27:21.642015931Z,01JHV5WB0DD63R4RZHB4ATYYY7,2025-01-17T22:27:21.642015931Z,01JHV5WB1KRG85Y8ANZMTF3P4M,2025-01-17T22:27:21.642015931Z,true,2025-01-17T22:27:44.439621817Z
01JHV65YZ99W178W05CDBBR09H,01JHV50F6QX66CCB0HTPJT4HC6,2025-01-17T22:29:46.089107461Z,72,2025-01-17T22:29:56.556297573Z,01JHV50F71T4Z7S4BGZBP8WG1E,2025-01-17T22:29:46.089107461Z,100,2025-01-17T22:29:56.560675884Z,01JHV5BMQ8G3SKGG66H7DCC8Y4,2025-01-17T22:29:46.089107461Z,01JHV629AY1CEZHJ22X7DKA03R,2025-01-17T22:29:46.089107461Z,01JHV629BS9W8XNAM7J9DT4BQA,2025-01-17T22:29:46.089107461Z,true,2025-01-17T22:29:56.566653173Z
01JHV61HX9AVK3TPT4AME70KNF,01JHV57NQJ604KR99FW78YYC5P,2025-01-17T22:27:21.641631368Z,66,2025-01-17T22:27:45.485876926Z,01JHV57NQW2C25054EM8FXPG3N,2025-01-17T22:27:21.641631368Z,67,2025-01-17T22:27:45.484437205Z,01JHV5AAHBVV8Q5MPFQG16M853,2025-01-17T22:27:21.641631368Z,01JHV5WB0DD63R4RZHB4ATYYY7,2025-01-17T22:27:21.641631368Z,01JHV5WB1KRG85Y8ANZMTF3P4M,2025-01-17T22:27:21.641631368Z,true,2025-01-17T22:27:45.486286757Z
01JHV629K17CA5BYF9K3FN279E,01JHV50F6QX66CCB0HTPJT4HC6,2025-01-17T22:27:45.889410134Z,,,01JHV50F71T4Z7S4BGZBP8WG1E,2025-01-17T22:27:45.889410134Z,,,01JHV5BMQ8G3SKGG66H7DCC8Y4,2025-01-17T22:27:45.889410134Z,01JHV629ASHAHSKVKRB4BJX0XY,2025-01-17T22:27:45.889410134Z,01JHV629B6XBMYF7N154N1TP4R,2025-01-17T22:27:45.889410134Z,,
01JHV6VEV1FK9650GETMS3NKAS,01JHV69VE2MZBSS2WPDC24SC99,2025-01-17T22:41:30.465351962Z,73,2025-01-17T22:41:44.095545345Z,01JHV69VEDAAXJYYZSSJQD86ZX,2025-01-17T22:41:30.465351962Z,67,2025-01-17T22:41:44.096146371Z,01JHV6CNGQKWR6CF56CW4Y7ZSS,2025-01-17T22:41:30.465351962Z,01JHV6PPR7HW5KTZ4KTKCGBDXH,2025-01-17T22:41:30.465351962Z,01JHV6PPSKGKGGPYTTBVF9WJQ2,2025-01-17T22:41:30.465351962Z,true,2025-01-17T22:41:44.094091472Z
01JHV5Y5Y9B6NNJWYM2PQWQNNN,01JHV57NQJ604KR99FW78YYC5P,2025-01-17T22:25:31.081821884Z,44,2025-01-17T22:25:55.010586179Z,01JHV57NQW2C25054EM8FXPG3N,2025-01-17T22:25:31.081821884Z,51,2025-01-17T22:25:55.011213815Z,01JHV5AAHBVV8Q5MPFQG16M853,2025-01-17T22:25:31.081821884Z,01JHV5WB0BKAWXSCGGDAMRZKZR,2025-01-17T22:25:31.081821884Z,01JHV5WB0WN7N9BJAYZHZ7JDC2,2025-01-17T22:25:31.081821884Z,true,2025-01-17T22:25:55.011881841Z
01JHV60MJ427P2NNTPDHY9MJ8X,01JHV57NQJ604KR99FW78YYC5P,2025-01-17T22:26:51.588740445Z,100,2025-01-17T22:26:59.137984399Z,01JHV57NQW2C25054EM8FXPG3N,2025-01-17T22:26:51.588740445Z,0,2025-01-17T22:26:59.138279004Z,01JHV5FN3TFA93B11FRPKGVFHX,2025-01-17T22:26:51.588740445Z,01JHV5WB0CVXXWPDR14VC6HAC6,2025-01-17T22:26:51.588740445Z,01JHV5WB1EPW64WESJ5329WXC0,2025-01-17T22:26:51.588740445Z,true,2025-01-17T22:26:59.137481938Z
01JHV6QMAASB19D19NSEK0T81Y,01JHV69VE2MZBSS2WPDC24SC99,2025-01-17T22:39:25.002167041Z,58,2025-01-17T22:39:49.073947535Z,01JHV69VEDAAXJYYZSSJQD86ZX,2025-01-17T22:39:25.002167041Z,99,2025-01-17T22:39:49.071481677Z,01JHV69ZWY72D7Z995RVQEVCX1,2025-01-17T22:39:25.002167041Z,01JHV6PPR184RTRCY8B31PQ5S2,2025-01-17T22:39:25.002167041Z,01JHV6PPRG7S1F3HSY2DKXKZAJ,2025-01-17T22:39:25.002167041Z,true,2025-01-17T22:39:49.225958673Z
01JHV6VEV1FK9650GETZ7TBAX5,01JHV69VE2MZBSS2WPDC24SC99,2025-01-17T22:41:30.465893068Z,59,2025-01-17T22:41:56.420483202Z,01JHV69VEDAAXJYYZSSJQD86ZX,2025-01-17T22:41:30.465893068Z,91,2025-01-17T22:41:56.418016688Z,01JHV69ZWY72D7Z995RVQEVCX1,2025-01-17T22:41:30.465893068Z,01JHV6PPR7HW5KTZ4KTKCGBDXH,2025-01-17T22:41:30.465893068Z,01JHV6PPSKGKGGPYTTBVF9WJQ2,2025-01-17T22:41:30.465893068Z,true,2025-01-17T22:41:56.425135648Z
01JHV5TTVXWPY8YF71B1X9VR67,01JHV50FPJZ7ERW5C47WHC0622,2025-01-17T22:23:41.437493702Z,68,2025-01-17T22:24:01.4301406Z,01JHV50FPVFR8Z1QHNZWY5QBZT,2025-01-17T22:23:41.437493702Z,35,2025-01-17T22:24:01.424648923Z,01JHV5AD6GE75R4VPNVGF064DR,2025-01-17T22:23:41.437493702Z,01JHV5QW41443F4HJ73R73HBT1,2025-01-17T22:23:41.437493702Z,01JHV5QW55MNYCMZVQSH4591QC,2025-01-17T22:23:41.437493702Z,true,2025-01-17T22:24:01.436941994Z
01JHV60MJ5X276CKVV5EJRKK4F,01JHV57NQJ604KR99FW78YYC5P,2025-01-17T22:26:51.589032371Z,,,01JHV57NQW2C25054EM8FXPG3N,2025-01-17T22:26:51.589032371Z,,,01JHV5BVQBY49HA5Y4BZ073EFY,2025-01-17T22:26:51.589032371Z,01JHV5WB0CVXXWPDR14VC6HAC6,2025-01-17T22:26:51.589032371Z,01JHV5WB1EPW64WESJ5329WXC0,2025-01-17T22:26:51.589032371Z,,
01JHV629836ZVA4H23SNMW993G,01JHV57NQJ604KR99FW78YYC5P,2025-01-17T22:27:45.539938685Z,74,2025-01-17T22:27:55.441610067Z,01JHV57NQW2C25054EM8FXPG3N,2025-01-17T22:27:45.539938685Z,20,2025-01-17T22:27:55.439659175Z,01JHV5DK8HS93GE3S69Y5Y5EFG,2025-01-17T22:27:45.539938685Z,01JHV5WB0GNC0QHG0TV8VBKZXW,2025-01-17T22:27:45.539938685Z,01JHV5WB1VMKY8E057020R73CE,2025-01-17T22:27:45.539938685Z,true,2025-01-17T22:27:55.637346131Z
01JHV636XAG8EQ8B4HPWKY5KR2,01JHV50F6QX66CCB0HTPJT4HC6,2025-01-17T22:28:15.914041878Z,100,2025-01-17T22:28:42.276421756Z,01JHV50F71T4Z7S4BGZBP8WG1E,2025-01-17T22:28:15.914041878Z,75,2025-01-17T22:28:42.26918342Z,01JHV5TWSH8CS6TP7VVY149RHW,2025-01-17T22:28:15.914041878Z,01JHV629ASHAHSKVKRB4BJX0XY,2025-01-17T22:28:15.914041878Z,01JHV629B6XBMYF7N15SWV50YT,2025-01-17T22:28:15.914041878Z,true,2025-01-17T22:28:42.275909565Z
01JHV6TNGN9SBMAJAX799BKR5X,01JHV69VE2MZBSS2WPDC24SC99,2025-01-17T22:41:04.533680862Z,99,2025-01-17T22:41:30.415146996Z,01JHV69VEDAAXJYYZSSJQD86ZX,2025-01-17T22:41:04.533680862Z,48,2025-01-17T22:41:30.417748464Z,01JHV6DX52YSMR2P6X4P333M56,2025-01-17T22:41:04.533680862Z,01JHV6PPR3W0XHTBG8Y594X9MR,2025-01-17T22:41:04.533680862Z,01JHV6PPSCXKZT3KNBWGZ5QRHC,2025-01-17T22:41:04.533680862Z,true,2025-01-17T22:41:30.418371291Z
01JHV6W87V7YEC1ZEW0WYVA8VP,01JHV69VE2MZBSS2WPDC24SC99,2025-01-17T22:41:56.475423281Z,77,2025-01-17T22:42:24.998979897Z,01JHV69VEDAAXJYYZSSJQD86ZX,2025-01-17T22:41:56.475423281Z,81,2025-01-17T22:42:24.99737275Z,01JHV69ZWY72D7Z995RVQEVCX1,2025-01-17T22:41:56.475423281Z,01JHV6PPR5DV40R8RWW4BZZDZH,2025-01-17T22:41:56.475423281Z,01JHV6PPSSY7D0KWHER55QJK4S,2025-01-17T22:41:56.475423281Z,true,2025-01-17T22:42:25.003274074Z
01JHV6X44TV7QZHVTD5E8FF1FQ,01JHV69VE2MZBSS2WPDC24SC99,2025-01-17T22:42:25.050772223Z,80,2025-01-17T22:42:46.454722859Z,01JHV69VEDAAXJYYZSSJQD86ZX,2025-01-17T22:42:25.050772223Z,73,2025-01-17T22:42:46.447953246Z,01JHV6CNGQKWR6CF56CW4Y7ZSS,2025-01-17T22:42:25.050772223Z,01JHV6PPR7HW5KTZ4KSYHS5W4Y,2025-01-17T22:42:25.050772223Z,01JHV6PPSYH3MHZJRKBA89NNWA,2025-01-17T22:42:25.050772223Z,true,2025-01-17T22:42:46.467708753Z
01JHV5QWBSZKB55R1TMHCKNATF,01JHV50FPJZ7ERW5C47WHC0622,2025-01-17T22:22:04.665490356Z,,,01JHV50FPVFR8Z1QHNZWY5QBZT,2025-01-17T22:22:04.665490356Z,,,01JHV5CX23AX64E9MS937FRKB0,2025-01-17T22:22:04.665490356Z,01JHV5QW41443F4HJ72KE20G9H,2025-01-17T22:22:04.665490356Z,01JHV5QW4J6C396HN4VZWZ8RFS,2025-01-17T22:22:04.665490356Z,,
01JHV6TNGP0Q8NFHA3B23JJG9R,01JHV69VE2MZBSS2WPDC24SC99,2025-01-17T22:41:04.534600613Z,81,2025-01-17T22:41:13.139393409Z,01JHV69VEDAAXJYYZSSJQD86ZX,2025-01-17T22:41:04.534600613Z,86,2025-01-17T22:41:13.141260042Z,01JHV6BZR8QFR7BGB15QD1AVBW,2025-01-17T22:41:04.534600613Z,01JHV6PPR3W0XHTBG8Y594X9MR,2025-01-17T22:41:04.534600613Z,01JHV6PPSCXKZT3KNBWGZ5QRHC,2025-01-17T22:41:04.534600613Z,true,2025-01-17T22:41:13.142174754Z
01JHV6W87TTMHWNAY18WHDQ631,01JHV69VE2MZBSS2WPDC24SC99,2025-01-17T22:41:56.474188767Z,37,2025-01-17T22:42:06.958647765Z,01JHV69VEDAAXJYYZSSJQD86ZX,2025-01-17T22:41:56.474188767Z,79,2025-01-17T22:42:06.965726796Z,01JHV6CNGQKWR6CF56CW4Y7ZSS,2025-01-17T22:41:56.474188767Z,01JHV6PPR5DV40R8RWW4BZZDZH,2025-01-17T22:41:56.474188767Z,01JHV6PPSSY7D0KWHER55QJK4S,2025-01-17T22:41:56.474188767Z,true,2025-01-17T22:42:06.971055989Z
01JHV5WXJN219MZWKMN1QQS6K1,01JHV50FPJZ7ERW5C47WHC0622,2025-01-17T22:24:49.749876765Z,100,2025-01-17T22:24:57.252343454Z,01JHV50FPVFR8Z1QHNZWY5QBZT,2025-01-17T22:24:49.749876765Z,36,2025-01-17T22:24:57.257614139Z,01JHV5HQ7JSDP4EE9Z8ACG2EH7,2025-01-17T22:24:49.749876765Z,01JHV5QW423M55N4613YEXFJJB,2025-01-17T22:24:49.749876765Z,01JHV5QW63C9D7C73B9VECVFYA,2025-01-17T22:24:49.749876765Z,true,2025-01-17T22:24:57.251413217Z
01JHV5Y5YB0N69DSZW6T0JTD35,01JHV57NQJ604KR99FW78YYC5P,2025-01-17T22:25:31.083022602Z,100,2025-01-17T22:25:45.359091564Z,01JHV57NQW2C25054EM8FXPG3N,2025-01-17T22:25:31.083022602Z,0,2025-01-17T22:25:45.358471888Z,01JHV5FN3TFA93B11FRPKGVFHX,2025-01-17T22:25:31.083022602Z,01JHV5WB0BKAWXSCGGDAMRZKZR,2025-01-17T22:25:31.083022602Z,01JHV5WB0WN7N9BJAYZHZ7JDC2,2025-01-17T22:25:31.083022602Z,true,2025-01-17T22:25:45.359584627Z
01JHV62M50C2GSKZMSQXQ8BKMQ,01JHV57NQJ604KR99FW78YYC5P,2025-01-17T22:27:56.704354778Z,66,2025-01-17T22:28:12.122023907Z,01JHV57NQW2C25054EM8FXPG3N,2025-01-17T22:27:56.704354778Z,51,2025-01-17T22:28:12.120821543Z,01JHV5AAHBVV8Q5MPFQG16M853,2025-01-17T22:27:56.704354778Z,01JHV5WB0GNC0QHG0TTRMTTHGY,2025-01-17T22:27:56.704354778Z,01JHV5WB22W3KQQVATYXYTA930,2025-01-17T22:27:56.704354778Z,true,2025-01-17T22:28:12.123054273Z
01JHV62M516JE8V281X1YXHK4J,01JHV57NQJ604KR99FW78YYC5P,2025-01-17T22:27:56.705467708Z,100,2025-01-17T22:28:05.641169755Z,01JHV57NQW2C25054EM8FXPG3N,2025-01-17T22:27:56.705467708Z,0,2025-01-17T22:28:05.640645424Z,01JHV5FN3TFA93B11FRPKGVFHX,2025-01-17T22:27:56.705467708Z,01JHV5WB0GNC0QHG0TTRMTTHGY,2025-01-17T22:27:56.705467708Z,01JHV5WB22W3KQQVATYXYTA930,2025-01-17T22:27:56.705467708Z,true,2025-01-17T22:28:05.641625345Z
01JHV66WAHJD8MN5NZWKQT0SF0,01JHV50F6QX66CCB0HTPJT4HC6,2025-01-17T22:30:16.145972758Z,100,2025-01-17T22:30:27.16968996Z,01JHV50F71T4Z7S4BGZBP8WG1E,2025-01-17T22:30:16.145972758Z,100,2025-01-17T22:30:27.169189716Z,01JHV5BMQ8G3SKGG66H7DCC8Y4,2025-01-17T22:30:16.145972758Z,01JHV629AY1CEZHJ22XPBZXCD8,2025-01-17T22:30:16.145972758Z,01JHV629BZ4N5KWRCT3N0770W8,2025-01-17T22:30:16.145972758Z,true,2025-01-17T22:30:27.18748262Z
01JHV67R9VPASA0238G97894XG,01JHV50F6QX66CCB0HTPJT4HC6,2025-01-17T22:30:44.7959853Z,51,2025-01-17T22:30:52.047541335Z,01JHV50F71T4Z7S4BGZBP8WG1E,2025-01-17T22:30:44.7959853Z,77,2025-01-17T22:30:52.039449779Z,01JHV5SSNSS2BJ6FZ3YP3TJ1A6,2025-01-17T22:30:44.7959853Z,01JHV629AZR8TRKPNW2RG0HHZS,2025-01-17T22:30:44.7959853Z,01JHV629C4AMHCHGR849AS8CS0,2025-01-17T22:30:44.7959853Z,true,2025-01-17T22:30:52.048206994Z
01JHV62M516JE8V281WSAV0B0T,01JHV57NQJ604KR99FW78YYC5P,2025-01-17T22:27:56.705045618Z,76,2025-01-17T22:28:15.633052549Z,01JHV57NQW2C25054EM8FXPG3N,2025-01-17T22:27:56.705045618Z,18,2025-01-17T22:28:15.631135878Z,01JHV5DK8HS93GE3S69Y5Y5EFG,2025-01-17T22:27:56.705045618Z,01JHV5WB0GNC0QHG0TTRMTTHGY,2025-01-17T22:27:56.705045618Z,01JHV5WB22W3KQQVATYXYTA930,2025-01-17T22:27:56.705045618Z,true,2025-01-17T22:28:15.790660839Z
01JHV6448PK0XZSZ6E3MAFZ4RW,01JHV50F6QX66CCB0HTPJT4HC6,2025-01-17T22:28:45.974876613Z,,,01JHV50F71T4Z7S4BGZBP8WG1E,2025-01-17T22:28:45.974876613Z,,,01JHV5TWSH8CS6TP7VVY149RHW,2025-01-17T22:28:45.974876613Z,01JHV629ASHAHSKVKRBPY7B6N6,2025-01-17T22:28:45.974876613Z,01JHV629BEVBT57978Y7G7RFVR,2025-01-17T22:28:45.974876613Z,,
01JHV6TNGP0Q8NFHA3AMXJABWR,01JHV69VE2MZBSS2WPDC24SC99,2025-01-17T22:41:04.534130275Z,40,2025-01-17T22:41:20.80542438Z,01JHV69VEDAAXJYYZSSJQD86ZX,2025-01-17T22:41:04.534130275Z,80,2025-01-17T22:41:20.804266532Z,01JHV69ZWY72D7Z995RVQEVCX1,2025-01-17T22:41:04.534130275Z,01JHV6PPR3W0XHTBG8Y594X9MR,2025-01-17T22:41:04.534130275Z,01JHV6PPSCXKZT3KNBWGZ5QRHC,2025-01-17T22:41:04.534130275Z,true,2025-01-17T22:41:20.809023946Z
01JHV5RSP6EVYTFBBCXN4ARJMJ,01JHV50FPJZ7ERW5C47WHC0622,2025-01-17T22:22:34.694238528Z,100,2025-01-17T22:22:46.426639218Z,01JHV50FPVFR8Z1QHNZWY5QBZT,2025-01-17T22:22:34.694238528Z,0,2025-01-17T22:22:46.424518149Z,01JHV5GNRYQCKJ22E045EJJWXK,2025-01-17T22:22:34.694238528Z,01JHV5QW41443F4HJ72KE20G9H,2025-01-17T22:22:34.694238528Z,01JHV5QW4J6C396HN4WHCH62WQ,2025-01-17T22:22:34.694238528Z,true,2025-01-17T22:22:46.514667453Z
01JHV5W4859985EQD8DK2FNVJW,01JHV50FPJZ7ERW5C47WHC0622,2025-01-17T22:24:23.813938803Z,67,2025-01-17T22:24:31.759386911Z,01JHV50FPVFR8Z1QHNZWY5QBZT,2025-01-17T22:24:23.813938803Z,36,2025-01-17T22:24:31.765736819Z,01JHV5HQ7JSDP4EE9Z8ACG2EH7,2025-01-17T22:24:23.813938803Z,01JHV5QW423M55N4613D8BDJBV,2025-01-17T22:24:23.813938803Z,01JHV5QW5QAM3EPE8K2RE9FT8Y,2025-01-17T22:24:23.813938803Z,true,2025-01-17T22:24:31.75971041Z
01JHV5TTVWTJFSY1T4EDEWCA9E,01JHV50FPJZ7ERW5C47WHC0622,2025-01-17T22:23:41.43680031Z,100,2025-01-17T22:23:52.113696649Z,01JHV50FPVFR8Z1QHNZWY5QBZT,2025-01-17T22:23:41.43680031Z,0,2025-01-17T22:23:52.120542635Z,01JHV5HQ7JSDP4EE9Z8ACG2EH7,2025-01-17T22:23:41.43680031Z,01JHV5QW41443F4HJ73R73HBT1,2025-01-17T22:23:41.43680031Z,01JHV5QW55MNYCMZVQSH4591QC,2025-01-17T22:23:41.43680031Z,true,2025-01-17T22:23:52.113377222Z
01JHV5WB8G1F59Q0M3KS25NVGT,01JHV57NQJ604KR99FW78YYC5P,2025-01-17T22:24:30.992512982Z,,,01JHV57NQW2C25054EM8FXPG3N,2025-01-17T22:24:30.992512982Z,,,01JHV5DK8HS93GE3S69Y5Y5EFG,2025-01-17T22:24:30.992512982Z,01JHV5WB07AKT8ASNQ4K1DD37N,2025-01-17T22:24:30.992512982Z,01JHV5WB0MA5K2J8M2B4J54Z6A,2025-01-17T22:24:30.992512982Z,,
01JHV5XGRDWS1HS4NK5T5TRVVQ,01JHV50FPJZ7ERW5C47WHC0622,2025-01-17T22:25:09.389861573Z,71,2025-01-17T22:25:16.397849345Z,01JHV50FPVFR8Z1QHNZWY5QBZT,2025-01-17T22:25:09.389861573Z,25,2025-01-17T22:25:16.396759916Z,01JHV5GNRYQCKJ22E045EJJWXK,2025-01-17T22:25:09.389861573Z,01JHV5QW423M55N4614Q130V8S,2025-01-17T22:25:09.389861573Z,01JHV5QW69NK1RACK8VG77A6ZT,2025-01-17T22:25:09.389861573Z,true,2025-01-17T22:25:16.397397745Z
01JHV5Y5YA45KM4Z1G5PECJ2KW,01JHV57NQJ604KR99FW78YYC5P,2025-01-17T22:25:31.082256472Z,16,2025-01-17T22:26:00.646459217Z,01JHV57NQW2C25054EM8FXPG3N,2025-01-17T22:25:31.082256472Z,10,2025-01-17T22:26:00.644780402Z,01JHV5DK8HS93GE3S69Y5Y5EFG,2025-01-17T22:25:31.082256472Z,01JHV5WB0BKAWXSCGGDAMRZKZR,2025-01-17T22:25:31.082256472Z,01JHV5WB0WN7N9BJAYZHZ7JDC2,2025-01-17T22:25:31.082256472Z,true,2025-01-17T22:26:00.917848489Z
01JHV6QMAASB19D19NSWNSA3G9,01JHV69VE2MZBSS2WPDC24SC99,2025-01-17T22:39:25.002721273Z,96,2025-01-17T22:39:43.540120058Z,01JHV69VEDAAXJYYZSSJQD86ZX,2025-01-17T22:39:25.002721273Z,81,2025-01-17T22:39:43.539353351Z,01JHV6BZR8QFR7BGB15QD1AVBW,2025-01-17T22:39:25.002721273Z,01JHV6PPR184RTRCY8B31PQ5S2,2025-01-17T22:39:25.002721273Z,01JHV6PPRG7S1F3HSY2DKXKZAJ,2025-01-17T22:39:25.002721273Z,true,2025-01-17T22:39:43.602366016Z
01JHV6RC0VC6QMRMH10ME8K7AV,01JHV69VE2MZBSS2WPDC24SC99,2025-01-17T22:39:49.275633629Z,69,2025-01-17T22:40:06.984890619Z,01JHV69VEDAAXJYYZSSJQD86ZX,2025-01-17T22:39:49.275633629Z,99,2025-01-17T22:40:06.985941596Z,01JHV69ZWY72D7Z995RVQEVCX1,2025-01-17T22:39:49.275633629Z,01JHV6PPR6DG9PB8QEMDZJ53HK,2025-01-17T22:39:49.275633629Z,01JHV6PPRSNF00E0JJ6N400B7X,2025-01-17T22:39:49.275633629Z,true,2025-01-17T22:40:06.987253598Z
01JHV6TNGN9SBMAJAX6ZQQ33GM,01JHV69VE2MZBSS2WPDC24SC99,2025-01-17T22:41:04.533208671Z,75,2025-01-17T22:41:22.94326403Z,01JHV69VEDAAXJYYZSSJQD86ZX,2025-01-17T22:41:04.533208671Z,80,2025-01-17T22:41:22.929872485Z,01JHV6CNGQKWR6CF56CW4Y7ZSS,2025-01-17T22:41:04.533208671Z,01JHV6PPR3W0XHTBG8Y594X9MR,2025-01-17T22:41:04.533208671Z,01JHV6PPSCXKZT3KNBWGZ5QRHC,2025-01-17T22:41:04.533208671Z,true,2025-01-17T22:41:22.94451074Z
01JHV6X44SJP6P3EEHB55KWTXM,01JHV69VE2MZBSS2WPDC24SC99,2025-01-17T22:42:25.049751328Z,61,2025-01-17T22:42:32.878972376Z,01JHV69VEDAAXJYYZSSJQD86ZX,2025-01-17T22:42:25.049751328Z,80,2025-01-17T22:42:32.878088193Z,01JHV69ZWY72D7Z995RVQEVCX1,2025-01-17T22:42:25.049751328Z,01JHV6PPR7HW5KTZ4KSYHS5W4Y,2025-01-17T22:42:25.049751328Z,01JHV6PPSYH3MHZJRKBA89NNWA,2025-01-17T22:42:25.049751328Z,true,2025-01-17T22:42:32.884819783Z
01JHV5TTVWTJFSY1T4EM8QWVSH,01JHV50FPJZ7ERW5C47WHC0622,2025-01-17T22:23:41.436995661Z,60,2025-01-17T22:23:53.513568395Z,01JHV50FPVFR8Z1QHNZWY5QBZT,2025-01-17T22:23:41.436995661Z,42,2025-01-17T22:23:53.512749819Z,01JHV5CX23AX64E9MS937FRKB0,2025-01-17T22:23:41.436995661Z,01JHV5QW41443F4HJ73R73HBT1,2025-01-17T22:23:41.436995661Z,01JHV5QW55MNYCMZVQSH4591QC,2025-01-17T22:23:41.436995661Z,true,2025-01-17T22:23:53.513900037Z
01JHV60MJ427P2NNTPD4NMVV5H,01JHV57NQJ604KR99FW78YYC5P,2025-01-17T22:26:51.58839606Z,70,2025-01-17T22:27:04.719312507Z,01JHV57NQW2C25054EM8FXPG3N,2025-01-17T22:26:51.58839606Z,23,2025-01-17T22:27:04.71729054Z,01JHV5DK8HS93GE3S69Y5Y5EFG,2025-01-17T22:26:51.58839606Z,01JHV5WB0CVXXWPDR14VC6HAC6,2025-01-17T22:26:51.58839606Z,01JHV5WB1EPW64WESJ5329WXC0,2025-01-17T22:26:51.58839606Z,true,2025-01-17T22:27:04.974870722Z
01JHV6448QPHM4RP5NSHR9KC4M,01JHV50F6QX66CCB0HTPJT4HC6,2025-01-17T22:28:45.975228376Z,80,2025-01-17T22:29:10.999127199Z,01JHV50F71T4Z7S4BGZBP8WG1E,2025-01-17T22:28:45.975228376Z,0,2025-01-17T22:29:10.997273688Z,01JHV5C10XR7WAM715R01HY6YE,2025-01-17T22:28:45.975228376Z,01JHV629ASHAHSKVKRBPY7B6N6,2025-01-17T22:28:45.975228376Z,01JHV629BEVBT57978Y7G7RFVR,2025-01-17T22:28:45.975228376Z,true,2025-01-17T22:29:11.003460228Z
01JHV651M2KEE8KVJ577YBYDEN,01JHV50F6QX66CCB0HTPJT4HC6,2025-01-17T22:29:16.034829963Z,81,2025-01-17T22:29:32.439675396Z,01JHV50F71T4Z7S4BGZBP8WG1E,2025-01-17T22:29:16.034829963Z,0,2025-01-17T22:29:32.439043649Z,01JHV5C10XR7WAM715R01HY6YE,2025-01-17T22:29:16.034829963Z,01JHV629ATB36Z2RYNBP2W88QW,2025-01-17T22:29:16.034829963Z,01JHV629BMX4FZQKH6CBT9DNJG,2025-01-17T22:29:16.034829963Z,true,2025-01-17T22:29:32.444868368Z
01JHV6SR5FR2VYXS0YSWW81RH6,01JHV69VE2MZBSS2WPDC24SC99,2025-01-17T22:40:34.479781667Z,100,2025-01-17T22:40:47.670771048Z,01JHV69VEDAAXJYYZSSJQD86ZX,2025-01-17T22:40:34.479781667Z,100,2025-01-17T22:40:47.671842284Z,01JHV6DX52YSMR2P6X4P333M56,2025-01-17T22:40:34.479781667Z,01JHV6PPR5DV40R8RWWJG5SE1G,2025-01-17T22:40:34.479781667Z,01JHV6PPS6QF1DKM9VE727PW6T,2025-01-17T22:40:34.479781667Z,true,2025-01-17T22:40:47.672623736Z
01JHV5X8K0W7RV3Y8KB0PP5Q57,01JHV57NQJ604KR99FW78YYC5P,2025-01-17T22:25:01.024354521Z,100,2025-01-17T22:25:12.964684636Z,01JHV57NQW2C25054EM8FXPG3N,2025-01-17T22:25:01.024354521Z,0,2025-01-17T22:25:12.962945926Z,01JHV5DK8HS93GE3S69Y5Y5EFG,2025-01-17T22:25:01.024354521Z,01JHV5WB07AKT8ASNQ4K1DD37N,2025-01-17T22:25:01.024354521Z,01JHV5WB0MA5K2J8M2BYR3AF35,2025-01-17T22:25:01.024354521Z,true,2025-01-17T22:25:13.120699265Z
01JHV636X9T1GZ29VC17W9N2HZ,01JHV50F6QX66CCB0HTPJT4HC6,2025-01-17T22:28:15.913711829Z,100,2025-01-17T22:28:43.179243488Z,01JHV50F71T4Z7S4BGZBP8WG1E,2025-01-17T22:28:15.913711829Z,100,2025-01-17T22:28:43.182089028Z,01JHV5BMQ8G3SKGG66H7DCC8Y4,2025-01-17T22:28:15.913711829Z,01JHV629ASHAHSKVKRB4BJX0XY,2025-01-17T22:28:15.913711829Z,01JHV629B6XBMYF7N15SWV50YT,2025-01-17T22:28:15.913711829Z,true,2025-01-17T22:28:43.183088088Z
01JHV697KEKMEYB1AYTPSCQBME,01JHV50F6QX66CCB0HTPJT4HC6,2025-01-17T22:31:33.230314891Z,100,2025-01-17T22:31:40.387277722Z,01JHV50F71T4Z7S4BGZBP8WG1E,2025-01-17T22:31:33.230314891Z,100,2025-01-17T22:31:40.39047426Z,01JHV5BMQ8G3SKGG66H7DCC8Y4,2025-01-17T22:31:33.230314891Z,01JHV629B0XY58E28PKPDWB1XW,2025-01-17T22:31:33.230314891Z,01JHV629CG92M31TTKPAJY9QVJ,2025-01-17T22:31:33.230314891Z,true,2025-01-17T22:31:40.393133132Z
01JHV6W87SMDNTPHM2DH3SNZEM,01JHV69VE2MZBSS2WPDC24SC99,2025-01-17T22:41:56.47361646Z,78,2025-01-17T22:42:07.447550164Z,01JHV69VEDAAXJYYZSSJQD86ZX,2025-01-17T22:41:56.47361646Z,85,2025-01-17T22:42:07.443349119Z,01JHV6BZR8QFR7BGB15QD1AVBW,2025-01-17T22:41:56.47361646Z,01JHV6PPR5DV40R8RWW4BZZDZH,2025-01-17T22:41:56.47361646Z,01JHV6PPSSY7D0KWHER55QJK4S,2025-01-17T22:41:56.47361646Z,true,2025-01-17T22:42:07.448726516Z
01JHV5T9VZP128CYMDWMB56E49,01JHV50FPJZ7ERW5C47WHC0622,2025-01-17T22:23:24.031487198Z,67,2025-01-17T22:23:35.81225911Z,01JHV50FPVFR8Z1QHNZWY5QBZT,2025-01-17T22:23:24.031487198Z,37,2025-01-17T22:23:35.810731961Z,01JHV5GNRYQCKJ22E045EJJWXK,2025-01-17T22:23:24.031487198Z,01JHV5QW4322P9824RE8T3RGCA,2025-01-17T22:23:24.031487198Z,01JHV5QW4ZH6SF2TY8TSG9ZERQ,2025-01-17T22:23:24.031487198Z,true,2025-01-17T22:23:35.898653083Z
01JHV5W486NBHAEBVMHEQ3PHPB,01JHV50FPJZ7ERW5C47WHC0622,2025-01-17T22:24:23.814822224Z,68,2025-01-17T22:24:49.701918878Z,01JHV50FPVFR8Z1QHNZWY5QBZT,2025-01-17T22:24:23.814822224Z,35,2025-01-17T22:24:49.699334811Z,01JHV5CX23AX64E9MS937FRKB0,2025-01-17T22:24:23.814822224Z,01JHV5QW423M55N4613D8BDJBV,2025-01-17T22:24:23.814822224Z,01JHV5QW5QAM3EPE8K2RE9FT8Y,2025-01-17T22:24:23.814822224Z,true,2025-01-17T22:24:49.700504106Z
01JHV6S3E0XM4Y9TE76QRDK2YP,01JHV69VE2MZBSS2WPDC24SC99,2025-01-17T22:40:13.248412816Z,97,2025-01-17T22:40:22.901929279Z,01JHV69VEDAAXJYYZSSJQD86ZX,2025-01-17T22:40:13.248412816Z,87,2025-01-17T22:40:22.899403188Z,01JHV6BZR8QFR7BGB15QD1AVBW,2025-01-17T22:40:13.248412816Z,01JHV6PPR2QQQ0N0Z2FVJ4FATR,2025-01-17T22:40:13.248412816Z,01JHV6PPS0XRVZ0ZS47DX1S6WQ,2025-01-17T22:40:13.248412816Z,true,2025-01-17T22:40:22.900837763Z
01JHV6X44TV7QZHVTD51JNGB9N,01JHV69VE2MZBSS2WPDC24SC99,2025-01-17T22:42:25.050263468Z,100,2025-01-17T22:42:30.699530381Z,01JHV69VEDAAXJYYZSSJQD86ZX,2025-01-17T22:42:25.050263468Z,100,2025-01-17T22:42:30.698622003Z,01JHV6DX52YSMR2P6X4P333M56,2025-01-17T22:42:25.050263468Z,01JHV6PPR7HW5KTZ4KSYHS5W4Y,2025-01-17T22:42:25.050263468Z,01JHV6PPSYH3MHZJRKBA89NNWA,2025-01-17T22:42:25.050263468Z,true,2025-01-17T22:42:30.702948019Z
01JHV5T9VYRXTBC39B0GAKTGVJ,01JHV50FPJZ7ERW5C47WHC0622,2025-01-17T22:23:24.03084662Z,65,2025-01-17T22:23:38.359834753Z,01JHV50FPVFR8Z1QHNZWY5QBZT,2025-01-17T22:23:24.03084662Z,40,2025-01-17T22:23:38.354408176Z,01JHV5AD6GE75R4VPNVGF064DR,2025-01-17T22:23:24.03084662Z,01JHV5QW4322P9824RE8T3RGCA,2025-01-17T22:23:24.03084662Z,01JHV5QW4ZH6SF2TY8TSG9ZERQ,2025-01-17T22:23:24.03084662Z,true,2025-01-17T22:23:38.361176545Z
01JHV5T9VZP128CYMDWV7AHMQN,01JHV50FPJZ7ERW5C47WHC0622,2025-01-17T22:23:24.031834133Z,100,2025-01-17T22:23:40.885333817Z,01JHV50FPVFR8Z1QHNZWY5QBZT,2025-01-17T22:23:24.031834133Z,0,2025-01-17T22:23:40.898020037Z,01JHV5HQ7JSDP4EE9Z8ACG2EH7,2025-01-17T22:23:24.031834133Z,01JHV5QW4322P9824RE8T3RGCA,2025-01-17T22:23:24.031834133Z,01JHV5QW4ZH6SF2TY8TSG9ZERQ,2025-01-17T22:23:24.031834133Z,true,2025-01-17T22:23:40.891151322Z
01JHV68NN5CGA5AN3X6RYQ8FJX,01JHV50F6QX66CCB0HTPJT4HC6,2025-01-17T22:31:14.85393634Z,68,2025-01-17T22:31:23.726966634Z,01JHV50F71T4Z7S4BGZBP8WG1E,2025-01-17T22:31:14.85393634Z,69,2025-01-17T22:31:23.720370275Z,01JHV5TWSH8CS6TP7VVY149RHW,2025-01-17T22:31:14.85393634Z,01JHV629B0XY58E28PJZWN535Q,2025-01-17T22:31:14.85393634Z,01JHV629CAYV0AJ0J8ZGQGWM1T,2025-01-17T22:31:14.85393634Z,true,2025-01-17T22:31:23.727459216Z
01JHV68NN6MZTPRF5SABEE6RNC,01JHV50F6QX66CCB0HTPJT4HC6,2025-01-17T22:31:14.854865028Z,100,2025-01-17T22:31:33.150657263Z,01JHV50F71T4Z7S4BGZBP8WG1E,2025-01-17T22:31:14.854865028Z,100,2025-01-17T22:31:33.136041764Z,01JHV5BMQ8G3SKGG66H7DCC8Y4,2025-01-17T22:31:14.854865028Z,01JHV629B0XY58E28PJZWN535Q,2025-01-17T22:31:14.854865028Z,01JHV629CAYV0AJ0J8ZGQGWM1T,2025-01-17T22:31:14.854865028Z,true,2025-01-17T22:31:33.171883038Z
01JHV6VEV2X5YQYW4HCD67BSSQ,01JHV69VE2MZBSS2WPDC24SC99,2025-01-17T22:41:30.46646849Z,89,2025-01-17T22:41:40.166942926Z,01JHV69VEDAAXJYYZSSJQD86ZX,2025-01-17T22:41:30.46646849Z,80,2025-01-17T22:41:40.163543477Z,01JHV6BZR8QFR7BGB15QD1AVBW,2025-01-17T22:41:30.46646849Z,01JHV6PPR7HW5KTZ4KTKCGBDXH,2025-01-17T22:41:30.46646849Z,01JHV6PPSKGKGGPYTTBVF9WJQ2,2025-01-17T22:41:30.46646849Z,true,2025-01-17T22:41:40.167519275Z
01JHV62M50C2GSKZMSRGEX7PDP,01JHV57NQJ604KR99FW78YYC5P,2025-01-17T22:27:56.704736266Z,37,2025-01-17T22:28:10.142519232Z,01JHV57NQW2C25054EM8FXPG3N,2025-01-17T22:27:56.704736266Z,71,2025-01-17T22:28:10.14191586Z,01JHV5BVQBY49HA5Y4BZ073EFY,2025-01-17T22:27:56.704736266Z,01JHV5WB0GNC0QHG0TTRMTTHGY,2025-01-17T22:27:56.704736266Z,01JHV5WB22W3KQQVATYXYTA930,2025-01-17T22:27:56.704736266Z,true,2025-01-17T22:28:10.160762092Z
01JHV65YZAJ688X16GQQAYDP61,01JHV50F6QX66CCB0HTPJT4HC6,2025-01-17T22:29:46.090459517Z,25,2025-01-17T22:30:01.381589843Z,01JHV50F71T4Z7S4BGZBP8WG1E,2025-01-17T22:29:46.090459517Z,18,2025-01-17T22:30:01.379648609Z,01JHV5C10XR7WAM715R01HY6YE,2025-01-17T22:29:46.090459517Z,01JHV629AY1CEZHJ22X7DKA03R,2025-01-17T22:29:46.090459517Z,01JHV629BS9W8XNAM7J9DT4BQA,2025-01-17T22:29:46.090459517Z,true,2025-01-17T22:30:01.387547499Z
01JHV651M3PGASBFTEYJZTDATW,01JHV50F6QX66CCB0HTPJT4HC6,2025-01-17T22:29:16.035224628Z,,,01JHV50F71T4Z7S4BGZBP8WG1E,2025-01-17T22:29:16.035224628Z,,,01JHV5SSNSS2BJ6FZ3YP3TJ1A6,2025-01-17T22:29:16.035224628Z,01JHV629ATB36Z2RYNBP2W88QW,2025-01-17T22:29:16.035224628Z,01JHV629BMX4FZQKH6CBT9DNJG,2025-01-17T22:29:16.035224628Z,,
01JHV66WAJYDEC5EBTZKHVZ8GJ,01JHV50F6QX66CCB0HTPJT4HC6,2025-01-17T22:30:16.146373326Z,81,2025-01-17T22:30:31.817276196Z,01JHV50F71T4Z7S4BGZBP8WG1E,2025-01-17T22:30:16.146373326Z,7,2025-01-17T22:30:31.815880172Z,01JHV5C10XR7WAM715R01HY6YE,2025-01-17T22:30:16.146373326Z,01JHV629AY1CEZHJ22XPBZXCD8,2025-01-17T22:30:16.146373326Z,01JHV629BZ4N5KWRCT3N0770W8,2025-01-17T22:30:16.146373326Z,true,2025-01-17T22:30:31.824864355Z
01JHV6SR5E4T56FHC5CFTFQ017,01JHV69VE2MZBSS2WPDC24SC99,2025-01-17T22:40:34.478905959Z,94,2025-01-17T22:40:43.160872128Z,01JHV69VEDAAXJYYZSSJQD86ZX,2025-01-17T22:40:34.478905959Z,100,2025-01-17T22:40:43.166937149Z,01JHV6CNGQKWR6CF56CW4Y7ZSS,2025-01-17T22:40:34.478905959Z,01JHV6PPR5DV40R8RWWJG5SE1G,2025-01-17T22:40:34.478905959Z,01JHV6PPS6QF1DKM9VE727PW6T,2025-01-17T22:40:34.478905959Z,true,2025-01-17T22:40:43.170008065Z
01JHV5VEEFKFYJH7H222EA6JZX,01JHV50FPJZ7ERW5C47WHC0622,2025-01-17T22:24:01.487186776Z,79,2025-01-17T22:24:23.763378279Z,01JHV50FPVFR8Z1QHNZWY5QBZT,2025-01-17T22:24:01.487186776Z,16,2025-01-17T22:24:23.764342194Z,01JHV5CX23AX64E9MS937FRKB0,2025-01-17T22:24:01.487186776Z,01JHV5QW423M55N4612YM7EQ2T,2025-01-17T22:24:01.487186776Z,01JHV5QW5FEKDTFN8TQ2X61HPX,2025-01-17T22:24:01.487186776Z,true,2025-01-17T22:24:23.764559198Z
01JHV5WXJPY1D6FAJFAMPXN6YC,01JHV50FPJZ7ERW5C47WHC0622,2025-01-17T22:24:49.750167175Z,71,2025-01-17T22:25:05.174578301Z,01JHV50FPVFR8Z1QHNZWY5QBZT,2025-01-17T22:24:49.750167175Z,34,2025-01-17T22:25:05.175057472Z,01JHV5CX23AX64E9MS937FRKB0,2025-01-17T22:24:49.750167175Z,01JHV5QW423M55N4613YEXFJJB,2025-01-17T22:24:49.750167175Z,01JHV5QW63C9D7C73B9VECVFYA,2025-01-17T22:24:49.750167175Z,true,2025-01-17T22:25:05.176506237Z
01JHV5Y5YA45KM4Z1G61MYZAKA,01JHV57NQJ604KR99FW78YYC5P,2025-01-17T22:25:31.08273641Z,,,01JHV57NQW2C25054EM8FXPG3N,2025-01-17T22:25:31.08273641Z,,,01JHV5BVQBY49HA5Y4BZ073EFY,2025-01-17T22:25:31.08273641Z,01JHV5WB0BKAWXSCGGDAMRZKZR,2025-01-17T22:25:31.08273641Z,01JHV5WB0WN7N9BJAYZHZ7JDC2,2025-01-17T22:25:31.08273641Z,,
01JHV62984B0K8G2AQXA4TZAQ6,01JHV57NQJ604KR99FW78YYC5P,2025-01-17T22:27:45.540277841Z,48,2025-01-17T22:27:56.658760404Z,01JHV57NQW2C25054EM8FXPG3N,2025-01-17T22:27:45.540277841Z,37,2025-01-17T22:27:56.657495486Z,01JHV5AAHBVV8Q5MPFQG16M853,2025-01-17T22:27:45.540277841Z,01JHV5WB0GNC0QHG0TV8VBKZXW,2025-01-17T22:27:45.540277841Z,01JHV5WB1VMKY8E057020R73CE,2025-01-17T22:27:45.540277841Z,true,2025-01-17T22:27:56.662335272Z
01JHV68NN5CGA5AN3X6JF3EHEP,01JHV50F6QX66CCB0HTPJT4HC6,2025-01-17T22:31:14.853444911Z,51,2025-01-17T22:31:27.103221653Z,01JHV50F71T4Z7S4BGZBP8WG1E,2025-01-17T22:31:14.853444911Z,20,2025-01-17T22:31:27.095159767Z,01JHV5SSNSS2BJ6FZ3YP3TJ1A6,2025-01-17T22:31:14.853444911Z,01JHV629B0XY58E28PJZWN535Q,2025-01-17T22:31:14.853444911Z,01JHV629CAYV0AJ0J8ZGQGWM1T,2025-01-17T22:31:14.853444911Z,true,2025-01-17T22:31:27.105189168Z
01JHV697KDV2XM0CH54PRRZSVZ,01JHV50F6QX66CCB0HTPJT4HC6,2025-01-17T22:31:33.229663661Z,100,2025-01-17T22:31:43.434797926Z,01JHV50F71T4Z7S4BGZBP8WG1E,2025-01-17T22:31:33.229663661Z,0,2025-01-17T22:31:43.433019844Z,01JHV5C10XR7WAM715R01HY6YE,2025-01-17T22:31:33.229663661Z,01JHV629B0XY58E28PKPDWB1XW,2025-01-17T22:31:33.229663661Z,01JHV629CG92M31TTKPAJY9QVJ,2025-01-17T22:31:33.229663661Z,true,2025-01-17T22:31:43.444679493Z
01JHV6PQ00HBX6JN5BMHK1WYAX,01JHV69VE2MZBSS2WPDC24SC99,2025-01-17T22:38:54.976239277Z,,,01JHV69VEDAAXJYYZSSJQD86ZX,2025-01-17T22:38:54.976239277Z,,,01JHV6BZR8QFR7BGB15QD1AVBW,2025-01-17T22:38:54.976239277Z,01JHV6PPR184RTRCY8B31PQ5S2,2025-01-17T22:38:54.976239277Z,01JHV6PPRG7S1F3HSY21FBHR0F,2025-01-17T22:38:54.976239277Z,,
01JHV6W87TTMHWNAY19CPEBGFF,01JHV69VE2MZBSS2WPDC24SC99,2025-01-17T22:41:56.47487308Z,100,2025-01-17T22:42:14.323005586Z,01JHV69VEDAAXJYYZSSJQD86ZX,2025-01-17T22:41:56.47487308Z,100,2025-01-17T22:42:14.324131249Z,01JHV6DX52YSMR2P6X4P333M56,2025-01-17T22:41:56.47487308Z,01JHV6PPR5DV40R8RWW4BZZDZH,2025-01-17T22:41:56.47487308Z,01JHV6PPSSY7D0KWHER55QJK4S,2025-01-17T22:41:56.47487308Z,true,2025-01-17T22:42:14.328644624Z
01JHV6X44VQTTXQDP5PVNKP9BP,01JHV69VE2MZBSS2WPDC24SC99,2025-01-17T22:42:25.051247657Z,82,2025-01-17T22:42:35.784442283Z,01JHV69VEDAAXJYYZSSJQD86ZX,2025-01-17T22:42:25.051247657Z,90,2025-01-17T22:42:35.780577226Z,01JHV6BZR8QFR7BGB15QD1AVBW,2025-01-17T22:42:25.051247657Z,01JHV6PPR7HW5KTZ4KSYHS5W4Y,2025-01-17T22:42:25.051247657Z,01JHV6PPSYH3MHZJRKBA89NNWA,2025-01-17T22:42:25.051247657Z,true,2025-01-17T22:42:35.78496038Z
01JHV5RSP6EVYTFBBCYFGX0163,01JHV50FPJZ7ERW5C47WHC0622,2025-01-17T22:22:34.694859237Z,100,2025-01-17T22:22:53.861475293Z,01JHV50FPVFR8Z1QHNZWY5QBZT,2025-01-17T22:22:34.694859237Z,0,2025-01-17T22:22:53.861146539Z,01JHV5CX23AX64E9MS937FRKB0,2025-01-17T22:22:34.694859237Z,01JHV5QW41443F4HJ72KE20G9H,2025-01-17T22:22:34.694859237Z,01JHV5QW4J6C396HN4WHCH62WQ,2025-01-17T22:22:34.694859237Z,true,2025-01-17T22:22:53.933579102Z
01JHV5XGRE1MZBAR0FJFDPKP8W,01JHV50FPJZ7ERW5C47WHC0622,2025-01-17T22:25:09.390334337Z,,,01JHV50FPVFR8Z1QHNZWY5QBZT,2025-01-17T22:25:09.390334337Z,,,01JHV5CX23AX64E9MS937FRKB0,2025-01-17T22:25:09.390334337Z,01JHV5QW423M55N4614Q130V8S,2025-01-17T22:25:09.390334337Z,01JHV5QW69NK1RACK8VG77A6ZT,2025-01-17T22:25:09.390334337Z,,
01JHV5Z39D0R73DFSZHM7DR5KT,01JHV57NQJ604KR99FW78YYC5P,2025-01-17T22:26:01.133045893Z,72,2025-01-17T22:26:13.673953147Z,01JHV57NQW2C25054EM8FXPG3N,2025-01-17T22:26:01.133045893Z,0,2025-01-17T22:26:13.672086312Z,01JHV5DK8HS93GE3S69Y5Y5EFG,2025-01-17T22:26:01.133045893Z,01JHV5WB0A1KX24QA9YFSS94FZ,2025-01-17T22:26:01.133045893Z,01JHV5WB12KERRZPYFV36PYASQ,2025-01-17T22:26:01.133045893Z,true,2025-01-17T22:26:14.088353632Z
01JHV5Z39D0R73DFSZJD2V52FQ,01JHV57NQJ604KR99FW78YYC5P,2025-01-17T22:26:01.133680554Z,32,2025-01-17T22:26:23.182924298Z,01JHV57NQW2C25054EM8FXPG3N,2025-01-17T22:26:01.133680554Z,70,2025-01-17T22:26:23.182238795Z,01JHV5BVQBY49HA5Y4BZ073EFY,2025-01-17T22:26:01.133680554Z,01JHV5WB0A1KX24QA9YFSS94FZ,2025-01-17T22:26:01.133680554Z,01JHV5WB12KERRZPYFV36PYASQ,2025-01-17T22:26:01.133680554Z,true,2025-01-17T22:26:23.192436375Z
01JHV67R9T4W2FRYT7GRCK2R9M,01JHV50F6QX66CCB0HTPJT4HC6,2025-01-17T22:30:44.794311065Z,100,2025-01-17T22:30:54.30807297Z,01JHV50F71T4Z7S4BGZBP8WG1E,2025-01-17T22:30:44.794311065Z,100,2025-01-17T22:30:54.307597915Z,01JHV5BMQ8G3SKGG66H7DCC8Y4,2025-01-17T22:30:44.794311065Z,01JHV629AZR8TRKPNW2RG0HHZS,2025-01-17T22:30:44.794311065Z,01JHV629C4AMHCHGR849AS8CS0,2025-01-17T22:30:44.794311065Z,true,2025-01-17T22:30:54.299755933Z
01JHV6S3DZATBS99N346WPGGA8,01JHV69VE2MZBSS2WPDC24SC99,2025-01-17T22:40:13.247439132Z,100,2025-01-17T22:40:29.072572766Z,01JHV69VEDAAXJYYZSSJQD86ZX,2025-01-17T22:40:13.247439132Z,100,2025-01-17T22:40:29.070175215Z,01JHV6DX52YSMR2P6X4P333M56,2025-01-17T22:40:13.247439132Z,01JHV6PPR2QQQ0N0Z2FVJ4FATR,2025-01-17T22:40:13.247439132Z,01JHV6PPS0XRVZ0ZS47DX1S6WQ,2025-01-17T22:40:13.247439132Z,true,2025-01-17T22:40:29.074276887Z
01JHV6S3E11FP0Y5ZXH2QJT4HC,01JHV69VE2MZBSS2WPDC24SC99,2025-01-17T22:40:13.249145186Z,66,2025-01-17T22:40:34.430011578Z,01JHV69VEDAAXJYYZSSJQD86ZX,2025-01-17T22:40:13.249145186Z,78,2025-01-17T22:40:34.429215713Z,01JHV69ZWY72D7Z995RVQEVCX1,2025-01-17T22:40:13.249145186Z,01JHV6PPR2QQQ0N0Z2FVJ4FATR,2025-01-17T22:40:13.249145186Z,01JHV6PPS0XRVZ0ZS47DX1S6WQ,2025-01-17T22:40:13.249145186Z,true,2025-01-17T22:40:34.433536408Z
01JHV5QWBSZKB55R1TM45WSDYB,01JHV50FPJZ7ERW5C47WHC0622,2025-01-17T22:22:04.665201372Z,,,01JHV50FPVFR8Z1QHNZWY5QBZT,2025-01-17T22:22:04.665201372Z,,,01JHV5HQ7JSDP4EE9Z8ACG2EH7,2025-01-17T22:22:04.665201372Z,01JHV5QW41443F4HJ72KE20G9H,2025-01-17T22:22:04.665201372Z,01JHV5QW4J6C396HN4VZWZ8RFS,2025-01-17T22:22:04.665201372Z,,
01JHV5SCGVCSX4WN0DDV7WTVBQ,01JHV50FPJZ7ERW5C47WHC0622,2025-01-17T22:22:53.979062987Z,86,2025-01-17T22:23:22.927477316Z,01JHV50FPVFR8Z1QHNZWY5QBZT,2025-01-17T22:22:53.979062987Z,83,2025-01-17T22:23:22.925700078Z,01JHV5GNRYQCKJ22E045EJJWXK,2025-01-17T22:22:53.979062987Z,01JHV5QW41443F4HJ73645ZR26,2025-01-17T22:22:53.979062987Z,01JHV5QW4SFJTKPQFGESN0ZGWG,2025-01-17T22:22:53.979062987Z,true,2025-01-17T22:23:23.014562087Z
01JHV5W486NBHAEBVMH2TFTF3C,01JHV50FPJZ7ERW5C47WHC0622,2025-01-17T22:24:23.814578322Z,70,2025-01-17T22:24:36.512215158Z,01JHV50FPVFR8Z1QHNZWY5QBZT,2025-01-17T22:24:23.814578322Z,36,2025-01-17T22:24:36.509851603Z,01JHV5GNRYQCKJ22E045EJJWXK,2025-01-17T22:24:23.814578322Z,01JHV5QW423M55N4613D8BDJBV,2025-01-17T22:24:23.814578322Z,01JHV5QW5QAM3EPE8K2RE9FT8Y,2025-01-17T22:24:23.814578322Z,true,2025-01-17T22:24:36.510799146Z
01JHV5WB8G1F59Q0M3M34YENNX,01JHV57NQJ604KR99FW78YYC5P,2025-01-17T22:24:30.992780105Z,,,01JHV57NQW2C25054EM8FXPG3N,2025-01-17T22:24:30.992780105Z,,,01JHV5FN3TFA93B11FRPKGVFHX,2025-01-17T22:24:30.992780105Z,01JHV5WB07AKT8ASNQ4K1DD37N,2025-01-17T22:24:30.992780105Z,01JHV5WB0MA5K2J8M2B4J54Z6A,2025-01-17T22:24:30.992780105Z,,
01JHV629K0ZX10S63EWPSZ2997,01JHV50F6QX66CCB0HTPJT4HC6,2025-01-17T22:27:45.88854731Z,,,01JHV50F71T4Z7S4BGZBP8WG1E,2025-01-17T22:27:45.88854731Z,,,01JHV5SSNSS2BJ6FZ3YP3TJ1A6,2025-01-17T22:27:45.88854731Z,01JHV629ASHAHSKVKRB4BJX0XY,2025-01-17T22:27:45.88854731Z,01JHV629B6XBMYF7N154N1TP4R,2025-01-17T22:27:45.88854731Z,,
01JHV651M3PGASBFTEZ5FACFCJ,01JHV50F6QX66CCB0HTPJT4HC6,2025-01-17T22:29:16.035554729Z,73,2025-01-17T22:29:45.624724183Z,01JHV50F71T4Z7S4BGZBP8WG1E,2025-01-17T22:29:16.035554729Z,74,2025-01-17T22:29:45.618460974Z,01JHV5TWSH8CS6TP7VVY149RHW,2025-01-17T22:29:16.035554729Z,01JHV629ATB36Z2RYNBP2W88QW,2025-01-17T22:29:16.035554729Z,01JHV629BMX4FZQKH6CBT9DNJG,2025-01-17T22:29:16.035554729Z,true,2025-01-17T22:29:45.623901289Z
01JHV697KDV2XM0CH54A0CS4C4,01JHV50F6QX66CCB0HTPJT4HC6,2025-01-17T22:31:33.22906811Z,,,01JHV50F71T4Z7S4BGZBP8WG1E,2025-01-17T22:31:33.22906811Z,,,01JHV5TWSH8CS6TP7VVY149RHW,2025-01-17T22:31:33.22906811Z,01JHV629B0XY58E28PKPDWB1XW,2025-01-17T22:31:33.22906811Z,01JHV629CG92M31TTKPAJY9QVJ,2025-01-17T22:31:33.22906811Z,,
01JHV6SR5E4T56FHC5C8S3DSWK,01JHV69VE2MZBSS2WPDC24SC99,2025-01-17T22:40:34.478280818Z,91,2025-01-17T22:40:44.124358041Z,01JHV69VEDAAXJYYZSSJQD86ZX,2025-01-17T22:40:34.478280818Z,87,2025-01-17T22:40:44.123562159Z,01JHV6BZR8QFR7BGB15QD1AVBW,2025-01-17T22:40:34.478280818Z,01JHV6PPR5DV40R8RWWJG5SE1G,2025-01-17T22:40:34.478280818Z,01JHV6PPS6QF1DKM9VE727PW6T,2025-01-17T22:40:34.478280818Z,true,2025-01-17T22:40:44.126011038Z
01JHV5T9VZP128CYMDW3QSNHJQ,01JHV50FPJZ7ERW5C47WHC0622,2025-01-17T22:23:24.031095003Z,40,2025-01-17T22:23:41.389160762Z,01JHV50FPVFR8Z1QHNZWY5QBZT,2025-01-17T22:23:24.031095003Z,66,2025-01-17T22:23:41.38953156Z,01JHV5CX23AX64E9MS937FRKB0,2025-01-17T22:23:24.031095003Z,01JHV5QW4322P9824RE8T3RGCA,2025-01-17T22:23:24.031095003Z,01JHV5QW4ZH6SF2TY8TSG9ZERQ,2025-01-17T22:23:24.031095003Z,true,2025-01-17T22:23:41.391761971Z
01JHV5VEEEZW9HJJHZA8VTY69X,01JHV50FPJZ7ERW5C47WHC0622,2025-01-17T22:24:01.486557659Z,61,2025-01-17T22:24:10.997129003Z,01JHV50FPVFR8Z1QHNZWY5QBZT,2025-01-17T22:24:01.486557659Z,45,2025-01-17T22:24:10.995667522Z,01JHV5GNRYQCKJ22E045EJJWXK,2025-01-17T22:24:01.486557659Z,01JHV5QW423M55N4612YM7EQ2T,2025-01-17T22:24:01.486557659Z,01JHV5QW5FEKDTFN8TQ2X61HPX,2025-01-17T22:24:01.486557659Z,true,2025-01-17T22:24:10.996753569Z
01JHV629K17CA5BYF9KGHA9D4A,01JHV50F6QX66CCB0HTPJT4HC6,2025-01-17T22:27:45.889798455Z,,,01JHV50F71T4Z7S4BGZBP8WG1E,2025-01-17T22:27:45.889798455Z,,,01JHV5C10XR7WAM715R01HY6YE,2025-01-17T22:27:45.889798455Z,01JHV629ASHAHSKVKRB4BJX0XY,2025-01-17T22:27:45.889798455Z,01JHV629B6XBMYF7N154N1TP4R,2025-01-17T22:27:45.889798455Z,,
01JHV6448N72JKQ0BPY5PR6103,01JHV50F6QX66CCB0HTPJT4HC6,2025-01-17T22:28:45.974010998Z,,,01JHV50F71T4Z7S4BGZBP8WG1E,2025-01-17T22:28:45.974010998Z,,,01JHV5BMQ8G3SKGG66H7DCC8Y4,2025-01-17T22:28:45.974010998Z,01JHV629ASHAHSKVKRBPY7B6N6,2025-01-17T22:28:45.974010998Z,01JHV629BEVBT57978Y7G7RFVR,2025-01-17T22:28:45.974010998Z,,
01JHV5SCGVCSX4WN0DECE6DB60,01JHV50FPJZ7ERW5C47WHC0622,2025-01-17T22:22:53.979542082Z,100,2025-01-17T22:23:05.307456225Z,01JHV50FPVFR8Z1QHNZWY5QBZT,2025-01-17T22:22:53.979542082Z,0,2025-01-17T22:23:05.313878904Z,01JHV5HQ7JSDP4EE9Z8ACG2EH7,2025-01-17T22:22:53.979542082Z,01JHV5QW41443F4HJ73645ZR26,2025-01-17T22:22:53.979542082Z,01JHV5QW4SFJTKPQFGESN0ZGWG,2025-01-17T22:22:53.979542082Z,true,2025-01-17T22:23:05.307158605Z
01JHV5X8JZGF7DGQDFVRJZ4D6A,01JHV57NQJ604KR99FW78YYC5P,2025-01-17T22:25:01.02351864Z,,,01JHV57NQW2C25054EM8FXPG3N,2025-01-17T22:25:01.02351864Z,,,01JHV5BVQBY49HA5Y4BZ073EFY,2025-01-17T22:25:01.02351864Z,01JHV5WB07AKT8ASNQ4K1DD37N,2025-01-17T22:25:01.02351864Z,01JHV5WB0MA5K2J8M2BYR3AF35,2025-01-17T22:25:01.02351864Z,,
01JHV636XBC3JM37GQ587092K9,01JHV50F6QX66CCB0HTPJT4HC6,2025-01-17T22:28:15.915032184Z,84,2025-01-17T22:28:46.037179478Z,01JHV50F71T4Z7S4BGZBP8WG1E,2025-01-17T22:28:15.915032184Z,85,2025-01-17T22:28:46.036638098Z,01JHV5SSNSS2BJ6FZ3YP3TJ1A6,2025-01-17T22:28:15.915032184Z,01JHV629ASHAHSKVKRB4BJX0XY,2025-01-17T22:28:15.915032184Z,01JHV629B6XBMYF7N15SWV50YT,2025-01-17T22:28:15.915032184Z,true,2025-01-17T22:28:46.140400694Z
01JHV67R9T4W2FRYT7H38Z5F16,01JHV50F6QX66CCB0HTPJT4HC6,2025-01-17T22:30:44.794782978Z,85,2025-01-17T22:30:57.041242089Z,01JHV50F71T4Z7S4BGZBP8WG1E,2025-01-17T22:30:44.794782978Z,4,2025-01-17T22:30:57.039328301Z,01JHV5C10XR7WAM715R01HY6YE,2025-01-17T22:30:44.794782978Z,01JHV629AZR8TRKPNW2RG0HHZS,2025-01-17T22:30:44.794782978Z,01JHV629C4AMHCHGR849AS8CS0,2025-01-17T22:30:44.794782978Z,true,2025-01-17T22:30:57.048789324Z
01JHV6PQ00HBX6JN5BNEA2GTAK,01JHV69VE2MZBSS2WPDC24SC99,2025-01-17T22:38:54.976933934Z,,,01JHV69VEDAAXJYYZSSJQD86ZX,2025-01-17T22:38:54.976933934Z,,,01JHV69ZWY72D7Z995RVQEVCX1,2025-01-17T22:38:54.976933934Z,01JHV6PPR184RTRCY8B31PQ5S2,2025-01-17T22:38:54.976933934Z,01JHV6PPRG7S1F3HSY21FBHR0F,2025-01-17T22:38:54.976933934Z,,
01JHV6QMABA3HXKKFXQQE43QJ5,01JHV69VE2MZBSS2WPDC24SC99,2025-01-17T22:39:25.003346603Z,100,2025-01-17T22:39:41.005864828Z,01JHV69VEDAAXJYYZSSJQD86ZX,2025-01-17T22:39:25.003346603Z,0,2025-01-17T22:39:40.99292007Z,01JHV6CNGQKWR6CF56CW4Y7ZSS,2025-01-17T22:39:25.003346603Z,01JHV6PPR184RTRCY8B31PQ5S2,2025-01-17T22:39:25.003346603Z,01JHV6PPRG7S1F3HSY2DKXKZAJ,2025-01-17T22:39:25.003346603Z,true,2025-01-17T22:39:41.160647312Z
01JHV5QWBTXQ1F55DH7ZFFNHC7,01JHV50FPJZ7ERW5C47WHC0622,2025-01-17T22:22:04.666334203Z,,,01JHV50FPVFR8Z1QHNZWY5QBZT,2025-01-17T22:22:04.666334203Z,,,01JHV5GNRYQCKJ22E045EJJWXK,2025-01-17T22:22:04.666334203Z,01JHV5QW41443F4HJ72KE20G9H,2025-01-17T22:22:04.666334203Z,01JHV5QW4J6C396HN4VZWZ8RFS,2025-01-17T22:22:04.666334203Z,,
01JHV5RSP6EVYTFBBCY77N6A3J,01JHV50FPJZ7ERW5C47WHC0622,2025-01-17T22:22:34.694528902Z,87,2025-01-17T22:22:52.170127226Z,01JHV50FPVFR8Z1QHNZWY5QBZT,2025-01-17T22:22:34.694528902Z,85,2025-01-17T22:22:52.161855409Z,01JHV5AD6GE75R4VPNVGF064DR,2025-01-17T22:22:34.694528902Z,01JHV5QW41443F4HJ72KE20G9H,2025-01-17T22:22:34.694528902Z,01JHV5QW4J6C396HN4WHCH62WQ,2025-01-17T22:22:34.694528902Z,true,2025-01-17T22:22:52.325718977Z
01JHV5WB8FWNPB7NJ7ZFVGQNM4,01JHV57NQJ604KR99FW78YYC5P,2025-01-17T22:24:30.991894009Z,,,01JHV57NQW2C25054EM8FXPG3N,2025-01-17T22:24:30.991894009Z,,,01JHV5AAHBVV8Q5MPFQG16M853,2025-01-17T22:24:30.991894009Z,01JHV5WB07AKT8ASNQ4K1DD37N,2025-01-17T22:24:30.991894009Z,01JHV5WB0MA5K2J8M2B4J54Z6A,2025-01-17T22:24:30.991894009Z,,
01JHV62985WZ4WH0F3MZF1D423,01JHV57NQJ604KR99FW78YYC5P,2025-01-17T22:27:45.541328469Z,55,2025-01-17T22:27:52.569146274Z,01JHV57NQW2C25054EM8FXPG3N,2025-01-17T22:27:45.541328469Z,65,2025-01-17T22:27:52.560067492Z,01JHV5BVQBY49HA5Y4BZ073EFY,2025-01-17T22:27:45.541328469Z,01JHV5WB0GNC0QHG0TV8VBKZXW,2025-01-17T22:27:45.541328469Z,01JHV5WB1VMKY8E057020R73CE,2025-01-17T22:27:45.541328469Z,true,2025-01-17T22:27:52.577269658Z
01JHV66WAHJD8MN5NZW7QH051K,01JHV50F6QX66CCB0HTPJT4HC6,2025-01-17T22:30:16.145500509Z,74,2025-01-17T22:30:44.744422373Z,01JHV50F71T4Z7S4BGZBP8WG1E,2025-01-17T22:30:16.145500509Z,69,2025-01-17T22:30:44.736973503Z,01JHV5TWSH8CS6TP7VVY149RHW,2025-01-17T22:30:16.145500509Z,01JHV629AY1CEZHJ22XPBZXCD8,2025-01-17T22:30:16.145500509Z,01JHV629BZ4N5KWRCT3N0770W8,2025-01-17T22:30:16.145500509Z,true,2025-01-17T22:30:44.744858328Z
01JHV6PQ00HBX6JN5BMWZ30ERT,01JHV69VE2MZBSS2WPDC24SC99,2025-01-17T22:38:54.97658159Z,,,01JHV69VEDAAXJYYZSSJQD86ZX,2025-01-17T22:38:54.97658159Z,,,01JHV6CNGQKWR6CF56CW4Y7ZSS,2025-01-17T22:38:54.97658159Z,01JHV6PPR184RTRCY8B31PQ5S2,2025-01-17T22:38:54.97658159Z,01JHV6PPRG7S1F3HSY21FBHR0F,2025-01-17T22:38:54.97658159Z,,
01JHV6RC0W7ZDR71VRX7MPTMMV,01JHV69VE2MZBSS2WPDC24SC99,2025-01-17T22:39:49.276112797Z,93,2025-01-17T22:40:06.874255161Z,01JHV69VEDAAXJYYZSSJQD86ZX,2025-01-17T22:39:49.276112797Z,77,2025-01-17T22:40:06.875011052Z,01JHV6BZR8QFR7BGB15QD1AVBW,2025-01-17T22:39:49.276112797Z,01JHV6PPR6DG9PB8QEMDZJ53HK,2025-01-17T22:39:49.276112797Z,01JHV6PPRSNF00E0JJ6N400B7X,2025-01-17T22:39:49.276112797Z,true,2025-01-17T22:40:06.877498661Z
01JHV6SR5D264KQEKXHE77W3GP,01JHV69VE2MZBSS2WPDC24SC99,2025-01-17T22:40:34.477744662Z,,,01JHV69VEDAAXJYYZSSJQD86ZX,2025-01-17T22:40:34.477744662Z,,,01JHV69ZWY72D7Z995RVQEVCX1,2025-01-17T22:40:34.477744662Z,01JHV6PPR5DV40R8RWWJG5SE1G,2025-01-17T22:40:34.477744662Z,01JHV6PPS6QF1DKM9VE727PW6T,2025-01-17T22:40:34.477744662Z,,
01JHV5VEEEZW9HJJHZAP3N5BZC,01JHV50FPJZ7ERW5C47WHC0622,2025-01-17T22:24:01.486918219Z,85,2025-01-17T22:24:12.649036048Z,01JHV50FPVFR8Z1QHNZWY5QBZT,2025-01-17T22:24:01.486918219Z,40,2025-01-17T22:24:12.655666809Z,01JHV5HQ7JSDP4EE9Z8ACG2EH7,2025-01-17T22:24:01.486918219Z,01JHV5QW423M55N4612YM7EQ2T,2025-01-17T22:24:01.486918219Z,01JHV5QW5FEKDTFN8TQ2X61HPX,2025-01-17T22:24:01.486918219Z,true,2025-01-17T22:24:12.648371326Z
01JHV5WXJPY1D6FAJFAX7TV053,01JHV50FPJZ7ERW5C47WHC0622,2025-01-17T22:24:49.750563059Z,77,2025-01-17T22:25:09.335997269Z,01JHV50FPVFR8Z1QHNZWY5QBZT,2025-01-17T22:24:49.750563059Z,30,2025-01-17T22:25:09.32895252Z,01JHV5AD6GE75R4VPNVGF064DR,2025-01-17T22:24:49.750563059Z,01JHV5QW423M55N4613YEXFJJB,2025-01-17T22:24:49.750563059Z,01JHV5QW63C9D7C73B9VECVFYA,2025-01-17T22:24:49.750563059Z,true,2025-01-17T22:25:09.339098358Z
01JHV5XGRE1MZBAR0FJVXVCT67,01JHV50FPJZ7ERW5C47WHC0622,2025-01-17T22:25:09.390757399Z,100,2025-01-17T22:25:15.548949441Z,01JHV50FPVFR8Z1QHNZWY5QBZT,2025-01-17T22:25:09.390757399Z,35,2025-01-17T22:25:15.555944598Z,01JHV5HQ7JSDP4EE9Z8ACG2EH7,2025-01-17T22:25:09.390757399Z,01JHV5QW423M55N4614Q130V8S,2025-01-17T22:25:09.390757399Z,01JHV5QW69NK1RACK8VG77A6ZT,2025-01-17T22:25:09.390757399Z,true,2025-01-17T22:25:15.55009906Z
01JHV61HXAMFM0F3665FEBF6A8,01JHV57NQJ604KR99FW78YYC5P,2025-01-17T22:27:21.64253677Z,100,2025-01-17T22:27:32.492166345Z,01JHV57NQW2C25054EM8FXPG3N,2025-01-17T22:27:21.64253677Z,0,2025-01-17T22:27:32.490590727Z,01JHV5FN3TFA93B11FRPKGVFHX,2025-01-17T22:27:21.64253677Z,01JHV5WB0DD63R4RZHB4ATYYY7,2025-01-17T22:27:21.64253677Z,01JHV5WB1KRG85Y8ANZMTF3P4M,2025-01-17T22:27:21.64253677Z,true,2025-01-17T22:27:32.491729294Z
01JHV65YZ99W178W05CR7N64MA,01JHV50F6QX66CCB0HTPJT4HC6,2025-01-17T22:29:46.089576235Z,,,01JHV50F71T4Z7S4BGZBP8WG1E,2025-01-17T22:29:46.089576235Z,,,01JHV5TWSH8CS6TP7VVY149RHW,2025-01-17T22:29:46.089576235Z,01JHV629AY1CEZHJ22X7DKA03R,2025-01-17T22:29:46.089576235Z,01JHV629BS9W8XNAM7J9DT4BQA,2025-01-17T22:29:46.089576235Z,,
01JHV68NN6MZTPRF5S9ZG08RNA,01JHV50F6QX66CCB0HTPJT4HC6,2025-01-17T22:31:14.854312834Z,81,2025-01-17T22:31:25.239645294Z,01JHV50F71T4Z7S4BGZBP8WG1E,2025-01-17T22:31:14.854312834Z,4,2025-01-17T22:31:25.238382207Z,01JHV5C10XR7WAM715R01HY6YE,2025-01-17T22:31:14.854312834Z,01JHV629B0XY58E28PJZWN535Q,2025-01-17T22:31:14.854312834Z,01JHV629CAYV0AJ0J8ZGQGWM1T,2025-01-17T22:31:14.854312834Z,true,2025-01-17T22:31:25.248883385Z
01JHV6RC0XYGSZE451GNDH4MQ9,01JHV69VE2MZBSS2WPDC24SC99,2025-01-17T22:39:49.277644658Z,100,2025-01-17T22:40:13.202762187Z,01JHV69VEDAAXJYYZSSJQD86ZX,2025-01-17T22:39:49.277644658Z,100,2025-01-17T22:40:13.201937534Z,01JHV6DX52YSMR2P6X4P333M56,2025-01-17T22:39:49.277644658Z,01JHV6PPR6DG9PB8QEMDZJ53HK,2025-01-17T22:39:49.277644658Z,01JHV6PPRSNF00E0JJ6N400B7X,2025-01-17T22:39:49.277644658Z,true,2025-01-17T22:40:13.204515113Z
01JHV5SCGVCSX4WN0DE5ZDFJKV,01JHV50FPJZ7ERW5C47WHC0622,2025-01-17T22:22:53.979242059Z,46,2025-01-17T22:23:10.020118264Z,01JHV50FPVFR8Z1QHNZWY5QBZT,2025-01-17T22:22:53.979242059Z,34,2025-01-17T22:23:10.014736535Z,01JHV5AD6GE75R4VPNVGF064DR,2025-01-17T22:22:53.979242059Z,01JHV5QW41443F4HJ73645ZR26,2025-01-17T22:22:53.979242059Z,01JHV5QW4SFJTKPQFGESN0ZGWG,2025-01-17T22:22:53.979242059Z,true,2025-01-17T22:23:10.02270723Z
01JHV5TTVXWPY8YF71BJTEBCBP,01JHV50FPJZ7ERW5C47WHC0622,2025-01-17T22:23:41.437787969Z,58,2025-01-17T22:23:57.116192409Z,01JHV50FPVFR8Z1QHNZWY5QBZT,2025-01-17T22:23:41.437787969Z,56,2025-01-17T22:23:57.11599554Z,01JHV5GNRYQCKJ22E045EJJWXK,2025-01-17T22:23:41.437787969Z,01JHV5QW41443F4HJ73R73HBT1,2025-01-17T22:23:41.437787969Z,01JHV5QW55MNYCMZVQSH4591QC,2025-01-17T22:23:41.437787969Z,true,2025-01-17T22:23:57.115585414Z
01JHV636XAG8EQ8B4HQ5G6EG7B,01JHV50F6QX66CCB0HTPJT4HC6,2025-01-17T22:28:15.914527376Z,100,2025-01-17T22:28:37.579076984Z,01JHV50F71T4Z7S4BGZBP8WG1E,2025-01-17T22:28:15.914527376Z,0,2025-01-17T22:28:37.578323048Z,01JHV5C10XR7WAM715R01HY6YE,2025-01-17T22:28:15.914527376Z,01JHV629ASHAHSKVKRB4BJX0XY,2025-01-17T22:28:15.914527376Z,01JHV629B6XBMYF7N15SWV50YT,2025-01-17T22:28:15.914527376Z,true,2025-01-17T22:28:37.73120749Z
01JHV5X8JZGF7DGQDFW36DSNM4,01JHV57NQJ604KR99FW78YYC5P,2025-01-17T22:25:01.02392268Z,56,2025-01-17T22:25:19.686873764Z,01JHV57NQW2C25054EM8FXPG3N,2025-01-17T22:25:01.02392268Z,70,2025-01-17T22:25:19.685914341Z,01JHV5AAHBVV8Q5MPFQG16M853,2025-01-17T22:25:01.02392268Z,01JHV5WB07AKT8ASNQ4K1DD37N,2025-01-17T22:25:01.02392268Z,01JHV5WB0MA5K2J8M2BYR3AF35,2025-01-17T22:25:01.02392268Z,true,2025-01-17T22:25:19.686405112Z
01JHV5Z39D0R73DFSZJ18EDH3S,01JHV57NQJ604KR99FW78YYC5P,2025-01-17T22:26:01.133330255Z,62,2025-01-17T22:26:18.059285628Z,01JHV57NQW2C25054EM8FXPG3N,2025-01-17T22:26:01.133330255Z,89,2025-01-17T22:26:18.059565219Z,01JHV5AAHBVV8Q5MPFQG16M853,2025-01-17T22:26:01.133330255Z,01JHV5WB0A1KX24QA9YFSS94FZ,2025-01-17T22:26:01.133330255Z,01JHV5WB12KERRZPYFV36PYASQ,2025-01-17T22:26:01.133330255Z,true,2025-01-17T22:26:18.059980766Z
01JHV61HXAMFM0F36650Z43P08,01JHV57NQJ604KR99FW78YYC5P,2025-01-17T22:27:21.642314469Z,67,2025-01-17T22:27:38.948278761Z,01JHV57NQW2C25054EM8FXPG3N,2025-01-17T22:27:21.642314469Z,26,2025-01-17T22:27:38.946173961Z,01JHV5DK8HS93GE3S69Y5Y5EFG,2025-01-17T22:27:21.642314469Z,01JHV5WB0DD63R4RZHB4ATYYY7,2025-01-17T22:27:21.642314469Z,01JHV5WB1KRG85Y8ANZMTF3P4M,2025-01-17T22:27:21.642314469Z,true,2025-01-17T22:27:39.099796512Z
01JHV62984B0K8G2AQXJENWX10,01JHV57NQJ604KR99FW78YYC5P,2025-01-17T22:27:45.540969537Z,100,2025-01-17T22:27:54.034506001Z,01JHV57NQW2C25054EM8FXPG3N,2025-01-17T22:27:45.540969537Z,0,2025-01-17T22:27:54.033930261Z,01JHV5FN3TFA93B11FRPKGVFHX,2025-01-17T22:27:45.540969537Z,01JHV5WB0GNC0QHG0TV8VBKZXW,2025-01-17T22:27:45.540969537Z,01JHV5WB1VMKY8E057020R73CE,2025-01-17T22:27:45.540969537Z,true,2025-01-17T22:27:54.036338377Z
01JHV6S3DZATBS99N34K7MA04C,01JHV69VE2MZBSS2WPDC24SC99,2025-01-17T22:40:13.248000403Z,86,2025-01-17T22:40:25.0580936Z,01JHV69VEDAAXJYYZSSJQD86ZX,2025-01-17T22:40:13.248000403Z,0,2025-01-17T22:40:25.051386777Z,01JHV6CNGQKWR6CF56CW4Y7ZSS,2025-01-17T22:40:13.248000403Z,01JHV6PPR2QQQ0N0Z2FVJ4FATR,2025-01-17T22:40:13.248000403Z,01JHV6PPS0XRVZ0ZS47DX1S6WQ,2025-01-17T22:40:13.248000403Z,true,2025-01-17T22:40:25.064017181Z
01JHV5ZRVZRXNKV12WV9JNN327,01JHV57NQJ604KR99FW78YYC5P,2025-01-17T22:26:23.231682312Z,58,2025-01-17T22:26:51.544783146Z,01JHV57NQW2C25054EM8FXPG3N,2025-01-17T22:26:23.231682312Z,45,2025-01-17T22:26:51.544339918Z,01JHV5AAHBVV8Q5MPFQG16M853,2025-01-17T22:26:23.231682312Z,01JHV5WB0CVXXWPDR15ER7X50W,2025-01-17T22:26:23.231682312Z,01JHV5WB18M0DGYCDKFPXX97JC,2025-01-17T22:26:23.231682312Z,true,2025-01-17T22:26:51.546256163Z
01JHV66WAGT49CVSKA5BNVD6ZR,01JHV50F6QX66CCB0HTPJT4HC6,2025-01-17T22:30:16.14439918Z,36,2025-01-17T22:30:30.457344229Z,01JHV50F71T4Z7S4BGZBP8WG1E,2025-01-17T22:30:16.14439918Z,87,2025-01-17T22:30:30.449324055Z,01JHV5SSNSS2BJ6FZ3YP3TJ1A6,2025-01-17T22:30:16.14439918Z,01JHV629AY1CEZHJ22XPBZXCD8,2025-01-17T22:30:16.14439918Z,01JHV629BZ4N5KWRCT3N0770W8,2025-01-17T22:30:16.14439918Z,true,2025-01-17T22:30:30.458097484Z
01JHV6PPZZVVA70GEQZ5S6D9RJ,01JHV69VE2MZBSS2WPDC24SC99,2025-01-17T22:38:54.975826375Z,,,01JHV69VEDAAXJYYZSSJQD86ZX,2025-01-17T22:38:54.975826375Z,,,01JHV6DX52YSMR2P6X4P333M56,2025-01-17T22:38:54.975826375Z,01JHV6PPR184RTRCY8B31PQ5S2,2025-01-17T22:38:54.975826375Z,01JHV6PPRG7S1F3HSY21FBHR0F,2025-01-17T22:38:54.975826375Z,,
01JHV5WB8G1F59Q0M3KDHJYWCG,01JHV57NQJ604KR99FW78YYC5P,2025-01-17T22:24:30.992214361Z,,,01JHV57NQW2C25054EM8FXPG3N,2025-01-17T22:24:30.992214361Z,,,01JHV5BVQBY49HA5Y4BZ073EFY,2025-01-17T22:24:30.992214361Z,01JHV5WB07AKT8ASNQ4K1DD37N,2025-01-17T22:24:30.992214361Z,01JHV5WB0MA5K2J8M2B4J54Z6A,2025-01-17T22:24:30.992214361Z,,
01JHV5WXJN219MZWKMMSPVH83S,01JHV50FPJZ7ERW5C47WHC0622,2025-01-17T22:24:49.749440148Z,61,2025-01-17T22:24:58.73444185Z,01JHV50FPVFR8Z1QHNZWY5QBZT,2025-01-17T22:24:49.749440148Z,35,2025-01-17T22:24:58.736118919Z,01JHV5GNRYQCKJ22E045EJJWXK,2025-01-17T22:24:49.749440148Z,01JHV5QW423M55N4613YEXFJJB,2025-01-17T22:24:49.749440148Z,01JHV5QW63C9D7C73B9VECVFYA,2025-01-17T22:24:49.749440148Z,true,2025-01-17T22:24:58.734792124Z
01JHV5Z39C80BY4WR4AKQ2Z723,01JHV57NQJ604KR99FW78YYC5P,2025-01-17T22:26:01.132719462Z,100,2025-01-17T22:26:11.294788516Z,01JHV57NQW2C25054EM8FXPG3N,2025-01-17T22:26:01.132719462Z,0,2025-01-17T22:26:11.296002037Z,01JHV5FN3TFA93B11FRPKGVFHX,2025-01-17T22:26:01.132719462Z,01JHV5WB0A1KX24QA9YFSS94FZ,2025-01-17T22:26:01.132719462Z,01JHV5WB12KERRZPYFV36PYASQ,2025-01-17T22:26:01.132719462Z,true,2025-01-17T22:26:11.296814531Z
01JHV5ZRVZRXNKV12WVPP0670X,01JHV57NQJ604KR99FW78YYC5P,2025-01-17T22:26:23.231994875Z,41,2025-01-17T22:26:33.295697855Z,01JHV57NQW2C25054EM8FXPG3N,2025-01-17T22:26:23.231994875Z,39,2025-01-17T22:26:33.288233413Z,01JHV5BVQBY49HA5Y4BZ073EFY,2025-01-17T22:26:23.231994875Z,01JHV5WB0CVXXWPDR15ER7X50W,2025-01-17T22:26:23.231994875Z,01JHV5WB18M0DGYCDKFPXX97JC,2025-01-17T22:26:23.231994875Z,true,2025-01-17T22:26:33.30470838Z
01JHV651M2KEE8KVJ56R7KRDAY,01JHV50F6QX66CCB0HTPJT4HC6,2025-01-17T22:29:16.034336575Z,100,2025-01-17T22:29:44.419329119Z,01JHV50F71T4Z7S4BGZBP8WG1E,2025-01-17T22:29:16.034336575Z,100,2025-01-17T22:29:44.41983527Z,01JHV5BMQ8G3SKGG66H7DCC8Y4,2025-01-17T22:29:16.034336575Z,01JHV629ATB36Z2RYNBP2W88QW,2025-01-17T22:29:16.034336575Z,01JHV629BMX4FZQKH6CBT9DNJG,2025-01-17T22:29:16.034336575Z,true,2025-01-17T22:29:44.418697062Z
01JHV5W486NBHAEBVMGX1YZMZ3,01JHV50FPJZ7ERW5C47WHC0622,2025-01-17T22:24:23.814197596Z,77,2025-01-17T22:24:36.390201773Z,01JHV50FPVFR8Z1QHNZWY5QBZT,2025-01-17T22:24:23.814197596Z,35,2025-01-17T22:24:36.385439662Z,01JHV5AD6GE75R4VPNVGF064DR,2025-01-17T22:24:23.814197596Z,01JHV5QW423M55N4613D8BDJBV,2025-01-17T22:24:23.814197596Z,01JHV5QW5QAM3EPE8K2RE9FT8Y,2025-01-17T22:24:23.814197596Z,true,2025-01-17T22:24:36.394748594Z
01JHV5ZRW08P45F6N8Y0BPSH3F,01JHV57NQJ604KR99FW78YYC5P,2025-01-17T22:26:23.232393601Z,100,2025-01-17T22:26:31.171321894Z,01JHV57NQW2C25054EM8FXPG3N,2025-01-17T22:26:23.232393601Z,0,2025-01-17T22:26:31.170673234Z,01JHV5FN3TFA93B11FRPKGVFHX,2025-01-17T22:26:23.232393601Z,01JHV5WB0CVXXWPDR15ER7X50W,2025-01-17T22:26:23.232393601Z,01JHV5WB18M0DGYCDKFPXX97JC,2025-01-17T22:26:23.232393601Z,true,2025-01-17T22:26:31.173440635Z
01JHV5ZRW08P45F6N8YA7Z2HXC,01JHV57NQJ604KR99FW78YYC5P,2025-01-17T22:26:23.232794232Z,32,2025-01-17T22:26:40.587576811Z,01JHV57NQW2C25054EM8FXPG3N,2025-01-17T22:26:23.232794232Z,20,2025-01-17T22:26:40.586178329Z,01JHV5DK8HS93GE3S69Y5Y5EFG,2025-01-17T22:26:23.232794232Z,01JHV5WB0CVXXWPDR15ER7X50W,2025-01-17T22:26:23.232794232Z,01JHV5WB18M0DGYCDKFPXX97JC,2025-01-17T22:26:23.232794232Z,true,2025-01-17T22:26:40.910587644Z
01JHV67R9VPASA0238FS1YHM45,01JHV50F6QX66CCB0HTPJT4HC6,2025-01-17T22:30:44.795315039Z,,,01JHV50F71T4Z7S4BGZBP8WG1E,2025-01-17T22:30:44.795315039Z,,,01JHV5TWSH8CS6TP7VVY149RHW,2025-01-17T22:30:44.795315039Z,01JHV629AZR8TRKPNW2RG0HHZS,2025-01-17T22:30:44.795315039Z,01JHV629C4AMHCHGR849AS8CS0,2025-01-17T22:30:44.795315039Z,,
01JHV697KEKMEYB1AYV1K5XFTP,01JHV50F6QX66CCB0HTPJT4HC6,2025-01-17T22:31:33.230857811Z,16,2025-01-17T22:31:41.990343906Z,01JHV50F71T4Z7S4BGZBP8WG1E,2025-01-17T22:31:33.230857811Z,93,2025-01-17T22:31:41.983007967Z,01JHV5SSNSS2BJ6FZ3YP3TJ1A6,2025-01-17T22:31:33.230857811Z,01JHV629B0XY58E28PKPDWB1XW,2025-01-17T22:31:33.230857811Z,01JHV629CG92M31TTKPAJY9QVJ,2025-01-17T22:31:33.230857811Z,true,2025-01-17T22:31:41.991545856Z
