id,batchID,batchIDLastChangedAt,gameID,gameIDLastChangedAt,playerID,playerIDLastChangedAt
01JHV6PPQEF5JZKWA2YYC468PC,01JHV69VE2MZBSS2WPDC24SC99,2025-01-17T22:38:54.70290971Z,01JHV69VEDAAXJYYZSSJQD86ZX,2025-01-17T22:38:54.70290971Z,01JHV6DX52YSMR2P6X4P333M56,2025-01-17T22:38:54.70290971Z
01JHV5WAZM48KN5DTTSN8NNJJH,01JHV57NQJ604KR99FW78YYC5P,2025-01-17T22:24:30.708466364Z,01JHV57NQW2C25054EM8FXPG3N,2025-01-17T22:24:30.708466364Z,01JHV5AAHBVV8Q5MPFQG16M853,2025-01-17T22:24:30.708466364Z
01JHV5WAZM48KN5DTTT7YRK5MX,01JHV57NQJ604KR99FW78YYC5P,2025-01-17T22:24:30.708963524Z,01JHV57NQW2C25054EM8FXPG3N,2025-01-17T22:24:30.708963524Z,01JHV5FN3TFA93B11FRPKGVFHX,2025-01-17T22:24:30.708963524Z
01JHV6PPQEF5JZKWA2YN827TR9,01JHV69VE2MZBSS2WPDC24SC99,2025-01-17T22:38:54.702430093Z,01JHV69VEDAAXJYYZSSJQD86ZX,2025-01-17T22:38:54.702430093Z,01JHV6CNGQKWR6CF56CW4Y7ZSS,2025-01-17T22:38:54.702430093Z
01JHV629A761B44YEREY2RNPKE,01JHV50F6QX66CCB0HTPJT4HC6,2025-01-17T22:27:45.607347925Z,01JHV50F71T4Z7S4BGZBP8WG1E,2025-01-17T22:27:45.607347925Z,01JHV5SSNSS2BJ6FZ3YP3TJ1A6,2025-01-17T22:27:45.607347925Z
01JHV5QW3ANW71VEM5DH1J3D4Z,01JHV50FPJZ7ERW5C47WHC0622,2025-01-17T22:22:04.394921511Z,01JHV50FPVFR8Z1QHNZWY5QBZT,2025-01-17T22:22:04.394921511Z,01JHV5AD6GE75R4VPNVGF064DR,2025-01-17T22:22:04.394921511Z
01JHV5WAZM48KN5DTTT09DFNET,01JHV57NQJ604KR99FW78YYC5P,2025-01-17T22:24:30.708838401Z,01JHV57NQW2C25054EM8FXPG3N,2025-01-17T22:24:30.708838401Z,01JHV5DK8HS93GE3S69Y5Y5EFG,2025-01-17T22:24:30.708838401Z
01JHV629A761B44YERF6Q5F6BW,01JHV50F6QX66CCB0HTPJT4HC6,2025-01-17T22:27:45.607558964Z,01JHV50F71T4Z7S4BGZBP8WG1E,2025-01-17T22:27:45.607558964Z,01JHV5TWSH8CS6TP7VVY149RHW,2025-01-17T22:27:45.607558964Z
01JHV5WAZM48KN5DTTSQTZGB0W,01JHV57NQJ604KR99FW78YYC5P,2025-01-17T22:24:30.708705314Z,01JHV57NQW2C25054EM8FXPG3N,2025-01-17T22:24:30.708705314Z,01JHV5BVQBY49HA5Y4BZ073EFY,2025-01-17T22:24:30.708705314Z
01JHV629A6AMX8J6H6M8X5GT4R,01JHV50F6QX66CCB0HTPJT4HC6,2025-01-17T22:27:45.606801648Z,01JHV50F71T4Z7S4BGZBP8WG1E,2025-01-17T22:27:45.606801648Z,01JHV5BMQ8G3SKGG66H7DCC8Y4,2025-01-17T22:27:45.606801648Z
01JHV629A761B44YEREQED1XZW,01JHV50F6QX66CCB0HTPJT4HC6,2025-01-17T22:27:45.607154602Z,01JHV50F71T4Z7S4BGZBP8WG1E,2025-01-17T22:27:45.607154602Z,01JHV5C10XR7WAM715R01HY6YE,2025-01-17T22:27:45.607154602Z
01JHV6PPQD7CJEH2CXA0GFGDZ5,01JHV69VE2MZBSS2WPDC24SC99,2025-01-17T22:38:54.701318413Z,01JHV69VEDAAXJYYZSSJQD86ZX,2025-01-17T22:38:54.701318413Z,01JHV69ZWY72D7Z995RVQEVCX1,2025-01-17T22:38:54.701318413Z
01JHV6PPQD7CJEH2CXA5VQY6JQ,01JHV69VE2MZBSS2WPDC24SC99,2025-01-17T22:38:54.701931354Z,01JHV69VEDAAXJYYZSSJQD86ZX,2025-01-17T22:38:54.701931354Z,01JHV6BZR8QFR7BGB15QD1AVBW,2025-01-17T22:38:54.701931354Z
01JHV5QW3BMSSNWNW9PS4SF3ZH,01JHV50FPJZ7ERW5C47WHC0622,2025-01-17T22:22:04.395042827Z,01JHV50FPVFR8Z1QHNZWY5QBZT,2025-01-17T22:22:04.395042827Z,01JHV5CX23AX64E9MS937FRKB0,2025-01-17T22:22:04.395042827Z
01JHV5QW3BMSSNWNW9PXKVMC6Q,01JHV50FPJZ7ERW5C47WHC0622,2025-01-17T22:22:04.39512598Z,01JHV50FPVFR8Z1QHNZWY5QBZT,2025-01-17T22:22:04.39512598Z,01JHV5GNRYQCKJ22E045EJJWXK,2025-01-17T22:22:04.39512598Z
01JHV5QW3BMSSNWNW9Q5591GTQ,01JHV50FPJZ7ERW5C47WHC0622,2025-01-17T22:22:04.395211303Z,01JHV50FPVFR8Z1QHNZWY5QBZT,2025-01-17T22:22:04.395211303Z,01JHV5HQ7JSDP4EE9Z8ACG2EH7,2025-01-17T22:22:04.395211303Z
