id,batchID,batchIDLastChangedAt,gameID,gameIDLastChangedAt,playerID,playerIDLastChangedAt,roundID,roundIDLastChangedAt
01JHV5SCG6QPMGY13TAY3BNRC1,01JHV50FPJZ7ERW5C47WHC0622,2025-01-17T22:22:53.958278723Z,01JHV50FPVFR8Z1QHNZWY5QBZT,2025-01-17T22:22:53.958278723Z,01JHV5GNRYQCKJ22E045EJJWXK,2025-01-17T22:22:53.958278723Z,01JHV5QW41443F4HJ73645ZR26,2025-01-17T22:22:53.958278723Z
01JHV5T9VC19WE8RXG21602A80,01JHV50FPJZ7ERW5C47WHC0622,2025-01-17T22:23:24.012640647Z,01JHV50FPVFR8Z1QHNZWY5QBZT,2025-01-17T22:23:24.012640647Z,01JHV5CX23AX64E9MS937FRKB0,2025-01-17T22:23:24.012640647Z,01JHV5QW4322P9824RE8T3RGCA,2025-01-17T22:23:24.012640647Z
01JHV67R94CV57CBS15EF6JVKJ,01JHV50F6QX66CCB0HTPJT4HC6,2025-01-17T22:30:44.772446856Z,01JHV50F71T4Z7S4BGZBP8WG1E,2025-01-17T22:30:44.772446856Z,01JHV5BMQ8G3SKGG66H7DCC8Y4,2025-01-17T22:30:44.772446856Z,01JHV629AZR8TRKPNW2RG0HHZS,2025-01-17T22:30:44.772446856Z
01JHV5WXHXY3WZP7KEB1VWSXTV,01JHV50FPJZ7ERW5C47WHC0622,2025-01-17T22:24:49.725979082Z,01JHV50FPVFR8Z1QHNZWY5QBZT,2025-01-17T22:24:49.725979082Z,01JHV5GNRYQCKJ22E045EJJWXK,2025-01-17T22:24:49.725979082Z,01JHV5QW423M55N4613YEXFJJB,2025-01-17T22:24:49.725979082Z
01JHV61HWRYSAR3AVGKKECK8KA,01JHV57NQJ604KR99FW78YYC5P,2025-01-17T22:27:21.624893086Z,01JHV57NQW2C25054EM8FXPG3N,2025-01-17T22:27:21.624893086Z,01JHV5FN3TFA93B11FRPKGVFHX,2025-01-17T22:27:21.624893086Z,01JHV5WB0DD63R4RZHB4ATYYY7,2025-01-17T22:27:21.624893086Z
01JHV68NMFXAQGF51JPS49SJVK,01JHV50F6QX66CCB0HTPJT4HC6,2025-01-17T22:31:14.8314904Z,01JHV50F71T4Z7S4BGZBP8WG1E,2025-01-17T22:31:14.8314904Z,01JHV5C10XR7WAM715R01HY6YE,2025-01-17T22:31:14.8314904Z,01JHV629B0XY58E28PJZWN535Q,2025-01-17T22:31:14.8314904Z
01JHV6SR4SG1WW30KPHQP27V8V,01JHV69VE2MZBSS2WPDC24SC99,2025-01-17T22:40:34.457116658Z,01JHV69VEDAAXJYYZSSJQD86ZX,2025-01-17T22:40:34.457116658Z,01JHV6CNGQKWR6CF56CW4Y7ZSS,2025-01-17T22:40:34.457116658Z,01JHV6PPR5DV40R8RWWJG5SE1G,2025-01-17T22:40:34.457116658Z
01JHV5T9VC19WE8RXG1RE19GGQ,01JHV50FPJZ7ERW5C47WHC0622,2025-01-17T22:23:24.012369008Z,01JHV50FPVFR8Z1QHNZWY5QBZT,2025-01-17T22:23:24.012369008Z,01JHV5GNRYQCKJ22E045EJJWXK,2025-01-17T22:23:24.012369008Z,01JHV5QW4322P9824RE8T3RGCA,2025-01-17T22:23:24.012369008Z
01JHV62M4EFFMZE9BF23T8Y064,01JHV57NQJ604KR99FW78YYC5P,2025-01-17T22:27:56.686192027Z,01JHV57NQW2C25054EM8FXPG3N,2025-01-17T22:27:56.686192027Z,01JHV5FN3TFA93B11FRPKGVFHX,2025-01-17T22:27:56.686192027Z,01JHV5WB0GNC0QHG0TTRMTTHGY,2025-01-17T22:27:56.686192027Z
01JHV66W9W6DR17MXPREPR3TVV,01JHV50F6QX66CCB0HTPJT4HC6,2025-01-17T22:30:16.124357676Z,01JHV50F71T4Z7S4BGZBP8WG1E,2025-01-17T22:30:16.124357676Z,01JHV5SSNSS2BJ6FZ3YP3TJ1A6,2025-01-17T22:30:16.124357676Z,01JHV629AY1CEZHJ22XPBZXCD8,2025-01-17T22:30:16.124357676Z
01JHV6S3DDYEQXG27R9XRW3CSY,01JHV69VE2MZBSS2WPDC24SC99,2025-01-17T22:40:13.229042407Z,01JHV69VEDAAXJYYZSSJQD86ZX,2025-01-17T22:40:13.229042407Z,01JHV6BZR8QFR7BGB15QD1AVBW,2025-01-17T22:40:13.229042407Z,01JHV6PPR2QQQ0N0Z2FVJ4FATR,2025-01-17T22:40:13.229042407Z
01JHV5W47JVH2YKT72JHK4KCVQ,01JHV50FPJZ7ERW5C47WHC0622,2025-01-17T22:24:23.794061388Z,01JHV50FPVFR8Z1QHNZWY5QBZT,2025-01-17T22:24:23.794061388Z,01JHV5CX23AX64E9MS937FRKB0,2025-01-17T22:24:23.794061388Z,01JHV5QW423M55N4613D8BDJBV,2025-01-17T22:24:23.794061388Z
01JHV5WB7JR4DTBYW4TXVW8VYE,01JHV57NQJ604KR99FW78YYC5P,2025-01-17T22:24:30.96223849Z,01JHV57NQW2C25054EM8FXPG3N,2025-01-17T22:24:30.96223849Z,01JHV5AAHBVV8Q5MPFQG16M853,2025-01-17T22:24:30.96223849Z,01JHV5WB07AKT8ASNQ4K1DD37N,2025-01-17T22:24:30.96223849Z
01JHV629762ZMEQM3EKWN6F6AG,01JHV57NQJ604KR99FW78YYC5P,2025-01-17T22:27:45.510306812Z,01JHV57NQW2C25054EM8FXPG3N,2025-01-17T22:27:45.510306812Z,01JHV5AAHBVV8Q5MPFQG16M853,2025-01-17T22:27:45.510306812Z,01JHV5WB0GNC0QHG0TV8VBKZXW,2025-01-17T22:27:45.510306812Z
01JHV5Y5XN3WN0GD402GEEEF45,01JHV57NQJ604KR99FW78YYC5P,2025-01-17T22:25:31.061299249Z,01JHV57NQW2C25054EM8FXPG3N,2025-01-17T22:25:31.061299249Z,01JHV5FN3TFA93B11FRPKGVFHX,2025-01-17T22:25:31.061299249Z,01JHV5WB0BKAWXSCGGDAMRZKZR,2025-01-17T22:25:31.061299249Z
01JHV6PPZFPPQV52504CFHVJ6Y,01JHV69VE2MZBSS2WPDC24SC99,2025-01-17T22:38:54.959853082Z,01JHV69VEDAAXJYYZSSJQD86ZX,2025-01-17T22:38:54.959853082Z,01JHV6BZR8QFR7BGB15QD1AVBW,2025-01-17T22:38:54.959853082Z,01JHV6PPR184RTRCY8B31PQ5S2,2025-01-17T22:38:54.959853082Z
01JHV6W8729CZ16WAZ1K321APY,01JHV69VE2MZBSS2WPDC24SC99,2025-01-17T22:41:56.450914028Z,01JHV69VEDAAXJYYZSSJQD86ZX,2025-01-17T22:41:56.450914028Z,01JHV6CNGQKWR6CF56CW4Y7ZSS,2025-01-17T22:41:56.450914028Z,01JHV6PPR5DV40R8RWW4BZZDZH,2025-01-17T22:41:56.450914028Z
01JHV5T9VDPPR4QSH6YG7EVF0M,01JHV50FPJZ7ERW5C47WHC0622,2025-01-17T22:23:24.013864889Z,01JHV50FPVFR8Z1QHNZWY5QBZT,2025-01-17T22:23:24.013864889Z,01JHV5HQ7JSDP4EE9Z8ACG2EH7,2025-01-17T22:23:24.013864889Z,01JHV5QW4322P9824RE8T3RGCA,2025-01-17T22:23:24.013864889Z
01JHV5TTVAACV8Z26879D35V7P,01JHV50FPJZ7ERW5C47WHC0622,2025-01-17T22:23:41.41823472Z,01JHV50FPVFR8Z1QHNZWY5QBZT,2025-01-17T22:23:41.41823472Z,01JHV5GNRYQCKJ22E045EJJWXK,2025-01-17T22:23:41.41823472Z,01JHV5QW41443F4HJ73R73HBT1,2025-01-17T22:23:41.41823472Z
01JHV5VEDVYHVX6VRXKD81FF66,01JHV50FPJZ7ERW5C47WHC0622,2025-01-17T22:24:01.467279762Z,01JHV50FPVFR8Z1QHNZWY5QBZT,2025-01-17T22:24:01.467279762Z,01JHV5HQ7JSDP4EE9Z8ACG2EH7,2025-01-17T22:24:01.467279762Z,01JHV5QW423M55N4612YM7EQ2T,2025-01-17T22:24:01.467279762Z
01JHV5W47JVH2YKT72K8NS52ZB,01JHV50FPJZ7ERW5C47WHC0622,2025-01-17T22:24:23.794763929Z,01JHV50FPVFR8Z1QHNZWY5QBZT,2025-01-17T22:24:23.794763929Z,01JHV5HQ7JSDP4EE9Z8ACG2EH7,2025-01-17T22:24:23.794763929Z,01JHV5QW423M55N4613D8BDJBV,2025-01-17T22:24:23.794763929Z
01JHV61HWRYSAR3AVGK8TESSHM,01JHV57NQJ604KR99FW78YYC5P,2025-01-17T22:27:21.624464218Z,01JHV57NQW2C25054EM8FXPG3N,2025-01-17T22:27:21.624464218Z,01JHV5BVQBY49HA5Y4BZ073EFY,2025-01-17T22:27:21.624464218Z,01JHV5WB0DD63R4RZHB4ATYYY7,2025-01-17T22:27:21.624464218Z
01JHV6S3DDYEQXG27RA3TQYYD8,01JHV69VE2MZBSS2WPDC24SC99,2025-01-17T22:40:13.229467771Z,01JHV69VEDAAXJYYZSSJQD86ZX,2025-01-17T22:40:13.229467771Z,01JHV6DX52YSMR2P6X4P333M56,2025-01-17T22:40:13.229467771Z,01JHV6PPR2QQQ0N0Z2FVJ4FATR,2025-01-17T22:40:13.229467771Z
01JHV5XGQS60Z2RM3JPEHG7KBJ,01JHV50FPJZ7ERW5C47WHC0622,2025-01-17T22:25:09.369728969Z,01JHV50FPVFR8Z1QHNZWY5QBZT,2025-01-17T22:25:09.369728969Z,01JHV5CX23AX64E9MS937FRKB0,2025-01-17T22:25:09.369728969Z,01JHV5QW423M55N4614Q130V8S,2025-01-17T22:25:09.369728969Z
01JHV5Z38VAYJM8WES00C3BJ64,01JHV57NQJ604KR99FW78YYC5P,2025-01-17T22:26:01.115702436Z,01JHV57NQW2C25054EM8FXPG3N,2025-01-17T22:26:01.115702436Z,01JHV5AAHBVV8Q5MPFQG16M853,2025-01-17T22:26:01.115702436Z,01JHV5WB0A1KX24QA9YFSS94FZ,2025-01-17T22:26:01.115702436Z
01JHV60MHJDBAE0FNH5XXV7REZ,01JHV57NQJ604KR99FW78YYC5P,2025-01-17T22:26:51.570051605Z,01JHV57NQW2C25054EM8FXPG3N,2025-01-17T22:26:51.570051605Z,01JHV5FN3TFA93B11FRPKGVFHX,2025-01-17T22:26:51.570051605Z,01JHV5WB0CVXXWPDR14VC6HAC6,2025-01-17T22:26:51.570051605Z
01JHV629762ZMEQM3EMCMDV41S,01JHV57NQJ604KR99FW78YYC5P,2025-01-17T22:27:45.511017878Z,01JHV57NQW2C25054EM8FXPG3N,2025-01-17T22:27:45.511017878Z,01JHV5DK8HS93GE3S69Y5Y5EFG,2025-01-17T22:27:45.511017878Z,01JHV5WB0GNC0QHG0TV8VBKZXW,2025-01-17T22:27:45.511017878Z
01JHV68NMFXAQGF51JQ5016K40,01JHV50F6QX66CCB0HTPJT4HC6,2025-01-17T22:31:14.831848731Z,01JHV50F71T4Z7S4BGZBP8WG1E,2025-01-17T22:31:14.831848731Z,01JHV5TWSH8CS6TP7VVY149RHW,2025-01-17T22:31:14.831848731Z,01JHV629B0XY58E28PJZWN535Q,2025-01-17T22:31:14.831848731Z
01JHV6SR4SG1WW30KPHXF7EAR1,01JHV69VE2MZBSS2WPDC24SC99,2025-01-17T22:40:34.457613107Z,01JHV69VEDAAXJYYZSSJQD86ZX,2025-01-17T22:40:34.457613107Z,01JHV69ZWY72D7Z995RVQEVCX1,2025-01-17T22:40:34.457613107Z,01JHV6PPR5DV40R8RWWJG5SE1G,2025-01-17T22:40:34.457613107Z
01JHV6VETC02SYK3GY0S7NCTMH,01JHV69VE2MZBSS2WPDC24SC99,2025-01-17T22:41:30.444858206Z,01JHV69VEDAAXJYYZSSJQD86ZX,2025-01-17T22:41:30.444858206Z,01JHV6CNGQKWR6CF56CW4Y7ZSS,2025-01-17T22:41:30.444858206Z,01JHV6PPR7HW5KTZ4KTKCGBDXH,2025-01-17T22:41:30.444858206Z
01JHV6X448TK3T79QG3KPMHPGC,01JHV69VE2MZBSS2WPDC24SC99,2025-01-17T22:42:25.032766566Z,01JHV69VEDAAXJYYZSSJQD86ZX,2025-01-17T22:42:25.032766566Z,01JHV6DX52YSMR2P6X4P333M56,2025-01-17T22:42:25.032766566Z,01JHV6PPR7HW5KTZ4KSYHS5W4Y,2025-01-17T22:42:25.032766566Z
01JHV5SCG6QPMGY13TBEN2AWFJ,01JHV50FPJZ7ERW5C47WHC0622,2025-01-17T22:22:53.95873606Z,01JHV50FPVFR8Z1QHNZWY5QBZT,2025-01-17T22:22:53.95873606Z,01JHV5AD6GE75R4VPNVGF064DR,2025-01-17T22:22:53.95873606Z,01JHV5QW41443F4HJ73645ZR26,2025-01-17T22:22:53.95873606Z
01JHV5WB7JR4DTBYW4V7PP21BB,01JHV57NQJ604KR99FW78YYC5P,2025-01-17T22:24:30.962581625Z,01JHV57NQW2C25054EM8FXPG3N,2025-01-17T22:24:30.962581625Z,01JHV5FN3TFA93B11FRPKGVFHX,2025-01-17T22:24:30.962581625Z,01JHV5WB07AKT8ASNQ4K1DD37N,2025-01-17T22:24:30.962581625Z
01JHV5Y5XM5Y3SFSN8VVKC2NVG,01JHV57NQJ604KR99FW78YYC5P,2025-01-17T22:25:31.060811558Z,01JHV57NQW2C25054EM8FXPG3N,2025-01-17T22:25:31.060811558Z,01JHV5DK8HS93GE3S69Y5Y5EFG,2025-01-17T22:25:31.060811558Z,01JHV5WB0BKAWXSCGGDAMRZKZR,2025-01-17T22:25:31.060811558Z
01JHV5Y5XN3WN0GD40295FMTCK,01JHV57NQJ604KR99FW78YYC5P,2025-01-17T22:25:31.061043488Z,01JHV57NQW2C25054EM8FXPG3N,2025-01-17T22:25:31.061043488Z,01JHV5AAHBVV8Q5MPFQG16M853,2025-01-17T22:25:31.061043488Z,01JHV5WB0BKAWXSCGGDAMRZKZR,2025-01-17T22:25:31.061043488Z
01JHV5ZRVEZNW3Q7HY9KDE1967,01JHV57NQJ604KR99FW78YYC5P,2025-01-17T22:26:23.214842243Z,01JHV57NQW2C25054EM8FXPG3N,2025-01-17T22:26:23.214842243Z,01JHV5AAHBVV8Q5MPFQG16M853,2025-01-17T22:26:23.214842243Z,01JHV5WB0CVXXWPDR15ER7X50W,2025-01-17T22:26:23.214842243Z
01JHV697JF94WBJKFYHSW0KC7W,01JHV50F6QX66CCB0HTPJT4HC6,2025-01-17T22:31:33.199256228Z,01JHV50F71T4Z7S4BGZBP8WG1E,2025-01-17T22:31:33.199256228Z,01JHV5SSNSS2BJ6FZ3YP3TJ1A6,2025-01-17T22:31:33.199256228Z,01JHV629B0XY58E28PKPDWB1XW,2025-01-17T22:31:33.199256228Z
01JHV5QWBAR4C5NS1BBC6A4WD6,01JHV50FPJZ7ERW5C47WHC0622,2025-01-17T22:22:04.65032342Z,01JHV50FPVFR8Z1QHNZWY5QBZT,2025-01-17T22:22:04.65032342Z,01JHV5CX23AX64E9MS937FRKB0,2025-01-17T22:22:04.65032342Z,01JHV5QW41443F4HJ72KE20G9H,2025-01-17T22:22:04.65032342Z
01JHV5VEDSC8J0QAR0D5ZTN8VW,01JHV50FPJZ7ERW5C47WHC0622,2025-01-17T22:24:01.465621391Z,01JHV50FPVFR8Z1QHNZWY5QBZT,2025-01-17T22:24:01.465621391Z,01JHV5AD6GE75R4VPNVGF064DR,2025-01-17T22:24:01.465621391Z,01JHV5QW423M55N4612YM7EQ2T,2025-01-17T22:24:01.465621391Z
01JHV5Y5XM5Y3SFSN8VHXYGH6H,01JHV57NQJ604KR99FW78YYC5P,2025-01-17T22:25:31.06047903Z,01JHV57NQW2C25054EM8FXPG3N,2025-01-17T22:25:31.06047903Z,01JHV5BVQBY49HA5Y4BZ073EFY,2025-01-17T22:25:31.06047903Z,01JHV5WB0BKAWXSCGGDAMRZKZR,2025-01-17T22:25:31.06047903Z
01JHV629JAJBAKJK9EN38CFNX3,01JHV50F6QX66CCB0HTPJT4HC6,2025-01-17T22:27:45.866640337Z,01JHV50F71T4Z7S4BGZBP8WG1E,2025-01-17T22:27:45.866640337Z,01JHV5BMQ8G3SKGG66H7DCC8Y4,2025-01-17T22:27:45.866640337Z,01JHV629ASHAHSKVKRB4BJX0XY,2025-01-17T22:27:45.866640337Z
01JHV68NMFXAQGF51JPF9Z68C8,01JHV50F6QX66CCB0HTPJT4HC6,2025-01-17T22:31:14.83106577Z,01JHV50F71T4Z7S4BGZBP8WG1E,2025-01-17T22:31:14.83106577Z,01JHV5SSNSS2BJ6FZ3YP3TJ1A6,2025-01-17T22:31:14.83106577Z,01JHV629B0XY58E28PJZWN535Q,2025-01-17T22:31:14.83106577Z
01JHV6TNG4BKQHYCB8ETTTXWSJ,01JHV69VE2MZBSS2WPDC24SC99,2025-01-17T22:41:04.516387482Z,01JHV69VEDAAXJYYZSSJQD86ZX,2025-01-17T22:41:04.516387482Z,01JHV6DX52YSMR2P6X4P333M56,2025-01-17T22:41:04.516387482Z,01JHV6PPR3W0XHTBG8Y594X9MR,2025-01-17T22:41:04.516387482Z
01JHV5QWBAR4C5NS1BBV8JF96W,01JHV50FPJZ7ERW5C47WHC0622,2025-01-17T22:22:04.650527986Z,01JHV50FPVFR8Z1QHNZWY5QBZT,2025-01-17T22:22:04.650527986Z,01JHV5GNRYQCKJ22E045EJJWXK,2025-01-17T22:22:04.650527986Z,01JHV5QW41443F4HJ72KE20G9H,2025-01-17T22:22:04.650527986Z
01JHV5ZRVEZNW3Q7HY977QVVF6,01JHV57NQJ604KR99FW78YYC5P,2025-01-17T22:26:23.214603199Z,01JHV57NQW2C25054EM8FXPG3N,2025-01-17T22:26:23.214603199Z,01JHV5BVQBY49HA5Y4BZ073EFY,2025-01-17T22:26:23.214603199Z,01JHV5WB0CVXXWPDR15ER7X50W,2025-01-17T22:26:23.214603199Z
01JHV6447Z2C08KDDBMJYS42ND,01JHV50F6QX66CCB0HTPJT4HC6,2025-01-17T22:28:45.951530315Z,01JHV50F71T4Z7S4BGZBP8WG1E,2025-01-17T22:28:45.951530315Z,01JHV5TWSH8CS6TP7VVY149RHW,2025-01-17T22:28:45.951530315Z,01JHV629ASHAHSKVKRBPY7B6N6,2025-01-17T22:28:45.951530315Z
01JHV5SCG6QPMGY13TB42EEGJ6,01JHV50FPJZ7ERW5C47WHC0622,2025-01-17T22:22:53.958526734Z,01JHV50FPVFR8Z1QHNZWY5QBZT,2025-01-17T22:22:53.958526734Z,01JHV5HQ7JSDP4EE9Z8ACG2EH7,2025-01-17T22:22:53.958526734Z,01JHV5QW41443F4HJ73645ZR26,2025-01-17T22:22:53.958526734Z
01JHV5SCG73T73X6ZRCMDR54ZA,01JHV50FPJZ7ERW5C47WHC0622,2025-01-17T22:22:53.959030012Z,01JHV50FPVFR8Z1QHNZWY5QBZT,2025-01-17T22:22:53.959030012Z,01JHV5CX23AX64E9MS937FRKB0,2025-01-17T22:22:53.959030012Z,01JHV5QW41443F4HJ73645ZR26,2025-01-17T22:22:53.959030012Z
01JHV5Z38VAYJM8WERZRK43XV3,01JHV57NQJ604KR99FW78YYC5P,2025-01-17T22:26:01.115477517Z,01JHV57NQW2C25054EM8FXPG3N,2025-01-17T22:26:01.115477517Z,01JHV5BVQBY49HA5Y4BZ073EFY,2025-01-17T22:26:01.115477517Z,01JHV5WB0A1KX24QA9YFSS94FZ,2025-01-17T22:26:01.115477517Z
01JHV62M4D1YTT23K509KE2W0A,01JHV57NQJ604KR99FW78YYC5P,2025-01-17T22:27:56.685696726Z,01JHV57NQW2C25054EM8FXPG3N,2025-01-17T22:27:56.685696726Z,01JHV5DK8HS93GE3S69Y5Y5EFG,2025-01-17T22:27:56.685696726Z,01JHV5WB0GNC0QHG0TTRMTTHGY,2025-01-17T22:27:56.685696726Z
01JHV5XGQRYTJ0K8PHM10CKRRF,01JHV50FPJZ7ERW5C47WHC0622,2025-01-17T22:25:09.368967276Z,01JHV50FPVFR8Z1QHNZWY5QBZT,2025-01-17T22:25:09.368967276Z,01JHV5AD6GE75R4VPNVGF064DR,2025-01-17T22:25:09.368967276Z,01JHV5QW423M55N4614Q130V8S,2025-01-17T22:25:09.368967276Z
01JHV5ZRVF2ZVWPAEXG9Q6BD5C,01JHV57NQJ604KR99FW78YYC5P,2025-01-17T22:26:23.215109081Z,01JHV57NQW2C25054EM8FXPG3N,2025-01-17T22:26:23.215109081Z,01JHV5FN3TFA93B11FRPKGVFHX,2025-01-17T22:26:23.215109081Z,01JHV5WB0CVXXWPDR15ER7X50W,2025-01-17T22:26:23.215109081Z
01JHV61HWQ150ESSD2CTMDA5C6,01JHV57NQJ604KR99FW78YYC5P,2025-01-17T22:27:21.623450589Z,01JHV57NQW2C25054EM8FXPG3N,2025-01-17T22:27:21.623450589Z,01JHV5AAHBVV8Q5MPFQG16M853,2025-01-17T22:27:21.623450589Z,01JHV5WB0DD63R4RZHB4ATYYY7,2025-01-17T22:27:21.623450589Z
01JHV651KAVZENM0Y50S0GY3X0,01JHV50F6QX66CCB0HTPJT4HC6,2025-01-17T22:29:16.010124714Z,01JHV50F71T4Z7S4BGZBP8WG1E,2025-01-17T22:29:16.010124714Z,01JHV5BMQ8G3SKGG66H7DCC8Y4,2025-01-17T22:29:16.010124714Z,01JHV629ATB36Z2RYNBP2W88QW,2025-01-17T22:29:16.010124714Z
01JHV6RC08ZG5RSHT56FD2B4P5,01JHV69VE2MZBSS2WPDC24SC99,2025-01-17T22:39:49.256444442Z,01JHV69VEDAAXJYYZSSJQD86ZX,2025-01-17T22:39:49.256444442Z,01JHV6CNGQKWR6CF56CW4Y7ZSS,2025-01-17T22:39:49.256444442Z,01JHV6PPR6DG9PB8QEMDZJ53HK,2025-01-17T22:39:49.256444442Z
01JHV6VETEXTGWKXJPPTDTE82T,01JHV69VE2MZBSS2WPDC24SC99,2025-01-17T22:41:30.446269602Z,01JHV69VEDAAXJYYZSSJQD86ZX,2025-01-17T22:41:30.446269602Z,01JHV6DX52YSMR2P6X4P333M56,2025-01-17T22:41:30.446269602Z,01JHV6PPR7HW5KTZ4KTKCGBDXH,2025-01-17T22:41:30.446269602Z
01JHV6W8736ZSTFXT7PNHAWG8P,01JHV69VE2MZBSS2WPDC24SC99,2025-01-17T22:41:56.45151407Z,01JHV69VEDAAXJYYZSSJQD86ZX,2025-01-17T22:41:56.45151407Z,01JHV6BZR8QFR7BGB15QD1AVBW,2025-01-17T22:41:56.45151407Z,01JHV6PPR5DV40R8RWW4BZZDZH,2025-01-17T22:41:56.45151407Z
01JHV5WXHXY3WZP7KEAR5M1QK4,01JHV50FPJZ7ERW5C47WHC0622,2025-01-17T22:24:49.72551606Z,01JHV50FPVFR8Z1QHNZWY5QBZT,2025-01-17T22:24:49.72551606Z,01JHV5AD6GE75R4VPNVGF064DR,2025-01-17T22:24:49.72551606Z,01JHV5QW423M55N4613YEXFJJB,2025-01-17T22:24:49.72551606Z
01JHV629762ZMEQM3EM6921TT3,01JHV57NQJ604KR99FW78YYC5P,2025-01-17T22:27:45.510729346Z,01JHV57NQW2C25054EM8FXPG3N,2025-01-17T22:27:45.510729346Z,01JHV5BVQBY49HA5Y4BZ073EFY,2025-01-17T22:27:45.510729346Z,01JHV5WB0GNC0QHG0TV8VBKZXW,2025-01-17T22:27:45.510729346Z
01JHV629J9N5XM6SBKG24X4ZF0,01JHV50F6QX66CCB0HTPJT4HC6,2025-01-17T22:27:45.865279569Z,01JHV50F71T4Z7S4BGZBP8WG1E,2025-01-17T22:27:45.865279569Z,01JHV5C10XR7WAM715R01HY6YE,2025-01-17T22:27:45.865279569Z,01JHV629ASHAHSKVKRB4BJX0XY,2025-01-17T22:27:45.865279569Z
01JHV65YYN7HFRFM04DJXWP8VT,01JHV50F6QX66CCB0HTPJT4HC6,2025-01-17T22:29:46.069022494Z,01JHV50F71T4Z7S4BGZBP8WG1E,2025-01-17T22:29:46.069022494Z,01JHV5C10XR7WAM715R01HY6YE,2025-01-17T22:29:46.069022494Z,01JHV629AY1CEZHJ22X7DKA03R,2025-01-17T22:29:46.069022494Z
01JHV697JF94WBJKFYJ4X1XVTW,01JHV50F6QX66CCB0HTPJT4HC6,2025-01-17T22:31:33.199688173Z,01JHV50F71T4Z7S4BGZBP8WG1E,2025-01-17T22:31:33.199688173Z,01JHV5C10XR7WAM715R01HY6YE,2025-01-17T22:31:33.199688173Z,01JHV629B0XY58E28PKPDWB1XW,2025-01-17T22:31:33.199688173Z
01JHV6S3DCQPWB799ZM3B1Z083,01JHV69VE2MZBSS2WPDC24SC99,2025-01-17T22:40:13.228683981Z,01JHV69VEDAAXJYYZSSJQD86ZX,2025-01-17T22:40:13.228683981Z,01JHV6CNGQKWR6CF56CW4Y7ZSS,2025-01-17T22:40:13.228683981Z,01JHV6PPR2QQQ0N0Z2FVJ4FATR,2025-01-17T22:40:13.228683981Z
01JHV5WB7JR4DTBYW4VPNDVVYS,01JHV57NQJ604KR99FW78YYC5P,2025-01-17T22:24:30.962917669Z,01JHV57NQW2C25054EM8FXPG3N,2025-01-17T22:24:30.962917669Z,01JHV5BVQBY49HA5Y4BZ073EFY,2025-01-17T22:24:30.962917669Z,01JHV5WB07AKT8ASNQ4K1DD37N,2025-01-17T22:24:30.962917669Z
01JHV66W9VAJG8F7E0Y4ENYT0D,01JHV50F6QX66CCB0HTPJT4HC6,2025-01-17T22:30:16.123561074Z,01JHV50F71T4Z7S4BGZBP8WG1E,2025-01-17T22:30:16.123561074Z,01JHV5BMQ8G3SKGG66H7DCC8Y4,2025-01-17T22:30:16.123561074Z,01JHV629AY1CEZHJ22XPBZXCD8,2025-01-17T22:30:16.123561074Z
01JHV6PPZGCM715N5BYPWGCSEY,01JHV69VE2MZBSS2WPDC24SC99,2025-01-17T22:38:54.960567939Z,01JHV69VEDAAXJYYZSSJQD86ZX,2025-01-17T22:38:54.960567939Z,01JHV6DX52YSMR2P6X4P333M56,2025-01-17T22:38:54.960567939Z,01JHV6PPR184RTRCY8B31PQ5S2,2025-01-17T22:38:54.960567939Z
01JHV6RC0721PJHWCYMJ54FF2E,01JHV69VE2MZBSS2WPDC24SC99,2025-01-17T22:39:49.255906946Z,01JHV69VEDAAXJYYZSSJQD86ZX,2025-01-17T22:39:49.255906946Z,01JHV6DX52YSMR2P6X4P333M56,2025-01-17T22:39:49.255906946Z,01JHV6PPR6DG9PB8QEMDZJ53HK,2025-01-17T22:39:49.255906946Z
01JHV5QWB9Z586SRF9XX0NWGF2,01JHV50FPJZ7ERW5C47WHC0622,2025-01-17T22:22:04.649987641Z,01JHV50FPVFR8Z1QHNZWY5QBZT,2025-01-17T22:22:04.649987641Z,01JHV5HQ7JSDP4EE9Z8ACG2EH7,2025-01-17T22:22:04.649987641Z,01JHV5QW41443F4HJ72KE20G9H,2025-01-17T22:22:04.649987641Z
01JHV5XGQS60Z2RM3JP6J602ZB,01JHV50FPJZ7ERW5C47WHC0622,2025-01-17T22:25:09.369428583Z,01JHV50FPVFR8Z1QHNZWY5QBZT,2025-01-17T22:25:09.369428583Z,01JHV5GNRYQCKJ22E045EJJWXK,2025-01-17T22:25:09.369428583Z,01JHV5QW423M55N4614Q130V8S,2025-01-17T22:25:09.369428583Z
01JHV651KAVZENM0Y512GMWGZ3,01JHV50F6QX66CCB0HTPJT4HC6,2025-01-17T22:29:16.010405914Z,01JHV50F71T4Z7S4BGZBP8WG1E,2025-01-17T22:29:16.010405914Z,01JHV5C10XR7WAM715R01HY6YE,2025-01-17T22:29:16.010405914Z,01JHV629ATB36Z2RYNBP2W88QW,2025-01-17T22:29:16.010405914Z
01JHV6SR4TC37QZBX9PNZ52KFS,01JHV69VE2MZBSS2WPDC24SC99,2025-01-17T22:40:34.458175486Z,01JHV69VEDAAXJYYZSSJQD86ZX,2025-01-17T22:40:34.458175486Z,01JHV6BZR8QFR7BGB15QD1AVBW,2025-01-17T22:40:34.458175486Z,01JHV6PPR5DV40R8RWWJG5SE1G,2025-01-17T22:40:34.458175486Z
01JHV6TNG3AD65M8W0GB40YGVQ,01JHV69VE2MZBSS2WPDC24SC99,2025-01-17T22:41:04.515081932Z,01JHV69VEDAAXJYYZSSJQD86ZX,2025-01-17T22:41:04.515081932Z,01JHV6CNGQKWR6CF56CW4Y7ZSS,2025-01-17T22:41:04.515081932Z,01JHV6PPR3W0XHTBG8Y594X9MR,2025-01-17T22:41:04.515081932Z
01JHV6W8736ZSTFXT7PY3PGN3Z,01JHV69VE2MZBSS2WPDC24SC99,2025-01-17T22:41:56.451934306Z,01JHV69VEDAAXJYYZSSJQD86ZX,2025-01-17T22:41:56.451934306Z,01JHV6DX52YSMR2P6X4P333M56,2025-01-17T22:41:56.451934306Z,01JHV6PPR5DV40R8RWW4BZZDZH,2025-01-17T22:41:56.451934306Z
01JHV5QWB9Z586SRF9XM9RN2Z8,01JHV50FPJZ7ERW5C47WHC0622,2025-01-17T22:22:04.649635026Z,01JHV50FPVFR8Z1QHNZWY5QBZT,2025-01-17T22:22:04.649635026Z,01JHV5AD6GE75R4VPNVGF064DR,2025-01-17T22:22:04.649635026Z,01JHV5QW41443F4HJ72KE20G9H,2025-01-17T22:22:04.649635026Z
01JHV697JG76K9AMF2MHEN2NFA,01JHV50F6QX66CCB0HTPJT4HC6,2025-01-17T22:31:33.200459472Z,01JHV50F71T4Z7S4BGZBP8WG1E,2025-01-17T22:31:33.200459472Z,01JHV5TWSH8CS6TP7VVY149RHW,2025-01-17T22:31:33.200459472Z,01JHV629B0XY58E28PKPDWB1XW,2025-01-17T22:31:33.200459472Z
01JHV5TTVAACV8Z2687S2X17M0,01JHV50FPJZ7ERW5C47WHC0622,2025-01-17T22:23:41.418787339Z,01JHV50FPVFR8Z1QHNZWY5QBZT,2025-01-17T22:23:41.418787339Z,01JHV5AD6GE75R4VPNVGF064DR,2025-01-17T22:23:41.418787339Z,01JHV5QW41443F4HJ73R73HBT1,2025-01-17T22:23:41.418787339Z
01JHV5ZRVEZNW3Q7HY8SX44DZ7,01JHV57NQJ604KR99FW78YYC5P,2025-01-17T22:26:23.214316441Z,01JHV57NQW2C25054EM8FXPG3N,2025-01-17T22:26:23.214316441Z,01JHV5DK8HS93GE3S69Y5Y5EFG,2025-01-17T22:26:23.214316441Z,01JHV5WB0CVXXWPDR15ER7X50W,2025-01-17T22:26:23.214316441Z
01JHV6297BB8EV249J2KCNQ33N,01JHV57NQJ604KR99FW78YYC5P,2025-01-17T22:27:45.515768013Z,01JHV57NQW2C25054EM8FXPG3N,2025-01-17T22:27:45.515768013Z,01JHV5FN3TFA93B11FRPKGVFHX,2025-01-17T22:27:45.515768013Z,01JHV5WB0GNC0QHG0TV8VBKZXW,2025-01-17T22:27:45.515768013Z
01JHV68NMEGXK82P3QTN1GV0JY,01JHV50F6QX66CCB0HTPJT4HC6,2025-01-17T22:31:14.830666184Z,01JHV50F71T4Z7S4BGZBP8WG1E,2025-01-17T22:31:14.830666184Z,01JHV5BMQ8G3SKGG66H7DCC8Y4,2025-01-17T22:31:14.830666184Z,01JHV629B0XY58E28PJZWN535Q,2025-01-17T22:31:14.830666184Z
01JHV6S3DCQPWB799ZKWQQCGP7,01JHV69VE2MZBSS2WPDC24SC99,2025-01-17T22:40:13.228239862Z,01JHV69VEDAAXJYYZSSJQD86ZX,2025-01-17T22:40:13.228239862Z,01JHV69ZWY72D7Z995RVQEVCX1,2025-01-17T22:40:13.228239862Z,01JHV6PPR2QQQ0N0Z2FVJ4FATR,2025-01-17T22:40:13.228239862Z
01JHV6X448TK3T79QG39FA0XYD,01JHV69VE2MZBSS2WPDC24SC99,2025-01-17T22:42:25.032244326Z,01JHV69VEDAAXJYYZSSJQD86ZX,2025-01-17T22:42:25.032244326Z,01JHV69ZWY72D7Z995RVQEVCX1,2025-01-17T22:42:25.032244326Z,01JHV6PPR7HW5KTZ4KSYHS5W4Y,2025-01-17T22:42:25.032244326Z
01JHV5XGQTA3ZJM4YDXH16FN47,01JHV50FPJZ7ERW5C47WHC0622,2025-01-17T22:25:09.370885707Z,01JHV50FPVFR8Z1QHNZWY5QBZT,2025-01-17T22:25:09.370885707Z,01JHV5HQ7JSDP4EE9Z8ACG2EH7,2025-01-17T22:25:09.370885707Z,01JHV5QW423M55N4614Q130V8S,2025-01-17T22:25:09.370885707Z
01JHV67R94CV57CBS15RVVBVXN,01JHV50F6QX66CCB0HTPJT4HC6,2025-01-17T22:30:44.7728601Z,01JHV50F71T4Z7S4BGZBP8WG1E,2025-01-17T22:30:44.7728601Z,01JHV5SSNSS2BJ6FZ3YP3TJ1A6,2025-01-17T22:30:44.7728601Z,01JHV629AZR8TRKPNW2RG0HHZS,2025-01-17T22:30:44.7728601Z
01JHV67R95RTM6X8E1CMR676B5,01JHV50F6QX66CCB0HTPJT4HC6,2025-01-17T22:30:44.77316186Z,01JHV50F71T4Z7S4BGZBP8WG1E,2025-01-17T22:30:44.77316186Z,01JHV5TWSH8CS6TP7VVY149RHW,2025-01-17T22:30:44.77316186Z,01JHV629AZR8TRKPNW2RG0HHZS,2025-01-17T22:30:44.77316186Z
01JHV6PPZECQ8G9J8VZBMR1BQ8,01JHV69VE2MZBSS2WPDC24SC99,2025-01-17T22:38:54.958944945Z,01JHV69VEDAAXJYYZSSJQD86ZX,2025-01-17T22:38:54.958944945Z,01JHV6CNGQKWR6CF56CW4Y7ZSS,2025-01-17T22:38:54.958944945Z,01JHV6PPR184RTRCY8B31PQ5S2,2025-01-17T22:38:54.958944945Z
01JHV5VEDSC8J0QAR0CQ7BXCTG,01JHV50FPJZ7ERW5C47WHC0622,2025-01-17T22:24:01.465362829Z,01JHV50FPVFR8Z1QHNZWY5QBZT,2025-01-17T22:24:01.465362829Z,01JHV5CX23AX64E9MS937FRKB0,2025-01-17T22:24:01.465362829Z,01JHV5QW423M55N4612YM7EQ2T,2025-01-17T22:24:01.465362829Z
01JHV65YYN7HFRFM04E97QR5G0,01JHV50F6QX66CCB0HTPJT4HC6,2025-01-17T22:29:46.069907986Z,01JHV50F71T4Z7S4BGZBP8WG1E,2025-01-17T22:29:46.069907986Z,01JHV5BMQ8G3SKGG66H7DCC8Y4,2025-01-17T22:29:46.069907986Z,01JHV629AY1CEZHJ22X7DKA03R,2025-01-17T22:29:46.069907986Z
01JHV6SR4TC37QZBX9Q38TQZCJ,01JHV69VE2MZBSS2WPDC24SC99,2025-01-17T22:40:34.458641843Z,01JHV69VEDAAXJYYZSSJQD86ZX,2025-01-17T22:40:34.458641843Z,01JHV6DX52YSMR2P6X4P333M56,2025-01-17T22:40:34.458641843Z,01JHV6PPR5DV40R8RWWJG5SE1G,2025-01-17T22:40:34.458641843Z
01JHV5TTVAACV8Z2687JW52HJH,01JHV50FPJZ7ERW5C47WHC0622,2025-01-17T22:23:41.418506434Z,01JHV50FPVFR8Z1QHNZWY5QBZT,2025-01-17T22:23:41.418506434Z,01JHV5CX23AX64E9MS937FRKB0,2025-01-17T22:23:41.418506434Z,01JHV5QW41443F4HJ73R73HBT1,2025-01-17T22:23:41.418506434Z
01JHV5TTVBAMASK82XMTX573K5,01JHV50FPJZ7ERW5C47WHC0622,2025-01-17T22:23:41.419060505Z,01JHV50FPVFR8Z1QHNZWY5QBZT,2025-01-17T22:23:41.419060505Z,01JHV5HQ7JSDP4EE9Z8ACG2EH7,2025-01-17T22:23:41.419060505Z,01JHV5QW41443F4HJ73R73HBT1,2025-01-17T22:23:41.419060505Z
01JHV64480GT78EYKVBVGRXC8S,01JHV50F6QX66CCB0HTPJT4HC6,2025-01-17T22:28:45.952200616Z,01JHV50F71T4Z7S4BGZBP8WG1E,2025-01-17T22:28:45.952200616Z,01JHV5SSNSS2BJ6FZ3YP3TJ1A6,2025-01-17T22:28:45.952200616Z,01JHV629ASHAHSKVKRBPY7B6N6,2025-01-17T22:28:45.952200616Z
01JHV6TNG3AD65M8W0GPEJQPWP,01JHV69VE2MZBSS2WPDC24SC99,2025-01-17T22:41:04.51579121Z,01JHV69VEDAAXJYYZSSJQD86ZX,2025-01-17T22:41:04.51579121Z,01JHV6BZR8QFR7BGB15QD1AVBW,2025-01-17T22:41:04.51579121Z,01JHV6PPR3W0XHTBG8Y594X9MR,2025-01-17T22:41:04.51579121Z
01JHV5WB7KKW6RWAG9WZQY0VB4,01JHV57NQJ604KR99FW78YYC5P,2025-01-17T22:24:30.963866159Z,01JHV57NQW2C25054EM8FXPG3N,2025-01-17T22:24:30.963866159Z,01JHV5DK8HS93GE3S69Y5Y5EFG,2025-01-17T22:24:30.963866159Z,01JHV5WB07AKT8ASNQ4K1DD37N,2025-01-17T22:24:30.963866159Z
01JHV66W9W6DR17MXPRX3Z34SN,01JHV50F6QX66CCB0HTPJT4HC6,2025-01-17T22:30:16.124686196Z,01JHV50F71T4Z7S4BGZBP8WG1E,2025-01-17T22:30:16.124686196Z,01JHV5TWSH8CS6TP7VVY149RHW,2025-01-17T22:30:16.124686196Z,01JHV629AY1CEZHJ22XPBZXCD8,2025-01-17T22:30:16.124686196Z
01JHV697JG76K9AMF2M52X39YX,01JHV50F6QX66CCB0HTPJT4HC6,2025-01-17T22:31:33.200081678Z,01JHV50F71T4Z7S4BGZBP8WG1E,2025-01-17T22:31:33.200081678Z,01JHV5BMQ8G3SKGG66H7DCC8Y4,2025-01-17T22:31:33.200081678Z,01JHV629B0XY58E28PKPDWB1XW,2025-01-17T22:31:33.200081678Z
01JHV6X447Q6YH483X1RXMMR04,01JHV69VE2MZBSS2WPDC24SC99,2025-01-17T22:42:25.031678812Z,01JHV69VEDAAXJYYZSSJQD86ZX,2025-01-17T22:42:25.031678812Z,01JHV6BZR8QFR7BGB15QD1AVBW,2025-01-17T22:42:25.031678812Z,01JHV6PPR7HW5KTZ4KSYHS5W4Y,2025-01-17T22:42:25.031678812Z
01JHV5W47H8P6XG2AM3397NY8Y,01JHV50FPJZ7ERW5C47WHC0622,2025-01-17T22:24:23.793869695Z,01JHV50FPVFR8Z1QHNZWY5QBZT,2025-01-17T22:24:23.793869695Z,01JHV5GNRYQCKJ22E045EJJWXK,2025-01-17T22:24:23.793869695Z,01JHV5QW423M55N4613D8BDJBV,2025-01-17T22:24:23.793869695Z
01JHV5Z38VAYJM8WES09AQ19D9,01JHV57NQJ604KR99FW78YYC5P,2025-01-17T22:26:01.115918513Z,01JHV57NQW2C25054EM8FXPG3N,2025-01-17T22:26:01.115918513Z,01JHV5FN3TFA93B11FRPKGVFHX,2025-01-17T22:26:01.115918513Z,01JHV5WB0A1KX24QA9YFSS94FZ,2025-01-17T22:26:01.115918513Z
01JHV5WXHXY3WZP7KEAG1WCZ08,01JHV50FPJZ7ERW5C47WHC0622,2025-01-17T22:24:49.725289285Z,01JHV50FPVFR8Z1QHNZWY5QBZT,2025-01-17T22:24:49.725289285Z,01JHV5CX23AX64E9MS937FRKB0,2025-01-17T22:24:49.725289285Z,01JHV5QW423M55N4613YEXFJJB,2025-01-17T22:24:49.725289285Z
01JHV65YYN7HFRFM04DV67KD8B,01JHV50F6QX66CCB0HTPJT4HC6,2025-01-17T22:29:46.069366592Z,01JHV50F71T4Z7S4BGZBP8WG1E,2025-01-17T22:29:46.069366592Z,01JHV5SSNSS2BJ6FZ3YP3TJ1A6,2025-01-17T22:29:46.069366592Z,01JHV629AY1CEZHJ22X7DKA03R,2025-01-17T22:29:46.069366592Z
01JHV5VEDSC8J0QAR0C9TSH0BA,01JHV50FPJZ7ERW5C47WHC0622,2025-01-17T22:24:01.46507904Z,01JHV50FPVFR8Z1QHNZWY5QBZT,2025-01-17T22:24:01.46507904Z,01JHV5GNRYQCKJ22E045EJJWXK,2025-01-17T22:24:01.46507904Z,01JHV5QW423M55N4612YM7EQ2T,2025-01-17T22:24:01.46507904Z
01JHV651KAVZENM0Y51C9CVP3Y,01JHV50F6QX66CCB0HTPJT4HC6,2025-01-17T22:29:16.010798503Z,01JHV50F71T4Z7S4BGZBP8WG1E,2025-01-17T22:29:16.010798503Z,01JHV5TWSH8CS6TP7VVY149RHW,2025-01-17T22:29:16.010798503Z,01JHV629ATB36Z2RYNBP2W88QW,2025-01-17T22:29:16.010798503Z
01JHV6PPZFPPQV525040F5DYMS,01JHV69VE2MZBSS2WPDC24SC99,2025-01-17T22:38:54.959466589Z,01JHV69VEDAAXJYYZSSJQD86ZX,2025-01-17T22:38:54.959466589Z,01JHV69ZWY72D7Z995RVQEVCX1,2025-01-17T22:38:54.959466589Z,01JHV6PPR184RTRCY8B31PQ5S2,2025-01-17T22:38:54.959466589Z
01JHV6VETD002X6HE5NQD8F0DV,01JHV69VE2MZBSS2WPDC24SC99,2025-01-17T22:41:30.445846547Z,01JHV69VEDAAXJYYZSSJQD86ZX,2025-01-17T22:41:30.445846547Z,01JHV69ZWY72D7Z995RVQEVCX1,2025-01-17T22:41:30.445846547Z,01JHV6PPR7HW5KTZ4KTKCGBDXH,2025-01-17T22:41:30.445846547Z
01JHV5W47JVH2YKT72JZBRZCEV,01JHV50FPJZ7ERW5C47WHC0622,2025-01-17T22:24:23.794506403Z,01JHV50FPVFR8Z1QHNZWY5QBZT,2025-01-17T22:24:23.794506403Z,01JHV5AD6GE75R4VPNVGF064DR,2025-01-17T22:24:23.794506403Z,01JHV5QW423M55N4613D8BDJBV,2025-01-17T22:24:23.794506403Z
01JHV5WXHYGJ7EAHSDJAPKQH2C,01JHV50FPJZ7ERW5C47WHC0622,2025-01-17T22:24:49.7263164Z,01JHV50FPVFR8Z1QHNZWY5QBZT,2025-01-17T22:24:49.7263164Z,01JHV5HQ7JSDP4EE9Z8ACG2EH7,2025-01-17T22:24:49.7263164Z,01JHV5QW423M55N4613YEXFJJB,2025-01-17T22:24:49.7263164Z
01JHV62M4D1YTT23K5024EYJE0,01JHV57NQJ604KR99FW78YYC5P,2025-01-17T22:27:56.685449753Z,01JHV57NQW2C25054EM8FXPG3N,2025-01-17T22:27:56.685449753Z,01JHV5AAHBVV8Q5MPFQG16M853,2025-01-17T22:27:56.685449753Z,01JHV5WB0GNC0QHG0TTRMTTHGY,2025-01-17T22:27:56.685449753Z
01JHV651K9H8XS89KVZS8S9HDS,01JHV50F6QX66CCB0HTPJT4HC6,2025-01-17T22:29:16.009765397Z,01JHV50F71T4Z7S4BGZBP8WG1E,2025-01-17T22:29:16.009765397Z,01JHV5SSNSS2BJ6FZ3YP3TJ1A6,2025-01-17T22:29:16.009765397Z,01JHV629ATB36Z2RYNBP2W88QW,2025-01-17T22:29:16.009765397Z
01JHV629JAJBAKJK9EMTD4YGPM,01JHV50F6QX66CCB0HTPJT4HC6,2025-01-17T22:27:45.866329924Z,01JHV50F71T4Z7S4BGZBP8WG1E,2025-01-17T22:27:45.866329924Z,01JHV5TWSH8CS6TP7VVY149RHW,2025-01-17T22:27:45.866329924Z,01JHV629ASHAHSKVKRB4BJX0XY,2025-01-17T22:27:45.866329924Z
01JHV6447Z2C08KDDBMW5C6S17,01JHV50F6QX66CCB0HTPJT4HC6,2025-01-17T22:28:45.951913956Z,01JHV50F71T4Z7S4BGZBP8WG1E,2025-01-17T22:28:45.951913956Z,01JHV5C10XR7WAM715R01HY6YE,2025-01-17T22:28:45.951913956Z,01JHV629ASHAHSKVKRBPY7B6N6,2025-01-17T22:28:45.951913956Z
01JHV65YYP66CSD07JX94S1AG6,01JHV50F6QX66CCB0HTPJT4HC6,2025-01-17T22:29:46.070886501Z,01JHV50F71T4Z7S4BGZBP8WG1E,2025-01-17T22:29:46.070886501Z,01JHV5TWSH8CS6TP7VVY149RHW,2025-01-17T22:29:46.070886501Z,01JHV629AY1CEZHJ22X7DKA03R,2025-01-17T22:29:46.070886501Z
01JHV6W8729CZ16WAZ1BV65SDT,01JHV69VE2MZBSS2WPDC24SC99,2025-01-17T22:41:56.450344691Z,01JHV69VEDAAXJYYZSSJQD86ZX,2025-01-17T22:41:56.450344691Z,01JHV69ZWY72D7Z995RVQEVCX1,2025-01-17T22:41:56.450344691Z,01JHV6PPR5DV40R8RWW4BZZDZH,2025-01-17T22:41:56.450344691Z
01JHV6X447Q6YH483X1CFQ90NS,01JHV69VE2MZBSS2WPDC24SC99,2025-01-17T22:42:25.031184287Z,01JHV69VEDAAXJYYZSSJQD86ZX,2025-01-17T22:42:25.031184287Z,01JHV6CNGQKWR6CF56CW4Y7ZSS,2025-01-17T22:42:25.031184287Z,01JHV6PPR7HW5KTZ4KSYHS5W4Y,2025-01-17T22:42:25.031184287Z
01JHV60MHHMGZJ14SZWZ0KDZVQ,01JHV57NQJ604KR99FW78YYC5P,2025-01-17T22:26:51.569641713Z,01JHV57NQW2C25054EM8FXPG3N,2025-01-17T22:26:51.569641713Z,01JHV5AAHBVV8Q5MPFQG16M853,2025-01-17T22:26:51.569641713Z,01JHV5WB0CVXXWPDR14VC6HAC6,2025-01-17T22:26:51.569641713Z
01JHV629J9N5XM6SBKG59WDRRC,01JHV50F6QX66CCB0HTPJT4HC6,2025-01-17T22:27:45.865736903Z,01JHV50F71T4Z7S4BGZBP8WG1E,2025-01-17T22:27:45.865736903Z,01JHV5SSNSS2BJ6FZ3YP3TJ1A6,2025-01-17T22:27:45.865736903Z,01JHV629ASHAHSKVKRB4BJX0XY,2025-01-17T22:27:45.865736903Z
01JHV67R95RTM6X8E1CVDQ0WYS,01JHV50F6QX66CCB0HTPJT4HC6,2025-01-17T22:30:44.773601991Z,01JHV50F71T4Z7S4BGZBP8WG1E,2025-01-17T22:30:44.773601991Z,01JHV5C10XR7WAM715R01HY6YE,2025-01-17T22:30:44.773601991Z,01JHV629AZR8TRKPNW2RG0HHZS,2025-01-17T22:30:44.773601991Z
01JHV6RC08ZG5RSHT56RH23W54,01JHV69VE2MZBSS2WPDC24SC99,2025-01-17T22:39:49.256859302Z,01JHV69VEDAAXJYYZSSJQD86ZX,2025-01-17T22:39:49.256859302Z,01JHV6BZR8QFR7BGB15QD1AVBW,2025-01-17T22:39:49.256859302Z,01JHV6PPR6DG9PB8QEMDZJ53HK,2025-01-17T22:39:49.256859302Z
01JHV6TNG2TAFKFQ48KHXKHP0H,01JHV69VE2MZBSS2WPDC24SC99,2025-01-17T22:41:04.514612677Z,01JHV69VEDAAXJYYZSSJQD86ZX,2025-01-17T22:41:04.514612677Z,01JHV69ZWY72D7Z995RVQEVCX1,2025-01-17T22:41:04.514612677Z,01JHV6PPR3W0XHTBG8Y594X9MR,2025-01-17T22:41:04.514612677Z
01JHV60MHGW8MZDK33EAKBX65Y,01JHV57NQJ604KR99FW78YYC5P,2025-01-17T22:26:51.568961276Z,01JHV57NQW2C25054EM8FXPG3N,2025-01-17T22:26:51.568961276Z,01JHV5DK8HS93GE3S69Y5Y5EFG,2025-01-17T22:26:51.568961276Z,01JHV5WB0CVXXWPDR14VC6HAC6,2025-01-17T22:26:51.568961276Z
01JHV60MHHMGZJ14SZWRPCJ0EE,01JHV57NQJ604KR99FW78YYC5P,2025-01-17T22:26:51.569263721Z,01JHV57NQW2C25054EM8FXPG3N,2025-01-17T22:26:51.569263721Z,01JHV5BVQBY49HA5Y4BZ073EFY,2025-01-17T22:26:51.569263721Z,01JHV5WB0CVXXWPDR14VC6HAC6,2025-01-17T22:26:51.569263721Z
01JHV66W9VAJG8F7E0YNMN75CZ,01JHV50F6QX66CCB0HTPJT4HC6,2025-01-17T22:30:16.123918366Z,01JHV50F71T4Z7S4BGZBP8WG1E,2025-01-17T22:30:16.123918366Z,01JHV5C10XR7WAM715R01HY6YE,2025-01-17T22:30:16.123918366Z,01JHV629AY1CEZHJ22XPBZXCD8,2025-01-17T22:30:16.123918366Z
01JHV6VETD002X6HE5NADHWJYF,01JHV69VE2MZBSS2WPDC24SC99,2025-01-17T22:41:30.445412742Z,01JHV69VEDAAXJYYZSSJQD86ZX,2025-01-17T22:41:30.445412742Z,01JHV6BZR8QFR7BGB15QD1AVBW,2025-01-17T22:41:30.445412742Z,01JHV6PPR7HW5KTZ4KTKCGBDXH,2025-01-17T22:41:30.445412742Z
01JHV5T9VC19WE8RXG1FFRHJEH,01JHV50FPJZ7ERW5C47WHC0622,2025-01-17T22:23:24.012133016Z,01JHV50FPVFR8Z1QHNZWY5QBZT,2025-01-17T22:23:24.012133016Z,01JHV5AD6GE75R4VPNVGF064DR,2025-01-17T22:23:24.012133016Z,01JHV5QW4322P9824RE8T3RGCA,2025-01-17T22:23:24.012133016Z
01JHV5Z38VAYJM8WERZES4ESAX,01JHV57NQJ604KR99FW78YYC5P,2025-01-17T22:26:01.115134796Z,01JHV57NQW2C25054EM8FXPG3N,2025-01-17T22:26:01.115134796Z,01JHV5DK8HS93GE3S69Y5Y5EFG,2025-01-17T22:26:01.115134796Z,01JHV5WB0A1KX24QA9YFSS94FZ,2025-01-17T22:26:01.115134796Z
01JHV61HWRYSAR3AVGJWKCFS47,01JHV57NQJ604KR99FW78YYC5P,2025-01-17T22:27:21.624070378Z,01JHV57NQW2C25054EM8FXPG3N,2025-01-17T22:27:21.624070378Z,01JHV5DK8HS93GE3S69Y5Y5EFG,2025-01-17T22:27:21.624070378Z,01JHV5WB0DD63R4RZHB4ATYYY7,2025-01-17T22:27:21.624070378Z
01JHV62M4D1YTT23K4ZQ4BMKSG,01JHV57NQJ604KR99FW78YYC5P,2025-01-17T22:27:56.68510498Z,01JHV57NQW2C25054EM8FXPG3N,2025-01-17T22:27:56.68510498Z,01JHV5BVQBY49HA5Y4BZ073EFY,2025-01-17T22:27:56.68510498Z,01JHV5WB0GNC0QHG0TTRMTTHGY,2025-01-17T22:27:56.68510498Z
01JHV6447Z2C08KDDBM9DX600P,01JHV50F6QX66CCB0HTPJT4HC6,2025-01-17T22:28:45.951138121Z,01JHV50F71T4Z7S4BGZBP8WG1E,2025-01-17T22:28:45.951138121Z,01JHV5BMQ8G3SKGG66H7DCC8Y4,2025-01-17T22:28:45.951138121Z,01JHV629ASHAHSKVKRBPY7B6N6,2025-01-17T22:28:45.951138121Z
01JHV6RC0721PJHWCYMAC1NHPT,01JHV69VE2MZBSS2WPDC24SC99,2025-01-17T22:39:49.255488197Z,01JHV69VEDAAXJYYZSSJQD86ZX,2025-01-17T22:39:49.255488197Z,01JHV69ZWY72D7Z995RVQEVCX1,2025-01-17T22:39:49.255488197Z,01JHV6PPR6DG9PB8QEMDZJ53HK,2025-01-17T22:39:49.255488197Z
