﻿id,batchID,batchIDLastChangedAt,gameID,gameIDLastChangedAt,playerID,playerIDLastChangedAt
01HWDZKY76XEG0SFQ30AAHDM4S,01HWDZ9H7KE19NGFVX9P5YHM2B,2024-04-26T19:55:18.118497617Z,01HWDZ9H89PXSVDZ2Z0E7MX51J,2024-04-26T19:55:18.118497617Z,01HWDZBW01J75DGAGYH6GJ4CPF,2024-04-26T19:55:18.118497617Z
01HWDZKY7HB3FX2JMSDZ28NGXM,01HWDZ9H7KE19NGFVX9P5YHM2B,2024-04-26T19:55:18.129539223Z,01HWDZ9H89PXSVDZ2Z0E7MX51J,2024-04-26T19:55:18.129539223Z,01HWDZC5946R9JV817EMBY35NT,2024-04-26T19:55:18.129539223Z
01HWDZKY7QGPGM21MCXRGDERYN,01HWDZ9H7KE19NGFVX9P5YHM2B,2024-04-26T19:55:18.135387731Z,01HWDZ9H89PXSVDZ2Z0E7MX51J,2024-04-26T19:55:18.135387731Z,01HWDZD5717ANBQ8GTPF071NQ4,2024-04-26T19:55:18.135387731Z
01HWDZKY7X8JZPRF0XM5QN9ZMM,01HWDZ9H7KE19NGFVX9P5YHM2B,2024-04-26T19:55:18.141412856Z,01HWDZ9H89PXSVDZ2Z0E7MX51J,2024-04-26T19:55:18.141412856Z,01HWDZGWJ75208CDQJF4S4MG63,2024-04-26T19:55:18.141412856Z
01HWDZPC1B4ZBSEYHZWN8RA8ZT,01HWDZBVZ099EF56E7PA1463T5,2024-04-26T19:56:37.803893026Z,01HWDZBVZCFRSJZ6GN21W52JD7,2024-04-26T19:56:37.803893026Z,01HWDZFE63S2B40MQFVM96F61W,2024-04-26T19:56:37.803893026Z
01HWDZPC1KKJVHACVHC4FSWXWT,01HWDZBVZ099EF56E7PA1463T5,2024-04-26T19:56:37.811119326Z,01HWDZBVZCFRSJZ6GN21W52JD7,2024-04-26T19:56:37.811119326Z,01HWDZG8MA8Z3VJRX0Q4B2RED9,2024-04-26T19:56:37.811119326Z
01HWDZPC1SD881JSV2JFKQPYNR,01HWDZBVZ099EF56E7PA1463T5,2024-04-26T19:56:37.81792873Z,01HWDZBVZCFRSJZ6GN21W52JD7,2024-04-26T19:56:37.81792873Z,01HWDZHMA73CJ89SAWNYF2TN45,2024-04-26T19:56:37.81792873Z
01HWDZPC1YAYSVPTMG91F9SKE2,01HWDZBVZ099EF56E7PA1463T5,2024-04-26T19:56:37.822910436Z,01HWDZBVZCFRSJZ6GN21W52JD7,2024-04-26T19:56:37.822910436Z,01HWDZJ0DK6HX04SY1P9J0ZWQN,2024-04-26T19:56:37.822910436Z
01HWE05T5CQCJF52YKS4QPP24M,01HWDZAVK2HHH7A9FE120SJX4Q,2024-04-26T20:05:03.788483308Z,01HWDZAVKD71B2T8P146Z0RE23,2024-04-26T20:05:03.788483308Z,01HWDZVQR8AF8Q1C1HKJDV9B66,2024-04-26T20:05:03.788483308Z
01HWE05T5JDQB49EQPRTY845GP,01HWDZAVK2HHH7A9FE120SJX4Q,2024-04-26T20:05:03.794213816Z,01HWDZAVKD71B2T8P146Z0RE23,2024-04-26T20:05:03.794213816Z,01HWDZWT9KWEYRWR1WX4F9WYDJ,2024-04-26T20:05:03.794213816Z
01HWE05T5Q1R424P11YQ3M4GHR,01HWDZAVK2HHH7A9FE120SJX4Q,2024-04-26T20:05:03.799539042Z,01HWDZAVKD71B2T8P146Z0RE23,2024-04-26T20:05:03.799539042Z,01HWDZX4K47QN05XJEM90F1XJ0,2024-04-26T20:05:03.799539042Z
01HWE05T5X8SBPD2RJM5SJE1K7,01HWDZAVK2HHH7A9FE120SJX4Q,2024-04-26T20:05:03.805559964Z,01HWDZAVKD71B2T8P146Z0RE23,2024-04-26T20:05:03.805559964Z,01HWDZYE9K97SZZPWRG4GESHHB,2024-04-26T20:05:03.805559964Z
01HWE092BSQ5CAXEK8A6SQCDRQ,01HWDZATBJ8CKJ630H0EJHNC03,2024-04-26T20:06:50.489988169Z,01HWDZATBYG8AA4193EJ9RRM5A,2024-04-26T20:06:50.489988169Z,01HWDZZSM0ZY571FYKF58XSYD3,2024-04-26T20:06:50.489988169Z
01HWE092C2S9C7R8SR6RNAENRF,01HWDZATBJ8CKJ630H0EJHNC03,2024-04-26T20:06:50.498137149Z,01HWDZATBYG8AA4193EJ9RRM5A,2024-04-26T20:06:50.498137149Z,01HWE02FH9VAQ912VHKVH0RPSB,2024-04-26T20:06:50.498137149Z
01HWE092CCCF799Z3GGJVA8C63,01HWDZATBJ8CKJ630H0EJHNC03,2024-04-26T20:06:50.508587225Z,01HWDZATBYG8AA4193EJ9RRM5A,2024-04-26T20:06:50.508587225Z,01HWE0410N3808NPQQ6TKXZP0P,2024-04-26T20:06:50.508587225Z
01HWE092CPMNX1FMYHNMVJVQVV,01HWDZATBJ8CKJ630H0EJHNC03,2024-04-26T20:06:50.518311789Z,01HWDZATBYG8AA4193EJ9RRM5A,2024-04-26T20:06:50.518311789Z,01HWE045ZAANB0ZJYW1SSVC15E,2024-04-26T20:06:50.518311789Z
01HWE0BNVQHR34A0DYQMEPZVQ1,01HWDZAS7MCQEA0CKR1E1TJJF3,2024-04-26T20:08:15.991043127Z,01HWDZAS82QZ7JN5BP0ER4FHFT,2024-04-26T20:08:15.991043127Z,01HWE03NZQ1Y3NHNHEZ4REQR7S,2024-04-26T20:08:15.991043127Z
01HWE0BNVX39TPBPA8V83KA8BJ,01HWDZAS7MCQEA0CKR1E1TJJF3,2024-04-26T20:08:15.997967761Z,01HWDZAS82QZ7JN5BP0ER4FHFT,2024-04-26T20:08:15.997967761Z,01HWE0708XWBDCHCFEVP62Y8W0,2024-04-26T20:08:15.997967761Z
01HWE0BNW56YT16ZB7XNDDJYHG,01HWDZAS7MCQEA0CKR1E1TJJF3,2024-04-26T20:08:16.005507137Z,01HWDZAS82QZ7JN5BP0ER4FHFT,2024-04-26T20:08:16.005507137Z,01HWE07RP3NFKJ2B7A0524BCEZ,2024-04-26T20:08:16.005507137Z
01HWE0BNWB818C92PAVXVXT2KH,01HWDZAS7MCQEA0CKR1E1TJJF3,2024-04-26T20:08:16.011796811Z,01HWDZAS82QZ7JN5BP0ER4FHFT,2024-04-26T20:08:16.011796811Z,01HWE088VPENM3R5H4W1S2ZNHC,2024-04-26T20:08:16.011796811Z
01HWE0F3HRD6YPKF7VH43T8W92,01HWDZAQSPSVCYRGXJWZRG3KGC,2024-04-26T20:10:08.312166038Z,01HWDZAQTA0P9K0JJKTG94QYQD,2024-04-26T20:10:08.312166038Z,01HWE05ADYMWRMK184QF4PKYSH,2024-04-26T20:10:08.312166038Z
01HWE0F3HZ2QM5TV3SHBSYHN8Z,01HWDZAQSPSVCYRGXJWZRG3KGC,2024-04-26T20:10:08.31990841Z,01HWDZAQTA0P9K0JJKTG94QYQD,2024-04-26T20:10:08.31990841Z,01HWE05B6BS0Q3T43SBS81NNMJ,2024-04-26T20:10:08.31990841Z
01HWE0F3J79CWA9EGEKZMT8FJY,01HWDZAQSPSVCYRGXJWZRG3KGC,2024-04-26T20:10:08.32761795Z,01HWDZAQTA0P9K0JJKTG94QYQD,2024-04-26T20:10:08.32761795Z,01HWE074HRK1X9TA5Y6F777R4Y,2024-04-26T20:10:08.32761795Z
01HWE0F3JEP251X1J3FCKBT8XJ,01HWDZAQSPSVCYRGXJWZRG3KGC,2024-04-26T20:10:08.33507615Z,01HWDZAQTA0P9K0JJKTG94QYQD,2024-04-26T20:10:08.33507615Z,01HWE07RD5CTTN9C98NZEA958Z,2024-04-26T20:10:08.33507615Z
01HWE0JDNF6GN7DDKAES1K6YYW,01HWDZANW2GG5HC8HFX8JCB2RX,2024-04-26T20:11:56.975397104Z,01HWDZANWHCGGCFKDW5YHNPT7W,2024-04-26T20:11:56.975397104Z,01HWE09WBQMHPZWM95YRMSKAKX,2024-04-26T20:11:56.975397104Z
01HWE0JDNR8D4CNHZVZC4XDYE0,01HWDZANW2GG5HC8HFX8JCB2RX,2024-04-26T20:11:56.984293175Z,01HWDZANWHCGGCFKDW5YHNPT7W,2024-04-26T20:11:56.984293175Z,01HWE0AMGDEBQ2W04WPMYGPGAE,2024-04-26T20:11:56.984293175Z
01HWE0JDP1FQW0KVT3CJK0WJ2E,01HWDZANW2GG5HC8HFX8JCB2RX,2024-04-26T20:11:56.993577116Z,01HWDZANWHCGGCFKDW5YHNPT7W,2024-04-26T20:11:56.993577116Z,01HWE0BFRG9EQK2TEAQTWE8YDH,2024-04-26T20:11:56.993577116Z
01HWE0JDPCVA9W3DNZ5SQ7Q81P,01HWDZANW2GG5HC8HFX8JCB2RX,2024-04-26T20:11:57.004074301Z,01HWDZANWHCGGCFKDW5YHNPT7W,2024-04-26T20:11:57.004074301Z,01HWE0DVHW62Q9SX3HB9N3FCJX,2024-04-26T20:11:57.004074301Z
01HWE0MEVPJ50250RP9K20S5E2,01HWE0BV2VC50K6H9AN3BHDNMA,2024-04-26T20:13:03.734556541Z,01HWE0BV3PWRSDTHWSV372E9CY,2024-04-26T20:13:03.734556541Z,01HWE0C87KP88F9YP8D185EVEJ,2024-04-26T20:13:03.734556541Z
01HWE0MEW0PV0Z3YTYXJ0ME1K0,01HWE0BV2VC50K6H9AN3BHDNMA,2024-04-26T20:13:03.744886536Z,01HWE0BV3PWRSDTHWSV372E9CY,2024-04-26T20:13:03.744886536Z,01HWE0CHNW8QYXQZVX2C0BV098,2024-04-26T20:13:03.744886536Z
01HWE0MEWCDD8PVTPT3MTCQD97,01HWE0BV2VC50K6H9AN3BHDNMA,2024-04-26T20:13:03.7560556Z,01HWE0BV3PWRSDTHWSV372E9CY,2024-04-26T20:13:03.7560556Z,01HWE0EJCZ66GJ0AQ5XEMQWVD6,2024-04-26T20:13:03.7560556Z
01HWE0MEWQQKFR2G18FFRZ3DY8,01HWE0BV2VC50K6H9AN3BHDNMA,2024-04-26T20:13:03.767838345Z,01HWE0BV3PWRSDTHWSV372E9CY,2024-04-26T20:13:03.767838345Z,01HWE0ESPAYRD0BQKSE8Q1AAQT,2024-04-26T20:13:03.767838345Z
01HWE0PCC2JZ2HHHEG5RTTBKC5,01HWDZAKQRJY6V2VBKWA1ATQB7,2024-04-26T20:14:06.722414924Z,01HWDZAKR70RW3EAE4M8GPQY4F,2024-04-26T20:14:06.722414924Z,01HWE04YAH83J87T952MNFCZDG,2024-04-26T20:14:06.722414924Z
01HWE0PCCBFSBVC3MM4CP9MCRC,01HWDZAKQRJY6V2VBKWA1ATQB7,2024-04-26T20:14:06.73178586Z,01HWDZAKR70RW3EAE4M8GPQY4F,2024-04-26T20:14:06.73178586Z,01HWE0ETRWKJPKY6P83MN337X3,2024-04-26T20:14:06.73178586Z
01HWE0PCCNZS5PJ3QJKYJ9DTV3,01HWDZAKQRJY6V2VBKWA1ATQB7,2024-04-26T20:14:06.741218353Z,01HWDZAKR70RW3EAE4M8GPQY4F,2024-04-26T20:14:06.741218353Z,01HWE0EXJJJA09SH9FFEK5E0ZR,2024-04-26T20:14:06.741218353Z
01HWE0PCCYQNQXW0TCADJ8T9GM,01HWDZAKQRJY6V2VBKWA1ATQB7,2024-04-26T20:14:06.75027499Z,01HWDZAKR70RW3EAE4M8GPQY4F,2024-04-26T20:14:06.75027499Z,01HWE0G5XSZK35T1BRJ2KKQJHD,2024-04-26T20:14:06.75027499Z
