id,batchID,batchIDLastChangedAt,gameID,gameIDLastChangedAt,playerID,playerIDLastChangedAt,roundID,roundIDLastChangedAt
01JGM8VPAKACPG05PWAZWDBAQJ,01JGM6NTQFNFHWC9X4VZTAKNPN,2025-01-02T19:46:12.435153954Z,01JGM6NTQNYN88WZJ9YQFR7S4D,2025-01-02T19:46:12.435153954Z,01JGM85YPKVNZEWMHM378K3YQD,2025-01-02T19:46:12.435153954Z,01JGM8G99DK2TAD1ZQZD734VDN,2025-01-02T19:46:12.435153954Z
01JGM7EDX0TR4X49Q33BMEMKP0,01JGM6NYSBF85FHQ997YVSFPY6,2025-01-02T19:21:29.248929517Z,01JGM6NYSGW6A9G62R01ZBGDVX,2025-01-02T19:21:29.248929517Z,01JGM6ZV3XDBPC2FDVHK7N2Y54,2025-01-02T19:21:29.248929517Z,01JGM7EDNBRBE95Z1FNPJ47GCV,2025-01-02T19:21:29.248929517Z
01JGM7G645TT23VV0MQY1CKCBB,01JGM6MDENP00S2TZDYFG3Q9GA,2025-01-02T19:22:26.821399915Z,01JGM6MDF200HDZWGGV63EHTB9,2025-01-02T19:22:26.821399915Z,01JGM704NS2WZ2XSAMNCY1YBCG,2025-01-02T19:22:26.821399915Z,01JGM78TWZDKAPV50AFSC0SYBK,2025-01-02T19:22:26.821399915Z
01JGM8G9KVCEH0Y8NT26QYFHKB,01JGM6NTQFNFHWC9X4VZTAKNPN,2025-01-02T19:39:58.971093648Z,01JGM6NTQNYN88WZJ9YQFR7S4D,2025-01-02T19:39:58.971093648Z,01JGM813TYB99N03V9BTSJ9ZGW,2025-01-02T19:39:58.971093648Z,01JGM8G98M9YDAFHPB45PE0EC2,2025-01-02T19:39:58.971093648Z
01JGM8JYCF7N7F12KS8EHE0SDQ,01JGM6NTQFNFHWC9X4VZTAKNPN,2025-01-02T19:41:25.775729377Z,01JGM6NTQNYN88WZJ9YQFR7S4D,2025-01-02T19:41:25.775729377Z,01JGM85YPKVNZEWMHM378K3YQD,2025-01-02T19:41:25.775729377Z,01JGM8G992AE67DC4633BJ21DS,2025-01-02T19:41:25.775729377Z
01JGM7TE61D867PAF0B9FAZFPC,01JGM6NY2H7VBD7XS51Z7YW5K4,2025-01-02T19:28:02.753863064Z,01JGM6NY2QN3MMXEZRSW0T72Q8,2025-01-02T19:28:02.753863064Z,01JGM7BHGJD74VTMAC8WBC83A2,2025-01-02T19:28:02.753863064Z,01JGM7JCZJJZV6W2MPN2RQXCA9,2025-01-02T19:28:02.753863064Z
01JGM815TWMF2TKPSPMEAEWZRA,01JGM6NX93GT9D50MKVR3WW342,2025-01-02T19:31:43.580650432Z,01JGM6NX999MMH32FHXZDY0G1S,2025-01-02T19:31:43.580650432Z,01JGM7H1P1WN6Z7K9DZ9F0YDKK,2025-01-02T19:31:43.580650432Z,01JGM7WJRAXD1V53AJVFKVFEAB,2025-01-02T19:31:43.580650432Z
01JGM84V8MY9G5HERSKQY36RFW,01JGM6NX93GT9D50MKVR3WW342,2025-01-02T19:33:43.828151847Z,01JGM6NX999MMH32FHXZDY0G1S,2025-01-02T19:33:43.828151847Z,01JGM7AS1J60JGMX9B62CSES1B,2025-01-02T19:33:43.828151847Z,01JGM7WJRCHZQGZCKAFGBEA1VF,2025-01-02T19:33:43.828151847Z
01JGM7ZAXFVNRXTV26HFKMWTF3,01JGM6NY2H7VBD7XS51Z7YW5K4,2025-01-02T19:30:43.247154531Z,01JGM6NY2QN3MMXEZRSW0T72Q8,2025-01-02T19:30:43.247154531Z,01JGM7B2KWVFYJ9WGXVG67EKKY,2025-01-02T19:30:43.247154531Z,01JGM7JCZH9GPFF9BX5A0GNZTQ,2025-01-02T19:30:43.247154531Z
01JGM8F9WECRMDHV5208CWVYW1,01JGM6NVG737NZ30A6J5ZDJ2VQ,2025-01-02T19:39:26.478304339Z,01JGM6NVGD4780ZVT7W564K46M,2025-01-02T19:39:26.478304339Z,01JGM7XC60NM3XXJ6JHHBCYW21,2025-01-02T19:39:26.478304339Z,01JGM85YBDK3S9T8AV7WWXP37X,2025-01-02T19:39:26.478304339Z
01JGM90HPZQGCB8E4TNFC23N18,01JGM6NF5XS711E0GBRTWSA1M1,2025-01-02T19:48:51.551133543Z,01JGM6NF63VH0J1G2RB1WJ685W,2025-01-02T19:48:51.551133543Z,01JGM8A3364BS9RGQ7BMTKF3TT,2025-01-02T19:48:51.551133543Z,01JGM8MZBD8TD0DF94BGBJF594,2025-01-02T19:48:51.551133543Z
01JGM7HH2P90G7K63V6R9CJVPN,01JGM6MDENP00S2TZDYFG3Q9GA,2025-01-02T19:23:10.806999572Z,01JGM6MDF200HDZWGGV63EHTB9,2025-01-02T19:23:10.806999572Z,01JGM6ZR1K18EC78PB9EPTSZRR,2025-01-02T19:23:10.806999572Z,01JGM78TX4PFTD84GAGQG5QD81,2025-01-02T19:23:10.806999572Z
01JGM7T75VXZRX5TP5EPXAGH4P,01JGM6NYSBF85FHQ997YVSFPY6,2025-01-02T19:27:55.579164461Z,01JGM6NYSGW6A9G62R01ZBGDVX,2025-01-02T19:27:55.579164461Z,01JGM72HYZRCFGD18C1Z0RR1TF,2025-01-02T19:27:55.579164461Z,01JGM7EDNF7K7Z1KXJWXPDC1AX,2025-01-02T19:27:55.579164461Z
01JGM815TKXXFTDQ2M9MV8S4QG,01JGM6NX93GT9D50MKVR3WW342,2025-01-02T19:31:43.572007905Z,01JGM6NX999MMH32FHXZDY0G1S,2025-01-02T19:31:43.572007905Z,01JGM7AS1J60JGMX9B62CSES1B,2025-01-02T19:31:43.572007905Z,01JGM7WJRAXD1V53AJVFKVFEAB,2025-01-02T19:31:43.572007905Z
01JGM8S8GF54H0XZ37RDBVR95J,01JGM6NF5XS711E0GBRTWSA1M1,2025-01-02T19:44:52.751664719Z,01JGM6NF63VH0J1G2RB1WJ685W,2025-01-02T19:44:52.751664719Z,01JGM8683CJW1Q9HNBTWWHE5ZW,2025-01-02T19:44:52.751664719Z,01JGM8MZBHVAACP7N0X8CFM0BD,2025-01-02T19:44:52.751664719Z
01JGM8WYM21Y9HB2DJ14MPDTCE,01JGM6NTQFNFHWC9X4VZTAKNPN,2025-01-02T19:46:53.698920101Z,01JGM6NTQNYN88WZJ9YQFR7S4D,2025-01-02T19:46:53.698920101Z,01JGM813TYB99N03V9BTSJ9ZGW,2025-01-02T19:46:53.698920101Z,01JGM8G99FH296EGZDS3A9NP9C,2025-01-02T19:46:53.698920101Z
01JGM7RYKV4ED5DPMQW4F8C4FJ,01JGM6NYSBF85FHQ997YVSFPY6,2025-01-02T19:27:14.043253131Z,01JGM6NYSGW6A9G62R01ZBGDVX,2025-01-02T19:27:14.043253131Z,01JGM72HYZRCFGD18C1Z0RR1TF,2025-01-02T19:27:14.043253131Z,01JGM7EDNF7K7Z1KXJY13PW3WQ,2025-01-02T19:27:14.043253131Z
01JGM7XP1Y8DXS03BPCYG2HNC4,01JGM6NY2H7VBD7XS51Z7YW5K4,2025-01-02T19:29:49.118625782Z,01JGM6NY2QN3MMXEZRSW0T72Q8,2025-01-02T19:29:49.118625782Z,01JGM7CDH8GWTHRQV5CV4D4FV7,2025-01-02T19:29:49.118625782Z,01JGM7JCZGV3V4T0NJ653992M9,2025-01-02T19:29:49.118625782Z
01JGM7ZAXPGTGF4CXN7Z5ENKJ8,01JGM6NY2H7VBD7XS51Z7YW5K4,2025-01-02T19:30:43.254614653Z,01JGM6NY2QN3MMXEZRSW0T72Q8,2025-01-02T19:30:43.254614653Z,01JGM7CDH8GWTHRQV5CV4D4FV7,2025-01-02T19:30:43.254614653Z,01JGM7JCZH9GPFF9BX5A0GNZTQ,2025-01-02T19:30:43.254614653Z
01JGM7VWJGX48M0Q7W291X339Z,01JGM6NY2H7VBD7XS51Z7YW5K4,2025-01-02T19:28:50.256618256Z,01JGM6NY2QN3MMXEZRSW0T72Q8,2025-01-02T19:28:50.256618256Z,01JGM7BHGJD74VTMAC8WBC83A2,2025-01-02T19:28:50.256618256Z,01JGM7JCZK3KFKYRY44R2QBCJG,2025-01-02T19:28:50.256618256Z
01JGM88PS4CNM1TPPB056DXSQH,01JGM6NVG737NZ30A6J5ZDJ2VQ,2025-01-02T19:35:50.30825155Z,01JGM6NVGD4780ZVT7W564K46M,2025-01-02T19:35:50.30825155Z,01JGM7P1T7C8A1H99T9EAAGHDH,2025-01-02T19:35:50.30825155Z,01JGM85YB5HFKW0FT7C6XQG35S,2025-01-02T19:35:50.30825155Z
01JGM8MS3PXKTZXZ5K5JTE5HXH,01JGM6NTQFNFHWC9X4VZTAKNPN,2025-01-02T19:42:25.910127487Z,01JGM6NTQNYN88WZJ9YQFR7S4D,2025-01-02T19:42:25.910127487Z,01JGM80ZG5G48R2NN6MJZWP6K1,2025-01-02T19:42:25.910127487Z,01JGM8G98J4E67TY64RJ637SFC,2025-01-02T19:42:25.910127487Z
01JGM8W5JNN3G188WT81DJVWTH,01JGM6NF5XS711E0GBRTWSA1M1,2025-01-02T19:46:28.05383542Z,01JGM6NF63VH0J1G2RB1WJ685W,2025-01-02T19:46:28.05383542Z,01JGM8A3364BS9RGQ7BMTKF3TT,2025-01-02T19:46:28.05383542Z,01JGM8MZBJZ5N2DZCT0ZCMFRYN,2025-01-02T19:46:28.05383542Z
01JGM7CVJ4WW3DF4A2A5GFQ7TM,01JGM6MDENP00S2TZDYFG3Q9GA,2025-01-02T19:20:37.700722817Z,01JGM6MDF200HDZWGGV63EHTB9,2025-01-02T19:20:37.700722817Z,01JGM70FJ3FVF21KZDJAW2JD2W,2025-01-02T19:20:37.700722817Z,01JGM78TWZDKAPV50AFEKMKGWS,2025-01-02T19:20:37.700722817Z
01JGM7G647TZKCFPH8WRD3KQ4H,01JGM6MDENP00S2TZDYFG3Q9GA,2025-01-02T19:22:26.823781668Z,01JGM6MDF200HDZWGGV63EHTB9,2025-01-02T19:22:26.823781668Z,01JGM70FJ3FVF21KZDJAW2JD2W,2025-01-02T19:22:26.823781668Z,01JGM78TWZDKAPV50AFSC0SYBK,2025-01-02T19:22:26.823781668Z
01JGM7MP2BD5SQ60BAB3Z29EPT,01JGM6NYSBF85FHQ997YVSFPY6,2025-01-02T19:24:54.219155823Z,01JGM6NYSGW6A9G62R01ZBGDVX,2025-01-02T19:24:54.219155823Z,01JGM7001WVXPYG44SFPYWTSRM,2025-01-02T19:24:54.219155823Z,01JGM7EDNEABQW08QQ65PE961V,2025-01-02T19:24:54.219155823Z
01JGM8QHD830ES8MV7NKZ5DP99,01JGM6NF5XS711E0GBRTWSA1M1,2025-01-02T19:43:56.32842623Z,01JGM6NF63VH0J1G2RB1WJ685W,2025-01-02T19:43:56.32842623Z,01JGM8A8AZX2JMTAZ8FW84Z6AV,2025-01-02T19:43:56.32842623Z,01JGM8MZBFKBFQ5GZGAEZJJSCJ,2025-01-02T19:43:56.32842623Z
01JGM8SVK3DV0BRBC217J8MCER,01JGM6NTQFNFHWC9X4VZTAKNPN,2025-01-02T19:45:12.291323897Z,01JGM6NTQNYN88WZJ9YQFR7S4D,2025-01-02T19:45:12.291323897Z,01JGM85YPKVNZEWMHM378K3YQD,2025-01-02T19:45:12.291323897Z,01JGM8G9984FGD6ZBZJQ76J4DX,2025-01-02T19:45:12.291323897Z
01JGM7H5ZPJ2CVTDMNM1ZGWN3F,01JGM6NYSBF85FHQ997YVSFPY6,2025-01-02T19:22:59.446045236Z,01JGM6NYSGW6A9G62R01ZBGDVX,2025-01-02T19:22:59.446045236Z,01JGM7001WVXPYG44SFPYWTSRM,2025-01-02T19:22:59.446045236Z,01JGM7EDNGFM3E145186DP4WS6,2025-01-02T19:22:59.446045236Z
01JGM7VWJA8SPHCF6QGV20TBXX,01JGM6NY2H7VBD7XS51Z7YW5K4,2025-01-02T19:28:50.250988169Z,01JGM6NY2QN3MMXEZRSW0T72Q8,2025-01-02T19:28:50.250988169Z,01JGM7AST2KFXRVFTBJN6M504J,2025-01-02T19:28:50.250988169Z,01JGM7JCZK3KFKYRY44R2QBCJG,2025-01-02T19:28:50.250988169Z
01JGM8CACQD79YYJY903VSJWP1,01JGM6NVG737NZ30A6J5ZDJ2VQ,2025-01-02T19:37:48.695082607Z,01JGM6NVGD4780ZVT7W564K46M,2025-01-02T19:37:48.695082607Z,01JGM7J0ZTKB4K200M5ZM0MJF7,2025-01-02T19:37:48.695082607Z,01JGM85YB8KNF60C979X14VQRR,2025-01-02T19:37:48.695082607Z
01JGM8TPQTMMYG8NZ0DPTG7WEP,01JGM6NF5XS711E0GBRTWSA1M1,2025-01-02T19:45:40.090925393Z,01JGM6NF63VH0J1G2RB1WJ685W,2025-01-02T19:45:40.090925393Z,01JGM8A8AZX2JMTAZ8FW84Z6AV,2025-01-02T19:45:40.090925393Z,01JGM8MZBMC98F941YF5F6QJWJ,2025-01-02T19:45:40.090925393Z
01JGM8WYKTZYJ83TKW58GDJC4G,01JGM6NTQFNFHWC9X4VZTAKNPN,2025-01-02T19:46:53.690725662Z,01JGM6NTQNYN88WZJ9YQFR7S4D,2025-01-02T19:46:53.690725662Z,01JGM7TQZ8ECTG1BDYGGWR9JAJ,2025-01-02T19:46:53.690725662Z,01JGM8G99FH296EGZDS3A9NP9C,2025-01-02T19:46:53.690725662Z
01JGM7P413PHKGMG9T97PBJR2S,01JGM6NYSBF85FHQ997YVSFPY6,2025-01-02T19:25:41.283336887Z,01JGM6NYSGW6A9G62R01ZBGDVX,2025-01-02T19:25:41.283336887Z,01JGM72HYZRCFGD18C1Z0RR1TF,2025-01-02T19:25:41.283336887Z,01JGM7EDNF7K7Z1KXJXJSNP6Q1,2025-01-02T19:25:41.283336887Z
01JGM8QHD0M41ACYG9KANH86B9,01JGM6NF5XS711E0GBRTWSA1M1,2025-01-02T19:43:56.320544515Z,01JGM6NF63VH0J1G2RB1WJ685W,2025-01-02T19:43:56.320544515Z,01JGM8A3364BS9RGQ7BMTKF3TT,2025-01-02T19:43:56.320544515Z,01JGM8MZBFKBFQ5GZGAEZJJSCJ,2025-01-02T19:43:56.320544515Z
01JGM7CVHZJPKVY4RSV1XB27QE,01JGM6MDENP00S2TZDYFG3Q9GA,2025-01-02T19:20:37.695665079Z,01JGM6MDF200HDZWGGV63EHTB9,2025-01-02T19:20:37.695665079Z,01JGM6ZR1K18EC78PB9EPTSZRR,2025-01-02T19:20:37.695665079Z,01JGM78TWZDKAPV50AFEKMKGWS,2025-01-02T19:20:37.695665079Z
01JGM7JD8Z2N3SE475S9J95SQF,01JGM6NY2H7VBD7XS51Z7YW5K4,2025-01-02T19:23:39.679791613Z,01JGM6NY2QN3MMXEZRSW0T72Q8,2025-01-02T19:23:39.679791613Z,01JGM7B2KWVFYJ9WGXVG67EKKY,2025-01-02T19:23:39.679791613Z,01JGM7JCZD93RNFSKWAEYJG6VP,2025-01-02T19:23:39.679791613Z
01JGM7K0PAD2SVQVA2WGHW6V96,01JGM6NYSBF85FHQ997YVSFPY6,2025-01-02T19:23:59.562570711Z,01JGM6NYSGW6A9G62R01ZBGDVX,2025-01-02T19:23:59.562570711Z,01JGM7001WVXPYG44SFPYWTSRM,2025-01-02T19:23:59.562570711Z,01JGM7EDNDCSH8RDGVF6S4K09X,2025-01-02T19:23:59.562570711Z
01JGM8WYKYRMXACR5XCSH15RVG,01JGM6NTQFNFHWC9X4VZTAKNPN,2025-01-02T19:46:53.694199214Z,01JGM6NTQNYN88WZJ9YQFR7S4D,2025-01-02T19:46:53.694199214Z,01JGM80ZG5G48R2NN6MJZWP6K1,2025-01-02T19:46:53.694199214Z,01JGM8G99FH296EGZDS3A9NP9C,2025-01-02T19:46:53.694199214Z
01JGM830HFSD4AGPEKSCMAWXJQ,01JGM6NX93GT9D50MKVR3WW342,2025-01-02T19:32:43.695943818Z,01JGM6NX999MMH32FHXZDY0G1S,2025-01-02T19:32:43.695943818Z,01JGM7AS1J60JGMX9B62CSES1B,2025-01-02T19:32:43.695943818Z,01JGM7WJRFZY3DYQ0TZ2N0M875,2025-01-02T19:32:43.695943818Z
01JGM8DWD886BD4YG679ED4T7P,01JGM6NVG737NZ30A6J5ZDJ2VQ,2025-01-02T19:38:39.912542661Z,01JGM6NVGD4780ZVT7W564K46M,2025-01-02T19:38:39.912542661Z,01JGM7TF03QKCJPZVH7M5J0R7K,2025-01-02T19:38:39.912542661Z,01JGM85YBCA1VT0AXD9Z930027,2025-01-02T19:38:39.912542661Z
01JGM8W5JF58JTFCQX19BB5N5T,01JGM6NF5XS711E0GBRTWSA1M1,2025-01-02T19:46:28.047803518Z,01JGM6NF63VH0J1G2RB1WJ685W,2025-01-02T19:46:28.047803518Z,01JGM8683CJW1Q9HNBTWWHE5ZW,2025-01-02T19:46:28.047803518Z,01JGM8MZBJZ5N2DZCT0ZCMFRYN,2025-01-02T19:46:28.047803518Z
01JGM7G63XC3ZYDY6ZQ8MKTNSR,01JGM6MDENP00S2TZDYFG3Q9GA,2025-01-02T19:22:26.813304861Z,01JGM6MDF200HDZWGGV63EHTB9,2025-01-02T19:22:26.813304861Z,01JGM6ZPKFVRN3DWYBJ4RPS5D4,2025-01-02T19:22:26.813304861Z,01JGM78TWZDKAPV50AFSC0SYBK,2025-01-02T19:22:26.813304861Z
01JGM7JD8WQSQK50A43QHJ6GSY,01JGM6NY2H7VBD7XS51Z7YW5K4,2025-01-02T19:23:39.676847826Z,01JGM6NY2QN3MMXEZRSW0T72Q8,2025-01-02T19:23:39.676847826Z,01JGM7AST2KFXRVFTBJN6M504J,2025-01-02T19:23:39.676847826Z,01JGM7JCZD93RNFSKWAEYJG6VP,2025-01-02T19:23:39.676847826Z
01JGM8PKWTQX73MMWH5NP7VWW9,01JGM6NTQFNFHWC9X4VZTAKNPN,2025-01-02T19:43:26.106074346Z,01JGM6NTQNYN88WZJ9YQFR7S4D,2025-01-02T19:43:26.106074346Z,01JGM80ZG5G48R2NN6MJZWP6K1,2025-01-02T19:43:26.106074346Z,01JGM8G99CX3HN47JT40QKQJ1W,2025-01-02T19:43:26.106074346Z
01JGM8ABEK71NNZKY39NZJTTHG,01JGM6NX93GT9D50MKVR3WW342,2025-01-02T19:36:44.243316905Z,01JGM6NX999MMH32FHXZDY0G1S,2025-01-02T19:36:44.243316905Z,01JGM7H1P1WN6Z7K9DZ9F0YDKK,2025-01-02T19:36:44.243316905Z,01JGM7WJRB21SEDM3WSN7YNBQ7,2025-01-02T19:36:44.243316905Z
01JGM8GZX99YB9WZMMTAJNGF8Y,01JGM6NVG737NZ30A6J5ZDJ2VQ,2025-01-02T19:40:21.801671972Z,01JGM6NVGD4780ZVT7W564K46M,2025-01-02T19:40:21.801671972Z,01JGM7XC60NM3XXJ6JHHBCYW21,2025-01-02T19:40:21.801671972Z,01JGM85YBFYCNRRREP273G476C,2025-01-02T19:40:21.801671972Z
01JGM8REM8Y0FGYK9WK24KWJB3,01JGM6NTQFNFHWC9X4VZTAKNPN,2025-01-02T19:44:26.248867756Z,01JGM6NTQNYN88WZJ9YQFR7S4D,2025-01-02T19:44:26.248867756Z,01JGM7TQZ8ECTG1BDYGGWR9JAJ,2025-01-02T19:44:26.248867756Z,01JGM8G99A5YMVXZPFWNFSW5CD,2025-01-02T19:44:26.248867756Z
01JGM8JYCCDT66MVVY6R9A71TS,01JGM6NTQFNFHWC9X4VZTAKNPN,2025-01-02T19:41:25.77255792Z,01JGM6NTQNYN88WZJ9YQFR7S4D,2025-01-02T19:41:25.77255792Z,01JGM813TYB99N03V9BTSJ9ZGW,2025-01-02T19:41:25.77255792Z,01JGM8G992AE67DC4633BJ21DS,2025-01-02T19:41:25.77255792Z
01JGM78V74FMFNTJRFG7YQ6G5B,01JGM6MDENP00S2TZDYFG3Q9GA,2025-01-02T19:18:26.276971793Z,01JGM6MDF200HDZWGGV63EHTB9,2025-01-02T19:18:26.276971793Z,01JGM6ZR1K18EC78PB9EPTSZRR,2025-01-02T19:18:26.276971793Z,01JGM78TWPW4C5QZKYFYXFZAWV,2025-01-02T19:18:26.276971793Z
01JGM7G641V20FSJGRHNSPXAPQ,01JGM6MDENP00S2TZDYFG3Q9GA,2025-01-02T19:22:26.817892445Z,01JGM6MDF200HDZWGGV63EHTB9,2025-01-02T19:22:26.817892445Z,01JGM6ZR1K18EC78PB9EPTSZRR,2025-01-02T19:22:26.817892445Z,01JGM78TWZDKAPV50AFSC0SYBK,2025-01-02T19:22:26.817892445Z
01JGM7QMGQ9YTB85W4EV4XD48Q,01JGM6NYSBF85FHQ997YVSFPY6,2025-01-02T19:26:30.935629451Z,01JGM6NYSGW6A9G62R01ZBGDVX,2025-01-02T19:26:30.935629451Z,01JGM72HYZRCFGD18C1Z0RR1TF,2025-01-02T19:26:30.935629451Z,01JGM7EDNDCSH8RDGVFN68ZMWH,2025-01-02T19:26:30.935629451Z
01JGM8DWD005HW1X7V20CEN72N,01JGM6NVG737NZ30A6J5ZDJ2VQ,2025-01-02T19:38:39.904862814Z,01JGM6NVGD4780ZVT7W564K46M,2025-01-02T19:38:39.904862814Z,01JGM7J0ZTKB4K200M5ZM0MJF7,2025-01-02T19:38:39.904862814Z,01JGM85YBCA1VT0AXD9Z930027,2025-01-02T19:38:39.904862814Z
01JGM8ABE782ZRR7BT37RTXND1,01JGM6NX93GT9D50MKVR3WW342,2025-01-02T19:36:44.231246687Z,01JGM6NX999MMH32FHXZDY0G1S,2025-01-02T19:36:44.231246687Z,01JGM7B25SX0F1CJ1KSJ8KNJ81,2025-01-02T19:36:44.231246687Z,01JGM7WJRB21SEDM3WSN7YNBQ7,2025-01-02T19:36:44.231246687Z
01JGM8G9KH0FX28PBJZWQSGV40,01JGM6NTQFNFHWC9X4VZTAKNPN,2025-01-02T19:39:58.961733922Z,01JGM6NTQNYN88WZJ9YQFR7S4D,2025-01-02T19:39:58.961733922Z,01JGM7TQZ8ECTG1BDYGGWR9JAJ,2025-01-02T19:39:58.961733922Z,01JGM8G98M9YDAFHPB45PE0EC2,2025-01-02T19:39:58.961733922Z
01JGM8SVJTEA5TDEHGEKK0BAH0,01JGM6NTQFNFHWC9X4VZTAKNPN,2025-01-02T19:45:12.282194036Z,01JGM6NTQNYN88WZJ9YQFR7S4D,2025-01-02T19:45:12.282194036Z,01JGM80ZG5G48R2NN6MJZWP6K1,2025-01-02T19:45:12.282194036Z,01JGM8G9984FGD6ZBZJQ76J4DX,2025-01-02T19:45:12.282194036Z
01JGM7Q01BPDNQQ0Q097JMYG89,01JGM6NY2H7VBD7XS51Z7YW5K4,2025-01-02T19:26:09.963974603Z,01JGM6NY2QN3MMXEZRSW0T72Q8,2025-01-02T19:26:09.963974603Z,01JGM7AST2KFXRVFTBJN6M504J,2025-01-02T19:26:09.963974603Z,01JGM7JCZFQKA6F63VFCD70BVN,2025-01-02T19:26:09.963974603Z
01JGM7ZB3NVM5QQ73QQ5H39W8Q,01JGM6NX93GT9D50MKVR3WW342,2025-01-02T19:30:43.445445649Z,01JGM6NX999MMH32FHXZDY0G1S,2025-01-02T19:30:43.445445649Z,01JGM7F2AB2BWE1Y1YD8W5JSXV,2025-01-02T19:30:43.445445649Z,01JGM7WJREJMB6H12D36335T04,2025-01-02T19:30:43.445445649Z
01JGM86NZTPSDJ4981DN30JVS7,01JGM6NX93GT9D50MKVR3WW342,2025-01-02T19:34:43.962461663Z,01JGM6NX999MMH32FHXZDY0G1S,2025-01-02T19:34:43.962461663Z,01JGM7AS1J60JGMX9B62CSES1B,2025-01-02T19:34:43.962461663Z,01JGM7WJRCHZQGZCKAEWAAYNZ8,2025-01-02T19:34:43.962461663Z
01JGM7N5AWZJ9D9EFS066Y433A,01JGM6NY2H7VBD7XS51Z7YW5K4,2025-01-02T19:25:09.852125755Z,01JGM6NY2QN3MMXEZRSW0T72Q8,2025-01-02T19:25:09.852125755Z,01JGM7BHGJD74VTMAC8WBC83A2,2025-01-02T19:25:09.852125755Z,01JGM7JCZK3KFKYRY45B1MEDRC,2025-01-02T19:25:09.852125755Z
01JGM8REMG8MQSK4FDGBG4BBW1,01JGM6NTQFNFHWC9X4VZTAKNPN,2025-01-02T19:44:26.256739184Z,01JGM6NTQNYN88WZJ9YQFR7S4D,2025-01-02T19:44:26.256739184Z,01JGM813TYB99N03V9BTSJ9ZGW,2025-01-02T19:44:26.256739184Z,01JGM8G99A5YMVXZPFWNFSW5CD,2025-01-02T19:44:26.256739184Z
01JGM8WYM6HGHCWH4970REMF1R,01JGM6NTQFNFHWC9X4VZTAKNPN,2025-01-02T19:46:53.70258699Z,01JGM6NTQNYN88WZJ9YQFR7S4D,2025-01-02T19:46:53.70258699Z,01JGM85YPKVNZEWMHM378K3YQD,2025-01-02T19:46:53.70258699Z,01JGM8G99FH296EGZDS3A9NP9C,2025-01-02T19:46:53.70258699Z
01JGM90HQ77H7MFKP87469NBY0,01JGM6NF5XS711E0GBRTWSA1M1,2025-01-02T19:48:51.559820153Z,01JGM6NF63VH0J1G2RB1WJ685W,2025-01-02T19:48:51.559820153Z,01JGM8A8AZX2JMTAZ8FW84Z6AV,2025-01-02T19:48:51.559820153Z,01JGM8MZBD8TD0DF94BGBJF594,2025-01-02T19:48:51.559820153Z
01JGM78V71YM05P03X1QZHE47N,01JGM6MDENP00S2TZDYFG3Q9GA,2025-01-02T19:18:26.2739953Z,01JGM6MDF200HDZWGGV63EHTB9,2025-01-02T19:18:26.2739953Z,01JGM6ZPKFVRN3DWYBJ4RPS5D4,2025-01-02T19:18:26.2739953Z,01JGM78TWPW4C5QZKYFYXFZAWV,2025-01-02T19:18:26.2739953Z
01JGM7EDX792QYDH5R9NXEPX96,01JGM6NYSBF85FHQ997YVSFPY6,2025-01-02T19:21:29.255308311Z,01JGM6NYSGW6A9G62R01ZBGDVX,2025-01-02T19:21:29.255308311Z,01JGM72HYZRCFGD18C1Z0RR1TF,2025-01-02T19:21:29.255308311Z,01JGM7EDNBRBE95Z1FNPJ47GCV,2025-01-02T19:21:29.255308311Z
01JGM7M9BRARNCCDSFRVTCJCJ9,01JGM6MDENP00S2TZDYFG3Q9GA,2025-01-02T19:24:41.209014688Z,01JGM6MDF200HDZWGGV63EHTB9,2025-01-02T19:24:41.209014688Z,01JGM70FJ3FVF21KZDJAW2JD2W,2025-01-02T19:24:41.209014688Z,01JGM78TX2Z65K1VX3DTEEDXQJ,2025-01-02T19:24:41.209014688Z
01JGM7CVJ2M4F65BXSVWP62YGH,01JGM6MDENP00S2TZDYFG3Q9GA,2025-01-02T19:20:37.698170599Z,01JGM6MDF200HDZWGGV63EHTB9,2025-01-02T19:20:37.698170599Z,01JGM704NS2WZ2XSAMNCY1YBCG,2025-01-02T19:20:37.698170599Z,01JGM78TWZDKAPV50AFEKMKGWS,2025-01-02T19:20:37.698170599Z
01JGM7JD92V22B33DCWRNNFS9R,01JGM6NY2H7VBD7XS51Z7YW5K4,2025-01-02T19:23:39.682288241Z,01JGM6NY2QN3MMXEZRSW0T72Q8,2025-01-02T19:23:39.682288241Z,01JGM7BHGJD74VTMAC8WBC83A2,2025-01-02T19:23:39.682288241Z,01JGM7JCZD93RNFSKWAEYJG6VP,2025-01-02T19:23:39.682288241Z
01JGM7JWG48485FEA0XCRW0D03,01JGM6MDENP00S2TZDYFG3Q9GA,2025-01-02T19:23:55.268731107Z,01JGM6MDF200HDZWGGV63EHTB9,2025-01-02T19:23:55.268731107Z,01JGM6ZPKFVRN3DWYBJ4RPS5D4,2025-01-02T19:23:55.268731107Z,01JGM78TX1XCS0CFR238Q3N9TP,2025-01-02T19:23:55.268731107Z
01JGM8G9KY4EAERS9SX5WX60HA,01JGM6NTQFNFHWC9X4VZTAKNPN,2025-01-02T19:39:58.975008289Z,01JGM6NTQNYN88WZJ9YQFR7S4D,2025-01-02T19:39:58.975008289Z,01JGM85YPKVNZEWMHM378K3YQD,2025-01-02T19:39:58.975008289Z,01JGM8G98M9YDAFHPB45PE0EC2,2025-01-02T19:39:58.975008289Z
01JGM8TPQJR9AP4H7D1AKXH3KW,01JGM6NF5XS711E0GBRTWSA1M1,2025-01-02T19:45:40.082591243Z,01JGM6NF63VH0J1G2RB1WJ685W,2025-01-02T19:45:40.082591243Z,01JGM8A3364BS9RGQ7BMTKF3TT,2025-01-02T19:45:40.082591243Z,01JGM8MZBMC98F941YF5F6QJWJ,2025-01-02T19:45:40.082591243Z
01JGM7K0PDEYVY6DNFW6M224WX,01JGM6NYSBF85FHQ997YVSFPY6,2025-01-02T19:23:59.565153569Z,01JGM6NYSGW6A9G62R01ZBGDVX,2025-01-02T19:23:59.565153569Z,01JGM713CQAMFHTT3P008ETRA0,2025-01-02T19:23:59.565153569Z,01JGM7EDNDCSH8RDGVF6S4K09X,2025-01-02T19:23:59.565153569Z
01JGM7N5AZ0XRZRBPJR7Y3K1E3,01JGM6NY2H7VBD7XS51Z7YW5K4,2025-01-02T19:25:09.855118509Z,01JGM6NY2QN3MMXEZRSW0T72Q8,2025-01-02T19:25:09.855118509Z,01JGM7CDH8GWTHRQV5CV4D4FV7,2025-01-02T19:25:09.855118509Z,01JGM7JCZK3KFKYRY45B1MEDRC,2025-01-02T19:25:09.855118509Z
01JGM8S8GK6TXRZW1VJF60HSDF,01JGM6NF5XS711E0GBRTWSA1M1,2025-01-02T19:44:52.755612627Z,01JGM6NF63VH0J1G2RB1WJ685W,2025-01-02T19:44:52.755612627Z,01JGM8A3364BS9RGQ7BMTKF3TT,2025-01-02T19:44:52.755612627Z,01JGM8MZBHVAACP7N0X8CFM0BD,2025-01-02T19:44:52.755612627Z
01JGM8VPA6P7FPK6FS21KQZ50W,01JGM6NTQFNFHWC9X4VZTAKNPN,2025-01-02T19:46:12.422210284Z,01JGM6NTQNYN88WZJ9YQFR7S4D,2025-01-02T19:46:12.422210284Z,01JGM7TQZ8ECTG1BDYGGWR9JAJ,2025-01-02T19:46:12.422210284Z,01JGM8G99DK2TAD1ZQZD734VDN,2025-01-02T19:46:12.422210284Z
01JGM7Q01N8T121BEE4MPK7JXX,01JGM6NY2H7VBD7XS51Z7YW5K4,2025-01-02T19:26:09.973117176Z,01JGM6NY2QN3MMXEZRSW0T72Q8,2025-01-02T19:26:09.973117176Z,01JGM7CDH8GWTHRQV5CV4D4FV7,2025-01-02T19:26:09.973117176Z,01JGM7JCZFQKA6F63VFCD70BVN,2025-01-02T19:26:09.973117176Z
01JGM7RYKHZ13X38NMN5YAWN69,01JGM6NYSBF85FHQ997YVSFPY6,2025-01-02T19:27:14.033220882Z,01JGM6NYSGW6A9G62R01ZBGDVX,2025-01-02T19:27:14.033220882Z,01JGM6ZV3XDBPC2FDVHK7N2Y54,2025-01-02T19:27:14.033220882Z,01JGM7EDNF7K7Z1KXJY13PW3WQ,2025-01-02T19:27:14.033220882Z
01JGM81195W9MEFBH0KEETA9AJ,01JGM6NWE866MNRHP8N9RWE5E5,2025-01-02T19:31:38.917053762Z,01JGM6NWEERKCVA4K0MKXA3SYF,2025-01-02T19:31:38.917053762Z,01JGM7GHFNTDBN3JSJ4B36BWZV,2025-01-02T19:31:38.917053762Z,01JGM81109M68DCJ763KPQX18T,2025-01-02T19:31:38.917053762Z
01JGM815TPTHG415SMDYJ3QDEH,01JGM6NX93GT9D50MKVR3WW342,2025-01-02T19:31:43.574908229Z,01JGM6NX999MMH32FHXZDY0G1S,2025-01-02T19:31:43.574908229Z,01JGM7B25SX0F1CJ1KSJ8KNJ81,2025-01-02T19:31:43.574908229Z,01JGM7WJRAXD1V53AJVFKVFEAB,2025-01-02T19:31:43.574908229Z
01JGM8TPQDWJ2059R5G3VRPJ78,01JGM6NF5XS711E0GBRTWSA1M1,2025-01-02T19:45:40.077889049Z,01JGM6NF63VH0J1G2RB1WJ685W,2025-01-02T19:45:40.077889049Z,01JGM8683CJW1Q9HNBTWWHE5ZW,2025-01-02T19:45:40.077889049Z,01JGM8MZBMC98F941YF5F6QJWJ,2025-01-02T19:45:40.077889049Z
01JGM85YPZZKDCW4GC136JAKCB,01JGM6NVG737NZ30A6J5ZDJ2VQ,2025-01-02T19:34:20.127383678Z,01JGM6NVGD4780ZVT7W564K46M,2025-01-02T19:34:20.127383678Z,01JGM7XC60NM3XXJ6JHHBCYW21,2025-01-02T19:34:20.127383678Z,01JGM85YB96MC714ZKF59AHYM7,2025-01-02T19:34:20.127383678Z
01JGM8AHGENHF898DHD9NTG5MG,01JGM6NVG737NZ30A6J5ZDJ2VQ,2025-01-02T19:36:50.446969489Z,01JGM6NVGD4780ZVT7W564K46M,2025-01-02T19:36:50.446969489Z,01JGM7TF03QKCJPZVH7M5J0R7K,2025-01-02T19:36:50.446969489Z,01JGM85YBAXZ19YHV2BMEPAN0K,2025-01-02T19:36:50.446969489Z
01JGM7RTR5512A386E8D0SQFFN,01JGM6NY2H7VBD7XS51Z7YW5K4,2025-01-02T19:27:10.08531681Z,01JGM6NY2QN3MMXEZRSW0T72Q8,2025-01-02T19:27:10.08531681Z,01JGM7B2KWVFYJ9WGXVG67EKKY,2025-01-02T19:27:10.08531681Z,01JGM7JCZJJZV6W2MPNMP0M5P0,2025-01-02T19:27:10.08531681Z
01JGM8MZP3P7N500PAPE3JRVC9,01JGM6NF5XS711E0GBRTWSA1M1,2025-01-02T19:42:32.643413368Z,01JGM6NF63VH0J1G2RB1WJ685W,2025-01-02T19:42:32.643413368Z,01JGM8A4A053PCCS4M0VPP1XSD,2025-01-02T19:42:32.643413368Z,01JGM8MZBBHNCMT2RY8M41XV0A,2025-01-02T19:42:32.643413368Z
01JGM8MZNYX7TRSB9C3NG7PA3X,01JGM6NF5XS711E0GBRTWSA1M1,2025-01-02T19:42:32.639015214Z,01JGM6NF63VH0J1G2RB1WJ685W,2025-01-02T19:42:32.639015214Z,01JGM8A3364BS9RGQ7BMTKF3TT,2025-01-02T19:42:32.639015214Z,01JGM8MZBBHNCMT2RY8M41XV0A,2025-01-02T19:42:32.639015214Z
01JGM7EDX5J7707T3817R97K14,01JGM6NYSBF85FHQ997YVSFPY6,2025-01-02T19:21:29.253117375Z,01JGM6NYSGW6A9G62R01ZBGDVX,2025-01-02T19:21:29.253117375Z,01JGM713CQAMFHTT3P008ETRA0,2025-01-02T19:21:29.253117375Z,01JGM7EDNBRBE95Z1FNPJ47GCV,2025-01-02T19:21:29.253117375Z
01JGM7JWG7F1RQT5Q9GRVCK8K0,01JGM6MDENP00S2TZDYFG3Q9GA,2025-01-02T19:23:55.271774317Z,01JGM6MDF200HDZWGGV63EHTB9,2025-01-02T19:23:55.271774317Z,01JGM6ZR1K18EC78PB9EPTSZRR,2025-01-02T19:23:55.271774317Z,01JGM78TX1XCS0CFR238Q3N9TP,2025-01-02T19:23:55.271774317Z
01JGM88GQF1H08G0SQ94RDRCDW,01JGM6NX93GT9D50MKVR3WW342,2025-01-02T19:35:44.111462401Z,01JGM6NX999MMH32FHXZDY0G1S,2025-01-02T19:35:44.111462401Z,01JGM7F2AB2BWE1Y1YD8W5JSXV,2025-01-02T19:35:44.111462401Z,01JGM7WJRGFSFCKFWG6MA9QF6C,2025-01-02T19:35:44.111462401Z
01JGM7P40VZP0K3VMCVAECZFHV,01JGM6NYSBF85FHQ997YVSFPY6,2025-01-02T19:25:41.275058983Z,01JGM6NYSGW6A9G62R01ZBGDVX,2025-01-02T19:25:41.275058983Z,01JGM6ZV3XDBPC2FDVHK7N2Y54,2025-01-02T19:25:41.275058983Z,01JGM7EDNF7K7Z1KXJXJSNP6Q1,2025-01-02T19:25:41.275058983Z
01JGM81191XV0F3177A36T86H4,01JGM6NWE866MNRHP8N9RWE5E5,2025-01-02T19:31:38.913984354Z,01JGM6NWEERKCVA4K0MKXA3SYF,2025-01-02T19:31:38.913984354Z,01JGM7CH2G0H9BMB0Q9NBA0DH4,2025-01-02T19:31:38.913984354Z,01JGM81109M68DCJ763KPQX18T,2025-01-02T19:31:38.913984354Z
01JGM84V9125Z8VR5QHNZ8HZVK,01JGM6NX93GT9D50MKVR3WW342,2025-01-02T19:33:43.841749344Z,01JGM6NX999MMH32FHXZDY0G1S,2025-01-02T19:33:43.841749344Z,01JGM7H1P1WN6Z7K9DZ9F0YDKK,2025-01-02T19:33:43.841749344Z,01JGM7WJRCHZQGZCKAFGBEA1VF,2025-01-02T19:33:43.841749344Z
01JGM7HH2S1YSRNQY6T0WARCV5,01JGM6MDENP00S2TZDYFG3Q9GA,2025-01-02T19:23:10.809684655Z,01JGM6MDF200HDZWGGV63EHTB9,2025-01-02T19:23:10.809684655Z,01JGM704NS2WZ2XSAMNCY1YBCG,2025-01-02T19:23:10.809684655Z,01JGM78TX4PFTD84GAGQG5QD81,2025-01-02T19:23:10.809684655Z
01JGM8GZX16TJY0ZQWDGCRF0BB,01JGM6NVG737NZ30A6J5ZDJ2VQ,2025-01-02T19:40:21.793146186Z,01JGM6NVGD4780ZVT7W564K46M,2025-01-02T19:40:21.793146186Z,01JGM7P1T7C8A1H99T9EAAGHDH,2025-01-02T19:40:21.793146186Z,01JGM85YBFYCNRRREP273G476C,2025-01-02T19:40:21.793146186Z
01JGM8REMPQ89NQ1D70CZJJ14F,01JGM6NTQFNFHWC9X4VZTAKNPN,2025-01-02T19:44:26.262178699Z,01JGM6NTQNYN88WZJ9YQFR7S4D,2025-01-02T19:44:26.262178699Z,01JGM85YPKVNZEWMHM378K3YQD,2025-01-02T19:44:26.262178699Z,01JGM8G99A5YMVXZPFWNFSW5CD,2025-01-02T19:44:26.262178699Z
01JGM8MZP7DB02RC886MWQ20XF,01JGM6NF5XS711E0GBRTWSA1M1,2025-01-02T19:42:32.647545857Z,01JGM6NF63VH0J1G2RB1WJ685W,2025-01-02T19:42:32.647545857Z,01JGM8A8AZX2JMTAZ8FW84Z6AV,2025-01-02T19:42:32.647545857Z,01JGM8MZBBHNCMT2RY8M41XV0A,2025-01-02T19:42:32.647545857Z
01JGM7P4106GWH7225T85S6YWE,01JGM6NYSBF85FHQ997YVSFPY6,2025-01-02T19:25:41.280433782Z,01JGM6NYSGW6A9G62R01ZBGDVX,2025-01-02T19:25:41.280433782Z,01JGM713CQAMFHTT3P008ETRA0,2025-01-02T19:25:41.280433782Z,01JGM7EDNF7K7Z1KXJXJSNP6Q1,2025-01-02T19:25:41.280433782Z
01JGM7XP1VVZPNJ7AN7J0241ZK,01JGM6NY2H7VBD7XS51Z7YW5K4,2025-01-02T19:29:49.115466148Z,01JGM6NY2QN3MMXEZRSW0T72Q8,2025-01-02T19:29:49.115466148Z,01JGM7BHGJD74VTMAC8WBC83A2,2025-01-02T19:29:49.115466148Z,01JGM7JCZGV3V4T0NJ653992M9,2025-01-02T19:29:49.115466148Z
01JGM8MS3XH17YZZC9WQQ72FPF,01JGM6NTQFNFHWC9X4VZTAKNPN,2025-01-02T19:42:25.918013146Z,01JGM6NTQNYN88WZJ9YQFR7S4D,2025-01-02T19:42:25.918013146Z,01JGM85YPKVNZEWMHM378K3YQD,2025-01-02T19:42:25.918013146Z,01JGM8G98J4E67TY64RJ637SFC,2025-01-02T19:42:25.918013146Z
01JGM7M9BNRAXE68C30RGYHF42,01JGM6MDENP00S2TZDYFG3Q9GA,2025-01-02T19:24:41.205679913Z,01JGM6MDF200HDZWGGV63EHTB9,2025-01-02T19:24:41.205679913Z,01JGM704NS2WZ2XSAMNCY1YBCG,2025-01-02T19:24:41.205679913Z,01JGM78TX2Z65K1VX3DTEEDXQJ,2025-01-02T19:24:41.205679913Z
01JGM7K0P78A6FDYDQF9E6VEN3,01JGM6NYSBF85FHQ997YVSFPY6,2025-01-02T19:23:59.560013288Z,01JGM6NYSGW6A9G62R01ZBGDVX,2025-01-02T19:23:59.560013288Z,01JGM6ZV3XDBPC2FDVHK7N2Y54,2025-01-02T19:23:59.560013288Z,01JGM7EDNDCSH8RDGVF6S4K09X,2025-01-02T19:23:59.560013288Z
01JGM7ZB3GXYJTRWZCA5VAA8R5,01JGM6NX93GT9D50MKVR3WW342,2025-01-02T19:30:43.440808887Z,01JGM6NX999MMH32FHXZDY0G1S,2025-01-02T19:30:43.440808887Z,01JGM7B25SX0F1CJ1KSJ8KNJ81,2025-01-02T19:30:43.440808887Z,01JGM7WJREJMB6H12D36335T04,2025-01-02T19:30:43.440808887Z
01JGM7BDVHZ7ESDM8CQ6SJX7VQ,01JGM6MDENP00S2TZDYFG3Q9GA,2025-01-02T19:19:50.897616238Z,01JGM6MDF200HDZWGGV63EHTB9,2025-01-02T19:19:50.897616238Z,01JGM6ZPKFVRN3DWYBJ4RPS5D4,2025-01-02T19:19:50.897616238Z,01JGM78TWPW4C5QZKYGHG509NF,2025-01-02T19:19:50.897616238Z
01JGM7BDVMX68791KM1506XQAC,01JGM6MDENP00S2TZDYFG3Q9GA,2025-01-02T19:19:50.900067619Z,01JGM6MDF200HDZWGGV63EHTB9,2025-01-02T19:19:50.900067619Z,01JGM6ZR1K18EC78PB9EPTSZRR,2025-01-02T19:19:50.900067619Z,01JGM78TWPW4C5QZKYGHG509NF,2025-01-02T19:19:50.900067619Z
01JGM7EP8MVE5NMCN5H7FWZVY2,01JGM6MDENP00S2TZDYFG3Q9GA,2025-01-02T19:21:37.812675769Z,01JGM6MDF200HDZWGGV63EHTB9,2025-01-02T19:21:37.812675769Z,01JGM704NS2WZ2XSAMNCY1YBCG,2025-01-02T19:21:37.812675769Z,01JGM78TX1XCS0CFR23TDB4HAC,2025-01-02T19:21:37.812675769Z
01JGM7WK1J5HVP5B3ZQNCB9K8K,01JGM6NX93GT9D50MKVR3WW342,2025-01-02T19:29:13.266711704Z,01JGM6NX999MMH32FHXZDY0G1S,2025-01-02T19:29:13.266711704Z,01JGM7AS1J60JGMX9B62CSES1B,2025-01-02T19:29:13.266711704Z,01JGM7WJR9ET90WC7EZ3PASZSS,2025-01-02T19:29:13.266711704Z
01JGM7ZAXJY63EKV8N74AG0Q1P,01JGM6NY2H7VBD7XS51Z7YW5K4,2025-01-02T19:30:43.250513256Z,01JGM6NY2QN3MMXEZRSW0T72Q8,2025-01-02T19:30:43.250513256Z,01JGM7BHGJD74VTMAC8WBC83A2,2025-01-02T19:30:43.250513256Z,01JGM7JCZH9GPFF9BX5A0GNZTQ,2025-01-02T19:30:43.250513256Z
01JGM8VPA922KD63ZJ9G3527FF,01JGM6NTQFNFHWC9X4VZTAKNPN,2025-01-02T19:46:12.425982659Z,01JGM6NTQNYN88WZJ9YQFR7S4D,2025-01-02T19:46:12.425982659Z,01JGM80ZG5G48R2NN6MJZWP6K1,2025-01-02T19:46:12.425982659Z,01JGM8G99DK2TAD1ZQZD734VDN,2025-01-02T19:46:12.425982659Z
01JGM8XF30R342AAM67PJBZNZ0,01JGM6NF5XS711E0GBRTWSA1M1,2025-01-02T19:47:10.560564Z,01JGM6NF63VH0J1G2RB1WJ685W,2025-01-02T19:47:10.560564Z,01JGM8A4A053PCCS4M0VPP1XSD,2025-01-02T19:47:10.560564Z,01JGM8MZBRH7ZGXCAQN25R5TTT,2025-01-02T19:47:10.560564Z
01JGM7EDX3FZFBHDABJ5GBBZA3,01JGM6NYSBF85FHQ997YVSFPY6,2025-01-02T19:21:29.251082161Z,01JGM6NYSGW6A9G62R01ZBGDVX,2025-01-02T19:21:29.251082161Z,01JGM7001WVXPYG44SFPYWTSRM,2025-01-02T19:21:29.251082161Z,01JGM7EDNBRBE95Z1FNPJ47GCV,2025-01-02T19:21:29.251082161Z
01JGM7M9BJX26RMYNXPZZ5A7GS,01JGM6MDENP00S2TZDYFG3Q9GA,2025-01-02T19:24:41.202769921Z,01JGM6MDF200HDZWGGV63EHTB9,2025-01-02T19:24:41.202769921Z,01JGM6ZR1K18EC78PB9EPTSZRR,2025-01-02T19:24:41.202769921Z,01JGM78TX2Z65K1VX3DTEEDXQJ,2025-01-02T19:24:41.202769921Z
01JGM8JYC046VMAP2PBDBST5MC,01JGM6NTQFNFHWC9X4VZTAKNPN,2025-01-02T19:41:25.760239621Z,01JGM6NTQNYN88WZJ9YQFR7S4D,2025-01-02T19:41:25.760239621Z,01JGM80ZG5G48R2NN6MJZWP6K1,2025-01-02T19:41:25.760239621Z,01JGM8G992AE67DC4633BJ21DS,2025-01-02T19:41:25.760239621Z
01JGM7RTRAX7ABTDJSQPY65NGJ,01JGM6NY2H7VBD7XS51Z7YW5K4,2025-01-02T19:27:10.090824048Z,01JGM6NY2QN3MMXEZRSW0T72Q8,2025-01-02T19:27:10.090824048Z,01JGM7CDH8GWTHRQV5CV4D4FV7,2025-01-02T19:27:10.090824048Z,01JGM7JCZJJZV6W2MPNMP0M5P0,2025-01-02T19:27:10.090824048Z
01JGM85YPHQ8J64HV32CFD3MSK,01JGM6NVG737NZ30A6J5ZDJ2VQ,2025-01-02T19:34:20.113505264Z,01JGM6NVGD4780ZVT7W564K46M,2025-01-02T19:34:20.113505264Z,01JGM7J0ZTKB4K200M5ZM0MJF7,2025-01-02T19:34:20.113505264Z,01JGM85YB96MC714ZKF59AHYM7,2025-01-02T19:34:20.113505264Z
01JGM88PS7XAXJESRD41MGAWHJ,01JGM6NVG737NZ30A6J5ZDJ2VQ,2025-01-02T19:35:50.311410623Z,01JGM6NVGD4780ZVT7W564K46M,2025-01-02T19:35:50.311410623Z,01JGM7TF03QKCJPZVH7M5J0R7K,2025-01-02T19:35:50.311410623Z,01JGM85YB5HFKW0FT7C6XQG35S,2025-01-02T19:35:50.311410623Z
01JGM7CVHX4VG08V2B6EZ8DR90,01JGM6MDENP00S2TZDYFG3Q9GA,2025-01-02T19:20:37.693420059Z,01JGM6MDF200HDZWGGV63EHTB9,2025-01-02T19:20:37.693420059Z,01JGM6ZPKFVRN3DWYBJ4RPS5D4,2025-01-02T19:20:37.693420059Z,01JGM78TWZDKAPV50AFEKMKGWS,2025-01-02T19:20:37.693420059Z
01JGM7HH2MVG2QESTB8H41VTJV,01JGM6MDENP00S2TZDYFG3Q9GA,2025-01-02T19:23:10.804409027Z,01JGM6MDF200HDZWGGV63EHTB9,2025-01-02T19:23:10.804409027Z,01JGM6ZPKFVRN3DWYBJ4RPS5D4,2025-01-02T19:23:10.804409027Z,01JGM78TX4PFTD84GAGQG5QD81,2025-01-02T19:23:10.804409027Z
01JGM7RTR26J5FHMZF2HVT3ED3,01JGM6NY2H7VBD7XS51Z7YW5K4,2025-01-02T19:27:10.082146357Z,01JGM6NY2QN3MMXEZRSW0T72Q8,2025-01-02T19:27:10.082146357Z,01JGM7AST2KFXRVFTBJN6M504J,2025-01-02T19:27:10.082146357Z,01JGM7JCZJJZV6W2MPNMP0M5P0,2025-01-02T19:27:10.082146357Z
01JGM8QHCWRD0Y24HJB4M0YAV9,01JGM6NF5XS711E0GBRTWSA1M1,2025-01-02T19:43:56.316904141Z,01JGM6NF63VH0J1G2RB1WJ685W,2025-01-02T19:43:56.316904141Z,01JGM8683CJW1Q9HNBTWWHE5ZW,2025-01-02T19:43:56.316904141Z,01JGM8MZBFKBFQ5GZGAEZJJSCJ,2025-01-02T19:43:56.316904141Z
01JGM8W5JS8MT8DEQHQH709647,01JGM6NF5XS711E0GBRTWSA1M1,2025-01-02T19:46:28.057818611Z,01JGM6NF63VH0J1G2RB1WJ685W,2025-01-02T19:46:28.057818611Z,01JGM8A4A053PCCS4M0VPP1XSD,2025-01-02T19:46:28.057818611Z,01JGM8MZBJZ5N2DZCT0ZCMFRYN,2025-01-02T19:46:28.057818611Z
01JGM8YZPFRPA7ZK4Q3771TCAY,01JGM6NF5XS711E0GBRTWSA1M1,2025-01-02T19:48:00.335039723Z,01JGM6NF63VH0J1G2RB1WJ685W,2025-01-02T19:48:00.335039723Z,01JGM8A8AZX2JMTAZ8FW84Z6AV,2025-01-02T19:48:00.335039723Z,01JGM8MZBPF1JP0B9GG3XWK6M3,2025-01-02T19:48:00.335039723Z
01JGM7QMGE5HSPQABR54FTEJSC,01JGM6NYSBF85FHQ997YVSFPY6,2025-01-02T19:26:30.926833361Z,01JGM6NYSGW6A9G62R01ZBGDVX,2025-01-02T19:26:30.926833361Z,01JGM6ZV3XDBPC2FDVHK7N2Y54,2025-01-02T19:26:30.926833361Z,01JGM7EDNDCSH8RDGVFN68ZMWH,2025-01-02T19:26:30.926833361Z
01JGM7XP1R92ZFYPEF7SK4Z2SJ,01JGM6NY2H7VBD7XS51Z7YW5K4,2025-01-02T19:29:49.11255259Z,01JGM6NY2QN3MMXEZRSW0T72Q8,2025-01-02T19:29:49.11255259Z,01JGM7B2KWVFYJ9WGXVG67EKKY,2025-01-02T19:29:49.11255259Z,01JGM7JCZGV3V4T0NJ653992M9,2025-01-02T19:29:49.11255259Z
01JGM8DWD4E46R82GV3STHJEW7,01JGM6NVG737NZ30A6J5ZDJ2VQ,2025-01-02T19:38:39.908938227Z,01JGM6NVGD4780ZVT7W564K46M,2025-01-02T19:38:39.908938227Z,01JGM7P1T7C8A1H99T9EAAGHDH,2025-01-02T19:38:39.908938227Z,01JGM85YBCA1VT0AXD9Z930027,2025-01-02T19:38:39.908938227Z
01JGM8S8GVVR4S08ZF087B344N,01JGM6NF5XS711E0GBRTWSA1M1,2025-01-02T19:44:52.763319135Z,01JGM6NF63VH0J1G2RB1WJ685W,2025-01-02T19:44:52.763319135Z,01JGM8A8AZX2JMTAZ8FW84Z6AV,2025-01-02T19:44:52.763319135Z,01JGM8MZBHVAACP7N0X8CFM0BD,2025-01-02T19:44:52.763319135Z
01JGM7T75GMFW0K66Y68CK0ES0,01JGM6NYSBF85FHQ997YVSFPY6,2025-01-02T19:27:55.568791318Z,01JGM6NYSGW6A9G62R01ZBGDVX,2025-01-02T19:27:55.568791318Z,01JGM6ZV3XDBPC2FDVHK7N2Y54,2025-01-02T19:27:55.568791318Z,01JGM7EDNF7K7Z1KXJWXPDC1AX,2025-01-02T19:27:55.568791318Z
01JGM7MP2G48V02NRGH5V881V9,01JGM6NYSBF85FHQ997YVSFPY6,2025-01-02T19:24:54.224826218Z,01JGM6NYSGW6A9G62R01ZBGDVX,2025-01-02T19:24:54.224826218Z,01JGM72HYZRCFGD18C1Z0RR1TF,2025-01-02T19:24:54.224826218Z,01JGM7EDNEABQW08QQ65PE961V,2025-01-02T19:24:54.224826218Z
01JGM7RYKQVB6WVXZF1X9PDKZE,01JGM6NYSBF85FHQ997YVSFPY6,2025-01-02T19:27:14.039959273Z,01JGM6NYSGW6A9G62R01ZBGDVX,2025-01-02T19:27:14.039959273Z,01JGM713CQAMFHTT3P008ETRA0,2025-01-02T19:27:14.039959273Z,01JGM7EDNF7K7Z1KXJY13PW3WQ,2025-01-02T19:27:14.039959273Z
01JGM8CAD2FDNNEVFESE0VDR8X,01JGM6NVG737NZ30A6J5ZDJ2VQ,2025-01-02T19:37:48.706130567Z,01JGM6NVGD4780ZVT7W564K46M,2025-01-02T19:37:48.706130567Z,01JGM7XC60NM3XXJ6JHHBCYW21,2025-01-02T19:37:48.706130567Z,01JGM85YB8KNF60C979X14VQRR,2025-01-02T19:37:48.706130567Z
01JGM85YPQB44MCW572159FKNY,01JGM6NVG737NZ30A6J5ZDJ2VQ,2025-01-02T19:34:20.119032506Z,01JGM6NVGD4780ZVT7W564K46M,2025-01-02T19:34:20.119032506Z,01JGM7P1T7C8A1H99T9EAAGHDH,2025-01-02T19:34:20.119032506Z,01JGM85YB96MC714ZKF59AHYM7,2025-01-02T19:34:20.119032506Z
01JGM8GZWX6ZPMZHEPV93DHPZ2,01JGM6NVG737NZ30A6J5ZDJ2VQ,2025-01-02T19:40:21.789383484Z,01JGM6NVGD4780ZVT7W564K46M,2025-01-02T19:40:21.789383484Z,01JGM7J0ZTKB4K200M5ZM0MJF7,2025-01-02T19:40:21.789383484Z,01JGM85YBFYCNRRREP273G476C,2025-01-02T19:40:21.789383484Z
01JGM8S8GQTP74NRCFQZEK1VBM,01JGM6NF5XS711E0GBRTWSA1M1,2025-01-02T19:44:52.759126698Z,01JGM6NF63VH0J1G2RB1WJ685W,2025-01-02T19:44:52.759126698Z,01JGM8A4A053PCCS4M0VPP1XSD,2025-01-02T19:44:52.759126698Z,01JGM8MZBHVAACP7N0X8CFM0BD,2025-01-02T19:44:52.759126698Z
01JGM8SVJZ3WGXZM7B6NQVAHME,01JGM6NTQFNFHWC9X4VZTAKNPN,2025-01-02T19:45:12.287532382Z,01JGM6NTQNYN88WZJ9YQFR7S4D,2025-01-02T19:45:12.287532382Z,01JGM813TYB99N03V9BTSJ9ZGW,2025-01-02T19:45:12.287532382Z,01JGM8G9984FGD6ZBZJQ76J4DX,2025-01-02T19:45:12.287532382Z
01JGM7BDVV6ZXME07DQ782551G,01JGM6MDENP00S2TZDYFG3Q9GA,2025-01-02T19:19:50.907347753Z,01JGM6MDF200HDZWGGV63EHTB9,2025-01-02T19:19:50.907347753Z,01JGM70FJ3FVF21KZDJAW2JD2W,2025-01-02T19:19:50.907347753Z,01JGM78TWPW4C5QZKYGHG509NF,2025-01-02T19:19:50.907347753Z
01JGM7EP8RXADNCR5BK1X6B5W3,01JGM6MDENP00S2TZDYFG3Q9GA,2025-01-02T19:21:37.81671517Z,01JGM6MDF200HDZWGGV63EHTB9,2025-01-02T19:21:37.81671517Z,01JGM70FJ3FVF21KZDJAW2JD2W,2025-01-02T19:21:37.81671517Z,01JGM78TX1XCS0CFR23TDB4HAC,2025-01-02T19:21:37.81671517Z
01JGM7M9BE56Q7157X4W2E85Q3,01JGM6MDENP00S2TZDYFG3Q9GA,2025-01-02T19:24:41.198757764Z,01JGM6MDF200HDZWGGV63EHTB9,2025-01-02T19:24:41.198757764Z,01JGM6ZPKFVRN3DWYBJ4RPS5D4,2025-01-02T19:24:41.198757764Z,01JGM78TX2Z65K1VX3DTEEDXQJ,2025-01-02T19:24:41.198757764Z
01JGM7EP8HCMPJ86X66JAJXSEF,01JGM6MDENP00S2TZDYFG3Q9GA,2025-01-02T19:21:37.809786358Z,01JGM6MDF200HDZWGGV63EHTB9,2025-01-02T19:21:37.809786358Z,01JGM6ZR1K18EC78PB9EPTSZRR,2025-01-02T19:21:37.809786358Z,01JGM78TX1XCS0CFR23TDB4HAC,2025-01-02T19:21:37.809786358Z
01JGM7MP26BH7HA5GJXC8Z3YTQ,01JGM6NYSBF85FHQ997YVSFPY6,2025-01-02T19:24:54.214769513Z,01JGM6NYSGW6A9G62R01ZBGDVX,2025-01-02T19:24:54.214769513Z,01JGM6ZV3XDBPC2FDVHK7N2Y54,2025-01-02T19:24:54.214769513Z,01JGM7EDNEABQW08QQ65PE961V,2025-01-02T19:24:54.214769513Z
01JGM8MS3TYPGAFYDATBG0Y4BG,01JGM6NTQFNFHWC9X4VZTAKNPN,2025-01-02T19:42:25.914039109Z,01JGM6NTQNYN88WZJ9YQFR7S4D,2025-01-02T19:42:25.914039109Z,01JGM813TYB99N03V9BTSJ9ZGW,2025-01-02T19:42:25.914039109Z,01JGM8G98J4E67TY64RJ637SFC,2025-01-02T19:42:25.914039109Z
01JGM8CACTVFAF2449CZHMCF1H,01JGM6NVG737NZ30A6J5ZDJ2VQ,2025-01-02T19:37:48.698984734Z,01JGM6NVGD4780ZVT7W564K46M,2025-01-02T19:37:48.698984734Z,01JGM7P1T7C8A1H99T9EAAGHDH,2025-01-02T19:37:48.698984734Z,01JGM85YB8KNF60C979X14VQRR,2025-01-02T19:37:48.698984734Z
01JGM8MZNV5PGS852N6XF4WTDH,01JGM6NF5XS711E0GBRTWSA1M1,2025-01-02T19:42:32.635232335Z,01JGM6NF63VH0J1G2RB1WJ685W,2025-01-02T19:42:32.635232335Z,01JGM8683CJW1Q9HNBTWWHE5ZW,2025-01-02T19:42:32.635232335Z,01JGM8MZBBHNCMT2RY8M41XV0A,2025-01-02T19:42:32.635232335Z
01JGM8PKX2VYE3J4P6K0RET6HG,01JGM6NTQFNFHWC9X4VZTAKNPN,2025-01-02T19:43:26.114614537Z,01JGM6NTQNYN88WZJ9YQFR7S4D,2025-01-02T19:43:26.114614537Z,01JGM85YPKVNZEWMHM378K3YQD,2025-01-02T19:43:26.114614537Z,01JGM8G99CX3HN47JT40QKQJ1W,2025-01-02T19:43:26.114614537Z
01JGM8XF35GZ9PE6V8NBD0PF5R,01JGM6NF5XS711E0GBRTWSA1M1,2025-01-02T19:47:10.565206635Z,01JGM6NF63VH0J1G2RB1WJ685W,2025-01-02T19:47:10.565206635Z,01JGM8A8AZX2JMTAZ8FW84Z6AV,2025-01-02T19:47:10.565206635Z,01JGM8MZBRH7ZGXCAQN25R5TTT,2025-01-02T19:47:10.565206635Z
01JGM7JWGCWH94B4RH1J7CK0HF,01JGM6MDENP00S2TZDYFG3Q9GA,2025-01-02T19:23:55.276974286Z,01JGM6MDF200HDZWGGV63EHTB9,2025-01-02T19:23:55.276974286Z,01JGM70FJ3FVF21KZDJAW2JD2W,2025-01-02T19:23:55.276974286Z,01JGM78TX1XCS0CFR238Q3N9TP,2025-01-02T19:23:55.276974286Z
01JGM7T75QQAPERVTFNFY06GN5,01JGM6NYSBF85FHQ997YVSFPY6,2025-01-02T19:27:55.575634537Z,01JGM6NYSGW6A9G62R01ZBGDVX,2025-01-02T19:27:55.575634537Z,01JGM713CQAMFHTT3P008ETRA0,2025-01-02T19:27:55.575634537Z,01JGM7EDNF7K7Z1KXJWXPDC1AX,2025-01-02T19:27:55.575634537Z
01JGM7WK1PJR5NWB055Q9GG9MB,01JGM6NX93GT9D50MKVR3WW342,2025-01-02T19:29:13.270846492Z,01JGM6NX999MMH32FHXZDY0G1S,2025-01-02T19:29:13.270846492Z,01JGM7B25SX0F1CJ1KSJ8KNJ81,2025-01-02T19:29:13.270846492Z,01JGM7WJR9ET90WC7EZ3PASZSS,2025-01-02T19:29:13.270846492Z
01JGM7ZAXBYH2JMB97KXJEPXJE,01JGM6NY2H7VBD7XS51Z7YW5K4,2025-01-02T19:30:43.243216534Z,01JGM6NY2QN3MMXEZRSW0T72Q8,2025-01-02T19:30:43.243216534Z,01JGM7AST2KFXRVFTBJN6M504J,2025-01-02T19:30:43.243216534Z,01JGM7JCZH9GPFF9BX5A0GNZTQ,2025-01-02T19:30:43.243216534Z
01JGM8DWDCWR8FAZN11WNCKKJ6,01JGM6NVG737NZ30A6J5ZDJ2VQ,2025-01-02T19:38:39.916306272Z,01JGM6NVGD4780ZVT7W564K46M,2025-01-02T19:38:39.916306272Z,01JGM7XC60NM3XXJ6JHHBCYW21,2025-01-02T19:38:39.916306272Z,01JGM85YBCA1VT0AXD9Z930027,2025-01-02T19:38:39.916306272Z
01JGM8GZX4F7W5E5W115VMRFCH,01JGM6NVG737NZ30A6J5ZDJ2VQ,2025-01-02T19:40:21.796870644Z,01JGM6NVGD4780ZVT7W564K46M,2025-01-02T19:40:21.796870644Z,01JGM7TF03QKCJPZVH7M5J0R7K,2025-01-02T19:40:21.796870644Z,01JGM85YBFYCNRRREP273G476C,2025-01-02T19:40:21.796870644Z
01JGM8VPAERM2G9XA29M2V62SM,01JGM6NTQFNFHWC9X4VZTAKNPN,2025-01-02T19:46:12.430407699Z,01JGM6NTQNYN88WZJ9YQFR7S4D,2025-01-02T19:46:12.430407699Z,01JGM813TYB99N03V9BTSJ9ZGW,2025-01-02T19:46:12.430407699Z,01JGM8G99DK2TAD1ZQZD734VDN,2025-01-02T19:46:12.430407699Z
01JGM7ZB3CSEP3XDR6C6N5JPB3,01JGM6NX93GT9D50MKVR3WW342,2025-01-02T19:30:43.436557689Z,01JGM6NX999MMH32FHXZDY0G1S,2025-01-02T19:30:43.436557689Z,01JGM7AS1J60JGMX9B62CSES1B,2025-01-02T19:30:43.436557689Z,01JGM7WJREJMB6H12D36335T04,2025-01-02T19:30:43.436557689Z
01JGM88GQ6M5YCM937Z8PNAA7Q,01JGM6NX93GT9D50MKVR3WW342,2025-01-02T19:35:44.102472974Z,01JGM6NX999MMH32FHXZDY0G1S,2025-01-02T19:35:44.102472974Z,01JGM7AS1J60JGMX9B62CSES1B,2025-01-02T19:35:44.102472974Z,01JGM7WJRGFSFCKFWG6MA9QF6C,2025-01-02T19:35:44.102472974Z
01JGM8F9WBFCD1MET88985DDH1,01JGM6NVG737NZ30A6J5ZDJ2VQ,2025-01-02T19:39:26.475303547Z,01JGM6NVGD4780ZVT7W564K46M,2025-01-02T19:39:26.475303547Z,01JGM7TF03QKCJPZVH7M5J0R7K,2025-01-02T19:39:26.475303547Z,01JGM85YBDK3S9T8AV7WWXP37X,2025-01-02T19:39:26.475303547Z
01JGM8REMCS70N8HPKZP8PJ3WS,01JGM6NTQFNFHWC9X4VZTAKNPN,2025-01-02T19:44:26.252678481Z,01JGM6NTQNYN88WZJ9YQFR7S4D,2025-01-02T19:44:26.252678481Z,01JGM80ZG5G48R2NN6MJZWP6K1,2025-01-02T19:44:26.252678481Z,01JGM8G99A5YMVXZPFWNFSW5CD,2025-01-02T19:44:26.252678481Z
01JGM84V8YVDTSDHXC2X1A72XZ,01JGM6NX93GT9D50MKVR3WW342,2025-01-02T19:33:43.838669277Z,01JGM6NX999MMH32FHXZDY0G1S,2025-01-02T19:33:43.838669277Z,01JGM7F2AB2BWE1Y1YD8W5JSXV,2025-01-02T19:33:43.838669277Z,01JGM7WJRCHZQGZCKAFGBEA1VF,2025-01-02T19:33:43.838669277Z
01JGM85YPV4H6GN5W3003ZYRVN,01JGM6NVG737NZ30A6J5ZDJ2VQ,2025-01-02T19:34:20.123338782Z,01JGM6NVGD4780ZVT7W564K46M,2025-01-02T19:34:20.123338782Z,01JGM7TF03QKCJPZVH7M5J0R7K,2025-01-02T19:34:20.123338782Z,01JGM85YB96MC714ZKF59AHYM7,2025-01-02T19:34:20.123338782Z
01JGM8ABEBXN89AW4ZRDDA9GWW,01JGM6NX93GT9D50MKVR3WW342,2025-01-02T19:36:44.235769683Z,01JGM6NX999MMH32FHXZDY0G1S,2025-01-02T19:36:44.235769683Z,01JGM7F2AB2BWE1Y1YD8W5JSXV,2025-01-02T19:36:44.235769683Z,01JGM7WJRB21SEDM3WSN7YNBQ7,2025-01-02T19:36:44.235769683Z
01JGM8YZP2M2N30BNWP5F4E7Q0,01JGM6NF5XS711E0GBRTWSA1M1,2025-01-02T19:48:00.322387437Z,01JGM6NF63VH0J1G2RB1WJ685W,2025-01-02T19:48:00.322387437Z,01JGM8683CJW1Q9HNBTWWHE5ZW,2025-01-02T19:48:00.322387437Z,01JGM8MZBPF1JP0B9GG3XWK6M3,2025-01-02T19:48:00.322387437Z
01JGM7H5ZKJRAQNJSV786TSRAR,01JGM6NYSBF85FHQ997YVSFPY6,2025-01-02T19:22:59.443539049Z,01JGM6NYSGW6A9G62R01ZBGDVX,2025-01-02T19:22:59.443539049Z,01JGM6ZV3XDBPC2FDVHK7N2Y54,2025-01-02T19:22:59.443539049Z,01JGM7EDNGFM3E145186DP4WS6,2025-01-02T19:22:59.443539049Z
01JGM7TE64DX02HZ2ND25H44Y2,01JGM6NY2H7VBD7XS51Z7YW5K4,2025-01-02T19:28:02.756529143Z,01JGM6NY2QN3MMXEZRSW0T72Q8,2025-01-02T19:28:02.756529143Z,01JGM7CDH8GWTHRQV5CV4D4FV7,2025-01-02T19:28:02.756529143Z,01JGM7JCZJJZV6W2MPN2RQXCA9,2025-01-02T19:28:02.756529143Z
01JGM8F9W8SFMG9J3V6VAR44WP,01JGM6NVG737NZ30A6J5ZDJ2VQ,2025-01-02T19:39:26.472055595Z,01JGM6NVGD4780ZVT7W564K46M,2025-01-02T19:39:26.472055595Z,01JGM7P1T7C8A1H99T9EAAGHDH,2025-01-02T19:39:26.472055595Z,01JGM85YBDK3S9T8AV7WWXP37X,2025-01-02T19:39:26.472055595Z
01JGM8QHD5JHTS1WKXCF6A47CB,01JGM6NF5XS711E0GBRTWSA1M1,2025-01-02T19:43:56.325425154Z,01JGM6NF63VH0J1G2RB1WJ685W,2025-01-02T19:43:56.325425154Z,01JGM8A4A053PCCS4M0VPP1XSD,2025-01-02T19:43:56.325425154Z,01JGM8MZBFKBFQ5GZGAEZJJSCJ,2025-01-02T19:43:56.325425154Z
01JGM86P047S433CRSWV3WRQH6,01JGM6NX93GT9D50MKVR3WW342,2025-01-02T19:34:43.972649924Z,01JGM6NX999MMH32FHXZDY0G1S,2025-01-02T19:34:43.972649924Z,01JGM7H1P1WN6Z7K9DZ9F0YDKK,2025-01-02T19:34:43.972649924Z,01JGM7WJRCHZQGZCKAEWAAYNZ8,2025-01-02T19:34:43.972649924Z
01JGM7QMGHA2J8JT34JEK33BVX,01JGM6NYSBF85FHQ997YVSFPY6,2025-01-02T19:26:30.92969944Z,01JGM6NYSGW6A9G62R01ZBGDVX,2025-01-02T19:26:30.92969944Z,01JGM7001WVXPYG44SFPYWTSRM,2025-01-02T19:26:30.92969944Z,01JGM7EDNDCSH8RDGVFN68ZMWH,2025-01-02T19:26:30.92969944Z
01JGM7TE5YKQBRQJP0JG99MZ0W,01JGM6NY2H7VBD7XS51Z7YW5K4,2025-01-02T19:28:02.750814136Z,01JGM6NY2QN3MMXEZRSW0T72Q8,2025-01-02T19:28:02.750814136Z,01JGM7B2KWVFYJ9WGXVG67EKKY,2025-01-02T19:28:02.750814136Z,01JGM7JCZJJZV6W2MPN2RQXCA9,2025-01-02T19:28:02.750814136Z
01JGM7ZB3R3XE5K3F4S9V9NRJG,01JGM6NX93GT9D50MKVR3WW342,2025-01-02T19:30:43.448792718Z,01JGM6NX999MMH32FHXZDY0G1S,2025-01-02T19:30:43.448792718Z,01JGM7H1P1WN6Z7K9DZ9F0YDKK,2025-01-02T19:30:43.448792718Z,01JGM7WJREJMB6H12D36335T04,2025-01-02T19:30:43.448792718Z
01JGM8JYBWVPY3BBT42FAT0JFH,01JGM6NTQFNFHWC9X4VZTAKNPN,2025-01-02T19:41:25.756607127Z,01JGM6NTQNYN88WZJ9YQFR7S4D,2025-01-02T19:41:25.756607127Z,01JGM7TQZ8ECTG1BDYGGWR9JAJ,2025-01-02T19:41:25.756607127Z,01JGM8G992AE67DC4633BJ21DS,2025-01-02T19:41:25.756607127Z
01JGM7H5ZR5QBSDR8ZK08TP11N,01JGM6NYSBF85FHQ997YVSFPY6,2025-01-02T19:22:59.448862386Z,01JGM6NYSGW6A9G62R01ZBGDVX,2025-01-02T19:22:59.448862386Z,01JGM713CQAMFHTT3P008ETRA0,2025-01-02T19:22:59.448862386Z,01JGM7EDNGFM3E145186DP4WS6,2025-01-02T19:22:59.448862386Z
01JGM88PSBA0E5PMEVWD4D87XE,01JGM6NVG737NZ30A6J5ZDJ2VQ,2025-01-02T19:35:50.315724871Z,01JGM6NVGD4780ZVT7W564K46M,2025-01-02T19:35:50.315724871Z,01JGM7XC60NM3XXJ6JHHBCYW21,2025-01-02T19:35:50.315724871Z,01JGM85YB5HFKW0FT7C6XQG35S,2025-01-02T19:35:50.315724871Z
01JGM8JTMN8NSSY9GBH33J5NZR,01JGM6NVG737NZ30A6J5ZDJ2VQ,2025-01-02T19:41:21.941466539Z,01JGM6NVGD4780ZVT7W564K46M,2025-01-02T19:41:21.941466539Z,01JGM7TF03QKCJPZVH7M5J0R7K,2025-01-02T19:41:21.941466539Z,01JGM85YBESDHPFSANQBT2X4CG,2025-01-02T19:41:21.941466539Z
01JGM7K0PFX2JBPC7J3RJ6A7KZ,01JGM6NYSBF85FHQ997YVSFPY6,2025-01-02T19:23:59.56759164Z,01JGM6NYSGW6A9G62R01ZBGDVX,2025-01-02T19:23:59.56759164Z,01JGM72HYZRCFGD18C1Z0RR1TF,2025-01-02T19:23:59.56759164Z,01JGM7EDNDCSH8RDGVF6S4K09X,2025-01-02T19:23:59.56759164Z
01JGM8ABE4WV5W0WK6G56JHHD9,01JGM6NX93GT9D50MKVR3WW342,2025-01-02T19:36:44.228033152Z,01JGM6NX999MMH32FHXZDY0G1S,2025-01-02T19:36:44.228033152Z,01JGM7AS1J60JGMX9B62CSES1B,2025-01-02T19:36:44.228033152Z,01JGM7WJRB21SEDM3WSN7YNBQ7,2025-01-02T19:36:44.228033152Z
01JGM88GQKK52TNFDANCZ8KRP7,01JGM6NX93GT9D50MKVR3WW342,2025-01-02T19:35:44.115180085Z,01JGM6NX999MMH32FHXZDY0G1S,2025-01-02T19:35:44.115180085Z,01JGM7H1P1WN6Z7K9DZ9F0YDKK,2025-01-02T19:35:44.115180085Z,01JGM7WJRGFSFCKFWG6MA9QF6C,2025-01-02T19:35:44.115180085Z
01JGM88PS04A8HKYX60BT1JA9J,01JGM6NVG737NZ30A6J5ZDJ2VQ,2025-01-02T19:35:50.304904295Z,01JGM6NVGD4780ZVT7W564K46M,2025-01-02T19:35:50.304904295Z,01JGM7J0ZTKB4K200M5ZM0MJF7,2025-01-02T19:35:50.304904295Z,01JGM85YB5HFKW0FT7C6XQG35S,2025-01-02T19:35:50.304904295Z
01JGM8AHG7M7RCCXEDGBMFT6X8,01JGM6NVG737NZ30A6J5ZDJ2VQ,2025-01-02T19:36:50.439806819Z,01JGM6NVGD4780ZVT7W564K46M,2025-01-02T19:36:50.439806819Z,01JGM7J0ZTKB4K200M5ZM0MJF7,2025-01-02T19:36:50.439806819Z,01JGM85YBAXZ19YHV2BMEPAN0K,2025-01-02T19:36:50.439806819Z
01JGM8JTMDVBE0FF9YBQ27Q60A,01JGM6NVG737NZ30A6J5ZDJ2VQ,2025-01-02T19:41:21.933525102Z,01JGM6NVGD4780ZVT7W564K46M,2025-01-02T19:41:21.933525102Z,01JGM7J0ZTKB4K200M5ZM0MJF7,2025-01-02T19:41:21.933525102Z,01JGM85YBESDHPFSANQBT2X4CG,2025-01-02T19:41:21.933525102Z
01JGM8PKWNBE8M3TSVXQWD5P22,01JGM6NTQFNFHWC9X4VZTAKNPN,2025-01-02T19:43:26.101302621Z,01JGM6NTQNYN88WZJ9YQFR7S4D,2025-01-02T19:43:26.101302621Z,01JGM7TQZ8ECTG1BDYGGWR9JAJ,2025-01-02T19:43:26.101302621Z,01JGM8G99CX3HN47JT40QKQJ1W,2025-01-02T19:43:26.101302621Z
01JGM7BDVPGDQG303E38KSJ08D,01JGM6MDENP00S2TZDYFG3Q9GA,2025-01-02T19:19:50.902744008Z,01JGM6MDF200HDZWGGV63EHTB9,2025-01-02T19:19:50.902744008Z,01JGM704NS2WZ2XSAMNCY1YBCG,2025-01-02T19:19:50.902744008Z,01JGM78TWPW4C5QZKYGHG509NF,2025-01-02T19:19:50.902744008Z
01JGM7N5ANEBGZ1X7GP5EN0G4Z,01JGM6NY2H7VBD7XS51Z7YW5K4,2025-01-02T19:25:09.84548378Z,01JGM6NY2QN3MMXEZRSW0T72Q8,2025-01-02T19:25:09.84548378Z,01JGM7AST2KFXRVFTBJN6M504J,2025-01-02T19:25:09.84548378Z,01JGM7JCZK3KFKYRY45B1MEDRC,2025-01-02T19:25:09.84548378Z
01JGM7RYKM6HDZ7SP0PQ3W7YRC,01JGM6NYSBF85FHQ997YVSFPY6,2025-01-02T19:27:14.036201896Z,01JGM6NYSGW6A9G62R01ZBGDVX,2025-01-02T19:27:14.036201896Z,01JGM7001WVXPYG44SFPYWTSRM,2025-01-02T19:27:14.036201896Z,01JGM7EDNF7K7Z1KXJY13PW3WQ,2025-01-02T19:27:14.036201896Z
01JGM8TPQP9FAM965S3WN7NJA4,01JGM6NF5XS711E0GBRTWSA1M1,2025-01-02T19:45:40.086477516Z,01JGM6NF63VH0J1G2RB1WJ685W,2025-01-02T19:45:40.086477516Z,01JGM8A4A053PCCS4M0VPP1XSD,2025-01-02T19:45:40.086477516Z,01JGM8MZBMC98F941YF5F6QJWJ,2025-01-02T19:45:40.086477516Z
01JGM7Q01J9WH5QTDP4YVQB10F,01JGM6NY2H7VBD7XS51Z7YW5K4,2025-01-02T19:26:09.970132439Z,01JGM6NY2QN3MMXEZRSW0T72Q8,2025-01-02T19:26:09.970132439Z,01JGM7BHGJD74VTMAC8WBC83A2,2025-01-02T19:26:09.970132439Z,01JGM7JCZFQKA6F63VFCD70BVN,2025-01-02T19:26:09.970132439Z
01JGM7RTR7N6YQBT59SC4V8K4V,01JGM6NY2H7VBD7XS51Z7YW5K4,2025-01-02T19:27:10.087912225Z,01JGM6NY2QN3MMXEZRSW0T72Q8,2025-01-02T19:27:10.087912225Z,01JGM7BHGJD74VTMAC8WBC83A2,2025-01-02T19:27:10.087912225Z,01JGM7JCZJJZV6W2MPNMP0M5P0,2025-01-02T19:27:10.087912225Z
01JGM8F9W4VQ1X791JHYHZYVAG,01JGM6NVG737NZ30A6J5ZDJ2VQ,2025-01-02T19:39:26.468207584Z,01JGM6NVGD4780ZVT7W564K46M,2025-01-02T19:39:26.468207584Z,01JGM7J0ZTKB4K200M5ZM0MJF7,2025-01-02T19:39:26.468207584Z,01JGM85YBDK3S9T8AV7WWXP37X,2025-01-02T19:39:26.468207584Z
01JGM7JWGAZAPW6Z32GH8JXVWG,01JGM6MDENP00S2TZDYFG3Q9GA,2025-01-02T19:23:55.274062536Z,01JGM6MDF200HDZWGGV63EHTB9,2025-01-02T19:23:55.274062536Z,01JGM704NS2WZ2XSAMNCY1YBCG,2025-01-02T19:23:55.274062536Z,01JGM78TX1XCS0CFR238Q3N9TP,2025-01-02T19:23:55.274062536Z
01JGM90HQ3VEWWET57BQSKBENT,01JGM6NF5XS711E0GBRTWSA1M1,2025-01-02T19:48:51.555710531Z,01JGM6NF63VH0J1G2RB1WJ685W,2025-01-02T19:48:51.555710531Z,01JGM8A4A053PCCS4M0VPP1XSD,2025-01-02T19:48:51.555710531Z,01JGM8MZBD8TD0DF94BGBJF594,2025-01-02T19:48:51.555710531Z
01JGM8SVJPP53GGT5HA3XF2HN9,01JGM6NTQFNFHWC9X4VZTAKNPN,2025-01-02T19:45:12.278353406Z,01JGM6NTQNYN88WZJ9YQFR7S4D,2025-01-02T19:45:12.278353406Z,01JGM7TQZ8ECTG1BDYGGWR9JAJ,2025-01-02T19:45:12.278353406Z,01JGM8G9984FGD6ZBZJQ76J4DX,2025-01-02T19:45:12.278353406Z
01JGM7H5ZVQQTZ54W7DQSTMKDP,01JGM6NYSBF85FHQ997YVSFPY6,2025-01-02T19:22:59.451742598Z,01JGM6NYSGW6A9G62R01ZBGDVX,2025-01-02T19:22:59.451742598Z,01JGM72HYZRCFGD18C1Z0RR1TF,2025-01-02T19:22:59.451742598Z,01JGM7EDNGFM3E145186DP4WS6,2025-01-02T19:22:59.451742598Z
01JGM830HTZVGNGVNWCN5NGSCJ,01JGM6NX93GT9D50MKVR3WW342,2025-01-02T19:32:43.70692721Z,01JGM6NX999MMH32FHXZDY0G1S,2025-01-02T19:32:43.70692721Z,01JGM7H1P1WN6Z7K9DZ9F0YDKK,2025-01-02T19:32:43.70692721Z,01JGM7WJRFZY3DYQ0TZ2N0M875,2025-01-02T19:32:43.70692721Z
01JGM88GQ9MG0NWRMFNJ1WH0TE,01JGM6NX93GT9D50MKVR3WW342,2025-01-02T19:35:44.105967223Z,01JGM6NX999MMH32FHXZDY0G1S,2025-01-02T19:35:44.105967223Z,01JGM7B25SX0F1CJ1KSJ8KNJ81,2025-01-02T19:35:44.105967223Z,01JGM7WJRGFSFCKFWG6MA9QF6C,2025-01-02T19:35:44.105967223Z
01JGM84V8V3TNEH6J3YPA5AE9R,01JGM6NX93GT9D50MKVR3WW342,2025-01-02T19:33:43.83537138Z,01JGM6NX999MMH32FHXZDY0G1S,2025-01-02T19:33:43.83537138Z,01JGM7B25SX0F1CJ1KSJ8KNJ81,2025-01-02T19:33:43.83537138Z,01JGM7WJRCHZQGZCKAFGBEA1VF,2025-01-02T19:33:43.83537138Z
01JGM8G9KQATJJYYXY46ZCZHF8,01JGM6NTQFNFHWC9X4VZTAKNPN,2025-01-02T19:39:58.967220643Z,01JGM6NTQNYN88WZJ9YQFR7S4D,2025-01-02T19:39:58.967220643Z,01JGM80ZG5G48R2NN6MJZWP6K1,2025-01-02T19:39:58.967220643Z,01JGM8G98M9YDAFHPB45PE0EC2,2025-01-02T19:39:58.967220643Z
01JGM8JTMSHJ08WNFP8HDBPTQA,01JGM6NVG737NZ30A6J5ZDJ2VQ,2025-01-02T19:41:21.945150251Z,01JGM6NVGD4780ZVT7W564K46M,2025-01-02T19:41:21.945150251Z,01JGM7XC60NM3XXJ6JHHBCYW21,2025-01-02T19:41:21.945150251Z,01JGM85YBESDHPFSANQBT2X4CG,2025-01-02T19:41:21.945150251Z
01JGM8W5JX7K8WN6V2VRCBFRNF,01JGM6NF5XS711E0GBRTWSA1M1,2025-01-02T19:46:28.06180532Z,01JGM6NF63VH0J1G2RB1WJ685W,2025-01-02T19:46:28.06180532Z,01JGM8A8AZX2JMTAZ8FW84Z6AV,2025-01-02T19:46:28.06180532Z,01JGM8MZBJZ5N2DZCT0ZCMFRYN,2025-01-02T19:46:28.06180532Z
01JGM8XF2W8T6250XCWXJYEZYH,01JGM6NF5XS711E0GBRTWSA1M1,2025-01-02T19:47:10.556605197Z,01JGM6NF63VH0J1G2RB1WJ685W,2025-01-02T19:47:10.556605197Z,01JGM8A3364BS9RGQ7BMTKF3TT,2025-01-02T19:47:10.556605197Z,01JGM8MZBRH7ZGXCAQN25R5TTT,2025-01-02T19:47:10.556605197Z
01JGM78V79RCN4G4WPWXHD3S02,01JGM6MDENP00S2TZDYFG3Q9GA,2025-01-02T19:18:26.281934276Z,01JGM6MDF200HDZWGGV63EHTB9,2025-01-02T19:18:26.281934276Z,01JGM70FJ3FVF21KZDJAW2JD2W,2025-01-02T19:18:26.281934276Z,01JGM78TWPW4C5QZKYFYXFZAWV,2025-01-02T19:18:26.281934276Z
01JGM7XP1N91NDFBED4BXA7JRG,01JGM6NY2H7VBD7XS51Z7YW5K4,2025-01-02T19:29:49.109640745Z,01JGM6NY2QN3MMXEZRSW0T72Q8,2025-01-02T19:29:49.109640745Z,01JGM7AST2KFXRVFTBJN6M504J,2025-01-02T19:29:49.109640745Z,01JGM7JCZGV3V4T0NJ653992M9,2025-01-02T19:29:49.109640745Z
01JGM811983W7EYCM51BJTF6N3,01JGM6NWE866MNRHP8N9RWE5E5,2025-01-02T19:31:38.920250049Z,01JGM6NWEERKCVA4K0MKXA3SYF,2025-01-02T19:31:38.920250049Z,01JGM7H9MAPFSR6WP7PYSCND26,2025-01-02T19:31:38.920250049Z,01JGM81109M68DCJ763KPQX18T,2025-01-02T19:31:38.920250049Z
01JGM7EP8EPDN3PFJ5T536JKZS,01JGM6MDENP00S2TZDYFG3Q9GA,2025-01-02T19:21:37.806862439Z,01JGM6MDF200HDZWGGV63EHTB9,2025-01-02T19:21:37.806862439Z,01JGM6ZPKFVRN3DWYBJ4RPS5D4,2025-01-02T19:21:37.806862439Z,01JGM78TX1XCS0CFR23TDB4HAC,2025-01-02T19:21:37.806862439Z
01JGM8PKWYFTVDGPD64AFHC1CM,01JGM6NTQFNFHWC9X4VZTAKNPN,2025-01-02T19:43:26.110452414Z,01JGM6NTQNYN88WZJ9YQFR7S4D,2025-01-02T19:43:26.110452414Z,01JGM813TYB99N03V9BTSJ9ZGW,2025-01-02T19:43:26.110452414Z,01JGM8G99CX3HN47JT40QKQJ1W,2025-01-02T19:43:26.110452414Z
01JGM7TE5TAWVFPA5YAM6TDHNA,01JGM6NY2H7VBD7XS51Z7YW5K4,2025-01-02T19:28:02.747015798Z,01JGM6NY2QN3MMXEZRSW0T72Q8,2025-01-02T19:28:02.747015798Z,01JGM7AST2KFXRVFTBJN6M504J,2025-01-02T19:28:02.747015798Z,01JGM7JCZJJZV6W2MPN2RQXCA9,2025-01-02T19:28:02.747015798Z
01JGM8AHGHWSZXB8MYT37BFWC8,01JGM6NVG737NZ30A6J5ZDJ2VQ,2025-01-02T19:36:50.449810599Z,01JGM6NVGD4780ZVT7W564K46M,2025-01-02T19:36:50.449810599Z,01JGM7XC60NM3XXJ6JHHBCYW21,2025-01-02T19:36:50.449810599Z,01JGM85YBAXZ19YHV2BMEPAN0K,2025-01-02T19:36:50.449810599Z
01JGM7VWJKFXSPVET0HWBGFSDB,01JGM6NY2H7VBD7XS51Z7YW5K4,2025-01-02T19:28:50.259664882Z,01JGM6NY2QN3MMXEZRSW0T72Q8,2025-01-02T19:28:50.259664882Z,01JGM7CDH8GWTHRQV5CV4D4FV7,2025-01-02T19:28:50.259664882Z,01JGM7JCZK3KFKYRY44R2QBCJG,2025-01-02T19:28:50.259664882Z
01JGM7WK1WED3WCFGW1PZHR2CD,01JGM6NX93GT9D50MKVR3WW342,2025-01-02T19:29:13.276703759Z,01JGM6NX999MMH32FHXZDY0G1S,2025-01-02T19:29:13.276703759Z,01JGM7H1P1WN6Z7K9DZ9F0YDKK,2025-01-02T19:29:13.276703759Z,01JGM7WJR9ET90WC7EZ3PASZSS,2025-01-02T19:29:13.276703759Z
01JGM8JTMH034KQBBJHBPWJKHY,01JGM6NVG737NZ30A6J5ZDJ2VQ,2025-01-02T19:41:21.937851491Z,01JGM6NVGD4780ZVT7W564K46M,2025-01-02T19:41:21.937851491Z,01JGM7P1T7C8A1H99T9EAAGHDH,2025-01-02T19:41:21.937851491Z,01JGM85YBESDHPFSANQBT2X4CG,2025-01-02T19:41:21.937851491Z
01JGM8XF2RYBT4MR90HBQX8XQ7,01JGM6NF5XS711E0GBRTWSA1M1,2025-01-02T19:47:10.552156533Z,01JGM6NF63VH0J1G2RB1WJ685W,2025-01-02T19:47:10.552156533Z,01JGM8683CJW1Q9HNBTWWHE5ZW,2025-01-02T19:47:10.552156533Z,01JGM8MZBRH7ZGXCAQN25R5TTT,2025-01-02T19:47:10.552156533Z
01JGM7HH2WB4CM1MS3NAPHHBVX,01JGM6MDENP00S2TZDYFG3Q9GA,2025-01-02T19:23:10.812741104Z,01JGM6MDF200HDZWGGV63EHTB9,2025-01-02T19:23:10.812741104Z,01JGM70FJ3FVF21KZDJAW2JD2W,2025-01-02T19:23:10.812741104Z,01JGM78TX4PFTD84GAGQG5QD81,2025-01-02T19:23:10.812741104Z
01JGM7T75MR7G7C0Z11VCMFAKK,01JGM6NYSBF85FHQ997YVSFPY6,2025-01-02T19:27:55.572047781Z,01JGM6NYSGW6A9G62R01ZBGDVX,2025-01-02T19:27:55.572047781Z,01JGM7001WVXPYG44SFPYWTSRM,2025-01-02T19:27:55.572047781Z,01JGM7EDNF7K7Z1KXJWXPDC1AX,2025-01-02T19:27:55.572047781Z
01JGM7VWJD084B9BPAW5KJTFT5,01JGM6NY2H7VBD7XS51Z7YW5K4,2025-01-02T19:28:50.253629992Z,01JGM6NY2QN3MMXEZRSW0T72Q8,2025-01-02T19:28:50.253629992Z,01JGM7B2KWVFYJ9WGXVG67EKKY,2025-01-02T19:28:50.253629992Z,01JGM7JCZK3KFKYRY44R2QBCJG,2025-01-02T19:28:50.253629992Z
01JGM7Q01F3DG9HDW61Z2VB3ZR,01JGM6NY2H7VBD7XS51Z7YW5K4,2025-01-02T19:26:09.967325707Z,01JGM6NY2QN3MMXEZRSW0T72Q8,2025-01-02T19:26:09.967325707Z,01JGM7B2KWVFYJ9WGXVG67EKKY,2025-01-02T19:26:09.967325707Z,01JGM7JCZFQKA6F63VFCD70BVN,2025-01-02T19:26:09.967325707Z
01JGM815TSBV5PEXJ4VPHHYJEP,01JGM6NX93GT9D50MKVR3WW342,2025-01-02T19:31:43.577856679Z,01JGM6NX999MMH32FHXZDY0G1S,2025-01-02T19:31:43.577856679Z,01JGM7F2AB2BWE1Y1YD8W5JSXV,2025-01-02T19:31:43.577856679Z,01JGM7WJRAXD1V53AJVFKVFEAB,2025-01-02T19:31:43.577856679Z
01JGM8YZP6RE89PX94BKBD6XTW,01JGM6NF5XS711E0GBRTWSA1M1,2025-01-02T19:48:00.326223375Z,01JGM6NF63VH0J1G2RB1WJ685W,2025-01-02T19:48:00.326223375Z,01JGM8A3364BS9RGQ7BMTKF3TT,2025-01-02T19:48:00.326223375Z,01JGM8MZBPF1JP0B9GG3XWK6M3,2025-01-02T19:48:00.326223375Z
01JGM78V77CFYNE53VGN4VZA29,01JGM6MDENP00S2TZDYFG3Q9GA,2025-01-02T19:18:26.279456523Z,01JGM6MDF200HDZWGGV63EHTB9,2025-01-02T19:18:26.279456523Z,01JGM704NS2WZ2XSAMNCY1YBCG,2025-01-02T19:18:26.279456523Z,01JGM78TWPW4C5QZKYFYXFZAWV,2025-01-02T19:18:26.279456523Z
01JGM7JD94AVQCQQPF7DBG070X,01JGM6NY2H7VBD7XS51Z7YW5K4,2025-01-02T19:23:39.684773051Z,01JGM6NY2QN3MMXEZRSW0T72Q8,2025-01-02T19:23:39.684773051Z,01JGM7CDH8GWTHRQV5CV4D4FV7,2025-01-02T19:23:39.684773051Z,01JGM7JCZD93RNFSKWAEYJG6VP,2025-01-02T19:23:39.684773051Z
01JGM7MP2D1YWZMVWZQRWRSM1Z,01JGM6NYSBF85FHQ997YVSFPY6,2025-01-02T19:24:54.221708961Z,01JGM6NYSGW6A9G62R01ZBGDVX,2025-01-02T19:24:54.221708961Z,01JGM713CQAMFHTT3P008ETRA0,2025-01-02T19:24:54.221708961Z,01JGM7EDNEABQW08QQ65PE961V,2025-01-02T19:24:54.221708961Z
01JGM8CACYR9VSWHZ6F5H2B5X8,01JGM6NVG737NZ30A6J5ZDJ2VQ,2025-01-02T19:37:48.702460955Z,01JGM6NVGD4780ZVT7W564K46M,2025-01-02T19:37:48.702460955Z,01JGM7TF03QKCJPZVH7M5J0R7K,2025-01-02T19:37:48.702460955Z,01JGM85YB8KNF60C979X14VQRR,2025-01-02T19:37:48.702460955Z
01JGM8MS3JMN9QCNJETZ1H727B,01JGM6NTQFNFHWC9X4VZTAKNPN,2025-01-02T19:42:25.906099979Z,01JGM6NTQNYN88WZJ9YQFR7S4D,2025-01-02T19:42:25.906099979Z,01JGM7TQZ8ECTG1BDYGGWR9JAJ,2025-01-02T19:42:25.906099979Z,01JGM8G98J4E67TY64RJ637SFC,2025-01-02T19:42:25.906099979Z
01JGM8119BCHRTX70ZH13NETW9,01JGM6NWE866MNRHP8N9RWE5E5,2025-01-02T19:31:38.923757509Z,01JGM6NWEERKCVA4K0MKXA3SYF,2025-01-02T19:31:38.923757509Z,01JGM7RQFZF6TACNP0Z2AM60HZ,2025-01-02T19:31:38.923757509Z,01JGM81109M68DCJ763KPQX18T,2025-01-02T19:31:38.923757509Z
01JGM830HKB6YM37XP6V82WQZ1,01JGM6NX93GT9D50MKVR3WW342,2025-01-02T19:32:43.699151117Z,01JGM6NX999MMH32FHXZDY0G1S,2025-01-02T19:32:43.699151117Z,01JGM7B25SX0F1CJ1KSJ8KNJ81,2025-01-02T19:32:43.699151117Z,01JGM7WJRFZY3DYQ0TZ2N0M875,2025-01-02T19:32:43.699151117Z
01JGM86NZXZEHFJFMMV1T9FPBB,01JGM6NX93GT9D50MKVR3WW342,2025-01-02T19:34:43.96519832Z,01JGM6NX999MMH32FHXZDY0G1S,2025-01-02T19:34:43.96519832Z,01JGM7B25SX0F1CJ1KSJ8KNJ81,2025-01-02T19:34:43.96519832Z,01JGM7WJRCHZQGZCKAEWAAYNZ8,2025-01-02T19:34:43.96519832Z
01JGM7WK1SM53JTR2955XCQX72,01JGM6NX93GT9D50MKVR3WW342,2025-01-02T19:29:13.273786484Z,01JGM6NX999MMH32FHXZDY0G1S,2025-01-02T19:29:13.273786484Z,01JGM7F2AB2BWE1Y1YD8W5JSXV,2025-01-02T19:29:13.273786484Z,01JGM7WJR9ET90WC7EZ3PASZSS,2025-01-02T19:29:13.273786484Z
01JGM830HPE6MKMRP26AE04N3F,01JGM6NX93GT9D50MKVR3WW342,2025-01-02T19:32:43.702303491Z,01JGM6NX999MMH32FHXZDY0G1S,2025-01-02T19:32:43.702303491Z,01JGM7F2AB2BWE1Y1YD8W5JSXV,2025-01-02T19:32:43.702303491Z,01JGM7WJRFZY3DYQ0TZ2N0M875,2025-01-02T19:32:43.702303491Z
01JGM86P018BCF5P2R6G19CGNM,01JGM6NX93GT9D50MKVR3WW342,2025-01-02T19:34:43.969225679Z,01JGM6NX999MMH32FHXZDY0G1S,2025-01-02T19:34:43.969225679Z,01JGM7F2AB2BWE1Y1YD8W5JSXV,2025-01-02T19:34:43.969225679Z,01JGM7WJRCHZQGZCKAEWAAYNZ8,2025-01-02T19:34:43.969225679Z
01JGM8AHGANXYH492BCVVX2R4J,01JGM6NVG737NZ30A6J5ZDJ2VQ,2025-01-02T19:36:50.442953862Z,01JGM6NVGD4780ZVT7W564K46M,2025-01-02T19:36:50.442953862Z,01JGM7P1T7C8A1H99T9EAAGHDH,2025-01-02T19:36:50.442953862Z,01JGM85YBAXZ19YHV2BMEPAN0K,2025-01-02T19:36:50.442953862Z
01JGM8YZPAQ8WGE53B117VBNEY,01JGM6NF5XS711E0GBRTWSA1M1,2025-01-02T19:48:00.330757775Z,01JGM6NF63VH0J1G2RB1WJ685W,2025-01-02T19:48:00.330757775Z,01JGM8A4A053PCCS4M0VPP1XSD,2025-01-02T19:48:00.330757775Z,01JGM8MZBPF1JP0B9GG3XWK6M3,2025-01-02T19:48:00.330757775Z
01JGM7N5ASMZG3M13322XGW86N,01JGM6NY2H7VBD7XS51Z7YW5K4,2025-01-02T19:25:09.849469459Z,01JGM6NY2QN3MMXEZRSW0T72Q8,2025-01-02T19:25:09.849469459Z,01JGM7B2KWVFYJ9WGXVG67EKKY,2025-01-02T19:25:09.849469459Z,01JGM7JCZK3KFKYRY45B1MEDRC,2025-01-02T19:25:09.849469459Z
01JGM7P40X0YP6HB3DC44JBSZV,01JGM6NYSBF85FHQ997YVSFPY6,2025-01-02T19:25:41.277779306Z,01JGM6NYSGW6A9G62R01ZBGDVX,2025-01-02T19:25:41.277779306Z,01JGM7001WVXPYG44SFPYWTSRM,2025-01-02T19:25:41.277779306Z,01JGM7EDNF7K7Z1KXJXJSNP6Q1,2025-01-02T19:25:41.277779306Z
01JGM7QMGM2B2NNBZRQW06BM3R,01JGM6NYSBF85FHQ997YVSFPY6,2025-01-02T19:26:30.932795889Z,01JGM6NYSGW6A9G62R01ZBGDVX,2025-01-02T19:26:30.932795889Z,01JGM713CQAMFHTT3P008ETRA0,2025-01-02T19:26:30.932795889Z,01JGM7EDNDCSH8RDGVFN68ZMWH,2025-01-02T19:26:30.932795889Z
01JGM90HPEES7Y8KH53J7FCA0N,01JGM6NF5XS711E0GBRTWSA1M1,2025-01-02T19:48:51.534812663Z,01JGM6NF63VH0J1G2RB1WJ685W,2025-01-02T19:48:51.534812663Z,01JGM8683CJW1Q9HNBTWWHE5ZW,2025-01-02T19:48:51.534812663Z,01JGM8MZBD8TD0DF94BGBJF594,2025-01-02T19:48:51.534812663Z
