﻿id,batchID,batchIDLastChangedAt,gameID,gameIDLastChangedAt,playerID,playerIDLastChangedAt
01HW66S25WJEW6AED4JEH4JYVM,01HW65NTPRBDWA01CY3WJM1NSS,2024-04-23T19:26:30.588606544Z,01HW65NTQAEFPDQM85F3KF8DKE,2024-04-23T19:26:30.588606544Z,01HW66EKJSHK1TDTA8J6QYSN48,2024-04-23T19:26:30.588606544Z
01HW66S2655MT8SVRXSF3EMH47,01HW65NTPRBDWA01CY3WJM1NSS,2024-04-23T19:26:30.598018263Z,01HW65NTQAEFPDQM85F3KF8DKE,2024-04-23T19:26:30.598018263Z,01HW66HB1DF9Q7QSWX9ZTK3TKP,2024-04-23T19:26:30.598018263Z
01HW66S26D0M5E75RXZX9VZB2Z,01HW65NTPRBDWA01CY3WJM1NSS,2024-04-23T19:26:30.605401204Z,01HW65NTQAEFPDQM85F3KF8DKE,2024-04-23T19:26:30.605401204Z,01HW66KZZ28TB65M259NA81579,2024-04-23T19:26:30.605401204Z
01HW66S26J0NKHNACR0TW0SY5Z,01HW65NTPRBDWA01CY3WJM1NSS,2024-04-23T19:26:30.610049658Z,01HW65NTQAEFPDQM85F3KF8DKE,2024-04-23T19:26:30.610049658Z,01HW66P01JA1T3HXTJWM1G4W06,2024-04-23T19:26:30.610049658Z
01HW66XWGD0PXDZGC5SZJDN9AT,01HW65RNPY0F0AJDEWETBECD0E,2024-04-23T19:29:08.621597277Z,01HW65RNQ8NAEZTESS2X144C48,2024-04-23T19:29:08.621597277Z,01HW66MYWNA3YYR374RDDD12QN,2024-04-23T19:29:08.621597277Z
01HW66XWGKFPGC3FH0YWV4R6X1,01HW65RNPY0F0AJDEWETBECD0E,2024-04-23T19:29:08.627125793Z,01HW65RNQ8NAEZTESS2X144C48,2024-04-23T19:29:08.627125793Z,01HW66NFR9V6MYCXFK43FS6CD8,2024-04-23T19:29:08.627125793Z
01HW66XWGQRZTRPJ89WMD7SCR4,01HW65RNPY0F0AJDEWETBECD0E,2024-04-23T19:29:08.63174638Z,01HW65RNQ8NAEZTESS2X144C48,2024-04-23T19:29:08.63174638Z,01HW66R64537DHDTFX2QARBASA,2024-04-23T19:29:08.63174638Z
01HW66XWGW7RT7V9AY080Q5ASM,01HW65RNPY0F0AJDEWETBECD0E,2024-04-23T19:29:08.636511779Z,01HW65RNQ8NAEZTESS2X144C48,2024-04-23T19:29:08.636511779Z,01HW66R7XQ2J7FBKA7HNWDTAWK,2024-04-23T19:29:08.636511779Z
01HW670BC8W2R12441C5KBN5SB,01HW65RN1MVRN07M5V41Z5KQ87,2024-04-23T19:30:29.384669969Z,01HW65RN1TN2DR2QY83A7GX8YK,2024-04-23T19:30:29.384669969Z,01HW66N3D9DED1MZMJR6M5TYEX,2024-04-23T19:30:29.384669969Z
01HW670BCD9VD1HVHP19SEH0XM,01HW65RN1MVRN07M5V41Z5KQ87,2024-04-23T19:30:29.389497803Z,01HW65RN1TN2DR2QY83A7GX8YK,2024-04-23T19:30:29.389497803Z,01HW66R15S9XBRZNE4BDN2404D,2024-04-23T19:30:29.389497803Z
01HW670BCJP4SC63X3B0WGA9JG,01HW65RN1MVRN07M5V41Z5KQ87,2024-04-23T19:30:29.394077286Z,01HW65RN1TN2DR2QY83A7GX8YK,2024-04-23T19:30:29.394077286Z,01HW66T73N0NY4C2D8V6KWXHZT,2024-04-23T19:30:29.394077286Z
01HW670BCQ1V40ASDVSTF1BV7G,01HW65RN1MVRN07M5V41Z5KQ87,2024-04-23T19:30:29.39987059Z,01HW65RN1TN2DR2QY83A7GX8YK,2024-04-23T19:30:29.39987059Z,01HW66VCEV74NJ46CVZE7HV3FP,2024-04-23T19:30:29.39987059Z
01HW672Q9RY045QH74ANHQF016,01HW66X1WQ63ZYBPASSX8CX6RE,2024-04-23T19:31:47.128035629Z,01HW66X1X0WRHZ2Q4JVN1M93SC,2024-04-23T19:31:47.128035629Z,01HW66WBKYB3CEGACPR96A3WS2,2024-04-23T19:31:47.128035629Z
01HW672Q9XWXH6Z15AHYFJ64A2,01HW66X1WQ63ZYBPASSX8CX6RE,2024-04-23T19:31:47.133402348Z,01HW66X1X0WRHZ2Q4JVN1M93SC,2024-04-23T19:31:47.133402348Z,01HW66WZWQ5QNPBSWV4P3DQBRZ,2024-04-23T19:31:47.133402348Z
01HW672QA2V2MSQN51Y33YKMAN,01HW66X1WQ63ZYBPASSX8CX6RE,2024-04-23T19:31:47.138859101Z,01HW66X1X0WRHZ2Q4JVN1M93SC,2024-04-23T19:31:47.138859101Z,01HW66X4B453TBVC6VJCADYSXB,2024-04-23T19:31:47.138859101Z
01HW672QA88BA0JVRDDM401KQQ,01HW66X1WQ63ZYBPASSX8CX6RE,2024-04-23T19:31:47.144327308Z,01HW66X1X0WRHZ2Q4JVN1M93SC,2024-04-23T19:31:47.144327308Z,01HW66ZNA86FE8GZ6RRDEJY5KS,2024-04-23T19:31:47.144327308Z
01HW67CEDV8834C9DCEN3FN9TB,01HW66Y45JE7CNV95X2KKEE9X3,2024-04-23T19:37:05.723598493Z,01HW66Y45WZ348W6Z0Q32845SX,2024-04-23T19:37:05.723598493Z,01HW673KSH52X2HGJMPPNX6CXR,2024-04-23T19:37:05.723598493Z
01HW67CEE98YT8M20M0G3N7MTP,01HW66Y45JE7CNV95X2KKEE9X3,2024-04-23T19:37:05.737987167Z,01HW66Y45WZ348W6Z0Q32845SX,2024-04-23T19:37:05.737987167Z,01HW6742NGSB6CB4AYA1GCRN5X,2024-04-23T19:37:05.737987167Z
01HW67CEES743GWYJ52K158ZV9,01HW66Y45JE7CNV95X2KKEE9X3,2024-04-23T19:37:05.753354797Z,01HW66Y45WZ348W6Z0Q32845SX,2024-04-23T19:37:05.753354797Z,01HW67499VA0AZVRTWFQPT4NKE,2024-04-23T19:37:05.753354797Z
01HW67CEF30FSFQNC3YMNX54CZ,01HW66Y45JE7CNV95X2KKEE9X3,2024-04-23T19:37:05.763762829Z,01HW66Y45WZ348W6Z0Q32845SX,2024-04-23T19:37:05.763762829Z,01HW67609BX6YX25Z28K1CCZ4N,2024-04-23T19:37:05.763762829Z
01HW67NBPE06PNZXWVFADF03QP,01HW65RMCDC2JK9MDS9NZE0GK8,2024-04-23T19:41:57.838228784Z,01HW65RMCN5GGNX2DHKN3T697P,2024-04-23T19:41:57.838228784Z,01HW67FK3Y5YSN2HA5PW124H2F,2024-04-23T19:41:57.838228784Z
01HW67NBPMVRQ1EMRXFTK60BG3,01HW65RMCDC2JK9MDS9NZE0GK8,2024-04-23T19:41:57.844331013Z,01HW65RMCN5GGNX2DHKN3T697P,2024-04-23T19:41:57.844331013Z,01HW67GAX7A2T799MH4EQBJKX8,2024-04-23T19:41:57.844331013Z
01HW67NBPTM0P8X5M63MTE83FS,01HW65RMCDC2JK9MDS9NZE0GK8,2024-04-23T19:41:57.850491127Z,01HW65RMCN5GGNX2DHKN3T697P,2024-04-23T19:41:57.850491127Z,01HW67HQZH94JZ4K16JDCA6H46,2024-04-23T19:41:57.850491127Z
01HW67NBQ0MV7XZ5XBZDH90M8T,01HW65RMCDC2JK9MDS9NZE0GK8,2024-04-23T19:41:57.856362886Z,01HW65RMCN5GGNX2DHKN3T697P,2024-04-23T19:41:57.856362886Z,01HW67HT13J39TYVH31N6D1B19,2024-04-23T19:41:57.856362886Z
01HW67WEKHDBERKF9Q1NW8K78T,01HW67QTY1CWZ4DC70Z04SJZGJ,2024-04-23T19:45:50.193793524Z,01HW67QTYGNAAVXJDBSQ3EVFNR,2024-04-23T19:45:50.193793524Z,01HW67RFBWYBGYMD4WTR5P5GY7,2024-04-23T19:45:50.193793524Z
01HW67WEKSPZAHZGJ0VDWZ8AKS,01HW67QTY1CWZ4DC70Z04SJZGJ,2024-04-23T19:45:50.201536423Z,01HW67QTYGNAAVXJDBSQ3EVFNR,2024-04-23T19:45:50.201536423Z,01HW67RGBDY5Z63B150FHG9V5X,2024-04-23T19:45:50.201536423Z
01HW67WEM4A98ZDDS29H8N09ZJ,01HW67QTY1CWZ4DC70Z04SJZGJ,2024-04-23T19:45:50.212183851Z,01HW67QTYGNAAVXJDBSQ3EVFNR,2024-04-23T19:45:50.212183851Z,01HW67RHDGNCX2XMT552ZQZB9M,2024-04-23T19:45:50.212183851Z
01HW67WEMFGW3Y56QA1A5EGTF6,01HW67QTY1CWZ4DC70Z04SJZGJ,2024-04-23T19:45:50.223682545Z,01HW67QTYGNAAVXJDBSQ3EVFNR,2024-04-23T19:45:50.223682545Z,01HW67SFSGCBHGM0TND41ADEVK,2024-04-23T19:45:50.223682545Z
01HW67X5QHSVXFJXV5ZCZY9Y0W,01HW65RKN1FGYG6PYPSCH4F283,2024-04-23T19:46:13.873636488Z,01HW65RKN9EV96EDV23517Q7BN,2024-04-23T19:46:13.873636488Z,01HW67RGBXSZNZ8S0278WZHDYN,2024-04-23T19:46:13.873636488Z
01HW67X5QS63WSFM5MN2XG83ET,01HW65RKN1FGYG6PYPSCH4F283,2024-04-23T19:46:13.881212083Z,01HW65RKN9EV96EDV23517Q7BN,2024-04-23T19:46:13.881212083Z,01HW67SK9XP003W0N4FD70EEAG,2024-04-23T19:46:13.881212083Z
01HW67X5R1483GHAHH4ACVFY4E,01HW65RKN1FGYG6PYPSCH4F283,2024-04-23T19:46:13.889574111Z,01HW65RKN9EV96EDV23517Q7BN,2024-04-23T19:46:13.889574111Z,01HW67SWJ0Q935H41Y2E46Z32T,2024-04-23T19:46:13.889574111Z
01HW67X5R8WC44K2Q7T7GXK5DN,01HW65RKN1FGYG6PYPSCH4F283,2024-04-23T19:46:13.897002352Z,01HW65RKN9EV96EDV23517Q7BN,2024-04-23T19:46:13.897002352Z,01HW67V2YT19HG89D5R0Y2CFVV,2024-04-23T19:46:13.897002352Z
01HW67Z1E06S0DTV9GGQHG5BTZ,01HW65RJZE5BT65CRK5C4G2EA8,2024-04-23T19:47:15.00819203Z,01HW65RJZQ1Y0Z19DJ41VKAJ6Y,2024-04-23T19:47:15.00819203Z,01HW67R9V4BM1DNX0WKP7FGMZE,2024-04-23T19:47:15.00819203Z
01HW67Z1EB2QW8NNXEQYTA02K8,01HW65RJZE5BT65CRK5C4G2EA8,2024-04-23T19:47:15.019700529Z,01HW65RJZQ1Y0Z19DJ41VKAJ6Y,2024-04-23T19:47:15.019700529Z,01HW67RPW2SPXYK05BWASWQCP0,2024-04-23T19:47:15.019700529Z
01HW67Z1EN88Q8P43M1TSWVZS8,01HW65RJZE5BT65CRK5C4G2EA8,2024-04-23T19:47:15.029729376Z,01HW65RJZQ1Y0Z19DJ41VKAJ6Y,2024-04-23T19:47:15.029729376Z,01HW67RQ3E0887BPX8DT6QQS36,2024-04-23T19:47:15.029729376Z
01HW67Z1EZPJHARMGXB04NSJ7N,01HW65RJZE5BT65CRK5C4G2EA8,2024-04-23T19:47:15.039943424Z,01HW65RJZQ1Y0Z19DJ41VKAJ6Y,2024-04-23T19:47:15.039943424Z,01HW67SRK3NHS1W8AJ502VDN8A,2024-04-23T19:47:15.039943424Z
01HW6857PJ1NMJ373DNG7MS2S7,01HW65RHGTD9ASSBQ5MYV33S99,2024-04-23T19:50:38.034582134Z,01HW65RHH15DH9Q9AP3SWCR4PM,2024-04-23T19:50:38.034582134Z,01HW67ZTMHV53R8G5RZ3QYQ9DV,2024-04-23T19:50:38.034582134Z
01HW6857PYHGRAAMEYHBG1V2AS,01HW65RHGTD9ASSBQ5MYV33S99,2024-04-23T19:50:38.046208275Z,01HW65RHH15DH9Q9AP3SWCR4PM,2024-04-23T19:50:38.046208275Z,01HW681M2AD585ED01MFSMEQMX,2024-04-23T19:50:38.046208275Z
01HW6857Q90SQEMFKP9HN9AQSW,01HW65RHGTD9ASSBQ5MYV33S99,2024-04-23T19:50:38.057286005Z,01HW65RHH15DH9Q9AP3SWCR4PM,2024-04-23T19:50:38.057286005Z,01HW681RJKJEGW65QJTCMWXSMB,2024-04-23T19:50:38.057286005Z
01HW6857QNJE77QXHDZ3G7JDJC,01HW65RHGTD9ASSBQ5MYV33S99,2024-04-23T19:50:38.069578406Z,01HW65RHH15DH9Q9AP3SWCR4PM,2024-04-23T19:50:38.069578406Z,01HW6828DPTC574Y362SA71NGE,2024-04-23T19:50:38.069578406Z
01HW686YF1D6827B9SV5VMP3H2,01HW65RJ73NF2ZDW6YKMSN47JG,2024-04-23T19:51:34.113227903Z,01HW65RJ7B8GKJQDPNDVG81NH5,2024-04-23T19:51:34.113227903Z,01HW67ZBCGNZ6BKWBQZ2S6PMWA,2024-04-23T19:51:34.113227903Z
01HW686YFJVF7A1BTNTZ293VM3,01HW65RJ73NF2ZDW6YKMSN47JG,2024-04-23T19:51:34.130380668Z,01HW65RJ7B8GKJQDPNDVG81NH5,2024-04-23T19:51:34.130380668Z,01HW67ZH08BRZ23F5JNE2MXSWZ,2024-04-23T19:51:34.130380668Z
01HW686YFZ4C5MEFV1VJ97BSWX,01HW65RJ73NF2ZDW6YKMSN47JG,2024-04-23T19:51:34.143776047Z,01HW65RJ7B8GKJQDPNDVG81NH5,2024-04-23T19:51:34.143776047Z,01HW67ZM05KPABJWPEFND14C20,2024-04-23T19:51:34.143776047Z
01HW686YGCCTH9KEAY51RZG66Q,01HW65RJ73NF2ZDW6YKMSN47JG,2024-04-23T19:51:34.157016882Z,01HW65RJ7B8GKJQDPNDVG81NH5,2024-04-23T19:51:34.157016882Z,01HW6854W2PHF9ZNHNZ4NAXZEV,2024-04-23T19:51:34.157016882Z
01HW68DGNCBKYXZB6YGJQ00JZ6,01HW65RGTG2Q3NVWHW3KMQE5J4,2024-04-23T19:55:09.356678076Z,01HW65RGTRBY22SCBVJTCBVMGV,2024-04-23T19:55:09.356678076Z,01HW68249335GWYQ7E72DS3VK2,2024-04-23T19:55:09.356678076Z
01HW68DGP0307SW0QNDYJE0Z4J,01HW65RGTG2Q3NVWHW3KMQE5J4,2024-04-23T19:55:09.376858068Z,01HW65RGTRBY22SCBVJTCBVMGV,2024-04-23T19:55:09.376858068Z,01HW6824G1ZYRY8FDJCQR0DARR,2024-04-23T19:55:09.376858068Z
01HW68DGPHYRHH8SDAW13ZQDG5,01HW65RGTG2Q3NVWHW3KMQE5J4,2024-04-23T19:55:09.393516491Z,01HW65RGTRBY22SCBVJTCBVMGV,2024-04-23T19:55:09.393516491Z,01HW682S71XW6S6FZATND3NNBP,2024-04-23T19:55:09.393516491Z
01HW68DGQ4KJZ70MT3XEF4J1ZG,01HW65RGTG2Q3NVWHW3KMQE5J4,2024-04-23T19:55:09.412301535Z,01HW65RGTRBY22SCBVJTCBVMGV,2024-04-23T19:55:09.412301535Z,01HW683PHHH8HKMVYNK8MK6075,2024-04-23T19:55:09.412301535Z
01HW68N0AFMZ52M1XC2FY4C3T2,01HW65RG34XAN2X81CGMMGV3HP,2024-04-23T19:59:14.767960167Z,01HW65RG3DMD8FH11D8CEF8E21,2024-04-23T19:59:14.767960167Z,01HW68F2MZEWXTEVH1SY8A3DAN,2024-04-23T19:59:14.767960167Z
01HW68N0AY87HJ09R5T04HYQTK,01HW65RG34XAN2X81CGMMGV3HP,2024-04-23T19:59:14.782540475Z,01HW65RG3DMD8FH11D8CEF8E21,2024-04-23T19:59:14.782540475Z,01HW68GCQHAS5DJ2SYZN355856,2024-04-23T19:59:14.782540475Z
01HW68N0BAVGSAC28STGGRRY9E,01HW65RG34XAN2X81CGMMGV3HP,2024-04-23T19:59:14.794156382Z,01HW65RG3DMD8FH11D8CEF8E21,2024-04-23T19:59:14.794156382Z,01HW68GH15HEQXFG27Y4TPG9FP,2024-04-23T19:59:14.794156382Z
01HW68N0BQ45H6RPB26NB0RKXB,01HW65RG34XAN2X81CGMMGV3HP,2024-04-23T19:59:14.807102604Z,01HW65RG3DMD8FH11D8CEF8E21,2024-04-23T19:59:14.807102604Z,01HW68H4DN99QW20XZ2YNKZBNY,2024-04-23T19:59:14.807102604Z
01HW68XSH8KZ410NHZ3GMGDF9Y,01HW68HH5XC8V2EG0C6BRZEJ13,2024-04-23T20:04:02.729106946Z,01HW68HH6SBW3MFSFTFK9Y26EH,2024-04-23T20:04:02.729106946Z,01HW68PDR4WHE0XFRN06FGSETW,2024-04-23T20:04:02.729106946Z
01HW68XSJ4DY74KFXHPTX98P08,01HW68HH5XC8V2EG0C6BRZEJ13,2024-04-23T20:04:02.756566613Z,01HW68HH6SBW3MFSFTFK9Y26EH,2024-04-23T20:04:02.756566613Z,01HW68QQZB3MJNEHZGKKZFPRV3,2024-04-23T20:04:02.756566613Z
01HW68XSK0QZKV5GMC8Z1S8SBD,01HW68HH5XC8V2EG0C6BRZEJ13,2024-04-23T20:04:02.784113592Z,01HW68HH6SBW3MFSFTFK9Y26EH,2024-04-23T20:04:02.784113592Z,01HW68T2DBPVD6YN3XMCY967MH,2024-04-23T20:04:02.784113592Z
01HW68XSKVDA5T7EGTFZQPVTAV,01HW68HH5XC8V2EG0C6BRZEJ13,2024-04-23T20:04:02.811831213Z,01HW68HH6SBW3MFSFTFK9Y26EH,2024-04-23T20:04:02.811831213Z,01HW68W3ZYP1ETK6DTGD5356YW,2024-04-23T20:04:02.811831213Z
01HW69352WTNNSQM63SAEA7W58,01HW68QECRJ5MSES78W5TB51EV,2024-04-23T20:06:58.396132143Z,01HW68QEE9VAQA6V0X1JTBE62C,2024-04-23T20:06:58.396132143Z,01HW68VS2V6A15VH1WP91B3F6A,2024-04-23T20:06:58.396132143Z
01HW69353DDBRV6YQR4QYHMN09,01HW68QECRJ5MSES78W5TB51EV,2024-04-23T20:06:58.41306831Z,01HW68QEE9VAQA6V0X1JTBE62C,2024-04-23T20:06:58.41306831Z,01HW68VZN4A65R8ANAGZJ4BPQA,2024-04-23T20:06:58.41306831Z
01HW69353W0YMTSC9EARRW6846,01HW68QECRJ5MSES78W5TB51EV,2024-04-23T20:06:58.42902422Z,01HW68QEE9VAQA6V0X1JTBE62C,2024-04-23T20:06:58.42902422Z,01HW68W38RN99EY29M2EXVZJVJ,2024-04-23T20:06:58.42902422Z
01HW69354DM9ND5BKJJV2Y1ARQ,01HW68QECRJ5MSES78W5TB51EV,2024-04-23T20:06:58.44591694Z,01HW68QEE9VAQA6V0X1JTBE62C,2024-04-23T20:06:58.44591694Z,01HW68WASEF6S6ZPD495BJVE75,2024-04-23T20:06:58.44591694Z
01HW694FAPRJBNBRC2027VKFRY,01HW68XWR2684EBJ6M3JGGRJ1F,2024-04-23T20:07:41.65501019Z,01HW68XWRR99JN1C04C9NRHR6W,2024-04-23T20:07:41.65501019Z,01HW68VCA52S9GPGV7D8G9Z54J,2024-04-23T20:07:41.65501019Z
01HW694FBC822Y0RWB1HTTYFCW,01HW68XWR2684EBJ6M3JGGRJ1F,2024-04-23T20:07:41.676045997Z,01HW68XWRR99JN1C04C9NRHR6W,2024-04-23T20:07:41.676045997Z,01HW68WQWERAPR39NMF9B0BNJC,2024-04-23T20:07:41.676045997Z
01HW694FBYNMHXRVB0MKB6W83B,01HW68XWR2684EBJ6M3JGGRJ1F,2024-04-23T20:07:41.694978733Z,01HW68XWRR99JN1C04C9NRHR6W,2024-04-23T20:07:41.694978733Z,01HW68Y8KFT8VX0G3NQ9CAYWRT,2024-04-23T20:07:41.694978733Z
01HW694FCRD2Y3EGK439Z4CMPM,01HW68XWR2684EBJ6M3JGGRJ1F,2024-04-23T20:07:41.720274795Z,01HW68XWRR99JN1C04C9NRHR6W,2024-04-23T20:07:41.720274795Z,01HW691P9XV2K5HKDVFD2BHPQA,2024-04-23T20:07:41.720274795Z
01HW699DZCZHVVE2CZT5YCA2CE,01HW65RFANA2K4B7PVX0JQARZP,2024-04-23T20:10:24.108548661Z,01HW65RFAYPT0QXG3583Y3FZKT,2024-04-23T20:10:24.108548661Z,01HW68ZJAT6F796WWZTENPC009,2024-04-23T20:10:24.108548661Z
01HW699E02TAKW7KA2290R3DPD,01HW65RFANA2K4B7PVX0JQARZP,2024-04-23T20:10:24.130537733Z,01HW65RFAYPT0QXG3583Y3FZKT,2024-04-23T20:10:24.130537733Z,01HW6918CHSA8X8H5M843097J8,2024-04-23T20:10:24.130537733Z
01HW699E0R690DKH7QEMYZPRRD,01HW65RFANA2K4B7PVX0JQARZP,2024-04-23T20:10:24.152991978Z,01HW65RFAYPT0QXG3583Y3FZKT,2024-04-23T20:10:24.152991978Z,01HW691KBTM2ST9ZX7AP6N0EZW,2024-04-23T20:10:24.152991978Z
01HW699E1FCPC85V5QF6PTRK58,01HW65RFANA2K4B7PVX0JQARZP,2024-04-23T20:10:24.175234294Z,01HW65RFAYPT0QXG3583Y3FZKT,2024-04-23T20:10:24.175234294Z,01HW6952A8SXS7T5XXD9CS8CX5,2024-04-23T20:10:24.175234294Z
01HW69GVJX2VHERTR3MJ69VMP3,01HW65RDV2T18JNG8Y7EFMXC48,2024-04-23T20:14:27.421105621Z,01HW65RDVBWNWBQ37AHS99ES86,2024-04-23T20:14:27.421105621Z,01HW69B9ZCD61EAN2KDPDS4G1X,2024-04-23T20:14:27.421105621Z
01HW69GVKJCRWZX5YETCS8TF00,01HW65RDV2T18JNG8Y7EFMXC48,2024-04-23T20:14:27.442475805Z,01HW65RDVBWNWBQ37AHS99ES86,2024-04-23T20:14:27.442475805Z,01HW69BA8F6K7CR6CD3VE8NKHE,2024-04-23T20:14:27.442475805Z
01HW69GVM5TR3X59DT6FEA13TX,01HW65RDV2T18JNG8Y7EFMXC48,2024-04-23T20:14:27.462028116Z,01HW65RDVBWNWBQ37AHS99ES86,2024-04-23T20:14:27.462028116Z,01HW69C6ZJDWSR1CBBJDYEQ9T4,2024-04-23T20:14:27.462028116Z
01HW69GVMS7QPXECJP2Z2QSWME,01HW65RDV2T18JNG8Y7EFMXC48,2024-04-23T20:14:27.48163815Z,01HW65RDVBWNWBQ37AHS99ES86,2024-04-23T20:14:27.48163815Z,01HW69DA747M6H59QDGNZXPNM3,2024-04-23T20:14:27.48163815Z
01HW69PAVAQV2E02ZGEBASP3QR,01HW65REKNMQ2C7YNGDQJHMRGR,2024-04-23T20:17:26.890712837Z,01HW65REM1S7VC11V6GJCP76YD,2024-04-23T20:17:26.890712837Z,01HW69B269RXPABK6HK0J0BNFX,2024-04-23T20:17:26.890712837Z
01HW69PAXNTTSPC93336Y9JAD7,01HW65REKNMQ2C7YNGDQJHMRGR,2024-04-23T20:17:26.965587338Z,01HW65REM1S7VC11V6GJCP76YD,2024-04-23T20:17:26.965587338Z,01HW69BDR5KSJBAV1TPTG84CBA,2024-04-23T20:17:26.965587338Z
01HW69PB11S3J9RNH9SSBSC6XM,01HW65REKNMQ2C7YNGDQJHMRGR,2024-04-23T20:17:27.073301223Z,01HW65REM1S7VC11V6GJCP76YD,2024-04-23T20:17:27.073301223Z,01HW69DQ0Q0CZF741B07SQF2X2,2024-04-23T20:17:27.073301223Z
01HW69PB2Y5KJ4F1C7T9E1FBX0,01HW65REKNMQ2C7YNGDQJHMRGR,2024-04-23T20:17:27.134224437Z,01HW65REM1S7VC11V6GJCP76YD,2024-04-23T20:17:27.134224437Z,01HW69EMHZG3K4QAFHYWMEAYGJ,2024-04-23T20:17:27.134224437Z
01HW69RN2A8G9PW6GZ8H7HH7YD,01HW65RD45GQN87WKPCKJE56CC,2024-04-23T20:18:42.890742874Z,01HW65RD4GBBZMKE6Y3T1SPZ6J,2024-04-23T20:18:42.890742874Z,01HW69BTZSFV9CZJJHWJTZ97CV,2024-04-23T20:18:42.890742874Z
01HW69RN3GQAA3WPZ5J3GWXMHC,01HW65RD45GQN87WKPCKJE56CC,2024-04-23T20:18:42.928284364Z,01HW65RD4GBBZMKE6Y3T1SPZ6J,2024-04-23T20:18:42.928284364Z,01HW69E3Z1X4SAPS6AB3P304S0,2024-04-23T20:18:42.928284364Z
01HW69RN460W1TRRW2G51Y01Z9,01HW65RD45GQN87WKPCKJE56CC,2024-04-23T20:18:42.950399114Z,01HW65RD4GBBZMKE6Y3T1SPZ6J,2024-04-23T20:18:42.950399114Z,01HW69MF9NZSRSHX53HFYTCJ07,2024-04-23T20:18:42.950399114Z
01HW69RN4W2REERNY50V60Z6W6,01HW65RD45GQN87WKPCKJE56CC,2024-04-23T20:18:42.972825855Z,01HW65RD4GBBZMKE6Y3T1SPZ6J,2024-04-23T20:18:42.972825855Z,01HW69MM0SRP88D7C2R4F2S9V3,2024-04-23T20:18:42.972825855Z
01HW69VEN2EAKADQEVVXXA01V6,01HW65RCAFWMW3GWYASN59TC0C,2024-04-23T20:20:14.626545558Z,01HW65RCAT20XJM0BB4VJMY120,2024-04-23T20:20:14.626545558Z,01HW69KX7T77EM1WEB2CXB66DY,2024-04-23T20:20:14.626545558Z
01HW69VENVWQKRB6AD5G95SMGK,01HW65RCAFWMW3GWYASN59TC0C,2024-04-23T20:20:14.65144491Z,01HW65RCAT20XJM0BB4VJMY120,2024-04-23T20:20:14.65144491Z,01HW69MBCWXDFH5P00ZK0XKA7Z,2024-04-23T20:20:14.65144491Z
01HW69VEPJA2C948JX7ADJ3ZS7,01HW65RCAFWMW3GWYASN59TC0C,2024-04-23T20:20:14.674237715Z,01HW65RCAT20XJM0BB4VJMY120,2024-04-23T20:20:14.674237715Z,01HW69RKMCDGREDHE7Y4D3GQEB,2024-04-23T20:20:14.674237715Z
01HW69VEQDVH1XA46F0SPBGM0W,01HW65RCAFWMW3GWYASN59TC0C,2024-04-23T20:20:14.701291719Z,01HW65RCAT20XJM0BB4VJMY120,2024-04-23T20:20:14.701291719Z,01HW69S6Y666QDBJDWS4P0D0S9,2024-04-23T20:20:14.701291719Z
01HW69YC429VVZ0K4MDSBA95J8,01HW65RBM8KHS3C52H2QNVGNSM,2024-04-23T20:21:50.338299249Z,01HW65RBMH561M3Y6VQXFWFN68,2024-04-23T20:21:50.338299249Z,01HW69R9WMYP6EF5HQ8TAJSWT2,2024-04-23T20:21:50.338299249Z
01HW69YC566XDF2V5T0W2QMN89,01HW65RBM8KHS3C52H2QNVGNSM,2024-04-23T20:21:50.374752527Z,01HW65RBMH561M3Y6VQXFWFN68,2024-04-23T20:21:50.374752527Z,01HW69RQQ6EVJMCDSHTDREAQQJ,2024-04-23T20:21:50.374752527Z
01HW69YC65R8GASCCG1DR9KY92,01HW65RBM8KHS3C52H2QNVGNSM,2024-04-23T20:21:50.405588658Z,01HW65RBMH561M3Y6VQXFWFN68,2024-04-23T20:21:50.405588658Z,01HW69TMATVCWD6YVGK6MBKVNC,2024-04-23T20:21:50.405588658Z
01HW69YC7BDSXPSNZFFFK5T234,01HW65RBM8KHS3C52H2QNVGNSM,2024-04-23T20:21:50.443637018Z,01HW65RBMH561M3Y6VQXFWFN68,2024-04-23T20:21:50.443637018Z,01HW69TMWE438FDMQXPBSC328G,2024-04-23T20:21:50.443637018Z
01HW6A02X188MXSRGY94VR9X3B,01HW69VZ38A4Y91JWT1V05MRCB,2024-04-23T20:22:46.433389345Z,01HW69VZ45MBYTEC9B3KV1NQ9C,2024-04-23T20:22:46.433389345Z,01HW69RSPGANJFX8Y3PHV63R0R,2024-04-23T20:22:46.433389345Z
01HW6A02XRA8AD6REKYEDRNHZ2,01HW69VZ38A4Y91JWT1V05MRCB,2024-04-23T20:22:46.457008563Z,01HW69VZ45MBYTEC9B3KV1NQ9C,2024-04-23T20:22:46.457008563Z,01HW69SAJT2Z5CE7YK40ZN6EF3,2024-04-23T20:22:46.457008563Z
01HW6A02YHKS4HG8NGN2NJ28K1,01HW69VZ38A4Y91JWT1V05MRCB,2024-04-23T20:22:46.481705235Z,01HW69VZ45MBYTEC9B3KV1NQ9C,2024-04-23T20:22:46.481705235Z,01HW69WSGFZT4DCSXMA9M23CDA,2024-04-23T20:22:46.481705235Z
01HW6A02ZJ22RVDKJCTCNNFK1V,01HW69VZ38A4Y91JWT1V05MRCB,2024-04-23T20:22:46.51416258Z,01HW69VZ45MBYTEC9B3KV1NQ9C,2024-04-23T20:22:46.51416258Z,01HW69X7HGC8TN6KTWFJXTCDZ2,2024-04-23T20:22:46.51416258Z
01HW6A2J1CB1BZPG7F7A285Q7V,01HW65RAXYYC4V6N2748QMYQS9,2024-04-23T20:24:07.468942059Z,01HW65RAY62DQZ95DV6B2AF22H,2024-04-23T20:24:07.468942059Z,01HW69QXN3QVF8R7GVGJCA214R,2024-04-23T20:24:07.468942059Z
01HW6A2J4A637FTA28GRHFPDKH,01HW65RAXYYC4V6N2748QMYQS9,2024-04-23T20:24:07.562904697Z,01HW65RAY62DQZ95DV6B2AF22H,2024-04-23T20:24:07.562904697Z,01HW69W3V4FTQJFHRQGV19QEGE,2024-04-23T20:24:07.562904697Z
01HW6A2J7H4PAQAPF57KDXQ4EM,01HW65RAXYYC4V6N2748QMYQS9,2024-04-23T20:24:07.665060935Z,01HW65RAY62DQZ95DV6B2AF22H,2024-04-23T20:24:07.665060935Z,01HW69XHHQQJDQ9EYPGDP4N38C,2024-04-23T20:24:07.665060935Z
01HW6A2JAC4GS6NANPMYXBST3V,01HW65RAXYYC4V6N2748QMYQS9,2024-04-23T20:24:07.756525484Z,01HW65RAY62DQZ95DV6B2AF22H,2024-04-23T20:24:07.756525484Z,01HW69ZGHXTPZ0X49T9SX5TADG,2024-04-23T20:24:07.756525484Z
01HW6A6P3HAKYZ1MNEAD3TKS61,01HW65R9FG1574QDHVWAKH3N78,2024-04-23T20:26:22.705916417Z,01HW65R9FRYSHG6Q5GRYQAXWJ5,2024-04-23T20:26:22.705916417Z,01HW69XZTK1MTNKAJ63YAJNKFB,2024-04-23T20:26:22.705916417Z
01HW6A6P4EXY3TVG3WN2X8J9YE,01HW65R9FG1574QDHVWAKH3N78,2024-04-23T20:26:22.734944021Z,01HW65R9FRYSHG6Q5GRYQAXWJ5,2024-04-23T20:26:22.734944021Z,01HW69ZHX3YBF9PT65BA9YXXYX,2024-04-23T20:26:22.734944021Z
01HW6A6P5D1DNW6HD12972HCZP,01HW65R9FG1574QDHVWAKH3N78,2024-04-23T20:26:22.765380093Z,01HW65R9FRYSHG6Q5GRYQAXWJ5,2024-04-23T20:26:22.765380093Z,01HW6A0CX94ECTBQ00C9EXGP9B,2024-04-23T20:26:22.765380093Z
01HW6A6P695R58MMEPQTFQJ4J6,01HW65R9FG1574QDHVWAKH3N78,2024-04-23T20:26:22.793740473Z,01HW65R9FRYSHG6Q5GRYQAXWJ5,2024-04-23T20:26:22.793740473Z,01HW6A0NFXSVFZXNV5ZKQS16HC,2024-04-23T20:26:22.793740473Z
01HW66S25WJEW6AED4JEH4JYVM,01HW65NTPRBDWA01CY3WJM1NSS,2024-04-23T19:26:30.588606544Z,01HW65NTQAEFPDQM85F3KF8DKE,2024-04-23T19:26:30.588606544Z,01HW66EKJSHK1TDTA8J6QYSN48,2024-04-23T19:26:30.588606544Z
01HW66S2655MT8SVRXSF3EMH47,01HW65NTPRBDWA01CY3WJM1NSS,2024-04-23T19:26:30.598018263Z,01HW65NTQAEFPDQM85F3KF8DKE,2024-04-23T19:26:30.598018263Z,01HW66HB1DF9Q7QSWX9ZTK3TKP,2024-04-23T19:26:30.598018263Z
01HW66S26D0M5E75RXZX9VZB2Z,01HW65NTPRBDWA01CY3WJM1NSS,2024-04-23T19:26:30.605401204Z,01HW65NTQAEFPDQM85F3KF8DKE,2024-04-23T19:26:30.605401204Z,01HW66KZZ28TB65M259NA81579,2024-04-23T19:26:30.605401204Z
01HW66S26J0NKHNACR0TW0SY5Z,01HW65NTPRBDWA01CY3WJM1NSS,2024-04-23T19:26:30.610049658Z,01HW65NTQAEFPDQM85F3KF8DKE,2024-04-23T19:26:30.610049658Z,01HW66P01JA1T3HXTJWM1G4W06,2024-04-23T19:26:30.610049658Z
01HW66XWGD0PXDZGC5SZJDN9AT,01HW65RNPY0F0AJDEWETBECD0E,2024-04-23T19:29:08.621597277Z,01HW65RNQ8NAEZTESS2X144C48,2024-04-23T19:29:08.621597277Z,01HW66MYWNA3YYR374RDDD12QN,2024-04-23T19:29:08.621597277Z
01HW66XWGKFPGC3FH0YWV4R6X1,01HW65RNPY0F0AJDEWETBECD0E,2024-04-23T19:29:08.627125793Z,01HW65RNQ8NAEZTESS2X144C48,2024-04-23T19:29:08.627125793Z,01HW66NFR9V6MYCXFK43FS6CD8,2024-04-23T19:29:08.627125793Z
01HW66XWGQRZTRPJ89WMD7SCR4,01HW65RNPY0F0AJDEWETBECD0E,2024-04-23T19:29:08.63174638Z,01HW65RNQ8NAEZTESS2X144C48,2024-04-23T19:29:08.63174638Z,01HW66R64537DHDTFX2QARBASA,2024-04-23T19:29:08.63174638Z
01HW66XWGW7RT7V9AY080Q5ASM,01HW65RNPY0F0AJDEWETBECD0E,2024-04-23T19:29:08.636511779Z,01HW65RNQ8NAEZTESS2X144C48,2024-04-23T19:29:08.636511779Z,01HW66R7XQ2J7FBKA7HNWDTAWK,2024-04-23T19:29:08.636511779Z
01HW670BC8W2R12441C5KBN5SB,01HW65RN1MVRN07M5V41Z5KQ87,2024-04-23T19:30:29.384669969Z,01HW65RN1TN2DR2QY83A7GX8YK,2024-04-23T19:30:29.384669969Z,01HW66N3D9DED1MZMJR6M5TYEX,2024-04-23T19:30:29.384669969Z
01HW670BCD9VD1HVHP19SEH0XM,01HW65RN1MVRN07M5V41Z5KQ87,2024-04-23T19:30:29.389497803Z,01HW65RN1TN2DR2QY83A7GX8YK,2024-04-23T19:30:29.389497803Z,01HW66R15S9XBRZNE4BDN2404D,2024-04-23T19:30:29.389497803Z
01HW670BCJP4SC63X3B0WGA9JG,01HW65RN1MVRN07M5V41Z5KQ87,2024-04-23T19:30:29.394077286Z,01HW65RN1TN2DR2QY83A7GX8YK,2024-04-23T19:30:29.394077286Z,01HW66T73N0NY4C2D8V6KWXHZT,2024-04-23T19:30:29.394077286Z
01HW670BCQ1V40ASDVSTF1BV7G,01HW65RN1MVRN07M5V41Z5KQ87,2024-04-23T19:30:29.39987059Z,01HW65RN1TN2DR2QY83A7GX8YK,2024-04-23T19:30:29.39987059Z,01HW66VCEV74NJ46CVZE7HV3FP,2024-04-23T19:30:29.39987059Z
01HW672Q9RY045QH74ANHQF016,01HW66X1WQ63ZYBPASSX8CX6RE,2024-04-23T19:31:47.128035629Z,01HW66X1X0WRHZ2Q4JVN1M93SC,2024-04-23T19:31:47.128035629Z,01HW66WBKYB3CEGACPR96A3WS2,2024-04-23T19:31:47.128035629Z
01HW672Q9XWXH6Z15AHYFJ64A2,01HW66X1WQ63ZYBPASSX8CX6RE,2024-04-23T19:31:47.133402348Z,01HW66X1X0WRHZ2Q4JVN1M93SC,2024-04-23T19:31:47.133402348Z,01HW66WZWQ5QNPBSWV4P3DQBRZ,2024-04-23T19:31:47.133402348Z
01HW672QA2V2MSQN51Y33YKMAN,01HW66X1WQ63ZYBPASSX8CX6RE,2024-04-23T19:31:47.138859101Z,01HW66X1X0WRHZ2Q4JVN1M93SC,2024-04-23T19:31:47.138859101Z,01HW66X4B453TBVC6VJCADYSXB,2024-04-23T19:31:47.138859101Z
01HW672QA88BA0JVRDDM401KQQ,01HW66X1WQ63ZYBPASSX8CX6RE,2024-04-23T19:31:47.144327308Z,01HW66X1X0WRHZ2Q4JVN1M93SC,2024-04-23T19:31:47.144327308Z,01HW66ZNA86FE8GZ6RRDEJY5KS,2024-04-23T19:31:47.144327308Z
01HW67CEDV8834C9DCEN3FN9TB,01HW66Y45JE7CNV95X2KKEE9X3,2024-04-23T19:37:05.723598493Z,01HW66Y45WZ348W6Z0Q32845SX,2024-04-23T19:37:05.723598493Z,01HW673KSH52X2HGJMPPNX6CXR,2024-04-23T19:37:05.723598493Z
01HW67CEE98YT8M20M0G3N7MTP,01HW66Y45JE7CNV95X2KKEE9X3,2024-04-23T19:37:05.737987167Z,01HW66Y45WZ348W6Z0Q32845SX,2024-04-23T19:37:05.737987167Z,01HW6742NGSB6CB4AYA1GCRN5X,2024-04-23T19:37:05.737987167Z
01HW67CEES743GWYJ52K158ZV9,01HW66Y45JE7CNV95X2KKEE9X3,2024-04-23T19:37:05.753354797Z,01HW66Y45WZ348W6Z0Q32845SX,2024-04-23T19:37:05.753354797Z,01HW67499VA0AZVRTWFQPT4NKE,2024-04-23T19:37:05.753354797Z
01HW67CEF30FSFQNC3YMNX54CZ,01HW66Y45JE7CNV95X2KKEE9X3,2024-04-23T19:37:05.763762829Z,01HW66Y45WZ348W6Z0Q32845SX,2024-04-23T19:37:05.763762829Z,01HW67609BX6YX25Z28K1CCZ4N,2024-04-23T19:37:05.763762829Z
01HW67NBPE06PNZXWVFADF03QP,01HW65RMCDC2JK9MDS9NZE0GK8,2024-04-23T19:41:57.838228784Z,01HW65RMCN5GGNX2DHKN3T697P,2024-04-23T19:41:57.838228784Z,01HW67FK3Y5YSN2HA5PW124H2F,2024-04-23T19:41:57.838228784Z
01HW67NBPMVRQ1EMRXFTK60BG3,01HW65RMCDC2JK9MDS9NZE0GK8,2024-04-23T19:41:57.844331013Z,01HW65RMCN5GGNX2DHKN3T697P,2024-04-23T19:41:57.844331013Z,01HW67GAX7A2T799MH4EQBJKX8,2024-04-23T19:41:57.844331013Z
01HW67NBPTM0P8X5M63MTE83FS,01HW65RMCDC2JK9MDS9NZE0GK8,2024-04-23T19:41:57.850491127Z,01HW65RMCN5GGNX2DHKN3T697P,2024-04-23T19:41:57.850491127Z,01HW67HQZH94JZ4K16JDCA6H46,2024-04-23T19:41:57.850491127Z
01HW67NBQ0MV7XZ5XBZDH90M8T,01HW65RMCDC2JK9MDS9NZE0GK8,2024-04-23T19:41:57.856362886Z,01HW65RMCN5GGNX2DHKN3T697P,2024-04-23T19:41:57.856362886Z,01HW67HT13J39TYVH31N6D1B19,2024-04-23T19:41:57.856362886Z
01HW67WEKHDBERKF9Q1NW8K78T,01HW67QTY1CWZ4DC70Z04SJZGJ,2024-04-23T19:45:50.193793524Z,01HW67QTYGNAAVXJDBSQ3EVFNR,2024-04-23T19:45:50.193793524Z,01HW67RFBWYBGYMD4WTR5P5GY7,2024-04-23T19:45:50.193793524Z
01HW67WEKSPZAHZGJ0VDWZ8AKS,01HW67QTY1CWZ4DC70Z04SJZGJ,2024-04-23T19:45:50.201536423Z,01HW67QTYGNAAVXJDBSQ3EVFNR,2024-04-23T19:45:50.201536423Z,01HW67RGBDY5Z63B150FHG9V5X,2024-04-23T19:45:50.201536423Z
01HW67WEM4A98ZDDS29H8N09ZJ,01HW67QTY1CWZ4DC70Z04SJZGJ,2024-04-23T19:45:50.212183851Z,01HW67QTYGNAAVXJDBSQ3EVFNR,2024-04-23T19:45:50.212183851Z,01HW67RHDGNCX2XMT552ZQZB9M,2024-04-23T19:45:50.212183851Z
01HW67WEMFGW3Y56QA1A5EGTF6,01HW67QTY1CWZ4DC70Z04SJZGJ,2024-04-23T19:45:50.223682545Z,01HW67QTYGNAAVXJDBSQ3EVFNR,2024-04-23T19:45:50.223682545Z,01HW67SFSGCBHGM0TND41ADEVK,2024-04-23T19:45:50.223682545Z
01HW67X5QHSVXFJXV5ZCZY9Y0W,01HW65RKN1FGYG6PYPSCH4F283,2024-04-23T19:46:13.873636488Z,01HW65RKN9EV96EDV23517Q7BN,2024-04-23T19:46:13.873636488Z,01HW67RGBXSZNZ8S0278WZHDYN,2024-04-23T19:46:13.873636488Z
01HW67X5QS63WSFM5MN2XG83ET,01HW65RKN1FGYG6PYPSCH4F283,2024-04-23T19:46:13.881212083Z,01HW65RKN9EV96EDV23517Q7BN,2024-04-23T19:46:13.881212083Z,01HW67SK9XP003W0N4FD70EEAG,2024-04-23T19:46:13.881212083Z
01HW67X5R1483GHAHH4ACVFY4E,01HW65RKN1FGYG6PYPSCH4F283,2024-04-23T19:46:13.889574111Z,01HW65RKN9EV96EDV23517Q7BN,2024-04-23T19:46:13.889574111Z,01HW67SWJ0Q935H41Y2E46Z32T,2024-04-23T19:46:13.889574111Z
01HW67X5R8WC44K2Q7T7GXK5DN,01HW65RKN1FGYG6PYPSCH4F283,2024-04-23T19:46:13.897002352Z,01HW65RKN9EV96EDV23517Q7BN,2024-04-23T19:46:13.897002352Z,01HW67V2YT19HG89D5R0Y2CFVV,2024-04-23T19:46:13.897002352Z
01HW67Z1E06S0DTV9GGQHG5BTZ,01HW65RJZE5BT65CRK5C4G2EA8,2024-04-23T19:47:15.00819203Z,01HW65RJZQ1Y0Z19DJ41VKAJ6Y,2024-04-23T19:47:15.00819203Z,01HW67R9V4BM1DNX0WKP7FGMZE,2024-04-23T19:47:15.00819203Z
01HW67Z1EB2QW8NNXEQYTA02K8,01HW65RJZE5BT65CRK5C4G2EA8,2024-04-23T19:47:15.019700529Z,01HW65RJZQ1Y0Z19DJ41VKAJ6Y,2024-04-23T19:47:15.019700529Z,01HW67RPW2SPXYK05BWASWQCP0,2024-04-23T19:47:15.019700529Z
01HW67Z1EN88Q8P43M1TSWVZS8,01HW65RJZE5BT65CRK5C4G2EA8,2024-04-23T19:47:15.029729376Z,01HW65RJZQ1Y0Z19DJ41VKAJ6Y,2024-04-23T19:47:15.029729376Z,01HW67RQ3E0887BPX8DT6QQS36,2024-04-23T19:47:15.029729376Z
01HW67Z1EZPJHARMGXB04NSJ7N,01HW65RJZE5BT65CRK5C4G2EA8,2024-04-23T19:47:15.039943424Z,01HW65RJZQ1Y0Z19DJ41VKAJ6Y,2024-04-23T19:47:15.039943424Z,01HW67SRK3NHS1W8AJ502VDN8A,2024-04-23T19:47:15.039943424Z
01HW6857PJ1NMJ373DNG7MS2S7,01HW65RHGTD9ASSBQ5MYV33S99,2024-04-23T19:50:38.034582134Z,01HW65RHH15DH9Q9AP3SWCR4PM,2024-04-23T19:50:38.034582134Z,01HW67ZTMHV53R8G5RZ3QYQ9DV,2024-04-23T19:50:38.034582134Z
01HW6857PYHGRAAMEYHBG1V2AS,01HW65RHGTD9ASSBQ5MYV33S99,2024-04-23T19:50:38.046208275Z,01HW65RHH15DH9Q9AP3SWCR4PM,2024-04-23T19:50:38.046208275Z,01HW681M2AD585ED01MFSMEQMX,2024-04-23T19:50:38.046208275Z
01HW6857Q90SQEMFKP9HN9AQSW,01HW65RHGTD9ASSBQ5MYV33S99,2024-04-23T19:50:38.057286005Z,01HW65RHH15DH9Q9AP3SWCR4PM,2024-04-23T19:50:38.057286005Z,01HW681RJKJEGW65QJTCMWXSMB,2024-04-23T19:50:38.057286005Z
01HW6857QNJE77QXHDZ3G7JDJC,01HW65RHGTD9ASSBQ5MYV33S99,2024-04-23T19:50:38.069578406Z,01HW65RHH15DH9Q9AP3SWCR4PM,2024-04-23T19:50:38.069578406Z,01HW6828DPTC574Y362SA71NGE,2024-04-23T19:50:38.069578406Z
01HW686YF1D6827B9SV5VMP3H2,01HW65RJ73NF2ZDW6YKMSN47JG,2024-04-23T19:51:34.113227903Z,01HW65RJ7B8GKJQDPNDVG81NH5,2024-04-23T19:51:34.113227903Z,01HW67ZBCGNZ6BKWBQZ2S6PMWA,2024-04-23T19:51:34.113227903Z
01HW686YFJVF7A1BTNTZ293VM3,01HW65RJ73NF2ZDW6YKMSN47JG,2024-04-23T19:51:34.130380668Z,01HW65RJ7B8GKJQDPNDVG81NH5,2024-04-23T19:51:34.130380668Z,01HW67ZH08BRZ23F5JNE2MXSWZ,2024-04-23T19:51:34.130380668Z
01HW686YFZ4C5MEFV1VJ97BSWX,01HW65RJ73NF2ZDW6YKMSN47JG,2024-04-23T19:51:34.143776047Z,01HW65RJ7B8GKJQDPNDVG81NH5,2024-04-23T19:51:34.143776047Z,01HW67ZM05KPABJWPEFND14C20,2024-04-23T19:51:34.143776047Z
01HW686YGCCTH9KEAY51RZG66Q,01HW65RJ73NF2ZDW6YKMSN47JG,2024-04-23T19:51:34.157016882Z,01HW65RJ7B8GKJQDPNDVG81NH5,2024-04-23T19:51:34.157016882Z,01HW6854W2PHF9ZNHNZ4NAXZEV,2024-04-23T19:51:34.157016882Z
01HW68DGNCBKYXZB6YGJQ00JZ6,01HW65RGTG2Q3NVWHW3KMQE5J4,2024-04-23T19:55:09.356678076Z,01HW65RGTRBY22SCBVJTCBVMGV,2024-04-23T19:55:09.356678076Z,01HW68249335GWYQ7E72DS3VK2,2024-04-23T19:55:09.356678076Z
01HW68DGP0307SW0QNDYJE0Z4J,01HW65RGTG2Q3NVWHW3KMQE5J4,2024-04-23T19:55:09.376858068Z,01HW65RGTRBY22SCBVJTCBVMGV,2024-04-23T19:55:09.376858068Z,01HW6824G1ZYRY8FDJCQR0DARR,2024-04-23T19:55:09.376858068Z
01HW68DGPHYRHH8SDAW13ZQDG5,01HW65RGTG2Q3NVWHW3KMQE5J4,2024-04-23T19:55:09.393516491Z,01HW65RGTRBY22SCBVJTCBVMGV,2024-04-23T19:55:09.393516491Z,01HW682S71XW6S6FZATND3NNBP,2024-04-23T19:55:09.393516491Z
01HW68DGQ4KJZ70MT3XEF4J1ZG,01HW65RGTG2Q3NVWHW3KMQE5J4,2024-04-23T19:55:09.412301535Z,01HW65RGTRBY22SCBVJTCBVMGV,2024-04-23T19:55:09.412301535Z,01HW683PHHH8HKMVYNK8MK6075,2024-04-23T19:55:09.412301535Z
01HW68N0AFMZ52M1XC2FY4C3T2,01HW65RG34XAN2X81CGMMGV3HP,2024-04-23T19:59:14.767960167Z,01HW65RG3DMD8FH11D8CEF8E21,2024-04-23T19:59:14.767960167Z,01HW68F2MZEWXTEVH1SY8A3DAN,2024-04-23T19:59:14.767960167Z
01HW68N0AY87HJ09R5T04HYQTK,01HW65RG34XAN2X81CGMMGV3HP,2024-04-23T19:59:14.782540475Z,01HW65RG3DMD8FH11D8CEF8E21,2024-04-23T19:59:14.782540475Z,01HW68GCQHAS5DJ2SYZN355856,2024-04-23T19:59:14.782540475Z
01HW68N0BAVGSAC28STGGRRY9E,01HW65RG34XAN2X81CGMMGV3HP,2024-04-23T19:59:14.794156382Z,01HW65RG3DMD8FH11D8CEF8E21,2024-04-23T19:59:14.794156382Z,01HW68GH15HEQXFG27Y4TPG9FP,2024-04-23T19:59:14.794156382Z
01HW68N0BQ45H6RPB26NB0RKXB,01HW65RG34XAN2X81CGMMGV3HP,2024-04-23T19:59:14.807102604Z,01HW65RG3DMD8FH11D8CEF8E21,2024-04-23T19:59:14.807102604Z,01HW68H4DN99QW20XZ2YNKZBNY,2024-04-23T19:59:14.807102604Z
01HW68XSH8KZ410NHZ3GMGDF9Y,01HW68HH5XC8V2EG0C6BRZEJ13,2024-04-23T20:04:02.729106946Z,01HW68HH6SBW3MFSFTFK9Y26EH,2024-04-23T20:04:02.729106946Z,01HW68PDR4WHE0XFRN06FGSETW,2024-04-23T20:04:02.729106946Z
01HW68XSJ4DY74KFXHPTX98P08,01HW68HH5XC8V2EG0C6BRZEJ13,2024-04-23T20:04:02.756566613Z,01HW68HH6SBW3MFSFTFK9Y26EH,2024-04-23T20:04:02.756566613Z,01HW68QQZB3MJNEHZGKKZFPRV3,2024-04-23T20:04:02.756566613Z
01HW68XSK0QZKV5GMC8Z1S8SBD,01HW68HH5XC8V2EG0C6BRZEJ13,2024-04-23T20:04:02.784113592Z,01HW68HH6SBW3MFSFTFK9Y26EH,2024-04-23T20:04:02.784113592Z,01HW68T2DBPVD6YN3XMCY967MH,2024-04-23T20:04:02.784113592Z
01HW68XSKVDA5T7EGTFZQPVTAV,01HW68HH5XC8V2EG0C6BRZEJ13,2024-04-23T20:04:02.811831213Z,01HW68HH6SBW3MFSFTFK9Y26EH,2024-04-23T20:04:02.811831213Z,01HW68W3ZYP1ETK6DTGD5356YW,2024-04-23T20:04:02.811831213Z
01HW69352WTNNSQM63SAEA7W58,01HW68QECRJ5MSES78W5TB51EV,2024-04-23T20:06:58.396132143Z,01HW68QEE9VAQA6V0X1JTBE62C,2024-04-23T20:06:58.396132143Z,01HW68VS2V6A15VH1WP91B3F6A,2024-04-23T20:06:58.396132143Z
01HW69353DDBRV6YQR4QYHMN09,01HW68QECRJ5MSES78W5TB51EV,2024-04-23T20:06:58.41306831Z,01HW68QEE9VAQA6V0X1JTBE62C,2024-04-23T20:06:58.41306831Z,01HW68VZN4A65R8ANAGZJ4BPQA,2024-04-23T20:06:58.41306831Z
01HW69353W0YMTSC9EARRW6846,01HW68QECRJ5MSES78W5TB51EV,2024-04-23T20:06:58.42902422Z,01HW68QEE9VAQA6V0X1JTBE62C,2024-04-23T20:06:58.42902422Z,01HW68W38RN99EY29M2EXVZJVJ,2024-04-23T20:06:58.42902422Z
01HW69354DM9ND5BKJJV2Y1ARQ,01HW68QECRJ5MSES78W5TB51EV,2024-04-23T20:06:58.44591694Z,01HW68QEE9VAQA6V0X1JTBE62C,2024-04-23T20:06:58.44591694Z,01HW68WASEF6S6ZPD495BJVE75,2024-04-23T20:06:58.44591694Z
01HW694FAPRJBNBRC2027VKFRY,01HW68XWR2684EBJ6M3JGGRJ1F,2024-04-23T20:07:41.65501019Z,01HW68XWRR99JN1C04C9NRHR6W,2024-04-23T20:07:41.65501019Z,01HW68VCA52S9GPGV7D8G9Z54J,2024-04-23T20:07:41.65501019Z
01HW694FBC822Y0RWB1HTTYFCW,01HW68XWR2684EBJ6M3JGGRJ1F,2024-04-23T20:07:41.676045997Z,01HW68XWRR99JN1C04C9NRHR6W,2024-04-23T20:07:41.676045997Z,01HW68WQWERAPR39NMF9B0BNJC,2024-04-23T20:07:41.676045997Z
01HW694FBYNMHXRVB0MKB6W83B,01HW68XWR2684EBJ6M3JGGRJ1F,2024-04-23T20:07:41.694978733Z,01HW68XWRR99JN1C04C9NRHR6W,2024-04-23T20:07:41.694978733Z,01HW68Y8KFT8VX0G3NQ9CAYWRT,2024-04-23T20:07:41.694978733Z
01HW694FCRD2Y3EGK439Z4CMPM,01HW68XWR2684EBJ6M3JGGRJ1F,2024-04-23T20:07:41.720274795Z,01HW68XWRR99JN1C04C9NRHR6W,2024-04-23T20:07:41.720274795Z,01HW691P9XV2K5HKDVFD2BHPQA,2024-04-23T20:07:41.720274795Z
01HW699DZCZHVVE2CZT5YCA2CE,01HW65RFANA2K4B7PVX0JQARZP,2024-04-23T20:10:24.108548661Z,01HW65RFAYPT0QXG3583Y3FZKT,2024-04-23T20:10:24.108548661Z,01HW68ZJAT6F796WWZTENPC009,2024-04-23T20:10:24.108548661Z
01HW699E02TAKW7KA2290R3DPD,01HW65RFANA2K4B7PVX0JQARZP,2024-04-23T20:10:24.130537733Z,01HW65RFAYPT0QXG3583Y3FZKT,2024-04-23T20:10:24.130537733Z,01HW6918CHSA8X8H5M843097J8,2024-04-23T20:10:24.130537733Z
01HW699E0R690DKH7QEMYZPRRD,01HW65RFANA2K4B7PVX0JQARZP,2024-04-23T20:10:24.152991978Z,01HW65RFAYPT0QXG3583Y3FZKT,2024-04-23T20:10:24.152991978Z,01HW691KBTM2ST9ZX7AP6N0EZW,2024-04-23T20:10:24.152991978Z
01HW699E1FCPC85V5QF6PTRK58,01HW65RFANA2K4B7PVX0JQARZP,2024-04-23T20:10:24.175234294Z,01HW65RFAYPT0QXG3583Y3FZKT,2024-04-23T20:10:24.175234294Z,01HW6952A8SXS7T5XXD9CS8CX5,2024-04-23T20:10:24.175234294Z
01HW69GVJX2VHERTR3MJ69VMP3,01HW65RDV2T18JNG8Y7EFMXC48,2024-04-23T20:14:27.421105621Z,01HW65RDVBWNWBQ37AHS99ES86,2024-04-23T20:14:27.421105621Z,01HW69B9ZCD61EAN2KDPDS4G1X,2024-04-23T20:14:27.421105621Z
01HW69GVKJCRWZX5YETCS8TF00,01HW65RDV2T18JNG8Y7EFMXC48,2024-04-23T20:14:27.442475805Z,01HW65RDVBWNWBQ37AHS99ES86,2024-04-23T20:14:27.442475805Z,01HW69BA8F6K7CR6CD3VE8NKHE,2024-04-23T20:14:27.442475805Z
01HW69GVM5TR3X59DT6FEA13TX,01HW65RDV2T18JNG8Y7EFMXC48,2024-04-23T20:14:27.462028116Z,01HW65RDVBWNWBQ37AHS99ES86,2024-04-23T20:14:27.462028116Z,01HW69C6ZJDWSR1CBBJDYEQ9T4,2024-04-23T20:14:27.462028116Z
01HW69GVMS7QPXECJP2Z2QSWME,01HW65RDV2T18JNG8Y7EFMXC48,2024-04-23T20:14:27.48163815Z,01HW65RDVBWNWBQ37AHS99ES86,2024-04-23T20:14:27.48163815Z,01HW69DA747M6H59QDGNZXPNM3,2024-04-23T20:14:27.48163815Z
01HW69PAVAQV2E02ZGEBASP3QR,01HW65REKNMQ2C7YNGDQJHMRGR,2024-04-23T20:17:26.890712837Z,01HW65REM1S7VC11V6GJCP76YD,2024-04-23T20:17:26.890712837Z,01HW69B269RXPABK6HK0J0BNFX,2024-04-23T20:17:26.890712837Z
01HW69PAXNTTSPC93336Y9JAD7,01HW65REKNMQ2C7YNGDQJHMRGR,2024-04-23T20:17:26.965587338Z,01HW65REM1S7VC11V6GJCP76YD,2024-04-23T20:17:26.965587338Z,01HW69BDR5KSJBAV1TPTG84CBA,2024-04-23T20:17:26.965587338Z
01HW69PB11S3J9RNH9SSBSC6XM,01HW65REKNMQ2C7YNGDQJHMRGR,2024-04-23T20:17:27.073301223Z,01HW65REM1S7VC11V6GJCP76YD,2024-04-23T20:17:27.073301223Z,01HW69DQ0Q0CZF741B07SQF2X2,2024-04-23T20:17:27.073301223Z
01HW69PB2Y5KJ4F1C7T9E1FBX0,01HW65REKNMQ2C7YNGDQJHMRGR,2024-04-23T20:17:27.134224437Z,01HW65REM1S7VC11V6GJCP76YD,2024-04-23T20:17:27.134224437Z,01HW69EMHZG3K4QAFHYWMEAYGJ,2024-04-23T20:17:27.134224437Z
01HW69RN2A8G9PW6GZ8H7HH7YD,01HW65RD45GQN87WKPCKJE56CC,2024-04-23T20:18:42.890742874Z,01HW65RD4GBBZMKE6Y3T1SPZ6J,2024-04-23T20:18:42.890742874Z,01HW69BTZSFV9CZJJHWJTZ97CV,2024-04-23T20:18:42.890742874Z
01HW69RN3GQAA3WPZ5J3GWXMHC,01HW65RD45GQN87WKPCKJE56CC,2024-04-23T20:18:42.928284364Z,01HW65RD4GBBZMKE6Y3T1SPZ6J,2024-04-23T20:18:42.928284364Z,01HW69E3Z1X4SAPS6AB3P304S0,2024-04-23T20:18:42.928284364Z
01HW69RN460W1TRRW2G51Y01Z9,01HW65RD45GQN87WKPCKJE56CC,2024-04-23T20:18:42.950399114Z,01HW65RD4GBBZMKE6Y3T1SPZ6J,2024-04-23T20:18:42.950399114Z,01HW69MF9NZSRSHX53HFYTCJ07,2024-04-23T20:18:42.950399114Z
01HW69RN4W2REERNY50V60Z6W6,01HW65RD45GQN87WKPCKJE56CC,2024-04-23T20:18:42.972825855Z,01HW65RD4GBBZMKE6Y3T1SPZ6J,2024-04-23T20:18:42.972825855Z,01HW69MM0SRP88D7C2R4F2S9V3,2024-04-23T20:18:42.972825855Z
01HW69VEN2EAKADQEVVXXA01V6,01HW65RCAFWMW3GWYASN59TC0C,2024-04-23T20:20:14.626545558Z,01HW65RCAT20XJM0BB4VJMY120,2024-04-23T20:20:14.626545558Z,01HW69KX7T77EM1WEB2CXB66DY,2024-04-23T20:20:14.626545558Z
01HW69VENVWQKRB6AD5G95SMGK,01HW65RCAFWMW3GWYASN59TC0C,2024-04-23T20:20:14.65144491Z,01HW65RCAT20XJM0BB4VJMY120,2024-04-23T20:20:14.65144491Z,01HW69MBCWXDFH5P00ZK0XKA7Z,2024-04-23T20:20:14.65144491Z
01HW69VEPJA2C948JX7ADJ3ZS7,01HW65RCAFWMW3GWYASN59TC0C,2024-04-23T20:20:14.674237715Z,01HW65RCAT20XJM0BB4VJMY120,2024-04-23T20:20:14.674237715Z,01HW69RKMCDGREDHE7Y4D3GQEB,2024-04-23T20:20:14.674237715Z
01HW69VEQDVH1XA46F0SPBGM0W,01HW65RCAFWMW3GWYASN59TC0C,2024-04-23T20:20:14.701291719Z,01HW65RCAT20XJM0BB4VJMY120,2024-04-23T20:20:14.701291719Z,01HW69S6Y666QDBJDWS4P0D0S9,2024-04-23T20:20:14.701291719Z
01HW69YC429VVZ0K4MDSBA95J8,01HW65RBM8KHS3C52H2QNVGNSM,2024-04-23T20:21:50.338299249Z,01HW65RBMH561M3Y6VQXFWFN68,2024-04-23T20:21:50.338299249Z,01HW69R9WMYP6EF5HQ8TAJSWT2,2024-04-23T20:21:50.338299249Z
01HW69YC566XDF2V5T0W2QMN89,01HW65RBM8KHS3C52H2QNVGNSM,2024-04-23T20:21:50.374752527Z,01HW65RBMH561M3Y6VQXFWFN68,2024-04-23T20:21:50.374752527Z,01HW69RQQ6EVJMCDSHTDREAQQJ,2024-04-23T20:21:50.374752527Z
01HW69YC65R8GASCCG1DR9KY92,01HW65RBM8KHS3C52H2QNVGNSM,2024-04-23T20:21:50.405588658Z,01HW65RBMH561M3Y6VQXFWFN68,2024-04-23T20:21:50.405588658Z,01HW69TMATVCWD6YVGK6MBKVNC,2024-04-23T20:21:50.405588658Z
01HW69YC7BDSXPSNZFFFK5T234,01HW65RBM8KHS3C52H2QNVGNSM,2024-04-23T20:21:50.443637018Z,01HW65RBMH561M3Y6VQXFWFN68,2024-04-23T20:21:50.443637018Z,01HW69TMWE438FDMQXPBSC328G,2024-04-23T20:21:50.443637018Z
01HW6A02X188MXSRGY94VR9X3B,01HW69VZ38A4Y91JWT1V05MRCB,2024-04-23T20:22:46.433389345Z,01HW69VZ45MBYTEC9B3KV1NQ9C,2024-04-23T20:22:46.433389345Z,01HW69RSPGANJFX8Y3PHV63R0R,2024-04-23T20:22:46.433389345Z
01HW6A02XRA8AD6REKYEDRNHZ2,01HW69VZ38A4Y91JWT1V05MRCB,2024-04-23T20:22:46.457008563Z,01HW69VZ45MBYTEC9B3KV1NQ9C,2024-04-23T20:22:46.457008563Z,01HW69SAJT2Z5CE7YK40ZN6EF3,2024-04-23T20:22:46.457008563Z
01HW6A02YHKS4HG8NGN2NJ28K1,01HW69VZ38A4Y91JWT1V05MRCB,2024-04-23T20:22:46.481705235Z,01HW69VZ45MBYTEC9B3KV1NQ9C,2024-04-23T20:22:46.481705235Z,01HW69WSGFZT4DCSXMA9M23CDA,2024-04-23T20:22:46.481705235Z
01HW6A02ZJ22RVDKJCTCNNFK1V,01HW69VZ38A4Y91JWT1V05MRCB,2024-04-23T20:22:46.51416258Z,01HW69VZ45MBYTEC9B3KV1NQ9C,2024-04-23T20:22:46.51416258Z,01HW69X7HGC8TN6KTWFJXTCDZ2,2024-04-23T20:22:46.51416258Z
01HW6A2J1CB1BZPG7F7A285Q7V,01HW65RAXYYC4V6N2748QMYQS9,2024-04-23T20:24:07.468942059Z,01HW65RAY62DQZ95DV6B2AF22H,2024-04-23T20:24:07.468942059Z,01HW69QXN3QVF8R7GVGJCA214R,2024-04-23T20:24:07.468942059Z
01HW6A2J4A637FTA28GRHFPDKH,01HW65RAXYYC4V6N2748QMYQS9,2024-04-23T20:24:07.562904697Z,01HW65RAY62DQZ95DV6B2AF22H,2024-04-23T20:24:07.562904697Z,01HW69W3V4FTQJFHRQGV19QEGE,2024-04-23T20:24:07.562904697Z
01HW6A2J7H4PAQAPF57KDXQ4EM,01HW65RAXYYC4V6N2748QMYQS9,2024-04-23T20:24:07.665060935Z,01HW65RAY62DQZ95DV6B2AF22H,2024-04-23T20:24:07.665060935Z,01HW69XHHQQJDQ9EYPGDP4N38C,2024-04-23T20:24:07.665060935Z
01HW6A2JAC4GS6NANPMYXBST3V,01HW65RAXYYC4V6N2748QMYQS9,2024-04-23T20:24:07.756525484Z,01HW65RAY62DQZ95DV6B2AF22H,2024-04-23T20:24:07.756525484Z,01HW69ZGHXTPZ0X49T9SX5TADG,2024-04-23T20:24:07.756525484Z
01HW6A6P3HAKYZ1MNEAD3TKS61,01HW65R9FG1574QDHVWAKH3N78,2024-04-23T20:26:22.705916417Z,01HW65R9FRYSHG6Q5GRYQAXWJ5,2024-04-23T20:26:22.705916417Z,01HW69XZTK1MTNKAJ63YAJNKFB,2024-04-23T20:26:22.705916417Z
01HW6A6P4EXY3TVG3WN2X8J9YE,01HW65R9FG1574QDHVWAKH3N78,2024-04-23T20:26:22.734944021Z,01HW65R9FRYSHG6Q5GRYQAXWJ5,2024-04-23T20:26:22.734944021Z,01HW69ZHX3YBF9PT65BA9YXXYX,2024-04-23T20:26:22.734944021Z
01HW6A6P5D1DNW6HD12972HCZP,01HW65R9FG1574QDHVWAKH3N78,2024-04-23T20:26:22.765380093Z,01HW65R9FRYSHG6Q5GRYQAXWJ5,2024-04-23T20:26:22.765380093Z,01HW6A0CX94ECTBQ00C9EXGP9B,2024-04-23T20:26:22.765380093Z
01HW6A6P695R58MMEPQTFQJ4J6,01HW65R9FG1574QDHVWAKH3N78,2024-04-23T20:26:22.793740473Z,01HW65R9FRYSHG6Q5GRYQAXWJ5,2024-04-23T20:26:22.793740473Z,01HW6A0NFXSVFZXNV5ZKQS16HC,2024-04-23T20:26:22.793740473Z
01HW6A73W3JK7MSX2HN4ZR383X,01HW65RA6H4MRG84KHXDHDRM1P,2024-04-23T20:26:36.803795329Z,01HW65RA6TZ3QNXRDJYWT61MWX,2024-04-23T20:26:36.803795329Z,01HW6A132XF9RRP3X9RTDBNQ20,2024-04-23T20:26:36.803795329Z
01HW6A73X3RQSA0Q644Y3Z0PFC,01HW65RA6H4MRG84KHXDHDRM1P,2024-04-23T20:26:36.835866899Z,01HW65RA6TZ3QNXRDJYWT61MWX,2024-04-23T20:26:36.835866899Z,01HW6A1362W4E8H8DK3ZCZM6GC,2024-04-23T20:26:36.835866899Z
01HW6A73YQBVEMJV136CPG4REN,01HW65RA6H4MRG84KHXDHDRM1P,2024-04-23T20:26:36.887334875Z,01HW65RA6TZ3QNXRDJYWT61MWX,2024-04-23T20:26:36.887334875Z,01HW6A179RKA8F3M8SXFPBK1J7,2024-04-23T20:26:36.887334875Z
01HW6A73ZRMJS3VYXD9BD6ZDJD,01HW65RA6H4MRG84KHXDHDRM1P,2024-04-23T20:26:36.920342967Z,01HW65RA6TZ3QNXRDJYWT61MWX,2024-04-23T20:26:36.920342967Z,01HW6A185607XB54M41T4QP5JG,2024-04-23T20:26:36.920342967Z
01HW6A884440MGVR06H54Y5B7A,01HW65R8TXMDT49M1ANC1PQYQ0,2024-04-23T20:27:13.924740258Z,01HW65R8V6A99SKWST0C1YXHJ2,2024-04-23T20:27:13.924740258Z,01HW6A0HZ3R0Q3Z33YVKHQA7ZY,2024-04-23T20:27:13.924740258Z
01HW6A8853JT8QDS83KF8N1Q5E,01HW65R8TXMDT49M1ANC1PQYQ0,2024-04-23T20:27:13.95533826Z,01HW65R8V6A99SKWST0C1YXHJ2,2024-04-23T20:27:13.95533826Z,01HW6A0SKWCK79NBBZT54DGARR,2024-04-23T20:27:13.95533826Z
01HW6A888KEX2NGKNBJPGRFTCZ,01HW65R8TXMDT49M1ANC1PQYQ0,2024-04-23T20:27:14.067798737Z,01HW65R8V6A99SKWST0C1YXHJ2,2024-04-23T20:27:14.067798737Z,01HW6A188R18A27R7TX9WGJGB7,2024-04-23T20:27:14.067798737Z
01HW6A889WRSCGYX2AV8MJ6FG0,01HW65R8TXMDT49M1ANC1PQYQ0,2024-04-23T20:27:14.108813369Z,01HW65R8V6A99SKWST0C1YXHJ2,2024-04-23T20:27:14.108813369Z,01HW6A1VD34M6TKDAKVC19FB35,2024-04-23T20:27:14.108813369Z
01HW6AJB9DBDW0Q9HKHDGGJBQF,01HW65R83QJWTB0B70Q0BDJBZC,2024-04-23T20:32:44.845405677Z,01HW65R841PPFPG2G8HDNP87FZ,2024-04-23T20:32:44.845405677Z,01HW6A8YHSRKAPENVRHV529656,2024-04-23T20:32:44.845405677Z
01HW6AJBCG9480V4JV3ZFC842Q,01HW65R83QJWTB0B70Q0BDJBZC,2024-04-23T20:32:44.944850406Z,01HW65R841PPFPG2G8HDNP87FZ,2024-04-23T20:32:44.944850406Z,01HW6AA6DRM3FQT9GS2YBZGC53,2024-04-23T20:32:44.944850406Z
01HW6AJBE07EJ6B9YFFSZTW1F4,01HW65R83QJWTB0B70Q0BDJBZC,2024-04-23T20:32:44.992201272Z,01HW65R841PPFPG2G8HDNP87FZ,2024-04-23T20:32:44.992201272Z,01HW6AAEDA3F7ZV0Y1PG3APPFR,2024-04-23T20:32:44.992201272Z
01HW6AJBG11ZY06SPMMPCDN95E,01HW65R83QJWTB0B70Q0BDJBZC,2024-04-23T20:32:45.057231996Z,01HW65R841PPFPG2G8HDNP87FZ,2024-04-23T20:32:45.057231996Z,01HW6ADC4S1CZKSA1F9N8XC3P9,2024-04-23T20:32:45.057231996Z
