﻿id,config,configLastChangedAt,status,statusLastChangedAt,lobbyConfig,lobbyConfigLastChangedAt,initialized,initializedLastChangedAt
01HN8EWPRK0MEYJ4VNSFP8SEFG,"{""kind"":""complete"",""config"":{""treatments"":[{""treatment"":{""name"":""experiment2-interactive"",""factors"":{""condition"":""interactive"",""opinion"":""slider"",""playerCount"":4,""trueP"":0.7}},""count"":1},{""treatment"":{""name"":""experiment2-slider"",""factors"":{""condition"":""slider"",""opinion"":""slider"",""playerCount"":4,""trueP"":0.7}},""count"":1}]}}",2024-01-28T16:36:54.675130723Z,running,2024-01-28T16:36:56.811387842Z,"{""name"":""Default individual"",""kind"":""individual"",""duration"":300000000000}",2024-01-28T16:36:54.675130723Z,true,2024-01-28T16:36:54.692740861Z
01HN8EWY2FNDXEB1TF92648QV7,"{""kind"":""complete"",""config"":{""treatments"":[{""treatment"":{""name"":""experiment2-interactive"",""factors"":{""condition"":""interactive"",""opinion"":""slider"",""playerCount"":4,""trueP"":0.7}},""count"":1},{""treatment"":{""name"":""experiment2-slider"",""factors"":{""condition"":""slider"",""opinion"":""slider"",""playerCount"":4,""trueP"":0.7}},""count"":1}]}}",2024-01-28T16:37:02.159960428Z,running,2024-01-28T16:37:07.32031433Z,"{""name"":""Default individual"",""kind"":""individual"",""duration"":300000000000}",2024-01-28T16:37:02.159960428Z,true,2024-01-28T16:37:02.170138523Z
01HN8EWZX3TBP4TPHQ2FCMX0M3,"{""kind"":""complete"",""config"":{""treatments"":[{""treatment"":{""name"":""experiment2-interactive"",""factors"":{""condition"":""interactive"",""opinion"":""slider"",""playerCount"":4,""trueP"":0.7}},""count"":1},{""treatment"":{""name"":""experiment2-slider"",""factors"":{""condition"":""slider"",""opinion"":""slider"",""playerCount"":4,""trueP"":0.7}},""count"":1}]}}",2024-01-28T16:37:04.035183811Z,running,2024-01-28T16:37:06.246384596Z,"{""name"":""Default individual"",""kind"":""individual"",""duration"":300000000000}",2024-01-28T16:37:04.035183811Z,true,2024-01-28T16:37:04.043988457Z
01HN8EXA158C3277136DM81VHS,"{""kind"":""complete"",""config"":{""treatments"":[{""treatment"":{""name"":""experiment2-interactive"",""factors"":{""condition"":""interactive"",""opinion"":""slider"",""playerCount"":4,""trueP"":0.7}},""count"":1},{""treatment"":{""name"":""experiment2-slider"",""factors"":{""condition"":""slider"",""opinion"":""slider"",""playerCount"":4,""trueP"":0.7}},""count"":1}]}}",2024-01-28T16:37:14.405203537Z,running,2024-01-28T16:38:15.627881868Z,"{""name"":""Default individual"",""kind"":""individual"",""duration"":300000000000}",2024-01-28T16:37:14.405203537Z,true,2024-01-28T16:37:14.415444143Z
01HN8EXC0T0E3XEKJZDXXJM7Z5,"{""kind"":""complete"",""config"":{""treatments"":[{""treatment"":{""name"":""experiment2-interactive"",""factors"":{""condition"":""interactive"",""opinion"":""slider"",""playerCount"":4,""trueP"":0.7}},""count"":1},{""treatment"":{""name"":""experiment2-slider"",""factors"":{""condition"":""slider"",""opinion"":""slider"",""playerCount"":4,""trueP"":0.7}},""count"":1}]}}",2024-01-28T16:37:16.44239337Z,running,2024-01-28T16:38:13.738535352Z,"{""name"":""Default individual"",""kind"":""individual"",""duration"":300000000000}",2024-01-28T16:37:16.44239337Z,true,2024-01-28T16:37:16.451696651Z
01HN8EXCR1CY7FZBTA216B7SQT,"{""kind"":""complete"",""config"":{""treatments"":[{""treatment"":{""name"":""experiment2-interactive"",""factors"":{""condition"":""interactive"",""opinion"":""slider"",""playerCount"":4,""trueP"":0.7}},""count"":1},{""treatment"":{""name"":""experiment2-slider"",""factors"":{""condition"":""slider"",""opinion"":""slider"",""playerCount"":4,""trueP"":0.7}},""count"":1}]}}",2024-01-28T16:37:17.185549839Z,running,2024-01-28T16:38:12.415813181Z,"{""name"":""Default individual"",""kind"":""individual"",""duration"":300000000000}",2024-01-28T16:37:17.185549839Z,true,2024-01-28T16:37:17.194590638Z
01HN8EXDCMXJH8NTVRCAAPWWZN,"{""kind"":""complete"",""config"":{""treatments"":[{""treatment"":{""name"":""experiment2-interactive"",""factors"":{""condition"":""interactive"",""opinion"":""slider"",""playerCount"":4,""trueP"":0.7}},""count"":1},{""treatment"":{""name"":""experiment2-slider"",""factors"":{""condition"":""slider"",""opinion"":""slider"",""playerCount"":4,""trueP"":0.7}},""count"":1}]}}",2024-01-28T16:37:17.844066876Z,running,2024-01-28T16:38:11.609254318Z,"{""name"":""Default individual"",""kind"":""individual"",""duration"":300000000000}",2024-01-28T16:37:17.844066876Z,true,2024-01-28T16:37:17.851998011Z
01HN8EXE1CJRWB2NAWJ0E99T6Z,"{""kind"":""complete"",""config"":{""treatments"":[{""treatment"":{""name"":""experiment2-interactive"",""factors"":{""condition"":""interactive"",""opinion"":""slider"",""playerCount"":4,""trueP"":0.7}},""count"":1},{""treatment"":{""name"":""experiment2-slider"",""factors"":{""condition"":""slider"",""opinion"":""slider"",""playerCount"":4,""trueP"":0.7}},""count"":1}]}}",2024-01-28T16:37:18.508265626Z,running,2024-01-28T16:38:10.710519721Z,"{""name"":""Default individual"",""kind"":""individual"",""duration"":300000000000}",2024-01-28T16:37:18.508265626Z,true,2024-01-28T16:37:18.518442743Z
01HN8EXENX5C8DJ8VSSWRPQD51,"{""kind"":""complete"",""config"":{""treatments"":[{""treatment"":{""name"":""experiment2-interactive"",""factors"":{""condition"":""interactive"",""opinion"":""slider"",""playerCount"":4,""trueP"":0.7}},""count"":1},{""treatment"":{""name"":""experiment2-slider"",""factors"":{""condition"":""slider"",""opinion"":""slider"",""playerCount"":4,""trueP"":0.7}},""count"":1}]}}",2024-01-28T16:37:19.165599999Z,running,2024-01-28T16:38:08.993816793Z,"{""name"":""Default individual"",""kind"":""individual"",""duration"":300000000000}",2024-01-28T16:37:19.165599999Z,true,2024-01-28T16:37:19.176205432Z
01HN8EXF6J5H9AABHNKR2KTEAS,"{""kind"":""complete"",""config"":{""treatments"":[{""treatment"":{""name"":""experiment2-interactive"",""factors"":{""condition"":""interactive"",""opinion"":""slider"",""playerCount"":4,""trueP"":0.7}},""count"":1},{""treatment"":{""name"":""experiment2-slider"",""factors"":{""condition"":""slider"",""opinion"":""slider"",""playerCount"":4,""trueP"":0.7}},""count"":1}]}}",2024-01-28T16:37:19.69900506Z,running,2024-01-28T16:38:07.879312998Z,"{""name"":""Default individual"",""kind"":""individual"",""duration"":300000000000}",2024-01-28T16:37:19.69900506Z,true,2024-01-28T16:37:19.708081787Z
01HN8EXFKR8ZW7SHYKK4ZM5Z1D,"{""kind"":""complete"",""config"":{""treatments"":[{""treatment"":{""name"":""experiment2-interactive"",""factors"":{""condition"":""interactive"",""opinion"":""slider"",""playerCount"":4,""trueP"":0.7}},""count"":1},{""treatment"":{""name"":""experiment2-slider"",""factors"":{""condition"":""slider"",""opinion"":""slider"",""playerCount"":4,""trueP"":0.7}},""count"":1}]}}",2024-01-28T16:37:20.120535174Z,running,2024-01-28T16:38:06.969395349Z,"{""name"":""Default individual"",""kind"":""individual"",""duration"":300000000000}",2024-01-28T16:37:20.120535174Z,true,2024-01-28T16:37:20.12953167Z
01HN8EXGHQ634CEE802CE8K27R,"{""kind"":""complete"",""config"":{""treatments"":[{""treatment"":{""name"":""experiment2-interactive"",""factors"":{""condition"":""interactive"",""opinion"":""slider"",""playerCount"":4,""trueP"":0.7}},""count"":1},{""treatment"":{""name"":""experiment2-slider"",""factors"":{""condition"":""slider"",""opinion"":""slider"",""playerCount"":4,""trueP"":0.7}},""count"":1}]}}",2024-01-28T16:37:21.079086889Z,running,2024-01-28T16:38:05.5745091Z,"{""name"":""Default individual"",""kind"":""individual"",""duration"":300000000000}",2024-01-28T16:37:21.079086889Z,true,2024-01-28T16:37:21.095034486Z
01HN8EXH6JKDA6K2G81PVRYZVW,"{""kind"":""complete"",""config"":{""treatments"":[{""treatment"":{""name"":""experiment2-interactive"",""factors"":{""condition"":""interactive"",""opinion"":""slider"",""playerCount"":4,""trueP"":0.7}},""count"":1},{""treatment"":{""name"":""experiment2-slider"",""factors"":{""condition"":""slider"",""opinion"":""slider"",""playerCount"":4,""trueP"":0.7}},""count"":1}]}}",2024-01-28T16:37:21.747007555Z,running,2024-01-28T16:38:04.567438946Z,"{""name"":""Default individual"",""kind"":""individual"",""duration"":300000000000}",2024-01-28T16:37:21.747007555Z,true,2024-01-28T16:37:21.757340227Z
01HN8EXJ3BM52FMA2SQQ27DY3F,"{""kind"":""complete"",""config"":{""treatments"":[{""treatment"":{""name"":""experiment2-interactive"",""factors"":{""condition"":""interactive"",""opinion"":""slider"",""playerCount"":4,""trueP"":0.7}},""count"":1},{""treatment"":{""name"":""experiment2-slider"",""factors"":{""condition"":""slider"",""opinion"":""slider"",""playerCount"":4,""trueP"":0.7}},""count"":1}]}}",2024-01-28T16:37:22.667975328Z,running,2024-01-28T16:38:03.183136259Z,"{""name"":""Default individual"",""kind"":""individual"",""duration"":300000000000}",2024-01-28T16:37:22.667975328Z,true,2024-01-28T16:37:22.67960292Z
01HN8EXJR51EHTS3S0XG88M5BV,"{""kind"":""complete"",""config"":{""treatments"":[{""treatment"":{""name"":""experiment2-interactive"",""factors"":{""condition"":""interactive"",""opinion"":""slider"",""playerCount"":4,""trueP"":0.7}},""count"":1},{""treatment"":{""name"":""experiment2-slider"",""factors"":{""condition"":""slider"",""opinion"":""slider"",""playerCount"":4,""trueP"":0.7}},""count"":1}]}}",2024-01-28T16:37:23.333316438Z,running,2024-01-28T16:37:55.285718426Z,"{""name"":""Default individual"",""kind"":""individual"",""duration"":300000000000}",2024-01-28T16:37:23.333316438Z,true,2024-01-28T16:37:23.341177868Z
01HN8EXKFGFHXA0H7AE0DCV7SD,"{""kind"":""complete"",""config"":{""treatments"":[{""treatment"":{""name"":""experiment2-interactive"",""factors"":{""condition"":""interactive"",""opinion"":""slider"",""playerCount"":4,""trueP"":0.7}},""count"":1},{""treatment"":{""name"":""experiment2-slider"",""factors"":{""condition"":""slider"",""opinion"":""slider"",""playerCount"":4,""trueP"":0.7}},""count"":1}]}}",2024-01-28T16:37:24.080581151Z,running,2024-01-28T16:37:54.276622836Z,"{""name"":""Default individual"",""kind"":""individual"",""duration"":300000000000}",2024-01-28T16:37:24.080581151Z,true,2024-01-28T16:37:24.088595545Z
01HN8EXM4YC53S6674X8KXHZT6,"{""kind"":""complete"",""config"":{""treatments"":[{""treatment"":{""name"":""experiment2-interactive"",""factors"":{""condition"":""interactive"",""opinion"":""slider"",""playerCount"":4,""trueP"":0.7}},""count"":1},{""treatment"":{""name"":""experiment2-slider"",""factors"":{""condition"":""slider"",""opinion"":""slider"",""playerCount"":4,""trueP"":0.7}},""count"":1}]}}",2024-01-28T16:37:24.766741008Z,running,2024-01-28T16:37:52.620202852Z,"{""name"":""Default individual"",""kind"":""individual"",""duration"":300000000000}",2024-01-28T16:37:24.766741008Z,true,2024-01-28T16:37:24.773099682Z
01HN8EXMT4NMVCMFNAMANM8RNC,"{""kind"":""complete"",""config"":{""treatments"":[{""treatment"":{""name"":""experiment2-interactive"",""factors"":{""condition"":""interactive"",""opinion"":""slider"",""playerCount"":4,""trueP"":0.7}},""count"":1},{""treatment"":{""name"":""experiment2-slider"",""factors"":{""condition"":""slider"",""opinion"":""slider"",""playerCount"":4,""trueP"":0.7}},""count"":1}]}}",2024-01-28T16:37:25.444826932Z,running,2024-01-28T16:37:51.343255965Z,"{""name"":""Default individual"",""kind"":""individual"",""duration"":300000000000}",2024-01-28T16:37:25.444826932Z,true,2024-01-28T16:37:25.455436913Z
01HN8EXNSREAR29PGVSZN4XG5G,"{""kind"":""complete"",""config"":{""treatments"":[{""treatment"":{""name"":""experiment2-interactive"",""factors"":{""condition"":""interactive"",""opinion"":""slider"",""playerCount"":4,""trueP"":0.7}},""count"":1},{""treatment"":{""name"":""experiment2-slider"",""factors"":{""condition"":""slider"",""opinion"":""slider"",""playerCount"":4,""trueP"":0.7}},""count"":1}]}}",2024-01-28T16:37:26.456054818Z,running,2024-01-28T16:37:50.399821015Z,"{""name"":""Default individual"",""kind"":""individual"",""duration"":300000000000}",2024-01-28T16:37:26.456054818Z,true,2024-01-28T16:37:26.467173957Z
01HN8EXPRDRK6FZMD5TGRA30M7,"{""kind"":""complete"",""config"":{""treatments"":[{""treatment"":{""name"":""experiment2-interactive"",""factors"":{""condition"":""interactive"",""opinion"":""slider"",""playerCount"":4,""trueP"":0.7}},""count"":1},{""treatment"":{""name"":""experiment2-slider"",""factors"":{""condition"":""slider"",""opinion"":""slider"",""playerCount"":4,""trueP"":0.7}},""count"":1}]}}",2024-01-28T16:37:27.437846402Z,running,2024-01-28T16:37:48.708695619Z,"{""name"":""Default individual"",""kind"":""individual"",""duration"":300000000000}",2024-01-28T16:37:27.437846402Z,true,2024-01-28T16:37:27.446595875Z
01HN8EXQK02NHX6V8NFRNNVGS8,"{""kind"":""complete"",""config"":{""treatments"":[{""treatment"":{""name"":""experiment2-interactive"",""factors"":{""condition"":""interactive"",""opinion"":""slider"",""playerCount"":4,""trueP"":0.7}},""count"":1},{""treatment"":{""name"":""experiment2-slider"",""factors"":{""condition"":""slider"",""opinion"":""slider"",""playerCount"":4,""trueP"":0.7}},""count"":1}]}}",2024-01-28T16:37:28.288442722Z,running,2024-01-28T16:37:47.615354964Z,"{""name"":""Default individual"",""kind"":""individual"",""duration"":300000000000}",2024-01-28T16:37:28.288442722Z,true,2024-01-28T16:37:28.297902881Z
