﻿id,start,startLastChangedAt,roundIndex,roundIndexLastChangedAt,chat,chatLastChangedAt,treatmentName,treatmentNameLastChangedAt,status,statusLastChangedAt,messages,messagesLastChangedAt,ended,endedLastChangedAt,groupID,groupIDLastChangedAt,treatment,treatmentLastChangedAt,batchID,batchIDLastChangedAt,stageID,stageIDLastChangedAt
01HN8EWPS4CA1DNFF5QJ2SG59J,true,2024-01-28T16:41:48.557653827Z,8,2024-01-28T16:41:48.726428198Z,"{""text"":""I do not see any animals in my window :("",""likes"":{},""time"":1706460117602,""round"":1,""recipient"":""01HN8EYNYYGW935CMKGY8A003X"",""sender"":{""id"":""01HN8EXVDHZWDJ6MD6T5XP9JPP"",""name"":""player 2""}}",2024-01-28T16:42:09.951062241Z,experiment2-interactive,2024-01-28T16:36:54.69247851Z,running,2024-01-28T16:41:48.99055818Z,"[{""text"":""4 rabbits"",""likes"":{},""time"":1706460121192,""round"":1,""recipient"":""01HN8EY156DWTHVY19964H0SE5"",""sender"":{""id"":""01HN8EX5JH76BMZ2V6CHEZZ8S3"",""name"":""player 1""}},{""text"":""3 rabbits 1 squirrel"",""likes"":{},""time"":1706460142186,""round"":1,""recipient"":""01HN8EXVDHZWDJ6MD6T5XP9JPP"",""sender"":{""id"":""01HN8EYNYYGW935CMKGY8A003X"",""name"":""player 4""}},{""text"":""I do not see any animals in my window :("",""likes"":{},""time"":1706460117602,""round"":1,""recipient"":""01HN8EYNYYGW935CMKGY8A003X"",""sender"":{""id"":""01HN8EXVDHZWDJ6MD6T5XP9JPP"",""name"":""player 2""}}]",2024-01-28T16:42:09.95252321Z,false,2024-01-28T16:36:54.69247851Z,01HN8EWPSJ3SZNPADWQQSDH1P4,2024-01-28T16:36:54.717518734Z,"{""condition"":""interactive"",""opinion"":""slider"",""playerCount"":4,""trueP"":0.7}",2024-01-28T16:36:54.69247851Z,01HN8EWPRK0MEYJ4VNSFP8SEFG,2024-01-28T16:36:54.69247851Z,01HN8F5P17JBQRRG7QA143P8H5,2024-01-28T16:42:19.215720335Z
01HN8EWPS4CA1DNFF5QW13VYTF,true,2024-01-28T16:39:57.646938431Z,8,2024-01-28T16:39:57.784863258Z,"{""text"":""I think the population is 94% rabbits"",""time"":1706460047913,""recipient"":""01HN8EX8E0ZXHD0ADS370ABMD4"",""round"":3,""sender"":{""id"":""01HN8EXBY8B34PCPXVKD70F5SK"",""name"":""player 2""}}",2024-01-28T16:40:47.730514699Z,experiment2-slider,2024-01-28T16:36:54.692905567Z,running,2024-01-28T16:39:57.915157785Z,,,false,2024-01-28T16:36:54.692905567Z,01HN8EWPT9B7YSPAFTVV1Q4SB6,2024-01-28T16:36:54.735328636Z,"{""condition"":""slider"",""opinion"":""slider"",""playerCount"":4,""trueP"":0.7}",2024-01-28T16:36:54.692905567Z,01HN8EWPRK0MEYJ4VNSFP8SEFG,2024-01-28T16:36:54.692905567Z,01HN8F29MQXW98F091SA9RED0T,2024-01-28T16:42:27.539291563Z
01HN8EWY2TPN74HR175YZAZN4A,false,2024-01-28T16:37:02.170269772Z,,,,,experiment2-interactive,2024-01-28T16:37:02.170269772Z,,,,,false,2024-01-28T16:37:02.170269772Z,01HN8EWY36ZECDDXZZ56E5E1MC,2024-01-28T16:37:02.191441484Z,"{""condition"":""interactive"",""opinion"":""slider"",""playerCount"":4,""trueP"":0.7}",2024-01-28T16:37:02.170269772Z,01HN8EWY2FNDXEB1TF92648QV7,2024-01-28T16:37:02.170269772Z,,
01HN8EWY2VRH7D9KR73JX9BWFH,false,2024-01-28T16:37:02.172028106Z,,,,,experiment2-slider,2024-01-28T16:37:02.172028106Z,,,,,false,2024-01-28T16:37:02.172028106Z,01HN8EWY3N1GRPNSAGWRJ2P7Z4,2024-01-28T16:37:02.200329359Z,"{""condition"":""slider"",""opinion"":""slider"",""playerCount"":4,""trueP"":0.7}",2024-01-28T16:37:02.172028106Z,01HN8EWY2FNDXEB1TF92648QV7,2024-01-28T16:37:02.172028106Z,,
01HN8EWZXCD6ARQH31HT1VBT27,false,2024-01-28T16:37:04.044422481Z,,,,,experiment2-interactive,2024-01-28T16:37:04.044422481Z,,,,,false,2024-01-28T16:37:04.044422481Z,01HN8EWZXNNX511W9X2V4GCAEG,2024-01-28T16:37:04.060055472Z,"{""condition"":""interactive"",""opinion"":""slider"",""playerCount"":4,""trueP"":0.7}",2024-01-28T16:37:04.044422481Z,01HN8EWZX3TBP4TPHQ2FCMX0M3,2024-01-28T16:37:04.044422481Z,,
01HN8EWZXD4TBATWAVM7C1QB50,false,2024-01-28T16:37:04.045351974Z,,,,,experiment2-slider,2024-01-28T16:37:04.045351974Z,,,,,false,2024-01-28T16:37:04.045351974Z,01HN8EWZY1369GDGR0WT4NYAHH,2024-01-28T16:37:04.068019216Z,"{""condition"":""slider"",""opinion"":""slider"",""playerCount"":4,""trueP"":0.7}",2024-01-28T16:37:04.045351974Z,01HN8EWZX3TBP4TPHQ2FCMX0M3,2024-01-28T16:37:04.045351974Z,,
01HN8EXA1FSGBEG0W15XZNJ302,false,2024-01-28T16:37:14.415682415Z,,,,,experiment2-interactive,2024-01-28T16:37:14.415682415Z,,,,,false,2024-01-28T16:37:14.415682415Z,01HN8EXA27TXW5QYEXG5SPSYCJ,2024-01-28T16:37:14.443326854Z,"{""condition"":""interactive"",""opinion"":""slider"",""playerCount"":4,""trueP"":0.7}",2024-01-28T16:37:14.415682415Z,01HN8EXA158C3277136DM81VHS,2024-01-28T16:37:14.415682415Z,,
01HN8EXA1FSGBEG0W167MD8Y4Y,false,2024-01-28T16:37:14.416007383Z,,,,,experiment2-slider,2024-01-28T16:37:14.416007383Z,,,,,false,2024-01-28T16:37:14.416007383Z,01HN8EXA1RG6T46TAQ6HB0PYCE,2024-01-28T16:37:14.431102112Z,"{""condition"":""slider"",""opinion"":""slider"",""playerCount"":4,""trueP"":0.7}",2024-01-28T16:37:14.416007383Z,01HN8EXA158C3277136DM81VHS,2024-01-28T16:37:14.416007383Z,,
01HN8EXC13MEAKA6PCEGXJ76A6,false,2024-01-28T16:37:16.451216436Z,,,,,experiment2-slider,2024-01-28T16:37:16.451216436Z,,,,,false,2024-01-28T16:37:16.451216436Z,01HN8EXC1B8BT0HFM2J29D97PY,2024-01-28T16:37:16.465485906Z,"{""condition"":""slider"",""opinion"":""slider"",""playerCount"":4,""trueP"":0.7}",2024-01-28T16:37:16.451216436Z,01HN8EXC0T0E3XEKJZDXXJM7Z5,2024-01-28T16:37:16.451216436Z,,
01HN8EXC13MEAKA6PCEX12NXB1,false,2024-01-28T16:37:16.451413692Z,,,,,experiment2-interactive,2024-01-28T16:37:16.451413692Z,,,,,false,2024-01-28T16:37:16.451413692Z,01HN8EXC1R5FYTCGXY2EXMD906,2024-01-28T16:37:16.475205838Z,"{""condition"":""interactive"",""opinion"":""slider"",""playerCount"":4,""trueP"":0.7}",2024-01-28T16:37:16.451413692Z,01HN8EXC0T0E3XEKJZDXXJM7Z5,2024-01-28T16:37:16.451413692Z,,
01HN8EXCRBC1JEPTJ7GVEJPXY1,false,2024-01-28T16:37:17.195037997Z,,,,,experiment2-slider,2024-01-28T16:37:17.195037997Z,,,,,false,2024-01-28T16:37:17.195037997Z,01HN8EXCS1BB98ENSXY62DJMM3,2024-01-28T16:37:17.220331332Z,"{""condition"":""slider"",""opinion"":""slider"",""playerCount"":4,""trueP"":0.7}",2024-01-28T16:37:17.195037997Z,01HN8EXCR1CY7FZBTA216B7SQT,2024-01-28T16:37:17.195037997Z,,
01HN8EXCRBC1JEPTJ7H99HT58Y,false,2024-01-28T16:37:17.195412923Z,,,,,experiment2-interactive,2024-01-28T16:37:17.195412923Z,,,,,false,2024-01-28T16:37:17.195412923Z,01HN8EXCRMJXFT22YKRNGJ411T,2024-01-28T16:37:17.21418809Z,"{""condition"":""interactive"",""opinion"":""slider"",""playerCount"":4,""trueP"":0.7}",2024-01-28T16:37:17.195412923Z,01HN8EXCR1CY7FZBTA216B7SQT,2024-01-28T16:37:17.195412923Z,,
01HN8EXDCWBB2M372N626GHKJ1,false,2024-01-28T16:37:17.85276072Z,,,,,experiment2-interactive,2024-01-28T16:37:17.85276072Z,,,,,false,2024-01-28T16:37:17.85276072Z,01HN8EXDDFQV3TGKFFFFPXFRV1,2024-01-28T16:37:17.873667027Z,"{""condition"":""interactive"",""opinion"":""slider"",""playerCount"":4,""trueP"":0.7}",2024-01-28T16:37:17.85276072Z,01HN8EXDCMXJH8NTVRCAAPWWZN,2024-01-28T16:37:17.85276072Z,,
01HN8EXDCWBB2M372N6G5DKC0P,false,2024-01-28T16:37:17.852969667Z,,,,,experiment2-slider,2024-01-28T16:37:17.852969667Z,,,,,false,2024-01-28T16:37:17.852969667Z,01HN8EXDD49VMTNWRTHTBH3K3Q,2024-01-28T16:37:17.865262134Z,"{""condition"":""slider"",""opinion"":""slider"",""playerCount"":4,""trueP"":0.7}",2024-01-28T16:37:17.852969667Z,01HN8EXDCMXJH8NTVRCAAPWWZN,2024-01-28T16:37:17.852969667Z,,
01HN8EXE1M68VZE2M18S46R9CA,false,2024-01-28T16:37:18.516279302Z,,,,,experiment2-interactive,2024-01-28T16:37:18.516279302Z,,,,,false,2024-01-28T16:37:18.516279302Z,01HN8EXE1YWK28J89A76J9VRFZ,2024-01-28T16:37:18.532133931Z,"{""condition"":""interactive"",""opinion"":""slider"",""playerCount"":4,""trueP"":0.7}",2024-01-28T16:37:18.516279302Z,01HN8EXE1CJRWB2NAWJ0E99T6Z,2024-01-28T16:37:18.516279302Z,,
01HN8EXE1NK2J0XX69WJBN4CRY,false,2024-01-28T16:37:18.51761794Z,,,,,experiment2-slider,2024-01-28T16:37:18.51761794Z,,,,,false,2024-01-28T16:37:18.51761794Z,01HN8EXE2ACGHMATV429FYA4CE,2024-01-28T16:37:18.543866975Z,"{""condition"":""slider"",""opinion"":""slider"",""playerCount"":4,""trueP"":0.7}",2024-01-28T16:37:18.51761794Z,01HN8EXE1CJRWB2NAWJ0E99T6Z,2024-01-28T16:37:18.51761794Z,,
01HN8EXEP60A376FQR7EA99HWM,false,2024-01-28T16:37:19.174835849Z,,,,,experiment2-interactive,2024-01-28T16:37:19.174835849Z,,,,,false,2024-01-28T16:37:19.174835849Z,01HN8EXEPG4FES6DRFJP79RTNB,2024-01-28T16:37:19.190953995Z,"{""condition"":""interactive"",""opinion"":""slider"",""playerCount"":4,""trueP"":0.7}",2024-01-28T16:37:19.174835849Z,01HN8EXENX5C8DJ8VSSWRPQD51,2024-01-28T16:37:19.174835849Z,,
01HN8EXEP7B8SXPGD5NXZJE2Q1,false,2024-01-28T16:37:19.175359522Z,,,,,experiment2-slider,2024-01-28T16:37:19.175359522Z,,,,,false,2024-01-28T16:37:19.175359522Z,01HN8EXEPVZ0Z1ZJMV3KXE526N,2024-01-28T16:37:19.198914241Z,"{""condition"":""slider"",""opinion"":""slider"",""playerCount"":4,""trueP"":0.7}",2024-01-28T16:37:19.175359522Z,01HN8EXENX5C8DJ8VSSWRPQD51,2024-01-28T16:37:19.175359522Z,,
01HN8EXF6WNC2X0JQA5Y68HHR6,false,2024-01-28T16:37:19.708292523Z,,,,,experiment2-interactive,2024-01-28T16:37:19.708292523Z,,,,,false,2024-01-28T16:37:19.708292523Z,01HN8EXF75E1ZEZ47CM1BJ74JW,2024-01-28T16:37:19.724993017Z,"{""condition"":""interactive"",""opinion"":""slider"",""playerCount"":4,""trueP"":0.7}",2024-01-28T16:37:19.708292523Z,01HN8EXF6J5H9AABHNKR2KTEAS,2024-01-28T16:37:19.708292523Z,,
01HN8EXF6WNC2X0JQA6DTV4P78,false,2024-01-28T16:37:19.708700599Z,,,,,experiment2-slider,2024-01-28T16:37:19.708700599Z,,,,,false,2024-01-28T16:37:19.708700599Z,01HN8EXF7MWB9JNBXXYVPMTF9E,2024-01-28T16:37:19.736278312Z,"{""condition"":""slider"",""opinion"":""slider"",""playerCount"":4,""trueP"":0.7}",2024-01-28T16:37:19.708700599Z,01HN8EXF6J5H9AABHNKR2KTEAS,2024-01-28T16:37:19.708700599Z,,
01HN8EXFM1YCR91F5HS1S3SYNH,false,2024-01-28T16:37:20.129844112Z,,,,,experiment2-slider,2024-01-28T16:37:20.129844112Z,,,,,false,2024-01-28T16:37:20.129844112Z,01HN8EXFMR3W44Z2FDW9A38Z6F,2024-01-28T16:37:20.156121306Z,"{""condition"":""slider"",""opinion"":""slider"",""playerCount"":4,""trueP"":0.7}",2024-01-28T16:37:20.129844112Z,01HN8EXFKR8ZW7SHYKK4ZM5Z1D,2024-01-28T16:37:20.129844112Z,,
01HN8EXFM2N1BFNZKAVDTSE788,false,2024-01-28T16:37:20.130195545Z,,,,,experiment2-interactive,2024-01-28T16:37:20.130195545Z,,,,,false,2024-01-28T16:37:20.130195545Z,01HN8EXFMED3PV71HEPVSW5S4D,2024-01-28T16:37:20.147479364Z,"{""condition"":""interactive"",""opinion"":""slider"",""playerCount"":4,""trueP"":0.7}",2024-01-28T16:37:20.130195545Z,01HN8EXFKR8ZW7SHYKK4ZM5Z1D,2024-01-28T16:37:20.130195545Z,,
01HN8EXGJ12B8CFV3RVYRJM1YG,false,2024-01-28T16:37:21.08950092Z,,,,,experiment2-interactive,2024-01-28T16:37:21.08950092Z,,,,,false,2024-01-28T16:37:21.08950092Z,01HN8EXGJFH1K8H132RTH2EYDZ,2024-01-28T16:37:21.108768992Z,"{""condition"":""interactive"",""opinion"":""slider"",""playerCount"":4,""trueP"":0.7}",2024-01-28T16:37:21.08950092Z,01HN8EXGHQ634CEE802CE8K27R,2024-01-28T16:37:21.08950092Z,,
01HN8EXGJ4RG4ARVCTCPEWKBCK,false,2024-01-28T16:37:21.09299593Z,,,,,experiment2-slider,2024-01-28T16:37:21.09299593Z,,,,,false,2024-01-28T16:37:21.09299593Z,01HN8EXGJS1JK752QSA6P0TWB2,2024-01-28T16:37:21.117217211Z,"{""condition"":""slider"",""opinion"":""slider"",""playerCount"":4,""trueP"":0.7}",2024-01-28T16:37:21.09299593Z,01HN8EXGHQ634CEE802CE8K27R,2024-01-28T16:37:21.09299593Z,,
01HN8EXH6WVHV8T9T2E0M5B9FD,false,2024-01-28T16:37:21.756677127Z,,,,,experiment2-interactive,2024-01-28T16:37:21.756677127Z,,,,,false,2024-01-28T16:37:21.756677127Z,01HN8EXH74EVDHEHKHBADAJBG5,2024-01-28T16:37:21.770522173Z,"{""condition"":""interactive"",""opinion"":""slider"",""playerCount"":4,""trueP"":0.7}",2024-01-28T16:37:21.756677127Z,01HN8EXH6JKDA6K2G81PVRYZVW,2024-01-28T16:37:21.756677127Z,,
01HN8EXH6XNYXTZTWPYYN94DSM,false,2024-01-28T16:37:21.757055056Z,,,,,experiment2-slider,2024-01-28T16:37:21.757055056Z,,,,,false,2024-01-28T16:37:21.757055056Z,01HN8EXH7FHH86XZK57N10QHK4,2024-01-28T16:37:21.77848543Z,"{""condition"":""slider"",""opinion"":""slider"",""playerCount"":4,""trueP"":0.7}",2024-01-28T16:37:21.757055056Z,01HN8EXH6JKDA6K2G81PVRYZVW,2024-01-28T16:37:21.757055056Z,,
01HN8EXJ3NYHQCHR8JP9JWJZAQ,false,2024-01-28T16:37:22.677716744Z,,,,,experiment2-interactive,2024-01-28T16:37:22.677716744Z,,,,,false,2024-01-28T16:37:22.677716744Z,01HN8EXJ40SJR3BWQCJN2GK42C,2024-01-28T16:37:22.699005877Z,"{""condition"":""interactive"",""opinion"":""slider"",""playerCount"":4,""trueP"":0.7}",2024-01-28T16:37:22.677716744Z,01HN8EXJ3BM52FMA2SQQ27DY3F,2024-01-28T16:37:22.677716744Z,,
01HN8EXJ3PWP75JHK5TJFAFFR7,false,2024-01-28T16:37:22.678237502Z,,,,,experiment2-slider,2024-01-28T16:37:22.678237502Z,,,,,false,2024-01-28T16:37:22.678237502Z,01HN8EXJ4GBWEJ9Y9NR38TVKEN,2024-01-28T16:37:22.706125107Z,"{""condition"":""slider"",""opinion"":""slider"",""playerCount"":4,""trueP"":0.7}",2024-01-28T16:37:22.678237502Z,01HN8EXJ3BM52FMA2SQQ27DY3F,2024-01-28T16:37:22.678237502Z,,
01HN8EXJRD5ZTDWDV7QFDS03SV,false,2024-01-28T16:37:23.341542337Z,,,,,experiment2-slider,2024-01-28T16:37:23.341542337Z,,,,,false,2024-01-28T16:37:23.341542337Z,01HN8EXJRTKCN3J0MBNKNF60WX,2024-01-28T16:37:23.362868941Z,"{""condition"":""slider"",""opinion"":""slider"",""playerCount"":4,""trueP"":0.7}",2024-01-28T16:37:23.341542337Z,01HN8EXJR51EHTS3S0XG88M5BV,2024-01-28T16:37:23.341542337Z,,
01HN8EXJRE3200MM0TMS0CZNZA,false,2024-01-28T16:37:23.342348844Z,,,,,experiment2-interactive,2024-01-28T16:37:23.342348844Z,,,,,false,2024-01-28T16:37:23.342348844Z,01HN8EXJSAF2HBX6ZTJE9V4R6D,2024-01-28T16:37:23.374183286Z,"{""condition"":""interactive"",""opinion"":""slider"",""playerCount"":4,""trueP"":0.7}",2024-01-28T16:37:23.342348844Z,01HN8EXJR51EHTS3S0XG88M5BV,2024-01-28T16:37:23.342348844Z,,
01HN8EXKFRTV5KAGFF3D5XG7F3,false,2024-01-28T16:37:24.088864661Z,,,,,experiment2-slider,2024-01-28T16:37:24.088864661Z,,,,,false,2024-01-28T16:37:24.088864661Z,01HN8EXKG00M6Y5GCTGNMFMFVN,2024-01-28T16:37:24.101446377Z,"{""condition"":""slider"",""opinion"":""slider"",""playerCount"":4,""trueP"":0.7}",2024-01-28T16:37:24.088864661Z,01HN8EXKFGFHXA0H7AE0DCV7SD,2024-01-28T16:37:24.088864661Z,,
01HN8EXKFSCFMEPEBYENKHTM8F,false,2024-01-28T16:37:24.089131223Z,,,,,experiment2-interactive,2024-01-28T16:37:24.089131223Z,,,,,false,2024-01-28T16:37:24.089131223Z,01HN8EXKG92JQ0JNEEH32SH44J,2024-01-28T16:37:24.107344566Z,"{""condition"":""interactive"",""opinion"":""slider"",""playerCount"":4,""trueP"":0.7}",2024-01-28T16:37:24.089131223Z,01HN8EXKFGFHXA0H7AE0DCV7SD,2024-01-28T16:37:24.089131223Z,,
01HN8EXM55T8VWAZ6QEMTZSA66,false,2024-01-28T16:37:24.773839496Z,,,,,experiment2-interactive,2024-01-28T16:37:24.773839496Z,,,,,false,2024-01-28T16:37:24.773839496Z,01HN8EXM5E6A3D8YA577KJSW4D,2024-01-28T16:37:24.802789099Z,"{""condition"":""interactive"",""opinion"":""slider"",""playerCount"":4,""trueP"":0.7}",2024-01-28T16:37:24.773839496Z,01HN8EXM4YC53S6674X8KXHZT6,2024-01-28T16:37:24.773839496Z,,
01HN8EXM564YJEFMC18WYT3MW4,false,2024-01-28T16:37:24.774148374Z,,,,,experiment2-slider,2024-01-28T16:37:24.774148374Z,,,,,false,2024-01-28T16:37:24.774148374Z,01HN8EXM65ZSF54PYJEJ7F2T28,2024-01-28T16:37:24.80757376Z,"{""condition"":""slider"",""opinion"":""slider"",""playerCount"":4,""trueP"":0.7}",2024-01-28T16:37:24.774148374Z,01HN8EXM4YC53S6674X8KXHZT6,2024-01-28T16:37:24.774148374Z,,
01HN8EXMTEA6ZW7R3Q5TB4A002,false,2024-01-28T16:37:25.455052031Z,,,,,experiment2-interactive,2024-01-28T16:37:25.455052031Z,,,,,false,2024-01-28T16:37:25.455052031Z,01HN8EXMTPVNPDHXEYGYYFD8R8,2024-01-28T16:37:25.467818758Z,"{""condition"":""interactive"",""opinion"":""slider"",""playerCount"":4,""trueP"":0.7}",2024-01-28T16:37:25.455052031Z,01HN8EXMT4NMVCMFNAMANM8RNC,2024-01-28T16:37:25.455052031Z,,
01HN8EXMTF27J8EZ6WRQKTFR23,false,2024-01-28T16:37:25.455777798Z,,,,,experiment2-slider,2024-01-28T16:37:25.455777798Z,,,,,false,2024-01-28T16:37:25.455777798Z,01HN8EXMV1DGY2FQ9MHYXCSDGM,2024-01-28T16:37:25.476269676Z,"{""condition"":""slider"",""opinion"":""slider"",""playerCount"":4,""trueP"":0.7}",2024-01-28T16:37:25.455777798Z,01HN8EXMT4NMVCMFNAMANM8RNC,2024-01-28T16:37:25.455777798Z,,
01HN8EXNT3P5HWFA31B90TWAR1,false,2024-01-28T16:37:26.467937969Z,,,,,experiment2-interactive,2024-01-28T16:37:26.467937969Z,,,,,false,2024-01-28T16:37:26.467937969Z,01HN8EXNTCRXYXWQ9WBN4EZ5MZ,2024-01-28T16:37:26.482713154Z,"{""condition"":""interactive"",""opinion"":""slider"",""playerCount"":4,""trueP"":0.7}",2024-01-28T16:37:26.467937969Z,01HN8EXNSREAR29PGVSZN4XG5G,2024-01-28T16:37:26.467937969Z,,
01HN8EXNT4CK0F3TW6G91279KM,false,2024-01-28T16:37:26.468280606Z,,,,,experiment2-slider,2024-01-28T16:37:26.468280606Z,,,,,false,2024-01-28T16:37:26.468280606Z,01HN8EXNTSR066W1QJVST35MW6,2024-01-28T16:37:26.491685198Z,"{""condition"":""slider"",""opinion"":""slider"",""playerCount"":4,""trueP"":0.7}",2024-01-28T16:37:26.468280606Z,01HN8EXNSREAR29PGVSZN4XG5G,2024-01-28T16:37:26.468280606Z,,
01HN8EXPRPNYC7V6VX8CXCVVNG,false,2024-01-28T16:37:27.446946747Z,,,,,experiment2-interactive,2024-01-28T16:37:27.446946747Z,,,,,false,2024-01-28T16:37:27.446946747Z,01HN8EXPRZ4KCE7SJKG2SCP40J,2024-01-28T16:37:27.461986587Z,"{""condition"":""interactive"",""opinion"":""slider"",""playerCount"":4,""trueP"":0.7}",2024-01-28T16:37:27.446946747Z,01HN8EXPRDRK6FZMD5TGRA30M7,2024-01-28T16:37:27.446946747Z,,
01HN8EXPRQXDQ5YPZ4J8PHNB9T,false,2024-01-28T16:37:27.447291301Z,,,,,experiment2-slider,2024-01-28T16:37:27.447291301Z,,,,,false,2024-01-28T16:37:27.447291301Z,01HN8EXPSC3VPS5SKCH82VYPB3,2024-01-28T16:37:27.473174023Z,"{""condition"":""slider"",""opinion"":""slider"",""playerCount"":4,""trueP"":0.7}",2024-01-28T16:37:27.447291301Z,01HN8EXPRDRK6FZMD5TGRA30M7,2024-01-28T16:37:27.447291301Z,,
01HN8EXQKAF022YRQ5DJ58CKE9,false,2024-01-28T16:37:28.298274251Z,,,,,experiment2-interactive,2024-01-28T16:37:28.298274251Z,,,,,false,2024-01-28T16:37:28.298274251Z,01HN8EXQKVVHCSY43TQZ3PAZNK,2024-01-28T16:37:28.319259865Z,"{""condition"":""interactive"",""opinion"":""slider"",""playerCount"":4,""trueP"":0.7}",2024-01-28T16:37:28.298274251Z,01HN8EXQK02NHX6V8NFRNNVGS8,2024-01-28T16:37:28.298274251Z,,
01HN8EXQKAF022YRQ5E07MV463,false,2024-01-28T16:37:28.298660418Z,,,,,experiment2-slider,2024-01-28T16:37:28.298660418Z,,,,,false,2024-01-28T16:37:28.298660418Z,01HN8EXQKHJSV20HK6SK5BDQP6,2024-01-28T16:37:28.310637935Z,"{""condition"":""slider"",""opinion"":""slider"",""playerCount"":4,""trueP"":0.7}",2024-01-28T16:37:28.298660418Z,01HN8EXQK02NHX6V8NFRNNVGS8,2024-01-28T16:37:28.298660418Z,,
