﻿id,participantIdentifier,participantIdentifierLastChangedAt,urlParams,urlParamsLastChangedAt,name,nameLastChangedAt,participantID,participantIDLastChangedAt,intro,introLastChangedAt,treatmentName,treatmentNameLastChangedAt,introDone,introDoneLastChangedAt,emojiArray,emojiArrayLastChangedAt,recipient,recipientLastChangedAt,gameID,gameIDLastChangedAt,treatment,treatmentLastChangedAt
01HN8EX5JH76BMZ2V6CHEZZ8S3,578120a881f331000139a7d3,2024-01-28T16:37:09.841049801Z,{},2024-01-28T16:37:10.133727924Z,player 1,2024-01-28T16:41:48.726428198Z,01HN8EX50J3VWPJT4Z6SFJ1PW0,2024-01-28T16:37:09.841049801Z,4,2024-01-28T16:41:39.45544408Z,experiment2-interactive,2024-01-28T16:37:09.846953388Z,true,2024-01-28T16:41:48.536344957Z,"[""🐇"","""",""🐿️"","""",""🐇"",""🐇"",""🐿️"",""                     "",""🐇""]",2024-01-28T16:41:48.726428198Z,01HN8EY156DWTHVY19964H0SE5,2024-01-28T16:41:49.163356603Z,01HN8EWPS4CA1DNFF5QJ2SG59J,2024-01-28T16:37:09.846953388Z,"{""condition"":""interactive"",""opinion"":""slider"",""playerCount"":4,""trueP"":0.7}",2024-01-28T16:37:09.846953388Z
01HN8EX8E0ZXHD0ADS370ABMD4,654108c91ce90260d7a9891c,2024-01-28T16:37:12.768264424Z,{},2024-01-28T16:37:13.189809717Z,player 1,2024-01-28T16:39:57.784863258Z,01HN8EX7MP43WNA6P28B247XCQ,2024-01-28T16:37:12.768264424Z,3,2024-01-28T16:39:14.039371358Z,experiment2-slider,2024-01-28T16:37:12.773511199Z,true,2024-01-28T16:39:16.400237016Z,"[""🐇"",""🐇"","""",""🐇"",""🐇"",""                     "",""🐇"",""🐇"",""""]",2024-01-28T16:39:57.784863258Z,01HN8EXBY8B34PCPXVKD70F5SK,2024-01-28T16:42:27.574582748Z,01HN8EWPS4CA1DNFF5QW13VYTF,2024-01-28T16:37:12.773511199Z,"{""condition"":""slider"",""opinion"":""slider"",""playerCount"":4,""trueP"":0.7}",2024-01-28T16:37:12.773511199Z
01HN8EXBY8B34PCPXVKD70F5SK,5f0b1c32d61a4a0490b557f1,2024-01-28T16:37:16.360336857Z,{},2024-01-28T16:37:16.707604431Z,player 2,2024-01-28T16:39:57.784863258Z,01HN8EXB96YEQA9JA3QVT28WD9,2024-01-28T16:37:16.360336857Z,3,2024-01-28T16:39:16.166920856Z,experiment2-slider,2024-01-28T16:37:16.366427103Z,true,2024-01-28T16:39:31.813991233Z,"[""🐇"",""🐇"",""🐇"","""",""🐇"",""🐿️"",""                            "",""🐿️"",""🐇"",""🐿️"",""""]",2024-01-28T16:39:57.784863258Z,01HN8EXC332XM9EDQ5RZZEMDAG,2024-01-28T16:42:27.574582748Z,01HN8EWPS4CA1DNFF5QW13VYTF,2024-01-28T16:37:16.366427103Z,"{""condition"":""slider"",""opinion"":""slider"",""playerCount"":4,""trueP"":0.7}",2024-01-28T16:37:16.366427103Z
01HN8EXC332XM9EDQ5RZZEMDAG,5be9b6fa38e72b0001f03a5f,2024-01-28T16:37:16.515326877Z,{},2024-01-28T16:37:16.838632818Z,player 3,2024-01-28T16:39:57.784863258Z,01HN8EXBFH5FPMSCZW0KNAXM7V,2024-01-28T16:37:16.515326877Z,3,2024-01-28T16:38:55.747449233Z,experiment2-slider,2024-01-28T16:37:16.519959615Z,true,2024-01-28T16:39:14.50562557Z,"[""🐇"",""🐿️"",""🐇"",""🐇"",""                     "","""",""🐿️"",""🐿️"",""""]",2024-01-28T16:39:57.784863258Z,01HN8EZPF9Y8QDNCEJD09TJH34,2024-01-28T16:42:27.574582748Z,01HN8EWPS4CA1DNFF5QW13VYTF,2024-01-28T16:37:16.519959615Z,"{""condition"":""slider"",""opinion"":""slider"",""playerCount"":4,""trueP"":0.7}",2024-01-28T16:37:16.519959615Z
01HN8EXEEBX8RSYR0QWQYZJHHX,5fb2bee91d811b92d19c0a2f,2024-01-28T16:37:18.923990197Z,{},2024-01-28T16:37:19.237191811Z,,,01HN8EXDR1F35BFP2SAG1ESJG0,2024-01-28T16:37:18.923990197Z,3,2024-01-28T16:39:56.42696824Z,experiment2-slider,2024-01-28T16:39:57.646938431Z,true,2024-01-28T16:40:03.986445786Z,,,,,01HN8EWY2VRH7D9KR73JX9BWFH,2024-01-28T16:39:57.646938431Z,"{""condition"":""slider"",""opinion"":""slider"",""playerCount"":4,""trueP"":0.7}",2024-01-28T16:39:57.646938431Z
01HN8EXVDHZWDJ6MD6T5XP9JPP, 5f3d49c430715f09ebb6389e ,2024-01-28T16:37:32.209956579Z,{},2024-01-28T16:37:32.436094682Z,player 2,2024-01-28T16:41:48.726428198Z,01HN8EXTYZ060P7NYY8G1SS3D9,2024-01-28T16:37:32.209956579Z,4,2024-01-28T16:39:40.39677742Z,experiment2-interactive,2024-01-28T16:37:32.214446383Z,true,2024-01-28T16:39:43.90945162Z,"["""","""",""""]",2024-01-28T16:41:48.726428198Z,01HN8EYNYYGW935CMKGY8A003X,2024-01-28T16:41:49.163356603Z,01HN8EWPS4CA1DNFF5QJ2SG59J,2024-01-28T16:37:32.214446383Z,"{""condition"":""interactive"",""opinion"":""slider"",""playerCount"":4,""trueP"":0.7}",2024-01-28T16:37:32.214446383Z
01HN8EY156DWTHVY19964H0SE5,Jess.griffin43@icloud.com,2024-01-28T16:37:38.086832894Z,{},2024-01-28T16:37:38.392701528Z,player 3,2024-01-28T16:41:48.726428198Z,01HN8EY0J6WET3ZB77FDKE6QT3,2024-01-28T16:37:38.086832894Z,4,2024-01-28T16:38:49.83058978Z,experiment2-interactive,2024-01-28T16:37:38.090782938Z,true,2024-01-28T16:39:55.836495217Z,"[""🐇"",""🐇"",""                            "",""🐇"",""🐇"",""🐇"","""",""🐇"",""🐇"",""🐇"",""""]",2024-01-28T16:41:48.726428198Z,01HN8EX5JH76BMZ2V6CHEZZ8S3,2024-01-28T16:41:49.163356603Z,01HN8EWPS4CA1DNFF5QJ2SG59J,2024-01-28T16:37:38.090782938Z,"{""condition"":""interactive"",""opinion"":""slider"",""playerCount"":4,""trueP"":0.7}",2024-01-28T16:37:38.090782938Z
01HN8EY2SWE9BWM7Z13626GKEW,65980e3bf1fed00c8824c69d,2024-01-28T16:37:39.772957747Z,{},2024-01-28T16:37:40.019779036Z,,,01HN8EY2F5VHJSPHFEJQSGHED4,2024-01-28T16:37:39.772957747Z,3,2024-01-28T16:40:48.608684515Z,experiment2-interactive,2024-01-28T16:41:48.557653827Z,,,,,,,01HN8EWY2TPN74HR175YZAZN4A,2024-01-28T16:41:48.557653827Z,"{""condition"":""interactive"",""opinion"":""slider"",""playerCount"":4,""trueP"":0.7}",2024-01-28T16:41:48.557653827Z
01HN8EYGVTBT2P4XPDM3J09KMB,5d5d44acd2aa33001b70a228,2024-01-28T16:37:54.170713294Z,{},2024-01-28T16:37:54.533451519Z,,,01HN8EYG06PDRJM1TX26GWRXRG,2024-01-28T16:37:54.170713294Z,,,experiment2-slider,2024-01-28T16:39:57.646938431Z,,,,,,,01HN8EWY2VRH7D9KR73JX9BWFH,2024-01-28T16:39:57.646938431Z,"{""condition"":""slider"",""opinion"":""slider"",""playerCount"":4,""trueP"":0.7}",2024-01-28T16:39:57.646938431Z
01HN8EYKE9Z2VX38E0A3JZ0VF6,5c994bc42b26210001a28ad6,2024-01-28T16:37:56.809655056Z,{},2024-01-28T16:37:57.138430472Z,,,01HN8EYJR67XPFXYPAPT4N8BDZ,2024-01-28T16:37:56.809655056Z,1,2024-01-28T16:38:04.114973921Z,experiment2-interactive,2024-01-28T16:41:48.557653827Z,,,,,,,01HN8EWY2TPN74HR175YZAZN4A,2024-01-28T16:41:48.557653827Z,"{""condition"":""interactive"",""opinion"":""slider"",""playerCount"":4,""trueP"":0.7}",2024-01-28T16:41:48.557653827Z
01HN8EYNYYGW935CMKGY8A003X,659b0f8962a400b687bfba26,2024-01-28T16:37:59.390099005Z,{},2024-01-28T16:37:59.542499473Z,player 4,2024-01-28T16:41:48.726428198Z,01HN8EYNNWJN1BXJX737X0S1E6,2024-01-28T16:37:59.390099005Z,4,2024-01-28T16:40:11.591445574Z,experiment2-interactive,2024-01-28T16:37:59.396769446Z,true,2024-01-28T16:40:23.348104995Z,"["""",""🐿️"",""              "",""🐇"",""🐇"","""",""🐇""]",2024-01-28T16:41:48.726428198Z,01HN8EXVDHZWDJ6MD6T5XP9JPP,2024-01-28T16:41:49.163356603Z,01HN8EWPS4CA1DNFF5QJ2SG59J,2024-01-28T16:37:59.396769446Z,"{""condition"":""interactive"",""opinion"":""slider"",""playerCount"":4,""trueP"":0.7}",2024-01-28T16:37:59.396769446Z
01HN8EYQNZ81CDDPKK9YM9M6R2,5a533f6de0cf3d000125fbec,2024-01-28T16:38:01.151423213Z,{},2024-01-28T16:38:01.477170791Z,,,01HN8EYQ2V6EV3AYR5QG1EZTPA,2024-01-28T16:38:01.151423213Z,,,experiment2-slider,2024-01-28T16:39:57.646938431Z,,,,,,,01HN8EWY2VRH7D9KR73JX9BWFH,2024-01-28T16:39:57.646938431Z,"{""condition"":""slider"",""opinion"":""slider"",""playerCount"":4,""trueP"":0.7}",2024-01-28T16:39:57.646938431Z
01HN8EZ85HKK0CPZN3PKWC1YVN,64de2c79311c29c024d372a4,2024-01-28T16:38:18.033526623Z,{},2024-01-28T16:38:18.17626455Z,,,01HN8EZ7WSDR5HJC4CNC34KEY0,2024-01-28T16:38:18.033526623Z,3,2024-01-28T16:42:15.639180648Z,experiment2-interactive,2024-01-28T16:41:48.557653827Z,,,,,,,01HN8EWY2TPN74HR175YZAZN4A,2024-01-28T16:41:48.557653827Z,"{""condition"":""interactive"",""opinion"":""slider"",""playerCount"":4,""trueP"":0.7}",2024-01-28T16:41:48.557653827Z
01HN8EZD09PW7YRMMW9E9D5621,5f411f7a3e994f287593dc90,2024-01-28T16:38:22.985847702Z,{},2024-01-28T16:38:23.334437001Z,,,01HN8EZCBX2TKGJ2Y51M6YK135,2024-01-28T16:38:22.985847702Z,3,2024-01-28T16:40:27.566723668Z,experiment2-slider,2024-01-28T16:39:57.646938431Z,true,2024-01-28T16:40:32.263273883Z,,,,,01HN8EWY2VRH7D9KR73JX9BWFH,2024-01-28T16:39:57.646938431Z,"{""condition"":""slider"",""opinion"":""slider"",""playerCount"":4,""trueP"":0.7}",2024-01-28T16:39:57.646938431Z
01HN8EZPF9Y8QDNCEJD09TJH34,5f035c7ce9d86254e87992e4,2024-01-28T16:38:32.681937802Z,{},2024-01-28T16:38:33.020837255Z,player 4,2024-01-28T16:39:57.784863258Z,01HN8EZNTJMJEDBPNFJJYWV88G,2024-01-28T16:38:32.681937802Z,3,2024-01-28T16:39:54.931429411Z,experiment2-slider,2024-01-28T16:38:32.688483721Z,true,2024-01-28T16:39:57.630988331Z,"[""                     "","""","""",""🐇"",""🐇"",""🐇"",""🐇"",""🐇"",""🐇""]",2024-01-28T16:39:57.784863258Z,01HN8EX8E0ZXHD0ADS370ABMD4,2024-01-28T16:42:27.574582748Z,01HN8EWPS4CA1DNFF5QW13VYTF,2024-01-28T16:38:32.688483721Z,"{""condition"":""slider"",""opinion"":""slider"",""playerCount"":4,""trueP"":0.7}",2024-01-28T16:38:32.688483721Z
01HN8F14VG15CVEGXCJ12V7DQN,652c6c2b4f7e8126b2c0feb4,2024-01-28T16:39:20.176104253Z,{},2024-01-28T16:39:20.262287066Z,,,01HN8F14NWHR1N4P414X0S54Q1,2024-01-28T16:39:20.176104253Z,4,2024-01-28T16:42:26.230557316Z,experiment2-interactive,2024-01-28T16:41:48.557653827Z,,,,,,,01HN8EWY2TPN74HR175YZAZN4A,2024-01-28T16:41:48.557653827Z,"{""condition"":""interactive"",""opinion"":""slider"",""playerCount"":4,""trueP"":0.7}",2024-01-28T16:41:48.557653827Z
01HN8F19AMAMCA3RCACD5V4GTY,60dc77a0684f892da794c91e,2024-01-28T16:39:24.756922376Z,{},2024-01-28T16:39:24.864623885Z,,,01HN8F1940EM4DFJXYF94ETZK5,2024-01-28T16:39:24.756922376Z,3,2024-01-28T16:41:28.087019116Z,experiment2-slider,2024-01-28T16:39:57.646938431Z,true,2024-01-28T16:41:30.216117944Z,,,,,01HN8EWY2VRH7D9KR73JX9BWFH,2024-01-28T16:39:57.646938431Z,"{""condition"":""slider"",""opinion"":""slider"",""playerCount"":4,""trueP"":0.7}",2024-01-28T16:39:57.646938431Z
01HN8F1JGSQXCTFYG50E52SWAN,59561e8bbc4d1c00015c613e,2024-01-28T16:39:34.169847702Z,{},2024-01-28T16:39:34.514510825Z,,,01HN8F1HW2SYEKRTH9A4BEQKV8,2024-01-28T16:39:34.169847702Z,2,2024-01-28T16:39:45.404377374Z,experiment2-slider,2024-01-28T16:39:57.646938431Z,,,,,,,01HN8EWY2VRH7D9KR73JX9BWFH,2024-01-28T16:39:57.646938431Z,"{""condition"":""slider"",""opinion"":""slider"",""playerCount"":4,""trueP"":0.7}",2024-01-28T16:39:57.646938431Z
01HN8F2QM1AN1BKGJJ8CCQHQF0,575f70fc8ddaf40006ce9641,2024-01-28T16:40:12.16171729Z,{},2024-01-28T16:40:12.339155247Z,,,01HN8F2Q8QB8QNWZK6Q84APEFA,2024-01-28T16:40:12.16171729Z,4,2024-01-28T16:41:54.568341096Z,experiment2-interactive,2024-01-28T16:41:48.557653827Z,true,2024-01-28T16:42:00.555759225Z,,,,,01HN8EWY2TPN74HR175YZAZN4A,2024-01-28T16:41:48.557653827Z,"{""condition"":""interactive"",""opinion"":""slider"",""playerCount"":4,""trueP"":0.7}",2024-01-28T16:41:48.557653827Z
01HN8F2VF9TGVHTGZN126GEV46,61fa9016d42cb19beec49061,2024-01-28T16:40:16.105891573Z,{},2024-01-28T16:40:16.436294962Z,,,01HN8F2TVQCZ69FXY7A2KHM8BJ,2024-01-28T16:40:16.105891573Z,2,2024-01-28T16:42:22.010415078Z,experiment2-interactive,2024-01-28T16:41:48.557653827Z,,,,,,,01HN8EWY2TPN74HR175YZAZN4A,2024-01-28T16:41:48.557653827Z,"{""condition"":""interactive"",""opinion"":""slider"",""playerCount"":4,""trueP"":0.7}",2024-01-28T16:41:48.557653827Z
01HN8F3EYZK0T7S4CM7AAW0WPD,62a0dd7267e1be4d0eb1bad1,2024-01-28T16:40:36.063835055Z,{},2024-01-28T16:40:36.454518774Z,,,01HN8F3E5SM8KBYDYBJW6T0KXN,2024-01-28T16:40:36.063835055Z,1,2024-01-28T16:41:35.342850244Z,experiment2-interactive,2024-01-28T16:41:48.557653827Z,,,,,,,01HN8EWY2TPN74HR175YZAZN4A,2024-01-28T16:41:48.557653827Z,"{""condition"":""interactive"",""opinion"":""slider"",""playerCount"":4,""trueP"":0.7}",2024-01-28T16:41:48.557653827Z
01HN8F3Z1PDJY0ZS1EVJZGHEQ1,60509a0a3b167b0b85516e9a,2024-01-28T16:40:52.534655009Z,{},2024-01-28T16:40:52.95908679Z,,,01HN8F3Y6ZRE1S40M7D67TN310,2024-01-28T16:40:52.534655009Z,1,2024-01-28T16:41:14.762955483Z,experiment2-interactive,2024-01-28T16:41:48.557653827Z,,,,,,,01HN8EWY2TPN74HR175YZAZN4A,2024-01-28T16:41:48.557653827Z,"{""condition"":""interactive"",""opinion"":""slider"",""playerCount"":4,""trueP"":0.7}",2024-01-28T16:41:48.557653827Z
01HN8F6JBVAT49H2NVE6ANAAT8,5c6d67f4a9317a00011fe203,2024-01-28T16:42:17.851724618Z,{},2024-01-28T16:42:18.266765637Z,,,01HN8F6HMDPX0GGQ3BS7D9PZPX,2024-01-28T16:42:17.851724618Z,,,experiment2-interactive,2024-01-28T16:42:17.856753584Z,,,,,,,01HN8EWY2TPN74HR175YZAZN4A,2024-01-28T16:42:17.856753584Z,"{""condition"":""interactive"",""opinion"":""slider"",""playerCount"":4,""trueP"":0.7}",2024-01-28T16:42:17.856753584Z
