﻿id,batchID,batchIDLastChangedAt,gameID,gameIDLastChangedAt,playerID,playerIDLastChangedAt
01HN8F29HBZE3W7YTS46Y9YBZ7,01HN8EWPRK0MEYJ4VNSFP8SEFG,2024-01-28T16:39:57.739516608Z,01HN8EWPS4CA1DNFF5QW13VYTF,2024-01-28T16:39:57.739516608Z,01HN8EX8E0ZXHD0ADS370ABMD4,2024-01-28T16:39:57.739516608Z
01HN8F29HH3X5P6BC1YW9MCQNG,01HN8EWPRK0MEYJ4VNSFP8SEFG,2024-01-28T16:39:57.745976135Z,01HN8EWPS4CA1DNFF5QW13VYTF,2024-01-28T16:39:57.745976135Z,01HN8EXBY8B34PCPXVKD70F5SK,2024-01-28T16:39:57.745976135Z
01HN8F29HXBFXQBSK61A95A6VM,01HN8EWPRK0MEYJ4VNSFP8SEFG,2024-01-28T16:39:57.757264047Z,01HN8EWPS4CA1DNFF5QW13VYTF,2024-01-28T16:39:57.757264047Z,01HN8EXC332XM9EDQ5RZZEMDAG,2024-01-28T16:39:57.757264047Z
01HN8F29J1YS5D4H3V8TRQ6VHQ,01HN8EWPRK0MEYJ4VNSFP8SEFG,2024-01-28T16:39:57.7613257Z,01HN8EWPS4CA1DNFF5QW13VYTF,2024-01-28T16:39:57.7613257Z,01HN8EZPF9Y8QDNCEJD09TJH34,2024-01-28T16:39:57.7613257Z
01HN8F5NWNHS9TAE3BJNCX4B7D,01HN8EWPRK0MEYJ4VNSFP8SEFG,2024-01-28T16:41:48.693357119Z,01HN8EWPS4CA1DNFF5QJ2SG59J,2024-01-28T16:41:48.693357119Z,01HN8EX5JH76BMZ2V6CHEZZ8S3,2024-01-28T16:41:48.693357119Z
01HN8F5NWT2GY175FAXBTTH57F,01HN8EWPRK0MEYJ4VNSFP8SEFG,2024-01-28T16:41:48.698410827Z,01HN8EWPS4CA1DNFF5QJ2SG59J,2024-01-28T16:41:48.698410827Z,01HN8EXVDHZWDJ6MD6T5XP9JPP,2024-01-28T16:41:48.698410827Z
01HN8F5NWY289N2WVNP8ETNS7H,01HN8EWPRK0MEYJ4VNSFP8SEFG,2024-01-28T16:41:48.702283462Z,01HN8EWPS4CA1DNFF5QJ2SG59J,2024-01-28T16:41:48.702283462Z,01HN8EY156DWTHVY19964H0SE5,2024-01-28T16:41:48.702283462Z
01HN8F5NX24NHPW1KN04YAJQK9,01HN8EWPRK0MEYJ4VNSFP8SEFG,2024-01-28T16:41:48.706049788Z,01HN8EWPS4CA1DNFF5QJ2SG59J,2024-01-28T16:41:48.706049788Z,01HN8EYNYYGW935CMKGY8A003X,2024-01-28T16:41:48.706049788Z
