﻿id,batchID,batchIDLastChangedAt,gameID,gameIDLastChangedAt,roundID,roundIDLastChangedAt,playerID,playerIDLastChangedAt
01HN8F29TCHJWQ6M8QRPF7KAH0,01HN8EWPRK0MEYJ4VNSFP8SEFG,2024-01-28T16:39:58.02815708Z,01HN8EWPS4CA1DNFF5QW13VYTF,2024-01-28T16:39:58.02815708Z,01HN8F29JQ9XF6VX8AGJSKA4XG,2024-01-28T16:39:58.02815708Z,01HN8EX8E0ZXHD0ADS370ABMD4,2024-01-28T16:39:58.02815708Z
01HN8F29TMW3ZRDDNK6DF0208Z,01HN8EWPRK0MEYJ4VNSFP8SEFG,2024-01-28T16:39:58.036852716Z,01HN8EWPS4CA1DNFF5QW13VYTF,2024-01-28T16:39:58.036852716Z,01HN8F29JQ9XF6VX8AGJSKA4XG,2024-01-28T16:39:58.036852716Z,01HN8EXBY8B34PCPXVKD70F5SK,2024-01-28T16:39:58.036852716Z
01HN8F29TS4DYSKKJ8Y8YY8MDM,01HN8EWPRK0MEYJ4VNSFP8SEFG,2024-01-28T16:39:58.041686078Z,01HN8EWPS4CA1DNFF5QW13VYTF,2024-01-28T16:39:58.041686078Z,01HN8F29JQ9XF6VX8AGJSKA4XG,2024-01-28T16:39:58.041686078Z,01HN8EXC332XM9EDQ5RZZEMDAG,2024-01-28T16:39:58.041686078Z
01HN8F29TY6W49G09KEQPQ0ZZE,01HN8EWPRK0MEYJ4VNSFP8SEFG,2024-01-28T16:39:58.046546717Z,01HN8EWPS4CA1DNFF5QW13VYTF,2024-01-28T16:39:58.046546717Z,01HN8F29JQ9XF6VX8AGJSKA4XG,2024-01-28T16:39:58.046546717Z,01HN8EZPF9Y8QDNCEJD09TJH34,2024-01-28T16:39:58.046546717Z
01HN8F3773CQXXFS1EKY8R41VM,01HN8EWPRK0MEYJ4VNSFP8SEFG,2024-01-28T16:40:28.131222594Z,01HN8EWPS4CA1DNFF5QW13VYTF,2024-01-28T16:40:28.131222594Z,01HN8F29JR0B8B6BV930EWTMG9,2024-01-28T16:40:28.131222594Z,01HN8EX8E0ZXHD0ADS370ABMD4,2024-01-28T16:40:28.131222594Z
01HN8F3779G51KW3K8NS2S00NM,01HN8EWPRK0MEYJ4VNSFP8SEFG,2024-01-28T16:40:28.137996124Z,01HN8EWPS4CA1DNFF5QW13VYTF,2024-01-28T16:40:28.137996124Z,01HN8F29JR0B8B6BV930EWTMG9,2024-01-28T16:40:28.137996124Z,01HN8EXBY8B34PCPXVKD70F5SK,2024-01-28T16:40:28.137996124Z
01HN8F377DEF3NSX61C2AA6F4A,01HN8EWPRK0MEYJ4VNSFP8SEFG,2024-01-28T16:40:28.141736203Z,01HN8EWPS4CA1DNFF5QW13VYTF,2024-01-28T16:40:28.141736203Z,01HN8F29JR0B8B6BV930EWTMG9,2024-01-28T16:40:28.141736203Z,01HN8EXC332XM9EDQ5RZZEMDAG,2024-01-28T16:40:28.141736203Z
01HN8F377HS6GT9G08H0S41Y8J,01HN8EWPRK0MEYJ4VNSFP8SEFG,2024-01-28T16:40:28.14563062Z,01HN8EWPS4CA1DNFF5QW13VYTF,2024-01-28T16:40:28.14563062Z,01HN8F29JR0B8B6BV930EWTMG9,2024-01-28T16:40:28.14563062Z,01HN8EZPF9Y8QDNCEJD09TJH34,2024-01-28T16:40:28.14563062Z
01HN8F44KDA6A3S3FV0GYPE722,01HN8EWPRK0MEYJ4VNSFP8SEFG,2024-01-28T16:40:58.222010709Z,01HN8EWPS4CA1DNFF5QW13VYTF,2024-01-28T16:40:58.222010709Z,01HN8F29JQ9XF6VX8AH6PJRQCE,2024-01-28T16:40:58.222010709Z,01HN8EX8E0ZXHD0ADS370ABMD4,2024-01-28T16:40:58.222010709Z
01HN8F44KKWXJ3234ZYSWC8M1S,01HN8EWPRK0MEYJ4VNSFP8SEFG,2024-01-28T16:40:58.227497802Z,01HN8EWPS4CA1DNFF5QW13VYTF,2024-01-28T16:40:58.227497802Z,01HN8F29JQ9XF6VX8AH6PJRQCE,2024-01-28T16:40:58.227497802Z,01HN8EXBY8B34PCPXVKD70F5SK,2024-01-28T16:40:58.227497802Z
01HN8F44KQA6FSDCRBNEE61K0A,01HN8EWPRK0MEYJ4VNSFP8SEFG,2024-01-28T16:40:58.231697823Z,01HN8EWPS4CA1DNFF5QW13VYTF,2024-01-28T16:40:58.231697823Z,01HN8F29JQ9XF6VX8AH6PJRQCE,2024-01-28T16:40:58.231697823Z,01HN8EXC332XM9EDQ5RZZEMDAG,2024-01-28T16:40:58.231697823Z
01HN8F44KWWMCYQB5567SNJQ08,01HN8EWPRK0MEYJ4VNSFP8SEFG,2024-01-28T16:40:58.23615729Z,01HN8EWPS4CA1DNFF5QW13VYTF,2024-01-28T16:40:58.23615729Z,01HN8F29JQ9XF6VX8AH6PJRQCE,2024-01-28T16:40:58.23615729Z,01HN8EZPF9Y8QDNCEJD09TJH34,2024-01-28T16:40:58.23615729Z
01HN8F4TC6QA5FGZ35TZ9BK681,01HN8EWPRK0MEYJ4VNSFP8SEFG,2024-01-28T16:41:20.518663161Z,01HN8EWPS4CA1DNFF5QW13VYTF,2024-01-28T16:41:20.518663161Z,01HN8F29JTKAV9MGNFNABW1VH2,2024-01-28T16:41:20.518663161Z,01HN8EX8E0ZXHD0ADS370ABMD4,2024-01-28T16:41:20.518663161Z
01HN8F4TCC07DA4GPNPB5VEDAJ,01HN8EWPRK0MEYJ4VNSFP8SEFG,2024-01-28T16:41:20.524609673Z,01HN8EWPS4CA1DNFF5QW13VYTF,2024-01-28T16:41:20.524609673Z,01HN8F29JTKAV9MGNFNABW1VH2,2024-01-28T16:41:20.524609673Z,01HN8EXBY8B34PCPXVKD70F5SK,2024-01-28T16:41:20.524609673Z
01HN8F4TCHXJJ5FVQHPJE9570M,01HN8EWPRK0MEYJ4VNSFP8SEFG,2024-01-28T16:41:20.529860098Z,01HN8EWPS4CA1DNFF5QW13VYTF,2024-01-28T16:41:20.529860098Z,01HN8F29JTKAV9MGNFNABW1VH2,2024-01-28T16:41:20.529860098Z,01HN8EXC332XM9EDQ5RZZEMDAG,2024-01-28T16:41:20.529860098Z
01HN8F4TCNDE9WC6M5Z539R11V,01HN8EWPRK0MEYJ4VNSFP8SEFG,2024-01-28T16:41:20.533970056Z,01HN8EWPS4CA1DNFF5QW13VYTF,2024-01-28T16:41:20.533970056Z,01HN8F29JTKAV9MGNFNABW1VH2,2024-01-28T16:41:20.533970056Z,01HN8EZPF9Y8QDNCEJD09TJH34,2024-01-28T16:41:20.533970056Z
01HN8F58C3CA2Y6VZP4C08B24H,01HN8EWPRK0MEYJ4VNSFP8SEFG,2024-01-28T16:41:34.851251991Z,01HN8EWPS4CA1DNFF5QW13VYTF,2024-01-28T16:41:34.851251991Z,01HN8F29JPAZ6Z23G2SXDBMW6V,2024-01-28T16:41:34.851251991Z,01HN8EX8E0ZXHD0ADS370ABMD4,2024-01-28T16:41:34.851251991Z
01HN8F58C895T7R90329SV70FC,01HN8EWPRK0MEYJ4VNSFP8SEFG,2024-01-28T16:41:34.856566636Z,01HN8EWPS4CA1DNFF5QW13VYTF,2024-01-28T16:41:34.856566636Z,01HN8F29JPAZ6Z23G2SXDBMW6V,2024-01-28T16:41:34.856566636Z,01HN8EXBY8B34PCPXVKD70F5SK,2024-01-28T16:41:34.856566636Z
01HN8F58CB328AZ2Q63HFAMP7T,01HN8EWPRK0MEYJ4VNSFP8SEFG,2024-01-28T16:41:34.859978795Z,01HN8EWPS4CA1DNFF5QW13VYTF,2024-01-28T16:41:34.859978795Z,01HN8F29JPAZ6Z23G2SXDBMW6V,2024-01-28T16:41:34.859978795Z,01HN8EXC332XM9EDQ5RZZEMDAG,2024-01-28T16:41:34.859978795Z
01HN8F58CF90F7MDWV69C8CTFD,01HN8EWPRK0MEYJ4VNSFP8SEFG,2024-01-28T16:41:34.863935025Z,01HN8EWPS4CA1DNFF5QW13VYTF,2024-01-28T16:41:34.863935025Z,01HN8F29JPAZ6Z23G2SXDBMW6V,2024-01-28T16:41:34.863935025Z,01HN8EZPF9Y8QDNCEJD09TJH34,2024-01-28T16:41:34.863935025Z
01HN8F5PAN1V67SFDW7DAHVZNF,01HN8EWPRK0MEYJ4VNSFP8SEFG,2024-01-28T16:41:49.141632032Z,01HN8EWPS4CA1DNFF5QJ2SG59J,2024-01-28T16:41:49.141632032Z,01HN8F5NXJEAW5FN01SEVX4ZGJ,2024-01-28T16:41:49.141632032Z,01HN8EX5JH76BMZ2V6CHEZZ8S3,2024-01-28T16:41:49.141632032Z
01HN8F5PATG58CGKHCN7M9JFZ7,01HN8EWPRK0MEYJ4VNSFP8SEFG,2024-01-28T16:41:49.146140144Z,01HN8EWPS4CA1DNFF5QJ2SG59J,2024-01-28T16:41:49.146140144Z,01HN8F5NXJEAW5FN01SEVX4ZGJ,2024-01-28T16:41:49.146140144Z,01HN8EXVDHZWDJ6MD6T5XP9JPP,2024-01-28T16:41:49.146140144Z
01HN8F5PAY8SNNMNHCVGB8ZKE9,01HN8EWPRK0MEYJ4VNSFP8SEFG,2024-01-28T16:41:49.150137417Z,01HN8EWPS4CA1DNFF5QJ2SG59J,2024-01-28T16:41:49.150137417Z,01HN8F5NXJEAW5FN01SEVX4ZGJ,2024-01-28T16:41:49.150137417Z,01HN8EY156DWTHVY19964H0SE5,2024-01-28T16:41:49.150137417Z
01HN8F5PB37HNMQ4S1TYTVMAVG,01HN8EWPRK0MEYJ4VNSFP8SEFG,2024-01-28T16:41:49.155163988Z,01HN8EWPS4CA1DNFF5QJ2SG59J,2024-01-28T16:41:49.155163988Z,01HN8F5NXJEAW5FN01SEVX4ZGJ,2024-01-28T16:41:49.155163988Z,01HN8EYNYYGW935CMKGY8A003X,2024-01-28T16:41:49.155163988Z
01HN8F5W0AZQ3D3H10475HEHW6,01HN8EWPRK0MEYJ4VNSFP8SEFG,2024-01-28T16:41:54.954970476Z,01HN8EWPS4CA1DNFF5QW13VYTF,2024-01-28T16:41:54.954970476Z,01HN8F29JZDAYVEK44HXHDRNFN,2024-01-28T16:41:54.954970476Z,01HN8EX8E0ZXHD0ADS370ABMD4,2024-01-28T16:41:54.954970476Z
01HN8F5W0ER5MT6VXGSD23Y8GC,01HN8EWPRK0MEYJ4VNSFP8SEFG,2024-01-28T16:41:54.959024062Z,01HN8EWPS4CA1DNFF5QW13VYTF,2024-01-28T16:41:54.959024062Z,01HN8F29JZDAYVEK44HXHDRNFN,2024-01-28T16:41:54.959024062Z,01HN8EXBY8B34PCPXVKD70F5SK,2024-01-28T16:41:54.959024062Z
01HN8F5W0JJH4VS50AWJ714ANG,01HN8EWPRK0MEYJ4VNSFP8SEFG,2024-01-28T16:41:54.962171532Z,01HN8EWPS4CA1DNFF5QW13VYTF,2024-01-28T16:41:54.962171532Z,01HN8F29JZDAYVEK44HXHDRNFN,2024-01-28T16:41:54.962171532Z,01HN8EXC332XM9EDQ5RZZEMDAG,2024-01-28T16:41:54.962171532Z
01HN8F5W0NN8PKWT0H1C305951,01HN8EWPRK0MEYJ4VNSFP8SEFG,2024-01-28T16:41:54.965544265Z,01HN8EWPS4CA1DNFF5QW13VYTF,2024-01-28T16:41:54.965544265Z,01HN8F29JZDAYVEK44HXHDRNFN,2024-01-28T16:41:54.965544265Z,01HN8EZPF9Y8QDNCEJD09TJH34,2024-01-28T16:41:54.965544265Z
01HN8F69RG8AXWJQASH9BBDNCD,01HN8EWPRK0MEYJ4VNSFP8SEFG,2024-01-28T16:42:09.040231962Z,01HN8EWPS4CA1DNFF5QW13VYTF,2024-01-28T16:42:09.040231962Z,01HN8F29K2Q1NKMG0XYF7TBDR3,2024-01-28T16:42:09.040231962Z,01HN8EX8E0ZXHD0ADS370ABMD4,2024-01-28T16:42:09.040231962Z
01HN8F69RN5FGD98YQ7QTZBS71,01HN8EWPRK0MEYJ4VNSFP8SEFG,2024-01-28T16:42:09.045491737Z,01HN8EWPS4CA1DNFF5QW13VYTF,2024-01-28T16:42:09.045491737Z,01HN8F29K2Q1NKMG0XYF7TBDR3,2024-01-28T16:42:09.045491737Z,01HN8EXBY8B34PCPXVKD70F5SK,2024-01-28T16:42:09.045491737Z
01HN8F69RR0R8Q7A7AP654MPFA,01HN8EWPRK0MEYJ4VNSFP8SEFG,2024-01-28T16:42:09.048960722Z,01HN8EWPS4CA1DNFF5QW13VYTF,2024-01-28T16:42:09.048960722Z,01HN8F29K2Q1NKMG0XYF7TBDR3,2024-01-28T16:42:09.048960722Z,01HN8EXC332XM9EDQ5RZZEMDAG,2024-01-28T16:42:09.048960722Z
01HN8F69RXFXPQKM942HS733X4,01HN8EWPRK0MEYJ4VNSFP8SEFG,2024-01-28T16:42:09.053419588Z,01HN8EWPS4CA1DNFF5QW13VYTF,2024-01-28T16:42:09.053419588Z,01HN8F29K2Q1NKMG0XYF7TBDR3,2024-01-28T16:42:09.053419588Z,01HN8EZPF9Y8QDNCEJD09TJH34,2024-01-28T16:42:09.053419588Z
01HN8F6K9R1DHY5D3ZG1KFRJCA,01HN8EWPRK0MEYJ4VNSFP8SEFG,2024-01-28T16:42:18.808939282Z,01HN8EWPS4CA1DNFF5QW13VYTF,2024-01-28T16:42:18.808939282Z,01HN8F29JVHS3FJSGHSQ5APNVF,2024-01-28T16:42:18.808939282Z,01HN8EX8E0ZXHD0ADS370ABMD4,2024-01-28T16:42:18.808939282Z
01HN8F6K9X52YX0830X2GM1HN8,01HN8EWPRK0MEYJ4VNSFP8SEFG,2024-01-28T16:42:18.813707497Z,01HN8EWPS4CA1DNFF5QW13VYTF,2024-01-28T16:42:18.813707497Z,01HN8F29JVHS3FJSGHSQ5APNVF,2024-01-28T16:42:18.813707497Z,01HN8EXBY8B34PCPXVKD70F5SK,2024-01-28T16:42:18.813707497Z
01HN8F6KA2RYA04ZH1Q1Q3ZJVY,01HN8EWPRK0MEYJ4VNSFP8SEFG,2024-01-28T16:42:18.818189718Z,01HN8EWPS4CA1DNFF5QW13VYTF,2024-01-28T16:42:18.818189718Z,01HN8F29JVHS3FJSGHSQ5APNVF,2024-01-28T16:42:18.818189718Z,01HN8EXC332XM9EDQ5RZZEMDAG,2024-01-28T16:42:18.818189718Z
01HN8F6KA5D9YDDKXPXM0BZT5B,01HN8EWPRK0MEYJ4VNSFP8SEFG,2024-01-28T16:42:18.821958238Z,01HN8EWPS4CA1DNFF5QW13VYTF,2024-01-28T16:42:18.821958238Z,01HN8F29JVHS3FJSGHSQ5APNVF,2024-01-28T16:42:18.821958238Z,01HN8EZPF9Y8QDNCEJD09TJH34,2024-01-28T16:42:18.821958238Z
01HN8F6VTX6A1EGEMA5ANRY7JD,01HN8EWPRK0MEYJ4VNSFP8SEFG,2024-01-28T16:42:27.549572611Z,01HN8EWPS4CA1DNFF5QW13VYTF,2024-01-28T16:42:27.549572611Z,01HN8F29K0MAWNCYDKBFPM49QQ,2024-01-28T16:42:27.549572611Z,01HN8EX8E0ZXHD0ADS370ABMD4,2024-01-28T16:42:27.549572611Z
01HN8F6VV2BCRHEA9P81NZR32Q,01HN8EWPRK0MEYJ4VNSFP8SEFG,2024-01-28T16:42:27.554922344Z,01HN8EWPS4CA1DNFF5QW13VYTF,2024-01-28T16:42:27.554922344Z,01HN8F29K0MAWNCYDKBFPM49QQ,2024-01-28T16:42:27.554922344Z,01HN8EXBY8B34PCPXVKD70F5SK,2024-01-28T16:42:27.554922344Z
01HN8F6VV8BST3CTNBYAT0BEJG,01HN8EWPRK0MEYJ4VNSFP8SEFG,2024-01-28T16:42:27.560040281Z,01HN8EWPS4CA1DNFF5QW13VYTF,2024-01-28T16:42:27.560040281Z,01HN8F29K0MAWNCYDKBFPM49QQ,2024-01-28T16:42:27.560040281Z,01HN8EXC332XM9EDQ5RZZEMDAG,2024-01-28T16:42:27.560040281Z
01HN8F6VVC612RRA773W2V033Q,01HN8EWPRK0MEYJ4VNSFP8SEFG,2024-01-28T16:42:27.564320121Z,01HN8EWPS4CA1DNFF5QW13VYTF,2024-01-28T16:42:27.564320121Z,01HN8F29K0MAWNCYDKBFPM49QQ,2024-01-28T16:42:27.564320121Z,01HN8EZPF9Y8QDNCEJD09TJH34,2024-01-28T16:42:27.564320121Z
