﻿id,stageID,stageIDLastChangedAt,playerID,playerIDLastChangedAt,guess,guessLastChangedAt,submit,submitLastChangedAt,batchID,batchIDLastChangedAt,gameID,gameIDLastChangedAt,roundID,roundIDLastChangedAt
01HN8F29VN8T9BDXQSFH6FY9DR,01HN8F29MHF4CPFD17QXNV4W56,2024-01-28T16:39:58.069416679Z,01HN8EX8E0ZXHD0ADS370ABMD4,2024-01-28T16:39:58.069416679Z,100,2024-01-28T16:40:16.162792116Z,true,2024-01-28T16:40:16.163624333Z,01HN8EWPRK0MEYJ4VNSFP8SEFG,2024-01-28T16:39:58.069416679Z,01HN8EWPS4CA1DNFF5QW13VYTF,2024-01-28T16:39:58.069416679Z,01HN8F29JQ9XF6VX8AGJSKA4XG,2024-01-28T16:39:58.069416679Z
01HN8F29VSNRG9YRGH8DET4QGT,01HN8F29MHF4CPFD17QXNV4W56,2024-01-28T16:39:58.073323145Z,01HN8EXBY8B34PCPXVKD70F5SK,2024-01-28T16:39:58.073323145Z,,,,,01HN8EWPRK0MEYJ4VNSFP8SEFG,2024-01-28T16:39:58.073323145Z,01HN8EWPS4CA1DNFF5QW13VYTF,2024-01-28T16:39:58.073323145Z,01HN8F29JQ9XF6VX8AGJSKA4XG,2024-01-28T16:39:58.073323145Z
01HN8F29W0VVFF8ARCCKKJ5W8P,01HN8F29MHF4CPFD17QXNV4W56,2024-01-28T16:39:58.080549236Z,01HN8EXC332XM9EDQ5RZZEMDAG,2024-01-28T16:39:58.080549236Z,50,2024-01-28T16:40:11.11697437Z,true,2024-01-28T16:40:11.26549841Z,01HN8EWPRK0MEYJ4VNSFP8SEFG,2024-01-28T16:39:58.080549236Z,01HN8EWPS4CA1DNFF5QW13VYTF,2024-01-28T16:39:58.080549236Z,01HN8F29JQ9XF6VX8AGJSKA4XG,2024-01-28T16:39:58.080549236Z
01HN8F29W4FVPWGM62HNNSJ2W2,01HN8F29MHF4CPFD17QXNV4W56,2024-01-28T16:39:58.084581262Z,01HN8EZPF9Y8QDNCEJD09TJH34,2024-01-28T16:39:58.084581262Z,97,2024-01-28T16:40:10.717627041Z,true,2024-01-28T16:40:10.722337117Z,01HN8EWPRK0MEYJ4VNSFP8SEFG,2024-01-28T16:39:58.084581262Z,01HN8EWPS4CA1DNFF5QW13VYTF,2024-01-28T16:39:58.084581262Z,01HN8F29JQ9XF6VX8AGJSKA4XG,2024-01-28T16:39:58.084581262Z
01HN8F3784XBDQPFF1J89B6NR8,01HN8F29MS48RET7VXTH2MFNPJ,2024-01-28T16:40:28.164099136Z,01HN8EX8E0ZXHD0ADS370ABMD4,2024-01-28T16:40:28.164099136Z,100,2024-01-28T16:40:58.208131982Z,true,2024-01-28T16:40:58.208718829Z,01HN8EWPRK0MEYJ4VNSFP8SEFG,2024-01-28T16:40:28.164099136Z,01HN8EWPS4CA1DNFF5QW13VYTF,2024-01-28T16:40:28.164099136Z,01HN8F29JR0B8B6BV930EWTMG9,2024-01-28T16:40:28.164099136Z
01HN8F37877YG5S2RBH3948HA6,01HN8F29MS48RET7VXTH2MFNPJ,2024-01-28T16:40:28.16778693Z,01HN8EXBY8B34PCPXVKD70F5SK,2024-01-28T16:40:28.16778693Z,94,2024-01-28T16:40:47.728618811Z,true,2024-01-28T16:40:47.733050367Z,01HN8EWPRK0MEYJ4VNSFP8SEFG,2024-01-28T16:40:28.16778693Z,01HN8EWPS4CA1DNFF5QW13VYTF,2024-01-28T16:40:28.16778693Z,01HN8F29JR0B8B6BV930EWTMG9,2024-01-28T16:40:28.16778693Z
01HN8F378BQ1NDZJGYR8XCRVMH,01HN8F29MS48RET7VXTH2MFNPJ,2024-01-28T16:40:28.171560664Z,01HN8EXC332XM9EDQ5RZZEMDAG,2024-01-28T16:40:28.171560664Z,75,2024-01-28T16:40:47.790370035Z,true,2024-01-28T16:40:47.793339494Z,01HN8EWPRK0MEYJ4VNSFP8SEFG,2024-01-28T16:40:28.171560664Z,01HN8EWPS4CA1DNFF5QW13VYTF,2024-01-28T16:40:28.171560664Z,01HN8F29JR0B8B6BV930EWTMG9,2024-01-28T16:40:28.171560664Z
01HN8F378FWMZ0BKXC03F3KB6W,01HN8F29MS48RET7VXTH2MFNPJ,2024-01-28T16:40:28.175244934Z,01HN8EZPF9Y8QDNCEJD09TJH34,2024-01-28T16:40:28.175244934Z,100,2024-01-28T16:40:36.726836085Z,true,2024-01-28T16:40:36.728742966Z,01HN8EWPRK0MEYJ4VNSFP8SEFG,2024-01-28T16:40:28.175244934Z,01HN8EWPS4CA1DNFF5QW13VYTF,2024-01-28T16:40:28.175244934Z,01HN8F29JR0B8B6BV930EWTMG9,2024-01-28T16:40:28.175244934Z
01HN8F44MH5TZ5QNY8A726E20T,01HN8F29MTFXWE85ZSB60CB0CN,2024-01-28T16:40:58.257361838Z,01HN8EX8E0ZXHD0ADS370ABMD4,2024-01-28T16:40:58.257361838Z,94,2024-01-28T16:41:08.371480351Z,true,2024-01-28T16:41:08.378227162Z,01HN8EWPRK0MEYJ4VNSFP8SEFG,2024-01-28T16:40:58.257361838Z,01HN8EWPS4CA1DNFF5QW13VYTF,2024-01-28T16:40:58.257361838Z,01HN8F29JQ9XF6VX8AH6PJRQCE,2024-01-28T16:40:58.257361838Z
01HN8F44MP3G1YGZ7H8STNWEBA,01HN8F29MTFXWE85ZSB60CB0CN,2024-01-28T16:40:58.262151043Z,01HN8EXBY8B34PCPXVKD70F5SK,2024-01-28T16:40:58.262151043Z,75,2024-01-28T16:41:20.475421992Z,true,2024-01-28T16:41:20.483723978Z,01HN8EWPRK0MEYJ4VNSFP8SEFG,2024-01-28T16:40:58.262151043Z,01HN8EWPS4CA1DNFF5QW13VYTF,2024-01-28T16:40:58.262151043Z,01HN8F29JQ9XF6VX8AH6PJRQCE,2024-01-28T16:40:58.262151043Z
01HN8F44MV1Y58P3F97FRQNPDH,01HN8F29MTFXWE85ZSB60CB0CN,2024-01-28T16:40:58.267532894Z,01HN8EXC332XM9EDQ5RZZEMDAG,2024-01-28T16:40:58.267532894Z,50,2024-01-28T16:41:11.477374534Z,true,2024-01-28T16:41:11.479808846Z,01HN8EWPRK0MEYJ4VNSFP8SEFG,2024-01-28T16:40:58.267532894Z,01HN8EWPS4CA1DNFF5QW13VYTF,2024-01-28T16:40:58.267532894Z,01HN8F29JQ9XF6VX8AH6PJRQCE,2024-01-28T16:40:58.267532894Z
01HN8F44MZAZJ0P0ZRCZCPVBRM,01HN8F29MTFXWE85ZSB60CB0CN,2024-01-28T16:40:58.27161427Z,01HN8EZPF9Y8QDNCEJD09TJH34,2024-01-28T16:40:58.27161427Z,98,2024-01-28T16:41:04.801139777Z,true,2024-01-28T16:41:04.959535813Z,01HN8EWPRK0MEYJ4VNSFP8SEFG,2024-01-28T16:40:58.27161427Z,01HN8EWPS4CA1DNFF5QW13VYTF,2024-01-28T16:40:58.27161427Z,01HN8F29JQ9XF6VX8AH6PJRQCE,2024-01-28T16:40:58.27161427Z
01HN8F4TDGYY9YYHSRV44P8BES,01HN8F29MRA78131MM2882Z6F4,2024-01-28T16:41:20.560410108Z,01HN8EX8E0ZXHD0ADS370ABMD4,2024-01-28T16:41:20.560410108Z,97,2024-01-28T16:41:26.432838483Z,true,2024-01-28T16:41:26.437440833Z,01HN8EWPRK0MEYJ4VNSFP8SEFG,2024-01-28T16:41:20.560410108Z,01HN8EWPS4CA1DNFF5QW13VYTF,2024-01-28T16:41:20.560410108Z,01HN8F29JTKAV9MGNFNABW1VH2,2024-01-28T16:41:20.560410108Z
01HN8F4TDNM0YPP1T2SF91YWR8,01HN8F29MRA78131MM2882Z6F4,2024-01-28T16:41:20.56537434Z,01HN8EXBY8B34PCPXVKD70F5SK,2024-01-28T16:41:20.56537434Z,94,2024-01-28T16:41:34.812741585Z,true,2024-01-28T16:41:34.817275706Z,01HN8EWPRK0MEYJ4VNSFP8SEFG,2024-01-28T16:41:20.56537434Z,01HN8EWPS4CA1DNFF5QW13VYTF,2024-01-28T16:41:20.56537434Z,01HN8F29JTKAV9MGNFNABW1VH2,2024-01-28T16:41:20.56537434Z
01HN8F4TDSCZNW3XHVB4SY158P,01HN8F29MRA78131MM2882Z6F4,2024-01-28T16:41:20.56972197Z,01HN8EXC332XM9EDQ5RZZEMDAG,2024-01-28T16:41:20.56972197Z,50,2024-01-28T16:41:32.477452991Z,true,2024-01-28T16:41:32.480390706Z,01HN8EWPRK0MEYJ4VNSFP8SEFG,2024-01-28T16:41:20.56972197Z,01HN8EWPS4CA1DNFF5QW13VYTF,2024-01-28T16:41:20.56972197Z,01HN8F29JTKAV9MGNFNABW1VH2,2024-01-28T16:41:20.56972197Z
01HN8F4TDZJ907Z1SB3K7S0CP4,01HN8F29MRA78131MM2882Z6F4,2024-01-28T16:41:20.575444728Z,01HN8EZPF9Y8QDNCEJD09TJH34,2024-01-28T16:41:20.575444728Z,100,2024-01-28T16:41:28.134981469Z,true,2024-01-28T16:41:28.147689182Z,01HN8EWPRK0MEYJ4VNSFP8SEFG,2024-01-28T16:41:20.575444728Z,01HN8EWPS4CA1DNFF5QW13VYTF,2024-01-28T16:41:20.575444728Z,01HN8F29JTKAV9MGNFNABW1VH2,2024-01-28T16:41:20.575444728Z
01HN8F58D4WG16JGPJ699Q6ANF,01HN8F29MP0Y6QY1BPK9P9WEYH,2024-01-28T16:41:34.885230311Z,01HN8EX8E0ZXHD0ADS370ABMD4,2024-01-28T16:41:34.885230311Z,99,2024-01-28T16:41:54.928389784Z,true,2024-01-28T16:41:54.927633253Z,01HN8EWPRK0MEYJ4VNSFP8SEFG,2024-01-28T16:41:34.885230311Z,01HN8EWPS4CA1DNFF5QW13VYTF,2024-01-28T16:41:34.885230311Z,01HN8F29JPAZ6Z23G2SXDBMW6V,2024-01-28T16:41:34.885230311Z
01HN8F58DAD5H9GEXA03A9BERC,01HN8F29MP0Y6QY1BPK9P9WEYH,2024-01-28T16:41:34.890130108Z,01HN8EXBY8B34PCPXVKD70F5SK,2024-01-28T16:41:34.890130108Z,81,2024-01-28T16:41:47.08279268Z,true,2024-01-28T16:41:47.091132128Z,01HN8EWPRK0MEYJ4VNSFP8SEFG,2024-01-28T16:41:34.890130108Z,01HN8EWPS4CA1DNFF5QW13VYTF,2024-01-28T16:41:34.890130108Z,01HN8F29JPAZ6Z23G2SXDBMW6V,2024-01-28T16:41:34.890130108Z
01HN8F58DEHJVBP27MYNPZ6SYA,01HN8F29MP0Y6QY1BPK9P9WEYH,2024-01-28T16:41:34.894323435Z,01HN8EXC332XM9EDQ5RZZEMDAG,2024-01-28T16:41:34.894323435Z,50,2024-01-28T16:41:44.889057451Z,true,2024-01-28T16:41:44.893730943Z,01HN8EWPRK0MEYJ4VNSFP8SEFG,2024-01-28T16:41:34.894323435Z,01HN8EWPS4CA1DNFF5QW13VYTF,2024-01-28T16:41:34.894323435Z,01HN8F29JPAZ6Z23G2SXDBMW6V,2024-01-28T16:41:34.894323435Z
01HN8F58DJFEH3JBHPZP526PKY,01HN8F29MP0Y6QY1BPK9P9WEYH,2024-01-28T16:41:34.898040663Z,01HN8EZPF9Y8QDNCEJD09TJH34,2024-01-28T16:41:34.898040663Z,100,2024-01-28T16:41:40.695298123Z,true,2024-01-28T16:41:40.703993611Z,01HN8EWPRK0MEYJ4VNSFP8SEFG,2024-01-28T16:41:34.898040663Z,01HN8EWPS4CA1DNFF5QW13VYTF,2024-01-28T16:41:34.898040663Z,01HN8F29JPAZ6Z23G2SXDBMW6V,2024-01-28T16:41:34.898040663Z
01HN8F5PBTF3ZMM7CGJ3EVH1YJ,01HN8F5P0Z9T672XCQ7KX3B9JE,2024-01-28T16:41:49.178986652Z,01HN8EX5JH76BMZ2V6CHEZZ8S3,2024-01-28T16:41:49.178986652Z,,,,,01HN8EWPRK0MEYJ4VNSFP8SEFG,2024-01-28T16:41:49.178986652Z,01HN8EWPS4CA1DNFF5QJ2SG59J,2024-01-28T16:41:49.178986652Z,01HN8F5NXJEAW5FN01SEVX4ZGJ,2024-01-28T16:41:49.178986652Z
01HN8F5PBZQ8ZEMB9RMGRGFJ44,01HN8F5P0Z9T672XCQ7KX3B9JE,2024-01-28T16:41:49.183035934Z,01HN8EXVDHZWDJ6MD6T5XP9JPP,2024-01-28T16:41:49.183035934Z,,,,,01HN8EWPRK0MEYJ4VNSFP8SEFG,2024-01-28T16:41:49.183035934Z,01HN8EWPS4CA1DNFF5QJ2SG59J,2024-01-28T16:41:49.183035934Z,01HN8F5NXJEAW5FN01SEVX4ZGJ,2024-01-28T16:41:49.183035934Z
01HN8F5PC2YAAESNPGMZ7HN4QC,01HN8F5P0Z9T672XCQ7KX3B9JE,2024-01-28T16:41:49.186936583Z,01HN8EY156DWTHVY19964H0SE5,2024-01-28T16:41:49.186936583Z,,,,,01HN8EWPRK0MEYJ4VNSFP8SEFG,2024-01-28T16:41:49.186936583Z,01HN8EWPS4CA1DNFF5QJ2SG59J,2024-01-28T16:41:49.186936583Z,01HN8F5NXJEAW5FN01SEVX4ZGJ,2024-01-28T16:41:49.186936583Z
01HN8F5PC6XTQ11GCFD60MJJ17,01HN8F5P0Z9T672XCQ7KX3B9JE,2024-01-28T16:41:49.190334852Z,01HN8EYNYYGW935CMKGY8A003X,2024-01-28T16:41:49.190334852Z,,,,,01HN8EWPRK0MEYJ4VNSFP8SEFG,2024-01-28T16:41:49.190334852Z,01HN8EWPS4CA1DNFF5QJ2SG59J,2024-01-28T16:41:49.190334852Z,01HN8F5NXJEAW5FN01SEVX4ZGJ,2024-01-28T16:41:49.190334852Z
01HN8F5W140CPVGQY7TQ53N4WJ,01HN8F29MRA78131MM2WHFX3RP,2024-01-28T16:41:54.980946875Z,01HN8EX8E0ZXHD0ADS370ABMD4,2024-01-28T16:41:54.980946875Z,76,2024-01-28T16:42:08.997381637Z,true,2024-01-28T16:42:08.999218909Z,01HN8EWPRK0MEYJ4VNSFP8SEFG,2024-01-28T16:41:54.980946875Z,01HN8EWPS4CA1DNFF5QW13VYTF,2024-01-28T16:41:54.980946875Z,01HN8F29JZDAYVEK44HXHDRNFN,2024-01-28T16:41:54.980946875Z
01HN8F5W18T8HYSG5G3AK5DK2A,01HN8F29MRA78131MM2WHFX3RP,2024-01-28T16:41:54.98471771Z,01HN8EXBY8B34PCPXVKD70F5SK,2024-01-28T16:41:54.98471771Z,98,2024-01-28T16:42:07.434278907Z,true,2024-01-28T16:42:07.439062563Z,01HN8EWPRK0MEYJ4VNSFP8SEFG,2024-01-28T16:41:54.98471771Z,01HN8EWPS4CA1DNFF5QW13VYTF,2024-01-28T16:41:54.98471771Z,01HN8F29JZDAYVEK44HXHDRNFN,2024-01-28T16:41:54.98471771Z
01HN8F5W1CQY8M8KACWM4DS5S0,01HN8F29MRA78131MM2WHFX3RP,2024-01-28T16:41:54.98861895Z,01HN8EXC332XM9EDQ5RZZEMDAG,2024-01-28T16:41:54.98861895Z,50,2024-01-28T16:42:04.125624573Z,true,2024-01-28T16:42:04.131364798Z,01HN8EWPRK0MEYJ4VNSFP8SEFG,2024-01-28T16:41:54.98861895Z,01HN8EWPS4CA1DNFF5QW13VYTF,2024-01-28T16:41:54.98861895Z,01HN8F29JZDAYVEK44HXHDRNFN,2024-01-28T16:41:54.98861895Z
01HN8F5W1GA2BAP7VVG86FPGD8,01HN8F29MRA78131MM2WHFX3RP,2024-01-28T16:41:54.992356783Z,01HN8EZPF9Y8QDNCEJD09TJH34,2024-01-28T16:41:54.992356783Z,99,2024-01-28T16:41:59.877788161Z,true,2024-01-28T16:41:59.886966363Z,01HN8EWPRK0MEYJ4VNSFP8SEFG,2024-01-28T16:41:54.992356783Z,01HN8EWPS4CA1DNFF5QW13VYTF,2024-01-28T16:41:54.992356783Z,01HN8F29JZDAYVEK44HXHDRNFN,2024-01-28T16:41:54.992356783Z
01HN8F69SGC0A78M2FX7AARMVH,01HN8F29MTFXWE85ZSAR1DM5DW,2024-01-28T16:42:09.072915271Z,01HN8EX8E0ZXHD0ADS370ABMD4,2024-01-28T16:42:09.072915271Z,98,2024-01-28T16:42:13.665546506Z,true,2024-01-28T16:42:13.673972918Z,01HN8EWPRK0MEYJ4VNSFP8SEFG,2024-01-28T16:42:09.072915271Z,01HN8EWPS4CA1DNFF5QW13VYTF,2024-01-28T16:42:09.072915271Z,01HN8F29K2Q1NKMG0XYF7TBDR3,2024-01-28T16:42:09.072915271Z
01HN8F69SM7XPXJYB4DS16VZQA,01HN8F29MTFXWE85ZSAR1DM5DW,2024-01-28T16:42:09.076892293Z,01HN8EXBY8B34PCPXVKD70F5SK,2024-01-28T16:42:09.076892293Z,76,2024-01-28T16:42:18.761854246Z,true,2024-01-28T16:42:18.770341999Z,01HN8EWPRK0MEYJ4VNSFP8SEFG,2024-01-28T16:42:09.076892293Z,01HN8EWPS4CA1DNFF5QW13VYTF,2024-01-28T16:42:09.076892293Z,01HN8F29K2Q1NKMG0XYF7TBDR3,2024-01-28T16:42:09.076892293Z
01HN8F69SS3BPTS5AKB95BQNP0,01HN8F29MTFXWE85ZSAR1DM5DW,2024-01-28T16:42:09.081166045Z,01HN8EXC332XM9EDQ5RZZEMDAG,2024-01-28T16:42:09.081166045Z,75,2024-01-28T16:42:18.609098047Z,true,2024-01-28T16:42:18.611690467Z,01HN8EWPRK0MEYJ4VNSFP8SEFG,2024-01-28T16:42:09.081166045Z,01HN8EWPS4CA1DNFF5QW13VYTF,2024-01-28T16:42:09.081166045Z,01HN8F29K2Q1NKMG0XYF7TBDR3,2024-01-28T16:42:09.081166045Z
01HN8F69SXDDJ1JP6N2V7VMYFQ,01HN8F29MTFXWE85ZSAR1DM5DW,2024-01-28T16:42:09.085262058Z,01HN8EZPF9Y8QDNCEJD09TJH34,2024-01-28T16:42:09.085262058Z,100,2024-01-28T16:42:16.977413835Z,true,2024-01-28T16:42:17.139945818Z,01HN8EWPRK0MEYJ4VNSFP8SEFG,2024-01-28T16:42:09.085262058Z,01HN8EWPS4CA1DNFF5QW13VYTF,2024-01-28T16:42:09.085262058Z,01HN8F29K2Q1NKMG0XYF7TBDR3,2024-01-28T16:42:09.085262058Z
01HN8F6KAV3QDHM3ZF1B3QF23D,01HN8F29MMXA5XYFZ0GR6XSWY7,2024-01-28T16:42:18.843724629Z,01HN8EX8E0ZXHD0ADS370ABMD4,2024-01-28T16:42:18.843724629Z,78,2024-01-28T16:42:23.995546751Z,true,2024-01-28T16:42:24.003359403Z,01HN8EWPRK0MEYJ4VNSFP8SEFG,2024-01-28T16:42:18.843724629Z,01HN8EWPS4CA1DNFF5QW13VYTF,2024-01-28T16:42:18.843724629Z,01HN8F29JVHS3FJSGHSQ5APNVF,2024-01-28T16:42:18.843724629Z
01HN8F6KB17KGEP8W0JZNWQTME,01HN8F29MMXA5XYFZ0GR6XSWY7,2024-01-28T16:42:18.849172179Z,01HN8EXBY8B34PCPXVKD70F5SK,2024-01-28T16:42:18.849172179Z,92,2024-01-28T16:42:26.012605362Z,true,2024-01-28T16:42:26.017226332Z,01HN8EWPRK0MEYJ4VNSFP8SEFG,2024-01-28T16:42:18.849172179Z,01HN8EWPS4CA1DNFF5QW13VYTF,2024-01-28T16:42:18.849172179Z,01HN8F29JVHS3FJSGHSQ5APNVF,2024-01-28T16:42:18.849172179Z
01HN8F6KB58S9BRR0PPZN9EEV7,01HN8F29MMXA5XYFZ0GR6XSWY7,2024-01-28T16:42:18.853265857Z,01HN8EXC332XM9EDQ5RZZEMDAG,2024-01-28T16:42:18.853265857Z,75,2024-01-28T16:42:27.506751387Z,true,2024-01-28T16:42:27.511071381Z,01HN8EWPRK0MEYJ4VNSFP8SEFG,2024-01-28T16:42:18.853265857Z,01HN8EWPS4CA1DNFF5QW13VYTF,2024-01-28T16:42:18.853265857Z,01HN8F29JVHS3FJSGHSQ5APNVF,2024-01-28T16:42:18.853265857Z
01HN8F6KBAKK9M9FKRMQK1N4FT,01HN8F29MMXA5XYFZ0GR6XSWY7,2024-01-28T16:42:18.858187117Z,01HN8EZPF9Y8QDNCEJD09TJH34,2024-01-28T16:42:18.858187117Z,100,2024-01-28T16:42:24.187392696Z,true,2024-01-28T16:42:24.189295982Z,01HN8EWPRK0MEYJ4VNSFP8SEFG,2024-01-28T16:42:18.858187117Z,01HN8EWPS4CA1DNFF5QW13VYTF,2024-01-28T16:42:18.858187117Z,01HN8F29JVHS3FJSGHSQ5APNVF,2024-01-28T16:42:18.858187117Z
01HN8F6KPMZX1XEVFA1TBGFX53,01HN8F5P17JBQRRG7QA143P8H5,2024-01-28T16:42:19.221006362Z,01HN8EX5JH76BMZ2V6CHEZZ8S3,2024-01-28T16:42:19.221006362Z,,,,,01HN8EWPRK0MEYJ4VNSFP8SEFG,2024-01-28T16:42:19.221006362Z,01HN8EWPS4CA1DNFF5QJ2SG59J,2024-01-28T16:42:19.221006362Z,01HN8F5NXJEAW5FN01SEVX4ZGJ,2024-01-28T16:42:19.221006362Z
01HN8F6KPR6D84XG3T7MPDBY07,01HN8F5P17JBQRRG7QA143P8H5,2024-01-28T16:42:19.22472935Z,01HN8EXVDHZWDJ6MD6T5XP9JPP,2024-01-28T16:42:19.22472935Z,80,2024-01-28T16:42:28.158820635Z,true,2024-01-28T16:42:28.159685964Z,01HN8EWPRK0MEYJ4VNSFP8SEFG,2024-01-28T16:42:19.22472935Z,01HN8EWPS4CA1DNFF5QJ2SG59J,2024-01-28T16:42:19.22472935Z,01HN8F5NXJEAW5FN01SEVX4ZGJ,2024-01-28T16:42:19.22472935Z
01HN8F6KPW5HJZQDEKV6H5RNYG,01HN8F5P17JBQRRG7QA143P8H5,2024-01-28T16:42:19.228594654Z,01HN8EY156DWTHVY19964H0SE5,2024-01-28T16:42:19.228594654Z,,,,,01HN8EWPRK0MEYJ4VNSFP8SEFG,2024-01-28T16:42:19.228594654Z,01HN8EWPS4CA1DNFF5QJ2SG59J,2024-01-28T16:42:19.228594654Z,01HN8F5NXJEAW5FN01SEVX4ZGJ,2024-01-28T16:42:19.228594654Z
01HN8F6KQ077M9GC4VF2CM800W,01HN8F5P17JBQRRG7QA143P8H5,2024-01-28T16:42:19.232123974Z,01HN8EYNYYGW935CMKGY8A003X,2024-01-28T16:42:19.232123974Z,75,2024-01-28T16:42:33.398717677Z,true,2024-01-28T16:42:33.400330178Z,01HN8EWPRK0MEYJ4VNSFP8SEFG,2024-01-28T16:42:19.232123974Z,01HN8EWPS4CA1DNFF5QJ2SG59J,2024-01-28T16:42:19.232123974Z,01HN8F5NXJEAW5FN01SEVX4ZGJ,2024-01-28T16:42:19.232123974Z
01HN8F6VW1AB8RGWSV92C37WPS,01HN8F29MQXW98F091SA9RED0T,2024-01-28T16:42:27.585809754Z,01HN8EX8E0ZXHD0ADS370ABMD4,2024-01-28T16:42:27.585809754Z,,,,,01HN8EWPRK0MEYJ4VNSFP8SEFG,2024-01-28T16:42:27.585809754Z,01HN8EWPS4CA1DNFF5QW13VYTF,2024-01-28T16:42:27.585809754Z,01HN8F29K0MAWNCYDKBFPM49QQ,2024-01-28T16:42:27.585809754Z
01HN8F6VW6CS9CW539KDQZJ8B3,01HN8F29MQXW98F091SA9RED0T,2024-01-28T16:42:27.590694533Z,01HN8EXBY8B34PCPXVKD70F5SK,2024-01-28T16:42:27.590694533Z,,,,,01HN8EWPRK0MEYJ4VNSFP8SEFG,2024-01-28T16:42:27.590694533Z,01HN8EWPS4CA1DNFF5QW13VYTF,2024-01-28T16:42:27.590694533Z,01HN8F29K0MAWNCYDKBFPM49QQ,2024-01-28T16:42:27.590694533Z
01HN8F6VWAAH567DXTK2MSQZEM,01HN8F29MQXW98F091SA9RED0T,2024-01-28T16:42:27.59476902Z,01HN8EXC332XM9EDQ5RZZEMDAG,2024-01-28T16:42:27.59476902Z,,,,,01HN8EWPRK0MEYJ4VNSFP8SEFG,2024-01-28T16:42:27.59476902Z,01HN8EWPS4CA1DNFF5QW13VYTF,2024-01-28T16:42:27.59476902Z,01HN8F29K0MAWNCYDKBFPM49QQ,2024-01-28T16:42:27.59476902Z
01HN8F6VWEB2K4JSTRNNB8CW5B,01HN8F29MQXW98F091SA9RED0T,2024-01-28T16:42:27.598923515Z,01HN8EZPF9Y8QDNCEJD09TJH34,2024-01-28T16:42:27.598923515Z,100,2024-01-28T16:42:31.998470276Z,true,2024-01-28T16:42:32.158717758Z,01HN8EWPRK0MEYJ4VNSFP8SEFG,2024-01-28T16:42:27.598923515Z,01HN8EWPS4CA1DNFF5QW13VYTF,2024-01-28T16:42:27.598923515Z,01HN8F29K0MAWNCYDKBFPM49QQ,2024-01-28T16:42:27.598923515Z
